{
"type": "FeatureCollection",
"name": "got_water",
"features": [
{ "type": "Feature", "properties": { "id": 13, "name": "Saltspear", "type": "bay", "size": 2 }, "geometry": { "type": "MultiPolygon", "coordinates": [ [ [ [ 7.878738142533044, 20.507520523058748 ], [ 7.902210838667094, 20.46448724681299 ], [ 7.915557308675272, 20.357605806893716 ], [ 7.938397911873755, 20.30751359141653 ], [ 7.981431188119514, 20.262524257159601 ], [ 7.97911903177123, 20.196172054832473 ], [ 7.99512359419771, 20.162765298589889 ], [ 8.047937160499323, 20.131468370411152 ], [ 8.104662842823277, 20.115819906321786 ], [ 8.151992593833928, 20.135432695188822 ], [ 8.208333917415333, 20.156897124556377 ], [ 8.323166617107027, 20.15380115267784 ], [ 8.366774616320171, 20.111907790299444 ], [ 8.38633519643188, 20.061050282009003 ], [ 8.45903638658428, 20.010383062674073 ], [ 8.523259257213839, 20.027797295819099 ], [ 8.566292533459597, 20.068874514053686 ], [ 8.619106099761211, 20.098215384221248 ], [ 8.740697156533924, 20.112071403018184 ], [ 8.787419740875194, 20.079365593979301 ], [ 8.866848134255353, 20.135432695188825 ], [ 8.917404946464766, 20.149561907014483 ], [ 8.974130628788719, 20.104572572757554 ], [ 9.028900253101503, 20.055671122478284 ], [ 9.1364834437159, 20.073275644578821 ], [ 9.212769706151564, 20.122177094858092 ], [ 9.236242402285614, 20.167166429115021 ], [ 9.326221070799471, 20.174990661159704 ], [ 9.373166463067573, 20.159342197070337 ], [ 9.46118907357026, 20.208243647349608 ], [ 9.519870813905387, 20.263013271662395 ], [ 9.641268126610624, 20.279962870127282 ], [ 9.748730070595546, 20.289307386995535 ], [ 9.832830722409831, 20.251929319522521 ], [ 9.944964924828877, 20.279962870127282 ], [ 10.0010320260384, 20.34537448820506 ], [ 10.159888812798718, 20.476197724360617 ], [ 10.295384307388399, 20.513575791833631 ], [ 10.457836188245674, 20.484804897966445 ], [ 10.546697323312848, 20.442306094238663 ], [ 10.678057262107803, 20.473214315131596 ], [ 10.753725826644541, 20.561410461109595 ], [ 10.867370115077003, 20.53116722930584 ], [ 11.017917045072531, 20.546313820056568 ], [ 11.244366660867952, 20.440637332685373 ], [ 11.439756260775409, 20.42759243209257 ], [ 11.440205296420181, 20.427562452885123 ], [ 11.442062603653177, 20.427438452486758 ], [ 11.458138214949626, 20.426365187832804 ], [ 11.508715698605315, 20.422988456180583 ], [ 11.606686046140625, 20.402895730052801 ], [ 11.570532140391176, 20.341854376336638 ], [ 11.388946342645209, 20.337990848725024 ], [ 11.289656584027036, 20.319864204261147 ], [ 11.184179379229544, 20.291628517385629 ], [ 11.092010527413715, 20.305617571785575 ], [ 11.019000257413101, 20.316698806049338 ], [ 10.930067472404092, 20.265211404202017 ], [ 10.915696350011157, 20.247469779850007 ], [ 10.866574744061692, 20.186827537964216 ], [ 10.79181860911566, 20.186827537964216 ], [ 10.773493117329121, 20.200571656804122 ], [ 10.717062474169628, 20.242894639173741 ], [ 10.646978597657725, 20.247566897607872 ], [ 10.506810844633916, 20.163466245793582 ], [ 10.453972660634058, 20.098452136804813 ], [ 10.4509291309778, 20.094191195286051 ], [ 10.415337384517896, 20.044362750242183 ], [ 10.318749194227486, 19.99413689129117 ], [ 10.221803080152171, 20.018626234335649 ], [ 10.164208089762834, 20.086861553969964 ], [ 10.100885468449439, 20.093414588465727 ], [ 9.83194471516383, 20.094588609193195 ], [ 9.783856006335851, 20.055672985833155 ], [ 9.7114717924293, 19.954865652803136 ], [ 9.7063800677863, 19.947774559951775 ], [ 9.5170672148171, 19.928456921893694 ], [ 9.500099792234016, 19.928456921893694 ], [ 9.405024914080226, 19.928456921893694 ], [ 9.323890834236284, 19.92072986667046 ], [ 9.309603277723602, 19.904656365593691 ], [ 9.262074392450423, 19.851186369661367 ], [ 9.138441508878699, 19.800960510710354 ], [ 9.058410730054558, 19.714929436117394 ], [ 9.007081570083745, 19.669600571915399 ], [ 8.879585158900406, 19.669600571915399 ], [ 8.722008122797416, 19.635501042737232 ], [ 8.697999361154439, 19.68891820997348 ], [ 8.614546178812496, 19.724273952985644 ], [ 8.581840369773607, 19.7850133126293 ], [ 8.634251155562769, 19.820278148768438 ], [ 8.529935910049128, 19.831868731603286 ], [ 8.452665357816802, 19.785506400263888 ], [ 8.359940695138009, 19.739144068924492 ], [ 8.286533670517299, 19.727553486089644 ], [ 8.228580756343055, 19.685054682361866 ], [ 8.166764314557193, 19.704372320419946 ], [ 8.128129038441029, 19.76232523459419 ], [ 8.077903179490018, 19.781642872652274 ], [ 8.000632627257691, 19.781642872652274 ], [ 7.907907964578899, 19.828005203991669 ], [ 7.82291035712334, 19.785506400263888 ], [ 7.726322166832932, 19.754598179370959 ], [ 7.614279866096059, 19.739144068924492 ], [ 7.537009313863733, 19.789369927875505 ], [ 7.401785847457161, 19.750734651759341 ], [ 7.310992948584177, 19.766188762205807 ], [ 7.334174114253876, 19.658009989080551 ], [ 7.210541230682153, 19.580739436848223 ], [ 7.133270678449827, 19.489946537975239 ], [ 7.102362457556896, 19.420403040966146 ], [ 7.02509190532457, 19.397221875296449 ], [ 6.636063194710405, 19.942040911685062 ], [ 6.697479606940751, 20.030933087281618 ], [ 6.817079988652475, 20.048711522400925 ], [ 6.883345065006269, 20.06810617889472 ], [ 6.957691248232477, 20.11982526287817 ], [ 6.973853461977304, 20.165079461363685 ], [ 7.069197878092075, 20.18533341302658 ], [ 7.122721721215512, 20.180858835193217 ], [ 7.171623171494783, 20.241496633539516 ], [ 7.251415957023028, 20.255417289538485 ], [ 7.381899407695649, 20.237584517517174 ], [ 7.530559816544633, 20.249320865584199 ], [ 7.632274833125518, 20.304090489896982 ], [ 7.681559372353337, 20.357605806893716 ], [ 7.677264167382447, 20.44101455067894 ], [ 7.696656013406365, 20.493475576370969 ], [ 7.812232170153235, 20.491872058969381 ], [ 7.878738142533044, 20.507520523058748 ] ] ] ] } },
{ "type": "Feature", "properties": { "id": 14, "name": "Blazewater Bay", "type": "bay", "size": 2 }, "geometry": { "type": "MultiPolygon", "coordinates": [ [ [ [ 4.315008417528095, 22.924034785908486 ], [ 4.379169142003465, 22.893841503802427 ], [ 4.359287986298439, 22.79712587770355 ], [ 4.382943302266722, 22.705133490639579 ], [ 4.394265783056493, 22.622101964847925 ], [ 4.331254435693677, 22.498101337919422 ], [ 4.312565401957169, 22.320555517422601 ], [ 4.394998824637765, 22.247923138498013 ], [ 4.449768448950549, 22.150120237939468 ], [ 4.563219813598458, 22.048405221358585 ], [ 4.54365923348675, 21.919305392621308 ], [ 4.492801725196307, 21.813678260018083 ], [ 4.496713841218649, 21.68849054730315 ], [ 4.616262200175421, 21.596355460132919 ], [ 4.75100138267086, 21.508533210275431 ], [ 4.864452747318769, 21.473324166074356 ], [ 4.892160331643493, 21.401488812843009 ], [ 4.882815814775239, 21.303371385726344 ], [ 4.831420971999843, 21.205253958609678 ], [ 4.794042904526827, 21.149186857400153 ], [ 4.795788360581006, 21.057571517459486 ], [ 4.823821911185767, 20.964126348776951 ], [ 4.926611596736561, 20.875353438528538 ], [ 4.99453060506163, 20.82880305139356 ], [ 5.057124461419098, 20.731000150835019 ], [ 5.187202319161959, 20.711439570723311 ], [ 5.267400697619964, 20.674274468511065 ], [ 5.32803849596626, 20.61363667016477 ], [ 5.30456579983221, 20.566691277896666 ], [ 5.310433973865722, 20.486492899438662 ], [ 5.410192932435436, 20.464976261315783 ], [ 5.51190794901632, 20.490405015461004 ], [ 5.545160935206225, 20.449327797226417 ], [ 5.568633631340274, 20.406294520980659 ], [ 5.644919893775938, 20.382821824846609 ], [ 5.625359313664229, 20.33783249058968 ], [ 5.599930559519008, 20.300667388377434 ], [ 5.611666907586033, 20.259590170142843 ], [ 5.674177930862653, 20.192214206103653 ], [ 5.688194706165033, 20.094096778986991 ], [ 5.753606324242811, 20.033357419343339 ], [ 5.907614446879681, 20.041438526215753 ], [ 5.971796209797986, 20.01477087353679 ], [ 6.017050408283503, 19.945273354434029 ], [ 6.199683423600056, 19.951738239931959 ], [ 6.282110713698677, 19.917797591067821 ], [ 6.340294683180058, 19.840218965092649 ], [ 6.382316438916609, 19.824056751347822 ], [ 6.432419301525576, 19.838602743718166 ], [ 6.497068156504886, 19.91133270556989 ], [ 6.636063194710405, 19.942040911685062 ], [ 7.02509190532457, 19.397221875296449 ], [ 6.978729573985174, 19.36631365440352 ], [ 7.044409543382652, 19.339268961122205 ], [ 6.990320156820022, 19.20790902232725 ], [ 6.858960218025068, 19.173137273822704 ], [ 6.789416721015974, 19.08041261114391 ], [ 6.677374420279101, 19.061094973085829 ], [ 6.546014481484145, 19.034050279804514 ], [ 6.437726523198156, 18.961483956293712 ], [ 6.227474893662442, 18.882055562913553 ], [ 6.096651657506888, 18.821316203269905 ], [ 5.993861971956094, 18.816643944835782 ], [ 5.947139387614826, 18.774593618928638 ], [ 5.993530033023012, 18.705650432817126 ], [ 6.082391168090187, 18.667015156700963 ], [ 6.171252303157362, 18.601335187303487 ], [ 6.260113438224538, 18.582017549245403 ], [ 6.325793407622015, 18.570426966410555 ], [ 6.345111045680096, 18.527928162682777 ], [ 6.381659421988633, 18.49425811288102 ], [ 6.391473377019492, 18.392704696276205 ], [ 6.418518070300807, 18.34634236493681 ], [ 6.333520462845248, 18.284525923150948 ], [ 6.329656935233632, 18.234300064199935 ], [ 6.321929880010399, 18.164756567190842 ], [ 6.19443346882706, 18.145438929132759 ], [ 6.07852764047857, 18.141575401521145 ], [ 6.045256814731491, 18.204578089965153 ], [ 5.981939450188162, 18.26134475748125 ], [ 5.854443039004823, 18.284525923150948 ], [ 5.750904533381493, 18.255972932740544 ], [ 5.680820656869589, 18.326056809252449 ], [ 5.643442589396573, 18.433518753237372 ], [ 5.564014196016415, 18.550325214090542 ], [ 5.479913544202129, 18.592375539997686 ], [ 5.377123858651336, 18.573686506261179 ], [ 5.316384499007685, 18.517619405051654 ], [ 5.255596259204293, 18.51247405223631 ], [ 5.197643345030048, 18.585881076857021 ], [ 5.054738026696575, 18.657787158075465 ], [ 5.031376734525941, 18.783938135796891 ], [ 4.985149326391151, 18.898826813397942 ], [ 4.904015246547208, 18.933598561902489 ], [ 4.907878774158824, 19.018596169358048 ], [ 4.435962152530787, 19.31097796739062 ], [ 4.144241364770422, 19.697079010014633 ], [ 3.706660183129873, 20.340580747721322 ], [ 3.329139163675282, 21.095622786630503 ], [ 3.157538700286832, 21.749849553298972 ], [ 3.180258551346177, 22.29398548816442 ], [ 3.271243497220113, 22.294868530766113 ], [ 3.395182439316017, 22.298657746598547 ], [ 3.497972124866811, 22.359397106242199 ], [ 3.497972124866811, 22.434153241188227 ], [ 3.582072776681096, 22.550959702041407 ], [ 3.69887923753427, 22.53694292673902 ], [ 3.809270942251657, 22.539070439056271 ], [ 3.888528307780054, 22.62587612511118 ], [ 3.951181192977127, 22.705144230367591 ], [ 4.099881282522446, 22.807035817747519 ], [ 4.224428571209928, 22.852325740906601 ], [ 4.315008417528095, 22.924034785908486 ] ] ] ] } },
{ "type": "Feature", "properties": { "id": 17, "name": "Ironman's Bay", "type": "bay", "size": 2 }, "geometry": { "type": "MultiPolygon", "coordinates": [ [ [ [ 9.610143851479281, 11.059425419951125 ], [ 9.532553680256362, 11.329450877942286 ], [ 9.539999512632697, 11.619838340619369 ], [ 9.577228674514375, 12.051696618446826 ], [ 9.659132830654064, 12.453771566768941 ], [ 9.778266148675431, 12.863292347467391 ], [ 9.932396433065854, 13.144102435895437 ], [ 10.04381438437094, 13.141428751968746 ], [ 10.179662200209298, 13.186601239623215 ], [ 10.260796280053242, 13.244554153797461 ], [ 10.330339777062337, 13.225236515739379 ], [ 10.419200912129511, 13.221372988127763 ], [ 10.511040227783637, 13.234873920651282 ], [ 10.612377292710327, 13.294780012748474 ], [ 10.577605544205781, 13.360459982145951 ], [ 10.631694930768409, 13.399095258262113 ], [ 10.720556065835584, 13.414549368708579 ], [ 10.77850898000983, 13.449321117213126 ], [ 10.844188949407307, 13.495683448552521 ], [ 10.948504194920947, 13.464775227659592 ], [ 11.064410023269437, 13.511137558998987 ], [ 11.126226465055298, 13.457048172436359 ], [ 11.258225661518116, 13.479605318286328 ], [ 11.334447981601718, 13.580415483558188 ], [ 11.338029970624108, 13.641360404420332 ], [ 11.375408038097126, 13.702099764063981 ], [ 11.436147397740774, 13.725461056234614 ], [ 11.501559015818552, 13.706772022498107 ], [ 11.636212109788652, 13.752608034725009 ], [ 11.844842600815934, 13.66761042726945 ], [ 11.991656650057353, 13.706245703385612 ], [ 12.13074364407554, 13.636702206376519 ], [ 12.098513283301129, 13.524361442747967 ], [ 12.192560085861402, 13.466706991465401 ], [ 12.218619601192614, 13.409597268648243 ], [ 12.290993747605937, 13.372432166435997 ], [ 12.351631545952232, 13.343091296268435 ], [ 12.361411836008086, 13.276585323888625 ], [ 12.384884532142138, 13.2179035835535 ], [ 12.380972416119794, 13.159221843218374 ], [ 12.320334617773499, 13.114232508961445 ], [ 12.334027023851695, 13.057506826637491 ], [ 12.36923606805277, 13.014473550391733 ], [ 12.377060300097453, 12.96557210011246 ], [ 12.294905863628278, 12.959703926078948 ], [ 12.27534528351657, 12.89319795369914 ], [ 12.312510385728816, 12.854076793475722 ], [ 12.367280010041599, 12.820823807285818 ], [ 12.418137518332042, 12.787570821095914 ], [ 12.396620880209163, 12.719108790704935 ], [ 12.365323952030428, 12.662383108380979 ], [ 12.300774037661791, 12.654558876336296 ], [ 12.244048355337837, 12.642822528269271 ], [ 12.220575659203785, 12.619349832135221 ], [ 12.224487775226127, 12.590008961967659 ], [ 12.204927195114418, 12.539151453677215 ], [ 12.152113628812806, 12.529371163621361 ], [ 12.097344004500023, 12.515678757543165 ], [ 12.060178902287776, 12.462865191241553 ], [ 12.075827366377142, 12.439392495107503 ], [ 12.120816700634073, 12.415919798973452 ], [ 12.167762092902173, 12.406139508917597 ], [ 12.230355949259639, 12.413963740962281 ], [ 12.259696819427203, 12.45504095919687 ], [ 12.306642211695303, 12.451128843174528 ], [ 12.355487497178112, 12.4731032950694 ], [ 12.382928474130967, 12.43156826306282 ], [ 12.412269344298529, 12.390491044828231 ], [ 12.449434446510775, 12.357238058638327 ], [ 12.431829924410238, 12.325941130459594 ], [ 12.34771942992989, 12.329853246481935 ], [ 12.320334617773499, 12.300512376314373 ], [ 12.308598269706474, 12.241830635979246 ], [ 12.34771942992989, 12.208088635286551 ], [ 12.34771942992989, 12.167011417051961 ], [ 12.337939139874036, 12.122022082795032 ], [ 12.320334617773499, 12.06920851649342 ], [ 12.332070965840524, 12.028131298258831 ], [ 12.334027023851695, 11.959669267867852 ], [ 12.281213457550082, 11.95380109383434 ], [ 12.224487775226127, 11.957713209856681 ], [ 12.169718150913344, 11.971405615934877 ], [ 12.130596990689927, 11.961625325879023 ], [ 12.083651598421826, 11.928372339689119 ], [ 12.038662264164897, 11.918592049633265 ], [ 11.986379080882084, 11.917104541408293 ], [ 11.954551769684551, 11.955757151845511 ], [ 11.901738203382937, 11.967493499912536 ], [ 11.843056463047812, 11.97727378996839 ], [ 11.782418664701515, 11.981185905990731 ], [ 11.727649040388732, 11.955757151845511 ], [ 11.645494603919557, 11.95380109383434 ], [ 11.578988631539747, 11.942064745767315 ], [ 11.520306891204623, 11.93032839770029 ], [ 11.497855359551572, 11.896766402464548 ], [ 11.543140020725341, 11.860538673525532 ], [ 11.633709343072878, 11.833367876821272 ], [ 11.484269961199441, 11.738270088356357 ], [ 11.466156096729932, 11.647700766008819 ], [ 11.280488985917481, 11.656757698243574 ], [ 11.103878807339782, 11.729213156121604 ], [ 11.049537213931261, 11.697513893299966 ], [ 11.040480281696507, 11.616001503187181 ], [ 10.913683230409955, 11.539017579191775 ], [ 11.004252552757492, 11.457505189078992 ], [ 11.103878807339782, 11.394106663435716 ], [ 11.090293408987653, 11.330708137792438 ], [ 10.954439425466347, 11.262781146031786 ], [ 10.823113908062417, 11.163154891449494 ], [ 10.50060089882971, 11.006014146753536 ], [ 10.442069334617781, 10.994196649157505 ], [ 10.390674491842384, 10.952146323250364 ], [ 10.315318708691667, 10.958857726041007 ], [ 10.198489533904176, 10.967956932305729 ], [ 10.232912517167739, 11.039261683351677 ], [ 10.208324671979481, 11.093354942765846 ], [ 9.988596784643564, 11.143526071765415 ], [ 9.848429031619753, 11.050080903082872 ], [ 9.759656121371343, 11.031391869346372 ], [ 9.610143851479281, 11.059425419951125 ] ] ] ] } },
{ "type": "Feature", "properties": { "id": 19, "name": "The Sunset Sea", "type": "sea", "size": 4 }, "geometry": { "type": "MultiPolygon", "coordinates": [ [ [ [ 4.868323980900633, -10.766370434264752 ], [ 5.163427135637288, -11.132433507888466 ], [ 5.465288377886996, -11.555940325373131 ], [ 5.805445449377339, -12.156283766116019 ], [ 6.255984616914216, -12.985275834383874 ], [ 6.850696318062894, -14.553152137412209 ], [ 7.175084518689446, -16.355308807559719 ], [ 7.445408019211572, -19.752374130787771 ], [ 7.391343319107148, -23.248558070873941 ], [ 7.769796219838125, -27.096162561638877 ], [ 7.769796219838125, -30.105764200785217 ], [ 8.040119720360252, -33.3406354237 ], [ 7.823860919942551, -36.512431163159619 ], [ 7.527615006383906, -39.360724034198348 ], [ -19.996543808760745, -39.32363856788691 ], [ -19.996543808760745, 48.707144237385258 ], [ -1.040988334082781, 48.721286816412544 ], [ -1.079777647070367, 48.585524220955989 ], [ -1.144426502049678, 48.533805136972539 ], [ -1.112102074560023, 48.417437198009779 ], [ -1.066847876074505, 48.333393686536674 ], [ -1.105637189062092, 48.236420404067708 ], [ -1.183215815037264, 48.126517350602882 ], [ -1.196145586033127, 48.03600895363185 ], [ -1.196145586033127, 47.926105900167016 ], [ -1.222005128024852, 47.777413533714615 ], [ -1.144426502049679, 47.74508910622496 ], [ -0.97633947910347, 47.745089106224945 ], [ -0.85997154014071, 47.777413533714601 ], [ -0.698349402692433, 47.8808517016815 ], [ -0.413894440783465, 47.848527274191845 ], [ -0.116509707878636, 47.654580709253928 ], [ 0.129155941042745, 47.725694449731172 ], [ 0.361891818968264, 47.706299793237378 ], [ 0.452400215939299, 47.673975365747722 ], [ 0.439470444943437, 47.480028800809791 ], [ 0.200269681519987, 47.480028800809791 ], [ 0.019252887577917, 47.389520403838752 ], [ -0.032466196405531, 47.292547121369772 ], [ 0.051577315067572, 47.221433380892542 ], [ 0.348962047972402, 47.227898266390476 ], [ 0.659276551873094, 47.13092498392151 ], [ 0.788574261831716, 47.01455704495875 ], [ 0.904942200794475, 47.02748681595461 ], [ 0.98898571226758, 47.13092498392151 ], [ 1.021310139757235, 47.24729292288427 ], [ 1.247581132184823, 47.221433380892542 ], [ 1.318694872662065, 47.253757808382197 ], [ 1.325159758159996, 47.357195976349097 ], [ 1.422133040628962, 47.395985289336686 ], [ 1.52557120859586, 47.486493686307718 ], [ 1.616079605566895, 47.41537994583048 ], [ 1.680728460546206, 47.331336434357375 ], [ 1.784166628513103, 47.324871548859441 ], [ 1.835885712496552, 47.240828037386336 ], [ 1.738912430027586, 47.202038724398754 ], [ 1.674263575048275, 47.085670785435994 ], [ 1.713052888035861, 46.917583762489784 ], [ 1.803561285006896, 46.794750938029097 ], [ 1.894069681977931, 46.600804373091158 ], [ 1.932858994965518, 46.445647121140816 ], [ 1.758307086521379, 46.329279182178055 ], [ 1.544965865089653, 46.148262388235985 ], [ 1.596684949073102, 46.01249979277943 ], [ 1.725982659031723, 45.921991395808398 ], [ 1.816491056002759, 45.773299029355982 ], [ 1.725982659031723, 45.631071548401501 ], [ 1.687193346044137, 45.527633380434601 ], [ 1.570825407081377, 45.46298452545529 ], [ 1.486781895608273, 45.540563151430462 ], [ 1.370413956645514, 45.559957807924256 ], [ 1.422133040628962, 45.669860861389083 ], [ 1.428597926126893, 45.760369258360122 ], [ 1.331624643657927, 45.896131853816669 ], [ 1.221721590193099, 45.844412769833227 ], [ 1.001915483263442, 45.812088342343571 ], [ 0.821193097033738, 45.812088342343571 ], [ 0.820898689321371, 45.812088342343571 ], [ 0.756249834342061, 45.857342540829087 ], [ 0.672206322868956, 45.831482998837359 ], [ 0.659276551873094, 45.753904372862188 ], [ 0.57523304039999, 45.669860861389083 ], [ 0.484724643428955, 45.689255517882877 ], [ 0.39421624645792, 45.715115059874599 ], [ 0.316637620482747, 45.708650174376672 ], [ 0.303707849486885, 45.611676891907706 ], [ 0.374821589964126, 45.495308952944946 ], [ 0.342497162474471, 45.391870784978046 ], [ 0.258453651001367, 45.34661658649253 ], [ 0.142085712038607, 45.320757044500809 ], [ 0.064507086063433, 45.207621548287015 ], [ 0.10976128454895, 45.136507807809771 ], [ 0.245523880005503, 45.117113151315976 ], [ 0.271383421997228, 45.066202178019779 ], [ 0.245523880005503, 44.987815441357355 ], [ 0.251988765503435, 44.943369353559085 ], [ 0.289161857116538, 44.906196261945979 ], [ 0.344113383848953, 44.907812483320463 ], [ 0.348962047972401, 44.933672025312191 ], [ 0.327951170104125, 44.96761267417633 ], [ 0.336032276976539, 44.988623552044601 ], [ 0.373205368589642, 45.006401987163912 ], [ 0.411994681577229, 45.022564200908739 ], [ 0.449167773190333, 44.998320880291502 ], [ 0.47664353655654, 44.959531567303912 ], [ 0.50573552129723, 44.906196261945979 ], [ 0.507351742671715, 44.863366395522171 ], [ 0.458865101437232, 44.868215059645621 ], [ 0.440878235776365, 44.859221626815184 ], [ 0.439470444943438, 44.85851773139872 ], [ 0.437854223568956, 44.820536529098383 ], [ 0.457248880062749, 44.805182426040794 ], [ 0.56876815490206, 44.769625555802172 ], [ 0.664125215996544, 44.763160670304238 ], [ 0.774028269461372, 44.717098361131484 ], [ 0.909790864917925, 44.59426553667079 ], [ 1.052018345872408, 44.37122698699217 ], [ 1.000299261888961, 44.167583093807337 ], [ 1.05848323137034, 44.051215154844577 ], [ 1.000299261888961, 43.960706757873545 ], [ 1.129596971847582, 43.896057902894235 ], [ 1.220105368818618, 43.915452559388029 ], [ 1.388192391764826, 44.005960956359061 ], [ 1.575674071204828, 44.005960956359061 ], [ 1.698506895665518, 43.915452559388029 ], [ 1.911848117097244, 43.98010141436734 ], [ 2.034680941557935, 43.986566299865267 ], [ 2.215697735500006, 43.896057902894235 ], [ 2.338530559960696, 43.889593017396301 ], [ 2.429038956931732, 43.934847215881824 ], [ 2.485606705038629, 43.893633570832513 ], [ 2.461363384421387, 43.805549505923196 ], [ 2.500152697408974, 43.689181566960443 ], [ 2.416109185935869, 43.650392253972853 ], [ 2.383784758446214, 43.546954086005954 ], [ 2.275497926355868, 43.499275555458716 ], [ 2.235092391993799, 43.469375460030783 ], [ 2.217313956874488, 43.424929372232512 ], [ 2.249638384364144, 43.353815631755268 ], [ 2.172059758388971, 43.308561433269752 ], [ 2.139735330899315, 43.28593433402699 ], [ 2.170443537014488, 43.236639582105262 ], [ 2.246405941615178, 43.176031280562164 ], [ 2.332065674462765, 43.184920498121812 ], [ 2.385400979820697, 43.117847311080787 ], [ 2.454898498923456, 43.113806757644575 ], [ 2.500152697408974, 43.191385383619746 ], [ 2.506617582906905, 43.275428895092851 ], [ 2.584196208882078, 43.288358666088712 ], [ 2.668239720355182, 43.210780040113541 ], [ 2.765213002824149, 43.230174696607335 ], [ 2.797877458516803, 43.253296598707557 ], [ 2.804002315811735, 43.314218208080433 ], [ 2.791072544815873, 43.391796834055611 ], [ 2.810467201309666, 43.482305231026643 ], [ 2.852647082829587, 43.472375095958689 ], [ 2.888045827284839, 43.430586147043194 ], [ 2.881580941786908, 43.327147979076301 ], [ 2.868651170791046, 43.236639582105262 ], [ 2.888045827284839, 43.159060956130091 ], [ 2.821350154650853, 43.108548305880909 ], [ 2.719958804338631, 43.075017444656986 ], [ 2.547502033086935, 43.006833289300026 ], [ 2.449699132528392, 42.936415200897876 ], [ 2.324511419813458, 42.924678852830851 ], [ 2.258005447433649, 42.858172880451043 ], [ 2.175851010964474, 42.865997112495727 ], [ 2.09760869051764, 42.909030388741485 ], [ 1.931242773591038, 42.932789963702504 ], [ 1.812024220886696, 42.889958823132567 ], [ 1.714221320328153, 42.882134591087883 ], [ 1.632066883858978, 42.831277082797442 ], [ 1.600769955680244, 42.782375632518175 ], [ 1.59098966562439, 42.713913602127192 ], [ 1.556279414711034, 42.680659429283189 ], [ 1.502967055121702, 42.680660615937285 ], [ 1.454065604842431, 42.655231861792068 ], [ 1.469714068931797, 42.614154643557477 ], [ 1.450153488820089, 42.569165309300551 ], [ 1.385603574451451, 42.543736555155327 ], [ 1.33670212417218, 42.567209251289377 ], [ 1.276064325825883, 42.567209251289377 ], [ 1.246723455658321, 42.533956265099476 ], [ 1.252429796308273, 42.486712864345257 ], [ 1.266284035770029, 42.461582118686152 ], [ 1.317078651287584, 42.428528894863874 ], [ 1.299537021959934, 42.36964739216112 ], [ 1.258459803725346, 42.318789883870679 ], [ 1.254547687703004, 42.248371795468529 ], [ 1.29171278991525, 42.201426403200429 ], [ 1.338658182183351, 42.170129475021696 ], [ 1.470619681863452, 42.154579371889071 ], [ 1.634022941870149, 42.150568894909988 ], [ 1.780934185764145, 42.154579371889071 ], [ 1.96068462973568, 42.170129475021696 ], [ 2.091248689664837, 42.14164960089321 ], [ 2.259335712611046, 42.03821143292631 ], [ 2.326467477824629, 41.977457760921368 ], [ 2.391017392193267, 41.94420477473146 ], [ 2.471215770651272, 41.940292658709119 ], [ 2.524029336952884, 41.977457760921368 ], [ 2.69811849994709, 41.975501702910194 ], [ 2.829174386695537, 42.002886515066592 ], [ 2.934801519298763, 41.991150166999567 ], [ 2.971966621511009, 41.865962454284627 ], [ 2.934801519298763, 41.768159553726086 ], [ 2.776360820393924, 41.760335321681403 ], [ 2.686018155474498, 41.740826700021479 ], [ 2.557282323142789, 41.660576363111687 ], [ 2.505001361532427, 41.572739677075269 ], [ 2.498600582807664, 41.543212882441438 ], [ 2.53576568501991, 41.504091722218021 ], [ 2.703986673980602, 41.498223548184512 ], [ 2.867034949416568, 41.521020593091819 ], [ 2.995439317645059, 41.455190271938754 ], [ 3.138560140329674, 41.430512196120787 ], [ 3.216473872907365, 41.322178327179131 ], [ 3.27515561324249, 41.282568152452924 ], [ 3.378826687834545, 41.281101108944547 ], [ 3.455112950270208, 41.292348442508775 ], [ 3.535311328728213, 41.221930354106625 ], [ 3.616961667176575, 41.236565631182856 ], [ 3.691795969621881, 41.300172674553458 ], [ 3.727005013822956, 41.413624039201373 ], [ 3.785686754158082, 41.480130011581181 ], [ 3.888486858089681, 41.533950364087687 ], [ 3.98911678731985, 41.542723867938648 ], [ 4.1212227360152, 41.469301509108377 ], [ 4.239492212749719, 41.474261837547665 ], [ 4.241448270760889, 41.613141956340797 ], [ 4.147082278006924, 41.740826700021479 ], [ 4.204283168548643, 41.793099293368513 ], [ 4.350987519386456, 41.795055351379688 ], [ 4.480087348123733, 41.80874775745788 ], [ 4.527032740391832, 41.845912859670129 ], [ 4.648308337084424, 41.767670539223296 ], [ 4.818485384056289, 41.712900914910513 ], [ 4.94872807975038, 41.70203738703389 ], [ 4.967145792905273, 41.572064738106207 ], [ 5.019959359206886, 41.495778475670548 ], [ 5.35248922110593, 41.444920967380106 ], [ 5.481589049843206, 41.491866359648206 ], [ 5.528534442111306, 41.560328390039182 ], [ 5.595040414491115, 41.568152622083865 ], [ 5.646935713526938, 41.521020593091819 ], [ 5.700667547094342, 41.444920967380106 ], [ 5.6598654845228, 41.327074028153888 ], [ 5.50017160094933, 41.244914035737885 ], [ 5.324126379943954, 41.211661049547978 ], [ 5.31630214789927, 41.151023251201686 ], [ 5.371071772212054, 41.090385452855386 ], [ 5.419973222491326, 40.992582552296845 ], [ 5.378896004256737, 40.931944753950546 ], [ 5.302609741821074, 40.906515999805329 ], [ 5.218499247340728, 40.89282359372713 ], [ 5.091355476614623, 40.883043303671279 ], [ 5.018981330201301, 40.902603883782987 ], [ 4.966167763899689, 40.86935089759308 ], [ 4.848804283229438, 40.875219071626596 ], [ 4.778386194827287, 40.931944753950546 ], [ 4.784254368860799, 40.98084620422982 ], [ 4.749045324659725, 41.018011306442069 ], [ 4.608209147855423, 40.986714378263336 ], [ 4.508450189285711, 40.961285624118112 ], [ 4.477153261106976, 40.879131187648937 ], [ 4.387174592593118, 40.865438781570738 ], [ 4.379818155932444, 40.784023646327675 ], [ 4.451724506961756, 40.757855590956346 ], [ 4.592560683766057, 40.753943474934005 ], [ 4.657110598134695, 40.716778372721755 ], [ 4.71579233846982, 40.642448168297264 ], [ 4.645374250067669, 40.583766427962139 ], [ 4.60038491581074, 40.530952861660523 ], [ 4.549527407520298, 40.433149961101982 ], [ 4.483256323899341, 40.396130516451812 ], [ 4.318712562202138, 40.35001749562722 ], [ 4.185871590994511, 40.409060287447673 ], [ 4.076161368816953, 40.295247871314437 ], [ 3.927500959967968, 40.083993606107988 ], [ 3.849697545102094, 39.866009905621461 ], [ 3.616961667176575, 39.723782424666979 ], [ 3.642821209168299, 39.503976317737319 ], [ 3.914346400081405, 39.465187004749737 ], [ 3.888486858089681, 39.206591584832495 ], [ 3.953135713068991, 39.025574790890424 ], [ 3.965226204330226, 38.772592031866047 ], [ 4.098967048990119, 38.605547255387464 ], [ 4.127000599594881, 38.526118862007309 ], [ 4.01953865560996, 38.409312401154132 ], [ 3.977488329702818, 38.273816906564448 ], [ 3.841992835113137, 38.208405288486674 ], [ 3.734530891128216, 38.180371737881913 ], [ 3.608379913406789, 38.110287861370011 ], [ 3.538296036894883, 38.044876243292229 ], [ 3.491573452553614, 37.942086557741433 ], [ 3.552312812197265, 37.797246546283503 ], [ 3.556985070631391, 37.652406534825566 ], [ 3.617724430275043, 37.572978141445404 ], [ 3.58969087967028, 37.470188455894615 ], [ 3.566329587499646, 37.358054253475565 ], [ 3.416817317607583, 37.227231017320008 ], [ 3.393456025436948, 37.157147140808107 ], [ 3.416817317607583, 37.016979387784296 ], [ 3.379439250134567, 36.876811634760486 ], [ 3.440178609778218, 36.788038724512077 ], [ 3.496245710987741, 36.750660657039063 ], [ 3.767236700167105, 36.844105825721599 ], [ 3.912076711625041, 36.839433567287472 ], [ 4.132896730830293, 36.667453003283285 ], [ 4.240358674815212, 36.550646542430115 ], [ 4.287081259156482, 36.4618736321817 ], [ 4.268392225419975, 36.260966519514241 ], [ 4.329131585063625, 36.07874844058329 ], [ 4.357165135668389, 36.013336822505508 ], [ 4.455282562785051, 35.93858068755948 ], [ 4.553399989901721, 35.915219395388846 ], [ 4.609467091111243, 35.96661423816424 ], [ 4.618811607979497, 35.95259746286186 ], [ 4.787012911608068, 35.933908429125353 ], [ 4.945869698368385, 36.008664564071381 ], [ 5.174810361640605, 36.060059406846783 ], [ 5.380389732742193, 36.041370373110269 ], [ 5.4487003904979, 36.10118246763529 ], [ 5.771965941881646, 36.144394201205102 ], [ 5.818688526222916, 36.03693225722018 ], [ 5.809411325043333, 35.868234500387651 ], [ 5.832814689519388, 35.760579023797803 ], [ 6.001318913746982, 35.643562201417531 ], [ 6.024722278223036, 35.456335285609093 ], [ 6.113655063232044, 35.442293266923457 ], [ 6.198914678143395, 35.416449150599924 ], [ 6.329737914298947, 35.346365274088022 ], [ 6.469905667322757, 35.40710463373167 ], [ 6.578685751144523, 35.384308607071105 ], [ 6.589961160236793, 35.326320788882285 ], [ 6.617344296603737, 35.291689175241736 ], [ 6.626203546604807, 35.259473720692391 ], [ 6.735736092072583, 35.225647493415579 ], [ 6.840033626176089, 35.21235861841398 ], [ 6.923793808004388, 35.180948550228372 ], [ 6.994667808012948, 35.151954641133962 ], [ 7.047017921655635, 35.140679232041684 ], [ 7.091314171660985, 35.130209209313151 ], [ 7.110643444390592, 35.111685322947274 ], [ 7.121918853482863, 35.093161436581404 ], [ 7.113059603481793, 35.056113663849658 ], [ 7.05265562620177, 35.032757459301379 ], [ 7.002721671650285, 35.012622800208035 ], [ 6.998025842505022, 34.986436227289609 ], [ 7.015607853470023, 34.973964254748822 ], [ 7.163010688301017, 34.936481922248689 ], [ 7.300311933049865, 34.912352197923198 ], [ 7.374407478513359, 34.902687561558395 ], [ 7.429173751247247, 34.822148925185033 ], [ 7.419509114882444, 34.757718016086343 ], [ 7.390515205788033, 34.722281016082064 ], [ 7.396958296697902, 34.677179379712975 ], [ 7.393736751242967, 34.606305379704416 ], [ 7.467832296706462, 34.574089925155072 ], [ 7.561257114899564, 34.570868379700137 ], [ 7.651460387637732, 34.545096016060661 ], [ 7.680454296732143, 34.44844965241262 ], [ 7.789986842199919, 34.396904925133668 ], [ 7.893076296757824, 34.357440993310725 ], [ 7.973614933131189, 34.341333266036045 ], [ 8.038045842229881, 34.331668629671242 ], [ 8.105698296783507, 34.334890175126176 ], [ 8.108919842238441, 34.289788538757094 ], [ 8.079925933144029, 34.254351538752815 ], [ 8.04448893313975, 34.173812902379453 ], [ 7.983279569495992, 34.167369811469584 ], [ 7.983279569495992, 34.093274266006084 ], [ 7.918848660397301, 34.022400265997526 ], [ 7.928513296762104, 33.945083175079098 ], [ 7.93173484221704, 33.848436811431057 ], [ 8.034824296774945, 33.838772175066254 ], [ 8.112141387693375, 33.887095356890278 ], [ 8.150799933152589, 33.922532356894557 ], [ 8.121806024058179, 33.974077084173508 ], [ 8.161263220476719, 34.019443878795961 ], [ 8.237781660435823, 34.064280356911674 ], [ 8.273218660440104, 34.069918061457813 ], [ 8.300601796807047, 34.145624379648773 ], [ 8.373086569543075, 34.196363720563994 ], [ 8.397248160455085, 34.152067470558642 ], [ 8.381140433180411, 34.098911970552223 ], [ 8.403691251364954, 34.023205652361263 ], [ 8.488321310865604, 34.038132912532468 ], [ 8.558405187377513, 34.070838721571356 ], [ 8.635642524120241, 34.10052274327969 ], [ 8.65497179684985, 34.132738197829035 ], [ 8.690408796854129, 34.20522297056506 ], [ 8.651750251394915, 34.25032460693415 ], [ 8.646917933212514, 34.2970370160307 ], [ 8.716181160493607, 34.282540061483495 ], [ 8.795109024139503, 34.321198606942708 ], [ 8.845042978690989, 34.364689470584324 ], [ 8.927513603673543, 34.458636171603899 ], [ 8.929141294531828, 34.56301986957827 ], [ 9.007383614978661, 34.621701609913394 ], [ 9.05237294923559, 34.680383350248519 ], [ 9.069977471336129, 34.586492565712319 ], [ 9.054329007246762, 34.51607447731017 ], [ 9.124747095648912, 34.494557839187287 ], [ 9.22186588502354, 34.510031014379294 ], [ 9.291949761535442, 34.603476183061836 ], [ 9.367298289034098, 34.602141029801686 ], [ 9.433804261413906, 34.602141029801686 ], [ 9.469013305614981, 34.662778828147978 ], [ 9.46705724760381, 34.739065090583644 ], [ 9.446134289861632, 34.790366520426915 ], [ 9.537475336005961, 34.844692223186868 ], [ 9.600069192363428, 34.901417905510826 ], [ 9.607893424408111, 34.962055703857118 ], [ 9.670487280765579, 34.999220806069367 ], [ 9.735037195134217, 35.046166198337467 ], [ 9.727212963089533, 35.098979764639083 ], [ 9.686135744854946, 35.157661504974207 ], [ 9.640542089773481, 35.24102433242939 ], [ 9.720113528992067, 35.320595771647973 ], [ 9.865214388743606, 35.358041154809662 ], [ 10.000953902704723, 35.423570575342616 ], [ 10.024357267180777, 35.343999136124033 ], [ 10.089886687713731, 35.339318463228821 ], [ 10.249029566150902, 35.390805865076139 ], [ 10.356119793907574, 35.481639324950166 ], [ 10.402842378248842, 35.547050943027941 ], [ 10.379481086078208, 35.584429010500955 ], [ 10.374808827644081, 35.65918514544699 ], [ 10.500959805365508, 35.710579988222385 ], [ 10.514976580667891, 35.766647089431906 ], [ 10.463581737892493, 35.836730965943815 ], [ 10.528993355970272, 35.888125808719209 ], [ 10.558450430438775, 35.938562396270996 ], [ 10.656567857555443, 36.008646272782904 ], [ 10.834113678052269, 36.003974014348771 ], [ 10.880836262393537, 36.041352081821792 ], [ 10.82944141961814, 36.148814025806715 ], [ 10.824769161184014, 36.284309520396391 ], [ 10.885508520827665, 36.396443722815441 ], [ 11.030348532285599, 36.419805014986075 ], [ 11.214327671054273, 36.433688570129711 ], [ 11.349823165643954, 36.382293727354316 ], [ 11.405890266853477, 36.414999536393204 ], [ 11.583436087350304, 36.41967179482733 ], [ 11.672208997598716, 36.396310502656696 ], [ 11.70958706507173, 36.344915659881295 ], [ 11.798359975320142, 36.316882109276534 ], [ 11.854427076529667, 36.354260176749555 ], [ 11.94319998677808, 36.363604693617802 ], [ 12.292838005400101, 36.284463339767633 ], [ 12.376938657214387, 36.186345912650971 ], [ 12.662576303273202, 36.14017613088248 ], [ 12.793399539428755, 36.098125804975332 ], [ 12.900861483413676, 36.079436771238825 ], [ 12.952256326189072, 36.000008377858663 ], [ 12.942911809320819, 35.869185141703113 ], [ 12.886844708111296, 35.850496107966606 ], [ 12.746676955087487, 35.845823849532479 ], [ 12.653231786404946, 35.901890950742001 ], [ 12.573803393024789, 35.948613535083268 ], [ 12.480358224342249, 35.967302568819775 ], [ 12.111821211458031, 36.038797690846252 ], [ 11.97123353738284, 35.919740142375744 ], [ 11.901149660870935, 35.859000782732096 ], [ 11.793687716886016, 35.788916906220194 ], [ 11.662864480730461, 35.732849805010666 ], [ 11.615786051552496, 35.686273341586336 ], [ 11.590042350628837, 35.632445603291416 ], [ 11.513352210838399, 35.550631726079715 ], [ 11.452612851194747, 35.489892366436067 ], [ 11.289083806000303, 35.489892366436067 ], [ 11.267643230808968, 35.448972634011568 ], [ 11.222543524432698, 35.344039288884431 ], [ 11.278920569894053, 35.295716107060414 ], [ 11.336908388082875, 35.218399016141987 ], [ 11.385231569906894, 35.179740470682766 ], [ 11.478656388099996, 35.173297379772897 ], [ 11.574091570482048, 35.190867826651939 ], [ 11.620404388117118, 35.128195743403815 ], [ 11.56563811538323, 35.028327834300846 ], [ 11.700943024490481, 34.951010743382412 ], [ 11.831065784359032, 34.933893612774959 ], [ 11.821721267490778, 34.845120702526543 ], [ 11.826393525924905, 34.784381342882895 ], [ 11.891805144002683, 34.714297466370994 ], [ 11.975905795816969, 34.714297466370994 ], [ 12.102056773538395, 34.742331016975754 ], [ 12.200174200655063, 34.747003275409881 ], [ 12.349686470547123, 34.812414893487656 ], [ 12.440265424583499, 34.803615004952285 ], [ 12.56109566095801, 34.793155016090623 ], [ 12.649563631778781, 34.776230192795893 ], [ 12.64760757376761, 34.735152974561302 ], [ 12.660963570060982, 34.709394834262319 ], [ 12.818819297352775, 34.696508652442581 ], [ 12.934794933730419, 34.715837925172195 ], [ 13.04273129202412, 34.654954596103295 ], [ 13.179632388305446, 34.628856197888958 ], [ 13.353744515800287, 34.609965261846369 ], [ 13.536440112815374, 34.630196814556705 ], [ 13.762732115648603, 34.738388743356737 ], [ 13.962467933854546, 34.799598107000492 ], [ 14.258163196771154, 34.847642537852444 ], [ 14.371298692984947, 34.834712766856583 ], [ 14.28482812911761, 34.799702888929943 ], [ 14.233970620827169, 34.786010482851744 ], [ 14.188981286570238, 34.75471355467301 ], [ 14.143991952313309, 34.711680278427252 ], [ 14.052057225788278, 34.699943930360227 ], [ 14.059881457832962, 34.629525841958078 ], [ 14.038357089841497, 34.579349789688301 ], [ 13.960778463866323, 34.513084713334514 ], [ 13.887748352849927, 34.501404042226383 ], [ 13.842759018592998, 34.454458649958283 ], [ 13.774296988202018, 34.444678359902433 ], [ 13.694098609744014, 34.429029895813066 ], [ 13.66084562355411, 34.3664360394556 ], [ 13.609988115263667, 34.352743633377401 ], [ 13.589047547735293, 34.320754369771059 ], [ 13.608032057252496, 34.294061893042276 ], [ 13.690186493721672, 34.266677080885884 ], [ 13.68602083020426, 34.236710858297954 ], [ 13.635416869408887, 34.190390818450219 ], [ 13.63430174622081, 34.152667346824849 ], [ 13.676494087643476, 34.139533310159777 ], [ 13.748868234056797, 34.13757725214861 ], [ 13.782994112673226, 34.100948262841399 ], [ 13.801681800358411, 34.031950119545385 ], [ 13.854495366660023, 33.985004727277285 ], [ 13.854107853150468, 33.926396354397262 ], [ 13.789458998171156, 33.868212384915878 ], [ 13.723439479911576, 33.864707159590274 ], [ 13.647231517216673, 33.900536812405534 ], [ 13.586515419129617, 33.849058695500908 ], [ 13.545438200895029, 33.788420897154609 ], [ 13.517933807258052, 33.738914674957257 ], [ 13.445679242325316, 33.747343678920025 ], [ 13.414382314146582, 33.764948201020559 ], [ 13.375706326303566, 33.803563529936568 ], [ 13.036863117990608, 33.694530112618409 ], [ 13.005566189811875, 33.645628662339142 ], [ 12.98134831092977, 33.61608185049657 ], [ 12.919499637320358, 33.618243850182751 ], [ 12.877910142962874, 33.590222308504842 ], [ 12.884290593119282, 33.540001529735918 ], [ 12.929629226946322, 33.506178797031737 ], [ 12.974310684195951, 33.528357405052525 ], [ 13.001654073789533, 33.489144021445469 ], [ 12.972313203621971, 33.438286513155028 ], [ 12.890210032381662, 33.402206427331102 ], [ 12.754714537791981, 33.318105775516813 ], [ 12.577168717295157, 33.201299314663636 ], [ 12.479051290178493, 33.177938022493002 ], [ 12.324866761852302, 33.191954797795383 ], [ 12.231421593169763, 33.131215438151735 ], [ 12.148812780919043, 33.093531288686165 ], [ 11.990372082014204, 33.079838882607973 ], [ 11.945382747757275, 32.989860214094115 ], [ 11.802590512941803, 32.915530009669624 ], [ 11.998196314058887, 32.80599076104405 ], [ 12.091253840145955, 32.799485089328726 ], [ 12.156637012963726, 32.785452151926762 ], [ 12.201626347220657, 32.779583977893246 ], [ 12.217274811310023, 32.71699012153578 ], [ 12.187933941142461, 32.685693193357046 ], [ 12.178153651086607, 32.662220497222997 ], [ 12.272044435622806, 32.593758466832014 ], [ 12.401144264360083, 32.57615394473148 ], [ 12.446133598617012, 32.531164610474548 ], [ 12.44222148259467, 32.452922290027715 ], [ 12.500903222929796, 32.423581419860156 ], [ 12.55762890525375, 32.421625361848982 ], [ 12.606530355533021, 32.409889013781957 ], [ 12.630003051667073, 32.376636027592049 ], [ 12.592837949454825, 32.339470925379807 ], [ 12.534156209119701, 32.317954287256924 ], [ 12.469606294751063, 32.321866403279266 ], [ 12.428529076516474, 32.327734577312782 ], [ 12.362023104136666, 32.308173997201074 ], [ 12.301385305790369, 32.282745243055849 ], [ 12.229011159377048, 32.261228604932974 ], [ 12.315522244984049, 32.206108268194598 ], [ 12.356154930103154, 32.151689356307408 ], [ 12.366917087759445, 32.070612773604914 ], [ 12.363979162147837, 32.009875150497521 ], [ 12.318989827890908, 31.99227062839698 ], [ 12.266176261589294, 31.982490338341126 ], [ 12.287488694379288, 31.93511727901523 ], [ 12.275956551645148, 31.890555611816097 ], [ 12.27986866766749, 31.835785987503314 ], [ 12.240747507444073, 31.814269349380435 ], [ 12.160549128986068, 31.788840595235214 ], [ 12.123384026773822, 31.753631551034136 ], [ 12.11751585274031, 31.708642216777207 ], [ 12.082306808539235, 31.657295693983979 ], [ 12.013844778148256, 31.649471461939296 ], [ 11.945382747757275, 31.606438185693538 ], [ 11.902349471511517, 31.56536096745895 ], [ 11.904305529522688, 31.518415575190851 ], [ 11.996240256047717, 31.510591343146167 ], [ 12.045141706326989, 31.463645950878067 ], [ 12.111848443804552, 31.442887660904457 ], [ 12.217274811310023, 31.444085370766359 ], [ 12.281824725678661, 31.403008152531768 ], [ 12.242703565455244, 31.371711224353035 ], [ 12.205538463242998, 31.342370354185473 ], [ 12.189889999153632, 31.289556787883861 ], [ 12.299429247779198, 31.248479569649273 ], [ 12.369847336181349, 31.248479569649273 ], [ 12.444177540605841, 31.228918989537565 ], [ 12.422660902482962, 31.180017539258294 ], [ 12.389407916293058, 31.138940321023707 ], [ 12.315077711868566, 31.103731276822629 ], [ 12.268132319600465, 31.003972318252917 ], [ 12.205538463242998, 30.943334519906621 ], [ 12.11751585274031, 30.912037591727888 ], [ 12.079142634765663, 30.826149547599698 ], [ 11.962336173912488, 30.746721154219539 ], [ 11.972767559913667, 30.674376543370631 ], [ 12.027537184226452, 30.646991731214236 ], [ 12.011888720137083, 30.58635393286794 ], [ 11.970811501902496, 30.558969120711549 ], [ 11.906261587533859, 30.555057004689207 ], [ 11.839755615154049, 30.545276714633353 ], [ 11.784985990841266, 30.529628250543986 ], [ 11.751733004651362, 30.510067670432278 ], [ 11.724050993772016, 30.489746940342556 ], [ 11.663311634128364, 30.485074681908433 ], [ 11.588555499182334, 30.50376371564494 ], [ 11.544390855467251, 30.427913233963103 ], [ 11.503313637232663, 30.377055725672662 ], [ 11.415291026729975, 30.377055725672662 ], [ 11.383994098551241, 30.349670913516267 ], [ 11.331180532249629, 30.349670913516267 ], [ 11.256850327825136, 30.341846681471583 ], [ 11.207948877545865, 30.404440537829053 ], [ 11.161003485277766, 30.408352653851395 ], [ 11.082761164830931, 30.402484479817883 ], [ 11.004518844384098, 30.416176885896078 ], [ 10.961485568138338, 30.398572363795541 ], [ 10.945837104048971, 30.375099667661491 ], [ 10.996694612339414, 30.355539087549779 ], [ 11.027991540518148, 30.328154275393388 ], [ 11.018539970218843, 30.288839827675098 ], [ 11.05733241068571, 30.236219548868359 ], [ 11.123838383065518, 30.202966562678455 ], [ 11.106233860964981, 30.175581750522063 ], [ 11.061244526708052, 30.173625692510893 ], [ 10.996694612339414, 30.165801460466209 ], [ 10.911078026233922, 30.172033366821921 ], [ 10.863682667579797, 30.150152996376843 ], [ 10.80500092724467, 30.157977228421526 ], [ 10.750231302931887, 30.173625692510893 ], [ 10.673945040496223, 30.197098388644942 ], [ 10.636779938283977, 30.212746852734309 ], [ 10.583966371982365, 30.230351374834846 ], [ 10.519416457613726, 30.245999838924213 ], [ 10.52919674766958, 30.28512099914763 ], [ 10.583966371982365, 30.289033115169971 ], [ 10.583966371982365, 30.316417927326363 ], [ 10.552669443803632, 30.361407261583292 ], [ 10.507680109546701, 30.359451203572121 ], [ 10.445086253189235, 30.379011783683833 ], [ 10.38640451285411, 30.408352653851395 ], [ 10.337503062574838, 30.408352653851395 ], [ 10.280777380250884, 30.367275435616804 ], [ 10.239700162016296, 30.302725521248167 ], [ 10.15754572554712, 30.26360436102475 ], [ 10.102776101234337, 30.236219548868359 ], [ 10.057786766977406, 30.218615026767822 ], [ 9.993236852608769, 30.237197577873946 ], [ 9.942379344318326, 30.221549113784576 ], [ 9.897006586341716, 30.212882407740185 ], [ 9.868973035736952, 30.212882407740185 ], [ 9.743048577492695, 30.20847860129339 ], [ 9.626139053752665, 30.30653175023664 ], [ 9.618596503833952, 30.366872149586335 ], [ 9.535628454728123, 30.385728524383115 ], [ 9.505458255053275, 30.457382748610875 ], [ 9.396091281231955, 30.529036972838639 ], [ 9.30935195716677, 30.57429227235091 ], [ 9.34706470676033, 30.653489046497384 ], [ 9.305580682207415, 30.770398570237415 ], [ 9.243354645378043, 30.845824069424534 ], [ 9.19055679594706, 30.966504868123923 ], [ 9.054790897410248, 31.072100566985888 ], [ 9.079304184646062, 30.94010594340843 ], [ 9.05290525993057, 30.84582406942453 ], [ 9.120788209198977, 30.740228370562569 ], [ 9.182151045920291, 30.54928501499732 ], [ 9.266251697734576, 30.451167587880654 ], [ 9.280268473036957, 30.353050160763988 ], [ 9.322318798944101, 30.236243699910816 ], [ 9.45643168058165, 30.204707326334034 ], [ 9.41576396762664, 30.096075946887005 ], [ 9.471516780419073, 29.963345728935259 ], [ 9.407405106110023, 29.85020748015458 ], [ 9.312974282075848, 29.853118508312402 ], [ 9.012115900077614, 29.578103743115022 ], [ 8.801864270541902, 29.554742450944385 ], [ 8.764486203068888, 29.498675349734864 ], [ 8.702176688710475, 29.450452334462859 ], [ 8.649378839279493, 29.378798110235095 ], [ 8.558868240254951, 29.288287511210555 ], [ 8.490985290986545, 29.212862012023439 ], [ 8.409394562075239, 29.166945000911845 ], [ 8.268480068384548, 29.122351412998896 ], [ 8.16665564448194, 29.077096113486625 ], [ 8.054302921081586, 29.115550158136454 ], [ 7.923479684926034, 29.134239191872958 ], [ 7.759950639731589, 29.143583708741211 ], [ 7.778639673468096, 29.162272742477718 ], [ 7.808384523343132, 29.209090737064081 ], [ 7.853639822855403, 29.250574761616996 ], [ 7.823469623180555, 29.352399185519605 ], [ 7.763129223830862, 29.427824684706724 ], [ 7.710331374399879, 29.491936359015774 ], [ 7.751815398952794, 29.578675683080959 ], [ 7.631134600253406, 29.82380855543909 ], [ 7.729187749196659, 29.816266005520379 ], [ 7.751815398952794, 29.872835129910715 ], [ 7.822974996177044, 29.970211420849164 ], [ 7.807545687692901, 29.979332790097423 ], [ 7.574565475863068, 30.102882902431425 ], [ 7.397315552773342, 30.06894142779722 ], [ 7.291719853911377, 30.121739277228205 ], [ 7.1899351107681, 30.092052170868982 ], [ 6.993789132122263, 30.262219269464211 ], [ 7.008874231959687, 30.341416043610685 ], [ 6.933448732772569, 30.394213893041666 ], [ 6.771283909520266, 30.458325567350716 ], [ 6.650603110820878, 30.484724492066206 ], [ 6.635518010983454, 30.563921266212681 ], [ 6.629264098672864, 30.615345115491202 ], [ 6.499752112446643, 30.62049039060302 ], [ 6.394156413584678, 30.665745690115291 ], [ 6.382842588706611, 30.711000989627561 ], [ 6.446954263015661, 30.756256289139831 ], [ 6.416784063340814, 30.801511588652101 ], [ 6.303645814560138, 30.801511588652101 ], [ 6.262161790007223, 30.839224338245661 ], [ 6.247076690169799, 30.895793462635996 ], [ 6.167879916023326, 30.907107287514066 ], [ 6.103768241714276, 30.907107287514066 ], [ 5.994401267892956, 30.839224338245661 ], [ 6.050970392283294, 30.790197763774035 ], [ 6.152794816185903, 30.699687164749491 ], [ 6.098111329275242, 30.679887971212874 ], [ 6.000058180331989, 30.627090121781894 ], [ 5.9424421088562, 30.507883171506279 ], [ 5.615388134477691, 30.513951873001218 ], [ 5.555047735127997, 30.400813624220543 ], [ 5.411739286672473, 30.340473224870848 ], [ 5.343856337404067, 30.257505175765019 ], [ 5.521938849784774, 30.213530890156278 ], [ 5.592022726296677, 30.124757979907866 ], [ 5.694812411847471, 30.115413463039612 ], [ 5.771896045290959, 30.032171496943501 ], [ 6.005715092771023, 30.092511896293196 ], [ 6.122624616511056, 30.084969346374486 ], [ 6.179193740901393, 29.990687472390587 ], [ 6.171651190982682, 29.88886304848798 ], [ 6.319278559315031, 29.870017001466831 ], [ 6.348901114072408, 29.866235398731845 ], [ 6.424326613259526, 29.768182249788591 ], [ 6.356443663991119, 29.685214200682761 ], [ 6.394156413584678, 29.628645076292425 ], [ 6.469581912771796, 29.575847226861441 ], [ 6.578948886593117, 29.49665045271497 ], [ 6.582541514331594, 29.409902439486437 ], [ 6.42570870325, 29.339623383224883 ], [ 6.379071313747255, 29.280744961291845 ], [ 6.394156413584679, 29.231718386820219 ], [ 6.475079570346676, 29.194978551516602 ], [ 6.433029244439532, 29.054810798492792 ], [ 6.446954263015661, 29.005441889258865 ], [ 6.469581912771797, 28.922473840153035 ], [ 6.480895737649864, 28.850819615925275 ], [ 6.529944760186726, 28.820163976839737 ], [ 6.552549961877626, 28.70751116746975 ], [ 6.507294662365355, 28.632085668282635 ], [ 6.394570722582706, 28.566404379477706 ], [ 6.22362142580145, 28.555391735207419 ], [ 6.09011822331342, 28.574065834788094 ], [ 6.116159481816524, 28.443257532788365 ], [ 5.990008504095095, 28.368501397842333 ], [ 5.999353020963349, 28.298417521330432 ], [ 5.985336245660968, 28.186283318911382 ], [ 5.881487732286138, 28.155838970830629 ], [ 5.800353652442195, 28.105613111879617 ], [ 5.653605896837955, 28.078821374926459 ], [ 5.568541995745216, 28.059250780540221 ], [ 5.537633774852285, 28.001297866365977 ], [ 5.433318529338645, 27.962662590249813 ], [ 5.438682008868113, 27.915292329732019 ], [ 5.510589081570971, 27.908573203687187 ], [ 5.576269050968448, 27.850620289512939 ], [ 5.597538795628431, 27.784469093576462 ], [ 5.680584296482089, 27.703806240271522 ], [ 5.821807200466524, 27.662990374289162 ], [ 6.046075605304618, 27.592906497777257 ], [ 6.204595312510288, 27.421484172538563 ], [ 6.194540228630084, 27.32470565286615 ], [ 6.167217245037272, 27.276644161080625 ], [ 6.11150870283843, 27.24922244760101 ], [ 6.126605343891458, 27.17373924233587 ], [ 6.069992939942603, 27.151094280756329 ], [ 5.964316452571406, 27.143545960229815 ], [ 5.892607407569523, 27.128449319176788 ], [ 5.828446683094154, 27.20015836417867 ], [ 5.700125234143416, 27.252996607864269 ], [ 5.630358437531076, 27.332907589556353 ], [ 5.578646514856115, 27.313735967507917 ], [ 5.502862026347739, 27.28268173060534 ], [ 5.483544388289657, 27.232455871654327 ], [ 5.391756177491036, 27.229635315693631 ], [ 5.34036133471564, 27.178240472918233 ], [ 5.433318529338645, 27.101095932859373 ], [ 5.433318529338645, 27.004507742568965 ], [ 5.50856263834421, 27.005366910855539 ], [ 5.685028593090387, 27.034095312595362 ], [ 5.726544355986215, 26.96238626759348 ], [ 5.688802753353645, 26.871806421275313 ], [ 5.775608439408556, 26.815194017326455 ], [ 5.786930920198327, 26.701969209428746 ], [ 5.75947986766582, 26.649663432736745 ], [ 5.642673406812646, 26.598268589961346 ], [ 5.586606305603122, 26.514167938147065 ], [ 5.545384663349878, 26.411358869157958 ], [ 5.477449778611252, 26.347198144682586 ], [ 5.444909112173494, 26.292652780128662 ], [ 5.491271443512889, 26.203791645061489 ], [ 5.603313744249762, 26.172883424168557 ], [ 5.7539913211028, 26.203791645061489 ], [ 5.885351259897754, 26.230836338342801 ], [ 5.949219811518378, 26.192457573889051 ], [ 5.850579511393208, 26.157429313722094 ], [ 5.781036014384114, 26.107203454771081 ], [ 5.784899541995729, 26.010615264480673 ], [ 5.688311351705321, 25.921754129413497 ], [ 5.549224357687134, 25.879255325685715 ], [ 5.462353137558224, 25.962233797830372 ], [ 5.284967605185144, 25.882976432301977 ], [ 5.141549515181378, 25.867879791248949 ], [ 5.039647188073439, 25.882976432301977 ], [ 4.964163982808298, 25.954685477303862 ], [ 4.960389822545041, 26.056587804411802 ], [ 4.922648219912472, 26.098103567307625 ], [ 4.869809976226873, 26.139619330203455 ], [ 4.677327802800765, 26.166038452046251 ], [ 4.643360360431453, 26.215102535468596 ], [ 4.477297308848144, 26.241521657311392 ], [ 4.394265783056491, 26.343423984419331 ], [ 4.231976891736439, 26.366068945998876 ], [ 4.216880250683412, 26.422681349947727 ], [ 4.01684975673079, 26.328327343366304 ], [ 3.975333993834962, 26.256618298364423 ], [ 3.748884378039542, 26.24529581757465 ], [ 3.72623941646, 26.203780054678823 ], [ 3.752658538302799, 26.154715971256483 ], [ 3.752658538302799, 26.090555246781111 ], [ 3.703594454880458, 26.041491163358771 ], [ 3.58659548671949, 26.003749560726202 ], [ 3.582821326456234, 25.939588836250831 ], [ 3.450725717242238, 25.849008989932663 ], [ 3.465822358295266, 25.777299944930782 ], [ 3.510286842807027, 25.713681434365554 ], [ 3.468236516899884, 25.662286591590156 ], [ 3.49423411049359, 25.6035406566616 ], [ 3.58812489502979, 25.58006796052755 ], [ 3.635070287297891, 25.544858916326476 ], [ 3.607685475141499, 25.431407551678568 ], [ 3.545091618784032, 25.38837427543281 ], [ 3.466849298337198, 25.36490157929876 ], [ 3.41216941569036, 25.311867209030634 ], [ 3.302540425398846, 25.126262501935916 ], [ 3.216473872907329, 25.134086733980599 ], [ 3.181264828706254, 25.075404993645474 ], [ 3.193001176773279, 24.981514209109271 ], [ 3.127161651208616, 24.910052983695714 ], [ 3.108472617472108, 24.807263298144925 ], [ 3.212561756884988, 24.745809218763185 ], [ 3.196913292795621, 24.659742666271669 ], [ 3.13650616807687, 24.615700702345716 ], [ 3.063901348036003, 24.542379185601416 ], [ 2.993483259633853, 24.518906489467366 ], [ 2.989571143611511, 24.464136865154583 ], [ 2.966098447477461, 24.366333964596041 ], [ 2.903504591119994, 24.29982799221623 ], [ 2.887856127030627, 24.241146251881105 ], [ 2.898220987936394, 24.111096791460007 ], [ 2.989571143611511, 24.069013146898072 ], [ 3.071725580080686, 24.061188914853389 ], [ 3.032604419857269, 23.986858710428894 ], [ 2.973922679522144, 23.979034478384211 ], [ 2.884204212634013, 23.942895487831436 ], [ 2.846826145160997, 23.896172903490164 ], [ 2.846826145160997, 23.807399993241752 ], [ 2.860471314874235, 23.713010588864975 ], [ 2.833086502717843, 23.634768268418142 ], [ 2.893548729502267, 23.541081262496515 ], [ 2.967633203545344, 23.448643062501208 ], [ 3.020471447230943, 23.335418254603496 ], [ 3.002712730849352, 23.223764916555687 ], [ 3.049435315190623, 23.125647489439022 ], [ 3.072796607361258, 23.050891354492986 ], [ 3.156897259175543, 22.999496511717595 ], [ 3.245670169423955, 22.915395859903306 ], [ 3.362476630277128, 22.887362309298545 ], [ 3.311081787501732, 22.80326165748426 ], [ 3.236325652555702, 22.714488747235848 ], [ 3.198947585082685, 22.593010027948544 ], [ 3.173440596661571, 22.467001635749146 ], [ 3.071725580080686, 22.404407779391679 ], [ 3.1148469332684, 22.336035814071565 ], [ 3.180258551346177, 22.29398548816442 ], [ 3.271243497220113, 22.294868530766113 ], [ 3.395182439316017, 22.298657746598547 ], [ 3.497972124866811, 22.359397106242199 ], [ 3.497972124866811, 22.434153241188227 ], [ 3.582072776681096, 22.550959702041407 ], [ 3.69887923753427, 22.53694292673902 ], [ 3.809270942251657, 22.539070439056271 ], [ 3.888528307780054, 22.62587612511118 ], [ 3.951181192977127, 22.705144230367591 ], [ 4.099881282522446, 22.807035817747519 ], [ 4.224428571209928, 22.852325740906601 ], [ 4.315008417528095, 22.924034785908486 ], [ 4.379169142003465, 22.893841503802427 ], [ 4.359287986298439, 22.79712587770355 ], [ 4.382943302266722, 22.705133490639579 ], [ 4.394265783056493, 22.622101964847925 ], [ 4.331254435693677, 22.498101337919422 ], [ 4.312565401957169, 22.320555517422601 ], [ 4.394998824637765, 22.247923138498013 ], [ 4.449768448950549, 22.150120237939468 ], [ 4.563219813598458, 22.048405221358585 ], [ 4.54365923348675, 21.919305392621308 ], [ 4.492801725196307, 21.813678260018083 ], [ 4.496713841218649, 21.68849054730315 ], [ 4.616262200175421, 21.596355460132919 ], [ 4.75100138267086, 21.508533210275431 ], [ 4.864452747318769, 21.473324166074356 ], [ 4.892160331643493, 21.401488812843009 ], [ 4.882815814775239, 21.303371385726344 ], [ 4.831420971999843, 21.205253958609678 ], [ 4.794042904526827, 21.149186857400153 ], [ 4.795788360581006, 21.057571517459486 ], [ 4.823821911185767, 20.964126348776951 ], [ 4.926611596736561, 20.875353438528538 ], [ 4.99453060506163, 20.82880305139356 ], [ 5.057124461419098, 20.731000150835019 ], [ 5.187202319161959, 20.711439570723311 ], [ 5.267400697619964, 20.674274468511065 ], [ 5.32803849596626, 20.61363667016477 ], [ 5.30456579983221, 20.566691277896666 ], [ 5.310433973865722, 20.486492899438662 ], [ 5.410192932435436, 20.464976261315783 ], [ 5.51190794901632, 20.490405015461004 ], [ 5.545160935206225, 20.449327797226417 ], [ 5.568633631340274, 20.406294520980659 ], [ 5.644919893775938, 20.382821824846609 ], [ 5.625359313664229, 20.33783249058968 ], [ 5.599930559519008, 20.300667388377434 ], [ 5.611666907586033, 20.259590170142843 ], [ 5.674177930862653, 20.192214206103653 ], [ 5.688194706165033, 20.094096778986991 ], [ 5.753606324242811, 20.033357419343339 ], [ 5.907614446879681, 20.041438526215753 ], [ 5.971796209797986, 20.01477087353679 ], [ 6.017050408283503, 19.945273354434029 ], [ 6.199683423600056, 19.951738239931959 ], [ 6.282110713698677, 19.917797591067821 ], [ 6.340294683180058, 19.840218965092649 ], [ 6.382316438916609, 19.824056751347822 ], [ 6.432419301525576, 19.838602743718166 ], [ 6.497068156504886, 19.91133270556989 ], [ 6.636063194710405, 19.942040911685062 ], [ 6.697479606940751, 20.030933087281618 ], [ 6.817079988652475, 20.048711522400925 ], [ 6.883345065006269, 20.06810617889472 ], [ 6.957691248232477, 20.11982526287817 ], [ 6.973853461977304, 20.165079461363685 ], [ 7.069197878092075, 20.18533341302658 ], [ 7.122721721215512, 20.180858835193217 ], [ 7.171623171494783, 20.241496633539516 ], [ 7.251415957023028, 20.255417289538485 ], [ 7.381899407695649, 20.237584517517174 ], [ 7.530559816544633, 20.249320865584199 ], [ 7.632274833125518, 20.304090489896982 ], [ 7.681559372353337, 20.357605806893716 ], [ 7.677264167382447, 20.44101455067894 ], [ 7.696656013406365, 20.493475576370969 ], [ 7.812232170153235, 20.491872058969381 ], [ 7.878738142533044, 20.507520523058748 ], [ 7.902210838667094, 20.46448724681299 ], [ 7.915557308675272, 20.357605806893716 ], [ 7.938397911873755, 20.30751359141653 ], [ 7.981431188119514, 20.262524257159601 ], [ 7.97911903177123, 20.196172054832473 ], [ 7.99512359419771, 20.162765298589889 ], [ 8.047937160499323, 20.131468370411152 ], [ 8.104662842823277, 20.115819906321786 ], [ 8.151992593833928, 20.135432695188822 ], [ 8.208333917415333, 20.156897124556377 ], [ 8.323166617107027, 20.15380115267784 ], [ 8.366774616320171, 20.111907790299444 ], [ 8.38633519643188, 20.061050282009003 ], [ 8.45903638658428, 20.010383062674073 ], [ 8.523259257213839, 20.027797295819099 ], [ 8.566292533459597, 20.068874514053686 ], [ 8.619106099761211, 20.098215384221248 ], [ 8.740697156533924, 20.112071403018184 ], [ 8.787419740875194, 20.079365593979301 ], [ 8.866848134255353, 20.135432695188825 ], [ 8.917404946464766, 20.149561907014483 ], [ 8.974130628788719, 20.104572572757554 ], [ 9.028900253101503, 20.055671122478284 ], [ 9.1364834437159, 20.073275644578821 ], [ 9.212769706151564, 20.122177094858092 ], [ 9.236242402285614, 20.167166429115021 ], [ 9.326221070799471, 20.174990661159704 ], [ 9.373166463067573, 20.159342197070337 ], [ 9.46118907357026, 20.208243647349608 ], [ 9.519870813905387, 20.263013271662395 ], [ 9.641268126610624, 20.279962870127282 ], [ 9.748730070595546, 20.289307386995535 ], [ 9.832830722409831, 20.251929319522521 ], [ 9.944964924828877, 20.279962870127282 ], [ 10.0010320260384, 20.34537448820506 ], [ 10.159888812798718, 20.476197724360617 ], [ 10.295384307388399, 20.513575791833631 ], [ 10.457836188245674, 20.484804897966445 ], [ 10.546697323312848, 20.442306094238663 ], [ 10.678057262107803, 20.473214315131596 ], [ 10.753725826644541, 20.561410461109595 ], [ 10.867370115077003, 20.53116722930584 ], [ 11.017917045072531, 20.546313820056568 ], [ 11.244366660867952, 20.440637332685373 ], [ 11.440205296420181, 20.427562452885123 ], [ 11.508715698605315, 20.422988456180583 ], [ 11.606686046140625, 20.402895730052801 ], [ 11.570532140391176, 20.341854376336638 ], [ 11.388946342645209, 20.337990848725024 ], [ 11.289656584027036, 20.319864204261147 ], [ 11.184179379229544, 20.291628517385629 ], [ 11.019000257413101, 20.316698806049338 ], [ 10.930067472404092, 20.265211404202017 ], [ 10.866574744061692, 20.186827537964216 ], [ 10.79181860911566, 20.186827537964216 ], [ 10.773493117329121, 20.200571656804122 ], [ 10.717062474169628, 20.242894639173741 ], [ 10.646978597657725, 20.247566897607872 ], [ 10.506810844633916, 20.163466245793582 ], [ 10.453972660634058, 20.098452136804813 ], [ 10.415337384517896, 20.044362750242183 ], [ 10.318749194227486, 19.99413689129117 ], [ 10.221803080152171, 20.018626234335649 ], [ 10.164208089762834, 20.086861553969964 ], [ 10.100885468449439, 20.093414588465727 ], [ 9.83194471516383, 20.094588609193195 ], [ 9.783856006335851, 20.055672985833155 ], [ 9.7063800677863, 19.947774559951775 ], [ 9.5170672148171, 19.928456921893694 ], [ 9.500099792234016, 19.928456921893694 ], [ 9.405024914080226, 19.928456921893694 ], [ 9.323890834236284, 19.92072986667046 ], [ 9.262074392450423, 19.851186369661367 ], [ 9.138441508878699, 19.800960510710354 ], [ 9.058410730054558, 19.714929436117394 ], [ 9.007081570083745, 19.669600571915399 ], [ 8.879585158900406, 19.669600571915399 ], [ 8.722008122797416, 19.635501042737232 ], [ 8.697999361154439, 19.68891820997348 ], [ 8.614546178812496, 19.724273952985644 ], [ 8.581840369773607, 19.7850133126293 ], [ 8.634251155562769, 19.820278148768438 ], [ 8.529935910049128, 19.831868731603286 ], [ 8.452665357816802, 19.785506400263888 ], [ 8.359940695138009, 19.739144068924492 ], [ 8.286533670517299, 19.727553486089644 ], [ 8.228580756343055, 19.685054682361866 ], [ 8.166764314557193, 19.704372320419946 ], [ 8.128129038441029, 19.76232523459419 ], [ 8.077903179490018, 19.781642872652274 ], [ 8.000632627257691, 19.781642872652274 ], [ 7.907907964578899, 19.828005203991669 ], [ 7.82291035712334, 19.785506400263888 ], [ 7.726322166832932, 19.754598179370959 ], [ 7.614279866096059, 19.739144068924492 ], [ 7.537009313863733, 19.789369927875505 ], [ 7.401785847457161, 19.750734651759341 ], [ 7.310992948584177, 19.766188762205807 ], [ 7.334174114253876, 19.658009989080551 ], [ 7.210541230682153, 19.580739436848223 ], [ 7.133270678449827, 19.489946537975239 ], [ 7.102362457556896, 19.420403040966146 ], [ 7.02509190532457, 19.397221875296449 ], [ 6.978729573985174, 19.36631365440352 ], [ 7.044409543382652, 19.339268961122205 ], [ 6.990320156820022, 19.20790902232725 ], [ 6.858960218025068, 19.173137273822704 ], [ 6.789416721015974, 19.08041261114391 ], [ 6.677374420279101, 19.061094973085829 ], [ 6.546014481484145, 19.034050279804514 ], [ 6.437726523198156, 18.961483956293712 ], [ 6.227474893662442, 18.882055562913553 ], [ 6.096651657506888, 18.821316203269905 ], [ 5.993861971956094, 18.816643944835782 ], [ 5.947139387614826, 18.774593618928638 ], [ 5.993530033023012, 18.705650432817126 ], [ 6.082391168090187, 18.667015156700963 ], [ 6.171252303157362, 18.601335187303487 ], [ 6.260113438224538, 18.582017549245403 ], [ 6.325793407622015, 18.570426966410555 ], [ 6.345111045680096, 18.527928162682777 ], [ 6.381659421988633, 18.49425811288102 ], [ 6.391473377019492, 18.392704696276205 ], [ 6.418518070300807, 18.34634236493681 ], [ 6.333520462845248, 18.284525923150948 ], [ 6.329656935233632, 18.234300064199935 ], [ 6.321929880010399, 18.164756567190842 ], [ 6.19443346882706, 18.145438929132759 ], [ 6.07852764047857, 18.141575401521145 ], [ 6.045256814731491, 18.204578089965153 ], [ 5.981939450188162, 18.26134475748125 ], [ 5.854443039004823, 18.284525923150948 ], [ 5.750904533381493, 18.255972932740544 ], [ 5.680820656869589, 18.326056809252449 ], [ 5.643442589396573, 18.433518753237372 ], [ 5.564014196016415, 18.550325214090542 ], [ 5.479913544202129, 18.592375539997686 ], [ 5.377123858651336, 18.573686506261179 ], [ 5.316384499007685, 18.517619405051654 ], [ 5.255596259204293, 18.51247405223631 ], [ 5.197643345030048, 18.585881076857021 ], [ 5.054738026696575, 18.657787158075465 ], [ 5.031376734525941, 18.783938135796891 ], [ 4.985149326391151, 18.898826813397942 ], [ 4.904015246547208, 18.933598561902489 ], [ 4.907878774158824, 19.018596169358048 ], [ 4.753337669694171, 19.014732641746434 ], [ 4.734020031636089, 18.945189144737338 ], [ 4.652923801361657, 18.844677495440546 ], [ 4.645158896568915, 18.763603346991371 ], [ 4.578167666415625, 18.769921360494511 ], [ 4.506071902550727, 18.813829205942383 ], [ 4.451982515988099, 18.74428570893329 ], [ 4.382439018979005, 18.748149236544908 ], [ 4.28198730107698, 18.763603346991371 ], [ 4.199055307969126, 18.740174796314239 ], [ 4.184302600856171, 18.676246398824766 ], [ 4.292489119684508, 18.65657612267416 ], [ 4.32691210294807, 18.597565294222338 ], [ 4.282653981609204, 18.53855446577052 ], [ 4.213808015082082, 18.469708499243396 ], [ 4.262983705458598, 18.410697670791574 ], [ 4.277736412571553, 18.351686842339756 ], [ 4.149879617592609, 18.381192256565665 ], [ 4.061363374914879, 18.346769273302105 ], [ 4.00727011550071, 18.292676013887935 ], [ 4.002352546463059, 18.22383004736081 ], [ 4.051528236839576, 18.169736787946643 ], [ 4.329370887466896, 18.156213473093104 ], [ 4.361335086211632, 18.140231373720731 ], [ 4.346582379098677, 18.094743860122456 ], [ 4.302324257759811, 18.076302976231261 ], [ 4.06136337491488, 18.07507358397185 ], [ 4.031513429622771, 18.059738078507216 ], [ 3.994976192906582, 18.013603971001203 ], [ 3.852366690814683, 18.016062755520029 ], [ 3.817943707551121, 18.025897893595332 ], [ 3.805649784956992, 18.052944523302415 ], [ 3.783520724287559, 18.07507358397185 ], [ 3.663040282865093, 18.072614799453024 ], [ 3.640911222195661, 18.052944523302415 ], [ 3.626158515082706, 18.011145186482377 ], [ 3.633534868639183, 17.944758004474078 ], [ 3.65320514478979, 17.920170159285821 ], [ 3.532724703367323, 17.915252590248169 ], [ 3.49338415106611, 17.898041098616389 ], [ 3.4638787368402, 17.866076899871654 ], [ 3.476172659434329, 17.83165391660809 ], [ 3.569606471149711, 17.821818778532787 ], [ 3.692545697091003, 17.777560657193924 ], [ 3.729427464873391, 17.743137673930359 ], [ 3.707298404203958, 17.647245077696152 ], [ 3.699922050647481, 17.551352481461944 ], [ 3.672875420940397, 17.475130161378345 ], [ 3.559771333074408, 17.443165962633607 ], [ 3.503219289141414, 17.465295023303042 ], [ 3.370444925124818, 17.438248393595956 ], [ 3.331104372823605, 17.484965299453648 ], [ 3.299140174078869, 17.455459885227736 ], [ 3.31635166571065, 17.379237565144138 ], [ 3.33356315734243, 17.339897012842922 ], [ 3.242588130145874, 17.325144305729967 ], [ 3.205706362363486, 17.283344968909926 ], [ 3.21554150043879, 17.234169278533411 ], [ 3.247505699183526, 17.20958143334515 ], [ 3.289305036003565, 17.197287510751025 ], [ 3.370444925124818, 17.19236994171337 ], [ 3.449126029727245, 17.153029389412158 ], [ 3.458961167802548, 17.121065190667419 ], [ 3.449126029727245, 17.084183422885033 ], [ 3.326186803785953, 17.044842870583821 ], [ 3.254882052740003, 16.93911513627431 ], [ 3.2450469146647, 16.904692153010746 ], [ 3.272093544371784, 16.88502187686014 ], [ 3.34585707993656, 16.919444860123701 ], [ 3.385197632237773, 16.909609722048398 ], [ 3.409785477426031, 16.892398230416617 ], [ 3.456502383283723, 16.830928617445974 ], [ 3.55239497951793, 16.821093479370667 ], [ 3.643370006714486, 16.791588065144758 ], [ 3.714674757760436, 16.74978872832472 ], [ 3.760522440443408, 16.751505716951669 ], [ 3.835278575389439, 16.686094098873888 ], [ 3.749097741023997, 16.582591381044558 ], [ 3.741721387467519, 16.535874475186866 ], [ 3.783520724287559, 16.508827845479782 ], [ 3.94825928704889, 16.501451491923305 ], [ 4.061363374914879, 16.422770387320877 ], [ 4.185697957948961, 16.433792143431035 ], [ 4.31184893567039, 16.443136660299288 ], [ 4.573495407981499, 16.475842469338176 ], [ 4.74169671161007, 16.522565053679443 ], [ 4.811780588121974, 16.503876019942943 ], [ 4.84915865559499, 16.443136660299288 ], [ 4.919242532106894, 16.410430851260401 ], [ 4.998670925487052, 16.349691491616746 ], [ 5.073427060433084, 16.391741817523894 ], [ 5.199578038154512, 16.429119884996908 ], [ 5.29302320683705, 16.457153435601668 ], [ 5.349090308046574, 16.424447626562774 ], [ 5.481612624483849, 16.501507930390019 ], [ 5.57433728716264, 16.470599709497087 ], [ 5.599930559519043, 16.390262916795511 ], [ 5.6481148478307, 16.349691491616746 ], [ 5.817739526694469, 16.331512715478901 ], [ 5.865954449038279, 16.394175032817852 ], [ 5.940284653462771, 16.499802165421077 ], [ 6.014614857887263, 16.566308137800888 ], [ 6.073296598222389, 16.632814110180696 ], [ 6.171099498780931, 16.675847386426454 ], [ 6.335408371719282, 16.671935270404113 ], [ 6.519277824769342, 16.621077762113671 ], [ 6.652289769528959, 16.644550458247721 ], [ 6.778801388889424, 16.667405065137388 ], [ 6.86290204070371, 16.695438615742148 ], [ 7.003069793727518, 16.709455391044528 ], [ 7.101187220844184, 16.76552249225405 ], [ 7.232010456999741, 16.844950885634212 ], [ 7.330127884116407, 16.854295402502459 ], [ 7.456278861837835, 16.849623144068339 ], [ 7.526362738349738, 16.915034762146114 ], [ 7.638496940768785, 16.915034762146114 ], [ 7.951160483697358, 16.977226296316118 ], [ 8.437999818424874, 17.178846626859837 ], [ 8.560939044366165, 17.169011488784534 ], [ 8.595362027629728, 17.100165522257409 ], [ 8.329813299596536, 16.937885744014903 ], [ 8.31014302344593, 16.878874915563085 ], [ 8.344566006709492, 16.819864087111263 ], [ 8.497010646876694, 16.751018120584142 ], [ 8.92165692959979, 16.75271712354844 ], [ 9.089858233228359, 16.631238404261136 ], [ 9.272076312159312, 16.509759684973833 ], [ 9.544452851896501, 16.421540995061477 ], [ 9.36742036654104, 16.31335447623314 ], [ 9.342832521352783, 16.219920664517758 ], [ 9.431348764030513, 16.170744974141243 ], [ 9.589789885679943, 16.224751920492093 ], [ 9.714108983695489, 16.298601769120165 ], [ 9.817377933486174, 16.288766631044862 ], [ 9.881306330975645, 16.229755802593044 ], [ 9.723944121770792, 16.185497681254176 ], [ 9.640345448130713, 16.1117341456894 ], [ 9.669850862356624, 16.02321790301167 ], [ 9.748531966959051, 15.998630057823412 ], [ 9.723944121770792, 15.885525969957424 ], [ 9.768202243109657, 15.821597572467953 ], [ 10.018998264029893, 15.747834036903177 ], [ 10.092761799594667, 15.752751605940828 ], [ 10.036711678579495, 15.889138803948832 ], [ 9.928532905454238, 15.931637607676612 ], [ 9.925564452314511, 15.998630057823412 ], [ 10.009666985298182, 16.008908159908938 ], [ 10.110118703200206, 16.001181104685706 ], [ 10.237615114383544, 16.051406963636719 ], [ 10.314052406288994, 16.042888179162279 ], [ 10.287840973334557, 15.977999939016007 ], [ 10.166525335159443, 15.900278677070379 ], [ 10.255041577837174, 15.762586744016133 ], [ 10.353392958590208, 15.69865834652666 ], [ 10.42223892511733, 15.723246191714919 ], [ 10.476332184531499, 15.654400225187796 ], [ 10.436991632230285, 15.565883982510066 ], [ 10.500920029719758, 15.506873154058246 ], [ 10.442382077799209, 15.402334324885175 ], [ 10.457836188245675, 15.328927300264464 ], [ 10.654876096438107, 15.19756736146951 ], [ 10.697374900165887, 15.048821548422284 ], [ 10.790099562844679, 15.037230965587435 ], [ 10.85990256946833, 14.985610836067167 ], [ 10.894414808358318, 14.905871026792481 ], [ 10.809417200902759, 14.809282836502073 ], [ 10.890551280746703, 14.774511087997524 ], [ 10.967821832979029, 14.770647560385909 ], [ 11.043677689274109, 14.748685653308421 ], [ 11.083727661327519, 14.697240535765198 ], [ 11.002593581483577, 14.64315114920257 ], [ 10.929186556862867, 14.558153541747011 ], [ 11.024988655537602, 14.519744990036202 ], [ 11.106908826997216, 14.465428879068218 ], [ 11.041228857599739, 14.372704216389428 ], [ 10.95623125014418, 14.334068940273264 ], [ 10.852115093474904, 14.360888203275884 ], [ 10.805553673291143, 14.283843081322251 ], [ 10.755327814340131, 14.25293486042932 ], [ 10.660552497675699, 14.21137593338382 ], [ 10.620104347933561, 14.125438449245982 ], [ 10.562151433759315, 14.059758479848504 ], [ 10.481017353915373, 14.090666700741435 ], [ 10.38021699162808, 14.043174629755249 ], [ 10.330339777062337, 13.967033817169714 ], [ 10.24147864199516, 13.963170289558096 ], [ 10.156481034539601, 13.994078510451027 ], [ 10.056029316637577, 13.963170289558096 ], [ 9.992419541595543, 13.926368168902073 ], [ 9.936352440386019, 13.926368168902073 ], [ 9.797172966659284, 13.843400933597991 ], [ 9.731492997261805, 13.781584491812129 ], [ 9.824218237966972, 13.67406621345922 ], [ 9.856924047005862, 13.585293303210811 ], [ 9.708311831592107, 13.553636362726767 ], [ 9.700584776368876, 13.499546976164138 ], [ 9.770128273377969, 13.464775227659592 ], [ 9.866716463668377, 13.44545758960151 ], [ 9.87444351889161, 13.360459982145951 ], [ 9.994212874851716, 13.348869399311102 ], [ 10.005803457686564, 13.294780012748474 ], [ 9.959441126347169, 13.232963570962612 ], [ 9.932396433065854, 13.144102435895437 ], [ 10.04381438437094, 13.141428751968746 ], [ 10.179662200209298, 13.186601239623215 ], [ 10.260796280053242, 13.244554153797461 ], [ 10.330339777062337, 13.225236515739379 ], [ 10.419200912129511, 13.221372988127763 ], [ 10.511040227783637, 13.234873920651282 ], [ 10.612377292710327, 13.294780012748474 ], [ 10.577605544205781, 13.360459982145951 ], [ 10.631694930768409, 13.399095258262113 ], [ 10.720556065835584, 13.414549368708579 ], [ 10.77850898000983, 13.449321117213126 ], [ 10.844188949407307, 13.495683448552521 ], [ 10.948504194920947, 13.464775227659592 ], [ 11.064410023269437, 13.511137558998987 ], [ 11.126226465055298, 13.457048172436359 ], [ 11.258225661518116, 13.479605318286328 ], [ 11.334447981601718, 13.580415483558188 ], [ 11.338029970624108, 13.641360404420332 ], [ 11.375408038097126, 13.702099764063981 ], [ 11.436147397740774, 13.725461056234614 ], [ 11.501559015818552, 13.706772022498107 ], [ 11.636212109788652, 13.752608034725009 ], [ 11.844842600815934, 13.66761042726945 ], [ 11.991656650057353, 13.706245703385612 ], [ 12.13074364407554, 13.636702206376519 ], [ 12.098513283301129, 13.524361442747967 ], [ 12.192560085861402, 13.466706991465401 ], [ 12.218619601192614, 13.409597268648243 ], [ 12.290993747605937, 13.372432166435997 ], [ 12.351631545952232, 13.343091296268435 ], [ 12.361411836008086, 13.276585323888625 ], [ 12.384884532142138, 13.2179035835535 ], [ 12.380972416119794, 13.159221843218374 ], [ 12.320334617773499, 13.114232508961445 ], [ 12.334027023851695, 13.057506826637491 ], [ 12.36923606805277, 13.014473550391733 ], [ 12.377060300097453, 12.96557210011246 ], [ 12.294905863628278, 12.959703926078948 ], [ 12.27534528351657, 12.89319795369914 ], [ 12.312510385728816, 12.854076793475722 ], [ 12.367280010041599, 12.820823807285818 ], [ 12.418137518332042, 12.787570821095914 ], [ 12.396620880209163, 12.719108790704935 ], [ 12.365323952030428, 12.662383108380979 ], [ 12.300774037661791, 12.654558876336296 ], [ 12.244048355337837, 12.642822528269271 ], [ 12.220575659203785, 12.619349832135221 ], [ 12.224487775226127, 12.590008961967659 ], [ 12.204927195114418, 12.539151453677215 ], [ 12.152113628812806, 12.529371163621361 ], [ 12.097344004500023, 12.515678757543165 ], [ 12.060178902287776, 12.462865191241553 ], [ 12.075827366377142, 12.439392495107503 ], [ 12.120816700634073, 12.415919798973452 ], [ 12.167762092902173, 12.406139508917597 ], [ 12.230355949259639, 12.413963740962281 ], [ 12.259696819427203, 12.45504095919687 ], [ 12.306642211695303, 12.451128843174528 ], [ 12.355487497178112, 12.4731032950694 ], [ 12.382928474130967, 12.43156826306282 ], [ 12.412269344298529, 12.390491044828231 ], [ 12.449434446510775, 12.357238058638327 ], [ 12.431829924410238, 12.325941130459594 ], [ 12.34771942992989, 12.329853246481935 ], [ 12.320334617773499, 12.300512376314373 ], [ 12.308598269706474, 12.241830635979246 ], [ 12.34771942992989, 12.208088635286551 ], [ 12.34771942992989, 12.167011417051961 ], [ 12.337939139874036, 12.122022082795032 ], [ 12.320334617773499, 12.06920851649342 ], [ 12.332070965840524, 12.028131298258831 ], [ 12.334027023851695, 11.959669267867852 ], [ 12.281213457550082, 11.95380109383434 ], [ 12.224487775226127, 11.957713209856681 ], [ 12.169718150913344, 11.971405615934877 ], [ 12.130596990689927, 11.961625325879023 ], [ 12.083651598421826, 11.928372339689119 ], [ 12.038662264164897, 11.918592049633265 ], [ 11.986379080882084, 11.917104541408293 ], [ 11.954551769684551, 11.955757151845511 ], [ 11.901738203382937, 11.967493499912536 ], [ 11.843056463047812, 11.97727378996839 ], [ 11.782418664701515, 11.981185905990731 ], [ 11.727649040388732, 11.955757151845511 ], [ 11.645494603919557, 11.95380109383434 ], [ 11.578988631539747, 11.942064745767315 ], [ 11.520306891204623, 11.93032839770029 ], [ 11.497855359551572, 11.896766402464548 ], [ 11.543140020725341, 11.860538673525532 ], [ 11.633709343072878, 11.833367876821272 ], [ 11.484269961199441, 11.738270088356357 ], [ 11.466156096729932, 11.647700766008819 ], [ 11.280488985917481, 11.656757698243574 ], [ 11.103878807339782, 11.729213156121604 ], [ 11.049537213931261, 11.697513893299966 ], [ 11.040480281696507, 11.616001503187181 ], [ 10.913683230409955, 11.539017579191775 ], [ 11.004252552757492, 11.457505189078992 ], [ 11.103878807339782, 11.394106663435716 ], [ 11.090293408987653, 11.330708137792438 ], [ 10.954439425466347, 11.262781146031786 ], [ 10.823113908062417, 11.163154891449494 ], [ 10.50060089882971, 11.006014146753536 ], [ 10.442069334617781, 10.994196649157505 ], [ 10.390674491842384, 10.952146323250364 ], [ 10.315318708691667, 10.958857726041007 ], [ 10.198489533904176, 10.967956932305729 ], [ 10.232912517167739, 11.039261683351677 ], [ 10.208324671979481, 11.093354942765846 ], [ 9.988596784643564, 11.143526071765415 ], [ 9.848429031619753, 11.050080903082872 ], [ 9.759656121371343, 11.031391869346372 ], [ 9.610143851479281, 11.059425419951125 ], [ 9.44194254785071, 11.040736386214625 ], [ 9.269068985788012, 11.045408644648745 ], [ 9.231690918314996, 10.95196347596621 ], [ 9.166279300237219, 10.919257666927322 ], [ 9.001061473235993, 10.803218369544396 ], [ 8.917462799595913, 10.803218369544396 ], [ 8.855993186625268, 10.808135938582048 ], [ 8.742889098759282, 10.918781241929212 ], [ 8.693713408382763, 10.840100137326784 ], [ 8.524057276583779, 10.749125110130228 ], [ 8.361777498341274, 10.65323251389602 ], [ 8.16999230587286, 10.581927762850071 ], [ 8.140486891646951, 10.616350746113634 ], [ 8.140486891646951, 10.64831494485837 ], [ 8.201956504617597, 10.658150082933673 ], [ 8.219167996249377, 10.69011428167841 ], [ 8.209332858174074, 10.788465662431443 ], [ 8.322436946040062, 10.857311628958566 ], [ 8.297849100851804, 10.918781241929212 ], [ 8.24129705691881, 10.931075164523342 ], [ 8.142945676165777, 10.931075164523342 ], [ 8.11098147742104, 10.980250854899859 ], [ 8.103605123864563, 11.036802898832853 ], [ 8.059347002525698, 11.046638036908156 ], [ 7.997996637710203, 11.062625814764107 ], [ 7.857828884686392, 11.085987106934741 ], [ 7.781504351898377, 11.081061020171719 ], [ 7.717575954408906, 11.152365771217667 ], [ 7.636436065287653, 11.15359516347708 ], [ 7.53808468453462, 11.142530633142364 ], [ 7.459237768098769, 11.057787744496553 ], [ 7.375137116284484, 11.011065160155285 ], [ 7.178902262051152, 11.029754193891792 ], [ 7.048079025895597, 10.889586440867982 ], [ 6.884549980701153, 10.898930957736235 ], [ 6.82848287949163, 10.889586440867982 ], [ 6.837827396359883, 10.772779980014812 ], [ 6.78176029515036, 10.660645777595763 ], [ 6.711676418638455, 10.529822541440206 ], [ 6.725693193940836, 10.43637737275767 ], [ 6.800449328886867, 10.356948979377508 ], [ 6.963978374081312, 10.28219284443148 ], [ 7.029389992159088, 10.207436709485451 ], [ 7.045414680158296, 10.08859280770791 ], [ 7.068775972328932, 10.013836672761874 ], [ 7.003364354251153, 9.897030211908698 ], [ 6.933280477739248, 9.766206975753148 ], [ 6.830490792188455, 9.630711481163464 ], [ 6.80712950001782, 9.44849340223252 ], [ 6.680978522296392, 9.44849340223252 ], [ 6.610894645784488, 9.411115334759499 ], [ 6.606222387350361, 9.331686941379344 ], [ 6.536138510838456, 9.224224997394421 ], [ 6.536138510838456, 9.126107570277759 ], [ 6.489415926497187, 9.051351435331716 ], [ 6.466054634326553, 8.911183682307913 ], [ 6.433348825287664, 8.682243019035687 ], [ 6.405315274682901, 8.602814625655531 ], [ 6.279164296961475, 8.411252029856326 ], [ 6.190391386713062, 8.215017175623002 ], [ 6.199735903581317, 8.051488130428551 ], [ 6.317080981602786, 7.969270165971905 ], [ 6.219027832659533, 7.871217017028651 ], [ 6.117203408756923, 7.769392593126041 ], [ 6.039538618491387, 7.571894003177882 ], [ 5.932410935748484, 7.509174620930485 ], [ 5.770246112496181, 7.501632071011772 ], [ 5.72499081298391, 7.392265097190452 ], [ 5.592996189406453, 7.350781072637537 ], [ 5.47608666566642, 7.358323622556249 ], [ 5.385576066641879, 7.331924697840758 ], [ 5.385576066641879, 7.264041748572351 ], [ 5.344092042088964, 7.233871548897504 ], [ 5.129129369405678, 7.203701349222657 ], [ 5.076331519974695, 7.158446049710387 ], [ 4.997134745828221, 7.177302424507165 ], [ 4.90662414680368, 7.105648200279403 ], [ 4.914166696722392, 6.969882301742591 ], [ 4.876453947128833, 6.920855727270965 ], [ 4.799310326537003, 6.875130277710808 ], [ 4.645125798210814, 6.847096727106054 ], [ 4.547008371094146, 6.809718659633033 ], [ 4.457842426640328, 6.807717478490288 ], [ 4.324453318429246, 6.80523474193358 ], [ 4.17961330697131, 6.660394730475643 ], [ 4.088410004621968, 6.642954963691074 ], [ 4.011234834542161, 6.588661821542009 ], [ 3.922461924293749, 6.551283754068987 ], [ 3.88975611525486, 6.457838585386452 ], [ 3.97530591675598, 6.338065683356669 ], [ 3.876954536002946, 6.190538612227119 ], [ 3.754015310061654, 6.102022369549389 ], [ 3.709757188722789, 6.01842369590931 ], [ 3.5966531008568, 5.934825022269232 ], [ 3.458961167802553, 5.777462813064377 ], [ 3.435599875631918, 5.63262280160644 ], [ 3.477650201539061, 5.581227958831046 ], [ 3.524372785880332, 5.515816340753271 ], [ 3.622490212996997, 5.515816340753271 ], [ 3.701918606377156, 5.576555700396919 ], [ 3.814052808796203, 5.61393376786994 ], [ 3.963565078688265, 5.61393376786994 ], [ 4.033648955200169, 5.651311835342947 ], [ 4.211194775696994, 5.735412487157237 ], [ 4.323328978116042, 5.782135071498504 ], [ 4.323328978116042, 5.870907981746913 ], [ 4.482185764876357, 5.992386701034216 ], [ 4.687765135977946, 6.053126060677864 ], [ 4.939149448135709, 6.161033198001209 ], [ 5.130934640604125, 6.106939938587041 ], [ 5.381730661524361, 6.175785905114164 ], [ 5.49483474939035, 6.156115628963557 ], [ 5.549931965152932, 6.079076742489633 ], [ 5.559276482021185, 5.948253506334075 ], [ 5.610671324796582, 5.854808337651541 ], [ 5.582637774191819, 5.742674135232498 ], [ 5.596654549494203, 5.537094764130913 ], [ 5.540587448284678, 5.42963282014599 ], [ 5.503209380811662, 5.284792808688053 ], [ 5.358369369353727, 5.191347640005517 ], [ 5.260251942237061, 5.079213437586468 ], [ 5.248956297507763, 4.97589905992715 ], [ 5.316319043446584, 4.850272774314249 ], [ 5.317802264034887, 4.730020608044565 ], [ 5.265388700797309, 4.633147337159941 ], [ 5.097187397168739, 4.567735719082174 ], [ 4.966364161013185, 4.474290550399624 ], [ 4.86046834353328, 4.430048896747813 ], [ 4.77195210085555, 4.380873206371296 ], [ 4.727693979516685, 4.30219210176887 ], [ 4.865385912570932, 4.312027239844173 ], [ 4.944067017173359, 4.228428566204094 ], [ 4.963737293323965, 4.115324478338105 ], [ 5.081758950227606, 4.095654202187498 ], [ 5.101662382468977, 4.03687631149576 ], [ 5.03878416674215, 3.928804378215277 ], [ 5.03878416674215, 3.849375984835122 ], [ 5.008414486920325, 3.744250170067269 ], [ 5.041120295959214, 3.618099192345839 ], [ 5.003742228486197, 3.543343057399804 ], [ 4.873303993686666, 3.422600269923075 ], [ 4.814900763260079, 3.38522220245006 ], [ 4.824245280128332, 3.282432516899271 ], [ 4.784531083438255, 3.226365415689743 ], [ 4.684077527104525, 3.226365415689743 ], [ 4.625674296677937, 3.172634443697286 ], [ 4.555590420166033, 3.172634443697286 ], [ 4.462145251483494, 3.107222825619511 ], [ 4.368711439768112, 3.028541721017084 ], [ 4.319535749391595, 2.910520064113443 ], [ 4.383464146881067, 2.807251114322758 ], [ 4.524835738988185, 2.821479129327196 ], [ 4.607213538094218, 2.772828131059194 ], [ 4.597378400018915, 2.694147026456767 ], [ 4.454768897927016, 2.600713214741385 ], [ 4.444933759851713, 2.541702386289565 ], [ 4.459686466964667, 2.379422608047059 ], [ 4.503944588303533, 2.26631852018107 ], [ 4.449851328889364, 2.202390122691599 ], [ 4.243313429307994, 2.226977967879857 ], [ 4.164632324705567, 2.17780227750334 ], [ 4.228560722195039, 2.108956310976217 ], [ 4.430181052738758, 2.040110344449093 ], [ 4.543285140604747, 1.931923825620756 ], [ 4.656389228470735, 1.754891340265296 ], [ 4.533450002529443, 1.646704821436959 ], [ 4.479356743115274, 1.553271009721577 ], [ 4.343883962459907, 1.480337668851247 ], [ 4.194371692567844, 1.337833786610373 ], [ 4.194371692567844, 1.281766685400845 ], [ 4.341547833242844, 1.169632482981802 ], [ 4.423312355840067, 1.153279578462359 ], [ 4.470034940181336, 1.120573769423464 ], [ 4.523765912173796, 1.017784083872675 ], [ 4.467062820521145, 0.98652117813222 ], [ 4.474439174077623, 0.939804272274529 ], [ 4.644095305876605, 0.910298858048619 ], [ 4.668683151064863, 0.851288029596799 ], [ 4.779328454412027, 0.821782615370889 ], [ 4.956360939767487, 0.676714328760164 ], [ 4.914561602947447, 0.637373776458951 ], [ 4.87767983516506, 0.600492008676563 ], [ 4.887514973240363, 0.524269688592962 ], [ 4.806375084119111, 0.470176429178793 ], [ 4.749823040186117, 0.450506153028187 ], [ 4.838339282863847, 0.307896650936288 ], [ 4.946525801692185, 0.294373336082746 ], [ 4.953534189343376, 0.238306234873218 ], [ 4.951198060126313, 0.121499774020041 ], [ 4.923164509521551, 0.081785577329971 ], [ 4.918492251087423, 0.014037830035126 ], [ 4.993248386033455, -0.0677266925621 ], [ 5.084217734746431, -0.087967656594672 ], [ 5.192404253574769, -0.105179148226453 ], [ 5.286043626508626, -0.149554246383504 ], [ 5.423875250315371, -0.177587796988272 ], [ 5.514505025540954, -0.149437269565318 ], [ 5.617773975331639, -0.198612959941835 ], [ 5.622446233765767, -0.2523439319343 ], [ 5.568598284955122, -0.324010970401953 ], [ 5.566139500436297, -0.417444782117335 ], [ 5.66449088118933, -0.478914395087981 ], [ 5.76495011600664, -0.490629112074773 ], [ 5.823353346433225, -0.530343308764858 ], [ 5.92614303198402, -0.567721376237865 ], [ 6.035941105186002, -0.546696213284301 ], [ 6.080327560310208, -0.579402022323189 ], [ 6.218159184116954, -0.686863966308105 ], [ 6.346646291055445, -0.677519449439858 ], [ 6.377015970877269, -0.630796865098591 ], [ 6.724255401221161, -0.73150112670816 ], [ 6.782658631647748, -0.820274036956576 ], [ 6.817700569903701, -0.883349525817288 ], [ 6.745280564174734, -0.967450177631577 ], [ 6.787330890081877, -1.039870183360542 ], [ 6.827045086771954, -1.140323739694275 ], [ 6.883112187981479, -1.166021161081965 ], [ 6.964876710578699, -1.159012773430782 ], [ 7.051313491610048, -1.21975213307443 ], [ 7.175128340114413, -1.282827621935141 ], [ 7.321268670196475, -1.313860810944176 ], [ 7.522537604690545, -1.388751577267551 ], [ 7.709764520498982, -1.388751577267551 ], [ 7.765932595241513, -1.43555830621966 ], [ 7.531898950480967, -1.501087726752613 ], [ 7.541260296271389, -1.590020511761621 ], [ 7.410201455205483, -1.622785222028098 ], [ 7.352674160611238, -1.532793448160931 ], [ 7.307226651510843, -1.491726380962192 ], [ 7.148083773073671, -1.547894455704723 ], [ 7.185529156235358, -1.613423876237676 ], [ 7.283823287034788, -1.636827240713731 ], [ 7.219514795238619, -1.689314105704192 ], [ 7.142422531075524, -1.649599909014107 ], [ 7.016271553354096, -1.691650234921248 ], [ 6.928092146998757, -1.622785222028098 ], [ 6.829798016199327, -1.580659165971199 ], [ 6.654171524709256, -1.691650234921248 ], [ 6.562999661172304, -1.711718007037105 ], [ 6.44598283879203, -1.702356661246684 ], [ 6.338327362202179, -1.660230605189785 ], [ 6.207268521136273, -1.674272623875418 ], [ 6.029402951118258, -1.725760025722738 ], [ 6.071529007175156, -1.800650792046113 ], [ 6.179184483765008, -1.838096175207801 ], [ 6.258755922983593, -1.898944922845543 ], [ 6.254075250088382, -1.969155016273707 ], [ 6.183865156660219, -2.08617183865398 ], [ 6.324285343516546, -2.207869333929464 ], [ 6.450663511687242, -2.231272698405519 ], [ 6.534915623801038, -2.33892817499537 ], [ 6.684697156447788, -2.432541632899589 ], [ 6.778310614352007, -2.53551643659423 ], [ 6.979579548846077, -2.694659315031401 ], [ 7.09191569833114, -2.853802193468573 ], [ 7.073193006750295, -2.984861034534479 ], [ 6.900008109627491, -2.886566903735049 ], [ 6.853201380675382, -2.774230754249987 ], [ 6.698739175133421, -2.741466043983511 ], [ 6.628529081705257, -2.647852586079292 ], [ 6.54427696959146, -2.58700383844155 ], [ 6.413218128525554, -2.63849124028887 ], [ 6.357050053783023, -2.554239128175073 ], [ 6.272797941669226, -2.53551643659423 ], [ 6.182273422862433, -2.478925781071638 ], [ 6.105181158699339, -2.392489000040293 ], [ 6.091164383396959, -2.296707702140687 ], [ 6.049114057489816, -2.271010280752982 ], [ 5.993046956280292, -2.271010280752982 ], [ 5.955668888807277, -2.287363185272433 ], [ 5.932307596636641, -2.331749640396645 ], [ 5.813615774528774, -2.349880941565671 ], [ 5.662764776154537, -2.402678790996654 ], [ 5.655222226235826, -2.538444689533466 ], [ 5.542083977455149, -2.598785088883161 ], [ 5.477972303146099, -2.696838237826414 ], [ 5.530770152577081, -2.787348836850956 ], [ 5.444030828511895, -2.855231786119362 ], [ 5.323350029812507, -2.862774336038074 ], [ 5.304493655015727, -3.024939159290378 ], [ 5.191355406235051, -3.096593383518139 ], [ 5.104616082169865, -3.175790157664613 ], [ 5.035396528367853, -3.237976767244564 ], [ 4.953782533902371, -3.214282381754586 ], [ 4.890597505929094, -3.237976767244564 ], [ 4.866903120439114, -3.351183275696685 ], [ 4.922190019915732, -3.380143080184437 ], [ 4.990640466886782, -3.40120475617553 ], [ 5.035396528367853, -3.448593527155488 ], [ 5.035396528367853, -3.52230939312431 ], [ 5.082785299347811, -3.567065454605382 ], [ 5.045927366363399, -3.635515901576432 ], [ 4.953782533902371, -3.693435510551935 ], [ 4.959047952900144, -3.753987829026326 ], [ 4.887964796430206, -3.785580343012965 ], [ 4.806350801964724, -3.767151376520759 ], [ 4.743165773991447, -3.777682214516305 ], [ 4.719471388501468, -3.81980556649849 ], [ 4.636541039286542, -3.836260000866531 ], [ 4.560192463818833, -3.788871229886573 ], [ 4.481211178852236, -3.812565615376552 ], [ 4.415393441380073, -3.812565615376552 ], [ 4.353424954916449, -3.766754206285287 ], [ 4.2669881738851, -3.738720655680519 ], [ 4.270594418941314, -3.688828268928884 ], [ 4.173184167482511, -3.678297430933338 ], [ 4.083672044520369, -3.76780955389548 ], [ 3.98362908356268, -3.841525419864304 ], [ 3.967832826569361, -3.931037542826446 ], [ 3.986261793061567, -4.012651537291928 ], [ 3.93097489358495, -4.054774889274113 ], [ 3.857259027616127, -4.099530950755184 ], [ 3.799339418640623, -4.146919721735142 ], [ 3.767746904653984, -4.186410364218441 ], [ 3.662438524698523, -4.336474805654973 ], [ 3.591355368228586, -4.449681314107094 ], [ 3.399167574809869, -4.513524519455101 ], [ 3.309655451847727, -4.624098318408335 ], [ 3.325451708841046, -4.713610441370478 ], [ 3.351778803829911, -4.839980497317032 ], [ 3.454015206347008, -4.80165944944441 ], [ 3.437662301827564, -4.857726550653939 ], [ 3.540451987378358, -4.983877528375362 ], [ 3.53577972894423, -5.072650438623771 ], [ 3.489057144602961, -5.166095607306306 ], [ 3.407292622005738, -5.233843354601151 ], [ 3.318519711757327, -5.292246585027743 ], [ 3.309175194889073, -5.404380787446793 ], [ 3.344217133145025, -5.542212411253533 ], [ 3.430760088796507, -5.777225078920639 ], [ 3.567660982738607, -5.850940944889463 ], [ 3.64137684870743, -5.872002620880555 ], [ 3.541333887749742, -5.993107257829336 ], [ 3.557130144743061, -6.056292285802613 ], [ 3.687628128053356, -6.116900198651162 ], [ 3.687628128053356, -6.175303429077739 ], [ 3.631561026843833, -6.294446019147986 ], [ 3.572999427811422, -6.363639682588682 ], [ 3.582343944679677, -6.41269839614702 ], [ 3.57767168624555, -6.508479694046619 ], [ 3.52027221175865, -6.567037928586601 ], [ 3.4518217647876, -6.624957537562105 ], [ 3.420229250800961, -6.709204241526475 ], [ 3.546599306747515, -6.814512621481937 ], [ 3.615049753718565, -6.814512621481937 ], [ 3.651907686702977, -6.740796755513113 ], [ 3.788808580645077, -6.714469660524248 ], [ 3.788808580645077, -6.809247202484163 ], [ 3.867789865611673, -6.882963068452987 ], [ 3.957301988573815, -6.956678934421809 ], [ 4.104733720511462, -6.925086420435171 ], [ 4.331146737415704, -6.872432230457441 ], [ 4.368004670400116, -6.793450945490844 ], [ 4.525967240333308, -6.788185526493071 ], [ 4.769255955553747, -6.71494927821941 ], [ 4.910342827170743, -6.693407984533155 ], [ 4.946801776050572, -6.5747815251956 ], [ 5.082297270640255, -6.45797506434243 ], [ 5.208448248361683, -6.427605384520606 ], [ 5.332263096866047, -6.383218929396395 ], [ 5.414027619463269, -6.306126665233296 ], [ 5.456994586184747, -6.200352675068109 ], [ 5.638015784233829, -6.109842076043568 ], [ 5.615388134477694, -6.275778174255227 ], [ 5.509808917362871, -6.373874412528141 ], [ 5.484111495975173, -6.404244092349965 ], [ 5.474766979106919, -6.474327968861874 ], [ 5.434910194823885, -6.566708839899241 ], [ 5.44206117006803, -6.635520884839255 ], [ 5.404634035586691, -6.714140571836888 ], [ 5.334867233866197, -6.777325599810164 ], [ 5.254569594150158, -6.78785643780571 ], [ 5.254569594150158, -6.848408756280101 ], [ 5.283529398637909, -6.887899398763399 ], [ 5.294885029393031, -6.943889941491629 ], [ 5.268391319019312, -6.998802286403993 ], [ 5.222465023664062, -6.99294865504996 ], [ 5.176246486558283, -7.042241993135621 ], [ 5.095948846842243, -7.05803825012894 ], [ 5.089367073095027, -7.100161602111125 ], [ 5.0946324920928, -7.164662984833846 ], [ 5.005120369130658, -7.148866727840527 ], [ 4.941935341157381, -7.117274213853888 ], [ 4.83662696120192, -7.13833588984498 ], [ 4.747114838239777, -7.185724660824938 ], [ 4.736584000244231, -7.275236783787081 ], [ 4.620744782293223, -7.348952649755904 ], [ 4.354841122905682, -7.44373019171582 ], [ 4.270594418941313, -7.485853543698004 ], [ 4.282441611686303, -7.513167904748953 ], [ 4.362739251402342, -7.533242314677961 ], [ 4.431189698373393, -7.638550694633423 ], [ 4.553610690071617, -7.672446829431589 ], [ 4.641806458284315, -7.680674046615608 ], [ 4.669449908022624, -7.739580921653196 ], [ 4.668133553273181, -7.801778683564389 ], [ 4.611530299047121, -7.830409399364782 ], [ 4.594417687304358, -7.859698292539893 ], [ 4.607581234798791, -7.892278072588615 ], [ 4.662868134275407, -7.917288812828037 ], [ 4.657602715277635, -7.954475834499808 ], [ 4.569406947064936, -7.991004678796861 ], [ 4.5470289163244, -8.033457119466405 ], [ 4.545712561574956, -8.062087835266796 ], [ 4.578621430311038, -8.106843896747868 ], [ 4.565457882816606, -8.181876117466134 ], [ 4.578621430311038, -8.217746784388462 ], [ 4.62337749179211, -8.210835921953887 ], [ 4.704991486257592, -8.138765499421867 ], [ 4.854559310924015, -8.17880282529349 ], [ 4.971365771777189, -8.260567347890708 ], [ 5.029769002203777, -8.393726713263328 ], [ 5.111533524800998, -8.477827365077617 ], [ 5.181617401312903, -8.608650601233174 ], [ 5.298423862166076, -8.697423511481576 ], [ 5.3544909633756, -8.832919006071267 ], [ 5.50867549170179, -8.874969331978415 ], [ 5.686221312198615, -8.926364174753802 ], [ 5.746960671842265, -9.019809343436352 ], [ 5.793683256183535, -9.10858225368476 ], [ 5.859094874261311, -9.234733231406183 ], [ 5.854422615827186, -9.370228725995874 ], [ 5.849750357393058, -9.496379703717297 ], [ 5.915161975470836, -9.641219715175234 ], [ 5.647690637903338, -9.859526607014361 ], [ 5.163711533441533, -10.023334919293742 ], [ 4.739299087990411, -10.097793243057096 ], [ 4.737667622314938, -10.234734216571237 ], [ 4.778216147393257, -10.478025367041152 ], [ 4.868323980900633, -10.766370434264752 ] ] ] ] } },
{ "type": "Feature", "properties": { "id": 20, "name": "Whispering Sound", "type": "bay", "size": 2 }, "geometry": { "type": "MultiPolygon", "coordinates": [ [ [ [ 4.270594418941313, -7.485853543698004 ], [ 4.134325207413156, -7.326082140966219 ], [ 4.022637721768125, -7.139936331557832 ], [ 3.957301988573815, -6.956678934421809 ], [ 4.104733720511462, -6.925086420435171 ], [ 4.331146737415704, -6.872432230457441 ], [ 4.368004670400116, -6.793450945490844 ], [ 4.525967240333308, -6.788185526493071 ], [ 4.769255955553747, -6.71494927821941 ], [ 4.910342827170743, -6.693407984533155 ], [ 4.946801776050572, -6.5747815251956 ], [ 5.082297270640255, -6.45797506434243 ], [ 5.208448248361683, -6.427605384520606 ], [ 5.332263096866047, -6.383218929396395 ], [ 5.414027619463269, -6.306126665233296 ], [ 5.456994586184747, -6.200352675068109 ], [ 5.638015784233829, -6.109842076043568 ], [ 5.615388134477694, -6.275778174255227 ], [ 5.509808917362871, -6.373874412528141 ], [ 5.484111495975173, -6.404244092349965 ], [ 5.474766979106919, -6.474327968861874 ], [ 5.434910194823885, -6.566708839899241 ], [ 5.44206117006803, -6.635520884839255 ], [ 5.404634035586691, -6.714140571836888 ], [ 5.334867233866197, -6.777325599810164 ], [ 5.254569594150158, -6.78785643780571 ], [ 5.254569594150158, -6.848408756280101 ], [ 5.283529398637909, -6.887899398763399 ], [ 5.294885029393031, -6.943889941491629 ], [ 5.268391319019312, -6.998802286403993 ], [ 5.222465023664062, -6.99294865504996 ], [ 5.176246486558283, -7.042241993135621 ], [ 5.095948846842243, -7.05803825012894 ], [ 5.089367073095027, -7.100161602111125 ], [ 5.0946324920928, -7.164662984833846 ], [ 5.005120369130658, -7.148866727840527 ], [ 4.941935341157381, -7.117274213853888 ], [ 4.83662696120192, -7.13833588984498 ], [ 4.747114838239777, -7.185724660824938 ], [ 4.736584000244231, -7.275236783787081 ], [ 4.620744782293223, -7.348952649755904 ], [ 4.354841122905682, -7.44373019171582 ], [ 4.270594418941313, -7.485853543698004 ] ] ] ] } },
{ "type": "Feature", "properties": { "id": 21, "name": "Redwyne Straits", "type": "strait", "size": 2 }, "geometry": { "type": "MultiPolygon", "coordinates": [ [ [ [ 3.337773763711626, -9.025980438365446 ], [ 3.480953416389717, -8.750097582940377 ], [ 3.681990890550775, -8.459710120263294 ], [ 3.987270017980529, -8.206551819467888 ], [ 4.225536654023264, -8.065081004317515 ], [ 4.569406947064936, -7.991004678796861 ], [ 4.5470289163244, -8.033457119466405 ], [ 4.545712561574956, -8.062087835266796 ], [ 4.578621430311038, -8.106843896747868 ], [ 4.565457882816606, -8.181876117466134 ], [ 4.578621430311038, -8.217746784388462 ], [ 4.62337749179211, -8.210835921953887 ], [ 4.704991486257592, -8.138765499421867 ], [ 4.854559310924015, -8.17880282529349 ], [ 4.971365771777189, -8.260567347890708 ], [ 5.029769002203777, -8.393726713263328 ], [ 5.111533524800998, -8.477827365077617 ], [ 5.181617401312903, -8.608650601233174 ], [ 5.298423862166076, -8.697423511481576 ], [ 5.3544909633756, -8.832919006071267 ], [ 5.50867549170179, -8.874969331978415 ], [ 5.686221312198615, -8.926364174753802 ], [ 5.746960671842265, -9.019809343436352 ], [ 5.793683256183535, -9.10858225368476 ], [ 5.859094874261311, -9.234733231406183 ], [ 5.854422615827186, -9.370228725995874 ], [ 5.849750357393058, -9.496379703717297 ], [ 5.915161975470836, -9.641219715175234 ], [ 5.647690637903338, -9.859526607014361 ], [ 5.163711533441533, -10.023334919293742 ], [ 4.739299087990411, -10.097793243057096 ], [ 4.396518536031249, -10.090300778085012 ], [ 4.144826605013788, -10.081937426985098 ], [ 4.138073788418698, -9.950600914510648 ], [ 4.138073788418698, -9.90170596225963 ], [ 4.054253870274087, -9.810901050936298 ], [ 4.019328904380497, -9.692156166898105 ], [ 3.908179101314206, -9.613356513285131 ], [ 3.737528909403351, -9.659554631537237 ], [ 3.620913731129772, -9.567265000755299 ], [ 3.51264633685965, -9.563772504165932 ], [ 3.360401413467761, -9.33522498503263 ], [ 3.435826912654879, -9.161746336902258 ], [ 3.337773763711626, -9.025980438365446 ] ] ] ] } },
{ "type": "Feature", "properties": { "id": 22, "name": "Summer Sea", "type": "sea", "size": 5 }, "geometry": { "type": "MultiPolygon", "coordinates": [ [ [ [ 64.200555903053839, -6.102182224674457 ], [ 64.334728732235305, -6.085640369021949 ], [ 64.442907505360552, -6.077913313798716 ], [ 64.563642743223582, -6.073566845235601 ], [ 64.663582151194888, -6.16667736938628 ], [ 64.841816731259954, -6.197199728807325 ], [ 64.981295724715508, -6.157332852518026 ], [ 65.066867214636588, -6.186092086923973 ], [ 65.261975359023225, -6.170637976477508 ], [ 65.289985934207451, -6.204926784030558 ], [ 65.21754479148963, -6.278816749602765 ], [ 65.105502490752755, -6.290407332437614 ], [ 65.009329275320269, -6.297500605541837 ], [ 64.983801370986839, -6.346911423757502 ], [ 64.923916693006788, -6.38168317226205 ], [ 64.846646140774467, -6.375887880844624 ], [ 64.77517087995956, -6.346911423757502 ], [ 64.751989714289863, -6.375887880844624 ], [ 64.806079100852486, -6.435772558824678 ], [ 64.840850849357039, -6.505316055833772 ], [ 64.862100251220923, -6.611563065153221 ], [ 64.838919085551225, -6.72746889350171 ], [ 64.756819123804391, -6.769001815326548 ], [ 64.668923870640114, -6.80087591812242 ], [ 64.64960623258203, -6.883941761772172 ], [ 64.593585082213593, -6.951553494975457 ], [ 64.477679253865105, -7.050073449071673 ], [ 64.498928655728989, -7.098367544216877 ], [ 64.548188632777112, -7.132173410818487 ], [ 64.622561539300719, -7.157286340294027 ], [ 64.638015649747189, -7.211375726856655 ], [ 64.684377981086584, -7.263533349613476 ], [ 64.648640350679131, -7.340803901845771 ], [ 64.610005074562977, -7.441255619747796 ], [ 64.55688156990324, -7.50114029772788 ], [ 64.478645135768019, -7.518526171980124 ], [ 64.425521631108282, -7.526253227203386 ], [ 64.394613410215356, -7.47989089586399 ], [ 64.355012252196289, -7.534463223378071 ], [ 64.291264046604624, -7.561507916659385 ], [ 64.233311132430373, -7.580825554717467 ], [ 64.215925258178103, -7.642641996503328 ], [ 64.16569939922708, -7.66195963456141 ], [ 64.127064123110927, -7.667754925978834 ], [ 64.119337067887685, -7.737298422987928 ], [ 64.026612405208894, -7.750820769628586 ], [ 63.982181837675313, -7.739230186793736 ], [ 63.924228923501069, -7.694799619260149 ], [ 63.860480717909397, -7.698180205920284 ], [ 63.802527803735153, -7.725707840153079 ], [ 63.727189015308632, -7.719912548735655 ], [ 63.620942005989178, -7.698180205920284 ], [ 63.564920855620748, -7.785592518133132 ], [ 63.481855011971, -7.864794834171267 ], [ 63.397400115546446, -7.895412990013257 ], [ 63.311859797059874, -7.999535359626361 ], [ 63.192090441099772, -7.996637713917672 ], [ 63.155386928789419, -8.014023588169945 ], [ 63.132205763119721, -8.100952959431313 ], [ 63.11095636125583, -8.135724707935859 ], [ 63.080048140362898, -8.155042345993941 ], [ 63.056866974693193, -8.19271174020718 ], [ 63.109024597450023, -8.27287993814824 ], [ 63.189484615227798, -8.343949799689449 ], [ 63.209476315352049, -8.379126947467688 ], [ 63.226862189604319, -8.450602208282589 ], [ 63.211408079157849, -8.524975114806187 ], [ 63.280951576166949, -8.541395107155573 ], [ 63.355349789639305, -8.50280658644976 ], [ 63.44901502727226, -8.556849217602039 ], [ 63.551398508980085, -8.555883335699118 ], [ 63.580374966067211, -8.612870367970476 ], [ 63.566852619426555, -8.664062108824377 ], [ 63.435492680631597, -8.687243274494074 ], [ 63.443219735854832, -8.880419655074894 ], [ 63.319586852283102, -9.034960759539548 ], [ 63.383335057874781, -9.130100126975609 ], [ 63.420038570185135, -9.240210663906675 ], [ 63.39492564070963, -9.317481216139001 ], [ 63.400720932127051, -9.36915589794436 ], [ 63.439356208243218, -9.406342351206176 ], [ 63.562989091814934, -9.446426450176688 ], [ 63.611283186960144, -9.470090556797846 ], [ 63.653781990687925, -9.558951691865021 ], [ 63.704007849638934, -9.620768133650882 ], [ 63.792868984706111, -9.624631661262498 ], [ 63.899115994025557, -9.622699897456689 ], [ 63.980250073869506, -9.655056941203972 ], [ 64.00729476715081, -9.715424560135482 ], [ 63.995704184315969, -9.76323571432923 ], [ 63.938717152044624, -9.795592758076518 ], [ 63.863378363618111, -9.795592758076518 ], [ 63.820879559890329, -9.834228034192682 ], [ 63.772585464745127, -9.82456921516364 ], [ 63.753267826687043, -9.907635058813392 ], [ 63.763892527618985, -10.010501481472678 ], [ 63.778380756162548, -10.100811439394208 ], [ 63.766790173327699, -10.242796079121099 ], [ 63.689519621095371, -10.285294882848879 ], [ 63.708837259153455, -10.420518349255451 ], [ 63.786107811385783, -10.401200711197369 ], [ 63.817016032278715, -10.490061846264544 ], [ 63.801561921832246, -10.555741815662021 ], [ 63.820879559890329, -10.617558257447882 ], [ 63.747472535269623, -10.633012367894349 ], [ 63.681792565872144, -10.617558257447882 ], [ 63.66247492781406, -10.671647644010511 ], [ 63.604522013639816, -10.694828809680208 ], [ 63.604522013639816, -10.764372306689303 ], [ 63.616112596474665, -10.849369914144862 ], [ 63.554296154688807, -10.949821632046886 ], [ 63.51952440618426, -10.996183963386283 ], [ 63.431743852010428, -10.999376897959642 ], [ 63.380437412166067, -11.044478058531485 ], [ 63.361119774107991, -11.129475665987044 ], [ 63.407482105447386, -11.199019162996139 ], [ 63.442253853951932, -11.268562660005232 ], [ 63.356585310051102, -11.355731569237697 ], [ 63.345665663661521, -11.423103764469886 ], [ 63.249077473371116, -11.454011985362817 ], [ 63.148625755469091, -11.488783733867363 ], [ 63.139426444850912, -11.54833940223299 ], [ 63.164079865915554, -11.616280145050702 ], [ 63.218169252478184, -11.689687169671412 ], [ 63.264531583817579, -11.759230666680505 ], [ 63.314757442768588, -11.840364746524449 ], [ 63.314757442768588, -11.929225881591623 ], [ 63.260668056205965, -12.041268182328498 ], [ 63.16021633830394, -12.09149404127951 ], [ 63.102048377377912, -12.052943313118696 ], [ 63.024992871897368, -12.126265789784057 ], [ 62.92450255688108, -12.118354931196471 ], [ 62.820225908481703, -12.207399869627999 ], [ 62.731364773414526, -12.284670421860326 ], [ 62.578755432755685, -12.342623336034571 ], [ 62.414555509261987, -12.396712722597199 ], [ 62.321830846583197, -12.388985667373966 ], [ 62.244560294350869, -12.315578642753257 ], [ 62.120927410779146, -12.257625728579011 ], [ 62.02275667909457, -12.244505908917894 ], [ 61.896842809305397, -12.230581035297698 ], [ 61.800254619014993, -12.253762200967396 ], [ 61.707529956336202, -12.265352783802244 ], [ 61.591624127987714, -12.234444562909314 ], [ 61.537534741425084, -12.137856372618906 ], [ 61.406174802630126, -12.072176403221428 ], [ 61.406174802630126, -11.979451740542636 ], [ 61.336631305621033, -11.97558821293102 ], [ 61.242912280275235, -12.049704712965237 ], [ 61.128000814593754, -12.006496433823951 ], [ 60.969596182517485, -11.998769378600718 ], [ 60.838236243722527, -11.971724685319403 ], [ 60.699149249704341, -11.979451740542636 ], [ 60.587106948967467, -11.960134102484554 ], [ 60.571652838521004, -11.809456525631518 ], [ 60.548471672851306, -11.751503611457274 ], [ 60.451883482560895, -11.766957721903738 ], [ 60.359158819882104, -11.685823642059795 ], [ 60.30120590570786, -11.608553089827469 ], [ 60.200754187805835, -11.59696250699262 ], [ 60.162118911689674, -11.689687169671412 ], [ 60.077121304234112, -11.736049501010807 ], [ 60.011441334836633, -11.67036953161333 ], [ 59.922580199769456, -11.654915421166866 ], [ 59.827217974734751, -11.554445318947799 ], [ 59.721676763965412, -11.581508396546155 ], [ 59.594180352782075, -11.577644868934538 ], [ 59.505319217714899, -11.627870727885551 ], [ 59.38941338936641, -11.620143672662318 ], [ 59.299252771678404, -11.531084026777151 ], [ 59.169192315504276, -11.477193151032514 ], [ 59.018514738651241, -11.376741433130491 ], [ 58.964425352088611, -11.434694347304735 ], [ 58.999197100593157, -11.504237844313828 ], [ 58.952834769253762, -11.569917813711307 ], [ 58.97601593492346, -11.627870727885551 ], [ 59.057150014767402, -11.662642476390097 ], [ 59.130557039388115, -11.678096586836563 ], [ 59.154412760220467, -11.783385982220011 ], [ 59.211691119232057, -11.817183580854751 ], [ 59.223281702066906, -11.90218118831031 ], [ 59.165328787892662, -11.979451740542636 ], [ 59.103512346106797, -12.041268182328498 ], [ 59.126693511776494, -12.103084624114359 ], [ 59.200100536397208, -12.095357568891126 ], [ 59.273507561017915, -12.149446955453755 ], [ 59.316006364745697, -12.238308090520929 ], [ 59.343051058027008, -12.319442170364873 ], [ 59.327596947580545, -12.38512213976235 ], [ 59.277371088629536, -12.416030360655281 ], [ 59.24259934012499, -12.481710330052758 ], [ 59.28123461624115, -12.547390299450235 ], [ 59.277371088629536, -12.640114962129028 ], [ 59.269644033406301, -12.726078451487492 ], [ 59.231008757290141, -12.787894893273354 ], [ 59.312142837134083, -12.807212531331436 ], [ 59.397140444589638, -12.78016783805012 ], [ 59.451229831152268, -12.826530169389518 ], [ 59.516909800549747, -12.930845414903157 ], [ 59.616966345199039, -12.937433815449367 ], [ 59.705739255447455, -12.965467366054128 ], [ 59.79894731619774, -13.039024188028414 ], [ 59.872354340818447, -13.085386519367811 ], [ 59.829855537090666, -13.181974709658219 ], [ 59.850579266905399, -13.301869973311284 ], [ 59.938034310215926, -13.345208751249006 ], [ 59.992123696778556, -13.407025193034867 ], [ 60.030758972894716, -13.480432217655578 ], [ 60.061667193787649, -13.534521604218206 ], [ 60.042349555729565, -13.611792156450532 ], [ 60.038486028117951, -13.692926236294475 ], [ 60.061667193787649, -13.754742678080337 ], [ 60.127347163185128, -13.797241481808117 ], [ 60.1930271325826, -13.75087915046872 ], [ 60.278024740038163, -13.770196788526802 ], [ 60.370749402716953, -13.804968537031348 ], [ 60.482791703453827, -13.801105009419732 ], [ 60.571652838521004, -13.789514426584883 ], [ 60.625742225083627, -13.835876757924279 ], [ 60.583243421355853, -13.901556727321756 ], [ 60.455747010172509, -13.924737892991455 ], [ 60.517563451958374, -13.998144917612164 ], [ 60.514039964551422, -14.06111196885692 ], [ 60.570107065760951, -14.119515199283498 ], [ 60.556198728074534, -14.179730715358131 ], [ 60.509836396735139, -14.223195400988814 ], [ 60.621878697472013, -14.281148315163058 ], [ 60.687558666869492, -14.327510646502454 ], [ 60.730057470597274, -14.412508253958013 ], [ 60.772556274325048, -14.489778806190341 ], [ 60.818918605664443, -14.524550554694887 ], [ 60.770624510519241, -14.598923461218503 ], [ 60.822782133276064, -14.686818714382772 ], [ 60.869144464615459, -14.733181045722167 ], [ 60.892325630285157, -14.814315125566111 ], [ 60.911643268343241, -14.860677456905506 ], [ 60.985050292963948, -14.891585677798437 ], [ 61.064976791869235, -14.851225416661348 ], [ 61.089365538477587, -14.907039788244903 ], [ 61.205271366826082, -14.914766843468135 ], [ 61.243906642942243, -14.976583285253996 ], [ 61.259360753388705, -15.046126782263091 ], [ 61.259360753388705, -15.117602043077992 ], [ 61.286405446670024, -15.191009067698703 ], [ 61.379130109348814, -15.206463178145167 ], [ 61.487308882474068, -15.221917288591632 ], [ 61.525944158590235, -15.272143147542645 ], [ 61.595487655599328, -15.318505478882042 ], [ 61.665031152608421, -15.376458393056286 ], [ 61.765482870510446, -15.361004282609819 ], [ 61.842753422742774, -15.380321920667901 ], [ 61.912296919751867, -15.395776031114368 ], [ 61.92775103019833, -15.337823116940122 ], [ 62.016612165265506, -15.322369006493657 ], [ 62.062974496604902, -15.25668903709618 ], [ 62.059110968993288, -15.171691429640621 ], [ 62.120927410779146, -15.18328201247547 ], [ 62.124790938390767, -15.264416092319411 ], [ 62.136381521225616, -15.380321920667901 ], [ 62.14024504883723, -15.43441130723053 ], [ 62.109336827944297, -15.503954804239624 ], [ 62.124790938390767, -15.561907718413869 ], [ 62.29378076004464, -15.584769990819295 ], [ 62.383647288369055, -15.600542994530032 ], [ 62.487962533882701, -15.646905325869428 ], [ 62.574116266092261, -15.757643552881985 ], [ 62.592277779396341, -15.836218178838628 ], [ 62.542051920445324, -15.909625203459338 ], [ 62.578755432755685, -15.96854399953649 ], [ 62.621254236483459, -16.034223968933965 ], [ 62.648298929764778, -16.088313355496595 ], [ 62.771931813336501, -16.123085104001142 ], [ 62.829884727510745, -16.088313355496595 ], [ 62.926472917801149, -16.119221576389524 ], [ 63.042378746149637, -16.107630993554675 ], [ 63.111922243158737, -16.130812159224373 ], [ 63.119649298381965, -16.200355656233469 ], [ 63.154421046886512, -16.277626208465794 ], [ 63.23169159911884, -16.354896760698121 ], [ 63.332143317020865, -16.436030840542063 ], [ 63.436458562534504, -16.439894368153681 ], [ 63.506002059543597, -16.493983754716307 ], [ 63.579409084164311, -16.563527251725404 ], [ 63.64508905356179, -16.621480165899648 ], [ 63.695314912512799, -16.694887190520358 ], [ 63.73395018862896, -16.7760212703643 ], [ 63.753267826687043, -16.853291822596628 ], [ 63.741677243852195, -16.918971791994103 ], [ 63.675997274454716, -16.965334123333498 ], [ 63.57554555655269, -16.965334123333498 ], [ 63.59099966699916, -17.031979974633881 ], [ 63.641225525950169, -17.078342305973276 ], [ 63.652816108785018, -17.13629522014752 ], [ 63.579409084164311, -17.167203441040449 ], [ 63.498275004320369, -17.248337520884395 ], [ 63.455776200592588, -17.329471600728336 ], [ 63.391757045741834, -17.392403357162575 ], [ 63.320552734186016, -17.426059791018744 ], [ 63.23169159911884, -17.464695067134908 ], [ 63.216237488672377, -17.530375036532387 ], [ 63.251009237176923, -17.603782061153094 ], [ 63.351460955078949, -17.59991853354148 ], [ 63.405773821044214, -17.672738863210196 ], [ 63.471230311039051, -17.736107881850955 ], [ 63.492210602075566, -17.805898228582816 ], [ 63.498275004320369, -17.902239569150456 ], [ 63.478957366262286, -17.991100704217633 ], [ 63.486684421485521, -18.052917146003495 ], [ 63.602590249834009, -18.052917146003495 ], [ 63.710769022959262, -18.072234784061575 ], [ 63.80349368563806, -18.095415949731272 ], [ 63.915535986374927, -18.103143004954504 ], [ 64.000533593830482, -18.161095919128751 ], [ 64.135757060237054, -18.1726865019636 ], [ 64.232345250527473, -18.230639416137844 ], [ 64.270980526643626, -18.311773495981786 ], [ 64.359841661710803, -18.292455857923706 ], [ 64.479611017670919, -18.238366471361076 ], [ 64.638015649747189, -18.253820581807542 ], [ 64.777102643765375, -18.230639416137844 ], [ 64.885281416890621, -18.261547637030773 ], [ 64.947097858676486, -18.346545244486332 ], [ 65.117093073587611, -18.358135827321181 ], [ 65.244307514873185, -18.287140847297888 ], [ 65.314132981780034, -18.307909968370172 ], [ 65.417181076935861, -18.403947308151057 ], [ 65.464810558633076, -18.458587545223207 ], [ 65.482196432885345, -18.544551034581669 ], [ 65.505377598555043, -18.594776893532682 ], [ 65.617419899291917, -18.598640421144296 ], [ 65.748779838086875, -18.606367476367531 ], [ 65.84536802837728, -18.61795805920238 ], [ 65.934229163444456, -18.65659333531854 ], [ 66.010597234788861, -18.636479825508335 ], [ 66.131269071636893, -18.633412169648842 ], [ 66.243311372373768, -18.629548642037228 ], [ 66.336036035052558, -18.65659333531854 ], [ 66.421033642508121, -18.648866280095309 ], [ 66.47125950145913, -18.757045053220565 ], [ 66.459668918624274, -18.842042660676125 ], [ 66.513758305186911, -18.919313212908452 ], [ 66.594892385030846, -18.988856709917545 ], [ 66.664435882039939, -19.042946096480176 ], [ 66.73784290666066, -18.992720237529163 ], [ 66.815113458892981, -19.008174347975626 ], [ 66.869202845455604, -19.10089901065442 ], [ 66.942609870076325, -19.133738995353092 ], [ 67.054652170813199, -19.133738995353092 ], [ 67.085560391706125, -19.191691909527339 ], [ 67.012153367085418, -19.222600130420268 ], [ 66.954200452911167, -19.2303271856435 ], [ 66.892384011125301, -19.222600130420268 ], [ 66.89624753873693, -19.28441657220613 ], [ 66.931019287241469, -19.315324793099059 ], [ 66.961927508134394, -19.365550652050072 ], [ 66.88079342829046, -19.427367093835933 ], [ 66.88079342829046, -19.485320008010177 ], [ 66.934882814853083, -19.512364701291492 ], [ 66.996699256638948, -19.539409394572807 ], [ 67.070106281259655, -19.547136449796039 ], [ 67.124195667822292, -19.597362308747051 ], [ 67.186012109608143, -19.643724640086447 ], [ 67.251692079005622, -19.697814026649077 ], [ 67.309644993179873, -19.763493996046552 ], [ 67.348280269296026, -19.829173965444031 ], [ 67.38305201780058, -19.89485393484151 ], [ 67.340553214072798, -20.010759763189998 ], [ 67.379188490188966, -20.060985622141011 ], [ 67.402369655858664, -20.165300867654651 ], [ 67.413960238693505, -20.258025530333445 ], [ 67.514411956595538, -20.242571419886978 ], [ 67.614863674497556, -20.23098083705213 ], [ 67.680543643895035, -20.234844364663743 ], [ 67.7423600856809, -20.261889057945059 ], [ 67.796449472243523, -20.312114916896071 ], [ 67.86985649686423, -20.335296082565769 ], [ 67.947127049096565, -20.346886665400618 ], [ 67.970308214766263, -20.393248996740013 ], [ 67.912355300592012, -20.419810749069878 ], [ 67.916218828203625, -20.451201910914261 ], [ 67.985762325212733, -20.495149537496395 ], [ 68.066896405056667, -20.48211013180719 ], [ 68.092009334532179, -20.452650733768618 ], [ 68.086214043114751, -20.39711252435163 ], [ 68.110361090687348, -20.365721362507248 ], [ 68.176041060084827, -20.379243709147907 ], [ 68.241721029482306, -20.400493111011794 ], [ 68.317059817908827, -20.392766055788563 ], [ 68.376944495888878, -20.385039000565332 ], [ 68.460010339538627, -20.390834291982756 ], [ 68.543076183188376, -20.396629583400181 ], [ 68.602960861168441, -20.371516653924672 ], [ 68.649323192507836, -20.312114916896061 ], [ 68.722730217128543, -20.343023137788993 ], [ 68.81159135219572, -20.343023137788993 ], [ 68.942951290990663, -20.323705499730909 ], [ 69.03181242605784, -20.269616113168283 ], [ 69.078174757397235, -20.173027922877875 ], [ 69.159308837241184, -20.107347953480396 ], [ 69.275214665589672, -20.010759763189988 ], [ 69.252033499919975, -19.925762155734429 ], [ 69.259760555143203, -19.856218658725336 ], [ 69.274731724638215, -19.826759260686757 ], [ 69.24478938564819, -19.822895733075143 ], [ 69.182490002910882, -19.840764548278869 ], [ 69.153996486775213, -19.839315725424509 ], [ 69.136127671571487, -19.782811634104625 ], [ 69.074311229785621, -19.678496388590982 ], [ 69.136610612522944, -19.678979329542432 ], [ 69.177177652444911, -19.655798163872735 ], [ 69.20905175524075, -19.616197005853667 ], [ 69.221608219978492, -19.578527611640407 ], [ 69.223539983784306, -19.545687626941671 ], [ 69.266038787512088, -19.542789981232957 ], [ 69.271834078929515, -19.565971146902655 ], [ 69.305639945531155, -19.578527611640407 ], [ 69.305639945531155, -19.606538186824626 ], [ 69.322059937880525, -19.633582880105941 ], [ 69.347172867356022, -19.644207581037886 ], [ 69.381944615860576, -19.650968754358214 ], [ 69.413818718656415, -19.660627573387256 ], [ 69.465010459510324, -19.648071108649503 ], [ 69.468873987121938, -19.621992297271092 ], [ 69.492055152791636, -19.600742895407201 ], [ 69.508475145141006, -19.621026415368188 ], [ 69.530207487956346, -19.633582880105941 ], [ 69.579467465004456, -19.636480525814655 ], [ 69.623898032538051, -19.623924061076899 ], [ 69.630176264906922, -19.593740251611148 ], [ 69.658503427870613, -19.537569700020793 ], [ 69.741968765872727, -19.520876632420368 ], [ 69.808741036274427, -19.507522178340029 ], [ 69.838806755934201, -19.457550903301669 ], [ 69.808741036274427, -19.400686545697315 ], [ 69.802063809234255, -19.340591502335787 ], [ 69.822095490354769, -19.28717368601443 ], [ 69.868836079635955, -19.243771710253327 ], [ 69.858820239075698, -19.176999439851631 ], [ 69.825434103874855, -19.123581623530274 ], [ 69.855481625555612, -19.070163807208917 ], [ 69.892206374276554, -19.036777672008068 ], [ 69.922253895957311, -18.93328065288544 ], [ 69.902222214836797, -18.846476701363233 ], [ 69.858820239075698, -18.799736112082048 ], [ 69.832111330915026, -18.706254933519674 ], [ 69.882190533716297, -18.596080687356874 ], [ 69.898883601316712, -18.499260895274414 ], [ 69.902222214836797, -18.402441103191954 ], [ 69.845465784995355, -18.379070808551361 ], [ 69.832111330915026, -18.322314378709919 ], [ 69.857150932315648, -18.292266857029155 ], [ 69.905560828356869, -18.307290617869537 ], [ 69.925592509477397, -18.298109430689308 ], [ 69.932269736517569, -18.242187654227884 ], [ 69.995703393399182, -18.202124291986866 ], [ 70.019073688039754, -18.119910934054776 ], [ 70.022412301559839, -18.066493117733419 ], [ 70.060806357040818, -17.993043620291555 ], [ 70.104208332801917, -17.957988178330663 ], [ 70.140933081522846, -17.939625803970195 ], [ 70.137594468002774, -17.899562441729177 ], [ 70.105877639561967, -17.876192147088585 ], [ 70.097531105761746, -17.821105024007185 ], [ 70.149279615323067, -17.773947108035991 ], [ 70.149279615323067, -17.728875825514848 ], [ 70.127605444902528, -17.684191729569775 ], [ 70.077499424641246, -17.672119395673406 ], [ 70.07416081112116, -17.707174837634295 ], [ 70.044113289440389, -17.715521371434509 ], [ 69.995703393399168, -17.687143156513788 ], [ 69.972333098758568, -17.618701579352049 ], [ 69.97901032579874, -17.581976830631113 ], [ 70.00238062043934, -17.553598615710392 ], [ 69.992364779879082, -17.49517287910891 ], [ 69.963986564958361, -17.488078325378726 ], [ 69.937277656797676, -17.444676349617623 ], [ 69.968994485238483, -17.389589226536224 ], [ 70.007388540719461, -17.35787239809542 ], [ 70.027420221839975, -17.292769434453763 ], [ 70.027420221839975, -17.225997164052067 ], [ 69.972333098758568, -17.197201622441337 ], [ 69.905560828356869, -17.167154100760573 ], [ 69.907230135116919, -17.100381830358877 ], [ 69.967325178478447, -17.030270946437096 ], [ 70.007388540719461, -17.015247185596714 ], [ 70.065814277320939, -17.011908572076631 ], [ 70.080838038161332, -16.976853130115739 ], [ 70.104208332801917, -16.938459074634764 ], [ 70.13926377476281, -16.903403632673875 ], [ 70.187673670804045, -16.930112540834553 ], [ 70.269469702046123, -16.968506596315528 ], [ 70.362950880608494, -16.960160062515314 ], [ 70.423045923970022, -16.918427393514254 ], [ 70.485644927471611, -16.920096700274296 ], [ 70.545739970833139, -16.943466994914893 ], [ 70.615850854754925, -16.935120461114678 ], [ 70.669268671076281, -16.881702644793322 ], [ 70.709332033317295, -16.849985816352515 ], [ 70.766088463158738, -16.854993736632643 ], [ 70.826183506520266, -16.849985816352515 ], [ 70.896294390442051, -16.794898693271119 ], [ 70.954720127043529, -16.741480876949758 ], [ 71.014815170405058, -16.736472956669633 ], [ 71.061555759686243, -16.73480364990959 ], [ 71.1149735760076, -16.719779889069208 ], [ 71.1149735760076, -16.763181864830312 ], [ 71.091603281367014, -16.78989077299099 ], [ 71.089933974606964, -16.819938294671754 ], [ 71.038185465045657, -16.839969975792261 ], [ 70.998122102804643, -16.86667888395294 ], [ 70.969743887883922, -16.915088779994171 ], [ 71.001460716324715, -16.961829369275357 ], [ 70.993114182524508, -17.013577878836674 ], [ 70.943034979723237, -17.033609559957181 ], [ 70.928011218882858, -17.083688762758452 ], [ 70.924672605362773, -17.130429352039641 ], [ 70.919664685082637, -17.172162021040702 ], [ 70.961397354083701, -17.175500634560787 ], [ 71.023161704205279, -17.187185781881084 ], [ 71.041524078565743, -17.215563996801805 ], [ 71.023161704205279, -17.258965972562908 ], [ 71.018153783925143, -17.320730322684476 ], [ 71.008137943364886, -17.377486752525918 ], [ 70.988106262244386, -17.427565955327189 ], [ 71.013145863645022, -17.455944170247911 ], [ 71.0715716002465, -17.450936249967782 ], [ 71.146690404448407, -17.450936249967782 ], [ 71.216801288370192, -17.454274863487868 ], [ 71.271053758071574, -17.420888728287022 ], [ 71.316125040592723, -17.379156059285961 ], [ 71.307778506792516, -17.285674880723587 ], [ 71.336156721713238, -17.22057191708193 ], [ 71.386235924514509, -17.183847168360998 ], [ 71.432976513795694, -17.182177861600955 ], [ 71.496410170677308, -17.163815487240491 ], [ 71.509764624757636, -17.103720443878963 ], [ 71.549827986998665, -17.063657081637945 ], [ 71.604915110080057, -17.04696401403752 ], [ 71.654994312881328, -17.040286786997353 ], [ 71.668348766961671, -16.993546197716164 ], [ 71.644978472321071, -16.956821448995232 ], [ 71.626616097960607, -16.875025417753154 ], [ 71.648317085841157, -16.799906613551244 ], [ 71.686711141322149, -16.745654143849869 ], [ 71.741798264403556, -16.759008597930208 ], [ 71.810239841565291, -16.769024438490462 ], [ 71.858649737606527, -16.748992757369955 ], [ 71.878681418727027, -16.698913554568684 ], [ 71.861988351126598, -16.663858112607791 ], [ 71.855311124086441, -16.620456136846688 ], [ 71.890366566047319, -16.588739308405884 ], [ 71.960477449969105, -16.531982878564442 ], [ 71.975501210809483, -16.476895755483042 ], [ 72.050620015011404, -16.448517540562321 ], [ 72.122400205693225, -16.406784871561261 ], [ 72.172479408494496, -16.403446258041175 ], [ 72.19084178285496, -16.453525460842449 ], [ 72.227566531575889, -16.456864074362532 ], [ 72.271803160717027, -16.443092293592183 ], [ 72.270133853956978, -16.408036851631291 ], [ 72.318543749998213, -16.381327943470612 ], [ 72.376969486599691, -16.381327943470612 ], [ 72.422040769120841, -16.346272501509723 ], [ 72.463773438121905, -16.312886366308874 ], [ 72.48714373276249, -16.284508151388152 ], [ 72.478797198962283, -16.247783402667221 ], [ 72.450418984041562, -16.214397267466371 ], [ 72.458765517841769, -16.176003211985396 ], [ 72.46544274488194, -16.120916088903996 ], [ 72.527207095003519, -16.105892328063614 ], [ 72.57561699104474, -16.084191340183065 ], [ 72.625696193846011, -16.029104217101665 ], [ 72.612341739765668, -15.960662639939926 ], [ 72.627365500606061, -15.91559135741878 ], [ 72.662079558122826, -15.887651390168189 ], [ 72.683287277067492, -15.821275525476388 ], [ 72.760075388029449, -15.751164641554606 ], [ 72.823509044911063, -15.73947949423431 ], [ 72.823509044911063, -15.669368610312528 ], [ 72.866911020672163, -15.630974554831553 ], [ 72.911982303193312, -15.637651781871723 ], [ 72.982093187115083, -15.610942873711044 ], [ 73.06055060483709, -15.615950793991171 ], [ 73.130661488758861, -15.600927033150789 ], [ 73.159039703679582, -15.57254881823007 ], [ 73.144015942839204, -15.529146842468966 ], [ 73.167386237479803, -15.505776547828372 ], [ 73.24250504168171, -15.51746169514867 ], [ 73.305938698563324, -15.509115161348458 ], [ 73.359356514884681, -15.479067639667694 ], [ 73.347671367564374, -15.418972596306171 ], [ 73.260867416042174, -15.398940915185662 ], [ 73.274221870122517, -15.332168644783966 ], [ 73.297592164763103, -15.275412214942524 ], [ 73.357687208124631, -15.23201023918142 ], [ 73.457845613727173, -15.258719147342099 ], [ 73.524617884128872, -15.228671625661336 ], [ 73.597053240133988, -15.246305806639878 ], [ 73.684871333092943, -15.228671625661336 ], [ 73.728273308854043, -15.17525380933998 ], [ 73.698225787173286, -15.111820152458368 ], [ 73.791706965735656, -15.091788471337859 ], [ 73.885188144298027, -14.991630065735315 ], [ 73.995362390460826, -14.971598384614804 ], [ 74.105536636623626, -14.944889476454126 ], [ 74.112213863663797, -14.891471660132769 ], [ 74.230671768439066, -14.852225990255013 ], [ 74.315869288388981, -14.828038003251157 ], [ 74.319207901909053, -14.87811720605243 ], [ 74.385980172310752, -14.921519181813533 ], [ 74.539556394234651, -14.934873635893872 ], [ 74.629698959276951, -14.941550862934042 ], [ 74.659746480957708, -14.991630065735315 ], [ 74.75990488656025, -14.998307292775484 ], [ 74.823338543441864, -15.055063722616925 ], [ 74.896788040883735, -15.06507956317718 ], [ 74.896788040883735, -15.16189935525964 ], [ 74.953544470725177, -15.178592422860063 ], [ 75.013639514086705, -15.148544901179301 ], [ 75.003623673526448, -15.081772630777603 ], [ 75.043687035767462, -15.055063722616925 ], [ 75.10378207912899, -15.055063722616925 ], [ 75.180570190090947, -15.058402336137011 ], [ 75.254019687532804, -15.058402336137011 ], [ 75.280728595693489, -15.108481538938282 ], [ 75.294083049773832, -15.17525380933998 ], [ 75.340823639055017, -15.218655785101081 ], [ 75.354178093135346, -15.268734987902354 ], [ 75.304098890334075, -15.288766669022863 ], [ 75.277389982173403, -15.332168644783966 ], [ 75.310776117374246, -15.365554779984814 ], [ 75.407595909456717, -15.372232007024984 ], [ 75.501077088019088, -15.375570620545068 ], [ 75.567849358420787, -15.435665663906594 ], [ 75.674684991063501, -15.499099320788206 ], [ 75.774843396666043, -15.515792388388631 ], [ 75.797796364616616, -15.538536692994208 ], [ 75.788615177436384, -15.576930748475185 ], [ 75.661330536983158, -15.575887431750157 ], [ 75.645054796072742, -15.59362381607561 ], [ 75.641716182552656, -15.624505991136393 ], [ 75.651732023112913, -15.652884206057117 ], [ 75.645889449452753, -15.687939648018007 ], [ 75.608330047351799, -15.703798062238409 ], [ 75.593723613201433, -15.759511175354827 ], [ 75.630448361922362, -15.784550776755463 ], [ 75.672181030923426, -15.787889390275549 ], [ 75.678858257963597, -15.822944832236439 ], [ 75.662165190363169, -15.891386409398178 ], [ 75.635456282202497, -15.944804225719537 ], [ 75.588715692921312, -15.978190360920385 ], [ 75.53028995631982, -15.971513133880215 ], [ 75.467000604156283, -15.995830163293446 ], [ 75.444320658177631, -16.042041344492009 ], [ 75.404257295936617, -16.112152228413791 ], [ 75.39591076213641, -16.155554204174894 ], [ 75.364193933695603, -16.198956179935998 ], [ 75.30743750385416, -16.212310634016337 ], [ 75.252350380772754, -16.244027462457144 ], [ 75.217294938811861, -16.284090824698165 ], [ 75.21228701853174, -16.314138346378925 ], [ 75.245673153732582, -16.336673987639504 ], [ 75.28573651597361, -16.356705668760014 ], [ 75.299090970053939, -16.386753190440775 ], [ 75.297421663293903, -16.406784871561285 ], [ 75.294083049773818, -16.450186847322389 ], [ 75.284067209213561, -16.506943277163831 ], [ 75.252350380772754, -16.577054161085613 ], [ 75.215625632051825, -16.633810590927055 ], [ 75.187247417131104, -16.718945235689219 ], [ 75.162207815730468, -16.800741266931301 ], [ 75.142176134609954, -16.884206604933421 ], [ 75.137168214329833, -16.94430164829495 ], [ 75.157918395226972, -16.977166176643991 ], [ 75.230649392892204, -16.98603431729601 ], [ 75.30743750385416, -16.94430164829495 ], [ 75.360855320175517, -16.915923433374228 ], [ 75.404257295936617, -16.902568979293889 ], [ 75.462683032538095, -16.927608580694525 ], [ 75.542809757020137, -16.925939273934482 ], [ 75.591219653061373, -16.885875911693464 ], [ 75.592888959821408, -16.815765027771683 ], [ 75.59956618686158, -16.762347211450322 ], [ 75.64296816262268, -16.750662064130026 ], [ 75.709740433024379, -16.770693745250536 ], [ 75.803221611586764, -16.760677904690283 ], [ 75.890025563108964, -16.73897691680973 ], [ 75.933427538870063, -16.757339291170197 ], [ 75.985176048431384, -16.764016518210365 ], [ 76.026908717432448, -16.735638303289644 ], [ 76.097019601354219, -16.727291769489433 ], [ 76.120389895994819, -16.677212566688159 ], [ 76.112043362194612, -16.638818511207184 ], [ 76.098688908114269, -16.588739308405909 ], [ 76.130405736555076, -16.563699707005274 ], [ 76.222217608357411, -16.563699707005274 ], [ 76.23724136919779, -16.610440296286463 ], [ 76.278341402595714, -16.613994581152056 ], [ 76.344911655220528, -16.578723467845656 ], [ 76.396660164781849, -16.541998719124724 ], [ 76.471778968983756, -16.543668025884767 ], [ 76.548567079945698, -16.530313571804424 ], [ 76.623685884147619, -16.501935356883703 ], [ 76.700473995109562, -16.485242289283281 ], [ 76.773923492551432, -16.495258129843535 ], [ 76.837357149433046, -16.525305651524299 ], [ 76.85571952379351, -16.519045751174136 ], [ 76.854050217033475, -16.47856506224311 ], [ 76.896617539414549, -16.460620014572651 ], [ 76.950870009115931, -16.456446747672548 ], [ 76.96756307671636, -16.484824962593269 ], [ 76.995941291637081, -16.502352683573712 ], [ 77.081910589779255, -16.509029910613883 ], [ 77.174679808490708, -16.498088752803568 ], [ 77.193754142702105, -16.522175701349219 ], [ 77.203769983262362, -16.552223223029984 ], [ 77.21879374410274, -16.567246983870366 ], [ 77.235486811703169, -16.572254904150494 ], [ 77.287235321264475, -16.571420250770473 ], [ 77.348165018006029, -16.562239063590237 ], [ 77.361519472086371, -16.539703422329666 ], [ 77.369031352506553, -16.48127768572818 ], [ 77.371535312646628, -16.469592538407884 ], [ 77.422449168827924, -16.46708857826782 ], [ 77.44748877022856, -16.469592538407884 ], [ 77.463764511138962, -16.438710363347099 ], [ 77.479622925359365, -16.377780666605549 ], [ 77.498819953099854, -16.341055917884617 ], [ 77.48212688549944, -16.272614340722875 ], [ 77.474615005079244, -16.225873751441689 ], [ 77.485465499019526, -16.196660883140947 ], [ 77.512174407180197, -16.180593805575541 ], [ 77.558914996461382, -16.188940339375751 ], [ 77.629860533763193, -16.192278952895837 ], [ 77.698302110924928, -16.185601725855665 ], [ 77.713325871765306, -16.151380937274798 ], [ 77.715829831905381, -16.121333415594034 ], [ 77.763405074566592, -16.11298688179382 ], [ 77.866251250970024, -16.119463046865167 ], [ 77.994186734142446, -16.103388367923575 ], [ 78.12856592832587, -16.078348766522936 ], [ 78.217873839988144, -16.064994312442597 ], [ 78.270039676239463, -16.043293324562047 ], [ 78.284228783699817, -16.025765603581601 ], [ 78.285898090459867, -15.979859667680433 ], [ 78.292575317500038, -15.933953731779267 ], [ 78.310103038480477, -15.898063636438355 ], [ 78.350166400721506, -15.8880477958781 ], [ 78.407757483942959, -15.884709182358014 ], [ 78.453663419844133, -15.876362648557803 ], [ 78.484962921594928, -15.851949037192185 ], [ 78.538505055391255, -15.833562003605559 ], [ 78.591381227547629, -15.78684607355053 ], [ 78.587207960647518, -15.735932217369236 ], [ 78.579696080227336, -15.687522321328006 ], [ 78.613082215428179, -15.64996291922705 ], [ 78.677350525689818, -15.628261931346499 ], [ 78.726595075111064, -15.604056983325883 ], [ 78.792532692132738, -15.594875796145651 ], [ 78.859304962534438, -15.619915397546286 ], [ 78.906045551815623, -15.616576784026202 ], [ 79.010377224318276, -15.566288917879927 ], [ 79.062125733879597, -15.522886942118824 ], [ 79.113874243440918, -15.496178033958143 ], [ 79.224883142983728, -15.486996846777911 ], [ 79.342569269566724, -15.493674073818081 ], [ 79.420192033908705, -15.488666153537952 ], [ 79.466097969809866, -15.476981006217656 ], [ 79.550397961192004, -15.468634472417444 ], [ 79.567925682172458, -15.476981006217656 ], [ 79.581280136252801, -15.512036448178547 ], [ 79.579610829492751, -15.542918623239332 ], [ 79.572098949072554, -15.562950304359841 ], [ 79.540382120631747, -15.573800798300118 ], [ 79.50783063881093, -15.572131491540075 ], [ 79.492806877970551, -15.586320599000436 ], [ 79.472775196850037, -15.61052554702105 ], [ 79.445231635309341, -15.598005746320732 ], [ 79.414349460248545, -15.591328519280562 ], [ 79.381797978427727, -15.592997826040605 ], [ 79.353419763507006, -15.618037427441241 ], [ 79.304175214085745, -15.641407722081835 ], [ 79.256599971424535, -15.655596829542196 ], [ 79.203182155103178, -15.69232157826313 ], [ 79.239906903824121, -15.702337418823385 ], [ 79.264111851844731, -15.719865139803829 ], [ 79.275796999165024, -15.738227514164297 ], [ 79.296663333665563, -15.755755235144742 ], [ 79.335057389146542, -15.758259195284806 ], [ 79.344238576326774, -15.731550287124128 ], [ 79.360096990547177, -15.700668112063342 ], [ 79.394317779128045, -15.688148311363024 ], [ 79.465263316429841, -15.686479004602981 ], [ 79.535374200351626, -15.686479004602981 ], [ 79.557075188232176, -15.665612670102451 ], [ 79.571264295692544, -15.648084949122005 ], [ 79.612162311313583, -15.63723445518173 ], [ 79.667249434394975, -15.639738415321792 ], [ 79.718163290576271, -15.648084949122005 ], [ 79.750714772397103, -15.666447323482473 ], [ 79.774085067037689, -15.676463164042726 ], [ 79.798290015058313, -15.661439403202344 ], [ 79.850455851309633, -15.609064903606011 ], [ 79.917228121711332, -15.592371836005587 ], [ 79.997354846193375, -15.592371836005587 ], [ 80.060788503074988, -15.612403517126095 ], [ 80.140915227557016, -15.615742130646181 ], [ 80.140915227557016, -15.682514401047877 ], [ 80.084158797715574, -15.729254990329066 ], [ 80.054111276034817, -15.769318352570084 ], [ 80.057449889554903, -15.829413395931612 ], [ 80.110867705876259, -15.846106463532037 ], [ 80.18097858979803, -15.839429236491867 ], [ 80.244412246679644, -15.852783690572206 ], [ 80.264443927800158, -15.932910415054243 ], [ 80.241073633159559, -16.049761888257212 ], [ 80.244412246679644, -16.136565839779418 ], [ 80.201010270918545, -16.166613361460183 ], [ 80.203514231058605, -16.187897022650723 ], [ 80.221876605419084, -16.196243556450938 ], [ 80.241073633159559, -16.195408903070916 ], [ 80.246081553439694, -16.220657167816558 ], [ 80.257766700759987, -16.236515582036962 ], [ 80.276129075120451, -16.254877956397429 ], [ 80.31619243736148, -16.264893796957683 ], [ 80.362933026642665, -16.256547263157469 ], [ 80.43304391056445, -16.252373996257365 ], [ 80.488965687025868, -16.264059143577661 ], [ 80.537375583067103, -16.29076805173834 ], [ 80.547808750317358, -16.329996760599336 ], [ 80.582029538898226, -16.344603194749709 ], [ 80.610407753818947, -16.371312102910387 ], [ 80.627100821419376, -16.433076453031958 ], [ 80.612077060578997, -16.483155655833233 ], [ 80.620423594379204, -16.524888324834293 ], [ 80.660486956620232, -16.560361093485195 ], [ 80.698881012101197, -16.585400694885831 ], [ 80.740613681102261, -16.597085842206127 ], [ 80.78401565686336, -16.612109603046509 ], [ 80.809055258263996, -16.643826431487316 ], [ 80.849118620505024, -16.678881873448208 ], [ 80.889181982746038, -16.717275928929183 ], [ 80.905875050346467, -16.762347211450329 ], [ 80.928828018297054, -16.84435190603741 ], [ 80.972647320748166, -16.850820469732579 ], [ 81.019387910029351, -16.842473935932365 ], [ 81.062789885790451, -16.822442254811858 ], [ 81.101183941271429, -16.815765027771686 ], [ 81.121215622391944, -16.847481856212493 ], [ 81.151263144072701, -16.872521457613129 ], [ 81.198003733353886, -16.885875911693468 ], [ 81.291484911916271, -16.875860071133214 ], [ 81.322367086977053, -16.900065019153832 ], [ 81.297327485576417, -16.936789767874764 ], [ 81.290650258536246, -16.980191743635867 ], [ 81.31068193965676, -17.03527886671727 ], [ 81.315689859936882, -17.078680842478374 ], [ 81.280634417975989, -17.108728364159134 ], [ 81.248917589535182, -17.142114499359984 ], [ 81.198838386733911, -17.14545311288007 ], [ 81.16879086505314, -17.11206697767922 ], [ 81.120380969011919, -17.117074897959348 ], [ 81.123719582532004, -17.157138260200366 ], [ 81.12705819605209, -17.225579837362105 ], [ 81.162113638012983, -17.27273775333331 ], [ 81.19383046645379, -17.294438741213863 ], [ 81.235563135454839, -17.299446661493988 ], [ 81.292319565296282, -17.297777354733945 ], [ 81.334052234297346, -17.31447042233437 ], [ 81.369107676258238, -17.349525864295263 ], [ 81.380792823578531, -17.409620907656791 ], [ 81.360761142458031, -17.454692190177933 ], [ 81.35408391541786, -17.508110006499294 ], [ 81.380792823578531, -17.561527822820651 ], [ 81.417517572299474, -17.61536296583202 ], [ 81.447565093980231, -17.680465929473677 ], [ 81.450903707500316, -17.727206518754866 ], [ 81.435879946659938, -17.758923347195669 ], [ 81.400824504699045, -17.802325322956772 ], [ 81.360761142458031, -17.82068769731724 ], [ 81.35241460865781, -17.864089673078343 ], [ 81.394147277658874, -17.889129274478979 ], [ 81.439218560180024, -17.915838182639657 ], [ 81.444226480460145, -17.945885704320421 ], [ 81.432541333139852, -17.975933226001185 ], [ 81.435879946659938, -18.010988667962078 ], [ 81.49263637650138, -18.024343122042417 ], [ 81.556904686763019, -18.017665895002246 ], [ 81.595298742243983, -17.972594612481103 ], [ 81.625346263924754, -17.944216397560382 ], [ 81.677094773486061, -17.95089362460055 ], [ 81.723835362767261, -17.95924015840076 ], [ 81.798954166969168, -17.935869863760168 ], [ 81.864057130610817, -17.874105513638597 ], [ 81.902451186091795, -17.847396605477918 ], [ 81.972562070013581, -17.824026310837326 ], [ 82.052688794495609, -17.802325322956769 ], [ 82.159524427138336, -17.762261960715751 ], [ 82.24298976514045, -17.685473849753798 ], [ 82.351912031233127, -17.620788212802115 ], [ 82.413259054664778, -17.59783524485157 ], [ 82.47001548450622, -17.538574854870063 ], [ 82.523433300827577, -17.464290704048175 ], [ 82.620253092910048, -17.458448130388028 ], [ 82.723750112032675, -17.405030314066668 ], [ 82.803876836514704, -17.3315808166248 ], [ 82.904035242117246, -17.273989733403337 ], [ 83.010870874759974, -17.200540235961469 ], [ 83.111029280362516, -17.160476873720452 ], [ 83.187817391324472, -17.107059057399095 ], [ 83.274621342846672, -17.046964014037567 ], [ 83.374779748449214, -16.980191743635871 ], [ 83.381456975489385, -16.903403632673918 ], [ 83.548387651493627, -16.866678883952986 ], [ 83.691948032857283, -16.759843251310269 ], [ 83.775413370859411, -16.71310266202908 ], [ 83.842185641261096, -16.719779889069251 ], [ 83.989084636144838, -16.71310266202908 ], [ 84.105936109347809, -16.646330391627384 ], [ 84.184393527069801, -16.66385811260783 ], [ 84.291229159712515, -16.733968996529612 ], [ 84.3613400436343, -16.76067790469029 ], [ 84.4047420193954, -16.810757107491565 ], [ 84.381371724754814, -16.877529377893261 ], [ 84.391387565315057, -16.947640261815042 ], [ 84.374694497714643, -17.011073918696656 ], [ 84.488207357397528, -17.027766986297078 ], [ 84.585027149479984, -17.014412532216738 ], [ 84.621751898200912, -16.964333329415467 ], [ 84.691862782122698, -16.964333329415467 ], [ 84.718571690283383, -17.017751145736824 ], [ 84.775328120124826, -17.071168962058181 ], [ 84.895518206847882, -17.097877870218863 ], [ 84.962290477249567, -17.114570937819284 ], [ 84.962290477249567, -17.174665981180812 ], [ 85.072464723412381, -17.181343208220984 ], [ 85.15926867493458, -17.178004594700898 ], [ 85.195993423655509, -17.244776865102594 ], [ 85.24941123997688, -17.291517454383783 ], [ 85.366262713179836, -17.351612497745311 ], [ 85.486590056212364, -17.363712671106256 ], [ 85.502806947081709, -17.524503959982926 ], [ 85.526163155768685, -17.703568226583066 ], [ 85.541733961559999, -17.867061687391885 ], [ 85.556331591989363, -18.000386711980042 ], [ 85.494048368824096, -18.031528323562672 ], [ 85.470692160137119, -18.093811546727938 ], [ 85.381160026837051, -18.144416665549716 ], [ 85.338340310910937, -18.214485291610639 ], [ 85.303305997880472, -18.285527093033526 ], [ 85.24491547616303, -18.340024913303132 ], [ 85.213773864580403, -18.425664345155372 ], [ 85.139812537071649, -18.456805956738005 ], [ 85.159276044310801, -18.503518374111955 ], [ 85.229344670371717, -18.550230791485905 ], [ 85.174846850102114, -18.550230791485905 ], [ 85.120349029832497, -18.643655626233805 ], [ 85.159276044310801, -18.713724252294728 ], [ 85.08920741824987, -18.811041788490456 ], [ 84.879001540067094, -18.873325011655723 ], [ 84.882894241514933, -18.897654395704652 ], [ 84.797254809662689, -18.99497193190038 ], [ 84.71940078070611, -19.076718662304792 ], [ 84.622083244510378, -19.084504065200449 ], [ 84.544229215553798, -19.150679989813543 ], [ 84.53255111121031, -19.22074861587447 ], [ 84.474160589492868, -19.290817241935393 ], [ 84.392413859088464, -19.310280749174538 ], [ 84.357379546057999, -19.25967563035276 ], [ 84.228920398279641, -19.255782928904932 ], [ 84.123817459188245, -19.333636957861515 ], [ 83.983680207066399, -19.360885867996316 ], [ 83.86689916363153, -19.360885867996316 ], [ 83.777367030331462, -19.39981288247461 ], [ 83.75790352309231, -19.468908333173513 ], [ 83.769581627435798, -19.532164731700799 ], [ 83.769581627435798, -19.590555253418234 ], [ 83.676156792687905, -19.602233357761722 ], [ 83.598302763731326, -19.594447954866062 ], [ 83.53212683911822, -19.699550893957451 ], [ 83.512663331879082, -19.792975728705347 ], [ 83.438702004370327, -19.929220279379368 ], [ 83.356955273965909, -20.034323218470753 ], [ 83.290779349352817, -20.100499143083848 ], [ 83.209032618948413, -20.170567769144771 ], [ 83.131178589991833, -20.166675067696943 ], [ 83.05332456103524, -20.213387485070893 ], [ 83.037753755243926, -20.299026916923133 ], [ 82.952114323391683, -20.302919618370961 ], [ 82.998826740765637, -20.372988244431887 ], [ 83.068895366826567, -20.386612699499288 ], [ 83.100036978409193, -20.448895922664551 ], [ 83.115607784200506, -20.530642653068963 ], [ 83.08446617261788, -20.631852890712519 ], [ 82.987148636422148, -20.647423696503836 ], [ 82.97547053207866, -20.736955829803907 ], [ 83.061109963930903, -20.775882844282197 ], [ 83.150642097230971, -20.822595261656147 ], [ 83.135071291439658, -20.896556589164899 ], [ 83.127285888543994, -21.040586542734577 ], [ 83.092251575513529, -21.169045690512938 ], [ 83.0066121436613, -21.239114316573861 ], [ 82.874260294435103, -21.278041331052155 ], [ 82.870367592987279, -21.367573464352223 ], [ 82.909294607465569, -21.39579554984898 ], [ 83.002719442213461, -21.407473654192469 ], [ 83.061109963930903, -21.454186071566415 ], [ 83.096144276961368, -21.516469294731682 ], [ 83.205139917500574, -21.551503607762143 ], [ 83.321920960935458, -21.563181712105632 ], [ 83.407560392787701, -21.606001428031753 ], [ 83.512663331879082, -21.637143039614383 ], [ 83.555483047805197, -21.691640859883993 ], [ 83.582731957939998, -21.796743798975378 ], [ 83.53212683911822, -21.878490529379789 ], [ 83.594410062283487, -21.956344558336372 ], [ 83.672264091240081, -21.987486169919006 ], [ 83.769581627435798, -21.983593468471177 ], [ 83.824079447705415, -22.041983990188612 ], [ 83.812401343361927, -22.13151612348868 ], [ 83.890255372318506, -22.154872332175657 ], [ 83.952538595483773, -22.205477450997435 ], [ 83.925289685348972, -22.298902285745335 ], [ 83.82797214915324, -22.388434419045403 ], [ 83.78904513467495, -22.474073850897643 ], [ 83.808508641914088, -22.532464372615081 ], [ 83.925289685348972, -22.594747595780348 ], [ 84.022607221544689, -22.575284088541199 ], [ 84.088783146157795, -22.649245416049954 ], [ 84.141334615703471, -22.70471641168152 ], [ 84.199725137420913, -22.766999634846787 ], [ 84.335969688094934, -22.864317171042515 ], [ 84.443018977910242, -22.890592905815303 ], [ 84.489731395284181, -22.972339636219715 ], [ 84.446911679358067, -23.081335276758928 ], [ 84.402145612708026, -23.22439205496671 ], [ 84.427448172118915, -23.322682766524334 ], [ 84.402145612708026, -23.426812530253823 ], [ 84.302881725788396, -23.501747033124474 ], [ 84.170529876562199, -23.571815659185397 ], [ 84.293149972168806, -23.738228646080152 ], [ 84.427448172118915, -23.797592343159486 ], [ 84.46248248514938, -23.894909879355211 ], [ 84.633761348853866, -23.918266088042188 ], [ 84.729132534325672, -24.065215567697798 ], [ 84.557853670621185, -24.236494431402278 ], [ 84.620136893786452, -24.423344100898074 ], [ 84.760274145908298, -24.470056518272024 ], [ 84.900411398030144, -24.532339741437291 ], [ 84.884840592238831, -24.765901828307037 ], [ 84.989943531330226, -24.95080514707891 ], [ 85.032763247256341, -25.052015384722466 ], [ 85.013299740017189, -25.161011025261683 ], [ 84.962694621195411, -25.188259935396484 ], [ 85.005514337121539, -25.250543158561751 ], [ 85.021085142912852, -25.320611784622674 ], [ 85.075582963182455, -25.328397187518334 ], [ 85.14954429069121, -25.254435860009579 ], [ 85.157329693586874, -25.137654816574706 ], [ 85.254647229782606, -25.141547518022534 ], [ 85.33639396018701, -25.040337280378978 ], [ 85.33639396018701, -24.970268654318055 ], [ 85.410355287695765, -24.970268654318055 ], [ 85.45317500362188, -25.040337280378978 ], [ 85.44538960072623, -25.145440219470366 ], [ 85.480423913756695, -25.242757755666094 ], [ 85.422033392039253, -25.316719083174846 ], [ 85.40646258624794, -25.433500126609719 ], [ 85.433711496382742, -25.51524685701413 ], [ 85.480423913756695, -25.569744677283737 ], [ 85.531029032578473, -25.565851975835908 ], [ 85.616668464430703, -25.546388468596763 ], [ 85.67116628470032, -25.643706004792492 ], [ 85.745127612209075, -25.667062213479465 ], [ 85.819088939717815, -25.729345436644731 ], [ 85.885264864330921, -25.803306764153486 ], [ 85.877479461435257, -25.885053494557898 ], [ 85.881372162883082, -25.931765911931844 ], [ 85.920299177361386, -25.955122120618821 ], [ 85.998153206317966, -25.959014822066649 ], [ 86.025402116452767, -26.009619940888427 ], [ 86.07989993672237, -26.040761552471061 ], [ 86.142183159887637, -26.064117761158034 ], [ 86.18889557726159, -26.114722879979812 ], [ 86.076007235274545, -26.134186387218961 ], [ 85.986475101974477, -26.118615581427644 ], [ 85.943655386048349, -26.196469610384224 ], [ 85.889157565778746, -26.169220700249422 ], [ 85.838552446956967, -26.25875283354949 ], [ 85.760698418000388, -26.307411601647356 ], [ 85.667273583252481, -26.342445914677818 ], [ 85.663380881804656, -26.412514540738744 ], [ 85.725664104969923, -26.486475868247496 ], [ 85.749020313656899, -26.564329897204079 ], [ 85.749020313656899, -26.622720418921514 ], [ 85.67116628470032, -26.720037955117242 ], [ 85.604990360087214, -26.782321178282508 ], [ 85.628346568774191, -26.875746013030408 ], [ 85.741234910761236, -26.934136534747843 ], [ 85.799625432478678, -27.008097862256598 ], [ 85.799625432478678, -27.097629995556666 ], [ 85.846337849852631, -27.152127815826276 ], [ 85.912513774465722, -27.163805920169761 ], [ 86.052651026587569, -27.159913218721933 ], [ 86.095470742513683, -27.226089143335027 ], [ 86.134397756991987, -27.319513978082927 ], [ 86.185002875813765, -27.38179720124819 ], [ 86.282320412009483, -27.38179720124819 ], [ 86.379637948205215, -27.385689902696022 ], [ 86.445813872818306, -27.374011798352534 ], [ 86.539238707566213, -27.350655589665561 ], [ 86.570380319148839, -27.424616917174312 ], [ 86.504204394535748, -27.545290662057013 ], [ 86.449706574266145, -27.541397960609185 ], [ 86.379637948205215, -27.619251989565768 ], [ 86.348496336622588, -27.669857108387546 ], [ 86.367959843861726, -27.786638151822419 ], [ 86.329032829383436, -27.859626303969161 ], [ 86.26674960621817, -27.882982512656135 ], [ 86.270642307665995, -27.94039985901167 ], [ 86.290105814905147, -27.983219574937788 ], [ 86.364067142413901, -28.068859006790028 ], [ 86.387423351100878, -28.197318154568389 ], [ 86.391316052548703, -28.294635690764117 ], [ 86.391316052548703, -28.384167824064185 ], [ 86.348496336622588, -28.489270763155574 ], [ 86.309569322144284, -28.574910195007813 ], [ 86.344603635174749, -28.664442328307882 ], [ 86.387423351100878, -28.691691238442687 ], [ 86.434135768474803, -28.711154745681831 ], [ 86.469170081505268, -28.718940148577492 ], [ 86.480848185848757, -28.773437968847098 ], [ 86.508097095983558, -28.851291997803681 ], [ 86.539238707566199, -28.843506594908021 ], [ 86.570380319148825, -28.746189058712293 ], [ 86.613200035074954, -28.707262044234003 ], [ 86.656019751001068, -28.707262044234003 ], [ 86.702732168375022, -28.76175986450361 ], [ 86.749444585748961, -28.827935789116705 ], [ 86.823405913257716, -28.874648206490654 ], [ 86.889581837870807, -28.890219012281971 ], [ 86.9401869566926, -28.956394936895066 ], [ 86.912938046557784, -29.010892757164672 ], [ 86.912938046557784, -29.096532189016916 ], [ 86.893474539318646, -29.189957023764812 ], [ 86.909045345109959, -29.256132948377907 ], [ 86.959650463931737, -29.263918351273567 ], [ 86.983006672618714, -29.28727455996054 ], [ 87.01414828420134, -29.318416171543173 ], [ 87.010255582753516, -29.400162901947585 ], [ 87.064753403023118, -29.407948304843245 ], [ 87.150392834875362, -29.37291399181278 ], [ 87.228246863831941, -29.361235887469295 ], [ 87.30999359423636, -29.369021290364952 ], [ 87.356706011610314, -29.404055603395413 ], [ 87.38784762319294, -29.431304513530218 ], [ 87.422881936223405, -29.458553423665023 ], [ 87.481272457940833, -29.458553423665023 ], [ 87.539662979658274, -29.450768020769363 ], [ 87.566911889793076, -29.470231528008508 ], [ 87.586375397032228, -29.520836646830286 ], [ 87.629195112958342, -29.528622049725946 ], [ 87.687585634675784, -29.563656362756408 ], [ 87.699263739019273, -29.641510391712991 ], [ 87.656444023093144, -29.664866600399964 ], [ 87.640873217301831, -29.742720629356548 ], [ 87.664229425988808, -29.812789255417471 ], [ 87.708995492638834, -29.82933323657074 ], [ 87.779064118699765, -29.82933323657074 ], [ 87.853025446208505, -29.868260251049033 ], [ 87.891952460686809, -29.899401862631663 ], [ 87.907523266478123, -29.96168508579693 ], [ 87.977591892539039, -29.977255891588246 ], [ 88.047660518599969, -29.938328877109956 ], [ 88.15276345769135, -29.899401862631663 ], [ 88.238402889543593, -29.907187265527323 ], [ 88.308471515604523, -29.96947048869259 ], [ 88.417467156143729, -29.996719398827391 ], [ 88.506999289443797, -30.000612100275223 ], [ 88.600424124191704, -30.020075607514368 ], [ 88.697741660387436, -30.105715039366608 ], [ 88.748346779209214, -30.167998262531874 ], [ 88.845664315404932, -30.175783665427531 ], [ 88.939089150152839, -30.097929636470948 ], [ 88.985801567526778, -30.094036935023119 ], [ 89.071440999379021, -30.121285845157924 ], [ 89.110368013857311, -30.136856650949241 ], [ 89.203792848605218, -30.152427456740558 ], [ 89.289432280457461, -30.175783665427531 ], [ 89.336144697831401, -30.195247172666676 ], [ 89.363393607966202, -30.273101201623259 ], [ 89.363393607966202, -30.358740633475499 ], [ 89.402320622444492, -30.409345752297277 ], [ 89.480174651401086, -30.413238453745109 ], [ 89.499638158640224, -30.444380065327742 ], [ 89.526887068775025, -30.530019497179982 ], [ 89.56192138180549, -30.549483004419127 ], [ 89.337117873193378, -31.467187370744767 ], [ 88.994560145784419, -32.775135057215344 ], [ 88.460286872069872, -34.352652318948138 ], [ 87.96202108674774, -36.127724179158207 ], [ 87.299674040897102, -37.477218552392927 ], [ 86.576417883510388, -39.350687125152064 ], [ 77.682711529330405, -39.347562076597576 ], [ 77.66461165152549, -39.265618993444846 ], [ 77.609324752048877, -39.207699384469343 ], [ 77.667244361024373, -39.14714706599495 ], [ 77.740960226993209, -39.112921842509429 ], [ 77.764654612483184, -39.060267652531692 ], [ 77.843635897449772, -39.023409719547281 ], [ 77.946311567906349, -39.026042429046171 ], [ 78.03845640036738, -39.036573267041717 ], [ 78.072681623852901, -39.065533071529465 ], [ 78.117437685333982, -39.091860166518337 ], [ 78.14376478032284, -39.123452680504975 ], [ 78.206949808296116, -39.107656423511656 ], [ 78.217480646291662, -39.049736814536146 ], [ 78.212215227293896, -38.991817205560643 ], [ 78.220113355790559, -38.93389759658514 ], [ 78.275400255267172, -38.939163015582977 ], [ 78.333319864242668, -38.968122820070732 ], [ 78.399137601714841, -38.973388239068505 ], [ 78.462322629688117, -38.968122820070732 ], [ 78.504445981670301, -38.936530306084094 ], [ 78.486017015178092, -38.881243406607474 ], [ 78.435995534699245, -38.878610697108591 ], [ 78.391239473218178, -38.862814440115272 ], [ 78.372810506725969, -38.820691088133081 ], [ 78.459689920189234, -38.823323797631971 ], [ 78.514976819665847, -38.794363993144216 ], [ 78.538671205155822, -38.751582463787223 ], [ 78.536038495656939, -38.707484579680965 ], [ 78.528140367160276, -38.646932261206572 ], [ 78.486017015178092, -38.631136004213253 ], [ 78.430730115701479, -38.644299551707689 ], [ 78.380708635222632, -38.62323787571659 ], [ 78.370177797227086, -38.557420138244431 ], [ 78.35438154023376, -38.512664076763357 ], [ 78.367545087728203, -38.4652753057834 ], [ 78.362279668730423, -38.43105008229788 ], [ 78.328054445244902, -38.409988406306788 ], [ 78.296461931258264, -38.43105008229788 ], [ 78.299094640757147, -38.470540724781173 ], [ 78.267502126770509, -38.499500529268929 ], [ 78.259603998273846, -38.552154719246658 ], [ 78.214847936792779, -38.554129251370817 ], [ 78.154295618318386, -38.514638608887523 ], [ 78.088477880846227, -38.438290033419811 ], [ 78.025292852872951, -38.356676038954333 ], [ 77.975271372394104, -38.288225591983277 ], [ 77.948944277405246, -38.232938692506664 ], [ 77.954209696403012, -38.175677260905886 ], [ 77.935780729910803, -38.090114202192076 ], [ 77.88049383043419, -38.026929174218793 ], [ 77.88049383043419, -37.940049760755542 ], [ 77.909453634921945, -37.850537637793401 ], [ 77.917351763418608, -37.763658224330143 ], [ 77.912086344420828, -37.679411520365775 ], [ 77.864697573440864, -37.621491911390265 ], [ 77.812043383463134, -37.608328363895836 ], [ 77.767287321982067, -37.553041464419216 ], [ 77.762021902984301, -37.48985643644594 ], [ 77.740960226993209, -37.434569536969327 ], [ 77.696204165512128, -37.390471652862885 ], [ 77.614590171046643, -37.385864411240007 ], [ 77.580364947561122, -37.412191506228872 ], [ 77.554037852572264, -37.44115131071662 ], [ 77.461893020111233, -37.427987763222191 ], [ 77.432933215623478, -37.401660668233326 ], [ 77.377646316146866, -37.396395249235553 ], [ 77.322359416670238, -37.409558796729982 ], [ 77.29603232168138, -37.438518601217737 ], [ 77.232847293708105, -37.44115131071662 ], [ 77.117008075757099, -37.462212986707712 ], [ 77.027495952794951, -37.480641953199921 ], [ 76.91692215384171, -37.522765305182105 ], [ 76.79976658114127, -37.565546834538935 ], [ 76.807664709637933, -37.507627225563432 ], [ 76.864267963863981, -37.470111115204375 ], [ 76.953780086826129, -37.430620472721074 ], [ 77.040659500289379, -37.399027958734436 ], [ 77.138069751748191, -37.367435444747798 ], [ 77.206520198719232, -37.325312092765614 ], [ 77.240745422204768, -37.238432679302356 ], [ 77.301297740679146, -37.235799969803473 ], [ 77.380279025645748, -37.2305345508057 ], [ 77.451362182115687, -37.214738293812381 ], [ 77.522445338585626, -37.191043908322399 ], [ 77.530343467082275, -37.119960751852467 ], [ 77.540874305077821, -37.062041142876957 ], [ 77.538241595578938, -37.019917790894773 ], [ 77.485587405601208, -37.014652371897 ], [ 77.427667796625698, -37.022550500393663 ], [ 77.36711547815132, -37.027815919391436 ], [ 77.29603232168138, -37.01728508139589 ], [ 77.240745422204768, -36.988325276908135 ], [ 77.243378131703651, -36.888282315950448 ], [ 77.232847293708105, -36.819831868979399 ], [ 77.198622070222584, -36.775075807498126 ], [ 77.145967880244839, -36.790872064491644 ], [ 77.111742656759318, -36.846158963968264 ], [ 77.066986595278252, -36.875118768456019 ], [ 77.011699695801639, -36.85668980196381 ], [ 76.972209053318338, -36.848791673467154 ], [ 76.964310924821675, -36.896180444447111 ], [ 76.932718410835037, -36.956732762921497 ], [ 76.88269693035619, -36.969896310415933 ], [ 76.832675449877343, -36.967263600917043 ], [ 76.803715645389602, -36.940936505928178 ], [ 76.751061455411858, -36.890915025449338 ], [ 76.769490421904067, -36.846158963968264 ], [ 76.814246483385148, -36.819831868979399 ], [ 76.856369835367332, -36.777708516997215 ], [ 76.866900673362878, -36.717156198522822 ], [ 76.890595058852881, -36.638504002243621 ], [ 76.874798801859555, -36.595064295511996 ], [ 76.885329639855101, -36.545042815033149 ], [ 76.918238508591187, -36.547675524532039 ], [ 76.915605799092305, -36.576635329019787 ], [ 76.955096441575606, -36.588482521764774 ], [ 76.998536148307224, -36.567420845773682 ], [ 77.028812307544428, -36.527930203290389 ], [ 77.038026790790497, -36.477579634124147 ], [ 77.056455757282734, -36.42393817808437 ], [ 77.080150142772709, -36.354171376363873 ], [ 77.0617211762805, -36.276506446146719 ], [ 76.989321665061127, -36.206081467051497 ], [ 76.939300184582279, -36.187652500559295 ], [ 76.859002544866243, -36.182387081561522 ], [ 76.797133871642401, -36.182387081561522 ], [ 76.716836231926365, -36.149478212825436 ], [ 76.660232977700304, -36.102089441845479 ], [ 76.604946078223662, -36.031335374062799 ], [ 76.595731594977593, -35.969137612151712 ], [ 76.594415240228145, -35.920432486422307 ], [ 76.6233750447159, -35.891472681934559 ], [ 76.666814751447518, -35.892789036684 ], [ 76.704989039181385, -35.87567642494124 ], [ 76.712887167678034, -35.836185782457939 ], [ 76.710254458179122, -35.79965693816078 ], [ 76.69314184643639, -35.735484644125521 ], [ 76.648385784955323, -35.684146808897232 ], [ 76.611527851970877, -35.648934319349429 ], [ 76.591124353354544, -35.586407468751069 ], [ 76.588491643855662, -35.508742538533923 ], [ 76.577302628485356, -35.477808201921803 ], [ 76.535837453877932, -35.495578991039487 ], [ 76.51411760051208, -35.512033425407324 ], [ 76.504244939891294, -35.541651407270002 ], [ 76.498321343518754, -35.612076386365018 ], [ 76.464754297407993, -35.620632692236597 ], [ 76.432503606046595, -35.601545548369472 ], [ 76.389722076689722, -35.579825695003855 ], [ 76.353522321079993, -35.538360520396189 ], [ 76.337726064086681, -35.4198885929463 ], [ 76.340358773585564, -35.359336274471907 ], [ 76.366685868574436, -35.330376469984152 ], [ 76.414074639554386, -35.335641888981925 ], [ 76.446325330915784, -35.329718292609634 ], [ 76.469361539030999, -35.30931479399306 ], [ 76.47396878065409, -35.258635136139695 ], [ 76.469361539030999, -35.211904542534263 ], [ 76.463437942658544, -35.146744982437021 ], [ 76.450932572538804, -35.114494291075459 ], [ 76.425263654924692, -35.087509018712076 ], [ 76.405518333683048, -35.058220125536948 ], [ 76.393012963563294, -34.998655073124453 ], [ 76.405518333683048, -34.964758938326476 ], [ 76.437769025044361, -34.943368173647833 ], [ 76.495030456645182, -34.939748198087052 ], [ 76.545710114498718, -34.927571916654514 ], [ 76.585858934356764, -34.920002876845409 ], [ 76.622058689966423, -34.893346693168994 ], [ 76.625349576840065, -34.844641567439773 ], [ 76.664182041948607, -34.798569151209072 ], [ 76.693800023811121, -34.766976637222619 ], [ 76.727367069921883, -34.74328225173246 ], [ 76.811613773886251, -34.732751413736914 ], [ 76.859002544866215, -34.680097223759184 ], [ 76.856369835367332, -34.630075743280337 ], [ 76.824777321380694, -34.574788843803717 ], [ 76.843206287872889, -34.540563620318196 ], [ 76.880064220857307, -34.511603815830441 ], [ 76.914289444342856, -34.525754629387137 ], [ 76.962994570072254, -34.524438274637696 ], [ 77.001168857806093, -34.537930910819306 ], [ 77.027495952794979, -34.557347143373775 ], [ 77.027495952794951, -34.590585100797036 ], [ 77.060404821531066, -34.607368623852622 ], [ 77.09857910926489, -34.598483229293699 ], [ 77.124906204253776, -34.584990593112082 ], [ 77.152549653992097, -34.554714433874892 ], [ 77.157815072989862, -34.506009308145487 ], [ 77.149916944493199, -34.449406053919425 ], [ 77.151891476617379, -34.368450236828657 ], [ 77.180851281105134, -34.302632499356491 ], [ 77.225607342586201, -34.228916633387669 ], [ 77.240087244830079, -34.184160571906602 ], [ 77.249301728076176, -34.149935348421074 ], [ 77.309854046550569, -34.102546577441117 ], [ 77.319068529796667, -34.059106870709492 ], [ 77.305904982302238, -34.03541248521951 ], [ 77.266414339818937, -34.024881647223964 ], [ 77.241403599579513, -34.034096130470068 ], [ 77.21639285934009, -34.028830711472295 ], [ 77.192698473850115, -33.998554552235099 ], [ 77.190065764351232, -33.956431200252915 ], [ 77.199280247597329, -33.922205976767387 ], [ 77.232189116333416, -33.886664398532417 ], [ 77.267730694568385, -33.848161022111199 ], [ 77.316435820297784, -33.824466636621224 ], [ 77.361191881778851, -33.808670379627905 ], [ 77.453336714239882, -33.816568508124561 ], [ 77.50730725896706, -33.820517572372893 ], [ 77.551405143073367, -33.803404960629962 ], [ 77.561277803694239, -33.765230672896273 ], [ 77.574441351188668, -33.736270868408525 ], [ 77.594186672430311, -33.70994377341966 ], [ 77.619197412669735, -33.716525547166874 ], [ 77.627095541166398, -33.745485351654622 ], [ 77.653422636155256, -33.756016189650168 ], [ 77.735036630620741, -33.721790966164647 ], [ 77.762680080359047, -33.694147516426341 ], [ 77.761363725609613, -33.666504066688027 ], [ 77.77584362785349, -33.642809681198052 ], [ 77.80611978709068, -33.633595197951948 ], [ 77.835079591578435, -33.629646133703616 ], [ 77.841661365325649, -33.657289583441923 ], [ 77.845610429573981, -33.679667614182463 ], [ 77.854824912820078, -33.695463871175782 ], [ 77.923275359791134, -33.682300323681346 ], [ 77.953551519028323, -33.704678354421887 ], [ 77.979878614017196, -33.704678354421887 ], [ 78.010812950629074, -33.679009436807718 ], [ 78.020027433875171, -33.636886084825534 ], [ 78.012129305378522, -33.586864604346687 ], [ 78.022660143374068, -33.535526769118398 ], [ 78.051619947861809, -33.474974450644012 ], [ 78.083212461848447, -33.430218389162938 ], [ 78.117437685333982, -33.393360456178527 ], [ 78.145081135072289, -33.357818877943558 ], [ 78.152979263568952, -33.331491782954693 ], [ 78.168775520562264, -33.305164687965828 ], [ 78.200368034548902, -33.295950204719723 ], [ 78.229327839036657, -33.294633849970282 ], [ 78.260920353023295, -33.286735721473626 ], [ 78.292512867009933, -33.272255819229748 ], [ 78.312258188251576, -33.247245078990325 ], [ 78.32081449412297, -33.209070791256487 ], [ 78.351748830734877, -33.166289261899557 ], [ 78.353065185484326, -33.1189004909196 ], [ 78.345167056987663, -33.080726203185741 ], [ 78.34253434748878, -33.037286496454115 ], [ 78.35964695923154, -33.00832669196636 ], [ 78.393872182717061, -32.98858137072471 ], [ 78.445210017945357, -32.999112208720256 ], [ 78.467588048685883, -32.980683242228054 ], [ 78.476802531931995, -32.943825309243643 ], [ 78.464955339187, -32.916181859505336 ], [ 78.441260953697025, -32.88590570026814 ], [ 78.430730115701479, -32.855629541030943 ], [ 78.433362825200362, -32.824366115731671 ], [ 78.461006274938669, -32.814822543798201 ], [ 78.514976819665847, -32.822720672294864 ], [ 78.549202043151368, -32.814822543798201 ], [ 78.588692685634669, -32.787179094059894 ], [ 78.600539878379664, -32.754270225323808 ], [ 78.616336135372975, -32.718728647088845 ], [ 78.646612294610179, -32.718728647088845 ], [ 78.700582839337343, -32.712146873341624 ], [ 78.761135157811736, -32.697666971097753 ], [ 78.784829543301711, -32.669694432672081 ], [ 78.798651268170872, -32.624609282503634 ], [ 78.785487720676443, -32.593016768516996 ], [ 78.794702203922554, -32.558791545031475 ], [ 78.823662008410295, -32.539046223789825 ], [ 78.836825555904738, -32.514035483550401 ], [ 78.834192846405841, -32.456115874574898 ], [ 78.813131170414749, -32.436370553333248 ], [ 78.793385849173106, -32.40477803934661 ], [ 78.788120430175326, -32.325796754380015 ], [ 78.793385849173106, -32.277091628650616 ], [ 78.823662008410295, -32.229702857670652 ], [ 78.856570877146382, -32.195477634185131 ], [ 78.898694229128566, -32.175732312943481 ], [ 78.930286743115204, -32.172441426069881 ], [ 78.973726449846836, -32.157961523826003 ], [ 79.000053544835694, -32.13558349308547 ], [ 79.009926205456509, -32.100041914850372 ], [ 78.997420835336811, -32.059234917617744 ], [ 78.960562902352393, -32.038173241626652 ], [ 78.930286743115204, -32.013162501387235 ], [ 78.906592357625229, -31.938130280668965 ], [ 78.8934288101308, -31.890412421001642 ], [ 78.8934288101308, -31.839403674460719 ], [ 78.894745164880234, -31.784774952358816 ], [ 78.914490486121892, -31.707110022141663 ], [ 78.919755905119658, -31.612332480181745 ], [ 78.936868516862418, -31.518871292971276 ], [ 78.95793019285351, -31.433308234257463 ], [ 78.960562902352393, -31.350377885042537 ], [ 78.952664773855744, -31.32010172580534 ], [ 78.927654033616321, -31.312203597308681 ], [ 78.901326938627449, -31.326354410865193 ], [ 78.874999843638591, -31.352681505854058 ], [ 78.844723684401387, -31.353997860603499 ], [ 78.8052330419181, -31.350048796355171 ], [ 78.77758959217978, -31.327670765614634 ], [ 78.767058754184234, -31.290812832630223 ], [ 78.763109689935916, -31.20524977391641 ], [ 78.776273237430345, -31.173657259929772 ], [ 78.802600332419203, -31.16049371243534 ], [ 78.85788723189583, -31.163126421934226 ], [ 78.897377874379117, -31.148646519690352 ], [ 78.909225067124112, -31.122319424701484 ], [ 78.902643293376897, -31.056501687229321 ], [ 78.918439550370209, -31.011745625748251 ], [ 78.930286743115204, -30.953826016772748 ], [ 78.91054142187356, -30.909069955291677 ], [ 78.886847036383571, -30.891957343548913 ], [ 78.890796100631903, -30.861681184311717 ], [ 78.907908712374663, -30.824823251327306 ], [ 78.930286743115204, -30.793230737340668 ], [ 78.965828321350173, -30.77875083509679 ], [ 79.002686254334591, -30.777434480347349 ], [ 79.019798866077352, -30.751765562733215 ], [ 79.035595123070664, -30.701414993567006 ], [ 79.048758670565093, -30.615851934853197 ], [ 79.052707734813424, -30.506594490649405 ], [ 79.027696994574001, -30.467103848166104 ], [ 78.980308223594051, -30.468420202915549 ], [ 78.948715709607413, -30.494747297904414 ], [ 78.918439550370209, -30.535554295137157 ], [ 78.878948907886922, -30.526339811891052 ], [ 78.848672748649719, -30.480267395660537 ], [ 78.851305458148602, -30.359162758711758 ], [ 78.85788723189583, -30.29202866649015 ], [ 78.878948907886922, -30.244639895510193 ], [ 78.90527600287578, -30.207452873838427 ], [ 78.94608300010853, -30.211401938086755 ], [ 78.969777385598505, -30.200871100091209 ], [ 78.996104480587363, -30.183758488348449 ], [ 79.014533447079572, -30.140647870304175 ], [ 79.023747930325683, -30.098195429634636 ], [ 79.047442315815658, -30.049490303905234 ], [ 79.051720468751327, -30.022422759369803 ], [ 79.05139138006399, -29.992887049679172 ], [ 79.042176896817878, -29.950763697696988 ], [ 79.044809606316747, -29.926164318316768 ], [ 79.056656799061741, -29.894571804330131 ], [ 79.097463796294477, -29.869561064090707 ], [ 79.14616892202389, -29.865611999842379 ], [ 79.184343209757742, -29.859030226095161 ], [ 79.217252078493814, -29.835335840605183 ], [ 79.23304833548714, -29.798477907620772 ], [ 79.231073803362989, -29.762195879839123 ], [ 79.241604641358521, -29.704358543035575 ], [ 79.244237350857404, -29.639857160312854 ], [ 79.26003360785073, -29.604315582077888 ], [ 79.266615381597944, -29.57272306809125 ], [ 79.270564445846276, -29.543763263603498 ], [ 79.290309767087919, -29.526650651860734 ], [ 79.323218635824006, -29.52006887811352 ], [ 79.349545730812864, -29.53718148985628 ], [ 79.389036373296165, -29.552977746849599 ], [ 79.419312532533354, -29.559559520596817 ], [ 79.448272337021109, -29.541130554104612 ], [ 79.478548496258298, -29.501639911621314 ], [ 79.486446624754961, -29.454251140641357 ], [ 79.514090074493268, -29.417393207656946 ], [ 79.544366233730472, -29.383167984171422 ], [ 79.561478845473232, -29.344993696437566 ], [ 79.622031163947611, -29.342360986938679 ], [ 79.669419934927575, -29.32656472994536 ], [ 79.71022693216031, -29.285428644025263 ], [ 79.701012448914213, -29.22750903504976 ], [ 79.685216191920887, -29.169589426074257 ], [ 79.672052644426458, -29.134047847839287 ], [ 79.614133035450962, -29.1222006550943 ], [ 79.566744264470998, -29.119567945595414 ], [ 79.541733524231574, -29.099822624353763 ], [ 79.553580716976569, -29.06954646511657 ], [ 79.599653133207084, -29.065597400868239 ], [ 79.619398454448728, -29.023474048886055 ], [ 79.64046013043982, -28.993197889648862 ], [ 79.685216191920887, -28.977401632655543 ], [ 79.697063384665881, -28.948441828167791 ], [ 79.690481610918667, -28.910267540433935 ], [ 79.728655898652519, -28.898420347688948 ], [ 79.790524571876347, -28.899736702438389 ], [ 79.843178761854077, -28.910267540433935 ], [ 79.916894627822899, -28.918165668930595 ], [ 79.945854432310682, -28.892743567831829 ], [ 79.951119851308434, -28.860246059955092 ], [ 79.911629208825161, -28.837456668355212 ], [ 79.858975018847403, -28.816148175848742 ], [ 79.81421895736635, -28.808496863867461 ], [ 79.794473636124678, -28.784555661862104 ], [ 79.785259152878595, -28.745311835894185 ], [ 79.719441415406436, -28.724250159903093 ], [ 79.629929292444302, -28.729515578900866 ], [ 79.529886331486608, -28.695290355415338 ], [ 79.481181205757196, -28.668716443911098 ], [ 79.461435884515552, -28.642636165437608 ], [ 79.457486820267206, -28.606847770687263 ], [ 79.482497560506644, -28.5662875899699 ], [ 79.477232141508878, -28.503102561996624 ], [ 79.433792434777246, -28.427412163903647 ], [ 79.353494795061209, -28.413590439034479 ], [ 79.295575186085699, -28.432019405526685 ], [ 79.198164934626902, -28.426753986528912 ], [ 79.117209117536134, -28.423545371827288 ], [ 78.992155416339017, -28.423545371827288 ], [ 78.879607085261625, -28.432019405526685 ], [ 78.810498460915852, -28.410381824332855 ], [ 78.74204801394481, -28.394585567339536 ], [ 78.695975597714295, -28.38405472934399 ], [ 78.651877713607945, -28.340532750440389 ], [ 78.605147120002712, -28.355094924856239 ], [ 78.586059976135786, -28.381422019845104 ], [ 78.579478202388572, -28.407749114833969 ], [ 78.555783816898582, -28.431443500323947 ], [ 78.509711400668081, -28.445923402567821 ], [ 78.433362825200362, -28.44460704781838 ], [ 78.346483411737111, -28.449872466816153 ], [ 78.278032964766069, -28.464352369060027 ], [ 78.220113355790559, -28.491995818798337 ], [ 78.166142811063381, -28.515690204288315 ], [ 78.10164142834067, -28.524904687534416 ], [ 78.035823690868511, -28.513057494789429 ], [ 77.976587727143553, -28.52227197803553 ], [ 77.904188215924179, -28.534119170780521 ], [ 77.846268606948684, -28.539384589778294 ], [ 77.798879835968719, -28.527537397033303 ], [ 77.793614416970954, -28.49726123779611 ], [ 77.781767224225959, -28.452505176315039 ], [ 77.750174710239321, -28.457770595312812 ], [ 77.71068406775602, -28.47060505411989 ], [ 77.686989682266045, -28.499564858607641 ], [ 77.631702782789432, -28.523259244097616 ], [ 77.576415883312819, -28.515361115600957 ], [ 77.510598145840646, -28.517993825099843 ], [ 77.471107503357359, -28.546953629587595 ], [ 77.426351441876278, -28.578546143574233 ], [ 77.355268285406353, -28.599607819565325 ], [ 77.284185128936414, -28.586444272070892 ], [ 77.231530938958684, -28.533790082093162 ], [ 77.170978620484291, -28.510095696603184 ], [ 77.081466497522158, -28.52062653459873 ], [ 77.013016050551101, -28.531157372594276 ], [ 76.949831022577825, -28.507462987104301 ], [ 76.907707670595642, -28.465339635122117 ], [ 76.89191141360233, -28.41795086414216 ], [ 76.828726385629054, -28.404787316647727 ], [ 76.726050715172477, -28.415318154643273 ], [ 76.633905882711446, -28.425848992638819 ], [ 76.594415240228145, -28.478503182616549 ], [ 76.535179276503172, -28.509026158369128 ], [ 76.398278382561116, -28.51272840610207 ], [ 76.287704583607891, -28.557484467583141 ], [ 76.198192460645743, -28.620669495556417 ], [ 76.137640142171364, -28.649629300044168 ], [ 76.084985952193634, -28.689119942527466 ], [ 76.021800924220358, -28.739141423006309 ], [ 75.945452348752639, -28.768101227494061 ], [ 75.88490003027826, -28.778632065489607 ], [ 75.865154709036602, -28.834577142340947 ], [ 75.883583675528811, -28.871435075325358 ], [ 75.917808899014332, -28.895129460815337 ], [ 75.944135994003204, -28.926721974801975 ], [ 75.957299541497633, -28.966212617285272 ], [ 75.938870575005424, -29.010968678766339 ], [ 75.867787418535499, -29.060990159245183 ], [ 75.809867809559989, -29.05572474024741 ], [ 75.754580910083376, -29.076786416238502 ], [ 75.746682781586713, -29.145236863209551 ], [ 75.730886524593402, -29.221585438677259 ], [ 75.749315491085596, -29.274239628654989 ], [ 75.812500519058872, -29.292668595147195 ], [ 75.828296776052198, -29.324261109133833 ], [ 75.783540714571132, -29.347955494623811 ], [ 75.730886524593402, -29.395344265603768 ], [ 75.670334206119009, -29.397976975102655 ], [ 75.626894499387319, -29.425867241356375 ], [ 75.620312725640161, -29.498019936060341 ], [ 75.620312725640161, -29.571735802029163 ], [ 75.620312725640161, -29.629655411004666 ], [ 75.662436077622345, -29.674411472485737 ], [ 75.701926720105646, -29.687575019980169 ], [ 75.736151943591167, -29.719167533966807 ], [ 75.788806133568897, -29.729698371962353 ], [ 75.825664066553315, -29.738254677833734 ], [ 75.838827614047744, -29.79354157731035 ], [ 75.794071552566677, -29.854093895784739 ], [ 75.728253815094504, -29.896217247766923 ], [ 75.733519234092284, -29.938340599749107 ], [ 75.715090267600075, -29.980463951731291 ], [ 75.672966915617891, -29.998892918223497 ], [ 75.65717065862458, -30.046281689203454 ], [ 75.662436077622345, -30.080506912688978 ], [ 75.712457558101192, -30.098935879181184 ], [ 75.757213619582259, -30.10946671717673 ], [ 75.786173424070014, -30.127895683668935 ], [ 75.79143884306778, -30.170019035651119 ], [ 75.746682781586713, -30.243734901619941 ], [ 75.701926720105646, -30.299021801096558 ], [ 75.659803368123463, -30.388533924058699 ], [ 75.630843563635707, -30.446453533034202 ], [ 75.58082208315686, -30.504373142009705 ], [ 75.52816789317913, -30.535965655996343 ], [ 75.462350155706972, -30.541231074994116 ], [ 75.450502962961977, -30.589936200723514 ], [ 75.424175867973119, -30.639957681202358 ], [ 75.382052515990935, -30.703142709175633 ], [ 75.339929164008751, -30.755796899153363 ], [ 75.267529652789293, -30.761309134666568 ], [ 75.205660979565536, -30.832145474621072 ], [ 75.213559108062199, -30.882166955099915 ], [ 75.174068465578898, -30.932188435578759 ], [ 75.150374080088923, -30.982209916057602 ], [ 75.108250728106739, -31.024333268039786 ], [ 75.102985309108973, -31.06645662002197 ], [ 75.076658214120101, -31.098049134008608 ], [ 75.024004024142371, -31.113845391001927 ], [ 74.960818996169095, -31.105947262505268 ], [ 74.905532096692482, -31.132274357494133 ], [ 74.805489135734788, -31.234950027950706 ], [ 74.810425466045203, -31.283984242367445 ], [ 74.837081649721426, -31.311298603418415 ], [ 74.853865172776835, -31.337296609719896 ], [ 74.843992512156007, -31.360332817835154 ], [ 74.809767288670486, -31.38633082413666 ], [ 74.736051422701664, -31.410025209626639 ], [ 74.675499104227271, -31.421872402371626 ], [ 74.622844914249541, -31.465312109103255 ], [ 74.601783238258449, -31.496904623089893 ], [ 74.570190724271811, -31.51664994433154 ], [ 74.492525794054657, -31.532446201324859 ], [ 74.431973475580278, -31.540344329821519 ], [ 74.404988203216689, -31.569633222996636 ], [ 74.393141010471695, -31.60385844648216 ], [ 74.38655923672448, -31.634134605719357 ], [ 74.368130270232271, -31.655196281710449 ], [ 74.302312532760112, -31.65651263645989 ], [ 74.203585926551867, -31.642032734216016 ], [ 74.139084543829156, -31.599909382233832 ], [ 74.083797644352529, -31.590694898987728 ], [ 74.003500004636493, -31.580164060992182 ], [ 73.946896750410431, -31.592011253737173 ], [ 73.908722462676579, -31.605174801231605 ], [ 73.879925905400725, -31.625137021166154 ], [ 73.864624578570229, -31.649930862712676 ], [ 73.822501226588045, -31.667043474455436 ], [ 73.768201593173416, -31.665644847534079 ], [ 73.726407329878697, -31.673625248202654 ], [ 73.69975114620236, -31.691971942522947 ], [ 73.664538656654855, -31.723646728681498 ], [ 73.607606313741343, -31.728829875507358 ], [ 73.549686704765833, -31.713033618514039 ], [ 73.505259731972231, -31.6841560861982 ], [ 73.496045248726119, -31.638083669967685 ], [ 73.481236257794777, -31.605092529059689 ], [ 73.444378324810373, -31.623521495551895 ], [ 73.381193296837097, -31.644583171542987 ], [ 73.310110140367158, -31.660379428536306 ], [ 73.257455950389428, -31.660379428536306 ], [ 73.199536341413918, -31.718299037511812 ], [ 73.12055505644733, -31.755156970496223 ], [ 73.075798994966249, -31.752524260997337 ], [ 73.086329832961795, -31.672884798656025 ], [ 73.162678408429514, -31.654455832163819 ], [ 73.231128855400556, -31.588638094691653 ], [ 73.27851762638052, -31.480697005237307 ], [ 73.294313883373846, -31.393817591774049 ], [ 73.323273687861587, -31.275345664324156 ], [ 73.27325220738274, -31.246385859836405 ], [ 73.22586343640279, -31.183200831863129 ], [ 73.236394274398336, -31.10421954689653 ], [ 73.286415754877183, -31.080525161406552 ], [ 73.320640978362704, -31.017340133433276 ], [ 73.328539106859367, -30.948889686462223 ], [ 73.404887682327072, -30.948889686462223 ], [ 73.423316648819281, -30.880439239491174 ], [ 73.460174581803685, -30.822519630515671 ], [ 73.447011034309256, -30.788294407030147 ], [ 73.38909142533376, -30.756701893043509 ], [ 73.341702654353796, -30.725109379056871 ], [ 73.283783045378286, -30.67772060807691 ], [ 73.27851762638052, -30.564514099624791 ], [ 73.239026983897219, -30.561881390125905 ], [ 73.217965307906127, -30.630331837096954 ], [ 73.146882151436188, -30.619800999101408 ], [ 73.083697123462912, -30.604004742108089 ], [ 73.06263544747182, -30.556615971128132 ], [ 73.083697123462912, -30.485532814658193 ], [ 73.081064413964029, -30.42761320568269 ], [ 73.099493380456238, -30.372326306206073 ], [ 73.06263544747182, -30.343366501718322 ], [ 73.004715838496324, -30.385489853700506 ], [ 72.952061648518594, -30.446042172174895 ], [ 72.867814944554212, -30.482900105159306 ], [ 72.751975726603206, -30.503961781150402 ], [ 72.680892570133281, -30.530288876139267 ], [ 72.659830894142175, -30.572412228121451 ], [ 72.609809413663342, -30.609270161105862 ], [ 72.528195419197857, -30.643495384591386 ], [ 72.441316005734606, -30.635597256094727 ], [ 72.383396396759096, -30.654026222586932 ], [ 72.383396396759096, -30.693516865070229 ], [ 72.399192653752408, -30.743538345549076 ], [ 72.32021136878582, -30.79355982602792 ], [ 72.241230083819218, -30.783028988032374 ], [ 72.191208603340371, -30.754069183544622 ], [ 72.151717960857084, -30.817254211517898 ], [ 72.080634804387145, -30.875173820493401 ], [ 72.020082485912752, -30.938358848466677 ], [ 71.94110120094615, -30.980482200448865 ], [ 71.862119915979562, -30.977849490949978 ], [ 71.791036759509623, -31.012074714435503 ], [ 71.785771340511857, -31.072627032909892 ], [ 71.780505921514077, -31.120015803889849 ], [ 71.791036759509623, -31.172669993867579 ], [ 71.777873212015194, -31.235855021840859 ], [ 71.709422765044138, -31.246385859836405 ], [ 71.606747094587561, -31.293774630816362 ], [ 71.517234971625427, -31.351694239791865 ], [ 71.425090139164396, -31.364857787286297 ], [ 71.375068658685549, -31.405664784519029 ], [ 71.36190511119112, -31.445155427002327 ], [ 71.386915851430544, -31.503075035977833 ], [ 71.363221465940555, -31.529402130966698 ], [ 71.278974761976187, -31.545198387960017 ], [ 71.255280376486212, -31.608383415933293 ], [ 71.182880865266839, -31.618914253928839 ], [ 71.088103323306925, -31.653139477414364 ], [ 70.990693071848114, -31.666303024908796 ], [ 70.893282820389317, -31.642608639418818 ], [ 70.795872568930506, -31.629445091924385 ], [ 70.772178183440531, -31.55836193545445 ], [ 70.720840348212249, -31.555729225955563 ], [ 70.665553448735622, -31.560994644953336 ], [ 70.615531968256789, -31.582056320944428 ], [ 70.552346940283513, -31.608383415933293 ], [ 70.470732945818028, -31.608383415933293 ], [ 70.368057275361451, -31.60311799693552 ], [ 70.294341409392629, -31.61101612543218 ], [ 70.22325825292269, -31.629445091924385 ], [ 70.162705934448297, -31.671568443906569 ], [ 70.104786325472801, -31.674201153405455 ], [ 70.096888196976138, -31.642608639418818 ], [ 70.123215291964996, -31.618914253928839 ], [ 70.149542386953868, -31.584689030443315 ], [ 70.104786325472801, -31.532034840465585 ], [ 70.073193811486163, -31.471482521991192 ], [ 69.996845236018444, -31.489911488483397 ], [ 69.904700403557413, -31.487278778984511 ], [ 69.830984537588591, -31.49517690748117 ], [ 69.749370543123106, -31.566260063951109 ], [ 69.623000487176554, -31.618914253928839 ], [ 69.532172009464972, -31.653139477414367 ], [ 69.417649146263415, -31.664328492784637 ], [ 69.351831408791242, -31.655114009538533 ], [ 69.282064607070751, -31.655114009538533 ], [ 69.213614160099695, -31.652481300039646 ], [ 69.111596667017849, -31.657746719037419 ], [ 69.054993412791788, -31.67749204027907 ], [ 68.991808384818512, -31.739360713502904 ], [ 68.920725228348587, -31.740677068252346 ], [ 68.835162169634771, -31.741993423001791 ], [ 68.749599110920954, -31.735411649254573 ], [ 68.660745165333537, -31.719615392261254 ], [ 68.58176388036695, -31.691971942522947 ], [ 68.510680723897011, -31.659063073786864 ], [ 68.456710179169832, -31.604434351684962 ], [ 68.377728894203244, -31.593903513689416 ], [ 68.261889676252238, -31.641292284669376 ], [ 68.22503174326782, -31.720273569635971 ], [ 68.2302971622656, -31.809785692598112 ], [ 68.28295135224333, -31.883501558566937 ], [ 68.214500905272274, -31.94142116754244 ], [ 68.109192525316814, -31.967748262531305 ], [ 68.026262176101881, -32.005264372890444 ], [ 67.985455178869145, -31.986835406398239 ], [ 67.931484634141967, -31.990784470646567 ], [ 67.882779508412568, -32.003948018141003 ], [ 67.840656156430384, -31.990784470646567 ], [ 67.830125318434838, -31.947344763914941 ], [ 67.839339801680936, -31.907854121431644 ], [ 67.802481868696532, -31.89074150968888 ], [ 67.743245904971587, -31.907854121431644 ], [ 67.653733782009439, -31.902588702433871 ], [ 67.596472350408703, -31.863427148637935 ], [ 67.485898551455463, -31.858161729640162 ], [ 67.412182685486641, -31.94240843360453 ], [ 67.264750953548997, -32.00559346157781 ], [ 67.122584640609119, -32.063513070553313 ], [ 67.133115478604665, -32.163556031511 ], [ 67.033072517646985, -32.184617707502092 ], [ 66.875109947713796, -32.168821450508773 ], [ 66.690820282791734, -32.147759774517681 ], [ 66.638166092814004, -32.079309327546632 ], [ 66.653962349807315, -31.995062623582264 ], [ 66.54338855085409, -31.94240843360453 ], [ 66.377527852424237, -31.910815919617892 ], [ 66.240626958482139, -31.831834634651297 ], [ 66.214299863493267, -31.763384187680249 ], [ 66.051071874562297, -31.758118768682476 ], [ 65.898374723626887, -31.73705709269138 ], [ 65.898374723626887, -31.663341226722558 ], [ 65.814128019662519, -31.605421617747055 ], [ 65.745677572691463, -31.52644033278046 ], [ 65.624572935742677, -31.510644075787138 ], [ 65.524529974784997, -31.4790515618005 ], [ 65.477141203805033, -31.405335695831678 ], [ 65.387629080842899, -31.415866533827224 ], [ 65.287586119885205, -31.447459047813862 ], [ 65.177012320931965, -31.510644075787138 ], [ 64.992722656009917, -31.484316980798273 ], [ 64.840025505074493, -31.505378656789365 ], [ 64.724186287123487, -31.468520723804954 ], [ 64.787371315096763, -31.42639737182277 ], [ 64.876883438058911, -31.347416086856175 ], [ 64.913741371043315, -31.199984354918527 ], [ 64.871618019061131, -31.126268488949705 ], [ 64.666266678147977, -31.110472231956386 ], [ 64.487242432223695, -31.173657259929662 ], [ 64.466180756232603, -31.05255262298088 ], [ 64.381934052268235, -31.036756365987561 ], [ 64.260829415319449, -31.042021784985334 ], [ 64.176582711355081, -30.973571338014285 ], [ 64.081805169395167, -30.926182567034328 ], [ 64.029150979417437, -30.852466701065506 ], [ 63.960700532446388, -30.805077930085545 ], [ 63.892250085475339, -30.836670444072187 ], [ 63.881719247479793, -30.910386310041009 ], [ 63.808003381510972, -30.905120891043236 ], [ 63.818534219506518, -30.805077930085545 ], [ 63.765880029528788, -30.699769550130085 ], [ 63.706644065803836, -30.598410234422918 ], [ 63.648724456828333, -30.55891959193962 ], [ 63.567110462362855, -30.553654172941847 ], [ 63.511823562886235, -30.511530820959663 ], [ 63.469700210904051, -30.453611211984157 ], [ 63.467067501405161, -30.377262636516448 ], [ 63.364391830948591, -30.4062224410042 ], [ 63.293308674478652, -30.400957022006427 ], [ 63.235389065503149, -30.371997217518675 ], [ 63.190633004022075, -30.393058893509767 ], [ 63.153775071037664, -30.461509340480816 ], [ 63.085324624066615, -30.498367273465231 ], [ 63.11428442855437, -30.608941072418464 ], [ 63.080059205068842, -30.635268167407329 ], [ 63.024772305592222, -30.630002748409556 ], [ 62.964219987117836, -30.590512105926258 ], [ 62.924729344634535, -30.479938306973025 ], [ 62.95368914912229, -30.440447664489724 ], [ 62.974750825113382, -30.400957022006427 ], [ 62.961587277618946, -30.350935541527583 ], [ 62.929994763632308, -30.332506575035378 ], [ 62.885238702151241, -30.329873865536491 ], [ 62.835217221672394, -30.343037413030924 ], [ 62.772032193699111, -30.34567012252981 ], [ 62.695683618231406, -30.350935541527583 ], [ 62.63249859025813, -30.335139284534264 ], [ 62.565364498036523, -30.323950269163984 ], [ 62.528506565052112, -30.276561498184027 ], [ 62.486383213069928, -30.244968984197389 ], [ 62.475852375074382, -30.184416665722996 ], [ 62.433729023092198, -30.184416665722996 ], [ 62.375809414116695, -30.189682084720769 ], [ 62.309991676644529, -30.200212922716315 ], [ 62.265235615163462, -30.216009179709637 ], [ 62.233643101176817, -30.2818269171818 ], [ 62.183621620697977, -30.347644654653962 ], [ 62.178356201700197, -30.2818269171818 ], [ 62.165192654205768, -30.22127459870741 ], [ 62.144130978214676, -30.17388582772745 ], [ 62.075680531243627, -30.194947503718542 ], [ 62.02829176026367, -30.17388582772745 ], [ 61.967739441789277, -30.176518537226336 ], [ 61.896656285319345, -30.202845632215205 ], [ 61.833471257346069, -30.266030660188481 ], [ 61.830838547847179, -30.392400716135032 ], [ 61.831996265146927, -30.483005755294606 ], [ 61.772918938871676, -30.461509340480802 ], [ 61.737377360636707, -30.411487860001959 ], [ 61.718948394144505, -30.353568251026456 ], [ 61.713682975146732, -30.295648642050953 ], [ 61.69262129915564, -30.271954256560974 ], [ 61.645232528175676, -30.266688837563201 ], [ 61.618905433186811, -30.308812189545385 ], [ 61.655763366171222, -30.377262636516434 ], [ 61.682090461160087, -30.44044766448971 ], [ 61.695254008654523, -30.498367273465217 ], [ 61.703152137151186, -30.561552301438493 ], [ 61.708417556148959, -30.648431714901747 ], [ 61.663661494667885, -30.616839200915109 ], [ 61.624170852184584, -30.572083139434039 ], [ 61.616272723687928, -30.500999982964103 ], [ 61.58468020970129, -30.432549535993051 ], [ 61.542556857719106, -30.393058893509753 ], [ 61.505698924734695, -30.33513928453425 ], [ 61.400390544779228, -30.34303741303091 ], [ 61.350369064300388, -30.451636679859973 ], [ 61.26348965083713, -30.485861903345498 ], [ 61.229264427351602, -30.533250674325458 ], [ 61.195039203866081, -30.638559054280918 ], [ 61.171344818376099, -30.749132853234155 ], [ 61.094996242908394, -30.825481428701863 ], [ 61.063403728921756, -30.962382322643961 ], [ 60.981789734456271, -31.030832769615014 ], [ 61.021280376939572, -31.109814054581609 ], [ 60.958095348966289, -31.171024550430719 ], [ 60.921237415981878, -31.244740416399541 ], [ 60.94229909197297, -31.31582357286948 ], [ 61.068669147919529, -31.381641310341642 ], [ 61.10289437140505, -31.447459047813805 ], [ 61.118690628398369, -31.523807623281517 ], [ 61.15554856138278, -31.584359941755906 ], [ 61.221366298854946, -31.610687036744771 ], [ 61.226631717852719, -31.660708517223615 ], [ 61.187141075369418, -31.697566450208026 ], [ 61.134486885391688, -31.665973936221388 ], [ 61.094996242908394, -31.631748712735863 ], [ 61.060771019422866, -31.579094522758133 ], [ 60.965993477462952, -31.550134718270382 ], [ 60.884379482997467, -31.57382910376036 ], [ 60.747478589055369, -31.600814376123942 ], [ 60.697457108576522, -31.665973936221388 ], [ 60.671130013587657, -31.819329264531525 ], [ 60.576352471627743, -31.861452616513709 ], [ 60.544759957641105, -32.014149767449126 ], [ 60.542127248142215, -32.180010465878979 ], [ 60.500003896160031, -32.230031946357826 ], [ 60.428920739690099, -32.21686839886339 ], [ 60.423655320692326, -32.301115102827758 ], [ 60.378899259211252, -32.372198259297697 ], [ 60.299917974244657, -32.403790773284335 ], [ 60.276223588754675, -32.464343091758728 ], [ 60.317688763362142, -32.524895410233121 ], [ 60.312423344364369, -32.567018762215305 ], [ 60.284779894626062, -32.615723887944704 ], [ 60.295310732621608, -32.663112658924661 ], [ 60.301892506368823, -32.727614041647378 ], [ 60.308474280116037, -32.782900941123998 ], [ 60.305841570617154, -32.825024293106182 ], [ 60.282147185127172, -32.848718678596164 ], [ 60.247921961641644, -32.867147645088366 ], [ 60.20579860965946, -32.880311192582802 ], [ 60.159726193428952, -32.901372868573894 ], [ 60.157093483930062, -32.96192518704828 ], [ 60.174206095672822, -33.015895731775458 ], [ 60.281489007752448, -33.14687302934508 ], [ 60.274907234005234, -33.206108993070025 ], [ 60.238049301020823, -33.271926730542191 ], [ 60.181446046794761, -33.332479049016577 ], [ 60.107730180825939, -33.391715012741528 ], [ 60.048494217100995, -33.453583685965363 ], [ 59.980043770129939, -33.497681570071713 ], [ 59.955033029890522, -33.534539503056116 ], [ 59.96688022263551, -33.579295564537198 ], [ 60.044545152852663, -33.626684335517155 ], [ 60.032697960107676, -33.699083846736535 ], [ 59.970829286883841, -33.731992715472614 ], [ 59.919491451655553, -33.766217938958142 ], [ 59.856306423682277, -33.818872128935872 ], [ 59.790488686210111, -33.851780997671952 ], [ 59.733885431984049, -33.858362771419159 ], [ 59.682547596755761, -33.835984740678633 ], [ 59.641740599523018, -33.817555774186424 ], [ 59.588428232170571, -33.832364765117667 ], [ 59.566050201430031, -33.875804471849293 ], [ 59.558152072933375, -33.931091371325913 ], [ 59.518661430450074, -33.960051175813668 ], [ 59.47653807846789, -33.966632949560882 ], [ 59.446261919230693, -33.966632949560882 ], [ 59.396240438751853, -34.028501622784717 ], [ 59.334371765528019, -34.058777782021913 ], [ 59.275135801803074, -34.066675910518569 ], [ 59.231696095071442, -34.057461427272465 ], [ 59.194838162087031, -34.078523103263556 ], [ 59.204052645333135, -34.104850198252421 ], [ 59.261972254308638, -34.112748326749085 ], [ 59.313310089536927, -34.108799262500753 ], [ 59.301462896791939, -34.13907542173795 ], [ 59.317917331159968, -34.193704143839838 ], [ 59.344902603523565, -34.26412912293506 ], [ 59.344244426148833, -34.325339618784163 ], [ 59.431123839612091, -34.346401294775255 ], [ 59.441654677607637, -34.401688194251875 ], [ 59.478512610592055, -34.44117883673519 ], [ 59.510105124578693, -34.456975093728509 ], [ 59.533799510068668, -34.485934898216243 ], [ 59.467981772596502, -34.499098445710672 ], [ 59.383735068632134, -34.464873222225151 ], [ 59.315284621661085, -34.459607803227378 ], [ 59.254732303186692, -34.464873222225151 ], [ 59.202078113208962, -34.443811546234059 ], [ 59.144158504233459, -34.435913417737396 ], [ 59.086238895257956, -34.430647998739623 ], [ 59.049380962273545, -34.380626518260783 ], [ 58.96776696780806, -34.37536109926301 ], [ 59.012523029289135, -34.449076965231832 ], [ 58.954603420313624, -34.48066947921847 ], [ 58.87825484484592, -34.48066947921847 ], [ 58.799273559879325, -34.499098445710672 ], [ 58.736088531906049, -34.5333236691962 ], [ 58.638678280447245, -34.599141406668366 ], [ 58.550482512234545, -34.633366630153887 ], [ 58.463603098771287, -34.657061015643869 ], [ 58.3635601378136, -34.662326434641642 ], [ 58.279313433849232, -34.664959144140525 ], [ 58.250353629361477, -34.630733920655004 ], [ 58.20559756788041, -34.599141406668366 ], [ 58.110820025920489, -34.604406825666139 ], [ 58.008144355463919, -34.654428306144979 ], [ 57.913366813503998, -34.651795596646096 ], [ 57.837018238036293, -34.617570373160568 ], [ 57.75935330781914, -34.607039535165022 ], [ 57.711964536839183, -34.596508697169476 ], [ 57.656677637362563, -34.654428306144979 ], [ 57.65141221836479, -34.717613334118255 ], [ 57.577696352395968, -34.714980624619372 ], [ 57.522409452919348, -34.664959144140525 ], [ 57.472387972440508, -34.633366630153887 ], [ 57.380243139979477, -34.662326434641642 ], [ 57.256505793531808, -34.657061015643869 ], [ 57.161728251571894, -34.657061015643869 ], [ 57.069583419110863, -34.628101211156114 ], [ 56.987969424645385, -34.601774116167249 ], [ 56.893191882685464, -34.520160121701764 ], [ 56.830006854712188, -34.470138641222924 ], [ 56.790516212228894, -34.396422775254102 ], [ 56.772087245736685, -34.338503166278599 ], [ 56.764189117240029, -34.270052719307543 ], [ 56.756290988743366, -34.209500400833157 ], [ 56.669411575280108, -34.154213501356523 ], [ 56.622022804300151, -34.088395763884364 ], [ 56.548306938331329, -34.0410069929044 ], [ 56.58779758081463, -33.999541818296954 ], [ 56.643084480291243, -33.93569861294894 ], [ 56.627617311985304, -33.860995480918056 ], [ 56.561799574513145, -33.792545033947007 ], [ 56.474920161049887, -33.753054391463706 ], [ 56.398571585582175, -33.737258134470387 ], [ 56.453858485058795, -33.684603944492657 ], [ 56.498614546539862, -33.626684335517155 ], [ 56.522308932029844, -33.539804922053897 ], [ 56.5302070605265, -33.452925508590646 ], [ 56.611821054991985, -33.463456346586192 ], [ 56.659209825971942, -33.431863832599554 ], [ 56.64078085947974, -33.318657324147431 ], [ 56.646046278477513, -33.175832833832835 ], [ 56.643413568978623, -33.107382386861786 ], [ 56.677638792464151, -33.015237554400755 ], [ 56.711864015949672, -32.949419816928597 ], [ 56.698700468455243, -32.820417051483155 ], [ 56.680271501963034, -32.715108671527695 ], [ 56.632882730983077, -32.707210543031032 ], [ 56.580228541005347, -32.672985319545511 ], [ 56.551268736517599, -32.641392805558873 ], [ 56.548636027018709, -32.604534872574462 ], [ 56.577595831506464, -32.565044230091161 ], [ 56.624984602486421, -32.536084425603406 ], [ 56.635515440481967, -32.483430235625676 ], [ 56.635515440481967, -32.425510626650173 ], [ 56.685536920960807, -32.386019984166879 ], [ 56.751354658432973, -32.37022372717356 ], [ 56.761885496428519, -32.31230411819805 ], [ 56.738191110938537, -32.241220961728118 ], [ 56.719762144446335, -32.162239676761523 ], [ 56.7460892394352, -32.085891101293811 ], [ 56.732925691940764, -32.043767749311627 ], [ 56.669740663967488, -32.070094844300492 ], [ 56.601290216996439, -32.122749034278222 ], [ 56.543370608020936, -32.120116324779332 ], [ 56.506512675036525, -32.135912581772651 ], [ 56.448593066061022, -32.159606967262633 ], [ 56.380142619089973, -32.180668643253725 ], [ 56.311692172118917, -32.214893866739253 ], [ 56.245874434646758, -32.25964992822032 ], [ 56.209016501662347, -32.320202246694713 ], [ 56.132667926194635, -32.357060179679124 ], [ 56.040523093733604, -32.354427470180234 ], [ 56.006297870248083, -32.338631213186915 ], [ 55.974705356261445, -32.299140570703621 ], [ 55.914153037787052, -32.37022372717356 ], [ 55.887825942798187, -32.446572302641265 ], [ 55.774619434346064, -32.493961073621222 ], [ 55.706168987375015, -32.562411520592271 ], [ 55.68247460188504, -32.644025515057756 ], [ 55.671943763889495, -32.691414286037713 ], [ 55.740394210860543, -32.744068476015443 ], [ 55.771986724847181, -32.823049760982045 ], [ 55.766721305849408, -32.880969369957548 ], [ 55.711434406372788, -32.907296464946413 ], [ 55.648249378399512, -32.920460012440842 ], [ 55.590329769424009, -32.959950654924143 ], [ 55.577166221929573, -33.023135682897419 ], [ 55.590329769424009, -33.075789872875148 ], [ 55.653514797397285, -33.104749677362904 ], [ 55.654831152146727, -33.169251060085614 ], [ 55.591646124173451, -33.240334216555553 ], [ 55.528461096200175, -33.319315501522148 ], [ 55.470541487224672, -33.400929495987633 ], [ 55.428418135242488, -33.493074328448657 ], [ 55.370498526266985, -33.519401423437522 ], [ 55.304680788794819, -33.516768713938639 ], [ 55.267822855810408, -33.49833974744643 ], [ 55.217801375331561, -33.545728518426387 ], [ 55.204637827837132, -33.65893502687851 ], [ 55.192790635092145, -33.772799712705343 ], [ 55.116442059624433, -33.880740802159693 ], [ 55.024297227163409, -33.967620215622944 ], [ 54.911090718711279, -33.986049182115153 ], [ 54.866334657230212, -34.022907115099564 ], [ 54.850538400236893, -34.117684657059478 ], [ 54.805782338755819, -34.207196780021619 ], [ 54.716270215793678, -34.283545355489331 ], [ 54.57936932185158, -34.349363092961497 ], [ 54.476693651395003, -34.362526640455926 ], [ 54.410875913922837, -34.40464999243811 ], [ 54.4187740424195, -34.478365858406931 ], [ 54.368752561940653, -34.544183595879097 ], [ 54.260811472486303, -34.578408819364626 ], [ 54.226586249000782, -34.625797590344582 ], [ 54.284505857976285, -34.652124685333447 ], [ 54.360854433443997, -34.688982618317858 ], [ 54.426672170916156, -34.727156906051704 ], [ 54.463530103900567, -34.803505481519409 ], [ 54.489857198889432, -34.866690509492685 ], [ 54.400345075927291, -34.937773665962624 ], [ 54.360854433443997, -35.00359140343479 ], [ 54.379283399936199, -35.093103526396931 ], [ 54.463530103900567, -35.116797911886913 ], [ 54.503020746383868, -35.198411906352391 ], [ 54.529347841372733, -35.272127772321213 ], [ 54.521449712876077, -35.341236396666979 ], [ 54.484591779891659, -35.409686843638035 ], [ 54.476693651395003, -35.528158771087924 ], [ 54.479326360893886, -35.59397650856009 ], [ 54.537245969869396, -35.622936313047845 ], [ 54.655717897319285, -35.672957793526685 ], [ 54.755760858276979, -35.672957793526685 ], [ 54.825527659997469, -35.721004741881366 ], [ 54.893978106968518, -35.799986026847961 ], [ 54.91503978295961, -35.905294406803428 ], [ 54.904508944964064, -35.989541110767796 ], [ 54.888712687970745, -36.089584071725483 ], [ 54.783404308015285, -36.163299937694305 ], [ 54.804465984006377, -36.237015803663127 ], [ 54.836058497993015, -36.331793345623048 ], [ 54.920305201957383, -36.410774630589643 ], [ 55.120391123872764, -36.379182116603005 ], [ 55.257292017814862, -36.331793345623048 ], [ 55.373131235765868, -36.426570887582962 ], [ 55.436316263739144, -36.505552172549557 ], [ 55.531093805699065, -36.56347178152506 ], [ 55.583747995676795, -36.66878016148052 ], [ 55.541624643694611, -36.800415636424852 ], [ 55.515297548705746, -36.926785692371404 ], [ 55.515297548705746, -37.090013681302366 ], [ 55.381029364262531, -37.158464128273415 ], [ 55.50213400121131, -37.195322061257826 ], [ 55.612707800164543, -37.168994966268961 ], [ 55.728547018115549, -37.200587480255599 ], [ 55.781201208093286, -37.163729547271188 ], [ 55.791732046088832, -37.090013681302366 ], [ 55.92863294003093, -37.090013681302366 ], [ 55.970756292013114, -37.158464128273415 ], [ 55.98128713000866, -37.253241670233336 ], [ 56.028675900988617, -37.363815469186569 ], [ 56.13924969994185, -37.432265916157618 ], [ 56.165576794930715, -37.532308877115305 ], [ 56.133984280944077, -37.690271447048502 ], [ 56.181373051924034, -37.758721894019551 ], [ 56.313008526868366, -37.737660218028459 ], [ 56.428847744819372, -37.806110664999508 ], [ 56.660526180721391, -37.869295692972784 ], [ 56.855346683638992, -37.943011558941606 ], [ 56.984349449084434, -38.070697969637607 ], [ 57.042269058059937, -38.18127176859084 ], [ 56.984349449084434, -38.260253053557442 ], [ 57.073861572046575, -38.318172662532945 ], [ 57.079126991044348, -38.412950204492859 ], [ 57.121250343026531, -38.570912774426048 ], [ 57.052799896055483, -38.649894059392643 ], [ 56.958022354095569, -38.623566964403778 ], [ 56.879041069128967, -38.686751992377054 ], [ 56.800059784162372, -38.697282830372608 ], [ 56.763201851177961, -38.628832383401551 ], [ 56.757936432180188, -38.544585679437184 ], [ 56.757936432180188, -38.434011880483951 ], [ 56.663158890220274, -38.260253053557442 ], [ 56.51572715828263, -38.249722215561896 ], [ 56.384091683338298, -38.160210092599748 ], [ 56.241925370398427, -38.065432550639834 ], [ 56.110289895454102, -38.097025064626472 ], [ 56.178740342425151, -38.202333444581932 ], [ 56.326172074362795, -38.270783891552988 ], [ 56.520992577280403, -38.376092271508448 ], [ 56.573646767258133, -38.534054841441638 ], [ 56.542054253271495, -38.649894059392643 ], [ 56.689485985209139, -38.828918305316932 ], [ 56.815856041155691, -38.876307076296889 ], [ 56.931695259106704, -38.855245400305797 ], [ 57.037003639062164, -38.934226685272392 ], [ 57.084392410042121, -39.055331322221171 ], [ 57.037003639062164, -39.168537830673294 ], [ 57.042269058059937, -39.347562076597576 ], [ 7.527615006383906, -39.360724034198348 ], [ 7.823860919942551, -36.512431163159619 ], [ 8.040119720360252, -33.3406354237 ], [ 7.769796219838125, -30.105764200785217 ], [ 7.769796219838125, -27.096162561638877 ], [ 7.391343319107148, -23.248558070873941 ], [ 7.445408019211572, -19.752374130787771 ], [ 7.175084518689446, -16.355308807559719 ], [ 6.850696318062894, -14.553152137412209 ], [ 6.255984616914216, -12.985275834383874 ], [ 5.805445449377339, -12.156283766116019 ], [ 5.465288377886996, -11.555940325373131 ], [ 5.163427135637288, -11.132433507888466 ], [ 4.868323980900633, -10.766370434264752 ], [ 4.778216147393257, -10.478025367041152 ], [ 4.737667622314938, -10.234734216571237 ], [ 4.739299087990411, -10.097793243057096 ], [ 5.163711533441533, -10.023334919293742 ], [ 5.647690637903338, -9.859526607014361 ], [ 5.915161975470836, -9.641219715175234 ], [ 5.971229076680359, -9.683270041082375 ], [ 6.045985211626391, -9.673925524214122 ], [ 6.134758121874802, -9.622530681438727 ], [ 6.214186515254962, -9.571135838663325 ], [ 6.326320717674008, -9.557119063360945 ], [ 6.424438144790676, -9.440312602507769 ], [ 6.527227830341467, -9.416951310337142 ], [ 6.760840752047816, -9.515068737453804 ], [ 6.896336246637498, -9.538430029624438 ], [ 6.943058830978767, -9.529085512756184 ], [ 6.957075606281149, -9.430968085639522 ], [ 7.041176258095435, -9.426295827205388 ], [ 7.115932393041465, -9.370228725995874 ], [ 7.125276909909719, -9.244077748274444 ], [ 7.242083370762893, -9.211371939235557 ], [ 7.349545314747813, -9.197355163933169 ], [ 7.489713067771621, -9.258094523576824 ], [ 7.61586404549305, -9.262766782010944 ], [ 7.704636955741462, -9.173993871762535 ], [ 7.727998247912097, -9.122599028987141 ], [ 7.809762770509318, -9.071204186211739 ], [ 7.856485354850587, -8.970750629878014 ], [ 7.931241489796617, -8.970750629878014 ], [ 7.982636332572016, -8.928700303970865 ], [ 8.059728596735109, -8.865624815110154 ], [ 8.101778922642252, -8.790868680164126 ], [ 8.17419892837122, -8.739473837388724 ], [ 8.274945566747741, -8.741655974666877 ], [ 8.425010008184273, -8.754819522161309 ], [ 8.526516061102608, -8.663593362129488 ], [ 8.585605287616353, -8.633714885212529 ], [ 8.569809030623034, -8.570529857239253 ], [ 8.677750120077382, -8.470486896281564 ], [ 8.762465112026019, -8.411291406686635 ], [ 8.822549142516142, -8.388872901816081 ], [ 8.880468751491644, -8.304626197851711 ], [ 9.001573388440425, -8.265135555368413 ], [ 9.024111584337129, -8.22673719853862 ], [ 9.138581915973239, -8.121611383770761 ], [ 9.235884533841327, -8.096642147439676 ], [ 9.299069561814605, -7.98606834848644 ], [ 9.380373248395628, -7.887916379034439 ], [ 9.422890800146183, -7.9159499296392 ], [ 9.334816770206571, -8.014149439785845 ], [ 9.311455478035933, -8.105258479251324 ], [ 9.309600399810151, -8.175623432406271 ], [ 9.175332215366938, -8.238808460379548 ], [ 9.201659310355803, -8.307258907350597 ], [ 9.162168667872505, -8.357280387829443 ], [ 9.083187382905908, -8.438894382294926 ], [ 9.041544118194768, -8.555523470632417 ], [ 8.999493792287625, -8.613926701059016 ], [ 8.868670556132072, -8.639624122446707 ], [ 8.782233775100721, -8.688682836005045 ], [ 8.789242162751911, -8.775119617036397 ], [ 8.761208612147149, -8.828850589028848 ], [ 8.681780218766992, -8.859220268850672 ], [ 8.671783858463099, -8.938080444581404 ], [ 8.716822157022944, -8.980698988137982 ], [ 8.766574526910029, -8.98976905616791 ], [ 8.857683566375504, -9.097231000152833 ], [ 8.878708729329075, -9.216373590223073 ], [ 8.822641628119552, -9.312154888122672 ], [ 8.775919043778282, -9.405600056805214 ], [ 8.759566139258839, -9.52007038844132 ], [ 8.773582914561219, -9.64622136616275 ], [ 8.736204847088201, -9.746674922496483 ], [ 8.752557751607647, -9.868153641783779 ], [ 8.731532588654076, -9.984960102636956 ], [ 8.80161646516598, -10.071396883668308 ], [ 8.764238397692965, -10.220909153560372 ], [ 8.806288723600108, -10.283984642421091 ], [ 8.867028083243758, -10.349396260498866 ], [ 8.913750667585028, -10.426488524661957 ], [ 9.004859707050505, -10.475547238220296 ], [ 9.109985521818359, -10.538622727081007 ], [ 9.166052623027884, -10.611042732809972 ], [ 9.324909409788201, -10.648420800282986 ], [ 9.397329415517168, -10.699815643058381 ], [ 9.502455230285024, -10.760555002702036 ], [ 9.558522331494549, -10.79092468252386 ], [ 9.669198475451756, -10.795182047705049 ], [ 9.775826318693305, -10.848495969325823 ], [ 9.851292194262765, -10.920269493050709 ], [ 9.970434784333003, -10.899244330097146 ], [ 10.033510273193716, -10.906252717748329 ], [ 10.157325121698079, -10.962319818957857 ], [ 10.232081256644113, -11.018386920167378 ], [ 10.299829003938953, -11.027731437035639 ], [ 10.409627077140936, -10.966992077391984 ], [ 10.479710953652841, -10.908588846965399 ], [ 10.56614773468419, -10.906252717748329 ], [ 10.659592903366729, -10.952975302089603 ], [ 10.797424527173474, -10.966992077391991 ], [ 10.963289701584982, -10.966992077391991 ], [ 11.140835522081804, -10.966992077391991 ], [ 11.238952949198472, -10.955311431306667 ], [ 11.330061988663948, -10.903916588531279 ], [ 11.47256587090482, -10.864202391841195 ], [ 11.608061365494502, -10.826824324368173 ], [ 11.715523309479423, -10.756740447856272 ], [ 11.839338157983788, -10.642270116220166 ], [ 11.923438809798073, -10.590875273444764 ], [ 12.105656888729023, -10.478741071025715 ], [ 12.229471737233387, -10.401648806862623 ], [ 12.339269810435372, -10.464724295723334 ], [ 12.421034333032592, -10.502102363196348 ], [ 12.514479501715133, -10.54648881832056 ], [ 12.656983383956003, -10.607228177964208 ], [ 12.673336288475449, -10.679648183693173 ], [ 12.734075648119099, -10.71235399273206 ], [ 13.060347922013969, -10.859029457249163 ], [ 13.170145995215954, -10.87071010333448 ], [ 13.258918905464368, -10.830995906644402 ], [ 13.375725366317539, -10.770256547000747 ], [ 13.511220860907223, -10.756239771698366 ], [ 13.623355063326269, -10.73988686717893 ], [ 13.754178299481826, -10.718861704225359 ], [ 13.929387990761585, -10.718861704225359 ], [ 14.018160901009999, -10.760912030132507 ], [ 14.237757047413966, -10.786609451520198 ], [ 14.345218991398886, -10.742222996395993 ], [ 14.419975126344914, -10.700172670488845 ], [ 14.483050615205633, -10.721197833442423 ], [ 14.539117716415154, -10.716525575008289 ], [ 14.623218368229439, -10.646441698496394 ], [ 14.655924177268327, -10.520290720774964 ], [ 14.575141489549637, -10.315964956658624 ], [ 14.593864181130479, -10.227032171649615 ], [ 14.659393601663433, -10.222351498754405 ], [ 14.765722250470313, -10.415164906007105 ], [ 14.936259683315944, -10.440862327394809 ], [ 15.067233039555179, -10.510841132394251 ], [ 15.191632190003652, -10.501955478790789 ], [ 15.271603072434814, -10.608583322032338 ], [ 15.409330703288482, -10.61302614883407 ], [ 15.457484906814525, -10.646370913607951 ], [ 15.525946937205504, -10.679623899797855 ], [ 15.568980213451264, -10.740261698144151 ], [ 15.594408967596484, -10.767646510300542 ], [ 15.670977175599596, -10.767210677160261 ], [ 15.706882303238809, -10.779382858367567 ], [ 15.757739811529252, -10.791119206434594 ], [ 15.783168565674472, -10.841976714725035 ], [ 15.814465493853206, -10.885009990970794 ], [ 15.822289725897889, -10.951515963350603 ], [ 15.849674538054281, -10.982812891529337 ], [ 15.900532046344724, -10.965208369428799 ], [ 15.900532046344724, -10.920219035171868 ], [ 15.957257728668678, -10.904570571082502 ], [ 16.029631875082, -10.867405468870256 ], [ 16.109830253540004, -10.902614513071331 ], [ 16.166555935863958, -10.87718575892611 ], [ 16.225237676199082, -10.82828430864684 ], [ 16.250337221431337, -10.792908098547965 ], [ 16.311304228690602, -10.775470742345226 ], [ 16.405195013226802, -10.750041988200005 ], [ 16.493217623729489, -10.703096595931905 ], [ 16.549943306053446, -10.683536015820197 ], [ 16.594932640310375, -10.710920827976588 ], [ 16.63014168451145, -10.685492073831368 ], [ 16.651658322634329, -10.620942159462729 ], [ 16.686867366835404, -10.532919548960042 ], [ 16.735768817114675, -10.497710504758967 ], [ 16.739680933137016, -10.435116648401499 ], [ 16.722076411036479, -10.378390966077545 ], [ 16.769021803304579, -10.32362134176476 ], [ 16.786626325405116, -10.257115369384952 ], [ 16.804230847505654, -10.198433629049827 ], [ 16.842373978723487, -10.188653338993971 ], [ 16.914748125136807, -10.200389687060998 ], [ 16.928440531215003, -10.231686615239731 ], [ 16.965605633427248, -10.249291137340268 ], [ 17.057540359952277, -10.233642673250902 ], [ 17.11230998426506, -10.194521513027485 ], [ 17.180772014656043, -10.1866972809828 ], [ 17.219893174879459, -10.225818441206219 ], [ 17.27753937341646, -10.253157177893842 ], [ 17.331388481516196, -10.200389687060998 ], [ 17.401806569918346, -10.198433629049827 ], [ 17.421367150030058, -10.16322458484875 ], [ 17.435059556108254, -10.128015540647676 ], [ 17.460488310253474, -10.112367076558309 ], [ 17.503521586499232, -10.135839772692359 ], [ 17.56807150086787, -10.147576120759384 ], [ 17.613060835124799, -10.135839772692359 ], [ 17.654138053359386, -10.11432313456948 ], [ 17.716731909716856, -10.120191308602992 ], [ 17.744036187598237, -10.168743468660947 ], [ 17.806710578230714, -10.190609397005144 ], [ 17.886206645253637, -10.186514775867872 ], [ 17.958730643935684, -10.272534506527535 ], [ 18.012096669403658, -10.261027485407293 ], [ 18.033613307526537, -10.325577399775931 ], [ 18.100119279906345, -10.384259140111057 ], [ 18.166625252286153, -10.403819720222765 ], [ 18.256603920800011, -10.43902876442384 ], [ 18.362231053403239, -10.5290074329377 ], [ 18.446341547883584, -10.542699839015896 ], [ 18.593045898721396, -10.546611955038237 ], [ 18.696716973313453, -10.5290074329377 ], [ 18.765179003704432, -10.503578678792479 ], [ 18.769091119726774, -10.456633286524378 ], [ 18.811417808163856, -10.396349355031894 ], [ 18.914207493714649, -10.389340967380704 ], [ 19.003984423713892, -10.387950042461449 ], [ 19.047829386318625, -10.409687894256278 ], [ 19.098686894609067, -10.407731836245107 ], [ 19.122159590743117, -10.437072706412669 ], [ 19.116291416709604, -10.499666562770138 ], [ 19.104555068642579, -10.536831664982383 ], [ 19.133895938810142, -10.550524071060579 ], [ 19.229742781357515, -10.515315026859504 ], [ 19.345150204016594, -10.499666562770138 ], [ 19.410470907482939, -10.467378435841605 ], [ 19.457193491824206, -10.418319722283274 ], [ 19.549526608935047, -10.387930302422486 ], [ 19.610375356572789, -10.378568956632064 ], [ 19.681461896662299, -10.341227458120182 ], [ 19.760156889219537, -10.235808433328131 ], [ 19.790581263038408, -10.336442900575166 ], [ 19.799942608828829, -10.411333666898541 ], [ 19.692287132238977, -10.493245442564731 ], [ 19.654841749077292, -10.58217822757374 ], [ 19.605694683677573, -10.722598414430069 ], [ 19.599437745468808, -10.764223408780994 ], [ 19.632690731658712, -10.815080917071436 ], [ 19.712889110116716, -10.852246019283681 ], [ 19.777439024485354, -10.836597555194315 ], [ 19.837387991990514, -10.774085816277388 ], [ 19.939791839412536, -10.809212743037923 ], [ 20.041031928761193, -10.792773842029234 ], [ 20.168650626719526, -10.836597555194315 ], [ 20.260585353244554, -10.838553613205486 ], [ 20.314816627302033, -10.820892545229498 ], [ 20.314816627302033, -10.778766489172598 ], [ 20.363963692701748, -10.734300096668095 ], [ 20.431833449682305, -10.668770676135143 ], [ 20.476299842186808, -10.63366562942106 ], [ 20.506724216005683, -10.675791685477959 ], [ 20.569913300091027, -10.666430339687537 ], [ 20.644804066414405, -10.607921928497401 ], [ 20.754799879451856, -10.558774863097685 ], [ 20.778203243927912, -10.481543760326705 ], [ 20.820329299984813, -10.479203423879099 ], [ 20.827350309327628, -10.570476545335712 ], [ 20.895220066308184, -10.631325292973456 ], [ 21.063724290535781, -10.75302278824894 ], [ 21.276694907267874, -10.748342115353728 ], [ 21.27903524371548, -10.818552208781892 ], [ 21.304778944639143, -10.837274900362736 ], [ 21.386690720305332, -10.734300096668095 ], [ 21.492005860447581, -10.682812694820775 ], [ 21.590299991247008, -10.675791685477959 ], [ 21.632426047303905, -10.717917741534857 ], [ 21.693759742720228, -10.673080833676087 ], [ 21.847737000483608, -10.664090003239931 ], [ 21.922700405992451, -10.740828580970932 ], [ 22.011560551815993, -10.731959760220489 ], [ 22.086229451186892, -10.79923181139751 ], [ 22.130917710643871, -10.778766489172598 ], [ 22.191766458281613, -10.731959760220489 ], [ 22.2777920469861, -10.670744704459024 ], [ 22.347875923498002, -10.619349861683622 ], [ 22.403943024707527, -10.563282760474101 ], [ 22.390695056328074, -10.485639349110013 ], [ 22.327505972242726, -10.408408246339032 ], [ 22.329846308690332, -10.349899835148895 ], [ 22.381333710537653, -10.314794788434813 ], [ 22.46090514975624, -10.263307386587492 ], [ 22.547497598317641, -10.260967050139888 ], [ 22.629409373983833, -10.214160321187778 ], [ 22.692598458069178, -10.195437629606934 ], [ 22.76514888794495, -10.153311573550036 ], [ 22.854081672953956, -10.141609891312008 ], [ 22.91961109348691, -10.15097123710243 ], [ 23.006664362709905, -10.166140793573311 ], [ 23.086092756090064, -10.100729175495536 ], [ 23.137487598865462, -10.084376270976085 ], [ 23.251938869046885, -10.085441816569478 ], [ 23.282363242865756, -10.040975424064973 ], [ 23.237896850361253, -9.858429181151747 ], [ 23.134922046666613, -9.790559424171189 ], [ 23.132581710219007, -9.762475386799924 ], [ 23.153644738247458, -9.732051012981053 ], [ 23.230875841018438, -9.725030003638235 ], [ 23.364275018531949, -9.720349330743025 ], [ 23.392847094646079, -9.720412439201155 ], [ 23.469939358809174, -9.706395663898775 ], [ 23.530438906311936, -9.643118227972044 ], [ 23.649796065139814, -9.640777891524438 ], [ 23.738728850148824, -9.624395536391201 ], [ 23.893191055690778, -9.602162340138953 ], [ 24.049993597680345, -9.627906041062612 ], [ 24.148287728479776, -9.625565704615008 ], [ 24.176371765851041, -9.604502676586558 ], [ 24.176371765851041, -9.548334601844028 ], [ 24.199728850791132, -9.509315156326499 ], [ 24.267644887307654, -9.51088921868234 ], [ 24.316791952707369, -9.496847199996706 ], [ 24.349556662973846, -9.424296770120938 ], [ 24.370619691002293, -9.384511050511644 ], [ 24.487636513382569, -9.403233742092489 ], [ 24.532102905887072, -9.384511050511644 ], [ 24.553165933915523, -9.328342975769113 ], [ 24.688905447876639, -9.307279947740664 ], [ 24.794220588018884, -9.281536246817003 ], [ 24.883153373027891, -9.197284134703207 ], [ 24.887834045923103, -9.152817742198703 ], [ 24.834006307628176, -9.131754714170254 ], [ 24.773157559990434, -9.169200097331942 ], [ 24.712308812352692, -9.213666489836445 ], [ 24.583590307734394, -9.216006826284051 ], [ 24.440829784430459, -9.225368172074473 ], [ 24.337854980735816, -9.255792545893344 ], [ 24.286367578888498, -9.290897592607426 ], [ 24.197380099882441, -9.387840644269746 ], [ 24.045312924785136, -9.410254751435305 ], [ 24.028930569651898, -9.38685138695925 ], [ 24.052333934127951, -9.351746340245167 ], [ 24.174031429403435, -9.285046751488407 ], [ 24.218497821907938, -9.225368172074473 ], [ 24.230199504145968, -9.159838751541519 ], [ 24.255795952000661, -9.109837060208646 ], [ 24.349556662973846, -9.098990003903777 ], [ 24.39402305547835, -9.070905966532512 ], [ 24.389342382583138, -9.007716882447165 ], [ 24.438489447982853, -8.977292508628294 ], [ 24.492317186277781, -8.91176308809534 ], [ 24.575845654738355, -8.89724930145587 ], [ 24.65146006471495, -8.925805106780974 ], [ 24.759115541304801, -8.935166452571394 ], [ 24.815283616047335, -8.881338714276469 ], [ 24.887834045923103, -8.822830303086333 ], [ 24.96740548514169, -8.776023574134223 ], [ 24.962724812246478, -8.722195835839297 ], [ 25.007191204750981, -8.701132807810849 ], [ 25.063359279493511, -8.73623785452493 ], [ 25.114846681340833, -8.65900675175395 ], [ 25.194418120559419, -8.635603387277895 ], [ 25.283350905568426, -8.591136994773391 ], [ 25.327817298072929, -8.530288247135649 ], [ 25.29271225135885, -8.490502527526356 ], [ 25.34063014203717, -8.426935005279526 ], [ 25.659295878351919, -8.431322884328516 ], [ 25.979466670534343, -8.408985387199509 ], [ 26.408962167544264, -8.287739199213515 ], [ 26.48594609153967, -8.276418033920073 ], [ 26.820845729060252, -8.245177074920131 ], [ 27.215474845006032, -8.185610415909446 ], [ 27.5796215048818, -8.064230527464817 ], [ 27.640474059784729, -8.051419463274726 ], [ 28.019624741650262, -8.021802103630066 ], [ 28.429145522348712, -7.984572941748389 ], [ 28.827098880391862, -8.029000100942067 ], [ 28.881545903199747, -8.0193918027995 ], [ 29.248187083745613, -7.872885456103356 ], [ 29.732166188207419, -7.627172987684286 ], [ 30.111903639400527, -7.366568854512545 ], [ 30.337203071798768, -7.035341934698178 ], [ 30.385244562511609, -7.048152998888269 ], [ 30.47171924579472, -7.01292257236552 ], [ 30.543249666720683, -6.922058358612837 ], [ 30.658656517414542, -6.918117949508648 ], [ 30.768454590616528, -6.86205084829912 ], [ 31.015103468168668, -6.926628763176817 ], [ 31.120739010732816, -6.964988467130995 ], [ 31.276373923110878, -6.977275291089585 ], [ 31.425886193002942, -7.143140465501093 ], [ 31.531012007770798, -7.178182403757051 ], [ 31.603332947121078, -7.293049994054828 ], [ 31.715566215918816, -7.353392095036805 ], [ 31.911801070152148, -7.334703061300299 ], [ 31.974876559012859, -7.344047578168551 ], [ 32.068321727695405, -7.463190168238805 ], [ 32.206153351502145, -7.528601786316573 ], [ 32.269228840362864, -7.587005016743158 ], [ 32.27156496957992, -7.708483736030454 ], [ 32.395379818084287, -7.829962455317757 ], [ 32.488824986766822, -7.988819242078074 ], [ 32.53554757110809, -8.007508275814583 ], [ 32.610303706054133, -8.002836017380455 ], [ 32.727110166907302, -8.086936669194744 ], [ 32.897647599752936, -8.206079259264976 ], [ 33.007445672954923, -8.234112809869744 ], [ 33.142941167544599, -8.199070871613779 ], [ 33.287781179002543, -8.199070871613786 ], [ 33.402251510638642, -8.280835394211012 ], [ 33.505041196189445, -8.385961208978873 ], [ 33.67557862903508, -8.432683793320134 ], [ 33.691931533554516, -8.549490254173302 ], [ 33.766687668500559, -8.635927035204654 ], [ 33.857796707966024, -8.675641231894739 ], [ 34.07272059593587, -8.563507029475689 ], [ 34.210638359396391, -8.487892769118284 ], [ 34.362400618851744, -8.46538960235902 ], [ 34.523593534829111, -8.481742506878456 ], [ 34.71982838906245, -8.558834771041562 ], [ 34.813588578874608, -8.608963981436181 ], [ 34.955777439985859, -8.684985748762985 ], [ 35.077256159273169, -8.815808984918542 ], [ 35.149676165002141, -9.058766423493148 ], [ 35.145003906568, -9.236312243989973 ], [ 35.193531908888424, -9.337159876329325 ], [ 35.27816327194062, -9.357790963277269 ], [ 35.399641991227931, -9.413858064486798 ], [ 35.467389738522762, -9.476933553347502 ], [ 35.544482002685861, -9.474597424130446 ], [ 35.684649755709678, -9.348446446409023 ], [ 35.970397740304342, -9.341962896889315 ], [ 36.093707479788868, -9.389380006132969 ], [ 36.334833898166245, -9.398029998098844 ], [ 36.521724235531316, -9.36766031827702 ], [ 36.731975865067035, -9.299912570982174 ], [ 36.904849427129726, -9.159744817958371 ], [ 37.045017180153543, -9.131711267353603 ], [ 37.18284880396029, -9.176097722477815 ], [ 37.339369461503544, -9.180769980911942 ], [ 37.38979722834376, -9.159092332990008 ], [ 37.572982383209883, -9.169089334826618 ], [ 37.694461102497193, -9.173761593260751 ], [ 37.825284338652743, -9.056955132407575 ], [ 38.014510805234885, -8.99621577276392 ], [ 38.231770822421787, -9.000888031198047 ], [ 38.420997289003928, -9.000888031198047 ], [ 38.548487048469035, -8.963896323557089 ], [ 38.694324407400352, -8.984535126678596 ], [ 38.89055926163369, -8.963509963725032 ], [ 39.035399273091635, -9.014904806500434 ], [ 39.061096694479325, -9.103677716748843 ], [ 39.117163795688846, -9.169089334826618 ], [ 39.065787029931663, -9.266497853597246 ], [ 38.974659913447972, -9.323273863152808 ], [ 38.871870227897183, -9.4003661273159 ], [ 38.818139255904718, -9.498483554432577 ], [ 38.979332171882099, -9.479794520696055 ], [ 39.091466374301156, -9.449424840874231 ], [ 39.222289610456706, -9.435408065571851 ], [ 39.357785105046382, -9.496147425215499 ], [ 39.507297374938453, -9.584920335463915 ], [ 39.563364476147974, -9.669020987278197 ], [ 39.65084673799457, -9.746483393926077 ], [ 39.743726953372729, -9.781713820448825 ], [ 39.878243127368677, -9.845769141399279 ], [ 40.015962067412147, -9.855377439541845 ], [ 40.17610036978828, -9.961068719110093 ], [ 40.268980585166439, -10.028326806108067 ], [ 40.406699525209909, -10.108395957296134 ], [ 40.384280162877253, -10.169248512199063 ], [ 40.333035906116891, -10.255723195482174 ], [ 40.464349314065316, -10.294156388052444 ], [ 40.566837827586042, -10.300561920147491 ], [ 40.643704212726583, -10.332589580622717 ], [ 40.688542937391901, -10.454294690428576 ], [ 40.67252910715429, -10.572797034186912 ], [ 40.755801024389875, -10.601621928614616 ], [ 40.864695070005645, -10.588810864424525 ], [ 40.883911666290778, -10.531161075569118 ], [ 40.94168071421543, -10.533388797591693 ], [ 41.037644436571867, -10.627244056994797 ], [ 41.035125882897965, -10.717943005739714 ], [ 41.109706672641138, -10.820210711358037 ], [ 41.233486995814481, -10.898350327263374 ], [ 41.314683699682583, -10.916293692783714 ], [ 41.30745100871308, -11.005934346024983 ], [ 41.375536254585512, -11.054012632827188 ], [ 41.455379034510294, -11.026106349542784 ], [ 41.574107749531912, -10.993160077924257 ], [ 41.657099069688314, -11.046278353060586 ], [ 41.825199099003328, -11.187482377685198 ], [ 41.899163111901935, -11.234550385893401 ], [ 42.144787261003124, -11.262261113315505 ], [ 42.230674789274055, -11.358275407341836 ], [ 42.189038830656258, -11.483183283195219 ], [ 42.201849894846347, -11.53442753995558 ], [ 42.268983176394961, -11.523682436315227 ], [ 42.342771600937347, -11.499197113432832 ], [ 42.396739198674375, -11.395926414035815 ], [ 42.488198255911449, -11.178160461501216 ], [ 42.553609873989224, -11.136110135594068 ], [ 42.686374533853062, -11.092253572300425 ], [ 42.710246593191862, -10.861490332025395 ], [ 42.694331886965998, -10.670513857315028 ], [ 42.781862771208246, -10.575025619959842 ], [ 42.861436302337566, -10.670513857315028 ], [ 42.893647361111242, -10.855441137880785 ], [ 43.015352470917101, -10.938713055116374 ], [ 42.99933864067949, -11.028390504447007 ], [ 43.097597489792534, -11.108606476819876 ], [ 43.144320074133802, -11.061883892478601 ], [ 43.21907620907983, -11.043194858742101 ], [ 43.321865894630633, -11.071228409346862 ], [ 43.490067198259197, -11.092253572300425 ], [ 43.578840108507606, -11.015161308137333 ], [ 43.60453752989531, -10.921716139454798 ], [ 43.502172910140537, -10.791385816930333 ], [ 43.540606102710811, -10.618436450364111 ], [ 43.556619932948422, -10.544772831271091 ], [ 43.466705906088563, -10.496540621949247 ], [ 43.41569822685743, -10.391040060990004 ], [ 43.284384818909004, -10.298159845611849 ], [ 43.406089928714863, -10.227698992566351 ], [ 43.502172910140537, -10.173251969758466 ], [ 43.598255891566218, -10.025924731572426 ], [ 43.681527808801803, -10.022721965524903 ], [ 43.755191427894829, -9.984288772954633 ], [ 43.784016322322529, -9.817744938483456 ], [ 43.866514493978904, -9.851239066209162 ], [ 43.931926112056679, -9.916650684286937 ], [ 44.137505483158272, -9.972717785496458 ], [ 44.303953993612517, -10.002138499856548 ], [ 44.572267221617956, -10.073712373845124 ], [ 44.795073108780052, -10.185115317426172 ], [ 45.089495173958539, -10.153285904974444 ], [ 45.336173120459435, -10.033925608280464 ], [ 45.415746651588755, -9.90660795847355 ], [ 45.757912835444827, -9.938437370925278 ], [ 46.076206959962114, -9.954352077151142 ], [ 46.147823137978499, -9.675844718198523 ], [ 46.302543379808725, -9.652729110039115 ], [ 46.448790405312785, -9.627514105641863 ], [ 46.527797419090845, -9.669539112970616 ], [ 46.505904028060442, -9.779290308666639 ], [ 46.605123432575752, -9.810743137595228 ], [ 46.566460425833299, -9.898155152839035 ], [ 46.585477559189762, -9.938437370925278 ], [ 46.648829440197652, -9.925051157529436 ], [ 46.72075256210961, -9.842949133570094 ], [ 46.828696471564719, -9.819148139060978 ], [ 46.863984918142386, -9.763375602440775 ], [ 46.904341484756472, -9.71324512059252 ], [ 47.015287504104386, -9.703159118833618 ], [ 47.087570516709839, -9.669539112970616 ], [ 47.080846515537239, -9.487991081310401 ], [ 47.095975518175592, -9.400579066066593 ], [ 47.1505333392669, -9.350397068280891 ], [ 47.212907989362485, -9.330306357014145 ], [ 47.196835535764585, -9.250129539829656 ], [ 47.223731540454985, -9.150950522533799 ], [ 47.282566550715238, -9.137502520188598 ], [ 47.337423676631971, -9.177523506218186 ], [ 47.4162060740207, -9.183730028250233 ], [ 47.479243585013805, -9.235000537191306 ], [ 47.604478106853513, -9.261056041735138 ], [ 47.643981613742518, -9.221552534846104 ], [ 47.736436629865779, -9.256853541002258 ], [ 47.810400642764385, -9.270301543347458 ], [ 47.862511651852039, -9.265258542468008 ], [ 47.944817273068487, -9.31301900080787 ], [ 48.032292681460206, -9.327455553314563 ], [ 48.084403690547859, -9.356032558298116 ], [ 48.096170692599905, -9.460254576473424 ], [ 48.202073711068365, -9.475383579111774 ], [ 48.215521713413565, -9.52749458819943 ], [ 48.059188686150605, -9.542623590837781 ], [ 47.971776670906799, -9.559433593769283 ], [ 47.961690669147899, -9.688030116195266 ], [ 47.90369615903424, -9.76871813026648 ], [ 47.854106650386285, -9.84436314345823 ], [ 47.753246632797278, -9.84604414375138 ], [ 47.707859624882225, -9.885547650640408 ], [ 47.706178624589079, -9.96371416427189 ], [ 47.632214611690472, -10.039359177463647 ], [ 47.638938612863072, -10.096933437504038 ], [ 47.729712628693179, -10.160811448643743 ], [ 47.736436629865779, -10.275119468577953 ], [ 47.984384173105447, -10.441118247526536 ], [ 48.000353675890352, -10.5264290124039 ], [ 48.099532693186205, -10.5398770147491 ], [ 48.125588197730053, -10.494910256907341 ], [ 48.191987709309466, -10.519705011231299 ], [ 48.313860230562874, -10.521806261597742 ], [ 48.355044737745033, -10.5432390153354 ], [ 48.351682737158733, -10.585264022664154 ], [ 48.284442725432726, -10.613841027647707 ], [ 48.347480236425874, -10.676458288567556 ], [ 48.333191733934079, -10.748321051099717 ], [ 48.223926714879319, -10.815561062825724 ], [ 48.227288715465619, -10.852543069275027 ], [ 48.354204237598474, -10.905074328435974 ], [ 48.461788256360059, -10.963909338696221 ], [ 48.481960259877887, -11.026106349542784 ], [ 48.517261266034012, -11.133690368304386 ], [ 48.46178825636008, -11.254722389411203 ], [ 48.51715222097247, -11.396337623463936 ], [ 48.582563839050245, -11.489782792146471 ], [ 48.764368309127107, -11.502669932650846 ], [ 48.935830339028421, -11.670769961965862 ], [ 48.989622348409227, -11.835507990694575 ], [ 48.875314328475021, -11.936368008283583 ], [ 48.915658335510621, -12.047314027631492 ], [ 48.858504325543514, -12.168346048738302 ], [ 48.717300300918907, -12.296102071017712 ], [ 48.623164284502494, -12.420496092710822 ], [ 48.633250286261401, -12.629780629208014 ], [ 48.739993804876406, -12.682311888368949 ], [ 48.727386302677807, -12.757536651487426 ], [ 48.612237782596992, -12.81679191182096 ], [ 48.502972763542232, -12.81679191182096 ], [ 48.422284749471025, -12.929418931462019 ], [ 48.346639736279272, -12.914289928823669 ], [ 48.287804726019019, -12.981529940549674 ], [ 48.222245714586158, -13.016830946705827 ], [ 48.139876700221805, -13.008425945240075 ], [ 48.063391186883479, -13.066420455353757 ], [ 48.014642178382147, -13.194596727706461 ], [ 47.806198142031526, -13.329076751158473 ], [ 47.71206212561512, -13.463556774610483 ], [ 47.557410098645306, -13.598036798062495 ], [ 47.584306103335713, -13.705620816824103 ], [ 47.508251474774475, -13.859071532489123 ], [ 47.342242061122093, -13.873720846139117 ], [ 47.241382043533079, -14.008200869591128 ], [ 47.292223209501813, -14.188601704946356 ], [ 47.220907581075657, -14.375356089460153 ], [ 47.086730016563273, -14.514181957829319 ], [ 47.160694029461872, -14.655385982453931 ], [ 47.140522025944072, -14.810038009423744 ], [ 47.039662008355066, -14.904174025840151 ], [ 47.012766003664666, -15.132790065708569 ], [ 47.019490004837266, -15.395026111439991 ], [ 47.093454017735873, -15.4891621278564 ], [ 47.093454017735873, -15.663986158344013 ], [ 47.254830045878286, -15.832086187659028 ], [ 47.295174052913886, -15.677434160689215 ], [ 47.260621777765742, -15.435958754006959 ], [ 47.362414064639893, -15.408474113785193 ], [ 47.369138065812493, -15.260546087987981 ], [ 47.523790092782306, -15.206754078607176 ], [ 47.465595893949796, -15.124728279228444 ], [ 47.433568233474574, -15.02223976570772 ], [ 47.510342090437106, -14.924346029357952 ], [ 47.536285025379236, -14.823892899136338 ], [ 47.574489939565566, -14.689152096765367 ], [ 47.683383985181337, -14.695557628860412 ], [ 47.779466966607018, -14.650718904195095 ], [ 47.862738883842603, -14.573852519054553 ], [ 47.982842610624701, -14.569849061495146 ], [ 48.027681335290012, -14.460955015879378 ], [ 48.210238999998801, -14.438535653546719 ], [ 48.344755173994756, -14.304019479550769 ], [ 48.444040921467952, -14.275194585123065 ], [ 48.551129939565669, -14.286815138420387 ], [ 48.642612416414359, -14.310425011645815 ], [ 48.729087099697466, -14.323236075835906 ], [ 48.844386677408281, -14.307222245598291 ], [ 48.882819869978555, -14.374480332596267 ], [ 48.729087099697466, -14.45134671773681 ], [ 48.679617046504163, -14.609200970375149 ], [ 48.625886074511698, -14.718999043577135 ], [ 48.686625434155353, -14.782074532437839 ], [ 48.667936400418846, -14.856830667383882 ], [ 48.775398344403762, -14.959620352934671 ], [ 48.82837284717067, -15.073484022468081 ], [ 48.873515771520431, -15.085771330656094 ], [ 48.892428168121121, -15.182378068083851 ], [ 48.886022636026077, -15.288069347652097 ], [ 48.886022636026077, -15.380949563030253 ], [ 48.991713915594325, -15.393760627220344 ], [ 49.097405195162573, -15.380949563030253 ], [ 49.177474346350635, -15.435396585838138 ], [ 49.244732433348609, -15.51226297097868 ], [ 49.353626478964379, -15.53468233331134 ], [ 49.420884565962353, -15.569912759834088 ], [ 49.427290098057398, -15.630765314737017 ], [ 49.516967547388035, -15.685212337544902 ], [ 49.561806272053353, -15.746064892447832 ], [ 49.693119680001779, -15.749267658495354 ], [ 49.773188831189842, -15.733253828257741 ], [ 49.856460748425434, -15.78129531897058 ], [ 49.872474578663045, -15.826134043635898 ], [ 49.798810959570027, -15.922217025061576 ], [ 49.840446918187816, -15.976664047869461 ], [ 49.81802755585516, -16.034313836724866 ], [ 49.850055216330382, -16.079152561390185 ], [ 49.923718835423408, -16.066341497200092 ], [ 50.029410114991656, -16.031111070677344 ], [ 50.12549309641733, -16.018300006487255 ], [ 50.163926288987604, -15.909405960871485 ], [ 50.215170545747966, -15.89018936458635 ], [ 50.340078421601369, -15.910206652383376 ], [ 50.397728210456776, -16.012695165904098 ], [ 50.564272044927954, -16.063939422664461 ], [ 50.737221411494176, -15.987073037523919 ], [ 50.85252098920499, -15.929423248668511 ], [ 50.974226099010849, -15.884584524003195 ], [ 51.083120144626612, -15.948639844953648 ], [ 51.115147805101842, -16.127994743614913 ], [ 51.15998652976716, -16.198455596660413 ], [ 51.262475043287886, -16.18564453247032 ], [ 51.35855802471356, -16.198455596660413 ], [ 51.454641006139241, -16.249699853420775 ], [ 51.557129519659966, -16.307349642276183 ], [ 51.666023565275729, -16.29453857808609 ], [ 51.768512078796455, -16.172833468280231 ], [ 51.915839316982499, -16.153616871995094 ], [ 52.063166555168536, -16.18564453247032 ], [ 52.184871664974395, -16.230483257135639 ], [ 52.325793371065394, -16.217672192945546 ], [ 52.48593167344152, -16.281727513896001 ], [ 52.620447847437475, -16.352188366941498 ], [ 52.742152957243334, -16.473893476747357 ], [ 52.729341893053245, -16.576381990268082 ], [ 52.831830406573964, -16.659653907503671 ], [ 52.947129984284778, -16.704492632168986 ], [ 53.030401901520371, -16.730114760549167 ], [ 53.126484882946045, -16.730114760549167 ], [ 53.235378928561815, -16.678870503788804 ], [ 53.261001056942, -16.544354329792856 ], [ 53.357084038367674, -16.493110073032494 ], [ 53.440355955603266, -16.40343262370186 ], [ 53.576877816021629, -16.31640619315376 ], [ 53.701373831084119, -16.244581569079248 ], [ 53.845023079233144, -16.235004952535977 ], [ 53.974307402567263, -16.206275102906172 ], [ 54.094015109358118, -16.196698486362905 ], [ 54.213722816148973, -16.220640027721075 ], [ 54.314277289853294, -16.25894649389415 ], [ 54.285547440223489, -16.330771117968663 ], [ 54.184992966519168, -16.30682957661049 ], [ 54.122744958987923, -16.34034773451193 ], [ 54.132321575531194, -16.43132559167298 ], [ 54.050920334913414, -16.440902208216247 ], [ 53.974307402567263, -16.479208674389319 ], [ 53.993460635653804, -16.57018653155037 ], [ 53.912059395036025, -16.646799463896517 ], [ 53.864176312319678, -16.742565629329199 ], [ 53.883008932892281, -16.8161574070512 ], [ 53.969519094295634, -16.871849952663322 ], [ 53.998248943925439, -17.039440742170516 ], [ 53.964776666438581, -17.106385297144232 ], [ 53.940789244665829, -17.154360140689736 ], [ 53.945577552937458, -17.288432772295494 ], [ 53.993460635653804, -17.398563862543078 ], [ 54.108380034173024, -17.451235253531056 ], [ 54.261605898865312, -17.479965103160861 ], [ 54.304700673310023, -17.556578035507005 ], [ 54.223299432692244, -17.657132509211323 ], [ 54.285547440223489, -17.70022728365603 ], [ 54.381313605656167, -17.604461118223348 ], [ 54.467503154545582, -17.590096193408446 ], [ 54.491444695903752, -17.494330027975764 ], [ 54.596787477879708, -17.460811870074323 ], [ 54.807473041831607, -17.460811870074323 ], [ 54.860144432819581, -17.384198937728176 ], [ 54.999005372696978, -17.302797697110396 ], [ 55.003793680968606, -17.235761381307519 ], [ 54.912815823807563, -17.187878298591176 ], [ 54.941545673437368, -17.106477057973397 ], [ 54.845779508004682, -17.005922584269079 ], [ 54.951122289980631, -16.871849952663322 ], [ 54.955910598252267, -16.728200704514297 ], [ 54.951122289980631, -16.5462449901922 ], [ 54.908027515535927, -16.493573599204222 ], [ 54.903239207264292, -16.416960666858078 ], [ 54.979852139610436, -16.325982809697027 ], [ 55.066041688499851, -16.24936987735088 ], [ 55.056465071956588, -16.124873862288393 ], [ 55.118713079487826, -16.019531080312444 ], [ 55.027735222326783, -15.928553223151393 ], [ 55.032523530598411, -15.808845516360538 ], [ 54.946333981708996, -15.765750741915831 ], [ 54.946333981708996, -15.698714426112954 ], [ 55.046888455413317, -15.674772884754782 ], [ 55.080406613314757, -15.593371644137001 ], [ 55.137866312574367, -15.526335328334124 ], [ 55.214479244920511, -15.382686080185099 ], [ 55.157019545660901, -15.288116991820324 ], [ 55.200114320105612, -15.182774209844373 ], [ 55.123501387759461, -15.115737894041494 ], [ 54.970275523067173, -15.120526202313128 ], [ 54.893662590721021, -15.005606803793908 ], [ 54.802684733559971, -14.895475713546324 ], [ 54.577634244793167, -14.818862781200176 ], [ 54.601575786151344, -14.737461540582396 ], [ 54.630305635781149, -14.632118758606444 ], [ 54.563269319978268, -14.555505826260298 ], [ 54.395678530471073, -14.435798119469444 ], [ 54.366948680841269, -14.23468917206081 ], [ 54.290335748495117, -14.134134698356492 ], [ 54.134758622118845, -14.140199554840708 ], [ 54.064674745606936, -14.079460195197059 ], [ 54.008607644397415, -14.023393093987538 ], [ 54.008607644397415, -13.911258891568481 ], [ 53.966557318490267, -13.813141464451819 ], [ 54.017952161265669, -13.705679520466903 ], [ 54.130086363684711, -13.654284677691495 ], [ 54.225867661584317, -13.717360166552213 ], [ 54.33800186400336, -13.719696295769284 ], [ 54.422102515817649, -13.701007262032777 ], [ 54.527228330585501, -13.761746621676425 ], [ 54.665059954392255, -13.862200178010157 ], [ 54.680582872633323, -13.928835981210202 ], [ 54.761984113251103, -13.976719063926543 ], [ 54.869721049362873, -13.968339524451183 ], [ 54.922392440350848, -14.054529073340598 ], [ 54.946333981709017, -14.121565389143477 ], [ 55.022946914055161, -14.159871855316551 ], [ 55.056465071956602, -14.231696479391063 ], [ 55.046888455413331, -14.365769110996819 ], [ 55.089983229858042, -14.456746968157868 ], [ 55.204902628377262, -14.375345727540088 ], [ 55.286303868995041, -14.384922344083355 ], [ 55.401223267514261, -14.418440501984795 ], [ 55.453894658502236, -14.327462644823745 ], [ 55.391646650970991, -14.274791253835771 ], [ 55.501777741218575, -14.231696479391063 ], [ 55.578390673564726, -14.231696479391063 ], [ 55.655003605910871, -14.255638020749233 ], [ 55.674156838997405, -14.155083547044915 ], [ 55.779499620973361, -14.073682306427136 ], [ 55.779499620973361, -13.949186291364647 ], [ 55.765134696158455, -13.84863181766033 ], [ 55.846535936776235, -13.786383810129086 ], [ 55.765134696158455, -13.671464411609866 ], [ 55.789076237516625, -13.590063170992085 ], [ 55.655003605910871, -13.551756704819011 ], [ 55.641511559826178, -13.467490145025792 ], [ 55.734010692392836, -13.45479346231842 ], [ 55.767528850294276, -13.402122071330444 ], [ 55.781893775109175, -13.325509138984298 ], [ 55.83456516609715, -13.263261131453055 ], [ 55.815411933010616, -13.201013123921809 ], [ 55.734010692392836, -13.17707158256364 ], [ 55.743587308936107, -13.095670341945858 ], [ 55.705280842763031, -13.038210642686249 ], [ 55.590361444243811, -13.057363875772785 ], [ 55.504171895354396, -13.009480793056444 ], [ 55.48980697053949, -12.952021093796834 ], [ 55.365310955477007, -12.942444477253565 ], [ 55.197720165969812, -12.880196469722321 ], [ 55.108874098335697, -12.827390739550395 ], [ 54.973378603746021, -12.827390739550395 ], [ 54.884605693497605, -12.794684930511508 ], [ 54.848173662140518, -12.726970605030028 ], [ 54.852961970412153, -12.650357672683882 ], [ 54.838597045597247, -12.583321356881005 ], [ 54.771560729794366, -12.535438274164662 ], [ 54.733254263621298, -12.473190266633418 ], [ 54.666217947818417, -12.521073349349759 ], [ 54.541721932755927, -12.535438274164662 ], [ 54.436379150779977, -12.5545915072512 ], [ 54.331036368804028, -12.434883800460344 ], [ 54.225693586828072, -12.420518875645442 ], [ 54.196963737198267, -12.521073349349759 ], [ 54.158657271025199, -12.602474589967541 ], [ 54.000643098061268, -12.5545915072512 ], [ 53.991066481518004, -12.645569364412248 ], [ 53.947971707073293, -12.722182296758394 ], [ 53.847417233368979, -12.784430304289637 ], [ 53.746862759664658, -12.722182296758394 ], [ 53.65349074836778, -12.726372066496049 ], [ 53.61757843633054, -12.827525078734345 ], [ 53.500264883675484, -12.908327780818148 ], [ 53.320703323489219, -12.990327559969908 ], [ 53.277608549044515, -12.908926319352126 ], [ 53.344644864847389, -12.861043236635785 ], [ 53.416469488921905, -12.707817371943491 ], [ 53.430834413736804, -12.645569364412248 ], [ 53.483505804724778, -12.564168123794467 ], [ 53.344644864847389, -12.473190266633418 ], [ 53.244090391143075, -12.396577334287272 ], [ 53.27282024077288, -12.318767324873214 ], [ 53.33027994003249, -12.242154392527068 ], [ 53.430834413736804, -12.189483001539092 ], [ 53.464352571638244, -12.09371683610641 ], [ 53.41168118065027, -11.988374054130457 ], [ 53.478717496453143, -11.868666347339603 ], [ 53.512235654354583, -11.74895864054875 ], [ 53.584060278429099, -11.612491854807176 ], [ 53.555330428799294, -11.483207531473054 ], [ 53.430834413736804, -11.459265990114883 ], [ 53.331035102380675, -11.426607266444565 ], [ 53.342715748465999, -11.27943112576955 ], [ 53.368586406205559, -11.152814260730297 ], [ 53.268031932501245, -11.076201328384151 ], [ 53.234513774599804, -10.990011779494736 ], [ 53.268031932501245, -10.918187155420224 ], [ 53.373374714477194, -10.889457305790419 ], [ 53.359009789662295, -10.798479448629369 ], [ 53.46914087990988, -10.784114523814466 ], [ 53.520261568962816, -10.707079467589006 ], [ 53.435622722008439, -10.688348358381784 ], [ 53.426046105465169, -10.611735426035636 ], [ 53.526600579169489, -10.515969260602954 ], [ 53.66977383885488, -10.473466545882646 ], [ 53.636731669417074, -10.401049862083735 ], [ 53.555330428799294, -10.357955087639027 ], [ 53.569695353614193, -10.233459072576538 ], [ 53.512235654354583, -10.152057831958757 ], [ 53.574483661885829, -10.08502151615588 ], [ 53.593636894972363, -9.99404365899483 ], [ 53.622366744602168, -9.917430726648684 ], [ 53.761227684479564, -9.898277493562148 ], [ 53.840234770961523, -9.858773950321165 ], [ 53.80671661306009, -9.71512470217214 ], [ 53.849811387504793, -9.633723461554361 ], [ 53.845023079233158, -9.523592371306774 ], [ 53.955154169480743, -9.480497596862067 ], [ 54.026978793555259, -9.423037897602457 ], [ 54.137109883802843, -9.37994312315775 ], [ 54.304700673310037, -9.394308047972652 ], [ 54.438773304915799, -9.356001581799578 ], [ 54.553692703435019, -9.293753574268335 ], [ 54.659035485410968, -9.303330190811604 ], [ 54.750013342572018, -9.236293875008725 ], [ 54.864932741091238, -9.183622484020749 ], [ 54.946333981709017, -9.145316017847676 ], [ 55.070829996771501, -9.15010432611931 ], [ 55.113924771216212, -9.255447108095261 ], [ 55.195326011833991, -9.279388649453432 ], [ 55.286303868995041, -9.298541882539968 ], [ 55.329398643439745, -9.384731431429383 ], [ 55.343763568254651, -9.451767747232262 ], [ 55.444318041958965, -9.466132672047165 ], [ 55.525719282576752, -9.514015754763506 ], [ 55.611908831466167, -9.528380679578408 ], [ 55.631062064552701, -9.633723461554361 ], [ 55.626273756281066, -9.739066243530312 ], [ 55.717251613442116, -9.753431168345214 ], [ 55.655003605910871, -9.844409025506263 ], [ 55.573602365293091, -9.849197333777898 ], [ 55.525719282576752, -9.964116732297118 ], [ 55.516331770484769, -10.034639514583422 ], [ 55.41558819232916, -10.074247822544702 ], [ 55.329398643439745, -10.098189363902874 ], [ 55.390180792763346, -10.233210498033824 ], [ 55.450920152406987, -10.357025346538183 ], [ 55.509323382833578, -10.445798256786599 ], [ 55.628465972903818, -10.436453739918353 ], [ 55.749944692191121, -10.361697604972317 ], [ 55.846535936776235, -10.294510003039873 ], [ 55.93272548566565, -10.203532145878825 ], [ 56.100316275172851, -10.122130905261045 ], [ 56.071586425543046, -9.925810266124044 ], [ 56.09569181631651, -9.784673688357632 ], [ 56.215235673692071, -9.724701318715409 ], [ 56.248753831593504, -9.570278376955208 ], [ 56.363673230112724, -9.579854993498477 ], [ 56.521687403076655, -9.450570670164355 ], [ 56.55041725270646, -9.282979880657159 ], [ 56.655760034682409, -9.182425406952843 ], [ 56.837715749004509, -9.158483865594672 ], [ 56.914328681350653, -9.024411233988916 ], [ 57.086707779129483, -8.885550294111525 ], [ 57.239933643821779, -8.789784128678841 ], [ 57.278240109994854, -8.646134880529816 ], [ 57.43195772847681, -8.579231012352881 ], [ 57.575115222836168, -8.464179166207719 ], [ 57.757070937158268, -8.421084391763012 ], [ 57.962968192838538, -8.263070218799085 ], [ 57.929450034937098, -8.076326196205352 ], [ 58.00337285869896, -8.001467123432169 ], [ 58.15018690794038, -7.893288350306911 ], [ 58.312455067628271, -7.785109577181652 ], [ 58.312455067628271, -7.646022583163463 ], [ 58.250638625842406, -7.537843810038204 ], [ 58.327909178074734, -7.391029760796782 ], [ 58.482450282539389, -7.32921331901092 ], [ 58.64471844222728, -7.236488656332127 ], [ 58.822440712361633, -7.151491048876566 ], [ 59.054252369058617, -7.004676999635143 ], [ 59.224247583969735, -6.896498226509885 ], [ 59.448332185443483, -6.857862950393722 ], [ 59.595146234684911, -6.788319453384626 ], [ 59.695597952586937, -6.765138287714929 ], [ 59.680143842140467, -6.857862950393722 ], [ 59.595146234684911, -6.96604172351898 ], [ 59.556510958568744, -7.074220496644239 ], [ 59.602873289908139, -7.197853380215963 ], [ 59.641508566024307, -7.298305098117988 ], [ 59.633781510801072, -7.41421092646648 ], [ 59.80377672571219, -7.452846202582644 ], [ 59.896501388390988, -7.646022583163463 ], [ 59.977635468234993, -7.651334933629465 ], [ 60.006611925322112, -7.603040838484261 ], [ 60.029793090991809, -7.560542034756481 ], [ 60.066496603302106, -7.514662644368506 ], [ 60.184334195456465, -7.500657356776427 ], [ 60.265468275300407, -7.490998537747387 ], [ 60.329216480892022, -7.429665036912946 ], [ 60.338875299921121, -7.392478583651171 ], [ 60.418077615959255, -7.392478583651171 ], [ 60.448985836852181, -7.438840914990567 ], [ 60.514665806249603, -7.452846202582644 ], [ 60.557164609977441, -7.430630918815881 ], [ 60.562959901394862, -7.374609768447445 ], [ 60.584209303258753, -7.291543924797693 ], [ 60.56875519281229, -7.235522774429257 ], [ 60.580345775647139, -7.193023970701478 ], [ 60.64023045362719, -7.160183986002738 ], [ 60.69431984018982, -7.156320458391122 ], [ 60.692388076384013, -7.131207528915616 ], [ 60.719432769665325, -7.094504016605261 ], [ 60.790908030480232, -7.077118142352988 ], [ 60.854656236071897, -7.098367544216877 ], [ 60.870110346518366, -7.131207528915616 ], [ 60.872042110324173, -7.175638096449203 ], [ 60.937722079721645, -7.183365151672437 ], [ 61.014992631953973, -7.175638096449203 ], [ 61.005333812924931, -7.115753418469151 ], [ 61.055559671875898, -7.066493441421006 ], [ 61.123171405079233, -7.021096991984551 ], [ 61.156011389777923, -6.981495833965446 ], [ 61.132830224108275, -6.939962912140608 ], [ 61.159874917389587, -6.901327636024445 ], [ 61.210100776340553, -6.865590005616954 ], [ 61.254531343874184, -6.841442958044392 ], [ 61.327938368494898, -6.827920611403735 ], [ 61.391686574086563, -6.849170013267624 ], [ 61.465093598707234, -6.873317060840187 ], [ 61.503728874823437, -6.86462412371409 ], [ 61.526910040493135, -6.814398264763078 ], [ 61.567477080415109, -6.737127712530751 ], [ 61.646679396453244, -6.72746889350171 ], [ 61.735540531520421, -6.712014783055245 ], [ 61.810879319946935, -6.756445350588833 ], [ 61.905535746431511, -6.753547704880082 ], [ 61.971215715829018, -6.744371826802531 ], [ 62.01950981097422, -6.678691857405054 ], [ 62.067803906119423, -6.69414596785152 ], [ 62.172119151633062, -6.663237746958589 ], [ 62.273536751437994, -6.606733655638701 ], [ 62.278366160952515, -6.570513084279797 ], [ 62.254219113379911, -6.53332663101799 ], [ 62.31989908277739, -6.498554882513443 ], [ 62.385579052174869, -6.48116900826117 ], [ 62.401033162621331, -6.444465495950815 ], [ 62.370124941728399, -6.415489038863693 ], [ 62.302513208525113, -6.371058471330104 ], [ 62.288990861884457, -6.324696139990709 ], [ 62.312172027554155, -6.289924391486162 ], [ 62.310240263748348, -6.230039713506109 ], [ 62.276434397146687, -6.18174561836086 ], [ 62.225242656292785, -6.162427980302823 ], [ 62.147972104060464, -6.177882090749288 ], [ 62.137347403128494, -6.150837397467929 ], [ 62.223310892486978, -6.116065648963428 ], [ 62.26580969621476, -6.085157428070497 ], [ 62.281263806661222, -6.054249207177566 ], [ 62.290922625690264, -6.011750403449787 ], [ 62.323762610389004, -5.980842182556856 ], [ 62.37398846934002, -5.982773946362665 ], [ 62.399101398815525, -6.013682167255594 ], [ 62.399101398815525, -6.044590388148525 ], [ 62.370124941728399, -6.067771553818223 ], [ 62.401033162621331, -6.108338593740195 ], [ 62.430975501611343, -6.112202121351765 ], [ 62.495689589105929, -6.112202121351811 ], [ 62.565233086115022, -6.083225664264688 ], [ 62.600970716522461, -6.104475066128533 ], [ 62.58841425178472, -6.148905633662166 ], [ 62.45415666728104, -6.235835004923489 ], [ 62.477337832950738, -6.328559667602282 ], [ 62.655060103085091, -6.452192551174005 ], [ 62.817328262772975, -6.413557275057842 ], [ 62.855963538889142, -6.328559667602282 ], [ 62.956415256791168, -6.282197336262885 ], [ 63.124478707896486, -6.324696139990709 ], [ 63.176636330653309, -6.347877305660407 ], [ 63.246179827662402, -6.338218486631366 ], [ 63.296405686613404, -6.313105557155816 ], [ 63.321518616088923, -6.287992627680354 ], [ 63.317655088477302, -6.224244422088685 ], [ 63.375608002651546, -6.170155035526056 ], [ 63.543671453756858, -6.119929176574998 ], [ 63.713666668667976, -6.019477458672972 ], [ 63.777414874259648, -6.031068041507869 ], [ 63.852753662686162, -6.0967480109053 ], [ 63.856617190297783, -6.179813854555096 ], [ 63.821845441793236, -6.26674322581642 ], [ 63.834401906530985, -6.296202623855038 ], [ 63.905877167345892, -6.325179080942161 ], [ 63.968659491034657, -6.313105557155816 ], [ 64.00632888524791, -6.238249709680794 ], [ 64.124166477402213, -6.188023850729781 ], [ 64.149633723440914, -6.138643818781519 ], [ 64.200555903053839, -6.102182224674457 ] ] ] ] } },
{ "type": "Feature", "properties": { "id": 23, "name": "Sea of Dorne", "type": "sea", "size": 3 }, "geometry": { "type": "MultiPolygon", "coordinates": [ [ [ [ 16.962671546410494, -3.924377558219333 ], [ 17.056562330946694, -3.883300339984745 ], [ 17.153776647567582, -3.862090468523355 ], [ 17.203448907875465, -3.825965188299443 ], [ 17.295201408309538, -3.814838309593765 ], [ 17.363663438700517, -3.87156399191772 ], [ 17.449729991192036, -3.883300339984745 ], [ 17.500587499482478, -3.89503668805177 ], [ 17.55340106578409, -3.900904862085282 ], [ 17.567093471862286, -3.967410834465091 ], [ 17.598390400041023, -3.973279008498604 ], [ 17.700105416621906, -3.949806312364553 ], [ 17.784215911102255, -3.922421500208162 ], [ 17.872238521604942, -3.896992746062941 ], [ 17.999382292331045, -3.906773036118795 ], [ 18.116745773001298, -3.920465442196991 ], [ 18.210636557537498, -3.928289674241674 ], [ 18.212592615548669, -3.961542660431579 ], [ 18.226285021626865, -4.000663820654996 ], [ 18.294747052017843, -4.01044411071085 ], [ 18.363209082408826, -3.9869714145768 ], [ 18.402330242632242, -4.020224400766704 ], [ 18.453187750922684, -4.041741038889583 ], [ 18.56272699954825, -4.012400168722021 ], [ 18.660548547053533, -3.96265000269238 ], [ 18.760288858676507, -3.924377558219333 ], [ 18.824077592247978, -3.864532575575718 ], [ 18.837553150117738, -3.814104787839576 ], [ 18.899168977469621, -3.802368439772551 ], [ 18.948070427748892, -3.801390410766965 ], [ 18.9676310078606, -3.769115453582646 ], [ 18.972521152888529, -3.716301887281034 ], [ 19.006752168084017, -3.684026930096715 ], [ 19.015554429134287, -3.636103508823029 ], [ 19.012620342117529, -3.574487681471147 ], [ 19.001862023056091, -3.538300608264486 ], [ 18.982301442944383, -3.520696086163949 ], [ 18.977411297916454, -3.47766280991819 ], [ 19.005774139078433, -3.439519678700359 ], [ 19.042939241290679, -3.407733736018832 ], [ 19.075442456667865, -3.33472271847161 ], [ 19.081082372508511, -3.318733096510559 ], [ 19.059565734385632, -3.306996748443534 ], [ 19.026312748195725, -3.29917251639885 ], [ 19.030224864218066, -3.280589965292727 ], [ 19.059565734385632, -3.259073327169848 ], [ 19.091840691569949, -3.233644573024627 ], [ 19.121181561737508, -3.207971311628009 ], [ 19.144654257871561, -3.173984803683916 ], [ 19.179863302072633, -3.141465339248201 ], [ 19.209204172240199, -3.102344179024784 ], [ 19.232676868374249, -3.057354844767854 ], [ 19.270819999592081, -3.030948061617048 ], [ 19.254193506497128, -3.086695714935417 ], [ 19.242457158430103, -3.131685049192346 ], [ 19.220940520307224, -3.164938035382251 ], [ 19.218984462296053, -3.202103137594497 ], [ 19.258105622519469, -3.23340006577323 ], [ 19.246369274452444, -3.282301516052502 ], [ 19.285490434675861, -3.34880748843231 ], [ 19.334391884955132, -3.380104416611044 ], [ 19.396985741312598, -3.39379682268924 ], [ 19.465447771703577, -3.419225576834461 ], [ 19.475228061759431, -3.507248187337149 ], [ 19.533909802094559, -3.505292129325978 ], [ 19.567162788284463, -3.550281463582908 ], [ 19.547602208172755, -3.597226855851008 ], [ 19.524129512038705, -3.66960100226433 ], [ 19.518508882203605, -3.728723117244578 ], [ 19.510437105960509, -3.775228134867556 ], [ 19.522173454027534, -3.847602281280877 ], [ 19.572239854196063, -3.892252162439021 ], [ 19.663348893661539, -4.006722494075134 ], [ 19.784827612948842, -4.072134112152909 ], [ 19.899297944584955, -4.137545730230691 ], [ 20.051146343694075, -4.088487016672352 ], [ 20.258173063617129, -3.963054057118595 ], [ 20.335156987612535, -4.089851108405147 ], [ 20.466482505016465, -4.139664235696293 ], [ 20.588751090185639, -4.112493438992032 ], [ 20.670263480298424, -4.203062761339569 ], [ 20.792532065467601, -4.184948896870062 ], [ 20.937442981223658, -4.221176625809077 ], [ 21.028012303571195, -4.117021905109409 ], [ 21.15480935485775, -4.157778100165801 ], [ 21.277077940026924, -4.157778100165801 ], [ 21.485387381426261, -4.076265710053017 ], [ 21.594154486080051, -4.164646722812649 ], [ 21.668910621026082, -4.220713824022178 ], [ 21.766152280703626, -4.248347422513338 ], [ 21.825022340229527, -4.284575151452353 ], [ 21.890496031021993, -4.328750774131629 ], [ 21.999079857599884, -4.323816706385242 ], [ 22.017125447275948, -4.288693362799903 ], [ 22.099279883745123, -4.288693362799903 ], [ 22.161873740102592, -4.335638755068003 ], [ 22.173610088169617, -4.376715973302591 ], [ 22.211315878915372, -4.387035946777089 ], [ 22.340860634071813, -4.389672425931419 ], [ 22.382910959978958, -4.445739527140947 ], [ 22.406380991498946, -4.488211279939329 ], [ 22.396600701443091, -4.548849078285626 ], [ 22.371171947297871, -4.584058122486701 ], [ 22.310490954249989, -4.606932443118328 ], [ 22.240116060549425, -4.62709139873246 ], [ 22.20295095833718, -4.660344384922364 ], [ 22.181434320214301, -4.695553429123439 ], [ 22.124708637890343, -4.707289777190464 ], [ 22.073851129599902, -4.734674589346857 ], [ 22.058202665510535, -4.756191227469736 ], [ 22.107104115789806, -4.781619981614956 ], [ 22.154049508057909, -4.760103343492077 ], [ 22.228379712482401, -4.732718531335686 ], [ 22.308578090940404, -4.728806415313344 ], [ 22.380952237353725, -4.71902612525749 ], [ 22.449414267744707, -4.756191227469736 ], [ 22.506139950068661, -4.777707865592615 ], [ 22.545261110292078, -4.758147285480907 ], [ 22.59807467659369, -4.744454879402711 ], [ 22.64502006886179, -4.767927575536761 ], [ 22.697833635163402, -4.785532097637298 ], [ 22.799548651744288, -4.799224503715495 ], [ 22.855664263294333, -4.779048706900334 ], [ 22.883659146224634, -4.760103343492077 ], [ 22.934516654515075, -4.769883633547932 ], [ 22.999066568883713, -4.769883633547932 ], [ 23.044055903140645, -4.762059401503248 ], [ 23.044055903140645, -4.728806415313344 ], [ 23.008846858939567, -4.69750948713461 ], [ 22.977549930760834, -4.691641313101098 ], [ 22.979505988772004, -4.664256500944706 ], [ 23.018627148995421, -4.652520152877681 ], [ 23.071440715297037, -4.640783804810655 ], [ 23.122298223587478, -4.623179282710118 ], [ 23.161419383810895, -4.609486876631922 ], [ 23.210320834090165, -4.625135340721289 ], [ 23.249441994313582, -4.658388326911194 ], [ 23.288563154536998, -4.664256500944706 ], [ 23.317904024704561, -4.636871688788314 ], [ 23.341376720838614, -4.607530818620751 ], [ 23.392234229129055, -4.599706586576068 ], [ 23.45091596946418, -4.589926296520214 ], [ 23.503729535765792, -4.554717252319138 ], [ 23.545839464832735, -4.488356126734312 ], [ 23.582949885218209, -4.468650699827621 ], [ 23.622071045441626, -4.449090119715913 ], [ 23.657280089642704, -4.425617423581863 ], [ 24.009113277946597, -4.781468926353574 ], [ 24.262271578742002, -5.198435539428361 ], [ 24.411188226268713, -5.660077146761159 ], [ 24.515429879537407, -6.196177077857312 ], [ 24.451947310131235, -6.667689316562613 ], [ 24.403339340725651, -6.781826924540472 ], [ 24.239508622161146, -6.823330706576814 ], [ 24.213295707190824, -6.919444728134658 ], [ 24.215480116771683, -6.97842378681788 ], [ 24.171791925154483, -7.009005520949922 ], [ 24.12810373353728, -7.002452292207342 ], [ 24.08441554192008, -6.94128882394326 ], [ 23.940335011594332, -7.036797732858649 ], [ 23.817917573055148, -7.024296388015943 ], [ 23.728356780239885, -7.096381904184326 ], [ 23.658455673652362, -7.150992143705827 ], [ 23.662335634763778, -7.235368716309044 ], [ 23.543774170657208, -7.253659394006253 ], [ 23.437830305985493, -7.391277197600437 ], [ 23.354901618561438, -7.423041638533938 ], [ 23.241474893512429, -7.436488382150384 ], [ 23.224078382405885, -7.50714229034822 ], [ 23.135305472157473, -7.549192616255368 ], [ 22.974112556180089, -7.567881649991875 ], [ 22.875995129063426, -7.633293268069657 ], [ 22.794230606466201, -7.630957138852595 ], [ 22.66107124109358, -7.661326818674418 ], [ 22.49042625536838, -7.731943550034344 ], [ 22.407154338132791, -7.735146316081867 ], [ 22.327085186944728, -7.802404403079842 ], [ 22.24381326970914, -7.853648659840204 ], [ 22.176555182711166, -7.783187806794706 ], [ 22.054850072905307, -7.773579508652138 ], [ 21.964904734408663, -7.680015852410918 ], [ 21.84809827355549, -7.621612621984319 ], [ 21.763398362580748, -7.64226610070371 ], [ 21.673720913250115, -7.680699293273982 ], [ 21.571232399729389, -7.632657802561143 ], [ 21.497568780636371, -7.517358224850329 ], [ 21.446324523876008, -7.453302903899877 ], [ 21.483662115693591, -7.366974537324403 ], [ 21.447925906899773, -7.320388112927692 ], [ 21.39668165013941, -7.265941090119806 ], [ 21.299107907545576, -7.355293891239086 ], [ 21.278179306381073, -7.320388112927692 ], [ 21.22693504962071, -7.301171516642555 ], [ 21.172488026812825, -7.281954920357419 ], [ 21.076405045387148, -7.291563218499988 ], [ 20.999538660246607, -7.329996411070259 ], [ 20.929077807201107, -7.374835135735576 ], [ 20.884239082535792, -7.442093222733551 ], [ 20.784953335062589, -7.448498754828596 ], [ 20.647234395019119, -7.422876626448415 ], [ 20.557556945688486, -7.371632369688053 ], [ 20.480690560547941, -7.387646199925666 ], [ 20.480690560547941, -7.442093222733551 ], [ 20.320552258171812, -7.451701520876118 ], [ 20.294930129791631, -7.410065562258325 ], [ 20.368593748884653, -7.34280747526035 ], [ 20.30774119398172, -7.313982580832646 ], [ 20.259699703268883, -7.352415773402917 ], [ 20.121980763225409, -7.339604709212827 ], [ 20.045114378084868, -7.349213007355394 ], [ 20.006681185514594, -7.42928215854346 ], [ 19.897787139898828, -7.397254498068234 ], [ 19.878570543613691, -7.304374282690078 ], [ 19.760068199855354, -7.214696833359445 ], [ 19.66557284566148, -7.153988272091577 ], [ 19.68192575018092, -7.023165035936021 ], [ 19.628194778188462, -6.960089547075309 ], [ 19.646883811924969, -6.8713166368269 ], [ 19.602497356800765, -6.831602440136816 ], [ 19.54643025559124, -6.85729986152452 ], [ 19.490363154381715, -6.836274698570943 ], [ 19.41327089021862, -6.836274698570943 ], [ 19.359539918226162, -6.873652766043964 ], [ 19.261422491109496, -6.887669541346344 ], [ 19.144616030256323, -6.880661153695147 ], [ 19.006784406449576, -6.833938569353879 ], [ 18.890517217952969, -6.775917884848847 ], [ 18.77842040628968, -6.782323416943892 ], [ 18.730378915576839, -6.743890224373621 ], [ 18.634295934151162, -6.663821073185556 ], [ 18.541415718773006, -6.651010008995465 ], [ 18.448535503394851, -6.564535325712354 ], [ 18.378074650349351, -6.494074472666857 ], [ 18.214733581925699, -6.506885536856947 ], [ 18.118868323265485, -6.540196478102479 ], [ 18.089825706072318, -6.590157454092536 ], [ 18.019364853026818, -6.625387880615284 ], [ 17.900862509268482, -6.580549155949967 ], [ 17.79837399574776, -6.558129793617309 ], [ 17.766346335272534, -6.609374050377671 ], [ 17.62862739522906, -6.58375192199749 ], [ 17.554963776136042, -6.535710431284651 ], [ 17.436461432377705, -6.567738091759877 ], [ 17.301945258381753, -6.58375192199749 ], [ 17.27312036395405, -6.667023839233078 ], [ 17.202659510908553, -6.711862563898395 ], [ 17.141806956005624, -6.708659797850872 ], [ 17.122590359720487, -6.654212775042987 ], [ 17.116184827625442, -6.602968518282625 ], [ 17.154618020195713, -6.532507665237128 ], [ 17.039318442484898, -6.490871706619334 ], [ 16.966160416330709, -6.418157091169232 ], [ 16.773488860540521, -6.426816385668882 ], [ 16.7302113654073, -6.336392568572006 ], [ 16.592379741600553, -6.341064827006133 ], [ 16.49048925395957, -6.438426848529736 ], [ 16.266187380692919, -6.481061454706206 ], [ 16.205448021049271, -6.417985965845493 ], [ 16.123683498452046, -6.401633061326049 ], [ 16.095649947847285, -6.331549184814148 ], [ 16.013885425250059, -6.303515634209387 ], [ 15.908759610482207, -6.340893701682401 ], [ 15.759141976003207, -6.3721980315631 ], [ 15.650458789186162, -6.417482692736868 ], [ 15.564417932956001, -6.422011158854245 ], [ 15.480641309784529, -6.410689993560803 ], [ 15.487649697435719, -6.319580954095317 ], [ 15.550725186296434, -6.235480302281042 ], [ 15.604456158288892, -6.177077071854449 ], [ 15.646506484196037, -6.104657066125484 ], [ 15.743292344592387, -6.073319267816226 ], [ 15.833861666939924, -5.975957246292623 ], [ 15.942544853756971, -5.978221479351312 ], [ 16.055756506691392, -5.896709089238528 ], [ 16.076134604219586, -5.810668233008368 ], [ 16.158731703819274, -5.57920263566987 ], [ 16.135259007685224, -5.549861765502308 ], [ 16.086357557405954, -5.514652721301232 ], [ 16.0765772673501, -5.467707329033132 ], [ 16.10200602149532, -5.422717994776202 ], [ 16.182204399953324, -5.403157414664494 ], [ 16.180248341942153, -5.352299906374052 ], [ 16.209441530702108, -5.310221652182535 ], [ 16.319239603904094, -5.314893910616663 ], [ 16.405195013226802, -5.30339845609478 ], [ 16.463876753561927, -5.305354514105951 ], [ 16.522558493897051, -5.32491509421766 ], [ 16.579284176221009, -5.315134804161806 ], [ 16.641878032578475, -5.301442398083609 ], [ 16.587108408265692, -5.25645306382668 ], [ 16.526470609919397, -5.242760657748485 ], [ 16.481481275662464, -5.215375845592092 ], [ 16.466415744579095, -5.139684219336901 ], [ 16.389323480415996, -5.039230663003175 ], [ 16.386987351198933, -4.966810657274204 ], [ 16.457071227710841, -4.938777106669443 ], [ 16.54584413795925, -4.927096460584126 ], [ 16.576213817781074, -4.875701617808732 ], [ 16.641625435858849, -4.852340325638091 ], [ 16.743593049159358, -4.842746794464046 ], [ 16.784670267393945, -4.813405924296483 ], [ 16.782714209382775, -4.764504474017212 ], [ 16.774889977338091, -4.721471197771454 ], [ 16.855088355796099, -4.656921283402816 ], [ 16.919638270164736, -4.654965225391645 ], [ 16.950935198343469, -4.615844065168227 ], [ 16.956803372376982, -4.555206266821931 ], [ 17.019397228734448, -4.525865396654368 ], [ 17.033089634812644, -4.471095772341585 ], [ 16.993968474589227, -4.418282206039971 ], [ 16.995924532600398, -4.343952001615479 ], [ 16.992012416578056, -4.261797565146304 ], [ 16.95289125635464, -4.218764288900545 ], [ 16.923129006515005, -4.143325108259328 ], [ 16.937024966224108, -4.024654229530964 ], [ 16.931374618231761, -3.971322950487433 ], [ 16.962671546410494, -3.924377558219333 ] ] ] ] } },
{ "type": "Feature", "properties": { "id": 24, "name": "Shipbreaker Bay", "type": "bay", "size": 2 }, "geometry": { "type": "MultiPolygon", "coordinates": [ [ [ [ 22.559991459477757, -0.751626338201408 ], [ 22.857801446755708, -0.716509813397932 ], [ 23.256153478889658, -0.735124394338771 ], [ 23.624722181518262, -0.764907723844112 ], [ 24.075195040286559, -0.817028550478461 ], [ 24.653800401162535, -0.886749409256193 ], [ 24.686565111429012, -0.903131764389431 ], [ 24.766136550647598, -0.870367054122954 ], [ 24.830239024493409, -0.897360795233944 ], [ 24.901876064608715, -0.910152773732247 ], [ 25.056338270150675, -0.910152773732247 ], [ 25.143671986290702, -0.87473375139506 ], [ 25.262287877539958, -0.8469636896469 ], [ 25.34098654426359, -1.02365039892177 ], [ 25.396830287086107, -1.332652442539692 ], [ 25.434059448967783, -1.574641994770594 ], [ 25.456396946096788, -1.846414876506839 ], [ 25.440226966824927, -2.096930361282968 ], [ 25.393281574556823, -2.094974303271797 ], [ 25.356116472344578, -2.094974303271797 ], [ 25.301733979840961, -2.072005306307912 ], [ 25.211368179517937, -2.057809201059551 ], [ 25.166238485251281, -2.029954980400763 ], [ 25.137037975093445, -2.042160736970184 ], [ 25.115521336970566, -2.077369781171259 ], [ 25.062875614153988, -2.096193900229979 ], [ 24.980553334199776, -2.071501607137747 ], [ 24.946322319004288, -2.027979316389195 ], [ 24.899850833928422, -1.978453781178181 ], [ 24.867590984054669, -1.968319547048484 ], [ 24.820645591786569, -1.997660417216047 ], [ 24.749703973808629, -1.99301995149874 ], [ 24.715996488188928, -1.995704359204876 ], [ 24.688611676032536, -1.985924069149022 ], [ 24.678831385976682, -1.964407431026143 ], [ 24.639710225753262, -1.925286270802726 ], [ 24.609391326580116, -1.916484009752457 ], [ 24.581028485418138, -1.932132473841824 ], [ 24.562786538162111, -1.962318548854365 ], [ 24.509632368010401, -1.971253634065241 ], [ 24.449674306737482, -1.993286186475889 ], [ 24.414763554468617, -2.045583838489733 ], [ 24.403027206401593, -2.087639085729906 ], [ 24.405961293418347, -2.149254913081788 ], [ 24.389334800323397, -2.179573812254936 ], [ 24.312070508882147, -2.193266218333132 ], [ 24.277839493686656, -2.171749580210253 ], [ 24.252410739541435, -2.166859435182325 ], [ 24.198350380300209, -2.200603728994838 ], [ 24.171234332077852, -2.23165385680236 ], [ 24.137981345887948, -2.272731075036948 ], [ 24.118420765776239, -2.325544641338561 ], [ 24.11353062074831, -2.372490033606661 ], [ 24.131135142848848, -2.401830903774224 ], [ 24.161454042021997, -2.434105860958543 ], [ 24.142871490915873, -2.445842209025568 ], [ 24.116464707765068, -2.449754325047909 ], [ 24.092013982625431, -2.447798267036739 ], [ 24.069519315496969, -2.433127831952957 ], [ 24.039200416323819, -2.40476499079098 ], [ 24.011815604167428, -2.376402149629003 ], [ 23.935529341731765, -2.361731714545221 ], [ 23.869023369351954, -2.382270323662515 ], [ 23.802517396972146, -2.371512004601076 ], [ 23.776110613821341, -2.346083250455854 ], [ 23.77787421951022, -2.299052878934059 ], [ 23.75752806271522, -2.274442625796722 ], [ 23.718406902491804, -2.259772190712941 ], [ 23.684175887296316, -2.247057813640331 ], [ 23.639186553039387, -2.232387378556549 ], [ 23.599087363810384, -2.236299494578891 ], [ 23.53551547844733, -2.249991900657087 ], [ 23.49541628921833, -2.243145697617988 ], [ 23.452383012972568, -2.220651030489524 ], [ 23.447492867944643, -2.188376073305205 ], [ 23.43282243286086, -2.141430681037105 ], [ 23.402503533687714, -2.097419375785761 ], [ 23.377074779542493, -2.0612323025791 ], [ 23.34479982235818, -2.036781577439464 ], [ 23.304700633129176, -2.053408070534416 ], [ 23.26753553091693, -2.052430041528831 ], [ 23.197117442514781, -2.047539896500904 ], [ 23.167776572347215, -2.017220997327756 ], [ 23.128655412123798, -1.967341518042899 ], [ 23.074672226892673, -1.950637902769041 ], [ 23.027949642551405, -1.913259835296027 ], [ 23.032808569576428, -1.883964545316742 ], [ 23.06214943974399, -1.861469878188277 ], [ 23.091490309911553, -1.846799443104496 ], [ 23.121809209084702, -1.832129008020714 ], [ 23.130611470134969, -1.801810108847566 ], [ 23.116919064056773, -1.776381354702345 ], [ 23.098336512950652, -1.77735938370793 ], [ 23.057259294716065, -1.762688948624149 ], [ 23.021072221509403, -1.735304136467757 ], [ 22.99026430783346, -1.711831440333707 ], [ 22.958967379654727, -1.687380715194071 ], [ 22.942340886559776, -1.656083787015338 ], [ 22.901263668325189, -1.64923758397624 ], [ 22.873878856168794, -1.656083787015338 ], [ 22.875834914179965, -1.692270860221998 ], [ 22.862142508101769, -1.716721585361634 ], [ 22.791724419699619, -1.721611730389561 ], [ 22.751625230470619, -1.732370049451001 ], [ 22.733042679364495, -1.771491209674418 ], [ 22.713482099252786, -1.815502514925762 ], [ 22.679251084057295, -1.861469878188277 ], [ 22.665849613906566, -1.906251447644837 ], [ 22.57006831600696, -1.950637902769048 ], [ 22.535026377751013, -2.018385650063886 ], [ 22.531568704213896, -2.072235128891936 ], [ 22.551379282270457, -2.116503077180549 ], [ 22.588294386537854, -2.126026724199134 ], [ 22.640618938336669, -2.12896081121589 ], [ 22.71494914276116, -2.152433507349941 ], [ 22.769718767073947, -2.183730435528674 ], [ 22.797103579230338, -2.246324291886141 ], [ 22.822532333375563, -2.257327118198977 ], [ 22.852851232548709, -2.26319529223249 ], [ 22.884148160727445, -2.26319529223249 ], [ 22.902730711833566, -2.268085437260417 ], [ 22.927181436973203, -2.274931640299515 ], [ 22.947720046090495, -2.289602075383296 ], [ 22.936961727029058, -2.313074771517346 ], [ 22.91055494387825, -2.32089900356203 ], [ 22.878279986693929, -2.326767177595543 ], [ 22.852851232548709, -2.318942945550859 ], [ 22.827422478403488, -2.311118713506175 ], [ 22.801993724258267, -2.302316452455907 ], [ 22.77754299911863, -2.305006032221267 ], [ 22.722773374805843, -2.305006032221267 ], [ 22.665849613906566, -2.308065672979754 ], [ 22.59112057724197, -2.317741912670566 ], [ 22.530101660705526, -2.307206597483834 ], [ 22.471419920370401, -2.304272510467078 ], [ 22.401894110659828, -2.306061266585242 ], [ 22.339386004616358, -2.340215076422342 ], [ 22.284616380303575, -2.316742380288292 ], [ 22.261143684169525, -2.254148523930825 ], [ 22.233758872013134, -2.164169855416965 ], [ 22.27288003223655, -2.10548811508184 ], [ 22.297819771878981, -2.106466144087426 ], [ 22.314446264973935, -2.084949505964546 ], [ 22.301731887901322, -2.05854272281374 ], [ 22.233269857510344, -2.054630606791398 ], [ 22.186813479745034, -2.027245794635006 ], [ 22.135955971454589, -1.980300402366906 ], [ 22.057713651007756, -1.941179242143489 ], [ 22.065537883052439, -1.882497501808363 ], [ 22.104659043275856, -1.831639993517921 ], [ 22.133212152416093, -1.768419823838097 ], [ 22.081817309640694, -1.731041756365083 ], [ 21.943985685833947, -1.745058531667463 ], [ 21.864557292453789, -1.693663688892068 ], [ 21.757095348468873, -1.677310784372618 ], [ 21.590639758366375, -1.69870652284091 ], [ 21.497194589683833, -1.750101365616305 ], [ 21.350018449008836, -1.771126528569875 ], [ 21.200506179116768, -1.766454270135749 ], [ 21.116405527302486, -1.71739555657741 ], [ 21.034470084940686, -1.681293633218247 ], [ 21.011066720464633, -1.613423876237689 ], [ 21.097659169026034, -1.536192773466708 ], [ 21.258909409543357, -1.518824573127022 ], [ 21.331329415272325, -1.425379404444487 ], [ 21.371043611962406, -1.352959398715515 ], [ 21.451049972614459, -1.288117110020529 ], [ 21.453390309062065, -1.243650717516025 ], [ 21.422965935243194, -1.21556668014476 ], [ 21.146574836745941, -1.227238911768993 ], [ 21.018087729807448, -1.210886007249549 ], [ 20.98538192076856, -1.157155035257084 ], [ 21.018087729807448, -1.103424063264619 ], [ 21.097516123187606, -0.967928568674943 ], [ 21.195633550304272, -0.918869855116612 ], [ 21.296087106638002, -0.916533725899541 ], [ 21.411264253005168, -0.953448998012947 ], [ 21.536073584605088, -1.017788567429011 ], [ 21.61403344659626, -1.023989920087405 ], [ 21.731890346327116, -1.033020437231533 ], [ 21.759974383698381, -0.986213708279424 ], [ 21.700470227627601, -0.916527976102489 ], [ 21.748272701460355, -0.855154867213518 ], [ 21.869932081935357, -0.856545074949254 ], [ 22.001029037801747, -0.828240998066055 ], [ 22.100746927253514, -0.833072378815203 ], [ 22.169857880228172, -0.873105057488712 ], [ 22.222022523946109, -0.860457190971595 ], [ 22.304176960415283, -0.834050407820789 ], [ 22.339386004616358, -0.76754443544098 ], [ 22.464573717331294, -0.771456551463322 ], [ 22.559991459477757, -0.751626338201408 ] ] ] ] } },
{ "type": "Feature", "properties": { "id": 25, "name": "Sea of Myrth", "type": "sea", "size": 3 }, "geometry": { "type": "MultiPolygon", "coordinates": [ [ [ [ 29.650209754605168, -3.422621833092669 ], [ 29.446479617503009, -3.087297842706713 ], [ 29.39721335295976, -2.672053612985053 ], [ 29.383137277375976, -2.130124703009327 ], [ 29.411289428543547, -1.482625226155213 ], [ 29.491172298444013, -1.272932692666492 ], [ 29.580202335548968, -1.039228845265982 ], [ 29.85597036810881, -0.629332029020243 ], [ 29.879340662749406, -0.699442912942025 ], [ 29.937518870788619, -0.805543845709431 ], [ 29.997859270138314, -0.911139544571396 ], [ 30.088369869162857, -0.963937394002379 ], [ 30.181916927950525, -1.005875248522734 ], [ 30.232553807633181, -1.038300125234193 ], [ 30.273297058119422, -1.0800448542317 ], [ 30.353423782601457, -1.076706240711615 ], [ 30.515225442897929, -1.099039484877877 ], [ 30.582973190192707, -1.099039484877842 ], [ 30.670592067009519, -1.153494351673567 ], [ 30.757396018531725, -1.216928008555179 ], [ 30.907633626935546, -1.19689632743467 ], [ 30.989763306042573, -1.201708348755552 ], [ 31.074564302939788, -1.213589395035094 ], [ 31.106569766895749, -1.302161905089277 ], [ 31.309813008780271, -1.229741899360312 ], [ 31.365880109989796, -1.253103191530939 ], [ 31.534081413618374, -1.36990965238413 ], [ 31.538631582231584, -1.499040851002351 ], [ 31.598726625593113, -1.605876483645066 ], [ 31.712239485275997, -1.592522029564727 ], [ 31.779011755677693, -1.665971527006594 ], [ 31.839106799039222, -1.732743797408291 ], [ 31.996634998596942, -1.748362585548406 ], [ 32.039423610244313, -1.866288338211685 ], [ 32.108769201015988, -1.860496787967455 ], [ 32.202214369698524, -1.883858080138082 ], [ 32.342382122722341, -1.879185821703955 ], [ 32.423364165054075, -1.923044768053128 ], [ 32.516845343616453, -1.906351700452704 ], [ 32.566650527560427, -1.837135495796814 ], [ 32.680437406100609, -1.862949724691601 ], [ 32.743871062982222, -1.76612993260914 ], [ 32.896327897843484, -1.678853072998595 ], [ 32.970896782347992, -1.682664594607018 ], [ 33.037669052749685, -1.652617072926254 ], [ 33.127604690332767, -1.557374353711292 ], [ 33.258427926488331, -1.456920797377552 ], [ 33.301135898421968, -1.424021966836352 ], [ 33.314495027697852, -1.288719493748995 ], [ 33.351873095170866, -1.197610454283516 ], [ 33.421956971682768, -1.150887869942255 ], [ 33.396259550295063, -1.029409150654945 ], [ 33.452326651504585, -0.93596398197241 ], [ 33.452326651504585, -0.83784655485574 ], [ 33.513066011148247, -0.714031706351374 ], [ 33.727989899118079, -0.56218330724226 ], [ 33.821435067800628, -0.515460722900994 ], [ 34.014143557561773, -0.473718496607425 ], [ 33.928897011785544, -0.66730912201012 ], [ 33.818037259675258, -0.756564118559117 ], [ 33.787867060000416, -0.831989617746235 ], [ 33.885920208943666, -0.930042766689488 ], [ 33.976430807968207, -0.986611891079827 ], [ 33.987300242212136, -1.069123347345044 ], [ 33.910207978049037, -1.146215611508129 ], [ 33.704899010894586, -1.190260738885045 ], [ 33.681267314776811, -1.382164662431538 ], [ 33.56536183739842, -1.427851061324467 ], [ 33.512563987967432, -1.495734010592873 ], [ 33.55781928747971, -1.695611583438736 ], [ 33.452223588617734, -1.759723257747786 ], [ 33.368272901158853, -1.78146125377802 ], [ 33.3589283842906, -1.884250939328809 ], [ 33.433367213820965, -1.914345531081378 ], [ 33.429595938861603, -2.012398680024631 ], [ 33.493707613170649, -2.019941229943343 ], [ 33.552827109306868, -1.954334815840718 ], [ 33.61123033973346, -1.998721270964922 ], [ 33.718692283718376, -2.029090950786748 ], [ 33.723364542152503, -2.113191602601029 ], [ 33.798120677098531, -2.173930962244684 ], [ 33.816809710835038, -2.234670321888332 ], [ 33.774759384927897, -2.272048389361347 ], [ 33.784103901796151, -2.314098715268488 ], [ 33.849515519873925, -2.370165816478016 ], [ 33.896238104215193, -2.440249692989918 ], [ 33.970994239161236, -2.519678086370073 ], [ 33.959313593075912, -2.613123255052622 ], [ 33.891565845781066, -2.720585199037545 ], [ 33.840171003005672, -2.776652300247074 ], [ 33.77008712649377, -2.89813101953437 ], [ 33.660289053291784, -3.014937480387539 ], [ 33.641600019555277, -3.16211362106254 ], [ 33.576188401477502, -3.274247823481589 ], [ 33.487415491229093, -3.353676216861745 ], [ 33.391634193329487, -3.472818806931977 ], [ 33.323886446034642, -3.542902683443894 ], [ 33.284172249344572, -3.622331076824041 ], [ 33.190727080662036, -3.659709144297063 ], [ 33.125315462584247, -3.697087211770084 ], [ 33.097281911979501, -3.753154312979598 ], [ 33.097281911979501, -3.809221414189119 ], [ 33.055231586072345, -3.865288515398648 ], [ 32.94776964208743, -3.902666582871669 ], [ 32.863668990273148, -3.893322066003408 ], [ 32.675679080758847, -3.899102968596971 ], [ 32.535511327735044, -3.880413934860464 ], [ 32.470099709657269, -3.824346833650942 ], [ 32.414032608447748, -3.74024618183666 ], [ 32.37665454097472, -3.562700361339838 ], [ 32.37665454097472, -3.408515833013646 ], [ 32.152386136136634, -3.268348079989843 ], [ 32.037623788348384, -3.23827041632012 ], [ 31.91380893984401, -3.217245253366556 ], [ 31.857741838634485, -3.245278803971318 ], [ 31.782985703688457, -3.334051714219726 ], [ 31.638145692230523, -3.380774298560993 ], [ 31.474616647036076, -3.418152366034015 ], [ 31.362482444617029, -3.408807849165762 ], [ 31.236331466895603, -3.48356398411179 ], [ 31.072802421701162, -3.511597534716551 ], [ 31.012063062057507, -3.628403995569727 ], [ 30.960668219282113, -3.665782063042748 ], [ 30.811155949390049, -3.689143355213375 ], [ 30.652299162629731, -3.773244007027666 ], [ 30.536060733195818, -3.865369102693684 ], [ 30.411677853272192, -3.836319495888375 ], [ 30.319587858537393, -3.861400781603268 ], [ 30.242721473396852, -3.842184185318132 ], [ 30.185071684541445, -3.742898437844931 ], [ 30.199090094519413, -3.63774851243798 ], [ 30.037744446355404, -3.640409924324207 ], [ 29.906431038406975, -3.579557369421277 ], [ 29.749495502078368, -3.489879920090644 ], [ 29.650209754605168, -3.422621833092669 ] ] ] ] } },
{ "type": "Feature", "properties": { "id": 26, "name": "The Narrow Sea", "type": "sea", "size": 4 }, "geometry": { "type": "MultiPolygon", "coordinates": [ [ [ [ 16.962671546410494, -3.924377558219333 ], [ 17.056562330946694, -3.883300339984745 ], [ 17.153776647567582, -3.862090468523355 ], [ 17.203448907875465, -3.825965188299443 ], [ 17.295201408309538, -3.814838309593765 ], [ 17.363663438700517, -3.87156399191772 ], [ 17.449729991192036, -3.883300339984745 ], [ 17.500587499482478, -3.89503668805177 ], [ 17.55340106578409, -3.900904862085282 ], [ 17.567093471862286, -3.967410834465091 ], [ 17.598390400041023, -3.973279008498604 ], [ 17.700105416621906, -3.949806312364553 ], [ 17.784215911102255, -3.922421500208162 ], [ 17.872238521604942, -3.896992746062941 ], [ 17.999382292331045, -3.906773036118795 ], [ 18.116745773001298, -3.920465442196991 ], [ 18.210636557537498, -3.928289674241674 ], [ 18.212592615548669, -3.961542660431579 ], [ 18.226285021626865, -4.000663820654996 ], [ 18.294747052017843, -4.01044411071085 ], [ 18.363209082408826, -3.9869714145768 ], [ 18.402330242632242, -4.020224400766704 ], [ 18.453187750922684, -4.041741038889583 ], [ 18.56272699954825, -4.012400168722021 ], [ 18.660548547053533, -3.96265000269238 ], [ 18.760288858676507, -3.924377558219333 ], [ 18.824077592247978, -3.864532575575718 ], [ 18.837553150117738, -3.814104787839576 ], [ 18.899168977469621, -3.802368439772551 ], [ 18.948070427748892, -3.801390410766965 ], [ 18.9676310078606, -3.769115453582646 ], [ 18.972521152888529, -3.716301887281034 ], [ 19.006752168084017, -3.684026930096715 ], [ 19.015554429134287, -3.636103508823029 ], [ 19.012620342117529, -3.574487681471147 ], [ 19.001862023056091, -3.538300608264486 ], [ 18.982301442944383, -3.520696086163949 ], [ 18.977411297916454, -3.47766280991819 ], [ 19.005774139078433, -3.439519678700359 ], [ 19.042939241290679, -3.407733736018832 ], [ 19.075442456667865, -3.33472271847161 ], [ 19.081082372508511, -3.318733096510559 ], [ 19.059565734385632, -3.306996748443534 ], [ 19.026312748195725, -3.29917251639885 ], [ 19.030224864218066, -3.280589965292727 ], [ 19.059565734385632, -3.259073327169848 ], [ 19.091840691569949, -3.233644573024627 ], [ 19.121181561737508, -3.207971311628009 ], [ 19.144654257871561, -3.173984803683916 ], [ 19.179863302072633, -3.141465339248201 ], [ 19.209204172240199, -3.102344179024784 ], [ 19.232676868374249, -3.057354844767854 ], [ 19.270819999592081, -3.030948061617048 ], [ 19.254193506497128, -3.086695714935417 ], [ 19.242457158430103, -3.131685049192346 ], [ 19.220940520307224, -3.164938035382251 ], [ 19.218984462296053, -3.202103137594497 ], [ 19.258105622519469, -3.23340006577323 ], [ 19.246369274452444, -3.282301516052502 ], [ 19.285490434675861, -3.34880748843231 ], [ 19.334391884955132, -3.380104416611044 ], [ 19.396985741312598, -3.39379682268924 ], [ 19.465447771703577, -3.419225576834461 ], [ 19.475228061759431, -3.507248187337149 ], [ 19.533909802094559, -3.505292129325978 ], [ 19.567162788284463, -3.550281463582908 ], [ 19.547602208172755, -3.597226855851008 ], [ 19.524129512038705, -3.66960100226433 ], [ 19.518508882203605, -3.728723117244578 ], [ 19.510437105960509, -3.775228134867556 ], [ 19.522173454027534, -3.847602281280877 ], [ 19.572239854196063, -3.892252162439021 ], [ 19.663348893661539, -4.006722494075134 ], [ 19.784827612948842, -4.072134112152909 ], [ 19.899297944584955, -4.137545730230691 ], [ 20.051146343694075, -4.088487016672352 ], [ 20.258173063617129, -3.963054057118595 ], [ 20.335156987612535, -4.089851108405147 ], [ 20.466482505016465, -4.139664235696293 ], [ 20.588751090185639, -4.112493438992032 ], [ 20.670263480298424, -4.203062761339569 ], [ 20.792532065467601, -4.184948896870062 ], [ 20.937442981223658, -4.221176625809077 ], [ 21.028012303571195, -4.117021905109409 ], [ 21.15480935485775, -4.157778100165801 ], [ 21.277077940026924, -4.157778100165801 ], [ 21.485387381426261, -4.076265710053017 ], [ 21.594154486080051, -4.164646722812649 ], [ 21.668910621026082, -4.220713824022178 ], [ 21.766152280703626, -4.248347422513338 ], [ 21.825022340229527, -4.284575151452353 ], [ 21.890496031021993, -4.328750774131629 ], [ 21.999079857599884, -4.323816706385242 ], [ 22.017125447275948, -4.288693362799903 ], [ 22.099279883745123, -4.288693362799903 ], [ 22.161873740102592, -4.335638755068003 ], [ 22.173610088169617, -4.376715973302591 ], [ 22.211315878915372, -4.387035946777089 ], [ 22.340860634071813, -4.389672425931419 ], [ 22.382910959978958, -4.445739527140947 ], [ 22.406380991498946, -4.488211279939329 ], [ 22.396600701443091, -4.548849078285626 ], [ 22.371171947297871, -4.584058122486701 ], [ 22.310490954249989, -4.606932443118328 ], [ 22.240116060549425, -4.62709139873246 ], [ 22.20295095833718, -4.660344384922364 ], [ 22.181434320214301, -4.695553429123439 ], [ 22.124708637890343, -4.707289777190464 ], [ 22.073851129599902, -4.734674589346857 ], [ 22.058202665510535, -4.756191227469736 ], [ 22.107104115789806, -4.781619981614956 ], [ 22.154049508057909, -4.760103343492077 ], [ 22.228379712482401, -4.732718531335686 ], [ 22.308578090940404, -4.728806415313344 ], [ 22.380952237353725, -4.71902612525749 ], [ 22.449414267744707, -4.756191227469736 ], [ 22.506139950068661, -4.777707865592615 ], [ 22.545261110292078, -4.758147285480907 ], [ 22.59807467659369, -4.744454879402711 ], [ 22.64502006886179, -4.767927575536761 ], [ 22.697833635163402, -4.785532097637298 ], [ 22.799548651744288, -4.799224503715495 ], [ 22.855664263294333, -4.779048706900334 ], [ 22.883659146224634, -4.760103343492077 ], [ 22.934516654515075, -4.769883633547932 ], [ 22.999066568883713, -4.769883633547932 ], [ 23.044055903140645, -4.762059401503248 ], [ 23.044055903140645, -4.728806415313344 ], [ 23.008846858939567, -4.69750948713461 ], [ 22.977549930760834, -4.691641313101098 ], [ 22.979505988772004, -4.664256500944706 ], [ 23.018627148995421, -4.652520152877681 ], [ 23.071440715297037, -4.640783804810655 ], [ 23.122298223587478, -4.623179282710118 ], [ 23.161419383810895, -4.609486876631922 ], [ 23.210320834090165, -4.625135340721289 ], [ 23.249441994313582, -4.658388326911194 ], [ 23.288563154536998, -4.664256500944706 ], [ 23.317904024704561, -4.636871688788314 ], [ 23.341376720838614, -4.607530818620751 ], [ 23.392234229129055, -4.599706586576068 ], [ 23.45091596946418, -4.589926296520214 ], [ 23.503729535765792, -4.554717252319138 ], [ 23.545839464832735, -4.488356126734312 ], [ 23.582949885218209, -4.468650699827621 ], [ 23.622071045441626, -4.449090119715913 ], [ 23.657280089642704, -4.425617423581863 ], [ 23.655324031631533, -4.404100785458983 ], [ 23.580993827207038, -4.390408379380787 ], [ 23.563389305106501, -4.331726639045661 ], [ 23.534048434938938, -4.298473652855757 ], [ 23.484083022684406, -4.286125442099945 ], [ 23.44211370841391, -4.267176724677023 ], [ 23.408860722224006, -4.239791912520632 ], [ 23.365827445978248, -4.228055564453607 ], [ 23.358003213933564, -4.186978346219019 ], [ 23.401036490179322, -4.130252663895065 ], [ 23.41864101227986, -4.087219387649306 ], [ 23.416684954268689, -4.053966401459402 ], [ 23.391256200123468, -4.024625531291838 ], [ 23.354091097911223, -3.991372545101934 ], [ 23.362604303397106, -3.956731222493993 ], [ 23.375607736034102, -3.922910514710955 ], [ 23.449041084428455, -3.881975087547965 ], [ 23.512531796816059, -3.823151556141241 ], [ 23.553609015050647, -3.807503092051874 ], [ 23.555565073061818, -3.781096308901068 ], [ 23.534048434938938, -3.743931206688822 ], [ 23.526224202894255, -3.710678220498917 ], [ 23.543828724994793, -3.673513118286671 ], [ 23.616202871408113, -3.665688886241988 ], [ 23.686620959810266, -3.651996480163792 ], [ 23.745302700145391, -3.642216190107938 ], [ 23.807896556502858, -3.618743493973887 ], [ 23.819632904569882, -3.585490507783983 ], [ 23.776599628324124, -3.556149637616421 ], [ 23.735522410089537, -3.560061753638762 ], [ 23.717917887989, -3.526808767448858 ], [ 23.663148263676216, -3.487687607225441 ], [ 23.604466523341088, -3.479863375180758 ], [ 23.541872666983622, -3.481819433191928 ], [ 23.492971216704351, -3.468127027113732 ], [ 23.46754246255913, -3.440742214957341 ], [ 23.496883332726693, -3.421181634845632 ], [ 23.553609015050647, -3.403577112745094 ], [ 23.600554407318747, -3.384016532633386 ], [ 23.655324031631533, -3.366412010532848 ], [ 23.704335778940926, -3.383410394094356 ], [ 23.749214816167729, -3.385483576141764 ], [ 23.784423860368804, -3.362010880007714 ], [ 23.784423860368804, -3.318977603761955 ], [ 23.798116266447, -3.26029586342683 ], [ 23.862666180815637, -3.254427689393317 ], [ 23.892007050983199, -3.289636733594393 ], [ 23.944820617284815, -3.293548849616734 ], [ 23.985897835519403, -3.266164037460342 ], [ 24.048491691876869, -3.223130761214584 ], [ 24.095437084144969, -3.185965659002338 ], [ 24.16976728856946, -3.142932382756579 ], [ 24.23285015942972, -3.117748135862754 ], [ 24.270015261641966, -3.099165584756631 ], [ 24.28664175473692, -3.066890627572312 ], [ 24.294465986781603, -3.021901293315382 ], [ 24.304246276837457, -2.987670278119892 ], [ 24.337499263027361, -2.962241523974672 ], [ 24.361949988166995, -2.956373349941159 ], [ 24.401071148390415, -2.967131669002599 ], [ 24.437258221597073, -2.956373349941159 ], [ 24.450950627675269, -2.933878682812694 ], [ 24.453884714692027, -2.907471899661888 ], [ 24.48518164287076, -2.879109058499911 ], [ 24.518434629060664, -2.878131029494325 ], [ 24.548753528233814, -2.859548478388202 ], [ 24.554621702267326, -2.826295492198298 ], [ 24.578094398401376, -2.795976593025149 ], [ 24.615259500613622, -2.801844767058662 ], [ 24.656336718848209, -2.810647028108931 ], [ 24.708172256144238, -2.799888709047491 ], [ 24.736826053702853, -2.776595934365855 ], [ 24.75413961940675, -2.752943316779391 ], [ 24.751694546892786, -2.708198489773858 ], [ 24.74582637285927, -2.675434518086746 ], [ 24.761474836948636, -2.643159560902427 ], [ 24.76929906899332, -2.617730806757206 ], [ 24.783969504077099, -2.581543733550546 ], [ 24.810376287227907, -2.563939211450008 ], [ 24.847541389440153, -2.564917240455593 ], [ 24.849497447451323, -2.585455849572887 ], [ 24.838739128389886, -2.602082342667839 ], [ 24.826024751317274, -2.620664893773963 ], [ 24.814288403250249, -2.647071676924769 ], [ 24.808420229216743, -2.676901561595124 ], [ 24.859277737507185, -2.674945503583953 ], [ 24.880794375630064, -2.633868285349366 ], [ 24.951212464032213, -2.595725154131534 ], [ 25.005982088344997, -2.572252457997484 ], [ 25.043147190557242, -2.462713209371916 ], [ 25.064663828680121, -2.419679933126158 ], [ 25.131169801059933, -2.431416281193183 ], [ 25.183983367361545, -2.439240513237866 ], [ 25.217236353551449, -2.396207236992108 ], [ 25.234840875651987, -2.33165732262347 ], [ 25.292389462972707, -2.270576289758299 ], [ 25.339112047313979, -2.19582015481227 ], [ 25.375677052456286, -2.184952971785656 ], [ 25.420666386713219, -2.145831811562239 ], [ 25.440226966824927, -2.096930361282968 ], [ 25.393281574556823, -2.094974303271797 ], [ 25.356116472344578, -2.094974303271797 ], [ 25.301733979840961, -2.072005306307912 ], [ 25.211368179517937, -2.057809201059551 ], [ 25.166238485251281, -2.029954980400763 ], [ 25.137037975093445, -2.042160736970184 ], [ 25.115521336970566, -2.077369781171259 ], [ 25.062875614153988, -2.096193900229979 ], [ 24.980553334199776, -2.071501607137747 ], [ 24.946322319004288, -2.027979316389195 ], [ 24.899850833928422, -1.978453781178181 ], [ 24.867590984054669, -1.968319547048484 ], [ 24.820645591786569, -1.997660417216047 ], [ 24.749703973808629, -1.99301995149874 ], [ 24.715996488188928, -1.995704359204876 ], [ 24.688611676032536, -1.985924069149022 ], [ 24.678831385976682, -1.964407431026143 ], [ 24.639710225753262, -1.925286270802726 ], [ 24.609391326580116, -1.916484009752457 ], [ 24.581028485418138, -1.932132473841824 ], [ 24.562786538162111, -1.962318548854365 ], [ 24.509632368010401, -1.971253634065241 ], [ 24.449674306737482, -1.993286186475889 ], [ 24.414763554468617, -2.045583838489733 ], [ 24.403027206401593, -2.087639085729906 ], [ 24.405961293418347, -2.149254913081788 ], [ 24.389334800323397, -2.179573812254936 ], [ 24.312070508882147, -2.193266218333132 ], [ 24.277839493686656, -2.171749580210253 ], [ 24.252410739541435, -2.166859435182325 ], [ 24.198350380300209, -2.200603728994838 ], [ 24.171234332077852, -2.23165385680236 ], [ 24.137981345887948, -2.272731075036948 ], [ 24.118420765776239, -2.325544641338561 ], [ 24.11353062074831, -2.372490033606661 ], [ 24.131135142848848, -2.401830903774224 ], [ 24.161454042021997, -2.434105860958543 ], [ 24.142871490915873, -2.445842209025568 ], [ 24.116464707765068, -2.449754325047909 ], [ 24.092013982625431, -2.447798267036739 ], [ 24.069519315496969, -2.433127831952957 ], [ 24.039200416323819, -2.40476499079098 ], [ 24.011815604167428, -2.376402149629003 ], [ 23.935529341731765, -2.361731714545221 ], [ 23.869023369351954, -2.382270323662515 ], [ 23.802517396972146, -2.371512004601076 ], [ 23.776110613821341, -2.346083250455854 ], [ 23.77787421951022, -2.299052878934059 ], [ 23.75752806271522, -2.274442625796722 ], [ 23.718406902491804, -2.259772190712941 ], [ 23.684175887296316, -2.247057813640331 ], [ 23.639186553039387, -2.232387378556549 ], [ 23.599087363810384, -2.236299494578891 ], [ 23.53551547844733, -2.249991900657087 ], [ 23.49541628921833, -2.243145697617988 ], [ 23.452383012972568, -2.220651030489524 ], [ 23.447492867944643, -2.188376073305205 ], [ 23.43282243286086, -2.141430681037105 ], [ 23.402503533687714, -2.097419375785761 ], [ 23.377074779542493, -2.0612323025791 ], [ 23.34479982235818, -2.036781577439464 ], [ 23.304700633129176, -2.053408070534416 ], [ 23.26753553091693, -2.052430041528831 ], [ 23.197117442514781, -2.047539896500904 ], [ 23.167776572347215, -2.017220997327756 ], [ 23.128655412123798, -1.967341518042899 ], [ 23.074672226892673, -1.950637902769041 ], [ 23.027949642551405, -1.913259835296027 ], [ 23.032808569576428, -1.883964545316742 ], [ 23.06214943974399, -1.861469878188277 ], [ 23.091490309911553, -1.846799443104496 ], [ 23.121809209084702, -1.832129008020714 ], [ 23.130611470134969, -1.801810108847566 ], [ 23.116919064056773, -1.776381354702345 ], [ 23.098336512950652, -1.77735938370793 ], [ 23.057259294716065, -1.762688948624149 ], [ 23.021072221509403, -1.735304136467757 ], [ 22.99026430783346, -1.711831440333707 ], [ 22.958967379654727, -1.687380715194071 ], [ 22.942340886559776, -1.656083787015338 ], [ 22.901263668325189, -1.64923758397624 ], [ 22.873878856168794, -1.656083787015338 ], [ 22.875834914179965, -1.692270860221998 ], [ 22.862142508101769, -1.716721585361634 ], [ 22.791724419699619, -1.721611730389561 ], [ 22.751625230470619, -1.732370049451001 ], [ 22.733042679364495, -1.771491209674418 ], [ 22.713482099252786, -1.815502514925762 ], [ 22.679251084057295, -1.861469878188277 ], [ 22.665849613906566, -1.906251447644837 ], [ 22.57006831600696, -1.950637902769048 ], [ 22.535026377751013, -2.018385650063886 ], [ 22.531568704213896, -2.072235128891936 ], [ 22.551379282270457, -2.116503077180549 ], [ 22.588294386537854, -2.126026724199134 ], [ 22.640618938336669, -2.12896081121589 ], [ 22.71494914276116, -2.152433507349941 ], [ 22.769718767073947, -2.183730435528674 ], [ 22.797103579230338, -2.246324291886141 ], [ 22.822532333375563, -2.257327118198977 ], [ 22.852851232548709, -2.26319529223249 ], [ 22.884148160727445, -2.26319529223249 ], [ 22.902730711833566, -2.268085437260417 ], [ 22.927181436973203, -2.274931640299515 ], [ 22.947720046090495, -2.289602075383296 ], [ 22.936961727029058, -2.313074771517346 ], [ 22.91055494387825, -2.32089900356203 ], [ 22.878279986693929, -2.326767177595543 ], [ 22.852851232548709, -2.318942945550859 ], [ 22.827422478403488, -2.311118713506175 ], [ 22.801993724258267, -2.302316452455907 ], [ 22.77754299911863, -2.305006032221267 ], [ 22.722773374805843, -2.305006032221267 ], [ 22.665849613906566, -2.308065672979754 ], [ 22.59112057724197, -2.317741912670566 ], [ 22.530101660705526, -2.307206597483834 ], [ 22.471419920370401, -2.304272510467078 ], [ 22.401894110659828, -2.306061266585242 ], [ 22.339386004616358, -2.340215076422342 ], [ 22.284616380303575, -2.316742380288292 ], [ 22.261143684169525, -2.254148523930825 ], [ 22.233758872013134, -2.164169855416965 ], [ 22.27288003223655, -2.10548811508184 ], [ 22.297819771878981, -2.106466144087426 ], [ 22.314446264973935, -2.084949505964546 ], [ 22.301731887901322, -2.05854272281374 ], [ 22.233269857510344, -2.054630606791398 ], [ 22.186813479745034, -2.027245794635006 ], [ 22.135955971454589, -1.980300402366906 ], [ 22.057713651007756, -1.941179242143489 ], [ 22.065537883052439, -1.882497501808363 ], [ 22.104659043275856, -1.831639993517921 ], [ 22.133212152416093, -1.768419823838097 ], [ 22.081817309640694, -1.731041756365083 ], [ 21.943985685833947, -1.745058531667463 ], [ 21.864557292453789, -1.693663688892068 ], [ 21.757095348468873, -1.677310784372618 ], [ 21.590639758366375, -1.69870652284091 ], [ 21.497194589683833, -1.750101365616305 ], [ 21.350018449008836, -1.771126528569875 ], [ 21.200506179116768, -1.766454270135749 ], [ 21.116405527302486, -1.71739555657741 ], [ 21.034470084940686, -1.681293633218247 ], [ 21.011066720464633, -1.613423876237689 ], [ 21.097659169026034, -1.536192773466708 ], [ 21.258909409543357, -1.518824573127022 ], [ 21.331329415272325, -1.425379404444487 ], [ 21.371043611962406, -1.352959398715515 ], [ 21.451049972614459, -1.288117110020529 ], [ 21.453390309062065, -1.243650717516025 ], [ 21.422965935243194, -1.21556668014476 ], [ 21.146574836745941, -1.227238911768993 ], [ 21.018087729807448, -1.210886007249549 ], [ 20.98538192076856, -1.157155035257084 ], [ 21.018087729807448, -1.103424063264619 ], [ 21.097516123187606, -0.967928568674943 ], [ 21.195633550304272, -0.918869855116612 ], [ 21.296087106638002, -0.916533725899541 ], [ 21.411264253005168, -0.953448998012947 ], [ 21.536073584605088, -1.017788567429011 ], [ 21.61403344659626, -1.023989920087405 ], [ 21.731890346327116, -1.033020437231533 ], [ 21.759974383698381, -0.986213708279424 ], [ 21.700470227627601, -0.916527976102489 ], [ 21.748272701460355, -0.855154867213518 ], [ 21.869932081935357, -0.856545074949254 ], [ 22.001029037801747, -0.828240998066055 ], [ 22.100746927253514, -0.833072378815203 ], [ 22.169857880228172, -0.873105057488712 ], [ 22.222022523946109, -0.860457190971595 ], [ 22.304176960415283, -0.834050407820789 ], [ 22.339386004616358, -0.76754443544098 ], [ 22.464573717331294, -0.771456551463322 ], [ 22.559991459477757, -0.751626338201408 ], [ 22.589761430046227, -0.640400664714875 ], [ 22.613234126180277, -0.577806808357408 ], [ 22.683652214582427, -0.546509880178674 ], [ 22.718861258783502, -0.483916023821207 ], [ 22.735201150757508, -0.335795337564147 ], [ 22.758562442928145, -0.20029984297447 ], [ 22.728192763106318, -0.046115314648287 ], [ 22.730528892323385, 0.009951786561235 ], [ 22.793191463207997, 0.118549843619414 ], [ 22.931436004990836, 0.166472444104489 ], [ 22.944785959073769, 0.231145432887436 ], [ 22.924427617339646, 0.308976326345355 ], [ 22.882377291432501, 0.36037116912075 ], [ 22.830982448657107, 0.432791174849708 ], [ 22.809957285703536, 0.507547309795736 ], [ 22.828646319440047, 0.556606023354074 ], [ 22.828646319440047, 0.619681512214786 ], [ 22.788932122749969, 0.666404096556054 ], [ 22.737443809889662, 0.689841036507 ], [ 22.684630243588046, 0.723094022696904 ], [ 22.616168213197067, 0.7367864287751 ], [ 22.555858834644173, 0.784595458656465 ], [ 22.537925892750234, 0.807204517177251 ], [ 22.592695517063017, 0.801336343143738 ], [ 22.655289373420484, 0.815028749221934 ], [ 22.727663519833804, 0.813072691210763 ], [ 22.796125550224787, 0.811116633199592 ], [ 22.82742247840352, 0.785687879054371 ], [ 22.848939116526399, 0.766127298942663 ], [ 22.909576914872694, 0.762215182920321 ], [ 22.952610191118453, 0.762215182920321 ], [ 22.974126829241332, 0.719181906674563 ], [ 22.995643467364211, 0.689841036507 ], [ 23.045522946649072, 0.676148630428804 ], [ 23.129633441129418, 0.680060746451146 ], [ 23.168754601352834, 0.678104688439975 ], [ 23.209310653180367, 0.666435454014333 ], [ 23.279394529692272, 0.675779970882594 ], [ 23.445259704103773, 0.682788358533777 ], [ 23.469987535073145, 0.707445558607538 ], [ 23.479917616946476, 0.778391637219931 ], [ 23.415217910760362, 0.789599995076713 ], [ 23.356536170425237, 0.793512111099055 ], [ 23.327195300257671, 0.818940865244276 ], [ 23.321327126224158, 0.856105967456522 ], [ 23.275359762961642, 0.900606287210659 ], [ 23.208385819872852, 0.929242635594166 ], [ 23.218634080637688, 0.953419853512272 ], [ 23.259711298872276, 0.955375911523443 ], [ 23.337953619319112, 0.924078983344709 ], [ 23.377074779542529, 0.88104570709895 ], [ 23.455317099989362, 0.873221475054267 ], [ 23.553120000547903, 0.890825997154805 ], [ 23.627450204972394, 0.904518403233 ], [ 23.653175204422414, 0.94677096006194 ], [ 23.723259080934312, 0.953779347713137 ], [ 23.82990220912858, 0.958309998540199 ], [ 23.880759717419021, 0.954397882517857 ], [ 23.915968761620096, 0.968090288596053 ], [ 23.9218300643847, 1.026199353442095 ], [ 23.94139751576532, 1.079585595232791 ], [ 24.013771662178641, 1.095234059322158 ], [ 24.023551952234495, 1.128487045512063 ], [ 24.015727720189812, 1.175432437780163 ], [ 23.960958095877029, 1.193036959880701 ], [ 23.898364239519559, 1.247806584193484 ], [ 23.85337490526263, 1.277147454361047 ], [ 23.794693164927505, 1.324092846629148 ], [ 23.730143250558868, 1.345609484752027 ], [ 23.724275076525355, 1.382774586964273 ], [ 23.767308352771114, 1.417983631165348 ], [ 23.845550673217947, 1.443412385310569 ], [ 23.847852630168681, 1.50719052311558 ], [ 23.874251554884175, 1.59015857222141 ], [ 23.935529341731808, 1.629726910874592 ], [ 23.927049404315156, 1.661812796449172 ], [ 23.836538805290616, 1.661812796449172 ], [ 23.796649222938676, 1.714326419857732 ], [ 23.808505254685855, 1.757594094348778 ], [ 23.982474733999908, 1.796480856326907 ], [ 24.045068590357374, 1.821909610472128 ], [ 24.052892822402058, 1.888415582851937 ], [ 24.139090081571588, 1.885894905321428 ], [ 24.258921600738475, 1.922030768644729 ], [ 24.25515032577912, 2.038940292384761 ], [ 24.134417823137461, 2.065776855035309 ], [ 24.0619978174085, 2.072785242686507 ], [ 24.019947491501355, 2.128852343896021 ], [ 23.976606559966395, 2.158351588393514 ], [ 23.898468772214063, 2.145205248415464 ], [ 23.786868932882822, 2.138791008281806 ], [ 23.724275076525355, 2.166175820438197 ], [ 23.675373626246085, 2.174000052482881 ], [ 23.581482841709882, 2.154439472371172 ], [ 23.500895333907941, 2.201105115637065 ], [ 23.449448925955849, 2.244907155387824 ], [ 23.461185274022874, 2.301632837711779 ], [ 23.435756519877653, 2.332929765890512 ], [ 23.392723243631895, 2.327061591857 ], [ 23.351646025397308, 2.344666113957537 ], [ 23.281227936995155, 2.411172086337346 ], [ 23.234282544727055, 2.450293246560763 ], [ 23.187337152458955, 2.438556898493738 ], [ 23.157996282291393, 2.387699390203296 ], [ 23.099314541956268, 2.35053428799105 ], [ 23.032808569576456, 2.323149475834658 ], [ 23.021072221509431, 2.262511677488362 ], [ 22.958478365151965, 2.207742053175578 ], [ 22.866543638626936, 2.182313299030357 ], [ 22.800037666247128, 2.174489066985674 ], [ 22.817642188347666, 2.229258691298457 ], [ 22.866543638626936, 2.264467735499533 ], [ 22.895884508794499, 2.327061591857 ], [ 22.872411812660449, 2.364226694069246 ], [ 22.854010352581138, 2.373427424108901 ], [ 22.837202768459374, 2.381831216169783 ], [ 22.796125550224787, 2.434644782471397 ], [ 22.801993724258299, 2.487458348773009 ], [ 22.753092273979028, 2.530491625018768 ], [ 22.710058997733267, 2.565700669219843 ], [ 22.667025721487509, 2.620470293532627 ], [ 22.633772735297605, 2.641986931655506 ], [ 22.601210551416557, 2.667800391857225 ], [ 22.648587193093508, 2.718712603808661 ], [ 22.727783967239979, 2.748882803483508 ], [ 22.829608391142589, 2.775281728198999 ], [ 22.908805165289063, 2.786595553077067 ], [ 22.938975364963913, 2.838450583768212 ], [ 22.973375046985367, 2.846606565736439 ], [ 23.061171410738439, 2.867422617442946 ], [ 23.061171410738439, 2.916324067722218 ], [ 23.022050250515019, 2.951533111923293 ], [ 23.018172139110384, 2.99495849458148 ], [ 23.06508352676078, 3.098237462761107 ], [ 23.087578193889229, 3.147627927543171 ], [ 23.172191614289627, 3.174955273160385 ], [ 23.164842485330492, 3.23222743652631 ], [ 23.131589499140588, 3.306557640950802 ], [ 23.100535086121003, 3.350687596294426 ], [ 23.094424396928343, 3.359371207252415 ], [ 23.035742656593218, 3.378931787364123 ], [ 23.035742656593218, 3.451305933777445 ], [ 23.080731990850147, 3.500207384056716 ], [ 23.136453624736461, 3.493073947262006 ], [ 23.138852937809773, 3.492766789216459 ], [ 23.194183355498055, 3.525636138201937 ], [ 23.258733269866692, 3.613658748704625 ], [ 23.313502894179475, 3.642999618872188 ], [ 23.370228576503433, 3.661093155475518 ], [ 23.38783309860397, 3.684076837106776 ], [ 23.393701272637482, 3.713906721777131 ], [ 23.368272518492262, 3.748626751475414 ], [ 23.397613388659824, 3.824913013911077 ], [ 23.471943593084315, 3.844473594022785 ], [ 23.534537449441782, 3.944232552592498 ], [ 23.60104342182159, 3.973573422760061 ], [ 23.677329684257256, 3.999491191408075 ], [ 23.696890264368964, 4.075777453843738 ], [ 23.739923540614722, 4.142283426223547 ], [ 23.777088642826968, 4.200965166558673 ], [ 23.810341629016872, 4.261602964904968 ], [ 23.851418847251459, 4.332021053307119 ], [ 23.931617225709466, 4.386790677619903 ], [ 23.931617225709466, 4.451340591988541 ], [ 23.986386850022249, 4.502198100278983 ], [ 24.019639836212153, 4.590220710781671 ], [ 24.007903488145129, 4.697803901396068 ], [ 23.982474733999908, 4.762353815764706 ], [ 23.91547743184384, 4.776755286730492 ], [ 23.903796785758541, 4.811797224986414 ], [ 23.878803659407851, 4.870426020881895 ], [ 23.85337490526263, 4.927151703205849 ], [ 23.786868932882822, 4.921283529172337 ], [ 23.732099308570039, 4.968228921440438 ], [ 23.708626612435989, 5.024954603764392 ], [ 23.709965389467182, 5.084716231434454 ], [ 23.659725162156718, 5.118845388300593 ], [ 23.646032756078522, 5.185351360680402 ], [ 23.58362767832876, 5.265737429483536 ], [ 23.567301421128889, 5.202466868278147 ], [ 23.564856348614928, 5.140851040926265 ], [ 23.577970765889724, 5.080944956475098 ], [ 23.543339710492045, 5.072144503283889 ], [ 23.510087816621319, 5.047003481840895 ], [ 23.519867014357995, 5.027644183529752 ], [ 23.543339710492045, 5.003682472892909 ], [ 23.580504812704294, 4.996836269853811 ], [ 23.600065392816003, 4.982654849272823 ], [ 23.596827140686504, 4.911237583304084 ], [ 23.580015798201501, 4.875071658658426 ], [ 23.540405623475291, 4.851598962524376 ], [ 23.520671594160532, 4.804788837335217 ], [ 23.53844956546412, 4.786315526401548 ], [ 23.560455218089793, 4.78484848289317 ], [ 23.582949885218255, 4.769689033306596 ], [ 23.595664262290867, 4.736436047116692 ], [ 23.604466523341134, 4.685456285200551 ], [ 23.600099987540606, 4.622570758404464 ], [ 23.57121353715123, 4.558679275351541 ], [ 23.563878319609341, 4.508188527938193 ], [ 23.567394178501754, 4.45904171321019 ], [ 23.557521131073035, 4.394492656038888 ], [ 23.556054087564657, 4.365640800374118 ], [ 23.546273797508803, 4.34070106073169 ], [ 23.513509825821693, 4.331409785178629 ], [ 23.48270191214575, 4.324563582139531 ], [ 23.467053448056383, 4.299623842497102 ], [ 23.458251187006116, 4.247299290698281 ], [ 23.447492867944675, 4.216369123396642 ], [ 23.407882693218465, 4.208544891351959 ], [ 23.35653617042523, 4.188006282234666 ], [ 23.317415010201817, 4.12467890412301 ], [ 23.303722604123621, 4.071865337821396 ], [ 23.266557501911375, 4.022963887542125 ], [ 23.2313484577103, 4.007315423452758 ], [ 23.176578833397517, 3.981886669307537 ], [ 23.151150079252297, 3.905600406871874 ], [ 23.104675758490558, 3.873665560111335 ], [ 22.98179708309916, 3.871121779844557 ], [ 22.88601578519966, 3.829071453937465 ], [ 22.841629330075499, 3.744970802123269 ], [ 22.720241417321269, 3.692644362062321 ], [ 22.569390418947034, 3.66624543734683 ], [ 22.455426761552168, 3.686967475091263 ], [ 22.437188905174931, 3.653146669805137 ], [ 22.42838664412465, 3.622950024257687 ], [ 22.414694238046454, 3.576004631989586 ], [ 22.375573077823038, 3.511454717620949 ], [ 22.342320091633134, 3.441036629218798 ], [ 22.289506525331522, 3.439080571207627 ], [ 22.264077771186301, 3.476245673419873 ], [ 22.219088436929372, 3.487982021486898 ], [ 22.172143044661272, 3.44494874524114 ], [ 22.135955971454617, 3.459496926699223 ], [ 22.09487875322003, 3.47710144879976 ], [ 22.044021244929588, 3.457540868688052 ], [ 22.006203298515523, 3.453452442048693 ], [ 21.971647098516268, 3.449716636643368 ], [ 21.920789590225827, 3.443848462609856 ], [ 21.893404778069435, 3.412551534431122 ], [ 21.883624488013581, 3.375386432218876 ], [ 21.860151791879531, 3.346045562051314 ], [ 21.822986689667282, 3.2932319957497 ], [ 21.81907457364494, 3.238462371436917 ], [ 21.776041297399182, 3.220857849336379 ], [ 21.734964079164595, 3.224769965358721 ], [ 21.703667150985861, 3.259979009559796 ], [ 21.705050383858691, 3.318177641417952 ], [ 21.689974744907666, 3.349957678073655 ], [ 21.656721758717762, 3.377342490230047 ], [ 21.574567322248587, 3.355825852107168 ], [ 21.515885581913459, 3.363650084151851 ], [ 21.459159899589505, 3.336265271995459 ], [ 21.420038739366088, 3.297144111772042 ], [ 21.364344740316511, 3.26976963249354 ], [ 21.333972186874572, 3.303012285805555 ], [ 21.350965452644019, 3.332136651707207 ], [ 21.375901162057389, 3.419411634654009 ], [ 21.394609985220868, 3.455584810676881 ], [ 21.451335667544821, 3.455584810676881 ], [ 21.483027525967533, 3.477681689378969 ], [ 21.509426450683023, 3.534250813769307 ], [ 21.573538124992073, 3.598362488078357 ], [ 21.596165774748208, 3.715272011818389 ], [ 21.720617848406953, 3.764298586290015 ], [ 21.750788048081802, 3.828410260599065 ], [ 21.675362548894682, 3.828410260599065 ], [ 21.554681750195293, 3.835952810517777 ], [ 21.482632595723555, 3.7763783245089 ], [ 21.433731145444284, 3.770510150475388 ], [ 21.388741811187355, 3.768554092464217 ], [ 21.347664592952768, 3.750949570363679 ], [ 21.35927735578181, 3.710328244476654 ], [ 21.407602026780417, 3.663416981127246 ], [ 21.388745651983637, 3.610619131696264 ], [ 21.335947802552653, 3.591762756899485 ], [ 21.272002372835015, 3.610585406823174 ], [ 21.166240429381638, 3.557821282265281 ], [ 21.117213854910013, 3.561592557224638 ], [ 21.068187280438387, 3.583277388240933 ], [ 21.039585456193358, 3.624906082268858 ], [ 20.97503554182472, 3.611213676190661 ], [ 20.879188699277346, 3.622950024257687 ], [ 20.798990320819343, 3.632730314313541 ], [ 20.707055594294314, 3.634686372324712 ], [ 20.642033210031173, 3.61344758791578 ], [ 20.623923128819548, 3.570136457956074 ], [ 20.582845910584961, 3.548619819833195 ], [ 20.522208112238665, 3.552531935855536 ], [ 20.453746081847687, 3.540795587788511 ], [ 20.377459819412024, 3.53883952977734 ], [ 20.348118949244459, 3.517322891654461 ], [ 20.344206833222117, 3.442992687229969 ], [ 20.350075007255629, 3.382354888883672 ], [ 20.312909905043384, 3.35497007672728 ], [ 20.277700860842309, 3.364750366783135 ], [ 20.239557729624476, 3.398859128352926 ], [ 20.196524453378718, 3.434068172554002 ], [ 20.124150306965397, 3.443848462609856 ], [ 20.049820102540902, 3.428199998520489 ], [ 19.956603986168247, 3.396127868382861 ], [ 19.826829489267428, 3.33822133000663 ], [ 19.707699838850758, 3.320702369195743 ], [ 19.526678640801677, 3.305617269358319 ], [ 19.374002059681374, 3.265847183593309 ], [ 19.272287043100491, 3.144571586900716 ], [ 19.281089304150761, 3.085034071185703 ], [ 19.30260594227364, 3.036132620906432 ], [ 19.294781710228957, 2.997011460683015 ], [ 19.27717718812842, 2.965714532504282 ], [ 19.236099969893832, 2.977450880571307 ], [ 19.218495447793295, 3.002879634716528 ], [ 19.216539389782124, 3.079165897152191 ], [ 19.191110635636903, 3.12219917339795 ], [ 19.172528084530775, 3.166088225023596 ], [ 19.149055388396725, 3.195429095191158 ], [ 19.119380945191242, 3.245276870008626 ], [ 19.024156252467506, 3.268375929134681 ], [ 18.939069064636307, 3.263532225823993 ], [ 18.831014323845039, 3.259376274255103 ], [ 18.779360424285436, 3.287363821716188 ], [ 18.731271486191559, 3.321715547788528 ], [ 18.710491728347083, 3.375742918184158 ], [ 18.746107438095532, 3.383944186017749 ], [ 18.785228598318948, 3.413285056185312 ], [ 18.816525526497681, 3.447516071380801 ], [ 18.853690628709927, 3.465120593481339 ], [ 18.898679962966856, 3.471966796520437 ], [ 18.919218572084151, 3.501307666688 ], [ 18.925086746117664, 3.534560652877904 ], [ 18.920196601089735, 3.570747726084565 ], [ 18.904548137000369, 3.614759031335909 ], [ 18.96420790634108, 3.635297640453203 ], [ 18.98768060247513, 3.678330916698962 ], [ 19.018977530653864, 3.714517989905622 ], [ 19.021911617670618, 3.749727034106697 ], [ 19.017999501648276, 3.782001991291016 ], [ 18.98572454446396, 3.781023962285431 ], [ 18.939757181201443, 3.754617179134625 ], [ 18.873251208821635, 3.706693757860938 ], [ 18.817503555503265, 3.731144483000574 ], [ 18.75882181516814, 3.745814918084355 ], [ 18.68474150612548, 3.749213486452523 ], [ 18.652685668970957, 3.737899661574455 ], [ 18.644392421514645, 3.72136419294472 ], [ 18.645370450520232, 3.69789149681067 ], [ 18.634612131458791, 3.68713317774923 ], [ 18.581798565157179, 3.679308945704547 ], [ 18.531919085872321, 3.682243032721303 ], [ 18.480083548576296, 3.660726394598424 ], [ 18.422693512693201, 3.670319820728704 ], [ 18.418866621490892, 3.670959531045888 ], [ 18.423067822406612, 3.672943431478312 ], [ 18.520691045393498, 3.719043286777676 ], [ 18.560289432466735, 3.78881187352576 ], [ 18.60177345701965, 3.82463898563964 ], [ 18.686627143605158, 3.83406717303803 ], [ 18.720568618239362, 3.85198072909497 ], [ 18.760167005312599, 3.90760703474547 ], [ 18.75639573035324, 3.97171870905452 ], [ 18.733768080597105, 4.009431458648079 ], [ 18.733768080597105, 4.054686758160349 ], [ 18.812022036003746, 4.160753866392237 ], [ 18.876133710312796, 4.172067691270304 ], [ 18.887921643905401, 4.135070462307354 ], [ 18.88596558589423, 4.092037186061596 ], [ 18.922994011889791, 4.081045001259548 ], [ 18.961540951522547, 4.104448500322293 ], [ 19.009197240597995, 4.127246230262671 ], [ 19.036582052754387, 4.1252901722515 ], [ 19.048318400821412, 4.068564489927546 ], [ 19.079615329000145, 4.031399387715299 ], [ 19.11482437320122, 3.998146401525395 ], [ 19.188145485577706, 3.989978168686187 ], [ 19.290973955841942, 4.055158167530273 ], [ 19.306059055679363, 4.107956016961255 ], [ 19.329990754430021, 4.129691302776634 ], [ 19.361287682608758, 4.121867070731951 ], [ 19.389650523770733, 4.095460287581145 ], [ 19.4317057710109, 4.0783447799834 ], [ 19.524548092834848, 4.090431725019912 ], [ 19.582322237871058, 4.107685650150962 ], [ 19.63513580417267, 4.14680681037438 ], [ 19.664476674340232, 4.203532492698334 ], [ 19.668388790362574, 4.232873362865897 ], [ 19.705553892574819, 4.246565768944093 ], [ 19.756411400865261, 4.236785478888239 ], [ 19.805312851144535, 4.262214233033459 ], [ 19.846603227563495, 4.306847702366216 ], [ 19.883555171591368, 4.320895973368585 ], [ 19.877686997557856, 4.279818755133997 ], [ 19.858126417446147, 4.238741536899409 ], [ 19.809224967166877, 4.201576434687163 ], [ 19.765169402192384, 4.158179472314758 ], [ 19.711422066608332, 4.10181747611745 ], [ 19.709466008597161, 4.058784199871691 ], [ 19.662520616329061, 4.025531213681787 ], [ 19.621443398094474, 3.98641005345837 ], [ 19.617531282072132, 3.937508603179099 ], [ 19.558849541737008, 3.910123791022707 ], [ 19.558849541737008, 3.882738978866315 ], [ 19.615303602346547, 3.866594419562479 ], [ 19.68208119644077, 3.89447532693334 ], [ 19.744144239238814, 3.929238809042532 ], [ 19.795532561088681, 3.960981299313149 ], [ 19.854214301423806, 3.968805531357832 ], [ 19.907027867725418, 3.978585821413687 ], [ 19.920114072930364, 4.005951001999738 ], [ 19.88746728761371, 4.039223619759983 ], [ 19.874752910541098, 4.063429837648222 ], [ 19.879292849501457, 4.089099642164475 ], [ 19.920776874054372, 4.115498566879967 ], [ 19.971577782094055, 4.140938636340867 ], [ 20.015589087345401, 4.160499216452576 ], [ 20.044929957512963, 4.187884028608967 ], [ 20.105567755859258, 4.185927970597796 ], [ 20.128062422987725, 4.19375220264248 ], [ 20.135886655032408, 4.213312782754189 ], [ 20.137842713043582, 4.243631681927337 ], [ 20.135886655032408, 4.270038465078143 ], [ 20.143710887077095, 4.284708900161924 ], [ 20.192612337356366, 4.29644524822895 ], [ 20.247381961669149, 4.304269480273633 ], [ 20.315843992060127, 4.306225538284804 ], [ 20.331492456149494, 4.34534669850822 ], [ 20.331492456149494, 4.392292090776321 ], [ 20.362789384328227, 4.402072380832175 ], [ 20.392130254495793, 4.441193541055592 ], [ 20.386262080462281, 4.486182875312521 ], [ 20.388218138473452, 4.540952499625305 ], [ 20.40777871858516, 4.591810007915748 ], [ 20.380393906428768, 4.619194820072139 ], [ 20.34518486222769, 4.64462357421736 ], [ 20.378437848417597, 4.672008386373752 ], [ 20.437119588752722, 4.679832618418436 ], [ 20.464504400909114, 4.699393198530144 ], [ 20.466460458920285, 4.744382532787074 ], [ 20.45668016886443, 4.78154763499932 ], [ 20.468416516931455, 4.820668795222737 ], [ 20.513405851188384, 4.836317259312104 ], [ 20.570131533512338, 4.834361201300933 ], [ 20.645439766942417, 4.858811926440568 ], [ 20.659132173020613, 4.897933086663985 ], [ 20.696297275232862, 4.925317898820377 ], [ 20.751066899545645, 4.940966362909744 ], [ 20.805250016013421, 4.95997436147184 ], [ 20.823441045958965, 4.991823871200186 ], [ 20.825397103970136, 5.048549553524141 ], [ 20.862562206182382, 5.073978307669361 ], [ 20.911463656461653, 5.081802539714045 ], [ 20.938455736194769, 5.118896699546835 ], [ 20.92906817856219, 5.16395697618322 ], [ 20.898695184695963, 5.174898249441679 ], [ 20.899727308394628, 5.20894631044015 ], [ 20.946672700662727, 5.238287180607712 ], [ 20.936892410606873, 5.302837094976351 ], [ 20.977969628841464, 5.338046139177426 ], [ 21.01513473105371, 5.367876023847781 ], [ 20.979925686852635, 5.405041126060027 ], [ 20.96818933878561, 5.446118344294615 ], [ 20.980505137633372, 5.501442114443249 ], [ 21.003398382986685, 5.532184896786132 ], [ 21.046431659232443, 5.557613650931354 ], [ 21.11098157360108, 5.565437882976037 ], [ 21.15792696586918, 5.592822695132429 ], [ 21.193136010070255, 5.637812029389359 ], [ 21.202916300126109, 5.700405885746825 ], [ 21.224432938248988, 5.755175510059609 ], [ 21.265510156483579, 5.770823974148976 ], [ 21.294851026651141, 5.796252728294197 ], [ 21.300719200684654, 5.835373888517614 ], [ 21.31636766477402, 5.890143512830398 ], [ 21.274664584463132, 5.882340885338192 ], [ 21.22834505427133, 5.845154178573468 ], [ 21.191179952059084, 5.790384554260685 ], [ 21.142278501779813, 5.776692148182489 ], [ 21.050343775254785, 5.776692148182489 ], [ 20.974057512819119, 5.761043684093122 ], [ 20.940804526629211, 5.696493769724484 ], [ 20.897771250383453, 5.659328667512238 ], [ 20.841045568059499, 5.661284725523409 ], [ 20.792144117780229, 5.673021073590434 ], [ 20.743242667500958, 5.66519684154575 ], [ 20.746686090153307, 5.622122913142636 ], [ 20.705202065600393, 5.588181438508434 ], [ 20.61414283876368, 5.563481824964867 ], [ 20.515569993097554, 5.558023441040088 ], [ 20.449833965825331, 5.586954521098916 ], [ 20.436141559747135, 5.616295391266479 ], [ 20.496779358093431, 5.633899913367017 ], [ 20.565241388484409, 5.645636261434042 ], [ 20.608274664730168, 5.704318001769168 ], [ 20.598494374674313, 5.759087626081951 ], [ 20.627835244841876, 5.793318641277441 ], [ 20.690429101199346, 5.824615569456174 ], [ 20.780407769713204, 5.844176149567883 ], [ 20.776495653690862, 5.895033657858325 ], [ 20.74911084153447, 5.941979050126426 ], [ 20.792144117780229, 5.996748674439209 ], [ 20.86647432220472, 6.020221370573259 ], [ 20.952540874696236, 6.125848503176485 ], [ 21.019046847076048, 6.094551574997752 ], [ 21.087279359920164, 6.089289598732996 ], [ 21.148146675813322, 6.176706011466927 ], [ 21.218564764215472, 6.231475635779711 ], [ 21.179443603992056, 6.313630072248887 ], [ 21.21465264819313, 6.364487580539328 ], [ 21.202916300126105, 6.446642017008505 ], [ 21.27372176572328, 6.517329306619803 ], [ 21.379317464585245, 6.588983530847565 ], [ 21.432115314016229, 6.638010105319191 ], [ 21.43965786393494, 6.732291979303088 ], [ 21.432115314016229, 6.826573853286985 ], [ 21.405716389300739, 6.879371702717967 ], [ 21.428344039056874, 6.958568476864441 ], [ 21.46605678865043, 7.003823776376711 ], [ 21.5113120881627, 6.996281226458 ], [ 21.538380249041911, 6.945314556231372 ], [ 21.571652487512395, 6.928398277189594 ], [ 21.699875836130495, 6.920855727270882 ], [ 21.790711732482951, 6.908149454019126 ], [ 21.83765712475105, 6.931622150153176 ], [ 21.866997994918616, 6.96291907833191 ], [ 21.915899445197887, 6.935534266175518 ], [ 21.992185707633549, 6.925753976119664 ], [ 22.06455985404687, 6.959006962309569 ], [ 22.125197652393165, 6.949226672253713 ], [ 22.140846116482532, 6.921841860097322 ], [ 22.234736901018735, 6.900325221974443 ], [ 22.264077771186297, 6.937490324186689 ], [ 22.291462583342689, 6.982479658443618 ], [ 22.418606354068793, 6.978567542421277 ], [ 22.487068384459775, 6.957050904298398 ], [ 22.532057718716704, 6.972699368387764 ], [ 22.524233486672021, 7.021600818667035 ], [ 22.586827343029487, 7.080282559002161 ], [ 22.552054331551115, 7.140310026074546 ], [ 22.46795367973683, 7.196377127284067 ], [ 22.477298196605084, 7.252444228493594 ], [ 22.584760140590006, 7.280477779098356 ], [ 22.672893895521007, 7.266108070063392 ], [ 22.823510362381164, 7.293492882219783 ], [ 22.987819235319513, 7.283712592163929 ], [ 23.023028279520588, 7.252415663985196 ], [ 23.00346769940888, 7.213294503761778 ], [ 22.995643467364197, 7.170261227516019 ], [ 23.038676743609958, 7.160480937460165 ], [ 23.109094832012108, 7.176129401549533 ], [ 23.171688688369574, 7.176129401549533 ], [ 23.277315820972799, 7.178085459560704 ], [ 23.326217271252069, 7.172217285527191 ], [ 23.406415649710077, 7.174173343538362 ], [ 23.449127078445834, 7.224738278153775 ], [ 23.467816112182341, 7.308838929968058 ], [ 23.444454820011703, 7.4022840986506 ], [ 23.492482202201597, 7.413301435403998 ], [ 23.576592696681942, 7.364399985124726 ], [ 23.574636638670771, 7.299850070756088 ], [ 23.666571365195804, 7.333103056945993 ], [ 23.703736467408049, 7.378092391202922 ], [ 23.758506091720832, 7.360487869102385 ], [ 23.79958330995542, 7.315498534845455 ], [ 23.836748412167665, 7.276377374622038 ], [ 23.903254384547473, 7.311586418823113 ], [ 23.950199776815577, 7.321366708878967 ], [ 24.024529981240068, 7.34875152103536 ], [ 24.061695083452314, 7.376136333191751 ], [ 24.069519315496997, 7.430905957504535 ], [ 24.087123837597535, 7.481763465794978 ], [ 24.13113514284888, 7.486164596320112 ], [ 24.183948709150492, 7.472472190241916 ], [ 24.234806217440937, 7.464647958197232 ], [ 24.256322855563816, 7.486164596320112 ], [ 24.238718333463279, 7.519417582510016 ], [ 24.185904767161663, 7.542890278644066 ], [ 24.174168419094638, 7.595703844945679 ], [ 24.13113514284888, 7.621132599090901 ], [ 24.127223026826538, 7.683726455448367 ], [ 24.201360686340276, 7.691964121566475 ], [ 24.277839493686695, 7.660253759314317 ], [ 24.345425220118642, 7.661911256784313 ], [ 24.426499902535678, 7.670034049370171 ], [ 24.438236250602703, 7.705243093571247 ], [ 24.451928656680899, 7.742408195783493 ], [ 24.496917990937828, 7.758056659872859 ], [ 24.526258861105394, 7.738496079761151 ], [ 24.624499567110977, 7.741108030930786 ], [ 24.707467616216807, 7.790134605402413 ], [ 24.70817225614428, 7.838255038330864 ], [ 24.649490515809156, 7.857815618442573 ], [ 24.596676949507543, 7.877376198554281 ], [ 24.559511847295298, 7.930189764855895 ], [ 24.552845342883217, 7.997554728166985 ], [ 24.432164544183827, 8.035267477760545 ], [ 24.383137969712202, 8.091836602150883 ], [ 24.377598452256407, 8.144378117079102 ], [ 24.412807496457482, 8.173718987246664 ], [ 24.448016540658557, 8.203059857414228 ], [ 24.493005874915486, 8.20697197343657 ], [ 24.526446418167726, 8.23137377564705 ], [ 24.54190732519476, 8.25587342371584 ], [ 24.53310506414449, 8.316511222062136 ], [ 24.575160311384664, 8.355632382285554 ], [ 24.579244267598707, 8.382224774021285 ], [ 24.557555789284127, 8.410402006598337 ], [ 24.549074067923861, 8.457650273208403 ], [ 24.561467905306468, 8.486688269034001 ], [ 24.598100642395487, 8.502905572720673 ], [ 24.673258788187102, 8.500264830670442 ], [ 24.732622981283914, 8.514073081190393 ], [ 24.760985822445893, 8.549282125391468 ], [ 24.767832025484989, 8.604051749704251 ], [ 24.836294055875971, 8.637304735894157 ], [ 24.862700839026779, 8.664689548050548 ], [ 24.860149125552176, 8.719860977074408 ], [ 24.818689533775434, 8.737063694463869 ], [ 24.773700199518501, 8.770316680653773 ], [ 24.77174414150733, 8.821174188944216 ], [ 24.805975156702821, 8.845135899581058 ], [ 24.822601649797775, 8.875943813256999 ], [ 24.812821359741921, 8.938537669614467 ], [ 24.794238808635797, 8.970323612295992 ], [ 24.741425242334184, 9.00748871450824 ], [ 24.747293416367697, 9.064214396832194 ], [ 24.784458518579942, 9.115071905122635 ], [ 24.835316026870387, 9.118984021144977 ], [ 24.870525071071462, 9.139033615759478 ], [ 24.893997767205512, 9.176198717971724 ], [ 24.935074985440099, 9.197715356094603 ], [ 25.00744913185342, 9.185979008027578 ], [ 25.032877885998641, 9.201627472116945 ], [ 25.034833944009812, 9.240748632340363 ], [ 25.079173904398385, 9.253389289632588 ], [ 25.118944438490161, 9.293562198641975 ], [ 25.105572829113875, 9.328814788819708 ], [ 25.060262698155032, 9.311166720742513 ], [ 25.028965769976299, 9.320947010798367 ], [ 25.023097595942787, 9.346375764943588 ], [ 25.044614234065666, 9.367892403066469 ], [ 25.062218756166203, 9.407013563289885 ], [ 25.025053653953957, 9.426574143401593 ], [ 25.001580957819908, 9.440266549479789 ], [ 25.017229421909274, 9.49112405777023 ], [ 25.050482408099178, 9.53415733401599 ], [ 25.087647510311424, 9.55763003015004 ], [ 25.120900496501331, 9.606531480429311 ], [ 25.168518182204551, 9.626279113295038 ], [ 25.210879165015189, 9.612399654462823 ], [ 25.248044267227435, 9.618267828496336 ], [ 25.273473021372656, 9.655432930708582 ], [ 25.234351861149239, 9.680861684853804 ], [ 25.214791281037531, 9.723894961099562 ], [ 25.159173665336294, 9.738413315714087 ], [ 25.120900496501331, 9.727807077121904 ], [ 25.075911162244399, 9.676949568831462 ], [ 25.021141537931616, 9.631960234574532 ], [ 24.974196145663516, 9.620223886507507 ], [ 24.927250753395416, 9.639784466619215 ], [ 24.8812833901329, 9.625603046038227 ], [ 24.867590984054704, 9.572789479736613 ], [ 24.846074345931825, 9.521931971446172 ], [ 24.797172895652551, 9.490635043267439 ], [ 24.77174414150733, 9.516063797412659 ], [ 24.730666923272743, 9.508239565367976 ], [ 24.701326053105181, 9.473030521166901 ], [ 24.729325889396616, 9.416027483759326 ], [ 24.67589729895996, 9.353710982485479 ], [ 24.607435268568981, 9.349798866463138 ], [ 24.544841412211515, 9.341974634418454 ], [ 24.49398390392107, 9.330238286351429 ], [ 24.484203613865215, 9.224122139245411 ], [ 24.430301349612492, 9.191759078921226 ], [ 24.32967503098272, 9.147835876809747 ], [ 24.162754089274902, 9.000713867355744 ], [ 24.042503899579952, 8.916095831307739 ], [ 23.819568067973513, 8.834777769144084 ], [ 23.785529685702969, 8.649777100562506 ], [ 23.626672898942655, 8.565676448748217 ], [ 23.532951171062464, 8.653756571095002 ], [ 23.382100172688229, 8.649985296135645 ], [ 23.201078974639145, 8.593416171745307 ], [ 23.03137160146813, 8.431251348493003 ], [ 22.95971737724037, 8.412394973696223 ], [ 22.707944449431178, 8.358446593266647 ], [ 22.710058997733256, 8.340472932698979 ], [ 22.655289373420473, 8.254406380207463 ], [ 22.584871285018323, 8.215285219984045 ], [ 22.557486472861932, 8.246582148162778 ], [ 22.549662240817248, 8.297439656453221 ], [ 22.48315626843744, 8.313088120542588 ], [ 22.477540841845421, 8.309077101548288 ], [ 22.373617019811871, 8.234845800095753 ], [ 22.311023163454404, 8.164427711693603 ], [ 22.260165655163963, 8.054888463068036 ], [ 22.148893260978848, 8.016411102963854 ], [ 22.047068837076242, 8.069208952394836 ], [ 21.869818913986514, 8.072980227354194 ], [ 21.715719199384736, 8.028366728823624 ], [ 21.538173378887912, 8.107795122203779 ], [ 21.318473508833932, 8.121559450482508 ], [ 21.207960158619553, 8.223831225728434 ], [ 21.064651710164028, 8.276629075159416 ], [ 20.898715611952369, 8.261543975321993 ], [ 20.791166088774656, 8.297439656453221 ], [ 20.677714724126748, 8.297439656453221 ], [ 20.650329911970353, 8.211373103961703 ], [ 20.579911823568203, 8.211373103961703 ], [ 20.482108923009662, 8.211373103961703 ], [ 20.446899878808587, 8.176164059760628 ], [ 20.54861489538947, 8.140955015559554 ], [ 20.59556028765757, 8.10965808738082 ], [ 20.536878547322445, 8.062712695112719 ], [ 20.415756712469829, 8.030553384061285 ], [ 20.32901738840464, 8.13614908292325 ], [ 20.242278064339455, 8.121063983085826 ], [ 20.10274089084329, 8.155005457720028 ], [ 20.00091646694068, 8.166319282598096 ], [ 19.957546804908091, 8.136149082923248 ], [ 19.937747611371474, 8.093722239630495 ], [ 19.928319423973083, 8.067323314915004 ], [ 19.909463049176306, 8.053181033817419 ], [ 19.853836743525804, 8.041867208939351 ], [ 19.831209093769665, 8.049409758858063 ], [ 19.817066812672085, 8.067323314915004 ], [ 19.825552181330636, 8.090893783410978 ], [ 19.861379293444518, 8.157833913939545 ], [ 19.842522918647738, 8.168204920077773 ], [ 19.80858144401353, 8.163490826378579 ], [ 19.733155944826414, 8.220059950768919 ], [ 19.665272995558009, 8.265315250281189 ], [ 19.569388329716389, 8.325364232929481 ], [ 19.48802307246828, 8.310570549793459 ], [ 19.438996497996655, 8.340740749468306 ], [ 19.45594010884319, 8.396412613678356 ], [ 19.465395422712145, 8.427480073533491 ], [ 19.38996992352503, 8.438793898411559 ], [ 19.26174657490693, 8.548160872232879 ], [ 19.13352322628883, 8.623586371419997 ], [ 19.002528083367405, 8.660925561032945 ], [ 18.835592504499708, 8.766894819875581 ], [ 18.835146216519778, 8.785192627052636 ], [ 18.83370686702003, 8.844205956542378 ], [ 18.786565930028083, 8.872490518737546 ], [ 18.694169693523865, 8.876261793696903 ], [ 18.592345269621255, 8.947916017924664 ], [ 18.584802719702541, 8.998828229875969 ], [ 18.545204332629307, 9.038426616949206 ], [ 18.411324071572171, 9.064825541664696 ], [ 18.343441122303766, 9.145907953290848 ], [ 18.277443810515038, 9.149679228250204 ], [ 18.239130673699243, 9.158454886192793 ], [ 18.208244149565822, 9.165529471918665 ], [ 18.171848111653073, 9.200591440201508 ], [ 18.205789586287278, 9.238304189795066 ], [ 18.251044885799548, 9.257160564591846 ], [ 18.301689318248361, 9.240285606864694 ], [ 18.35852622214119, 9.200591440201508 ], [ 18.405667159133138, 9.183620702884406 ], [ 18.477321383360898, 9.189277615323441 ], [ 18.537661782710593, 9.177963790445373 ], [ 18.573165649596234, 9.136854049840947 ], [ 18.573488894824475, 9.136479765892458 ], [ 18.598002182060288, 9.098767016298899 ], [ 18.677198956206762, 9.098767016298899 ], [ 18.76959519271098, 9.066711179144374 ], [ 18.831821229540353, 9.031826885770338 ], [ 18.843135054418418, 8.95640138658322 ], [ 18.933645653442962, 8.963943936501932 ], [ 19.043012627264282, 8.963943936501932 ], [ 19.080725376857842, 8.918688636989662 ], [ 19.129751951329467, 8.83949186284319 ], [ 19.227805100272718, 8.798007838290275 ], [ 19.303230599459837, 8.828178037965122 ], [ 19.348485898972108, 8.805550388208985 ], [ 19.348485898972108, 8.741438713899935 ], [ 19.356028448890818, 8.681098314550242 ], [ 19.412597573281158, 8.64715683991604 ], [ 19.499336897346343, 8.64715683991604 ], [ 19.586076221411528, 8.567960065769565 ], [ 19.586076221411528, 8.492534566582448 ], [ 19.650187895720578, 8.48122074170438 ], [ 19.744469769704473, 8.556646240891498 ], [ 19.866515680143557, 8.560138059099307 ], [ 20.128162152454671, 8.602188385006441 ], [ 20.306389738648498, 8.530247316176007 ], [ 20.691059784502798, 8.556646240891498 ], [ 20.691059784502798, 8.65469938983475 ], [ 20.947506481738998, 8.699954689347022 ], [ 21.192639354097132, 8.715039789184445 ], [ 21.332176527593298, 8.69241213942831 ], [ 21.391879387475445, 8.689184957813058 ], [ 21.471713701089467, 8.684869589509598 ], [ 21.656506174097903, 8.64715683991604 ], [ 21.79732498805306, 8.67329560138622 ], [ 21.841298647106342, 8.75652381373736 ], [ 21.979543066984011, 8.734034961029868 ], [ 22.082660244505117, 8.771608913574783 ], [ 22.223000552951717, 8.78058598521242 ], [ 22.363836729756017, 8.792322333279445 ], [ 22.414694238046458, 8.862740421681597 ], [ 22.492936558493295, 8.91751004599438 ], [ 22.625948503252911, 8.933158510083747 ], [ 22.715927171766769, 9.019225062575265 ], [ 22.71983928778911, 9.077906802910389 ], [ 22.813730072325313, 9.109203731089123 ], [ 22.856763348571072, 9.187446051535957 ], [ 22.837202768459363, 9.24221567584874 ], [ 22.868499696638096, 9.296985300161523 ], [ 22.946742017084929, 9.320457996295575 ], [ 23.072851540569722, 9.336756299032244 ], [ 23.157996282291382, 9.312633764250892 ], [ 23.240150718760557, 9.359579156518992 ], [ 23.306656691140365, 9.418260896854116 ], [ 23.334041503296756, 9.457382057077535 ], [ 23.166296709252265, 9.514302119529068 ], [ 23.134523586157332, 9.574745537747784 ], [ 23.232326486715873, 9.590394001837151 ], [ 23.337953619319102, 9.574745537747784 ], [ 23.416195939765934, 9.574745537747784 ], [ 23.486614028168084, 9.590394001837151 ], [ 23.47683373811223, 9.632449249077325 ], [ 23.396635359654226, 9.663746177256058 ], [ 23.413926406260988, 9.701192456894139 ], [ 23.449448925955839, 9.708735511512987 ], [ 23.506174608279792, 9.689174931401279 ], [ 23.562900290603746, 9.693087047423621 ], [ 23.5726805806596, 9.728296091624696 ], [ 23.609845682871846, 9.751768787758747 ], [ 23.652878959117608, 9.722427917591183 ], [ 23.735033395586782, 9.734164265658208 ], [ 23.797627251944249, 9.741988497702893 ], [ 23.852396876257032, 9.687218873390108 ], [ 23.897386210513961, 9.679394641345425 ], [ 23.942375544770893, 9.704823395490646 ], [ 23.983452763005481, 9.751768787758747 ], [ 23.950199776815577, 9.788933889970993 ], [ 23.89543015250279, 9.843703514283776 ], [ 23.883693804435765, 9.890648906551878 ], [ 23.813275716033615, 9.892604964563048 ], [ 23.686131945307512, 9.898473138596561 ], [ 23.611801740883017, 9.927814008764123 ], [ 23.5726805806596, 9.978671517054565 ], [ 23.474877680101059, 10.021704793300323 ], [ 23.40445959169891, 10.021704793300323 ], [ 23.349689967386126, 10.035397199378519 ], [ 23.37654833878798, 10.098334423794929 ], [ 23.420108055788276, 10.137112215959403 ], [ 23.459229216011693, 10.156672796071112 ], [ 23.451404983967009, 10.250563580607313 ], [ 23.486614028168084, 10.309245320942438 ], [ 23.54725182651438, 10.320981669009463 ], [ 23.600065392815992, 10.311201378953609 ], [ 23.59615327679365, 10.379663409344589 ], [ 23.619505777362583, 10.467442840090959 ], [ 23.670900620137978, 10.537526716602867 ], [ 23.614833518928453, 10.644988660587783 ], [ 23.460648990602262, 10.785156413611594 ], [ 23.385892855656234, 10.799173188913974 ], [ 23.273758653237188, 10.864584806991749 ], [ 23.161624450818138, 10.906635132898897 ], [ 23.082196057437983, 10.91597964976715 ], [ 23.068179282135596, 10.967374492542545 ], [ 23.114901866476867, 11.018769335317947 ], [ 23.2121570948322, 11.082457644920096 ], [ 23.35923681824708, 11.090000194838808 ], [ 23.547800566214875, 11.116399119554298 ], [ 23.785390888654295, 11.090000194838808 ], [ 23.849502562963345, 11.040973620367181 ], [ 23.864587662800769, 10.973090671098776 ], [ 23.96171433480928, 10.967607200823258 ], [ 24.027125952887058, 10.967607200823258 ], [ 24.106554346267217, 10.864817515272462 ], [ 24.209344031818009, 10.766700088155799 ], [ 24.17383220946795, 10.648761024594171 ], [ 24.21908750898022, 10.622362099878679 ], [ 24.407651256948014, 10.656303574512881 ], [ 24.569816080200319, 10.675159949309661 ], [ 24.599986279875164, 10.720415248821931 ], [ 24.564435672811662, 10.80875041406294 ], [ 24.569816080200319, 10.871266247196166 ], [ 24.671640504102925, 10.961776846220708 ], [ 24.67541177906228, 11.014574695651691 ], [ 24.667869229143569, 11.093771469798163 ], [ 25.029911625241734, 11.203138443619483 ], [ 25.094023299550784, 11.180510793863348 ], [ 25.071395649794649, 11.105085294676231 ], [ 24.890374451745565, 11.037202345407826 ], [ 24.854115695727529, 10.967607200823258 ], [ 24.872804729464036, 10.888178807443103 ], [ 24.872804729464036, 10.701288470078017 ], [ 24.868132471029913, 10.640549110434369 ], [ 24.942888605975941, 10.635876852000242 ], [ 25.101745392736259, 10.691943953209771 ], [ 25.260602179496573, 10.776044605024053 ], [ 25.419458966256894, 10.883506549008976 ], [ 25.564298977714831, 10.981623976125638 ], [ 25.713811247606891, 11.033018818901033 ], [ 25.788567382552923, 11.103102695412941 ], [ 25.80725641628943, 11.20589238096373 ], [ 25.867995775933082, 11.229253673134364 ], [ 25.897304865893584, 11.289877767684668 ], [ 25.950102715324569, 11.327590517278228 ], [ 25.931246340527789, 11.387930916627921 ], [ 25.818108091747114, 11.338904342156296 ], [ 25.765310242316129, 11.410558566384056 ], [ 25.693656018088369, 11.455813865896328 ], [ 25.723826217763214, 11.50861171532731 ], [ 25.799251716950334, 11.497297890449243 ], [ 25.88221976605616, 11.512382990286666 ], [ 25.874677216137449, 11.587808489473783 ], [ 25.931246340527789, 11.633063788986053 ], [ 25.968959090121349, 11.591579764433138 ], [ 26.085868613861379, 11.606664864270563 ], [ 26.127352638414294, 11.584037214514428 ], [ 26.15752283808914, 11.663233988660901 ], [ 26.180150487845275, 11.716031838091883 ], [ 26.293288736625954, 11.689632913376391 ], [ 26.39511316052856, 11.719803113051238 ], [ 26.383799335650494, 11.791457337279001 ], [ 26.251804712073039, 11.802771162157068 ], [ 26.172607937926564, 11.870654111425473 ], [ 26.059469689145889, 11.836712636791271 ], [ 25.968959090121349, 11.885739211262898 ], [ 25.74645386751935, 11.968707260368726 ], [ 25.667257093372879, 11.93853706069388 ], [ 25.527719919876709, 11.998877460043573 ], [ 25.27881577255922, 12.017733834840353 ], [ 25.229789198087595, 12.096930608986826 ], [ 24.839068291556572, 11.982582188070797 ], [ 24.684883763230381, 12.029304772412072 ], [ 24.48864890899705, 12.015287997109692 ], [ 24.294513008167339, 11.98379236020615 ], [ 24.188917309305374, 11.953622160531303 ], [ 24.158747109630525, 11.908366861019033 ], [ 24.234172608817644, 11.885739211262898 ], [ 24.237943883777, 11.836712636791271 ], [ 24.17383220946795, 11.802771162157068 ], [ 24.00789611125629, 11.81031371207578 ], [ 23.85789402038991, 11.795691850705726 ], [ 23.685020458327212, 11.795691850705726 ], [ 23.585513315808434, 11.832941361831915 ], [ 23.48746016686518, 11.802771162157068 ], [ 23.40449211775935, 11.787686062319645 ], [ 23.336609168490945, 11.753744587685441 ], [ 23.242327294507049, 11.723574388010595 ], [ 23.110332670929594, 11.636835063945409 ], [ 23.008508247026985, 11.650034526303157 ], [ 22.876719749223252, 11.632162805511282 ], [ 22.933095921727809, 11.727203654061041 ], [ 23.023593346864409, 11.748087675246412 ], [ 23.07639119629539, 11.782029149880614 ], [ 23.072619921336035, 11.849912099149019 ], [ 23.12164649580766, 11.917795048417425 ], [ 23.234784744588335, 11.95927907297034 ], [ 23.363008093206435, 11.963050347929695 ], [ 23.491231441824535, 12.038475847116814 ], [ 23.589284590767789, 12.151614095897489 ], [ 23.600598415645855, 12.208183220287827 ], [ 23.721279214345245, 12.257209794759454 ], [ 23.81556108832914, 12.272294894596877 ], [ 23.860816387841414, 12.26098106971881 ], [ 23.890986587516259, 12.189326845491049 ], [ 23.924928062150464, 12.159156645816202 ], [ 24.038066310931139, 12.17801302061298 ], [ 24.075779060524699, 12.215725770206539 ], [ 23.985268461500155, 12.321321469068504 ], [ 24.128576909955679, 12.400518243214977 ], [ 24.11726308507761, 12.483486292320807 ], [ 24.113491810118255, 12.630566015735686 ], [ 24.185696552597086, 12.693875551623732 ], [ 24.381931406830414, 12.651825225716598 ], [ 24.334111395240576, 12.582482260003898 ], [ 24.340711126419446, 12.551840650959129 ], [ 24.370881326094295, 12.538641188601384 ], [ 24.406708438208174, 12.563154475837196 ], [ 24.467048837557869, 12.565040113316874 ], [ 24.516075412029497, 12.531098638682671 ], [ 24.556616617842572, 12.54476951041034 ], [ 24.560387892801927, 12.601338634800678 ], [ 24.552845342883217, 12.665450309109728 ], [ 24.704317238785176, 12.754614911267387 ], [ 24.816451441204226, 12.801337495608655 ], [ 24.852661702152009, 12.863913653845829 ], [ 24.928087201339125, 12.85259982896776 ], [ 25.008014037003431, 12.885438147422937 ], [ 25.048768000038514, 12.939339153032947 ], [ 25.18830517353468, 12.943110427992302 ], [ 25.250531210364052, 13.052477401813622 ], [ 25.293900872396645, 13.095847063846215 ], [ 25.344813084347951, 13.060019951732334 ], [ 25.414581671096034, 13.03550666449652 ], [ 25.442866233291202, 13.048706126854267 ], [ 25.437209320852169, 13.097732701325892 ], [ 25.456065695648949, 13.116589076122672 ], [ 25.522063007437676, 13.131674175960095 ], [ 25.5541188445922, 13.158073100675587 ], [ 25.523948644917354, 13.1825863879114 ], [ 25.480578982884762, 13.207099675147212 ], [ 25.412696033616356, 13.180700750431722 ], [ 25.352355634266662, 13.176929475472367 ], [ 25.302366318353428, 13.198479462509445 ], [ 25.180887599066129, 13.226513013114213 ], [ 25.156249336380156, 13.242926787261094 ], [ 25.17493837011666, 13.275632596299982 ], [ 25.25241684784373, 13.293838999212397 ], [ 25.308985972234069, 13.318352286448212 ], [ 25.341041809388592, 13.35606503604177 ], [ 25.395725296299254, 13.36549322344016 ], [ 25.459836970608304, 13.335323023765312 ], [ 25.480578982884762, 13.357950673521447 ], [ 25.474922070445729, 13.397549060594685 ], [ 25.510749182559607, 13.425833622789854 ], [ 25.565432669470269, 13.405091610513397 ], [ 25.635524853015603, 13.416923528115637 ], [ 25.64462944361674, 13.446575635066312 ], [ 25.674799643291589, 13.472974559781802 ], [ 25.808679904348722, 13.406977247993074 ], [ 25.857706478820347, 13.42017671035082 ], [ 25.895419228413907, 13.448461272545989 ], [ 25.916073741411722, 13.47972855068495 ], [ 25.918706450910609, 13.513953774170474 ], [ 25.950298964897247, 13.525800966915464 ], [ 26.013483992870523, 13.542913578658226 ], [ 25.955159525915974, 13.582741539384287 ], [ 25.913441031912836, 13.639007475367585 ], [ 25.912124677163391, 13.706141567589192 ], [ 25.885797582174526, 13.739050436325273 ], [ 25.904226548666731, 13.771959305061356 ], [ 25.955743558220238, 13.767740617955033 ], [ 25.958873971371101, 13.788799760969928 ], [ 25.996371381127759, 13.798615488737584 ], [ 25.980272914999414, 13.835488365249885 ], [ 25.92002280566005, 13.873647709455849 ], [ 25.913441031912836, 13.911821997189705 ], [ 25.958197093393906, 13.921036480435808 ], [ 25.979258769384998, 13.944730865925786 ], [ 25.951615319646688, 13.965792541916878 ], [ 25.831827037447351, 13.968425251415765 ], [ 25.769958364223516, 13.997385055903516 ], [ 25.739147022285668, 14.039137213055223 ], [ 25.686349172854683, 14.06176486281136 ], [ 25.652407698220479, 14.10702016232363 ], [ 25.616603035913375, 14.138564102781309 ], [ 25.641093873342413, 14.182445661510748 ], [ 25.720290647488888, 14.250328610779155 ], [ 25.705205547651463, 14.306897735169493 ], [ 25.607388552667274, 14.29126125371673 ], [ 25.534989041447893, 14.224127161495122 ], [ 25.408948236465065, 14.210775109522613 ], [ 25.25642382748811, 14.220158411104308 ], [ 25.215114837333179, 14.21096361400069 ], [ 25.213798482583737, 14.185952873761268 ], [ 25.263819963062581, 14.151727650275742 ], [ 25.233796177731975, 14.118333987201698 ], [ 25.205900354087078, 14.027990303828075 ], [ 25.14705685366679, 13.990110638583598 ], [ 25.050570493652771, 14.039837496573064 ], [ 24.966035655617706, 14.140961636957833 ], [ 24.958425661191743, 14.209647259251247 ], [ 24.889975214220691, 14.225443516244566 ], [ 24.85311728123628, 14.247821546985101 ], [ 24.861015409732939, 14.269212311663553 ], [ 24.903138761715123, 14.287641278155759 ], [ 24.908404180712896, 14.336346403885161 ], [ 24.85311728123628, 14.34819359663015 ], [ 24.80046309125855, 14.349509951379593 ], [ 24.743859837032488, 14.35214266087848 ], [ 24.693838356553645, 14.342928177632377 ], [ 24.656791108950522, 14.31821156004756 ], [ 24.683307518558099, 14.282375859157986 ], [ 24.668104933828591, 14.239014785901087 ], [ 24.527977658123792, 14.246834280923018 ], [ 24.459527211152743, 14.246834280923018 ], [ 24.402923956926681, 14.281059504408542 ], [ 24.438465535161651, 14.329764630137944 ], [ 24.425301987667218, 14.373204336869572 ], [ 24.402923956926681, 14.402164141357323 ], [ 24.425426981680371, 14.450206183625017 ], [ 24.464792630150516, 14.494308973818352 ], [ 24.531926722372123, 14.525901487804992 ], [ 24.551672043613774, 14.571973904035506 ], [ 24.549039334114884, 14.612780901268247 ], [ 24.619078359356966, 14.617085100576515 ], [ 24.78400865689051, 14.627589892199486 ], [ 24.873665457096937, 14.590016811619927 ], [ 24.906429648588734, 14.601262797210621 ], [ 24.903796939089847, 14.648651568190578 ], [ 24.948553000570918, 14.686825855924434 ], [ 25.002523545298093, 14.689458565423321 ], [ 25.04523242976418, 14.684968049844922 ], [ 25.073606701768028, 14.751656327334514 ], [ 25.116886653991944, 14.77924992382882 ], [ 25.180998328300994, 14.78679247374753 ], [ 25.270807423997727, 14.779243278202069 ], [ 25.270736240004958, 14.779340347283112 ], [ 25.301177103819569, 14.800268441155653 ], [ 25.288535645799517, 14.880331008615999 ], [ 25.296504845385435, 14.887873286795534 ], [ 25.358248251390719, 14.873531797812717 ], [ 25.448758850415263, 14.86976052285336 ], [ 25.479702141971277, 14.962273087245437 ], [ 25.535498174480448, 14.997983871471462 ], [ 25.629780048464344, 15.020611521227597 ], [ 25.716519372529529, 15.054552995861799 ], [ 25.806158119833206, 15.057379717892715 ], [ 25.85881230981094, 15.07975774863325 ], [ 25.787729153341001, 15.113982972118775 ], [ 25.735074963363271, 15.16795351684595 ], [ 25.66267545214389, 15.183749773839269 ], [ 25.608704907416715, 15.187698838087599 ], [ 25.610923673667564, 15.220489094073459 ], [ 25.546811999358514, 15.292143318301221 ], [ 25.607152398708209, 15.352483717650916 ], [ 25.701823264545947, 15.407662037592155 ], [ 25.72322777061828, 15.386468405253531 ], [ 25.790361862839887, 15.395682888499636 ], [ 25.818005312578197, 15.42595904773683 ], [ 25.829852505323185, 15.493093139958436 ], [ 25.871975857305372, 15.511522106450643 ], [ 25.90356837129201, 15.497042204206766 ], [ 25.932528175779762, 15.508889396951757 ], [ 25.939024595131528, 15.548590015537423 ], [ 26.663156210497068, 15.837967408787879 ], [ 27.402040445257548, 16.009172292451893 ], [ 28.231032513525403, 16.13532325936222 ], [ 28.825744214674081, 16.189387959466643 ], [ 29.564628449434561, 16.23444187622033 ], [ 30.015167616971439, 16.261474226272544 ], [ 30.546803834664953, 16.243452659571069 ], [ 30.948284023139191, 16.131840765318316 ], [ 30.978124097312687, 16.173616869161208 ], [ 31.039793583937907, 16.26711576823816 ], [ 31.074428530167772, 16.304957813934383 ], [ 31.133292483014859, 16.316849225193984 ], [ 31.218834028978879, 16.374540035262743 ], [ 31.272546162491171, 16.308891872081052 ], [ 31.349135686203141, 16.294966504133409 ], [ 31.418985617990316, 16.267026531418541 ], [ 31.523202785548531, 16.179584883995897 ], [ 31.475459652134663, 16.153068244838469 ], [ 31.419392550925142, 16.115690177365455 ], [ 31.362066385011655, 16.092053999753645 ], [ 31.300396898386435, 16.074149955249545 ], [ 31.332226310838163, 16.030384513128421 ], [ 31.382014483452128, 16.008228233380532 ], [ 31.449597269253907, 15.966725688224965 ], [ 31.447426101529903, 15.854043705054341 ], [ 31.414720292491015, 15.755926277937679 ], [ 31.386686741886251, 15.718548210464665 ], [ 31.326258296003463, 15.763813183845198 ], [ 31.318300942890531, 15.720047741724072 ], [ 31.33061964067673, 15.653136592386883 ], [ 31.381959767793987, 15.598698106751858 ], [ 31.383949106072219, 15.556922002908964 ], [ 31.353980932847364, 15.522313356231329 ], [ 31.271551493352053, 15.514648564496513 ], [ 31.217839359839765, 15.482819152044785 ], [ 31.243700757456793, 15.456957754427755 ], [ 31.249668772291493, 15.399266944358997 ], [ 31.201924653613901, 15.429107018532493 ], [ 31.167090595482282, 15.447557221285294 ], [ 31.124340460762813, 15.486797828601251 ], [ 31.108425754536949, 15.544985973239566 ], [ 31.080575018641685, 15.544488638670007 ], [ 31.072617665528753, 15.492765843435949 ], [ 31.044766929633493, 15.425128341976027 ], [ 30.973150751617101, 15.486797828601251 ], [ 30.928805415341813, 15.545674648401963 ], [ 30.901534573600713, 15.600190110460533 ], [ 30.917449279826577, 15.67230362304648 ], [ 30.955246707113005, 15.759834507288732 ], [ 30.911481264991881, 15.803599949409858 ], [ 30.903523911878949, 15.883173480539178 ], [ 30.851801116644889, 15.895109510208576 ], [ 30.843843763531957, 15.827472008748654 ], [ 30.808035674523762, 15.753866492454032 ], [ 30.754323541011473, 15.714079726889372 ], [ 30.704590084055646, 15.654399578542382 ], [ 30.630984567761026, 15.62654884264712 ], [ 30.648888612265122, 15.604666121586556 ], [ 30.710558098890345, 15.60665545986479 ], [ 30.751259594844988, 15.559691423704347 ], [ 30.779293145449749, 15.475590771890062 ], [ 30.83068798822514, 15.321406243563871 ], [ 30.830687988225147, 15.16722171523768 ], [ 30.886755089434669, 15.104146226376969 ], [ 30.919460898473559, 15.031726220648004 ], [ 30.919460898473559, 14.933608793531334 ], [ 30.945158319861257, 14.872869433887686 ], [ 30.984852873264646, 14.825975378925769 ], [ 30.989544774985461, 14.704668130259115 ], [ 31.022884208572929, 14.586124923131253 ], [ 31.06026227604594, 14.436612653239182 ], [ 31.106984860387211, 14.315133933951886 ], [ 31.121001635689591, 14.226361023703477 ], [ 31.106984860387211, 14.116562950501491 ], [ 31.008867433270545, 14.072176495377287 ], [ 30.896733230851499, 14.118899079718554 ], [ 30.889598543931317, 14.216108003379913 ], [ 30.887609205653085, 14.345414991465059 ], [ 30.778195600350269, 14.371276389082089 ], [ 30.742387511342073, 14.478700656106671 ], [ 30.694643392664481, 14.486658009219603 ], [ 30.676739348160385, 14.426977860872613 ], [ 30.638941920873958, 14.407084478090283 ], [ 30.563347066301102, 14.341436314908593 ], [ 30.585229787361666, 14.301649549343933 ], [ 30.637422887757449, 14.245050057439984 ], [ 30.662813980212754, 14.164385208145855 ], [ 30.658835303656286, 14.060939617677739 ], [ 30.585229787361666, 13.983355424826652 ], [ 30.547432360075238, 13.91571792336673 ], [ 30.571304419414034, 13.865984466410904 ], [ 30.62497646382845, 13.801536774378512 ], [ 30.670771333325686, 13.749608177134274 ], [ 30.67183120146483, 13.688451920836499 ], [ 30.678728686438618, 13.520834275137478 ], [ 30.712547437168578, 13.496962215798682 ], [ 30.744376849620306, 13.492983539242216 ], [ 30.810025012801997, 13.471100818181652 ], [ 30.811998954488637, 13.431477706959519 ], [ 30.891427347868795, 13.429141577742456 ], [ 30.942822190644193, 13.419797060874203 ], [ 31.039793583937907, 13.404955320430416 ], [ 31.101463070563131, 13.391029952482784 ], [ 31.117377776788995, 13.353232525196358 ], [ 31.013932186320879, 13.259733626119406 ], [ 30.918443948965695, 13.092629210747832 ], [ 30.956241376252123, 12.997140973392648 ], [ 30.948284023139191, 12.895684721202764 ], [ 30.984872516551338, 12.78436991383294 ], [ 31.043275746977923, 12.67924409906508 ], [ 31.065654981554939, 12.620161369667493 ], [ 31.101463070563131, 12.528651808868773 ], [ 31.041782922216143, 12.453056954295919 ], [ 30.936347993469791, 12.425206218400657 ], [ 30.903460360035439, 12.38291416551052 ], [ 30.899287093135332, 12.296110213988314 ], [ 30.896783132995267, 12.213479529366214 ], [ 30.896783132995267, 12.116451073938746 ], [ 30.882594025534907, 12.014623361576158 ], [ 30.830845515973593, 11.858125852822178 ], [ 30.786608886832468, 11.80470803650082 ], [ 30.722340576570836, 11.782172395240247 ], [ 30.700639588690283, 11.733762499199017 ], [ 30.693127708270094, 11.68702190991783 ], [ 30.703978202210369, 11.656139734857044 ], [ 30.727243764210709, 11.624117538577075 ], [ 30.791616807112597, 11.583524890795198 ], [ 30.819971704193161, 11.544426695712991 ], [ 30.8350187828737, 11.432661292356361 ], [ 30.867715822870753, 11.329578161663825 ], [ 30.883428678914928, 11.230675174391227 ], [ 30.926830654676031, 11.224832600731078 ], [ 30.947289354000073, 11.190324482187515 ], [ 30.937342662608909, 11.132633672118757 ], [ 30.872738314132292, 11.09768461911311 ], [ 30.80007832141083, 11.021230728537709 ], [ 30.752334202733238, 10.925742491182525 ], [ 30.676739348160385, 10.89590241700903 ], [ 30.644909935708657, 10.83025425382734 ], [ 30.55538971318817, 10.806382194488544 ], [ 30.539475006962306, 10.716364637398501 ], [ 30.56135772802287, 10.638780444547413 ], [ 30.559368389744638, 10.531356177522831 ], [ 30.505656256232346, 10.483612058845237 ], [ 30.43006140165949, 10.445814631558811 ], [ 30.420114710268326, 10.350326394203625 ], [ 30.498957639402128, 10.284711651575023 ], [ 30.59517647875283, 10.243896796318159 ], [ 30.64093125915219, 10.202120692475265 ], [ 30.533506992127609, 10.160344588632373 ], [ 30.459901475832986, 10.076792380946586 ], [ 30.360434561921338, 10.027058923990761 ], [ 30.193330146549762, 10.005176202930198 ], [ 30.167468748932734, 9.925602671800878 ], [ 30.093863232638114, 9.859954508619188 ], [ 30.101815672501338, 9.747401931650423 ], [ 30.05742921737713, 9.576864498804788 ], [ 30.006332348395862, 9.492921596285196 ], [ 30.093863232638114, 9.427273433103508 ], [ 30.199298161384462, 9.393454682373546 ], [ 30.213223529332094, 9.220382252167274 ], [ 30.31070110496551, 9.176616810046148 ], [ 30.306722428409046, 9.120915338255625 ], [ 30.199298161384462, 9.079139234412731 ], [ 30.125692645089842, 9.015480409509275 ], [ 30.050097790516986, 9.045320483682771 ], [ 29.988428303891762, 9.009512394674575 ], [ 29.954639531826349, 8.857336699949236 ], [ 29.861194363143806, 8.775572177352018 ], [ 29.793446615848968, 8.672782491801222 ], [ 29.643278112618336, 8.659388857705572 ], [ 29.519939139367889, 8.603687385915048 ], [ 29.471060783894206, 8.411136019490108 ], [ 29.515960462811424, 8.329158703518893 ], [ 29.444344284795037, 8.241627819276641 ], [ 29.274825929660874, 8.098094704403607 ], [ 29.174372373327149, 7.992968889635754 ], [ 29.155683339590638, 7.883170816433767 ], [ 29.167363985675959, 7.808414681487732 ], [ 29.086263394713093, 7.769159978196299 ], [ 28.982817804244977, 7.725394536075173 ], [ 28.947009715236781, 7.629906298719988 ], [ 29.134007513390685, 7.514524678582474 ], [ 29.221538397632937, 7.434951147453154 ], [ 29.205623691407073, 7.315590850759173 ], [ 29.181751632068277, 7.184294524395795 ], [ 29.114114130608357, 7.104720993266474 ], [ 29.034540599479033, 7.12859305260527 ], [ 29.050455305704901, 7.212145260291057 ], [ 28.98981816517913, 7.280449478431385 ], [ 28.887329566889793, 7.138539743996436 ], [ 28.765579082163093, 7.16715761590764 ], [ 28.803777359204005, 7.033104815250086 ], [ 28.803777359204005, 6.901808488886707 ], [ 28.742217789992452, 6.772351778223906 ], [ 28.632694267275966, 6.623301129934085 ], [ 28.632419716790473, 6.501360789044546 ], [ 28.660545003171229, 6.436303331780183 ], [ 28.672481032840626, 6.368665830320261 ], [ 28.740118534300549, 6.24930553362628 ], [ 28.877382875498625, 6.127955898654057 ], [ 28.885340228611561, 6.060318397194135 ], [ 28.865446845829229, 6.000638248847145 ], [ 28.937063023845617, 6.000638248847145 ], [ 28.939052362123849, 5.940958100500154 ], [ 29.010668540140237, 5.877299275596698 ], [ 29.110135454051889, 5.887245966987863 ], [ 29.124060821999521, 5.821597803806173 ], [ 29.205623691407073, 5.6544933884346 ], [ 29.283207884258161, 5.674386771216931 ], [ 29.378696121613345, 5.698258830555727 ], [ 29.430418916847405, 5.658472064991067 ], [ 29.410525534065073, 5.616695961148173 ], [ 29.321005311544589, 5.584866548696445 ], [ 29.275250531145229, 5.523197062071223 ], [ 29.266298508893176, 5.449591545776583 ], [ 29.295880414436496, 5.351985214249323 ], [ 29.393616158700087, 5.2456843722577 ], [ 29.335925348631331, 5.144228120067817 ], [ 29.354283644863084, 5.102019388023534 ], [ 29.443056555111497, 5.022590994643372 ], [ 29.515476560840465, 4.870742595534245 ], [ 29.541173982228162, 4.742255488595752 ], [ 29.538837853011099, 4.609096123223138 ], [ 29.484023056926073, 4.552023643425541 ], [ 29.565105468552225, 4.508653981392949 ], [ 29.591504393267716, 4.448313582043255 ], [ 29.595275668227071, 4.344603520660968 ], [ 29.573800013536115, 4.291303648049167 ], [ 29.572648018470936, 4.189981247327376 ], [ 29.6443022426987, 4.140954672855749 ], [ 29.721613379365497, 4.165467960091562 ], [ 29.748012304080987, 4.25032164667707 ], [ 29.853608002942952, 4.274834933912883 ], [ 29.951661151886206, 4.314433320986121 ], [ 29.961597463568655, 4.249253322142026 ], [ 29.972403164162664, 4.16735359757124 ], [ 29.934690414569104, 4.061757898709275 ], [ 29.960577567996502, 4.04909739790056 ], [ 30.06601249674285, 4.150553650090444 ], [ 30.123703306811606, 4.261956593671492 ], [ 30.245820598715966, 4.257864196595782 ], [ 30.385357772212135, 4.272949296433206 ], [ 30.45324072148054, 4.357802983018713 ], [ 30.648419453385312, 4.324009457088054 ], [ 30.632376282049943, 4.229579634400612 ], [ 30.751171443269655, 4.227222587551016 ], [ 30.793259464843249, 4.272614614312653 ], [ 31.036216903417849, 4.281959131180913 ], [ 31.105671289449109, 4.229579634400612 ], [ 31.116985114327179, 4.161696685132206 ], [ 31.135841489123958, 4.071186086107665 ], [ 31.215038263270433, 3.993874949440869 ], [ 31.29484317403621, 3.983374189614129 ], [ 31.318204466206844, 3.805828369117305 ], [ 31.292507044819143, 3.588568351930417 ], [ 31.270664568920932, 3.452696992773298 ], [ 31.29484317403621, 3.352619301006992 ], [ 31.224759297524304, 3.21712380641731 ], [ 31.066072902375872, 3.164665867752491 ], [ 31.040616796400222, 3.049170572122217 ], [ 31.011389415465214, 3.023243056776645 ], [ 30.968962572172458, 3.007686547569302 ], [ 30.882223248107273, 3.011457822528658 ], [ 30.855650881228275, 3.039577985920492 ], [ 30.841682042294199, 3.109982380841831 ], [ 30.779456005464827, 3.130724393118288 ], [ 30.653118294326401, 3.155237680354101 ], [ 30.570150245220571, 3.147695130435389 ], [ 30.443812534082149, 3.179750967589915 ], [ 30.313703547984371, 3.191064792467982 ], [ 30.251477511154999, 3.2664902916551 ], [ 30.217536036520794, 3.357000890679642 ], [ 30.242049323756611, 3.419226927509014 ], [ 30.220223734187009, 3.48344253716255 ], [ 30.196794024244337, 3.590819938159707 ], [ 30.164156632977488, 3.604921256449846 ], [ 30.159484374543361, 3.693694166698255 ], [ 30.187517925148121, 3.763778043210164 ], [ 30.187517925148121, 3.810500627551431 ], [ 30.179823286927238, 3.903835759786247 ], [ 30.059142488227849, 3.802011335883638 ], [ 30.036514838471714, 3.683216174663927 ], [ 29.968631889203305, 3.590819938159707 ], [ 29.987488264000085, 3.439968939785472 ], [ 30.074227588065273, 3.347572703281252 ], [ 30.051599938309135, 3.264604654175423 ], [ 30.070711464294948, 3.128350896168901 ], [ 30.141167718593838, 2.975630710414777 ], [ 30.290307610698914, 2.824654097950646 ], [ 30.327845829081955, 2.69655636342244 ], [ 30.405156965748752, 2.630559051633712 ], [ 30.477197948063992, 2.670469569624463 ], [ 30.575315375180658, 2.661125052756208 ], [ 30.654743768560813, 2.591041176244307 ], [ 30.762205712545736, 2.516285041298265 ], [ 30.840739223554358, 2.457080403503341 ], [ 31.016103509164406, 2.436338391226883 ], [ 31.084591544500494, 2.464890198522877 ], [ 31.145330904144142, 2.488251490693503 ], [ 31.285498657167953, 2.422839872615729 ], [ 31.463044477664774, 2.385461805142721 ], [ 31.540839305510769, 2.332802980121374 ], [ 31.719025336584682, 2.228580961946065 ], [ 31.984623382902406, 2.379870988329578 ], [ 32.021605389351706, 2.349612983052876 ], [ 32.035053391696913, 2.228580961946065 ], [ 31.887125365899696, 2.124358943770757 ], [ 31.883547736736197, 2.025697905714946 ], [ 31.937278708728659, 1.915899832512959 ], [ 31.9325879776016, 1.80952514740175 ], [ 31.879170161280239, 1.719382582359459 ], [ 31.875831547760153, 1.652610311957761 ], [ 31.927934191860402, 1.598186258992325 ], [ 31.934942579511599, 1.4977327026586 ], [ 31.900573368244899, 1.414976820061398 ], [ 31.856867360622996, 1.357822810094293 ], [ 31.832152893960806, 1.208052679742733 ], [ 31.777342448917651, 1.19188164618605 ], [ 31.730601859636465, 1.088384627063419 ], [ 31.687199883875362, 1.014935129621552 ], [ 31.706001916239373, 0.939397819780422 ], [ 31.570506421649696, 0.824927488144316 ], [ 31.486883072670267, 0.848004453617309 ], [ 31.410094961708317, 0.904760883458752 ], [ 31.319952396666025, 0.807941091376291 ], [ 31.199762309942969, 0.734491593934424 ], [ 31.119635585460934, 0.677735164092981 ], [ 31.10961974490068, 0.610962893691284 ], [ 31.082910836739998, 0.530836169209247 ], [ 30.956043522976774, 0.504127261048568 ], [ 30.922657387775928, 0.44403221768704 ], [ 30.932673228336181, 0.370582720245173 ], [ 30.835082311115325, 0.295668442422491 ], [ 30.69897028193024, 0.220345111841355 ], [ 30.638142148089145, 0.280301622185054 ], [ 30.557454134017938, 0.313921628048056 ], [ 30.520472127568635, 0.250043616908351 ], [ 30.520472127568635, 0.165993602250844 ], [ 30.427784615504887, 0.131328185386654 ], [ 30.389354104702925, 0.024789577626232 ], [ 30.436422112911128, -0.035726432927173 ], [ 30.427784615504887, -0.111629253187946 ], [ 30.43245687393901, -0.214418938738735 ], [ 30.369875566258845, -0.296318238021538 ], [ 30.276635671639504, -0.322179585172436 ], [ 30.171814447989533, -0.302419421859205 ], [ 30.101730571477628, -0.222991028479043 ], [ 30.080050050763298, -0.052536435858674 ], [ 30.016172039623591, 0.031513578798833 ], [ 29.990316720219603, 0.182530193641814 ], [ 29.854550821682789, 0.33338119201605 ], [ 29.779125322495673, 0.212700393316662 ], [ 29.895140018516781, 0.12228759462894 ], [ 29.869635921520214, -0.126714353025369 ], [ 29.932122024966084, -0.207188462828487 ], [ 29.975231620382178, -0.405788700017706 ], [ 30.080827319244143, -0.405788700017706 ], [ 30.186423018106108, -0.586809898066789 ], [ 30.193170333637383, -0.649363710140752 ], [ 30.203186174197636, -0.699442912942025 ], [ 30.286651512199761, -0.722813207582619 ], [ 30.390148531322389, -0.70278152646211 ], [ 30.461494470905404, -0.666855579721108 ], [ 30.583788115487312, -0.71613598054245 ], [ 30.623890913391392, -0.767831096115872 ], [ 30.419444144998259, -0.839729141783798 ], [ 30.223209290764931, -0.825712366481418 ], [ 30.153125414253026, -0.788334299008404 ], [ 30.036255498193395, -0.672734004781346 ], [ 29.969483227791699, -0.669395391261261 ], [ 29.899372343869913, -0.595945893819394 ], [ 29.85597036810881, -0.629332029020243 ], [ 29.879340662749406, -0.699442912942025 ], [ 29.937518870788619, -0.805543845709431 ], [ 29.997859270138314, -0.911139544571396 ], [ 30.088369869162857, -0.963937394002379 ], [ 30.181916927950525, -1.005875248522734 ], [ 30.232553807633181, -1.038300125234193 ], [ 30.273297058119422, -1.0800448542317 ], [ 30.353423782601457, -1.076706240711615 ], [ 30.515225442897929, -1.099039484877877 ], [ 30.582973190192707, -1.099039484877842 ], [ 30.670592067009519, -1.153494351673567 ], [ 30.757396018531725, -1.216928008555179 ], [ 30.907633626935546, -1.19689632743467 ], [ 30.989763306042573, -1.201708348755552 ], [ 31.074564302939788, -1.213589395035094 ], [ 31.106569766895749, -1.302161905089277 ], [ 31.309813008780271, -1.229741899360312 ], [ 31.365880109989796, -1.253103191530939 ], [ 31.534081413618374, -1.36990965238413 ], [ 31.538631582231584, -1.499040851002351 ], [ 31.598726625593113, -1.605876483645066 ], [ 31.712239485275997, -1.592522029564727 ], [ 31.779011755677693, -1.665971527006594 ], [ 31.839106799039222, -1.732743797408291 ], [ 31.996634998596942, -1.748362585548406 ], [ 32.039423610244313, -1.866288338211685 ], [ 32.108769201015988, -1.860496787967455 ], [ 32.202214369698524, -1.883858080138082 ], [ 32.342382122722341, -1.879185821703955 ], [ 32.423364165054075, -1.923044768053128 ], [ 32.516845343616453, -1.906351700452704 ], [ 32.566650527560427, -1.837135495796814 ], [ 32.680437406100609, -1.862949724691601 ], [ 32.743871062982222, -1.76612993260914 ], [ 32.896327897843484, -1.678853072998595 ], [ 32.970896782347992, -1.682664594607018 ], [ 33.037669052749685, -1.652617072926254 ], [ 33.127604690332767, -1.557374353711292 ], [ 33.258427926488331, -1.456920797377552 ], [ 33.301135898421968, -1.424021966836352 ], [ 33.314495027697852, -1.288719493748995 ], [ 33.351873095170866, -1.197610454283516 ], [ 33.421956971682768, -1.150887869942255 ], [ 33.396259550295063, -1.029409150654945 ], [ 33.452326651504585, -0.93596398197241 ], [ 33.452326651504585, -0.83784655485574 ], [ 33.513066011148247, -0.714031706351374 ], [ 33.727989899118079, -0.56218330724226 ], [ 33.821435067800628, -0.515460722900994 ], [ 34.014143557561773, -0.473718496607425 ], [ 33.928897011785544, -0.66730912201012 ], [ 33.818037259675258, -0.756564118559117 ], [ 33.787867060000416, -0.831989617746235 ], [ 33.885920208943666, -0.930042766689488 ], [ 33.976430807968207, -0.986611891079827 ], [ 33.987300242212136, -1.069123347345044 ], [ 33.910207978049037, -1.146215611508129 ], [ 33.704899010894586, -1.190260738885045 ], [ 33.681267314776811, -1.382164662431538 ], [ 33.56536183739842, -1.427851061324467 ], [ 33.512563987967432, -1.495734010592873 ], [ 33.55781928747971, -1.695611583438736 ], [ 33.452223588617734, -1.759723257747786 ], [ 33.368272901158853, -1.78146125377802 ], [ 33.3589283842906, -1.884250939328809 ], [ 33.433367213820965, -1.914345531081378 ], [ 33.429595938861603, -2.012398680024631 ], [ 33.493707613170649, -2.019941229943343 ], [ 33.552827109306868, -1.954334815840718 ], [ 33.61123033973346, -1.998721270964922 ], [ 33.718692283718376, -2.029090950786748 ], [ 33.723364542152503, -2.113191602601029 ], [ 33.798120677098531, -2.173930962244684 ], [ 33.816809710835038, -2.234670321888332 ], [ 33.774759384927897, -2.272048389361347 ], [ 33.784103901796151, -2.314098715268488 ], [ 33.849515519873925, -2.370165816478016 ], [ 33.896238104215193, -2.440249692989918 ], [ 33.970994239161236, -2.519678086370073 ], [ 33.959313593075912, -2.613123255052622 ], [ 33.891565845781066, -2.720585199037545 ], [ 33.840171003005672, -2.776652300247074 ], [ 33.77008712649377, -2.89813101953437 ], [ 33.660289053291784, -3.014937480387539 ], [ 33.641600019555277, -3.16211362106254 ], [ 33.576188401477502, -3.274247823481589 ], [ 33.487415491229093, -3.353676216861745 ], [ 33.391634193329487, -3.472818806931977 ], [ 33.323886446034642, -3.542902683443894 ], [ 33.284172249344572, -3.622331076824041 ], [ 33.190727080662036, -3.659709144297063 ], [ 33.125315462584247, -3.697087211770084 ], [ 33.097281911979501, -3.753154312979598 ], [ 33.097281911979501, -3.809221414189119 ], [ 33.055231586072345, -3.865288515398648 ], [ 32.94776964208743, -3.902666582871669 ], [ 32.863668990273148, -3.893322066003408 ], [ 32.675679080758847, -3.899102968596971 ], [ 32.535511327735044, -3.880413934860464 ], [ 32.470099709657269, -3.824346833650942 ], [ 32.414032608447748, -3.74024618183666 ], [ 32.37665454097472, -3.562700361339838 ], [ 32.37665454097472, -3.408515833013646 ], [ 32.152386136136634, -3.268348079989843 ], [ 32.037623788348384, -3.23827041632012 ], [ 31.91380893984401, -3.217245253366556 ], [ 31.857741838634485, -3.245278803971318 ], [ 31.782985703688457, -3.334051714219726 ], [ 31.638145692230523, -3.380774298560993 ], [ 31.474616647036076, -3.418152366034015 ], [ 31.362482444617029, -3.408807849165762 ], [ 31.236331466895603, -3.48356398411179 ], [ 31.072802421701162, -3.511597534716551 ], [ 31.012063062057507, -3.628403995569727 ], [ 30.960668219282113, -3.665782063042748 ], [ 30.811155949390049, -3.689143355213375 ], [ 30.652299162629731, -3.773244007027666 ], [ 30.536060733195818, -3.865369102693684 ], [ 30.411677853272192, -3.836319495888375 ], [ 30.319587858537393, -3.861400781603268 ], [ 30.242721473396852, -3.842184185318132 ], [ 30.185071684541445, -3.742898437844931 ], [ 30.199090094519413, -3.63774851243798 ], [ 30.037744446355404, -3.640409924324207 ], [ 29.906431038406975, -3.579557369421277 ], [ 29.749495502078368, -3.489879920090644 ], [ 29.650209754605168, -3.422621833092669 ], [ 29.589357199702238, -3.518704814518348 ], [ 29.474057621991424, -3.589165667563845 ], [ 29.371569108470702, -3.653220988514298 ], [ 29.34594698009052, -3.755709502035022 ], [ 29.249863998664839, -3.781331630415202 ], [ 29.221039104237136, -3.838981419270609 ], [ 29.227444636332184, -3.915847804411152 ], [ 29.13776718700155, -3.983105891409127 ], [ 29.166592081429254, -4.098405469119941 ], [ 29.195416975856958, -4.159258024022871 ], [ 29.124956122811458, -4.194488450545619 ], [ 29.057698035813484, -4.184880152403052 ], [ 29.016062077195691, -4.277760367781207 ], [ 28.91997909577001, -4.335410156636614 ], [ 28.878343137152218, -4.434695904109815 ], [ 28.987237182767988, -4.514765055297881 ], [ 29.076914632098621, -4.54999548182063 ], [ 29.057698035813484, -4.626861866961172 ], [ 29.08972569628871, -4.742161444671987 ], [ 29.02887314138578, -4.835041660050142 ], [ 29.05129250371844, -4.927921875428298 ], [ 29.099333994431277, -4.975963366141137 ], [ 29.169794847476776, -4.963152301951046 ], [ 29.221039104237136, -5.041620070115351 ], [ 29.272283360997498, -5.131297519445984 ], [ 29.29790548937768, -5.227380500871663 ], [ 29.278688893092543, -5.281827523679548 ], [ 29.23705293447475, -5.368302206962658 ], [ 29.352352512185565, -5.41954646372302 ], [ 29.339541447995472, -5.522034977243743 ], [ 29.329933149852906, -5.59249583028924 ], [ 29.249863998664839, -5.595698596336764 ], [ 29.217836338189613, -5.704592641952532 ], [ 29.172997613524299, -5.803878389425734 ], [ 29.025670375338258, -5.887150306661321 ], [ 28.961615054387806, -5.967219457849387 ], [ 28.894356967389832, -6.044085842989929 ], [ 28.80628090108296, -6.109742546964143 ], [ 28.82870026341562, -6.215433826532389 ], [ 28.787064304797823, -6.266678083292751 ], [ 28.735820048037464, -6.346747234480817 ], [ 28.65895366289692, -6.385180427051088 ], [ 28.633331534516739, -6.452438514049063 ], [ 28.678170259182057, -6.478060642429244 ], [ 28.783861538750301, -6.452438514049063 ], [ 28.882489509233412, -6.471356493585624 ], [ 28.971971222694709, -6.390152746452301 ], [ 29.156525430842724, -6.334085645242773 ], [ 29.197018358880719, -6.247461487007616 ], [ 29.200221124928241, -6.132161909296801 ], [ 29.251465381688604, -6.096931482774052 ], [ 29.337529995180418, -6.101199923292688 ], [ 29.38277878963703, -6.141770207439369 ], [ 29.472456238967663, -6.061701056251304 ], [ 29.667824967866544, -5.972023606920671 ], [ 29.8239049453517, -5.996891694162693 ], [ 29.888815825145603, -6.144972973486892 ], [ 30.071373489854391, -6.151378505581937 ], [ 30.191430674001843, -6.240640476560245 ], [ 30.261514550513752, -6.3387579036769 ], [ 30.205889663850343, -6.439627449858972 ], [ 30.234714558278046, -6.551724261522264 ], [ 30.266742218753272, -6.628590646662807 ], [ 30.276350516895839, -6.71826809599344 ], [ 30.247525622468135, -6.820756609514164 ], [ 30.321189241561157, -6.87840639836957 ], [ 30.337203071798768, -7.035341934698178 ], [ 30.111903639400527, -7.366568854512545 ], [ 29.732166188207419, -7.627172987684286 ], [ 29.248187083745613, -7.872885456103356 ], [ 28.881545903199747, -8.0193918027995 ], [ 28.827098880391862, -8.029000100942067 ], [ 28.429145522348712, -7.984572941748389 ], [ 28.019624741650262, -8.021802103630066 ], [ 27.640474059784729, -8.051419463274726 ], [ 27.5796215048818, -8.064230527464817 ], [ 27.215474845006032, -8.185610415909446 ], [ 26.820845729060252, -8.245177074920131 ], [ 26.48594609153967, -8.276418033920073 ], [ 26.408962167544264, -8.287739199213515 ], [ 25.979466670534343, -8.408985387199509 ], [ 25.659295878351919, -8.431322884328516 ], [ 25.34063014203717, -8.426935005279526 ], [ 25.452294420689594, -8.327351752144761 ], [ 25.456065695648949, -8.255697527916999 ], [ 25.38064019646183, -8.308495377347981 ], [ 25.327842347030849, -8.316037927266693 ], [ 25.27881577255922, -8.361293226778963 ], [ 25.25241684784373, -8.289639002551203 ], [ 25.282587047518579, -8.214213503364084 ], [ 25.359319175773678, -8.223691763395012 ], [ 25.433438045892814, -8.187814578648593 ], [ 25.437209320852169, -8.108617804502121 ], [ 25.523948644917354, -8.055819955071138 ], [ 25.53526246979542, -7.984165730843376 ], [ 25.53526246979542, -7.886112581900123 ], [ 25.572975219388979, -7.80691580775365 ], [ 25.64462944361674, -7.791830707916227 ], [ 25.723799740531732, -7.786853498578077 ], [ 25.769081517275485, -7.772974333119447 ], [ 25.779866841741253, -7.702752846763789 ], [ 25.77285279223484, -7.648522259460703 ], [ 25.697427293047724, -7.599495684989077 ], [ 25.716283667844504, -7.52407018580196 ], [ 25.787937892072264, -7.501442536045825 ], [ 25.806794266869044, -7.437330861736775 ], [ 25.916161240690364, -7.316650063037386 ], [ 25.98404418995877, -7.244995838809625 ], [ 25.938788890446499, -7.226139464012845 ], [ 25.72759749272257, -7.343048987752877 ], [ 25.663060380888076, -7.469139925057442 ], [ 25.599984892027365, -7.476148312708633 ], [ 25.550347569632844, -7.467501061411621 ], [ 25.52174228933027, -7.551192032288161 ], [ 25.508863545079929, -7.618352059785856 ], [ 25.399496571258609, -7.671149909216838 ], [ 25.310809134080372, -7.693944079572475 ], [ 25.263730672721799, -7.810687082713006 ], [ 25.188540548911195, -7.809419965565585 ], [ 25.229296743967588, -7.716586410159359 ], [ 25.245146375378408, -7.610167456401003 ], [ 25.342508396902009, -7.54224046464035 ], [ 25.353829562195454, -7.449406909234123 ], [ 25.414280345345347, -7.427377183783801 ], [ 25.489683545716758, -7.388272616649536 ], [ 25.486700351074315, -7.322251369015942 ], [ 25.519406160113206, -7.242822975635779 ], [ 25.510061643244953, -7.186755874426265 ], [ 25.465675188120748, -7.196100391294512 ], [ 25.374207659723648, -7.297703294301998 ], [ 25.317601833256436, -7.29543906124331 ], [ 25.322130299373814, -7.2388332347761 ], [ 25.251939074554471, -7.2388332347761 ], [ 25.220239811732835, -7.318081391830194 ], [ 25.15457705303087, -7.503748502642646 ], [ 25.068536196800711, -7.521862367112154 ], [ 25.018723069509566, -7.596582058048872 ], [ 24.922463012182813, -7.602281391656122 ], [ 24.855698289283996, -7.709793710983294 ], [ 24.728901237997444, -7.811684198624273 ], [ 24.66323847929548, -7.793570334154766 ], [ 24.896454484340389, -7.426764578647239 ], [ 24.89192601822301, -7.358837586886586 ], [ 24.916832581868583, -7.272796730656426 ], [ 24.928153747162028, -7.166377776898069 ], [ 24.992546888694715, -7.095341351553346 ], [ 25.041365400096449, -7.091658085961351 ], [ 25.084385828211527, -6.951275636322668 ], [ 25.034597214601856, -6.875745205149381 ], [ 25.016458836450877, -6.826742818094804 ], [ 25.041365400096449, -6.747494661040709 ], [ 25.097971226563658, -6.699945766808251 ], [ 25.15457705303087, -6.65918957175186 ], [ 25.147784353854806, -6.618433376695468 ], [ 25.002873438098746, -6.607112211402026 ], [ 24.894190251281699, -6.699945766808251 ], [ 24.924799141399873, -6.784636165683908 ], [ 24.887397552105636, -6.862970547033819 ], [ 24.814942094227604, -6.887877110679391 ], [ 24.765128966936459, -6.996560297496437 ], [ 24.625774601615749, -7.074316188599775 ], [ 24.595404921793921, -7.12103877294105 ], [ 24.583990322241384, -7.166377776898069 ], [ 24.599839953652204, -7.23656900171741 ], [ 24.538705661067617, -7.29543906124331 ], [ 24.46172173707221, -7.288646362067245 ], [ 24.40058744448762, -7.390536849708225 ], [ 24.32251618623383, -7.45025625628366 ], [ 24.232955393418564, -7.483022399996561 ], [ 24.274459175454908, -7.406568064666458 ], [ 24.254799489227167, -7.338851367659795 ], [ 24.328132461626872, -7.251721620828481 ], [ 24.383679654497911, -7.153176553286688 ], [ 24.466687218570595, -7.105119542507766 ], [ 24.477609266474897, -6.995899063464761 ], [ 24.497268952702637, -6.939104414362399 ], [ 24.510375410187798, -6.901969451487777 ], [ 24.499453362283496, -6.832068344900255 ], [ 24.515022798991946, -6.700395125601493 ], [ 24.451947310131235, -6.667689316562613 ], [ 24.403339340725651, -6.781826924540472 ], [ 24.239508622161146, -6.823330706576814 ], [ 24.213295707190824, -6.919444728134658 ], [ 24.215480116771683, -6.97842378681788 ], [ 24.171791925154483, -7.009005520949922 ], [ 24.12810373353728, -7.002452292207342 ], [ 24.08441554192008, -6.94128882394326 ], [ 23.940335011594332, -7.036797732858649 ], [ 23.817917573055148, -7.024296388015943 ], [ 23.728356780239885, -7.096381904184326 ], [ 23.658455673652362, -7.150992143705827 ], [ 23.662335634763778, -7.235368716309044 ], [ 23.543774170657208, -7.253659394006253 ], [ 23.437830305985493, -7.391277197600437 ], [ 23.354901618561438, -7.423041638533938 ], [ 23.241474893512429, -7.436488382150384 ], [ 23.224078382405885, -7.50714229034822 ], [ 23.135305472157473, -7.549192616255368 ], [ 22.974112556180089, -7.567881649991875 ], [ 22.875995129063426, -7.633293268069657 ], [ 22.794230606466201, -7.630957138852595 ], [ 22.66107124109358, -7.661326818674418 ], [ 22.49042625536838, -7.731943550034344 ], [ 22.407154338132791, -7.735146316081867 ], [ 22.327085186944728, -7.802404403079842 ], [ 22.24381326970914, -7.853648659840204 ], [ 22.176555182711166, -7.783187806794706 ], [ 22.054850072905307, -7.773579508652138 ], [ 21.964904734408663, -7.680015852410918 ], [ 21.84809827355549, -7.621612621984319 ], [ 21.763398362580748, -7.64226610070371 ], [ 21.673720913250115, -7.680699293273982 ], [ 21.571232399729389, -7.632657802561143 ], [ 21.497568780636371, -7.517358224850329 ], [ 21.446324523876008, -7.453302903899877 ], [ 21.483662115693591, -7.366974537324403 ], [ 21.447925906899773, -7.320388112927692 ], [ 21.39668165013941, -7.265941090119806 ], [ 21.299107907545576, -7.355293891239086 ], [ 21.278179306381073, -7.320388112927692 ], [ 21.22693504962071, -7.301171516642555 ], [ 21.172488026812825, -7.281954920357419 ], [ 21.076405045387148, -7.291563218499988 ], [ 20.999538660246607, -7.329996411070259 ], [ 20.929077807201107, -7.374835135735576 ], [ 20.884239082535792, -7.442093222733551 ], [ 20.784953335062589, -7.448498754828596 ], [ 20.647234395019119, -7.422876626448415 ], [ 20.557556945688486, -7.371632369688053 ], [ 20.480690560547941, -7.387646199925666 ], [ 20.480690560547941, -7.442093222733551 ], [ 20.320552258171812, -7.451701520876118 ], [ 20.294930129791631, -7.410065562258325 ], [ 20.368593748884653, -7.34280747526035 ], [ 20.30774119398172, -7.313982580832646 ], [ 20.259699703268883, -7.352415773402917 ], [ 20.121980763225409, -7.339604709212827 ], [ 20.045114378084868, -7.349213007355394 ], [ 20.006681185514594, -7.42928215854346 ], [ 19.897787139898828, -7.397254498068234 ], [ 19.878570543613691, -7.304374282690078 ], [ 19.760068199855354, -7.214696833359445 ], [ 19.66557284566148, -7.153988272091577 ], [ 19.68192575018092, -7.023165035936021 ], [ 19.628194778188462, -6.960089547075309 ], [ 19.646883811924969, -6.8713166368269 ], [ 19.602497356800765, -6.831602440136816 ], [ 19.54643025559124, -6.85729986152452 ], [ 19.490363154381715, -6.836274698570943 ], [ 19.41327089021862, -6.836274698570943 ], [ 19.359539918226162, -6.873652766043964 ], [ 19.261422491109496, -6.887669541346344 ], [ 19.144616030256323, -6.880661153695147 ], [ 19.006784406449576, -6.833938569353879 ], [ 18.890517217952969, -6.775917884848847 ], [ 18.77842040628968, -6.782323416943892 ], [ 18.730378915576839, -6.743890224373621 ], [ 18.634295934151162, -6.663821073185556 ], [ 18.541415718773006, -6.651010008995465 ], [ 18.448535503394851, -6.564535325712354 ], [ 18.378074650349351, -6.494074472666857 ], [ 18.214733581925699, -6.506885536856947 ], [ 18.118868323265485, -6.540196478102479 ], [ 18.089825706072318, -6.590157454092536 ], [ 18.019364853026818, -6.625387880615284 ], [ 17.900862509268482, -6.580549155949967 ], [ 17.79837399574776, -6.558129793617309 ], [ 17.766346335272534, -6.609374050377671 ], [ 17.62862739522906, -6.58375192199749 ], [ 17.554963776136042, -6.535710431284651 ], [ 17.436461432377705, -6.567738091759877 ], [ 17.301945258381753, -6.58375192199749 ], [ 17.27312036395405, -6.667023839233078 ], [ 17.202659510908553, -6.711862563898395 ], [ 17.141806956005624, -6.708659797850872 ], [ 17.122590359720487, -6.654212775042987 ], [ 17.116184827625442, -6.602968518282625 ], [ 17.154618020195713, -6.532507665237128 ], [ 17.039318442484898, -6.490871706619334 ], [ 16.966160416330709, -6.418157091169232 ], [ 16.773488860540521, -6.426816385668882 ], [ 16.7302113654073, -6.336392568572006 ], [ 16.592379741600553, -6.341064827006133 ], [ 16.49048925395957, -6.438426848529736 ], [ 16.266187380692919, -6.481061454706206 ], [ 16.205448021049271, -6.417985965845493 ], [ 16.123683498452046, -6.401633061326049 ], [ 16.095649947847285, -6.331549184814148 ], [ 16.013885425250059, -6.303515634209387 ], [ 15.908759610482207, -6.340893701682401 ], [ 15.759141976003207, -6.3721980315631 ], [ 15.650458789186162, -6.417482692736868 ], [ 15.564417932956001, -6.422011158854245 ], [ 15.480641309784529, -6.410689993560803 ], [ 15.487649697435719, -6.319580954095317 ], [ 15.550725186296434, -6.235480302281042 ], [ 15.604456158288892, -6.177077071854449 ], [ 15.646506484196037, -6.104657066125484 ], [ 15.743292344592387, -6.073319267816226 ], [ 15.833861666939924, -5.975957246292623 ], [ 15.942544853756971, -5.978221479351312 ], [ 16.055756506691392, -5.896709089238528 ], [ 16.076134604219586, -5.810668233008368 ], [ 16.158731703819274, -5.57920263566987 ], [ 16.135259007685224, -5.549861765502308 ], [ 16.086357557405954, -5.514652721301232 ], [ 16.0765772673501, -5.467707329033132 ], [ 16.10200602149532, -5.422717994776202 ], [ 16.182204399953324, -5.403157414664494 ], [ 16.180248341942153, -5.352299906374052 ], [ 16.209441530702108, -5.310221652182535 ], [ 16.319239603904094, -5.314893910616663 ], [ 16.405195013226802, -5.30339845609478 ], [ 16.463876753561927, -5.305354514105951 ], [ 16.522558493897051, -5.32491509421766 ], [ 16.579284176221009, -5.315134804161806 ], [ 16.641878032578475, -5.301442398083609 ], [ 16.587108408265692, -5.25645306382668 ], [ 16.526470609919397, -5.242760657748485 ], [ 16.481481275662464, -5.215375845592092 ], [ 16.466415744579095, -5.139684219336901 ], [ 16.389323480415996, -5.039230663003175 ], [ 16.386987351198933, -4.966810657274204 ], [ 16.457071227710841, -4.938777106669443 ], [ 16.54584413795925, -4.927096460584126 ], [ 16.576213817781074, -4.875701617808732 ], [ 16.641625435858849, -4.852340325638091 ], [ 16.743593049159358, -4.842746794464046 ], [ 16.784670267393945, -4.813405924296483 ], [ 16.782714209382775, -4.764504474017212 ], [ 16.774889977338091, -4.721471197771454 ], [ 16.855088355796099, -4.656921283402816 ], [ 16.919638270164736, -4.654965225391645 ], [ 16.950935198343469, -4.615844065168227 ], [ 16.956803372376982, -4.555206266821931 ], [ 17.019397228734448, -4.525865396654368 ], [ 17.033089634812644, -4.471095772341585 ], [ 16.993968474589227, -4.418282206039971 ], [ 16.995924532600398, -4.343952001615479 ], [ 16.992012416578056, -4.261797565146304 ], [ 16.95289125635464, -4.218764288900545 ], [ 16.923129006515005, -4.143325108259328 ], [ 16.937024966224108, -4.024654229530964 ], [ 16.931374618231761, -3.971322950487433 ], [ 16.962671546410494, -3.924377558219333 ] ] ] ] } },
{ "type": "Feature", "properties": { "id": 27, "name": "Straits of Tarth", "type": "strait", "size": 2 }, "geometry": { "type": "MultiPolygon", "coordinates": [ [ [ [ 22.559991459477757, -0.751626338201408 ], [ 22.589761430046227, -0.640400664714875 ], [ 22.613234126180277, -0.577806808357408 ], [ 22.683652214582427, -0.546509880178674 ], [ 22.718861258783502, -0.483916023821207 ], [ 22.735201150757508, -0.335795337564147 ], [ 22.758562442928145, -0.20029984297447 ], [ 22.728192763106318, -0.046115314648287 ], [ 22.730528892323385, 0.009951786561235 ], [ 22.793191463207997, 0.118549843619414 ], [ 22.931436004990836, 0.166472444104489 ], [ 22.944785959073769, 0.231145432887436 ], [ 22.924427617339646, 0.308976326345355 ], [ 22.882377291432501, 0.36037116912075 ], [ 22.830982448657107, 0.432791174849708 ], [ 22.809957285703536, 0.507547309795736 ], [ 22.828646319440047, 0.556606023354074 ], [ 22.828646319440047, 0.619681512214786 ], [ 22.788932122749969, 0.666404096556054 ], [ 22.737443809889662, 0.689841036507 ], [ 22.684630243588046, 0.723094022696904 ], [ 22.616168213197067, 0.7367864287751 ], [ 22.555858834644173, 0.784595458656465 ], [ 22.537925892750234, 0.807204517177251 ], [ 22.592695517063017, 0.801336343143738 ], [ 22.655289373420484, 0.815028749221934 ], [ 22.727663519833804, 0.813072691210763 ], [ 22.796125550224787, 0.811116633199592 ], [ 22.82742247840352, 0.785687879054371 ], [ 22.848939116526399, 0.766127298942663 ], [ 22.909576914872694, 0.762215182920321 ], [ 22.952610191118453, 0.762215182920321 ], [ 22.974126829241332, 0.719181906674563 ], [ 22.995643467364211, 0.689841036507 ], [ 23.045522946649072, 0.676148630428804 ], [ 23.129633441129418, 0.680060746451146 ], [ 23.168754601352834, 0.678104688439975 ], [ 23.209310653180367, 0.666435454014333 ], [ 23.279394529692272, 0.675779970882594 ], [ 23.445259704103773, 0.682788358533777 ], [ 23.469987535073145, 0.707445558607538 ], [ 23.479917616946476, 0.778391637219931 ], [ 23.415217910760362, 0.789599995076713 ], [ 23.356536170425237, 0.793512111099055 ], [ 23.327195300257671, 0.818940865244276 ], [ 23.321327126224158, 0.856105967456522 ], [ 23.275359762961642, 0.900606287210659 ], [ 23.208385819872852, 0.929242635594166 ], [ 23.218634080637688, 0.953419853512272 ], [ 23.259711298872276, 0.955375911523443 ], [ 23.337953619319112, 0.924078983344709 ], [ 23.377074779542529, 0.88104570709895 ], [ 23.455317099989362, 0.873221475054267 ], [ 23.553120000547903, 0.890825997154805 ], [ 23.627450204972394, 0.904518403233 ], [ 23.653175204422414, 0.94677096006194 ], [ 23.723259080934312, 0.953779347713137 ], [ 23.82990220912858, 0.958309998540199 ], [ 23.880759717419021, 0.954397882517857 ], [ 23.915968761620096, 0.968090288596053 ], [ 24.116147118356402, 0.969971219842051 ], [ 24.332076257270131, 0.929019141772206 ], [ 24.487974358736249, 0.862857485802891 ], [ 24.468913821801703, 0.796537580684039 ], [ 24.50167853206818, 0.745050178836718 ], [ 24.518060887201418, 0.670159412513343 ], [ 24.478275167592123, 0.602289655532785 ], [ 24.474004372378811, 0.569487772296753 ], [ 24.513380214306206, 0.557823263028281 ], [ 24.57890963483916, 0.532079562104621 ], [ 24.616355018000846, 0.454848459333641 ], [ 24.621035690896058, 0.408041730381531 ], [ 24.55784660681071, 0.349533319191395 ], [ 24.606993672210425, 0.284003898658442 ], [ 24.614014681553243, 0.211453468782672 ], [ 24.616355018000846, 0.145924048249719 ], [ 24.599972662867611, 0.078054291269161 ], [ 24.536783578782263, 0.02656688942184 ], [ 24.447850793773252, 0.010184534288602 ], [ 24.375300363897484, 0.038268571659868 ], [ 24.333174307840586, 0.021886216526629 ], [ 24.300409597574109, -0.057685222691956 ], [ 24.248922195726788, -0.083428923615617 ], [ 24.246581859279186, -0.130235652567726 ], [ 24.314451616259742, -0.167681035729413 ], [ 24.342535653631007, -0.214487764681523 ], [ 24.401044064821143, -0.235550792709972 ], [ 24.496997859172968, -0.249592811395605 ], [ 24.518060887201418, -0.284697858109687 ], [ 24.492317186277759, -0.366609633775878 ], [ 24.515914331451121, -0.429366252259868 ], [ 24.480615504039729, -0.453787166449182 ], [ 24.485296176934941, -0.488892213163264 ], [ 24.539123915229869, -0.507614904744107 ], [ 24.562527279705922, -0.612930044886353 ], [ 24.599734249595731, -0.666856020336262 ], [ 24.597632326420005, -0.762711577533103 ], [ 24.663161746952955, -0.790795614904369 ], [ 24.653800401162535, -0.886749409256193 ], [ 24.075195040286559, -0.817028550478461 ], [ 23.624722181518262, -0.764907723844112 ], [ 23.256153478889658, -0.735124394338771 ], [ 22.857801446755708, -0.716509813397932 ], [ 22.559991459477757, -0.751626338201408 ] ] ] ] } },
{ "type": "Feature", "properties": { "id": 29, "name": "Blackwater Bay", "type": "bay", "size": 3 }, "geometry": { "type": "MultiPolygon", "coordinates": [ [ [ [ 20.315843992060127, 4.306225538284804 ], [ 20.331492456149494, 4.34534669850822 ], [ 20.331492456149494, 4.392292090776321 ], [ 20.362789384328227, 4.402072380832175 ], [ 20.392130254495793, 4.441193541055592 ], [ 20.386262080462281, 4.486182875312521 ], [ 20.388218138473452, 4.540952499625305 ], [ 20.40777871858516, 4.591810007915748 ], [ 20.380393906428768, 4.619194820072139 ], [ 20.34518486222769, 4.64462357421736 ], [ 20.378437848417597, 4.672008386373752 ], [ 20.437119588752722, 4.679832618418436 ], [ 20.464504400909114, 4.699393198530144 ], [ 20.466460458920285, 4.744382532787074 ], [ 20.45668016886443, 4.78154763499932 ], [ 20.468416516931455, 4.820668795222737 ], [ 20.513405851188384, 4.836317259312104 ], [ 20.570131533512338, 4.834361201300933 ], [ 20.645439766942417, 4.858811926440568 ], [ 20.659132173020613, 4.897933086663985 ], [ 20.696297275232862, 4.925317898820377 ], [ 20.751066899545645, 4.940966362909744 ], [ 20.805250016013421, 4.95997436147184 ], [ 20.823441045958965, 4.991823871200186 ], [ 20.825397103970136, 5.048549553524141 ], [ 20.862562206182382, 5.073978307669361 ], [ 20.911463656461653, 5.081802539714045 ], [ 20.938455736194769, 5.118896699546835 ], [ 20.92906817856219, 5.16395697618322 ], [ 20.898695184695963, 5.174898249441679 ], [ 20.899727308394628, 5.20894631044015 ], [ 20.946672700662727, 5.238287180607712 ], [ 20.936892410606873, 5.302837094976351 ], [ 20.977969628841464, 5.338046139177426 ], [ 21.01513473105371, 5.367876023847781 ], [ 20.979925686852635, 5.405041126060027 ], [ 20.96818933878561, 5.446118344294615 ], [ 20.980505137633372, 5.501442114443249 ], [ 21.003398382986685, 5.532184896786132 ], [ 21.046431659232443, 5.557613650931354 ], [ 21.11098157360108, 5.565437882976037 ], [ 21.15792696586918, 5.592822695132429 ], [ 21.193136010070255, 5.637812029389359 ], [ 21.202916300126109, 5.700405885746825 ], [ 21.224432938248988, 5.755175510059609 ], [ 21.265510156483579, 5.770823974148976 ], [ 21.294851026651141, 5.796252728294197 ], [ 21.300719200684654, 5.835373888517614 ], [ 21.31636766477402, 5.890143512830398 ], [ 21.274664584463132, 5.882340885338192 ], [ 21.22834505427133, 5.845154178573468 ], [ 21.191179952059084, 5.790384554260685 ], [ 21.142278501779813, 5.776692148182489 ], [ 21.050343775254785, 5.776692148182489 ], [ 20.974057512819119, 5.761043684093122 ], [ 20.940804526629211, 5.696493769724484 ], [ 20.897771250383453, 5.659328667512238 ], [ 20.841045568059499, 5.661284725523409 ], [ 20.792144117780229, 5.673021073590434 ], [ 20.743242667500958, 5.66519684154575 ], [ 20.746686090153307, 5.622122913142636 ], [ 20.705202065600393, 5.588181438508434 ], [ 20.61414283876368, 5.563481824964867 ], [ 20.515569993097554, 5.558023441040088 ], [ 20.449833965825331, 5.586954521098916 ], [ 20.436141559747135, 5.616295391266479 ], [ 20.496779358093431, 5.633899913367017 ], [ 20.565241388484409, 5.645636261434042 ], [ 20.608274664730168, 5.704318001769168 ], [ 20.598494374674313, 5.759087626081951 ], [ 20.627835244841876, 5.793318641277441 ], [ 20.690429101199346, 5.824615569456174 ], [ 20.780407769713204, 5.844176149567883 ], [ 20.776495653690862, 5.895033657858325 ], [ 20.74911084153447, 5.941979050126426 ], [ 20.792144117780229, 5.996748674439209 ], [ 20.86647432220472, 6.020221370573259 ], [ 20.952540874696236, 6.125848503176485 ], [ 21.019046847076048, 6.094551574997752 ], [ 21.087279359920164, 6.089289598732996 ], [ 21.148146675813322, 6.176706011466927 ], [ 21.218564764215472, 6.231475635779711 ], [ 21.179443603992056, 6.313630072248887 ], [ 21.21465264819313, 6.364487580539328 ], [ 21.202916300126105, 6.446642017008505 ], [ 21.27372176572328, 6.517329306619803 ], [ 21.379317464585245, 6.588983530847565 ], [ 21.432115314016229, 6.638010105319191 ], [ 21.43965786393494, 6.732291979303088 ], [ 21.432115314016229, 6.826573853286985 ], [ 21.405716389300739, 6.879371702717967 ], [ 21.428344039056874, 6.958568476864441 ], [ 21.46605678865043, 7.003823776376711 ], [ 21.5113120881627, 6.996281226458 ], [ 21.538380249041911, 6.945314556231372 ], [ 21.571652487512395, 6.928398277189594 ], [ 21.699875836130495, 6.920855727270882 ], [ 21.790711732482951, 6.908149454019126 ], [ 21.83765712475105, 6.931622150153176 ], [ 21.866997994918616, 6.96291907833191 ], [ 21.915899445197887, 6.935534266175518 ], [ 21.992185707633549, 6.925753976119664 ], [ 22.06455985404687, 6.959006962309569 ], [ 22.125197652393165, 6.949226672253713 ], [ 22.140846116482532, 6.921841860097322 ], [ 22.234736901018735, 6.900325221974443 ], [ 22.264077771186297, 6.937490324186689 ], [ 22.291462583342689, 6.982479658443618 ], [ 22.418606354068793, 6.978567542421277 ], [ 22.487068384459775, 6.957050904298398 ], [ 22.532057718716704, 6.972699368387764 ], [ 22.524233486672021, 7.021600818667035 ], [ 22.586827343029487, 7.080282559002161 ], [ 22.552054331551115, 7.140310026074546 ], [ 22.46795367973683, 7.196377127284067 ], [ 22.477298196605084, 7.252444228493594 ], [ 22.584760140590006, 7.280477779098356 ], [ 22.672893895521007, 7.266108070063392 ], [ 22.823510362381164, 7.293492882219783 ], [ 22.987819235319513, 7.283712592163929 ], [ 23.023028279520588, 7.252415663985196 ], [ 23.00346769940888, 7.213294503761778 ], [ 22.995643467364197, 7.170261227516019 ], [ 23.038676743609958, 7.160480937460165 ], [ 23.109094832012108, 7.176129401549533 ], [ 23.171688688369574, 7.176129401549533 ], [ 23.277315820972799, 7.178085459560704 ], [ 23.326217271252069, 7.172217285527191 ], [ 23.406415649710077, 7.174173343538362 ], [ 23.449127078445834, 7.224738278153775 ], [ 23.467816112182341, 7.308838929968058 ], [ 23.444454820011703, 7.4022840986506 ], [ 23.492482202201597, 7.413301435403998 ], [ 23.576592696681942, 7.364399985124726 ], [ 23.574636638670771, 7.299850070756088 ], [ 23.666571365195804, 7.333103056945993 ], [ 23.703736467408049, 7.378092391202922 ], [ 23.758506091720832, 7.360487869102385 ], [ 23.79958330995542, 7.315498534845455 ], [ 23.836748412167665, 7.276377374622038 ], [ 23.903254384547473, 7.311586418823113 ], [ 23.950199776815577, 7.321366708878967 ], [ 24.024529981240068, 7.34875152103536 ], [ 24.061695083452314, 7.376136333191751 ], [ 24.069519315496997, 7.430905957504535 ], [ 24.087123837597535, 7.481763465794978 ], [ 24.13113514284888, 7.486164596320112 ], [ 24.183948709150492, 7.472472190241916 ], [ 24.234806217440937, 7.464647958197232 ], [ 24.256322855563816, 7.486164596320112 ], [ 24.299914482181585, 7.118736710261467 ], [ 24.215458028678874, 6.631352593172908 ], [ 24.032469046089666, 6.170361117803946 ], [ 23.831884969020731, 5.638989264516058 ], [ 23.58362767832876, 5.265737429483536 ], [ 23.567301421128889, 5.202466868278147 ], [ 23.564856348614928, 5.140851040926265 ], [ 23.577970765889724, 5.080944956475098 ], [ 23.543339710492045, 5.072144503283889 ], [ 23.510087816621319, 5.047003481840895 ], [ 23.519867014357995, 5.027644183529752 ], [ 23.543339710492045, 5.003682472892909 ], [ 23.580504812704294, 4.996836269853811 ], [ 23.600065392816003, 4.982654849272823 ], [ 23.596827140686504, 4.911237583304084 ], [ 23.580015798201501, 4.875071658658426 ], [ 23.540405623475291, 4.851598962524376 ], [ 23.520671594160532, 4.804788837335217 ], [ 23.53844956546412, 4.786315526401548 ], [ 23.560455218089793, 4.78484848289317 ], [ 23.582949885218255, 4.769689033306596 ], [ 23.595664262290867, 4.736436047116692 ], [ 23.604466523341134, 4.685456285200551 ], [ 23.600099987540606, 4.622570758404464 ], [ 23.57121353715123, 4.558679275351541 ], [ 23.563878319609341, 4.508188527938193 ], [ 23.567394178501754, 4.45904171321019 ], [ 23.557521131073035, 4.394492656038888 ], [ 23.556054087564657, 4.365640800374118 ], [ 23.546273797508803, 4.34070106073169 ], [ 23.513509825821693, 4.331409785178629 ], [ 23.48270191214575, 4.324563582139531 ], [ 23.467053448056383, 4.299623842497102 ], [ 23.458251187006116, 4.247299290698281 ], [ 23.447492867944675, 4.216369123396642 ], [ 23.407882693218465, 4.208544891351959 ], [ 23.35653617042523, 4.188006282234666 ], [ 23.317415010201817, 4.12467890412301 ], [ 23.303722604123621, 4.071865337821396 ], [ 23.266557501911375, 4.022963887542125 ], [ 23.2313484577103, 4.007315423452758 ], [ 23.176578833397517, 3.981886669307537 ], [ 23.151150079252297, 3.905600406871874 ], [ 23.104675758490558, 3.873665560111335 ], [ 22.98179708309916, 3.871121779844557 ], [ 22.88601578519966, 3.829071453937465 ], [ 22.841629330075499, 3.744970802123269 ], [ 22.720241417321269, 3.692644362062321 ], [ 22.569390418947034, 3.66624543734683 ], [ 22.455426761552168, 3.686967475091263 ], [ 22.437188905174931, 3.653146669805137 ], [ 22.42838664412465, 3.622950024257687 ], [ 22.414694238046454, 3.576004631989586 ], [ 22.375573077823038, 3.511454717620949 ], [ 22.342320091633134, 3.441036629218798 ], [ 22.289506525331522, 3.439080571207627 ], [ 22.264077771186301, 3.476245673419873 ], [ 22.219088436929372, 3.487982021486898 ], [ 22.172143044661272, 3.44494874524114 ], [ 22.135955971454617, 3.459496926699223 ], [ 22.09487875322003, 3.47710144879976 ], [ 22.044021244929588, 3.457540868688052 ], [ 22.006203298515523, 3.453452442048693 ], [ 21.971647098516268, 3.449716636643368 ], [ 21.920789590225827, 3.443848462609856 ], [ 21.893404778069435, 3.412551534431122 ], [ 21.883624488013581, 3.375386432218876 ], [ 21.860151791879531, 3.346045562051314 ], [ 21.822986689667282, 3.2932319957497 ], [ 21.81907457364494, 3.238462371436917 ], [ 21.776041297399182, 3.220857849336379 ], [ 21.734964079164595, 3.224769965358721 ], [ 21.703667150985861, 3.259979009559796 ], [ 21.705050383858691, 3.318177641417952 ], [ 21.689974744907666, 3.349957678073655 ], [ 21.656721758717762, 3.377342490230047 ], [ 21.574567322248587, 3.355825852107168 ], [ 21.515885581913459, 3.363650084151851 ], [ 21.459159899589505, 3.336265271995459 ], [ 21.420038739366088, 3.297144111772042 ], [ 21.364344740316511, 3.26976963249354 ], [ 21.333972186874572, 3.303012285805555 ], [ 21.350965452644019, 3.332136651707207 ], [ 21.375901162057389, 3.419411634654009 ], [ 21.394609985220868, 3.455584810676881 ], [ 21.451335667544821, 3.455584810676881 ], [ 21.483027525967533, 3.477681689378969 ], [ 21.509426450683023, 3.534250813769307 ], [ 21.573538124992073, 3.598362488078357 ], [ 21.596165774748208, 3.715272011818389 ], [ 21.720617848406953, 3.764298586290015 ], [ 21.750788048081802, 3.828410260599065 ], [ 21.675362548894682, 3.828410260599065 ], [ 21.554681750195293, 3.835952810517777 ], [ 21.482632595723555, 3.7763783245089 ], [ 21.433731145444284, 3.770510150475388 ], [ 21.388741811187355, 3.768554092464217 ], [ 21.347664592952768, 3.750949570363679 ], [ 21.35927735578181, 3.710328244476654 ], [ 21.407602026780417, 3.663416981127246 ], [ 21.388745651983637, 3.610619131696264 ], [ 21.335947802552653, 3.591762756899485 ], [ 21.272002372835015, 3.610585406823174 ], [ 21.166240429381638, 3.557821282265281 ], [ 21.117213854910013, 3.561592557224638 ], [ 21.068187280438387, 3.583277388240933 ], [ 21.039585456193358, 3.624906082268858 ], [ 20.97503554182472, 3.611213676190661 ], [ 20.879188699277346, 3.622950024257687 ], [ 20.798990320819343, 3.632730314313541 ], [ 20.707055594294314, 3.634686372324712 ], [ 20.642033210031173, 3.61344758791578 ], [ 20.623923128819548, 3.570136457956074 ], [ 20.582845910584961, 3.548619819833195 ], [ 20.522208112238665, 3.552531935855536 ], [ 20.453746081847687, 3.540795587788511 ], [ 20.377459819412024, 3.53883952977734 ], [ 20.348118949244459, 3.517322891654461 ], [ 20.344206833222117, 3.442992687229969 ], [ 20.350075007255629, 3.382354888883672 ], [ 20.312909905043384, 3.35497007672728 ], [ 20.277700860842309, 3.364750366783135 ], [ 20.239557729624476, 3.398859128352926 ], [ 20.196524453378718, 3.434068172554002 ], [ 20.124150306965397, 3.443848462609856 ], [ 20.049820102540902, 3.428199998520489 ], [ 19.956603986168247, 3.396127868382861 ], [ 19.826829489267428, 3.33822133000663 ], [ 19.707699838850758, 3.320702369195743 ], [ 19.526678640801677, 3.305617269358319 ], [ 19.374002059681374, 3.265847183593309 ], [ 19.272287043100491, 3.144571586900716 ], [ 19.281089304150761, 3.085034071185703 ], [ 19.30260594227364, 3.036132620906432 ], [ 19.294781710228957, 2.997011460683015 ], [ 19.27717718812842, 2.965714532504282 ], [ 19.236099969893832, 2.977450880571307 ], [ 19.218495447793295, 3.002879634716528 ], [ 19.216539389782124, 3.079165897152191 ], [ 19.191110635636903, 3.12219917339795 ], [ 19.172528084530775, 3.166088225023596 ], [ 19.149055388396725, 3.195429095191158 ], [ 19.119380945191242, 3.245276870008626 ], [ 19.024156252467506, 3.268375929134681 ], [ 18.939069064636307, 3.263532225823993 ], [ 18.831014323845039, 3.259376274255103 ], [ 18.779360424285436, 3.287363821716188 ], [ 18.731271486191559, 3.321715547788528 ], [ 18.710491728347083, 3.375742918184158 ], [ 18.746107438095532, 3.383944186017749 ], [ 18.785228598318948, 3.413285056185312 ], [ 18.816525526497681, 3.447516071380801 ], [ 18.853690628709927, 3.465120593481339 ], [ 18.898679962966856, 3.471966796520437 ], [ 18.919218572084151, 3.501307666688 ], [ 18.925086746117664, 3.534560652877904 ], [ 18.920196601089735, 3.570747726084565 ], [ 18.904548137000369, 3.614759031335909 ], [ 18.96420790634108, 3.635297640453203 ], [ 18.98768060247513, 3.678330916698962 ], [ 19.018977530653864, 3.714517989905622 ], [ 19.021911617670618, 3.749727034106697 ], [ 19.017999501648276, 3.782001991291016 ], [ 18.98572454446396, 3.781023962285431 ], [ 18.939757181201443, 3.754617179134625 ], [ 18.873251208821635, 3.706693757860938 ], [ 18.817503555503265, 3.731144483000574 ], [ 18.75882181516814, 3.745814918084355 ], [ 18.68474150612548, 3.749213486452523 ], [ 18.652685668970957, 3.737899661574455 ], [ 18.644392421514645, 3.72136419294472 ], [ 18.645370450520232, 3.69789149681067 ], [ 18.634612131458791, 3.68713317774923 ], [ 18.581798565157179, 3.679308945704547 ], [ 18.531919085872321, 3.682243032721303 ], [ 18.480083548576296, 3.660726394598424 ], [ 18.422693512693201, 3.670319820728704 ], [ 18.418866621490892, 3.670959531045888 ], [ 18.423067822406612, 3.672943431478312 ], [ 18.520691045393498, 3.719043286777676 ], [ 18.560289432466735, 3.78881187352576 ], [ 18.60177345701965, 3.82463898563964 ], [ 18.686627143605158, 3.83406717303803 ], [ 18.720568618239362, 3.85198072909497 ], [ 18.760167005312599, 3.90760703474547 ], [ 18.75639573035324, 3.97171870905452 ], [ 18.733768080597105, 4.009431458648079 ], [ 18.733768080597105, 4.054686758160349 ], [ 18.812022036003746, 4.160753866392237 ], [ 18.876133710312796, 4.172067691270304 ], [ 18.887921643905401, 4.135070462307354 ], [ 18.88596558589423, 4.092037186061596 ], [ 18.922994011889791, 4.081045001259548 ], [ 18.961540951522547, 4.104448500322293 ], [ 19.009197240597995, 4.127246230262671 ], [ 19.036582052754387, 4.1252901722515 ], [ 19.048318400821412, 4.068564489927546 ], [ 19.079615329000145, 4.031399387715299 ], [ 19.11482437320122, 3.998146401525395 ], [ 19.188145485577706, 3.989978168686187 ], [ 19.290973955841942, 4.055158167530273 ], [ 19.306059055679363, 4.107956016961255 ], [ 19.329990754430021, 4.129691302776634 ], [ 19.361287682608758, 4.121867070731951 ], [ 19.389650523770733, 4.095460287581145 ], [ 19.4317057710109, 4.0783447799834 ], [ 19.524548092834848, 4.090431725019912 ], [ 19.582322237871058, 4.107685650150962 ], [ 19.63513580417267, 4.14680681037438 ], [ 19.664476674340232, 4.203532492698334 ], [ 19.668388790362574, 4.232873362865897 ], [ 19.705553892574819, 4.246565768944093 ], [ 19.756411400865261, 4.236785478888239 ], [ 19.805312851144535, 4.262214233033459 ], [ 19.846603227563495, 4.306847702366216 ], [ 19.883555171591368, 4.320895973368585 ], [ 19.877686997557856, 4.279818755133997 ], [ 19.858126417446147, 4.238741536899409 ], [ 19.809224967166877, 4.201576434687163 ], [ 19.765169402192384, 4.158179472314758 ], [ 19.711422066608332, 4.10181747611745 ], [ 19.709466008597161, 4.058784199871691 ], [ 19.662520616329061, 4.025531213681787 ], [ 19.621443398094474, 3.98641005345837 ], [ 19.617531282072132, 3.937508603179099 ], [ 19.558849541737008, 3.910123791022707 ], [ 19.558849541737008, 3.882738978866315 ], [ 19.615303602346547, 3.866594419562479 ], [ 19.68208119644077, 3.89447532693334 ], [ 19.744144239238814, 3.929238809042532 ], [ 19.795532561088681, 3.960981299313149 ], [ 19.854214301423806, 3.968805531357832 ], [ 19.907027867725418, 3.978585821413687 ], [ 19.920114072930364, 4.005951001999738 ], [ 19.88746728761371, 4.039223619759983 ], [ 19.874752910541098, 4.063429837648222 ], [ 19.879292849501457, 4.089099642164475 ], [ 19.920776874054372, 4.115498566879967 ], [ 19.971577782094055, 4.140938636340867 ], [ 20.015589087345401, 4.160499216452576 ], [ 20.044929957512963, 4.187884028608967 ], [ 20.105567755859258, 4.185927970597796 ], [ 20.128062422987725, 4.19375220264248 ], [ 20.135886655032408, 4.213312782754189 ], [ 20.137842713043582, 4.243631681927337 ], [ 20.135886655032408, 4.270038465078143 ], [ 20.143710887077095, 4.284708900161924 ], [ 20.192612337356366, 4.29644524822895 ], [ 20.247381961669149, 4.304269480273633 ], [ 20.315843992060127, 4.306225538284804 ] ] ] ] } },
{ "type": "Feature", "properties": { "id": 30, "name": "Bay of Crabs", "type": "bay", "size": 3 }, "geometry": { "type": "MultiPolygon", "coordinates": [ [ [ [ 24.942888605975941, 10.635876852000242 ], [ 24.868132471029913, 10.640549110434369 ], [ 24.872804729464036, 10.701288470078017 ], [ 24.872804729464036, 10.888178807443103 ], [ 24.854115695727529, 10.967607200823258 ], [ 24.890374451745565, 11.037202345407826 ], [ 25.071395649794649, 11.105085294676231 ], [ 25.094023299550784, 11.180510793863348 ], [ 25.029911625241734, 11.203138443619483 ], [ 24.667869229143569, 11.093771469798163 ], [ 24.67541177906228, 11.014574695651691 ], [ 24.671640504102925, 10.961776846220708 ], [ 24.569816080200319, 10.871266247196166 ], [ 24.564435672811662, 10.80875041406294 ], [ 24.599986279875164, 10.720415248821931 ], [ 24.569816080200319, 10.675159949309661 ], [ 24.407651256948014, 10.656303574512881 ], [ 24.21908750898022, 10.622362099878679 ], [ 24.17383220946795, 10.648761024594171 ], [ 24.209344031818009, 10.766700088155799 ], [ 24.106554346267217, 10.864817515272462 ], [ 24.027125952887058, 10.967607200823258 ], [ 23.96171433480928, 10.967607200823258 ], [ 23.864587662800769, 10.973090671098776 ], [ 23.849502562963345, 11.040973620367181 ], [ 23.785390888654295, 11.090000194838808 ], [ 23.547800566214875, 11.116399119554298 ], [ 23.35923681824708, 11.090000194838808 ], [ 23.2121570948322, 11.082457644920096 ], [ 23.114901866476867, 11.018769335317947 ], [ 23.068179282135596, 10.967374492542545 ], [ 23.082196057437983, 10.91597964976715 ], [ 23.161624450818138, 10.906635132898897 ], [ 23.273758653237188, 10.864584806991749 ], [ 23.385892855656234, 10.799173188913974 ], [ 23.460648990602262, 10.785156413611594 ], [ 23.614833518928453, 10.644988660587783 ], [ 23.670900620137978, 10.537526716602867 ], [ 23.619505777362583, 10.467442840090959 ], [ 23.59615327679365, 10.379663409344589 ], [ 23.600065392815992, 10.311201378953609 ], [ 23.54725182651438, 10.320981669009463 ], [ 23.486614028168084, 10.309245320942438 ], [ 23.451404983967009, 10.250563580607313 ], [ 23.459229216011693, 10.156672796071112 ], [ 23.420108055788276, 10.137112215959403 ], [ 23.37654833878798, 10.098334423794929 ], [ 23.349689967386126, 10.035397199378519 ], [ 23.40445959169891, 10.021704793300323 ], [ 23.474877680101059, 10.021704793300323 ], [ 23.5726805806596, 9.978671517054565 ], [ 23.611801740883017, 9.927814008764123 ], [ 23.686131945307512, 9.898473138596561 ], [ 23.813275716033615, 9.892604964563048 ], [ 23.883693804435765, 9.890648906551878 ], [ 23.89543015250279, 9.843703514283776 ], [ 23.950199776815577, 9.788933889970993 ], [ 23.983452763005481, 9.751768787758747 ], [ 23.942375544770893, 9.704823395490646 ], [ 23.897386210513961, 9.679394641345425 ], [ 23.852396876257032, 9.687218873390108 ], [ 23.797627251944249, 9.741988497702893 ], [ 23.735033395586782, 9.734164265658208 ], [ 23.652878959117608, 9.722427917591183 ], [ 23.609845682871846, 9.751768787758747 ], [ 23.5726805806596, 9.728296091624696 ], [ 23.562900290603746, 9.693087047423621 ], [ 23.506174608279792, 9.689174931401279 ], [ 23.449448925955839, 9.708735511512987 ], [ 23.413926406260988, 9.701192456894139 ], [ 23.396635359654226, 9.663746177256058 ], [ 23.47683373811223, 9.632449249077325 ], [ 23.486614028168084, 9.590394001837151 ], [ 23.416195939765934, 9.574745537747784 ], [ 23.337953619319102, 9.574745537747784 ], [ 23.232326486715873, 9.590394001837151 ], [ 23.134523586157332, 9.574745537747784 ], [ 23.166296709252265, 9.514302119529068 ], [ 23.334041503296756, 9.457382057077535 ], [ 23.306656691140365, 9.418260896854116 ], [ 23.240150718760557, 9.359579156518992 ], [ 23.157996282291382, 9.312633764250892 ], [ 23.072851540569722, 9.336756299032244 ], [ 22.946742017084929, 9.320457996295575 ], [ 22.868499696638096, 9.296985300161523 ], [ 22.837202768459363, 9.24221567584874 ], [ 22.856763348571072, 9.187446051535957 ], [ 22.813730072325313, 9.109203731089123 ], [ 22.71983928778911, 9.077906802910389 ], [ 22.715927171766769, 9.019225062575265 ], [ 22.625948503252911, 8.933158510083747 ], [ 22.492936558493295, 8.91751004599438 ], [ 22.414694238046458, 8.862740421681597 ], [ 22.363836729756017, 8.792322333279445 ], [ 22.223000552951717, 8.78058598521242 ], [ 22.082660244505117, 8.771608913574783 ], [ 21.979543066984011, 8.734034961029868 ], [ 21.841298647106342, 8.75652381373736 ], [ 21.79732498805306, 8.67329560138622 ], [ 21.656506174097903, 8.64715683991604 ], [ 21.471713701089467, 8.684869589509598 ], [ 21.391879387475445, 8.689184957813058 ], [ 21.332176527593298, 8.69241213942831 ], [ 21.192639354097132, 8.715039789184445 ], [ 20.947506481738998, 8.699954689347022 ], [ 20.691059784502798, 8.65469938983475 ], [ 20.691059784502798, 8.556646240891498 ], [ 20.306389738648498, 8.530247316176007 ], [ 20.128162152454671, 8.602188385006441 ], [ 19.866515680143557, 8.560138059099307 ], [ 19.744469769704473, 8.556646240891498 ], [ 19.650187895720578, 8.48122074170438 ], [ 19.586076221411528, 8.492534566582448 ], [ 19.586076221411528, 8.567960065769565 ], [ 19.499336897346343, 8.64715683991604 ], [ 19.412597573281158, 8.64715683991604 ], [ 19.356028448890818, 8.681098314550242 ], [ 19.348485898972108, 8.741438713899935 ], [ 19.348485898972108, 8.805550388208985 ], [ 19.303230599459837, 8.828178037965122 ], [ 19.227805100272718, 8.798007838290275 ], [ 19.129751951329467, 8.83949186284319 ], [ 19.080725376857842, 8.918688636989662 ], [ 19.043012627264282, 8.963943936501932 ], [ 18.933645653442962, 8.963943936501932 ], [ 18.843135054418418, 8.95640138658322 ], [ 18.831821229540353, 9.031826885770338 ], [ 18.76959519271098, 9.066711179144374 ], [ 18.677198956206762, 9.098767016298899 ], [ 18.598002182060288, 9.098767016298899 ], [ 18.573488894824475, 9.136479765892458 ], [ 18.573165649596234, 9.136854049840947 ], [ 18.537661782710593, 9.177963790445373 ], [ 18.477321383360898, 9.189277615323441 ], [ 18.405667159133138, 9.183620702884406 ], [ 18.35852622214119, 9.200591440201508 ], [ 18.301689318248361, 9.240285606864694 ], [ 18.251044885799548, 9.257160564591846 ], [ 18.205789586287278, 9.238304189795066 ], [ 18.171848111653073, 9.200591440201508 ], [ 18.208244149565822, 9.165529471918665 ], [ 18.239130673699243, 9.158454886192793 ], [ 18.277443810515038, 9.149679228250204 ], [ 18.343441122303766, 9.145907953290848 ], [ 18.411324071572171, 9.064825541664696 ], [ 18.545204332629307, 9.038426616949206 ], [ 18.584802719702541, 8.998828229875969 ], [ 18.592345269621255, 8.947916017924664 ], [ 18.694169693523865, 8.876261793696903 ], [ 18.786565930028083, 8.872490518737546 ], [ 18.83370686702003, 8.844205956542378 ], [ 18.835146216519778, 8.785192627052636 ], [ 18.835592504499708, 8.766894819875581 ], [ 19.002528083367405, 8.660925561032945 ], [ 19.13352322628883, 8.623586371419997 ], [ 19.26174657490693, 8.548160872232879 ], [ 19.38996992352503, 8.438793898411559 ], [ 19.465395422712145, 8.427480073533491 ], [ 19.45594010884319, 8.396412613678356 ], [ 19.438996497996655, 8.340740749468306 ], [ 19.48802307246828, 8.310570549793459 ], [ 19.569388329716389, 8.325364232929481 ], [ 19.665272995558009, 8.265315250281189 ], [ 19.733155944826414, 8.220059950768919 ], [ 19.80858144401353, 8.163490826378579 ], [ 19.842522918647738, 8.168204920077773 ], [ 19.861379293444518, 8.157833913939545 ], [ 19.825552181330636, 8.090893783410978 ], [ 19.817066812672085, 8.067323314915004 ], [ 19.831209093769665, 8.049409758858063 ], [ 19.853836743525804, 8.041867208939351 ], [ 19.909463049176306, 8.053181033817419 ], [ 19.928319423973083, 8.067323314915004 ], [ 19.937747611371474, 8.093722239630495 ], [ 19.957546804908091, 8.136149082923248 ], [ 20.00091646694068, 8.166319282598096 ], [ 20.10274089084329, 8.155005457720028 ], [ 20.242278064339455, 8.121063983085826 ], [ 20.32901738840464, 8.13614908292325 ], [ 20.415756712469829, 8.030553384061285 ], [ 20.536878547322445, 8.062712695112719 ], [ 20.59556028765757, 8.10965808738082 ], [ 20.54861489538947, 8.140955015559554 ], [ 20.446899878808587, 8.176164059760628 ], [ 20.482108923009662, 8.211373103961703 ], [ 20.579911823568203, 8.211373103961703 ], [ 20.650329911970353, 8.211373103961703 ], [ 20.677714724126748, 8.297439656453221 ], [ 20.791166088774656, 8.297439656453221 ], [ 20.898715611952369, 8.261543975321993 ], [ 21.064651710164028, 8.276629075159416 ], [ 21.207960158619553, 8.223831225728434 ], [ 21.318473508833932, 8.121559450482508 ], [ 21.538173378887912, 8.107795122203779 ], [ 21.715719199384736, 8.028366728823624 ], [ 21.869818913986514, 8.072980227354194 ], [ 22.047068837076242, 8.069208952394836 ], [ 22.148893260978848, 8.016411102963854 ], [ 22.260165655163963, 8.054888463068036 ], [ 22.311023163454404, 8.164427711693603 ], [ 22.373617019811871, 8.234845800095753 ], [ 22.477540841845421, 8.309077101548288 ], [ 22.48315626843744, 8.313088120542588 ], [ 22.489401772794377, 8.311618590105661 ], [ 22.549662240817248, 8.297439656453221 ], [ 22.557486472861932, 8.246582148162778 ], [ 22.584871285018323, 8.215285219984045 ], [ 22.655289373420473, 8.254406380207463 ], [ 22.710058997733256, 8.340472932698979 ], [ 22.707944449431178, 8.358446593266647 ], [ 22.95971737724037, 8.412394973696223 ], [ 23.03137160146813, 8.431251348493003 ], [ 23.201078974639145, 8.593416171745307 ], [ 23.382100172688229, 8.649985296135645 ], [ 23.532951171062464, 8.653756571095002 ], [ 23.626672898942655, 8.565676448748217 ], [ 23.785529685702969, 8.649777100562506 ], [ 23.819568067973513, 8.834777769144084 ], [ 24.042503899579952, 8.916095831307739 ], [ 24.162754089274902, 9.000713867355744 ], [ 24.32967503098272, 9.147835876809747 ], [ 24.430301349612492, 9.191759078921226 ], [ 24.484203613865215, 9.224122139245411 ], [ 24.49398390392107, 9.330238286351429 ], [ 24.544841412211515, 9.341974634418454 ], [ 24.607435268568981, 9.349798866463138 ], [ 24.67589729895996, 9.353710982485479 ], [ 24.729325889396616, 9.416027483759326 ], [ 24.701326053105181, 9.473030521166901 ], [ 24.730666923272743, 9.508239565367976 ], [ 24.77174414150733, 9.516063797412659 ], [ 24.797172895652551, 9.490635043267439 ], [ 24.846074345931825, 9.521931971446172 ], [ 24.867590984054704, 9.572789479736613 ], [ 24.8812833901329, 9.625603046038227 ], [ 24.927250753395416, 9.639784466619215 ], [ 24.974196145663516, 9.620223886507507 ], [ 25.021141537931616, 9.631960234574532 ], [ 25.075911162244399, 9.676949568831462 ], [ 25.120900496501331, 9.727807077121904 ], [ 25.284321541501033, 9.812851775061471 ], [ 25.420703969937115, 9.945337562685097 ], [ 25.619432651372556, 10.299931876618919 ], [ 25.705158749246667, 10.572696733491089 ], [ 25.740228516558801, 10.818185104676042 ], [ 25.713811247606891, 11.033018818901033 ], [ 25.564298977714831, 10.981623976125638 ], [ 25.419458966256894, 10.883506549008976 ], [ 25.260602179496573, 10.776044605024053 ], [ 25.101745392736259, 10.691943953209771 ], [ 24.942888605975941, 10.635876852000242 ] ] ] ] } },
{ "type": "Feature", "properties": { "id": 31, "name": "The Shivering Sea", "type": "sea", "size": 5 }, "geometry": { "type": "MultiPolygon", "coordinates": [ [ [ [ 121.792244387523468, 13.461558803567646 ], [ 121.803299672413388, 13.400754736673134 ], [ 122.024405370211596, 13.40259728415479 ], [ 122.068626509771235, 13.356533597113492 ], [ 122.186549548596957, 13.356533597113492 ], [ 122.32289806223919, 13.374959071930009 ], [ 122.433450911138294, 13.327052837407063 ], [ 122.492412430551155, 13.279146602884117 ], [ 122.60296527945026, 13.194389418728134 ], [ 122.709833033386062, 13.113317329535455 ], [ 122.713518128349364, 13.006449575599651 ], [ 122.750369077982398, 12.93274767633358 ], [ 122.805645502431958, 12.884841441810634 ], [ 122.919883446294364, 12.840620302250992 ], [ 122.967789680817319, 12.72638235838858 ], [ 122.916198351331062, 12.593718939709651 ], [ 122.938308921110888, 12.483166090810544 ], [ 122.905143066441155, 12.391038716727955 ], [ 122.93043351655254, 12.324023481710315 ], [ 123.012010820376958, 12.258375298049026 ], [ 123.037806485120086, 12.151507544113223 ], [ 122.982530060670527, 12.033584505287507 ], [ 122.894087781551235, 11.941457131204919 ], [ 122.871977211771423, 11.823534092379203 ], [ 122.868292116808121, 11.75720238303974 ], [ 122.905143066441155, 11.720351433406703 ], [ 122.790905122578735, 11.646649534140632 ], [ 122.672982083753027, 11.591373109691078 ], [ 122.540318665074096, 11.462394785975453 ], [ 122.488727335587853, 11.340786652186436 ], [ 122.381859581652037, 11.340786652186436 ], [ 122.433450911138294, 11.388692886709382 ], [ 122.437136006101596, 11.488190450718578 ], [ 122.378174486688735, 11.543466875168132 ], [ 122.352378821945621, 11.620853869397507 ], [ 122.273149280234591, 11.611641131989247 ], [ 122.092579627032706, 11.501088283090139 ], [ 122.004137347913428, 11.508458473016747 ], [ 121.930435448647358, 11.408960909007551 ], [ 121.805142219895032, 11.412646003970854 ], [ 121.720385035739056, 11.394220529154335 ], [ 121.724070130702358, 11.283667680255229 ], [ 121.676163896179403, 11.26524220543871 ], [ 121.617202376766556, 11.283667680255229 ], [ 121.514019717794056, 11.283667680255229 ], [ 121.458743293344497, 11.246816730622193 ], [ 121.373986109188522, 11.287352775218531 ], [ 121.429262533638067, 11.361054674484604 ], [ 121.366615919261903, 11.453182048567193 ], [ 121.322394779702265, 11.530569042796568 ], [ 121.21184193080316, 11.504773378053443 ], [ 121.121557104202225, 11.426465110083241 ], [ 121.047855204936155, 11.448575679863064 ], [ 120.819230724672792, 11.430685138186876 ], [ 120.76410289276177, 11.378558875560294 ], [ 120.756732702835166, 11.330652641037348 ], [ 120.686715898532398, 11.260635836734581 ], [ 120.590903429486502, 11.23852526695476 ], [ 120.55773757481677, 11.282746406514402 ], [ 120.476873515178781, 11.280903859033245 ], [ 120.402963586358027, 11.183248842505206 ], [ 120.329261687091957, 11.161138272725383 ], [ 120.369797731688294, 11.087436373459312 ], [ 120.325576592128641, 10.980568619523508 ], [ 120.336631877018561, 10.932662385000562 ], [ 120.373482826651596, 10.881071055514312 ], [ 120.321891497165339, 10.855275390771187 ], [ 120.305694910431768, 10.760235602927766 ], [ 120.410333776284631, 10.678390832532616 ], [ 120.498776055403923, 10.586263458450025 ], [ 120.495090960440606, 10.50887646422065 ], [ 120.428759251101141, 10.446229849844491 ], [ 120.371640279169938, 10.393717246617413 ], [ 120.338474424500205, 10.312645157424734 ], [ 120.28319800005066, 10.286849492681609 ], [ 120.205811005821275, 10.286849492681609 ], [ 120.113683631738695, 10.297904777571521 ], [ 120.06577739721574, 10.334755727204556 ], [ 120.017871162692799, 10.312645157424734 ], [ 119.977335118096462, 10.249998543048573 ], [ 119.922058693646903, 10.238943258158663 ], [ 119.907318313793695, 10.143130789112771 ], [ 119.826246224601007, 10.124705314296252 ], [ 119.742232003139549, 10.089786067668657 ], [ 119.789395274967973, 10.051003415030181 ], [ 119.925743788610205, 10.058373604956788 ], [ 119.984705308023067, 10.091539459626521 ], [ 120.032611542546007, 10.073113984810002 ], [ 120.048927003311263, 10.032726532752989 ], [ 120.135794201518507, 9.973616420800806 ], [ 120.198440815894671, 9.922025091314556 ], [ 120.294253284940567, 9.907284711461342 ], [ 120.297938379903869, 9.833582812195269 ], [ 120.238976860491007, 9.807787147452144 ], [ 120.154219676335032, 9.781991482709019 ], [ 120.146849486408428, 9.719344868332859 ], [ 120.139479296481824, 9.671438633809913 ], [ 120.113683631738695, 9.605106924470448 ], [ 120.121053821665299, 9.553515594984198 ], [ 120.172645151151556, 9.509294455424556 ], [ 120.113683631738695, 9.44296274608509 ], [ 120.05605944517572, 9.45499874173184 ], [ 119.992075497949671, 9.398741606525448 ], [ 119.855726984307438, 9.379394857968103 ], [ 119.85941207927074, 9.298322768775424 ], [ 119.800450559857893, 9.213565584619442 ], [ 119.719378470665205, 9.191455014839621 ], [ 119.616195811692705, 9.176714634986407 ], [ 119.568289577169764, 9.136178590390067 ], [ 119.627251096582626, 9.088272355867121 ], [ 119.601455431839497, 9.032995931417567 ], [ 119.538808817463334, 8.992459886821228 ], [ 119.376664639077973, 8.959294032151496 ], [ 119.299277644848601, 9.011806635378573 ], [ 119.200166421440684, 9.012787346135406 ], [ 119.151873846316462, 8.956530210929019 ], [ 119.059746472233869, 8.949160021002411 ], [ 119.048691187343962, 8.822945518509263 ], [ 118.934453243481542, 8.793464758802834 ], [ 118.80916001472923, 8.78977966383953 ], [ 118.665441311160393, 8.804520043692746 ], [ 118.492241847885126, 8.815575328582655 ], [ 118.418539948619042, 8.864402836846429 ], [ 118.296931814830032, 8.88651340662625 ], [ 118.348523144316275, 8.963900400855625 ], [ 118.333782764463066, 9.03023211019509 ], [ 118.230600105490566, 9.074453249754733 ], [ 118.097936686811636, 9.052342679974911 ], [ 118.020549692582264, 9.078138344718036 ], [ 117.991068932875834, 9.122359484277679 ], [ 118.020549692582264, 9.196061383543752 ], [ 117.980013647985928, 9.280818567699733 ], [ 117.895256463829938, 9.306614232442858 ], [ 117.873145894050111, 9.229227238213483 ], [ 117.77733342500423, 9.173950813763929 ], [ 117.670465671068428, 9.118674389314377 ], [ 117.563597917132611, 9.052342679974911 ], [ 117.637299816398695, 9.004436445451965 ], [ 117.626244531508775, 8.945474926039108 ], [ 117.526746967499577, 8.908623976406073 ], [ 117.423564308527077, 8.919679261295983 ], [ 117.294585984811462, 8.87545812173634 ], [ 117.195088420802264, 8.816496602323483 ], [ 117.121386521536195, 8.853347551956519 ], [ 117.051369717233428, 8.901253786479465 ], [ 116.97029762804074, 8.934419641149198 ], [ 116.916863751072839, 8.999830076747834 ], [ 116.843161851806769, 9.010885361637746 ], [ 116.798940712247131, 8.970349317041407 ], [ 116.695758053274631, 8.955608937188192 ], [ 116.618222466506666, 8.975342026347001 ], [ 116.577835014448908, 8.918757987555157 ], [ 116.500448020219537, 8.904017607701942 ], [ 116.364099506577304, 8.926128177481763 ], [ 116.268287037531408, 8.985089696894621 ], [ 116.227750992935071, 9.051421406234084 ], [ 116.275657227458012, 9.114068020610246 ], [ 116.246176467751596, 9.231991059435961 ], [ 116.128253428925873, 9.235676154399263 ], [ 116.019097349892149, 9.296301910247637 ], [ 115.955053965650606, 9.268842009068996 ], [ 115.888722256311141, 9.206195394692836 ], [ 115.803965072155165, 9.209880489656138 ], [ 115.741318457779002, 9.261471819142388 ], [ 115.733948267852398, 9.324118433518549 ], [ 115.586544469320245, 9.313063148628638 ], [ 115.413345006044977, 9.305692958702032 ], [ 115.369123866485339, 9.383079952931407 ], [ 115.326745274407344, 9.456781852197478 ], [ 115.253043375141274, 9.401505427747924 ], [ 115.171971285948601, 9.412560712637836 ], [ 115.072473721939403, 9.390450142858015 ], [ 115.057733342086181, 9.430986187454353 ], [ 115.14249052624217, 9.489947706867211 ], [ 115.098269386682531, 9.574704891023194 ], [ 115.170336768021571, 9.622611125546619 ], [ 115.124065051425646, 9.644721695325961 ], [ 114.984031442820111, 9.655776980215871 ], [ 114.888218973774215, 9.699998119775515 ], [ 114.80346178961824, 9.655776980215871 ], [ 114.711334415535646, 9.666832265105782 ], [ 114.667113275976007, 9.718423594592032 ], [ 114.642536070051634, 9.758127520971334 ], [ 114.556560427076903, 9.699998119775515 ], [ 114.460747958031007, 9.692627929848907 ], [ 114.457062863067705, 9.641036600362657 ], [ 114.357238395473289, 9.615478683682161 ], [ 114.350195109131903, 9.523113561536942 ], [ 114.368620583948413, 9.419930902564442 ], [ 114.331769634315378, 9.335173718408461 ], [ 114.280178304829136, 9.287267483885513 ], [ 114.18605979072629, 9.20892949740802 ], [ 114.191736025709844, 9.154604065206586 ], [ 114.272808114902531, 9.099327640757032 ], [ 114.265437924975913, 9.010885361637746 ], [ 114.31702925446217, 8.962979127114799 ], [ 114.302288874608948, 8.889277227848728 ], [ 114.307311302422079, 8.809512752998337 ], [ 114.375990773875031, 8.793464758802834 ], [ 114.446007578177799, 8.826630613472567 ], [ 114.446007578177799, 8.896647417775334 ], [ 114.519709477443868, 8.896647417775334 ], [ 114.611836851526448, 8.889277227848728 ], [ 114.689223845755834, 8.845056088289084 ], [ 114.748185365168681, 8.797149853766138 ], [ 114.777666124875111, 8.730818144426674 ], [ 114.80346178961824, 8.646060960270692 ], [ 114.807146884581542, 8.587099440857834 ], [ 114.855053119104483, 8.506027351665155 ], [ 114.888218973774215, 8.421270167509173 ], [ 114.869793498957705, 8.321772603499976 ], [ 114.836627644287972, 8.295976938756851 ], [ 114.737130080278774, 8.299662033720155 ], [ 114.648687801159483, 8.266496179050423 ], [ 114.589726281746636, 8.281236558903638 ], [ 114.545505142186983, 8.318087508536673 ], [ 114.492754790898005, 8.317374264350693 ], [ 114.504969097590646, 8.231487776899037 ], [ 114.574985901893413, 8.202007017192608 ], [ 114.59709647167324, 8.146730592743054 ], [ 114.659743086049403, 8.179896447412787 ], [ 114.755555555095299, 8.139360402816449 ], [ 114.807146884581542, 8.117249833036627 ], [ 114.785036314801715, 8.028807553917341 ], [ 114.83294254932467, 7.999326794210912 ], [ 114.902959353627438, 7.962475844577876 ], [ 114.93612520829717, 7.918254705018233 ], [ 114.928755018370566, 7.877718660421894 ], [ 114.884533878810913, 7.822442235972341 ], [ 114.821887264434764, 7.815072046045733 ], [ 114.821887264434764, 7.756110526632876 ], [ 114.843997834214576, 7.715574482036537 ], [ 114.737130080278774, 7.608706728100733 ], [ 114.707649320572344, 7.523949543944751 ], [ 114.637632516269576, 7.494468784238323 ], [ 114.545505142186983, 7.431822169862161 ], [ 114.52339457240717, 7.347064985706179 ], [ 114.501284002627344, 7.273363086440108 ], [ 114.556560427076903, 7.251252516660286 ], [ 114.619207041453066, 7.232827041843769 ], [ 114.637632516269576, 7.144384762724482 ], [ 114.608151756563146, 7.066997768495107 ], [ 114.54182004722368, 7.033831913825376 ], [ 114.497598907664042, 7.000666059155643 ], [ 114.471803242920913, 6.941704539742786 ], [ 114.405471533581448, 6.94538963470609 ], [ 114.368620583948413, 6.985925679302428 ], [ 114.30597396957225, 6.967500204485911 ], [ 114.328084539352076, 6.893798305219839 ], [ 114.291233589719042, 6.856947355586803 ], [ 114.247012450159403, 6.834836785806982 ], [ 114.178927348861819, 6.833826356543303 ], [ 114.224901880379576, 6.78462736693197 ], [ 114.23227207030618, 6.729350942482416 ], [ 114.258067735049309, 6.738563679890675 ], [ 114.274650662384175, 6.688814897886077 ], [ 114.326241991870432, 6.68144470795947 ], [ 114.340982371723641, 6.635381020918175 ], [ 114.324399444388774, 6.587474786395228 ], [ 114.280178304829136, 6.495347412312639 ], [ 114.200948763118106, 6.412432775638309 ], [ 114.119876673925432, 6.357156351188755 ], [ 114.027749299842839, 6.303722474220853 ], [ 113.917196450943734, 6.276084261996076 ], [ 113.810328697007932, 6.277466172607316 ], [ 113.799273412118012, 6.196394083414637 ], [ 113.764265009966635, 6.166913323708209 ], [ 113.718201322925339, 6.163228228744905 ], [ 113.664767445957438, 6.163228228744905 ], [ 113.626073948842745, 6.104266709332047 ], [ 113.548686954613373, 6.071100854662316 ], [ 113.504465815053734, 6.019509525176066 ], [ 113.445504295640873, 6.03424990502928 ], [ 113.417866083416087, 6.080313592070574 ], [ 113.340479089186715, 6.052675379845797 ], [ 113.270462284883948, 6.001084050359547 ], [ 113.211500765471101, 6.006611692804503 ], [ 113.143326508649977, 5.975288385616422 ], [ 113.106475559016943, 5.897901391387047 ], [ 113.034616207232503, 5.85920789427236 ], [ 113.049356587085725, 5.748655045373252 ], [ 112.98302487774626, 5.608621436767717 ], [ 112.887212408700364, 5.638102196474145 ], [ 112.806140319507691, 5.638102196474145 ], [ 112.725068230315003, 5.490698397942002 ], [ 112.621885571342503, 5.46858782816218 ], [ 112.680847090755364, 5.586510866987894 ], [ 112.607145191489295, 5.667582956180573 ], [ 112.518702912370003, 5.741284855446645 ], [ 112.319707784351621, 5.674953146107181 ], [ 112.131916533762208, 5.678370774501008 ], [ 112.113342466406621, 5.608621436767707 ], [ 112.061751136920364, 5.501753682831903 ], [ 111.965938667874468, 5.472272923125475 ], [ 111.932772813204735, 5.380145549042886 ], [ 111.862756008901968, 5.380145549042886 ], [ 111.792739204599201, 5.394885928896099 ], [ 111.732499789352516, 5.421602867380498 ], [ 111.626909931250538, 5.405941213786011 ], [ 111.579003696727597, 5.324869124593332 ], [ 111.486876322645003, 5.30275855481351 ], [ 111.372638378782597, 5.254852320290563 ], [ 111.254626184433803, 5.193364727717823 ], [ 111.199438915507329, 5.05585719227217 ], [ 111.173643250764201, 4.978470198042795 ], [ 111.110996636388037, 4.95267453329967 ], [ 111.099941351498131, 5.019006242639135 ], [ 111.147847586021072, 5.144299471391457 ], [ 111.12573701624126, 5.229056655547438 ], [ 111.062050254093407, 5.321748681278078 ], [ 110.941482268076072, 5.324869124593332 ], [ 110.84566979903019, 5.35434988429976 ], [ 110.687210715608131, 5.358034979263063 ], [ 110.624564101231968, 5.288018174960296 ], [ 110.53612182211269, 5.35434988429976 ], [ 110.455049732920003, 5.346979694373153 ], [ 110.370292548764027, 5.35434988429976 ], [ 110.285535364608037, 5.383830644006188 ], [ 110.31870121927777, 5.483328208015386 ], [ 110.373977643727329, 5.545974822391546 ], [ 110.410828593360364, 5.597566151877796 ], [ 110.412998044427681, 5.692635658229925 ], [ 110.359237263874107, 5.798403827377841 ], [ 110.241314225048399, 5.809459112267753 ], [ 110.182352705635537, 5.883161011533824 ], [ 110.21551856030527, 5.953177815836592 ], [ 110.219203655268572, 6.019509525176057 ], [ 110.233944035121795, 6.141117658965074 ], [ 110.21551856030527, 6.222189748157753 ], [ 110.322386314241072, 6.22955993808436 ], [ 110.333441599130992, 6.299576742387128 ], [ 110.30027574446126, 6.336427692020164 ], [ 110.252369509938305, 6.369593546689896 ], [ 110.267109889791527, 6.432240161066057 ], [ 110.259739699864923, 6.516997345222039 ], [ 110.156557040892423, 6.494886775442217 ], [ 110.057059476883225, 6.483831490552307 ], [ 110.001783052433666, 6.454350730845879 ], [ 110.031263812140097, 6.38433392654311 ], [ 110.086540236589641, 6.32168731216695 ], [ 110.046004191993305, 6.240615222974271 ], [ 109.975987387690537, 6.240615222974271 ], [ 109.883860013607958, 6.236930128010967 ], [ 109.806473019378572, 6.170598418671503 ], [ 109.788047544562062, 6.247985412900878 ], [ 109.795417734488666, 6.318002217203646 ], [ 109.788047544562062, 6.395389211433021 ], [ 109.80278792441527, 6.458035825809182 ], [ 109.849535137135447, 6.527131356371583 ], [ 109.740141310039107, 6.583329054561502 ], [ 109.629588461140003, 6.601754529378019 ], [ 109.566941846763839, 6.690196808497306 ], [ 109.570626941727141, 6.793379467469806 ], [ 109.600107701433572, 6.867081366735877 ], [ 109.703290360406072, 6.922357791185431 ], [ 109.828583589158399, 6.944468360965252 ], [ 109.957561912874027, 6.959208740818466 ], [ 109.99072776754376, 7.007114975341413 ], [ 109.983357577617141, 7.113982729277216 ], [ 109.88754510857126, 7.172944248690074 ], [ 109.902285488424468, 7.239275958029538 ], [ 109.888763567389972, 7.292085746334767 ], [ 109.751196594929027, 7.239275958029538 ], [ 109.769622069745537, 7.143463488983645 ], [ 109.743826405002409, 7.091872159497395 ], [ 109.706975455369374, 7.043965924974449 ], [ 109.655384125883131, 7.043965924974449 ], [ 109.574312036690458, 6.966578930745073 ], [ 109.441648618011527, 7.010800070304716 ], [ 109.393742383488572, 6.926042886148735 ], [ 109.294244819479374, 6.914987601258823 ], [ 109.305300104369294, 6.830230417102841 ], [ 109.250023679919735, 6.749158327910163 ], [ 109.161581400800443, 6.760213612800073 ], [ 108.97732665263527, 6.723362663167038 ], [ 108.936790608038933, 6.598069434414716 ], [ 108.840978138993037, 6.535422820038555 ], [ 108.804127189360003, 6.568588674708288 ], [ 108.815182474249909, 6.634920384047752 ], [ 108.87414399366277, 6.701252093387216 ], [ 108.885199278552676, 6.833915512066145 ], [ 108.87414399366277, 6.922357791185431 ], [ 108.778331524616874, 6.985004405561591 ], [ 108.660408485791166, 7.01448516526802 ], [ 108.630927726084735, 7.110297634313913 ], [ 108.711999815277409, 7.10661253935061 ], [ 108.793071904470096, 7.121352919203824 ], [ 108.804127189360003, 7.165574058763466 ], [ 108.859403613809562, 7.161888963800163 ], [ 108.95890117781876, 7.088187064534091 ], [ 109.073139121681166, 7.10661253935061 ], [ 109.06208383679126, 7.309292762332304 ], [ 108.970877736449495, 7.32587568966717 ], [ 108.880592909848559, 7.362726639300206 ], [ 108.83084412784396, 7.406947778859849 ], [ 108.731346563834762, 7.399577588933242 ], [ 108.692653066720069, 7.451168918419492 ], [ 108.619872441194829, 7.511972985314001 ], [ 108.509319592295711, 7.517500627758957 ], [ 108.450358072882864, 7.493547510497483 ], [ 108.456806989068639, 7.436428538566278 ], [ 108.471547368921861, 7.375624471671768 ], [ 108.447594251660377, 7.338773522038733 ], [ 108.383105089802569, 7.340616069520385 ], [ 108.340726497724575, 7.320348047222216 ], [ 108.331513760316327, 7.214862203897649 ], [ 108.237543838752075, 7.202425008396501 ], [ 108.169369581930965, 7.17110170120842 ], [ 108.082769850293332, 7.163731511281813 ], [ 108.010910498508906, 7.195054818469893 ], [ 107.914176755722195, 7.209795198323108 ], [ 107.948263884132743, 7.259543980327706 ], [ 108.016438140953866, 7.316662952258912 ], [ 108.130676084816272, 7.298237477442393 ], [ 108.215433268972262, 7.311135309813956 ], [ 108.22464600638051, 7.403262683896545 ], [ 108.21174817400896, 7.493547510497483 ], [ 108.185952509265832, 7.526713365167216 ], [ 108.193322699192436, 7.60732481748948 ], [ 108.248599123641995, 7.642793856511278 ], [ 108.316773380463104, 7.664904426291099 ], [ 108.360994520022743, 7.729393588148912 ], [ 108.346254140169535, 7.831654973380587 ], [ 108.305718095573198, 7.881403755385185 ], [ 108.125148442371326, 7.897986682720052 ], [ 108.114093157481406, 7.931152537389783 ], [ 108.014595593472208, 7.955105654651257 ], [ 108.01828068843551, 8.032492648880632 ], [ 108.058816733031861, 8.113564738073311 ], [ 108.027196240766273, 8.174725427061519 ], [ 107.963004263985965, 8.157785877632953 ], [ 107.91509802946301, 8.181738994894427 ], [ 107.821128107898772, 8.218589944527462 ], [ 107.79901753811896, 8.260968536605453 ], [ 107.535533248242743, 8.290449296311882 ], [ 107.469201538903278, 8.404687240174294 ], [ 107.395499639637208, 8.45259347469724 ], [ 107.340223215187663, 8.445223284770632 ], [ 107.259151125994975, 8.506027351665141 ], [ 107.181764131765604, 8.560382502373868 ], [ 107.021462500861901, 8.545642122520654 ], [ 106.901696914554535, 8.586178167116993 ], [ 106.875901249811406, 8.656194971419762 ], [ 106.8648459649215, 8.713313943350967 ], [ 106.798514255582035, 8.700416110979404 ], [ 106.710071976462743, 8.753849987947307 ], [ 106.664008289421446, 8.822024244768421 ], [ 106.710071976462743, 8.890198501589538 ], [ 106.728497451279267, 8.962057853373958 ], [ 106.783773875728812, 8.998908803006994 ], [ 106.783773875728812, 9.033917205158378 ], [ 106.741395283650832, 9.09656381953454 ], [ 106.752450568540738, 9.186848646135477 ], [ 106.708229428981099, 9.295558947552932 ], [ 106.664008289421446, 9.304771684961191 ], [ 106.623472244825109, 9.288188757626324 ], [ 106.592148937637035, 9.25133780799329 ], [ 106.555297988004, 9.212644310878602 ], [ 106.479753541256272, 9.194218836062083 ], [ 106.433689854214975, 9.133414769167574 ], [ 106.389468714655337, 9.037602300121682 ], [ 106.345247575095698, 9.032995931417553 ], [ 106.34340502761404, 9.117753115573535 ], [ 106.406051641990203, 9.217250679582731 ], [ 106.428162211770029, 9.290952578848803 ], [ 106.507391753481045, 9.372024668041481 ], [ 106.542400155632436, 9.454939304715813 ], [ 106.511076848444347, 9.539696488871794 ], [ 106.498179016072797, 9.613398388137867 ], [ 106.4521153290315, 9.650249337770902 ], [ 106.443794146856462, 9.704634206987892 ], [ 106.382098524728733, 9.729478879481929 ], [ 106.247592558568144, 9.722108689555322 ], [ 106.207056513971807, 9.757117091706705 ], [ 106.159150279448866, 9.797653136303046 ], [ 106.048597430549748, 9.793968041339742 ], [ 106.022801765806634, 9.843716823344339 ], [ 105.951655658208821, 9.854415486141523 ], [ 105.888295799646045, 9.805023326229653 ], [ 105.883689430941914, 9.74514053307597 ], [ 105.848681028790537, 9.69354920358972 ], [ 105.795247151822636, 9.676966276254854 ], [ 105.756553654707943, 9.695391751071371 ], [ 105.806302436712542, 9.743297985594317 ], [ 105.836704470159802, 9.793968041339744 ], [ 105.792483330600163, 9.867669940605815 ], [ 105.840389565123104, 9.930316554981975 ], [ 105.855129944976312, 10.022443929064565 ], [ 105.810908805416673, 10.125626588037065 ], [ 105.873555419792837, 10.173532822560011 ], [ 105.840389565123104, 10.295140956349028 ], [ 105.763002570893732, 10.365157760651798 ], [ 105.837536588377489, 10.503467695807256 ], [ 105.720623978815738, 10.531908307741285 ], [ 105.661662459402876, 10.583499637227535 ], [ 105.591645655100109, 10.664571726420213 ], [ 105.473722616274401, 10.719848150869767 ], [ 105.337374102632168, 10.793550050135838 ], [ 105.234191443659668, 10.778809670282625 ], [ 105.075732360237609, 10.841456284658785 ], [ 104.979919891191713, 10.992545178154232 ], [ 104.895162707035738, 10.992545178154232 ], [ 104.828830997696272, 10.944638943631285 ], [ 104.74038871857698, 10.963064418447804 ], [ 104.604040204934748, 10.977804798301017 ], [ 104.610756587690602, 11.017003510048276 ], [ 104.71090795887055, 11.051506697567088 ], [ 104.718278148797168, 11.103098027053338 ], [ 104.806720427916446, 11.095727837126732 ], [ 104.920958371778866, 11.099412932090036 ], [ 104.995908448371367, 11.145387463608531 ], [ 105.020455935788064, 11.263399657957047 ], [ 104.983604986155015, 11.38132269678276 ], [ 104.902532896962342, 11.440284216195618 ], [ 104.89884780199904, 11.525041400351601 ], [ 104.832516092659574, 11.584002919764458 ], [ 104.850941567476099, 11.63927934421401 ], [ 104.917273276815564, 11.654019724067226 ], [ 104.920958371778866, 11.705611053553476 ], [ 104.983604986155015, 11.749832193113118 ], [ 104.983604986155015, 11.812478807489279 ], [ 105.035136878625892, 11.867547202384964 ], [ 104.935698751632074, 11.900921086608564 ], [ 104.917273276815564, 11.948827321131512 ], [ 104.81409061784305, 11.981993175801243 ], [ 104.585614730118238, 11.985678270764547 ], [ 104.493487356035644, 12.066750359957226 ], [ 104.511912830852168, 12.129396974333387 ], [ 104.467691691292515, 12.206783968562762 ], [ 104.357138842393411, 12.221524348415976 ], [ 104.261326373347515, 12.247320013159101 ], [ 104.117607669778678, 12.269430582938922 ], [ 104.025480295696099, 12.239949823232495 ], [ 103.937038016576807, 12.243634918195797 ], [ 103.91492744679698, 12.302596437608655 ], [ 103.900187066943772, 12.357872862058208 ], [ 103.724075189907325, 12.416269729823979 ], [ 103.594324184989574, 12.383668526801333 ], [ 103.52305920336066, 12.402480342219361 ], [ 103.480086241127168, 12.391038716727941 ], [ 103.457975671347342, 12.32839210235178 ], [ 103.391643962007876, 12.291541152718745 ], [ 103.332682442595015, 12.295226247682047 ], [ 103.209231761324489, 12.181374644421144 ], [ 103.281091113108772, 12.314572996239388 ], [ 103.273720923182168, 12.425125845138496 ], [ 103.332682442595015, 12.506197934331174 ], [ 103.387542807935944, 12.637850923746495 ], [ 103.273720923182168, 12.749414201909211 ], [ 103.126317124650015, 12.771524771689032 ], [ 103.082095985090376, 12.83048629110189 ], [ 103.214759403769307, 12.911558380294569 ], [ 103.222129593695911, 13.014741039267069 ], [ 103.362163202301446, 13.022111229193674 ], [ 103.401807691664871, 13.108592086800762 ], [ 103.26635073325555, 13.154774647872603 ], [ 103.141057504503237, 13.250587116918497 ], [ 103.023134465677515, 13.34639958596439 ], [ 102.88310085707198, 13.302178446404747 ], [ 102.794658577952703, 13.405361105377247 ], [ 102.681431063354538, 13.55169503763034 ], [ 102.580923070081084, 13.442212055010282 ], [ 102.507221170815015, 13.456952434863497 ], [ 102.41039827250512, 13.493743947481528 ], [ 102.182932814044307, 13.316918826257961 ], [ 102.05763958529198, 13.280067876624926 ], [ 101.92497616661305, 13.132664078092782 ], [ 101.772044725636079, 13.094327203071845 ], [ 101.784942558007515, 12.918928570221174 ], [ 101.836533887493772, 12.83048629110189 ], [ 101.755461798301084, 12.793635341468853 ], [ 101.64490894940198, 12.786265151542246 ], [ 101.497505150869841, 12.764154581762424 ], [ 101.482764771016619, 12.653601732863317 ], [ 101.30588021277805, 12.668342112716532 ], [ 101.158476414245911, 12.62412097315689 ], [ 101.081089420016539, 12.526465956629345 ], [ 101.265344168181713, 12.482244817069702 ], [ 101.31693549766797, 12.364321778243987 ], [ 101.427488346567074, 12.297990068904523 ], [ 101.508560435759748, 12.143216080445772 ], [ 101.737036323484574, 12.150586270372379 ], [ 101.773887273117609, 12.076884371106308 ], [ 101.928661261576352, 12.010552661766845 ], [ 102.076065060108505, 11.958961332280595 ], [ 102.127656389594748, 11.81155753374845 ], [ 102.208728478787435, 11.767336394188808 ], [ 102.216098668714039, 11.560971076243808 ], [ 102.164507339227782, 11.39882689785845 ], [ 102.071607283943337, 11.30230118462662 ], [ 102.223468858640643, 11.19246157991345 ], [ 102.341391897466352, 11.185091389986843 ], [ 102.407723606805817, 11.104019300794164 ], [ 102.341391897466352, 11.008206831748272 ], [ 102.282430378053505, 10.875543413069343 ], [ 102.208728478787435, 10.676548285050949 ], [ 102.098175629888317, 10.529144486518806 ], [ 101.987622780989213, 10.425961827546306 ], [ 102.046584300402074, 10.226966699527912 ], [ 101.950771831356178, 10.197485939821485 ], [ 101.83284879253047, 10.07956290099577 ], [ 101.714925753704748, 9.946899482316841 ], [ 101.574892145099213, 9.92478891253702 ], [ 101.473552033608371, 9.885174141681505 ], [ 101.480922223534975, 9.815157337378738 ], [ 101.436701083975336, 9.723029963296149 ], [ 101.503032793314787, 9.678808823736505 ], [ 101.484607318498277, 9.605106924470434 ], [ 101.421960704122114, 9.54983050002088 ], [ 101.359314089745951, 9.472443505791505 ], [ 101.377739564562475, 9.380316131708916 ], [ 101.300352570333104, 9.325039707259362 ], [ 101.222965576103718, 9.280818567699718 ], [ 101.193484816397287, 9.162895528874005 ], [ 101.141893486911044, 9.140784959094184 ], [ 101.005544973268812, 9.166580623837309 ], [ 100.898320597239888, 9.07519621244942 ], [ 100.876566649553183, 9.024704467750119 ], [ 100.976064213562381, 9.0062789929336 ], [ 101.075561777571579, 9.024704467750119 ], [ 101.145578581874346, 8.995223708043691 ], [ 101.211910291213812, 8.947317473520744 ], [ 101.186114626470683, 8.892041049071191 ], [ 101.108727632241312, 8.822024244768421 ], [ 101.093987252388104, 8.74832234550235 ], [ 101.009230068232114, 8.718841585795921 ], [ 101.00185987830551, 8.600918546970208 ], [ 101.049766112828451, 8.519846457777529 ], [ 101.016600258158718, 8.460884938364671 ], [ 100.957638738745871, 8.394553229025208 ], [ 100.942898358892649, 8.261889810346279 ], [ 100.957638738745871, 8.202928290933421 ], [ 100.920787789112822, 8.147651866483868 ], [ 100.832345509993544, 8.08869034707101 ], [ 100.747588325837555, 8.029728827658154 ], [ 100.777069085543985, 7.926546168685653 ], [ 100.850770984810055, 7.886010124089314 ], [ 100.876566649553183, 7.782827465116814 ], [ 100.839715699920148, 7.705440470887439 ], [ 100.773383990580683, 7.661219331327795 ], [ 100.695996996351312, 7.653849141401189 ], [ 100.629665287011846, 7.591202527025028 ], [ 100.655460951754975, 7.53224100761217 ], [ 100.625980192048544, 7.465909298272706 ], [ 100.559648482709079, 7.440113633529581 ], [ 100.456465823736579, 7.450247644678665 ], [ 100.391976661878772, 7.431822169862147 ], [ 100.327487500020951, 7.295473656219915 ], [ 100.235360125938371, 7.251252516660272 ], [ 100.22430484104845, 7.177550617394201 ], [ 100.19482408134202, 7.085423243311611 ], [ 100.113751992149346, 7.055942483605183 ], [ 100.110066897186044, 6.982240584339111 ], [ 100.132177466965871, 6.897483400183129 ], [ 100.065845757626406, 6.845892070696879 ], [ 99.925812149020857, 6.794300741210629 ], [ 99.81157420515845, 6.801670931137235 ], [ 99.656800216699708, 6.7648199815042 ], [ 99.594153602323544, 6.650582037641789 ], [ 99.487285848387742, 6.613731088008754 ], [ 99.343567144818905, 6.598990708155539 ], [ 99.269865245552822, 6.540029188742682 ], [ 99.225644105993183, 6.46632728947661 ], [ 99.122461447020683, 6.4552720045867 ], [ 99.008223503158277, 6.440531624733485 ], [ 99.104035972204173, 6.525288808889468 ], [ 99.155627301690416, 6.646896942678485 ], [ 99.159312396653718, 6.735339221797772 ], [ 99.122342572989695, 6.835609467009417 ], [ 99.078240307461044, 6.864317545513397 ], [ 98.949261983745416, 6.845892070696879 ], [ 98.886615369369252, 6.893798305219825 ], [ 98.930836508928891, 6.993295869229022 ], [ 98.879839549598103, 7.092377374129927 ], [ 98.765007235580242, 7.148069857687772 ], [ 98.702360621204079, 7.107533813091433 ], [ 98.636028911864614, 7.048572293678576 ], [ 98.510735683112287, 7.06331267353179 ], [ 98.42229340399301, 7.129644382871254 ], [ 98.289629985314079, 7.184920807320808 ], [ 98.289629985314079, 7.26967799147679 ], [ 98.333851124873718, 7.354435175632772 ], [ 98.334207746967024, 7.463264351081775 ], [ 98.201187706194787, 7.46498802453188 ], [ 98.086949762332381, 7.52763463890804 ], [ 97.972711818469975, 7.575540873430987 ], [ 97.884269539350683, 7.52763463890804 ], [ 97.817937830011218, 7.531319733871344 ], [ 97.758976310598356, 7.597651443210808 ], [ 97.711070076075416, 7.538689923797951 ], [ 97.648423461699252, 7.560800493577773 ], [ 97.733180645855242, 7.697149007220005 ], [ 97.814252735047916, 7.741370146779648 ], [ 97.85110368468095, 7.885088850348487 ], [ 97.836363304827742, 7.962475844577862 ], [ 97.755291215635054, 8.006696984137506 ], [ 97.749347514081421, 8.133713886340884 ], [ 97.646580914217594, 8.177132626190296 ], [ 97.606044869621243, 8.118171106777439 ], [ 97.543398255245094, 8.110800916850833 ], [ 97.488121830795535, 8.19187300604351 ], [ 97.366513697006511, 8.213983575823333 ], [ 97.278071417887233, 8.33559170961235 ], [ 97.160148379061511, 8.379812849171993 ], [ 97.13066761935508, 8.457199843401368 ], [ 97.141722904245, 8.527216647704137 ], [ 97.135957513737978, 8.632984816852986 ], [ 96.962995798524773, 8.657116245160587 ], [ 96.811906905029332, 8.646060960270677 ], [ 96.764000670506377, 8.58709944085782 ], [ 96.646077631680669, 8.583414345894516 ], [ 96.542894972708169, 8.53550811137157 ], [ 96.506044023075134, 8.487601876848624 ], [ 96.461822883515481, 8.509712446628445 ], [ 96.465507978478797, 8.635005675380766 ], [ 96.38443588928611, 8.705022479683535 ], [ 96.351270034616377, 8.84505608828907 ], [ 96.218606615937446, 8.867166658068891 ], [ 96.012241297992446, 8.852426278215678 ], [ 95.839041834717179, 8.79346475880282 ], [ 95.761654840487807, 8.830315708435856 ], [ 95.942224493689679, 8.933498367408356 ], [ 95.986445633249332, 9.036681026380856 ], [ 95.960649968506203, 9.173029540023089 ], [ 96.082258102295214, 9.217250679582731 ], [ 96.060147532515401, 9.40150542774791 ], [ 96.082258102295214, 9.512058276647018 ], [ 96.163330191487901, 9.530483751463535 ], [ 96.178070571341109, 9.619847304323649 ], [ 96.219438734155048, 9.68501999186063 ], [ 96.08594319725853, 9.667753538846595 ], [ 96.052777342588797, 9.730400153222755 ], [ 96.004871108065842, 9.789361672635613 ], [ 95.875892784350214, 9.785676577672309 ], [ 95.761654840487807, 9.800416957525524 ], [ 95.717433700928169, 9.840953002121863 ], [ 95.48527271824004, 9.852008287011774 ], [ 95.514753477946471, 9.940450566131059 ], [ 95.426311198827179, 9.995726990580613 ], [ 95.378404964304238, 10.047318320066863 ], [ 95.293647780148248, 10.047318320066863 ], [ 95.245741545625307, 10.074035258550815 ], [ 95.264167020441832, 10.103516018257244 ], [ 95.363664584451016, 10.155107347743494 ], [ 95.371034774377634, 10.214068867156351 ], [ 95.385775154230842, 10.284085671459119 ], [ 95.444736673643703, 10.280400576495815 ], [ 95.511068382983169, 10.287770766422422 ], [ 95.518438572909773, 10.354102475761886 ], [ 95.533178952762981, 10.427804375027957 ], [ 95.625306326845575, 10.5217742965922 ], [ 95.636361611735481, 10.661807905197737 ], [ 95.595825567139144, 10.776045849060148 ], [ 95.470532338386832, 10.798156418839969 ], [ 95.367349679414332, 10.871858318106041 ], [ 95.363664584451016, 10.941875122408808 ], [ 95.429996293790481, 10.978726072041844 ], [ 95.441051578680401, 11.048742876344612 ], [ 95.400515534084064, 11.085593825977648 ], [ 95.301017970074867, 11.092964015904256 ], [ 95.282592495258342, 11.162980820207023 ], [ 95.223630975845481, 11.240367814436398 ], [ 95.168354551395936, 11.255108194289612 ], [ 95.131503601762901, 11.351841937076331 ], [ 95.234686260735401, 11.392377981672672 ], [ 95.304703065038169, 11.392377981672672 ], [ 95.415255913937273, 11.506615925535082 ], [ 95.441051578680401, 11.595058204654368 ], [ 95.503698193056564, 11.642964439177314 ], [ 95.584770282249238, 11.672445198883743 ], [ 95.673212561368516, 11.661389913993833 ], [ 95.757969745524505, 11.701925958590172 ], [ 95.816931264937367, 11.786683142746154 ], [ 95.835356739753877, 11.875125421865439 ], [ 95.938539398726377, 11.867755231938833 ], [ 96.08594319725853, 11.897235991645262 ], [ 96.229661900827367, 12.011473935507672 ], [ 96.321789274909946, 12.133082069296691 ], [ 96.314419084983342, 12.258375298049012 ], [ 96.38443588928611, 12.302596437608655 ], [ 96.428657028845763, 12.42051947643437 ], [ 96.391806079212714, 12.457370426067405 ], [ 96.329159464836565, 12.450000236140799 ], [ 96.259142660533797, 12.339447387241691 ], [ 96.130164336818169, 12.339447387241691 ], [ 96.00118601310254, 12.306281532571958 ], [ 95.931169208799773, 12.239949823232495 ], [ 95.824301454863971, 12.199413778636155 ], [ 95.765339935451109, 12.217839253452672 ], [ 95.757969745524505, 12.295226247682047 ], [ 95.787450505230936, 12.361557957021512 ], [ 95.857467309533703, 12.413149286507762 ], [ 96.00118601310254, 12.47211080592062 ], [ 96.096998482148436, 12.538442515260083 ], [ 96.100683577111738, 12.590033844746333 ], [ 95.964335063469505, 12.601089129636245 ], [ 96.019611487919065, 12.663735744012405 ], [ 96.111738862001644, 12.73006745335187 ], [ 96.167015286451203, 12.814824637507853 ], [ 96.244402280680575, 12.847990492177583 ], [ 96.307048895056738, 12.807454447581245 ], [ 96.38443588928611, 12.814824637507853 ], [ 96.421286838919144, 12.888526536773924 ], [ 96.483933453295307, 12.899581821663833 ], [ 96.579745922341203, 12.889447810514749 ], [ 96.638707441754065, 12.963149709780822 ], [ 96.664503106497179, 13.106868413349661 ], [ 96.732974548396072, 13.195964499640381 ], [ 96.598171397157714, 13.198995787432251 ], [ 96.465507978478797, 13.232161642101982 ], [ 96.369695509432901, 13.287438066551536 ], [ 96.314419084983342, 13.235846737065286 ], [ 96.233346995790669, 13.243216926991893 ], [ 96.144904716671377, 13.316918826257965 ], [ 96.08594319725853, 13.493803384496536 ], [ 96.18912585623103, 13.512228859313055 ], [ 96.277568135350307, 13.619096613248859 ], [ 96.155960001561297, 13.655947562881893 ], [ 96.056462437552099, 13.707538892368143 ], [ 96.019611487919065, 13.784925886597518 ], [ 95.920113923909867, 13.781240791634216 ], [ 95.820616359900669, 13.810721551340643 ], [ 95.739544270707981, 13.880738355643413 ], [ 95.654787086552005, 13.910219115349841 ], [ 95.544234237652901, 13.862312880826893 ], [ 95.393145344157446, 13.891793640533322 ], [ 95.372877321859278, 13.959046623613613 ], [ 95.361822036969372, 14.029063427916382 ], [ 95.263691524317622, 14.031351753015185 ], [ 95.212575690955575, 13.959046623613613 ], [ 95.116763221909679, 13.914825484053971 ], [ 95.002525278047273, 13.922195673980578 ], [ 94.880917144258248, 13.940621148797096 ], [ 94.873546954331644, 13.848493774714507 ], [ 94.818270529882099, 13.763736590558524 ], [ 94.751938820542634, 13.745311115742007 ], [ 94.714493500754287, 13.652440778965731 ], [ 94.748253725579332, 13.5103863118314 ], [ 94.652441256533436, 13.414573842785506 ], [ 94.527148027781109, 13.392463273005685 ], [ 94.37213629126029, 13.403696868942827 ], [ 94.365003849395762, 13.215578714767114 ], [ 94.329341640073551, 13.097001868771105 ], [ 94.438705748661832, 13.060804726308364 ], [ 94.490297078148075, 12.950251877409258 ], [ 94.543314896007232, 12.819728191289672 ], [ 94.605723762321233, 12.775150429636806 ], [ 94.643169082109651, 12.693127348195533 ], [ 94.643169082109651, 12.602188714423686 ], [ 94.621771756516267, 12.518382522516299 ], [ 94.66991573910137, 12.477370981795662 ], [ 94.68596373329639, 12.397131010820504 ], [ 94.657433965838607, 12.275879499125219 ], [ 94.637819750711301, 12.164435094992545 ], [ 94.652084634440214, 12.084195124017388 ], [ 94.595025099524548, 11.948678728592675 ], [ 94.527266901812197, 11.909450298338154 ], [ 94.450593151769269, 11.872004978549747 ], [ 94.454159372701497, 11.80424678083739 ], [ 94.370353180794112, 11.722223699396118 ], [ 94.268715884225571, 11.650899280751533 ], [ 94.172427919055451, 11.584924193505875 ], [ 94.167078587657045, 11.482395341703702 ], [ 94.193825244648764, 11.428902027720262 ], [ 94.190259023716521, 11.337963393948417 ], [ 94.17242791905538, 11.263072754371603 ], [ 94.213439459776012, 11.214928771786507 ], [ 94.192042134182643, 11.165001678735297 ], [ 94.145681262063661, 11.150736795006381 ], [ 94.086838616681874, 11.147170574074151 ], [ 93.997683093376153, 11.140038132209693 ], [ 93.890696465409277, 11.050882608903962 ], [ 93.822938267696912, 11.059798161234534 ], [ 93.765878732781289, 11.056231940302798 ], [ 93.775685840344877, 11.012099956265967 ], [ 93.836311596192772, 11.004967514401509 ], [ 93.888021799710103, 10.972871526011444 ], [ 93.893371131108438, 10.910462659697433 ], [ 93.893371131108438, 10.853403124781764 ], [ 93.857708921786156, 10.815957804993356 ], [ 93.84522714852335, 10.764247601476033 ], [ 93.814914270599402, 10.705404956094251 ], [ 93.736457410090352, 10.707188066560365 ], [ 93.736457410090352, 10.744633386348772 ], [ 93.768553398480421, 10.815957804993356 ], [ 93.711493863564755, 10.873017339909026 ], [ 93.649084997250739, 10.887282223637943 ], [ 93.554580142546669, 10.896197775968515 ], [ 93.517134822758251, 10.946124869019725 ], [ 93.501086828563231, 11.013883066732081 ], [ 93.378052206401321, 11.056677717918832 ], [ 93.313860229621184, 11.131568357495647 ], [ 93.28176424123113, 11.211808328470806 ], [ 93.274631799366659, 11.290265188979848 ], [ 93.235403369112149, 11.317011845971567 ], [ 93.101670084153554, 11.306313183174881 ], [ 93.060658543432908, 11.372288270421121 ], [ 93.021430113178383, 11.445395799531822 ], [ 92.950105694533804, 11.51850332864252 ], [ 92.998249677118892, 11.555948648430928 ], [ 93.003599008517241, 11.600526410083795 ], [ 92.959021246864381, 11.646887282202774 ], [ 92.975069241059416, 11.707513038050672 ], [ 92.995575011419774, 11.782849455244602 ], [ 92.885022162520613, 11.792210785191116 ], [ 92.797649749681, 11.818957442182835 ], [ 92.676398237985211, 11.858185872437357 ], [ 92.620230258302598, 11.897860080308408 ], [ 92.500761857072916, 11.874679644248918 ], [ 92.395558339572148, 11.88716141751172 ], [ 92.411606333767182, 11.94065473149516 ], [ 92.504328078005145, 12.004846708275286 ], [ 92.504328078005145, 12.085086679250445 ], [ 92.556038281522476, 12.143929324632227 ], [ 92.584568048980302, 12.229964404622258 ], [ 92.48828008381011, 12.311987486063531 ], [ 92.416955665165531, 12.308421265131301 ], [ 92.345631246520938, 12.356565247716397 ], [ 92.301053484868078, 12.415407893098179 ], [ 92.217247292960693, 12.40827545123372 ], [ 92.145922874316099, 12.449286991954358 ], [ 92.088863339400433, 12.479599869878305 ], [ 92.065682903340942, 12.522394521065056 ], [ 92.083514008002098, 12.572321614116266 ], [ 92.072815345205413, 12.622248707167476 ], [ 92.033586914950888, 12.681091352549259 ], [ 91.969394938170751, 12.729235335134353 ], [ 91.946214502111275, 12.784511759583907 ], [ 92.003274037026941, 12.845137515431805 ], [ 92.039003491431941, 12.889131440493454 ], [ 92.030656957631734, 12.930446782804504 ], [ 92.008955969751185, 12.962163611245311 ], [ 91.968892607510156, 13.007234893766457 ], [ 91.960546073709949, 13.068999243888026 ], [ 91.953868846669778, 13.119078446689299 ], [ 91.910466870908678, 13.145787354849979 ], [ 91.870403508667664, 13.157472502170275 ], [ 91.810308465306136, 13.184181410330954 ], [ 91.753552035464693, 13.210890318491634 ], [ 91.730181740824094, 13.269316055093118 ], [ 91.691787685343115, 13.295607636563787 ], [ 91.650889669722076, 13.269733381783128 ], [ 91.622511454801355, 13.206299724901516 ], [ 91.564085718199877, 13.179590816740838 ], [ 91.51066790187852, 13.166236362660499 ], [ 91.492305527518042, 13.136188840979734 ], [ 91.490636220758006, 13.091117558458588 ], [ 91.435549097676599, 13.076093797618208 ], [ 91.385469894875328, 13.05773142325774 ], [ 91.329548118413911, 13.058566076637762 ], [ 91.278634262232615, 13.049384889457528 ], [ 91.218539218871086, 13.059400730017783 ], [ 91.175137243109987, 13.091117558458588 ], [ 91.091671905107859, 13.10614131929897 ], [ 91.056616463146966, 13.139527454499818 ], [ 90.995686766405427, 13.162897749140413 ], [ 90.937261029803935, 13.156220522100243 ], [ 90.887181827002664, 13.122834386899395 ], [ 90.873827372922321, 13.072755184098122 ], [ 90.807055102520636, 13.049384889457528 ], [ 90.753637286199265, 13.056062116497698 ], [ 90.711904617198215, 13.047715582697485 ], [ 90.683526402277494, 13.074424490858165 ], [ 90.680187788757408, 13.107810626059013 ], [ 90.656817494116808, 13.151212601820117 ], [ 90.59672245075528, 13.167905669420541 ], [ 90.559997702034352, 13.164567055900456 ], [ 90.526611566833495, 13.177921509980795 ], [ 90.541635327673887, 13.209638338421602 ], [ 90.601730371035416, 13.211307645181645 ], [ 90.64012442651638, 13.216315565461771 ], [ 90.708566003678129, 13.221323485741898 ], [ 90.750298672679193, 13.259717541222875 ], [ 90.777007580839864, 13.321481891344444 ], [ 90.790362034920207, 13.396600695546354 ], [ 90.775338274079829, 13.477144746718402 ], [ 90.795369955200329, 13.553932857680353 ], [ 90.763653126759522, 13.615697207801922 ], [ 90.723589764518508, 13.659099183563026 ], [ 90.678518481997358, 13.672453637643367 ], [ 90.665164027917029, 13.7091783863643 ], [ 90.680187788757408, 13.754249668885445 ], [ 90.721920457758472, 13.75758828240553 ], [ 90.755306592959315, 13.779289270286082 ], [ 90.771999660559743, 13.851069460967906 ], [ 90.763653126759522, 13.911164504329435 ], [ 90.716912537478336, 13.919511038129645 ], [ 90.675179868477287, 13.935786779040059 ], [ 90.626769972436051, 13.961243707130707 ], [ 90.53161948711363, 13.957905093610622 ], [ 90.449823455871552, 13.947889253050366 ], [ 90.390563065890063, 13.961243707130707 ], [ 90.352169010409085, 13.987952615291386 ], [ 90.290404660287507, 13.996299149091598 ], [ 90.251175951426518, 13.985865981841332 ], [ 90.225301696645857, 13.961243707130707 ], [ 90.2386561507262, 13.932865492209986 ], [ 90.230309616925979, 13.907825890809349 ], [ 90.19358486820505, 13.889463516448883 ], [ 90.140167051883694, 13.879447675888628 ], [ 90.101772996402715, 13.882786289408712 ], [ 90.056701713881566, 13.872770448848458 ], [ 90.046685873321309, 13.84606154068778 ], [ 90.048355180081359, 13.816014019007016 ], [ 90.075064088242044, 13.800990258166633 ], [ 90.090087849082423, 13.767604122965784 ], [ 90.078402701762116, 13.730879374244852 ], [ 90.048355180081359, 13.727540760724766 ], [ 90.016638351640552, 13.72420214720468 ], [ 89.978244296159573, 13.712516999884384 ], [ 89.956543308279024, 13.672453637643367 ], [ 89.959881921799109, 13.635728888922433 ], [ 89.979913602919623, 13.604012060481626 ], [ 89.989929443479866, 13.565618005000649 ], [ 89.966559148839281, 13.550594244160269 ], [ 89.931503706878388, 13.543917017120098 ], [ 89.909802718997838, 13.512200188679293 ], [ 89.898117571677545, 13.468798212918189 ], [ 89.856384902676481, 13.435412077717341 ], [ 89.834683914795932, 13.385332874916067 ], [ 89.793785899174893, 13.361545253585463 ], [ 89.789612632274782, 13.393679408716279 ], [ 89.797959166074989, 13.448766531797681 ], [ 89.814652233675417, 13.515538802199377 ], [ 89.843030448596139, 13.587318992881201 ], [ 89.833014608035882, 13.64073680920256 ], [ 89.817990847195503, 13.685808091723706 ], [ 89.846369062116224, 13.730879374244852 ], [ 89.861392822956603, 13.816014019007016 ], [ 89.899786878437581, 13.866093221808288 ], [ 89.944858160958731, 13.919511038129645 ], [ 89.936511627158509, 13.971259547690961 ], [ 89.91481063927796, 14.019669443732191 ], [ 89.896448264917495, 14.076425873573635 ], [ 89.87307797027691, 14.104804088494356 ], [ 89.866400743236738, 14.139859530455247 ], [ 89.89310965139741, 14.184930812976393 ], [ 89.91481063927796, 14.213309027897115 ], [ 89.919818559558095, 14.260049617178302 ], [ 89.903125491957667, 14.303451592939405 ], [ 89.924826479838217, 14.356869409260764 ], [ 89.910533040705161, 14.389838217771128 ], [ 89.828841341135785, 14.391507524531644 ], [ 89.78043144509455, 14.376483763691262 ], [ 89.740368082853536, 14.36146000285088 ], [ 89.703643334132593, 14.363129309610922 ], [ 89.701974027372557, 14.393176831291687 ], [ 89.693627493572336, 14.421555046212408 ], [ 89.641878984011029, 14.444925340853002 ], [ 89.561752259528987, 14.434909500292747 ], [ 89.493310682367252, 14.441586727332917 ], [ 89.438223559285845, 14.468295635493595 ], [ 89.398160197044831, 14.498343157174359 ], [ 89.34808099424356, 14.535067905895293 ], [ 89.301340404962374, 14.583477801936523 ], [ 89.267954269761518, 14.646911458818137 ], [ 89.271292883281603, 14.685305514299111 ], [ 89.274631496801689, 14.742061944140554 ], [ 89.261277042721346, 14.808834214542252 ], [ 89.221213680480332, 14.830535202422803 ], [ 89.16612655739894, 14.86892925790378 ], [ 89.104362207277362, 14.902315393104628 ], [ 89.044267163915833, 14.939457468515572 ], [ 88.975825586754098, 14.939457468515572 ], [ 88.904045396072277, 14.946134695555742 ], [ 88.832265205390442, 14.961158456396124 ], [ 88.778847389069085, 14.981190137516633 ], [ 88.750469174148364, 14.997883205117057 ], [ 88.675350369946457, 15.027930726797821 ], [ 88.64363354150565, 15.062986168758712 ], [ 88.575191964343915, 15.099710917479646 ], [ 88.531789988582801, 15.12850645909038 ], [ 88.494230586481848, 15.125167845570294 ], [ 88.502577120282069, 15.081765869809191 ], [ 88.460844451281005, 15.07341933600898 ], [ 88.415773168759856, 15.055056961648512 ], [ 88.397410794399391, 15.023340133207707 ], [ 88.39073356735922, 14.993292611526943 ], [ 88.342323671317999, 14.978268850686561 ], [ 88.308937536117142, 14.978268850686561 ], [ 88.303929615837021, 14.999969838567113 ], [ 88.322291990197485, 15.020001519687622 ], [ 88.342323671317999, 15.055056961648512 ], [ 88.337315751037863, 15.093451017129489 ], [ 88.338985057797913, 15.123498538810253 ], [ 88.293913775276764, 15.136852992890592 ], [ 88.277220707676335, 15.173577741611526 ], [ 88.273882094156249, 15.206963876812374 ], [ 88.282228627956471, 15.250365852573477 ], [ 88.280559321196421, 15.298775748614707 ], [ 88.293913775276764, 15.337169804095684 ], [ 88.280559321196421, 15.388918313656999 ], [ 88.248842492755614, 15.410619301537551 ], [ 88.186243489254025, 15.423139102237865 ], [ 88.140337553352865, 15.444005436738399 ], [ 88.070226669431079, 15.440666823218315 ], [ 88.030163307190051, 15.420635142097805 ], [ 88.00345439902938, 15.383910393376871 ], [ 87.940020742147766, 15.345516337895896 ], [ 87.861563324425774, 15.340508417615769 ], [ 87.789783133743953, 15.350524258176023 ], [ 87.732192050522485, 15.359705445356253 ], [ 87.684616807861275, 15.318807429735218 ], [ 87.679608887581153, 15.278744067494198 ], [ 87.632868298299954, 15.260381693133732 ], [ 87.591135629298904, 15.263720306653816 ], [ 87.544395040017704, 15.272066840454029 ], [ 87.52770197241729, 15.302114362134793 ], [ 87.554410880577962, 15.335500497335641 ], [ 87.57110394817839, 15.362209405496321 ], [ 87.601151469859147, 15.380571779856787 ], [ 87.57110394817839, 15.418965835337763 ], [ 87.52603266565724, 15.445674743498442 ], [ 87.514347518336947, 15.475722265179206 ], [ 87.500993064256605, 15.510777707140097 ], [ 87.460929702015591, 15.520793547700352 ], [ 87.454252474975419, 15.545833149100988 ], [ 87.412519805974355, 15.577549977541794 ], [ 87.349086149092741, 15.597581658662303 ], [ 87.29900694629147, 15.580888591061878 ], [ 87.295668332771385, 15.5541796829012 ], [ 87.242250516450028, 15.525801467980479 ], [ 87.165462405488071, 15.497423253059758 ], [ 87.097020828326336, 15.495753946299715 ], [ 87.037760438344833, 15.485738105739459 ], [ 87.021067370744404, 15.447344050258485 ], [ 87.006043609904026, 15.410619301537551 ], [ 86.999366382863855, 15.380571779856787 ], [ 86.967649554423048, 15.35553217845615 ], [ 86.929255498942069, 15.343847031135853 ], [ 86.899207977261312, 15.363878712256362 ], [ 86.882514909660884, 15.387249006896957 ], [ 86.880845602900848, 15.415627221817678 ], [ 86.869160455580541, 15.440666823218315 ], [ 86.849128774460041, 15.465706424618951 ], [ 86.830766400099563, 15.509108400380054 ], [ 86.789033731098513, 15.523297507840411 ], [ 86.742293141817328, 15.477391571939249 ], [ 86.672182257895543, 15.464037117858908 ], [ 86.622103055094271, 15.464037117858908 ], [ 86.603740680733793, 15.433154942798121 ], [ 86.545314944132315, 15.397264847457212 ], [ 86.510259502171422, 15.353862871696109 ], [ 86.495235741331044, 15.303783668894836 ], [ 86.423455550649223, 15.278744067494198 ], [ 86.376714961368023, 15.270397533693986 ], [ 86.318289224766545, 15.25871238637369 ], [ 86.243170420564638, 15.242853972153283 ], [ 86.213957552263892, 15.193609422732035 ], [ 86.227312006344235, 15.143530219930762 ], [ 86.215626859023928, 15.08009656304915 ], [ 86.172224883262828, 15.018332212927579 ], [ 86.180571417063035, 14.973260930406433 ], [ 86.167216962982707, 14.933197568165415 ], [ 86.138838748061985, 14.898142126204524 ], [ 86.100444692581007, 14.87477183156393 ], [ 86.062050637100029, 14.86809460452376 ], [ 86.038680342459429, 14.886456978884226 ], [ 86.050365489779736, 14.913165887044906 ], [ 86.073735784420322, 14.939874795205585 ], [ 86.072066477660286, 14.983276770966688 ], [ 86.053704103299822, 15.016662906167536 ], [ 86.028664501899186, 15.035025280528004 ], [ 86.020317968098965, 15.078427256289107 ], [ 85.97608133895784, 15.105970817829803 ], [ 85.856725905614809, 15.113482698249998 ], [ 85.758236806772302, 15.091781710369446 ], [ 85.696472456650739, 15.105136164449785 ], [ 85.621353652448832, 15.131845072610464 ], [ 85.538722967826729, 15.152711407110992 ], [ 85.491982378545543, 15.115152005010041 ], [ 85.445241789264344, 15.115152005010041 ], [ 85.38514674590283, 15.123498538810253 ], [ 85.376800212102609, 15.093451017129489 ], [ 85.350091303941937, 15.038363894048087 ], [ 85.284988340300274, 15.025009439967748 ], [ 85.238247751019088, 15.058395575168598 ], [ 85.163128946817181, 15.070080722488894 ], [ 85.11304974401591, 15.111813391489955 ], [ 85.042938860094125, 15.126002498950312 ], [ 84.997867577572976, 15.111813391489955 ], [ 84.949457681531754, 15.070080722488894 ], [ 84.845960662409112, 15.048379734608343 ], [ 84.749140870326656, 15.025009439967748 ], [ 84.676978308257048, 15.023506053257966 ], [ 84.669014145844613, 15.023340133207707 ], [ 84.612257716003171, 15.043371814328216 ], [ 84.552162672641643, 15.059230228548616 ], [ 84.513768617160679, 15.030017360247877 ], [ 84.503752776600422, 14.99830053180707 ], [ 84.438649812958758, 14.976599543926518 ], [ 84.368538929036987, 14.956567862806009 ], [ 84.318459726235716, 14.964914396606222 ], [ 84.263372603154309, 14.981607464206645 ], [ 84.240002308513709, 15.023340133207707 ], [ 84.178237958392145, 15.048379734608343 ], [ 84.12982806235091, 15.090112403609403 ], [ 84.049701337868882, 15.123498538810253 ], [ 83.977921147187047, 15.130175765850423 ], [ 83.914487490305447, 15.181924275411738 ], [ 83.901133036225104, 15.216145063992604 ], [ 83.90447164974519, 15.287090601294411 ], [ 83.88277066186464, 15.343847031135853 ], [ 83.846045913143698, 15.390587620417042 ], [ 83.800974630622548, 15.462367811098867 ], [ 83.759241961621498, 15.526636121360497 ], [ 83.698312264879945, 15.551258396071127 ], [ 83.634878607998331, 15.529557408190575 ], [ 83.553082576756253, 15.476139591869218 ], [ 83.509680600995154, 15.494501966229684 ], [ 83.487979613114604, 15.531226714950618 ], [ 83.516357828035325, 15.564612850151466 ], [ 83.558090497036375, 15.59466037183223 ], [ 83.556421190276339, 15.646408881393546 ], [ 83.523869708455507, 15.703582637924994 ], [ 83.533050895635739, 15.738220753195879 ], [ 83.566437030836596, 15.783292035717025 ], [ 83.548074656476132, 15.851733612878766 ], [ 83.534720202395789, 15.902230142370051 ], [ 83.521365748315446, 15.937285584330942 ], [ 83.482971692834468, 15.955647958691408 ], [ 83.417868729192818, 15.97067171953179 ], [ 83.391159821032133, 16.024089535853147 ], [ 83.338576658090801, 16.039113296693522 ], [ 83.306025176269969, 16.027428149373232 ], [ 83.292670722189641, 15.980687560092045 ], [ 83.244260826148405, 15.979018253332002 ], [ 83.220890531507806, 16.002388547972597 ], [ 83.212543997707598, 16.022420229093107 ], [ 83.21922122474777, 16.059144977814039 ], [ 83.224229145027891, 16.092531113014889 ], [ 83.187504396306963, 16.135933088775992 ], [ 83.187504396306963, 16.212721199737942 ], [ 83.164134101666363, 16.286170697179809 ], [ 83.132417273225556, 16.316218218860573 ], [ 83.096527177884653, 16.366297421661841 ], [ 83.058967775783699, 16.410534050802976 ], [ 82.994699465522061, 16.450597413043994 ], [ 82.904556900479776, 16.477306321204672 ], [ 82.839453936838112, 16.465621173884376 ], [ 82.797721267837048, 16.418880584603187 ], [ 82.749311371795827, 16.408864744042933 ], [ 82.714255929834934, 16.42054989136323 ], [ 82.682539101394127, 16.44308553262379 ], [ 82.62745197831272, 16.452266719804037 ], [ 82.579042082271499, 16.443920186003822 ], [ 82.518947038909971, 16.453936026564079 ], [ 82.473875756388821, 16.472298400924544 ], [ 82.46719852934865, 16.49566869556514 ], [ 82.473041103008796, 16.522377603725818 ], [ 82.466363875968625, 16.564110272726879 ], [ 82.41962328668744, 16.612520168768111 ], [ 82.360362896705936, 16.630047889748543 ], [ 82.324472801365019, 16.619197395808278 ], [ 82.291086666164176, 16.5924884876476 ], [ 82.224314395762477, 16.585811260607429 ], [ 82.14752628480052, 16.582472647087346 ], [ 82.075746094118699, 16.587480567367471 ], [ 81.997288676396707, 16.585811260607429 ], [ 81.915492645154629, 16.580803340327304 ], [ 81.827019386872379, 16.579134033567261 ], [ 81.773601570551023, 16.569118193007007 ], [ 81.743554048870251, 16.530724137526029 ], [ 81.691805539308945, 16.490660775285011 ], [ 81.620025348627124, 16.467290480644419 ], [ 81.55659169174551, 16.468959787404462 ], [ 81.48815011458376, 16.467290480644419 ], [ 81.418873884042, 16.453101373184047 ], [ 81.361282800820533, 16.447258799523908 ], [ 81.299518450698969, 16.42889642516344 ], [ 81.232746180297269, 16.437242958963655 ], [ 81.199360045096427, 16.463951867124333 ], [ 81.135926388214813, 16.487322161764926 ], [ 81.048287783312588, 16.496503348945151 ], [ 81.004051154171464, 16.46228256036429 ], [ 80.994035313611207, 16.42054989136323 ], [ 80.927263043209507, 16.38716375616238 ], [ 80.863829386327893, 16.362124154761744 ], [ 80.858821466047772, 16.322060792520727 ], [ 80.793718502406108, 16.292013270839963 ], [ 80.720269004964251, 16.258627135639113 ], [ 80.673528415683052, 16.265304362679284 ], [ 80.648488814282416, 16.29034396407992 ], [ 80.651827427802502, 16.32373009928077 ], [ 80.600078918241195, 16.350439007441448 ], [ 80.521621500519203, 16.350439007441448 ], [ 80.448172003077332, 16.338753860121152 ], [ 80.394754186755975, 16.360454848001702 ], [ 80.3488482508548, 16.372139995321998 ], [ 80.307115581853751, 16.343761780401277 ], [ 80.300438354813579, 16.307037031680345 ], [ 80.267052219612722, 16.280328123519666 ], [ 80.226988857371708, 16.278658816759624 ], [ 80.181917574850559, 16.280328123519666 ], [ 80.146862132889666, 16.297021191120091 ], [ 80.150200746409752, 16.327068712800852 ], [ 80.171901734290302, 16.355446927721573 ], [ 80.21029578977128, 16.370470688561955 ], [ 80.237004697931965, 16.398848903482676 ], [ 80.252028458772344, 16.425557811643358 ], [ 80.260374992572551, 16.453936026564079 ], [ 80.238674004692001, 16.47647166782464 ], [ 80.206957176251194, 16.46228256036429 ], [ 80.186925495130694, 16.435573652203612 ], [ 80.136846292329409, 16.423888504883315 ], [ 80.108468077408688, 16.44058157248374 ], [ 80.085097782768102, 16.46228256036429 ], [ 80.02834135292666, 16.465621173884376 ], [ 79.981600763645474, 16.435573652203612 ], [ 79.948214628444617, 16.413872664323058 ], [ 79.904812652683518, 16.393840983202551 ], [ 79.846386916082039, 16.382155835882255 ], [ 79.814670087641232, 16.397179596722637 ], [ 79.813000780881183, 16.42889642516344 ], [ 79.829693848481611, 16.46228256036429 ], [ 79.848056222842075, 16.497338002325183 ], [ 79.869757210722625, 16.525716217245904 ], [ 79.834701768761732, 16.584141953847389 ], [ 79.828024541721561, 16.630882543128575 ], [ 79.814670087641232, 16.679292439169807 ], [ 79.82301662144144, 16.727702335211038 ], [ 79.859741370162368, 16.76442708393197 ], [ 79.878103744522832, 16.814923613423254 ], [ 79.899804732403396, 16.864585489534516 ], [ 79.894796812123261, 16.908404791985628 ], [ 79.906481959443553, 16.982271616117512 ], [ 79.846386916082039, 17.013988444558318 ], [ 79.82301662144144, 17.065736954119632 ], [ 79.80131563356089, 17.114146850160864 ], [ 79.744559203719447, 17.119154770440993 ], [ 79.697818614438262, 17.169233973242264 ], [ 79.739551283439312, 17.200950801683071 ], [ 79.742889896959397, 17.244352777444174 ], [ 79.706165148238469, 17.299439900525574 ], [ 79.709503761758555, 17.384574545287737 ], [ 79.787961179480547, 17.464701269769776 ], [ 79.844717609321989, 17.499756711730655 ], [ 79.874765131002761, 17.565694328752347 ], [ 79.888119585083089, 17.595741850433111 ], [ 79.893127505363225, 17.642482439714296 ], [ 79.93819878788436, 17.67252996139506 ], [ 79.98327007040551, 17.682545801955317 ], [ 80.038357193486917, 17.697569562795696 ], [ 80.083428476008052, 17.70591609659591 ], [ 80.091775009808273, 17.745979458836928 ], [ 80.086767089528138, 17.796058661638202 ], [ 80.103460157128566, 17.854484398239688 ], [ 80.148531439649716, 17.889539840200577 ], [ 80.200279949211023, 17.901224987520873 ], [ 80.20153192928106, 17.9400363696918 ], [ 80.108468077408688, 17.940453696381859 ], [ 80.021664125886488, 17.983855672142962 ], [ 79.964907696045046, 17.940453696381859 ], [ 79.893127505363225, 17.906232907800987 ], [ 79.836371075521782, 17.890374493580584 ], [ 79.746228510479483, 17.900390334140837 ], [ 79.696149307678212, 17.937115082861773 ], [ 79.722858215838897, 17.980517058622876 ], [ 79.759582964559826, 18.027257647904065 ], [ 79.816339394401268, 18.040612101984404 ], [ 79.846386916082025, 18.077336850705336 ], [ 79.841378995801904, 18.124912093366547 ], [ 79.854733449882247, 18.159967535327436 ], [ 79.836371075521782, 18.1900150570082 ], [ 79.776276032160254, 18.193353670528285 ], [ 79.719519602318812, 18.178329909687903 ], [ 79.649408718397027, 18.178329909687903 ], [ 79.59599090207567, 18.195022977288328 ], [ 79.570951300675034, 18.226739805729135 ], [ 79.560518133424765, 18.26388188114003 ], [ 79.467454281552406, 18.248440793609685 ], [ 79.387327557070364, 18.213385351648796 ], [ 79.337248354269093, 18.166644762367607 ], [ 79.332240433988957, 18.109888332526165 ], [ 79.293846378507993, 18.069824970285147 ], [ 79.203703813465694, 18.081510117605443 ], [ 79.130254316023823, 18.103211105485993 ], [ 79.081844419982602, 18.084431404435517 ], [ 79.056804818581966, 18.05271457599471 ], [ 79.020080069861024, 18.017659134033817 ], [ 78.986693934660181, 18.009312600233606 ], [ 78.95664641297941, 18.020997747553903 ], [ 78.936197405168897, 18.043533388814431 ], [ 78.866503847937125, 18.044368042194495 ], [ 78.801400884295475, 18.024336361073988 ], [ 78.75299098825424, 18.034352201634242 ], [ 78.706250398973054, 18.059391803034877 ], [ 78.671194957012162, 18.087770017955599 ], [ 78.606091993370498, 18.087770017955599 ], [ 78.535981109448727, 18.062730416554963 ], [ 78.477555372847235, 18.034352201634242 ], [ 78.467539532286978, 17.980934385312885 ], [ 78.419129636245756, 17.949217556872078 ], [ 78.370719740204521, 17.934193796031696 ], [ 78.302278163042786, 17.902476967590889 ], [ 78.278907868402186, 17.864082912109915 ], [ 78.283915788682322, 17.823602223178884 ], [ 78.332325684723543, 17.811917075858588 ], [ 78.370719740204521, 17.828610143459009 ], [ 78.409113795685499, 17.850311131339563 ], [ 78.442499930886342, 17.835287370499181 ], [ 78.46086230524682, 17.803570542058374 ], [ 78.473799432637136, 17.758916586227194 ], [ 78.512610814808127, 17.730121044616507 ], [ 78.556012790569227, 17.668356694494936 ], [ 78.554343483809191, 17.609930957893454 ], [ 78.562690017609398, 17.531473540171458 ], [ 78.517618735088263, 17.461362656249676 ], [ 78.487571213407492, 17.407527513238307 ], [ 78.457523691726735, 17.339085936076565 ], [ 78.402436568645328, 17.314046334675929 ], [ 78.354026672604093, 17.307369107635758 ], [ 78.33357766479358, 17.271479012294805 ], [ 78.377396967244692, 17.243935450754147 ], [ 78.402436568645328, 17.207210702033212 ], [ 78.452515771446599, 17.210549315553298 ], [ 78.537650416208763, 17.188848327672748 ], [ 78.581052391969862, 17.13709981811143 ], [ 78.607761300130548, 17.066988934189649 ], [ 78.617777140690805, 17.026925571948631 ], [ 78.596076152810255, 16.995208743507824 ], [ 78.572705858169655, 16.958483994786892 ], [ 78.542658336488898, 16.928436473106128 ], [ 78.503846954317908, 16.887538457485046 ], [ 78.490909826927577, 16.854152322284232 ], [ 78.50426428100792, 16.824104800603468 ], [ 78.544327643248934, 16.824104800603468 ], [ 78.589398925770084, 16.810750346523129 ], [ 78.601084073090377, 16.775694904562236 ], [ 78.589398925770084, 16.715599861200708 ], [ 78.567697937889534, 16.678875112479776 ], [ 78.534311802688677, 16.655504817839184 ], [ 78.477555372847235, 16.623787989398377 ], [ 78.420798943005792, 16.560354332516763 ], [ 78.379066274004728, 16.530306810835999 ], [ 78.3423415252838, 16.480227608034728 ], [ 78.3423415252838, 16.423471178193285 ], [ 78.310624696842993, 16.363376134831757 ], [ 78.268892027841929, 16.329572672940905 ], [ 78.225490052080829, 16.284501390419759 ], [ 78.178749462799644, 16.246107334938785 ], [ 78.133678180278494, 16.214390506497978 ], [ 78.085268284237273, 16.179335064537089 ], [ 78.076921750437052, 16.137602395536028 ], [ 78.038527694956073, 16.120909327935603 ], [ 78.005141559755231, 16.11924002117556 ], [ 77.96799948434429, 16.104216260335129 ], [ 77.973424731314424, 16.074168738654414 ], [ 78.003472252995181, 16.062483591334118 ], [ 78.036858388196038, 16.067491511614243 ], [ 78.045204921996245, 16.03577468317344 ], [ 78.031850467915902, 15.994042014172377 ], [ 78.030181161155866, 15.932277664050808 ], [ 78.020165320595609, 15.883867768009576 ], [ 77.988448492154802, 15.853820246328812 ], [ 77.960070277234081, 15.852150939568771 ], [ 77.926684142033238, 15.842135099008516 ], [ 77.896636620352467, 15.822103417888007 ], [ 77.898305927112517, 15.7903865894472 ], [ 77.921676221753103, 15.762008374526479 ], [ 77.923345528513153, 15.720275705525419 ], [ 77.894967313592431, 15.70024402440491 ], [ 77.858242564871489, 15.675204423004272 ], [ 77.828195043190732, 15.650164821603637 ], [ 77.818179202630475, 15.61844799316283 ], [ 77.811501975590303, 15.586731164722023 ], [ 77.818179202630475, 15.556683643041261 ], [ 77.784793067429632, 15.53665196192075 ], [ 77.72636733082814, 15.519958894320327 ], [ 77.713012876747797, 15.539990575440836 ], [ 77.723028717308054, 15.5700380971216 ], [ 77.764761386309118, 15.598416312042321 ], [ 77.786462374189668, 15.636810367523298 ], [ 77.761422772789032, 15.66685788920406 ], [ 77.746399011948654, 15.696905410884824 ], [ 77.769769306589239, 15.731960852845715 ], [ 77.769769306589239, 15.775362828606818 ], [ 77.758084159268947, 15.812087577327752 ], [ 77.699658422667468, 15.82377272464805 ], [ 77.676288128026869, 15.847143019288643 ], [ 77.614523777905305, 15.848812326048686 ], [ 77.568200515314118, 15.837961832108357 ], [ 77.560271308203923, 15.801237083387477 ], [ 77.565279228484044, 15.7628430279065 ], [ 77.543578240603495, 15.724448972425524 ], [ 77.506853491882566, 15.702747984544972 ], [ 77.465120822881502, 15.676039076384294 ], [ 77.426726767400524, 15.647660861463573 ], [ 77.443419835000952, 15.622621260062935 ], [ 77.493499037802223, 15.622621260062935 ], [ 77.530223786523152, 15.612605419502682 ], [ 77.530223786523152, 15.585896511342002 ], [ 77.490160424282138, 15.567534136981536 ], [ 77.450097062041124, 15.544163842340941 ], [ 77.395009938959717, 15.539155922060814 ], [ 77.347852022988519, 15.505769786859913 ], [ 77.334080242218178, 15.455273257368681 ], [ 77.342426776018385, 15.403524747807365 ], [ 77.322395094897871, 15.360122772046262 ], [ 77.27398519885665, 15.333413863885582 ], [ 77.215559462255158, 15.300027728684734 ], [ 77.145448578333372, 15.264972286723843 ], [ 77.093700068772065, 15.253287139403547 ], [ 77.041951559210744, 15.239932685323206 ], [ 76.976848595569095, 15.238263378563165 ], [ 76.911745631927431, 15.244940605603334 ], [ 76.867091676096294, 15.231586151522942 ], [ 76.855823855466014, 15.201121303152219 ], [ 76.847477321665806, 15.151042100350946 ], [ 76.797398118864535, 15.139356953030648 ], [ 76.732295155222872, 15.122663885430224 ], [ 76.653003084120854, 15.09929359078963 ], [ 76.571207052878776, 15.084269829949248 ], [ 76.519458543317469, 15.104301511069757 ], [ 76.481064487836491, 15.137687646270606 ], [ 76.444339739115549, 15.157719327391115 ], [ 76.382575388993985, 15.15438071387103 ], [ 76.354614500763276, 15.129758439160353 ], [ 76.335834799712799, 15.1059708178298 ], [ 76.329157572672628, 15.077592602909078 ], [ 76.320811038872421, 15.012489639267423 ], [ 76.280747676631393, 14.982442117586659 ], [ 76.235676394110257, 14.972426277026404 ], [ 76.199368972079327, 14.954481229355897 ], [ 76.218983326509829, 14.914000540424921 ], [ 76.210636792709622, 14.878945098464028 ], [ 76.187266498069022, 14.830535202422798 ], [ 76.153045709488154, 14.79005451349177 ], [ 76.164730856808447, 14.738306003930454 ], [ 76.166400163568497, 14.70158125520952 ], [ 76.138021948647776, 14.696573334929393 ], [ 76.116320960767212, 14.714935709289859 ], [ 76.082934825566369, 14.751660458010793 ], [ 76.046210076845441, 14.768353525611218 ], [ 75.977768499683691, 14.765014912091132 ], [ 75.909326922521956, 14.761676298571048 ], [ 75.850901185920463, 14.758337685050963 ], [ 75.817515050719621, 14.713266402529817 ], [ 75.7657665411583, 14.709927789009733 ], [ 75.707340804556821, 14.709927789009733 ], [ 75.6789625896361, 14.679880267328969 ], [ 75.623875466554694, 14.668195120008672 ], [ 75.597166558394022, 14.706589175489647 ], [ 75.535402208272444, 14.718274322809945 ], [ 75.497425479481478, 14.728290163370147 ], [ 75.431905189149816, 14.713266402529817 ], [ 75.391841826908802, 14.676541653808883 ], [ 75.381825986348545, 14.636478291567865 ], [ 75.323400249747067, 14.609769383407187 ], [ 75.273321046945782, 14.591407009046719 ], [ 75.216981943794352, 14.591407009046668 ], [ 75.194863629223789, 14.576383248206337 ], [ 75.201540856263961, 14.537989192725362 ], [ 75.209887390064182, 14.504603057524513 ], [ 75.174831948103289, 14.482902069643961 ], [ 75.131429972342175, 14.476224842603791 ], [ 75.070082948910624, 14.466209002043486 ], [ 75.002893351818912, 14.45452385472324 ], [ 74.967003256478009, 14.427397619872551 ], [ 74.933617121277152, 14.425728313112508 ], [ 74.884372571855906, 14.420720392832381 ], [ 74.844487008738312, 14.420633142065356 ], [ 74.812383717829078, 14.414147497464665 ], [ 74.802159213923815, 14.402045023454356 ], [ 74.802159213923815, 14.379926708883794 ], [ 74.78838743315346, 14.372414828463604 ], [ 74.76668644527291, 14.371162848393572 ], [ 74.744150804012335, 14.370745521703562 ], [ 74.713685955641566, 14.358225721003244 ], [ 74.684264423995813, 14.338507034900243 ], [ 74.64670502189486, 14.319727333849766 ], [ 74.606224332963833, 14.313884760189618 ], [ 74.56449166396277, 14.314302086879628 ], [ 74.519003054751622, 14.316806047019691 ], [ 74.478522365820581, 14.322648620679839 ], [ 74.439710983649604, 14.334751094690148 ], [ 74.414671382248969, 14.352278815670592 ], [ 74.395891681198492, 14.368971883271017 ], [ 74.357080299027501, 14.371893170101092 ], [ 74.314930303336425, 14.371893170101092 ], [ 74.277370901235471, 14.368971883271017 ], [ 74.254835259974897, 14.361042676160816 ], [ 74.242941449309598, 14.34549725695792 ], [ 74.238350855719474, 14.330890822807548 ], [ 74.237933529029476, 14.321292308937306 ], [ 74.232090955369316, 14.313780428517115 ], [ 74.219571154668998, 14.314615081897136 ], [ 74.204547393828619, 14.315867061967166 ], [ 74.182011752568044, 14.306685874786934 ], [ 74.159058784617471, 14.293331420706593 ], [ 74.130263243006738, 14.284150233526361 ], [ 74.10480631491609, 14.280811620006276 ], [ 74.081853346965502, 14.277473006486192 ], [ 74.058065725634904, 14.275386373036138 ], [ 74.041894316396991, 14.268813477668477 ], [ 74.036573401099346, 14.256919667003173 ], [ 74.033652114269273, 14.245234519682874 ], [ 74.033652114269273, 14.229793432152482 ], [ 74.020714986878943, 14.209761751031973 ], [ 74.004439245968541, 14.188060763151421 ], [ 73.988998158438136, 14.175958289141114 ], [ 73.966879843867574, 14.171367695550996 ], [ 73.936832322186817, 14.172619675621029 ], [ 73.914296680926242, 14.172619675621029 ], [ 73.893847673115729, 14.171785022241007 ], [ 73.872564011925178, 14.168863735410934 ], [ 73.854931959272236, 14.165316458545846 ], [ 73.840429856794373, 14.164690468510827 ], [ 73.827388397731539, 14.168550740393428 ], [ 73.81246896856365, 14.168446408720923 ], [ 73.799427509500831, 14.173141333983544 ], [ 73.783464763607924, 14.175175801597344 ], [ 73.767815012732527, 14.177679761737407 ], [ 73.753104246909643, 14.181487867783757 ], [ 73.739749792829301, 14.186495788063883 ], [ 73.720344101743819, 14.19734628200416 ], [ 73.701355737348337, 14.206736132529397 ], [ 73.682367372952854, 14.214456676294594 ], [ 73.666300295387444, 14.219255933229714 ], [ 73.651067871202059, 14.22488984354486 ], [ 73.634583466946637, 14.228750115427459 ], [ 73.617473072656196, 14.226976476994913 ], [ 73.602449311815818, 14.219881923264733 ], [ 73.583252284075328, 14.210283409394489 ], [ 73.561968622884791, 14.198598262074192 ], [ 73.538181001554179, 14.192755688414042 ], [ 73.508550806563434, 14.19025172827398 ], [ 73.500204272763213, 14.202354202284287 ], [ 73.500621599453225, 14.21821261650469 ], [ 73.503960212973311, 14.243252217905326 ], [ 73.498534966003177, 14.271213106136038 ], [ 73.492692392343031, 14.292183772309071 ], [ 73.466400810872358, 14.30011297941927 ], [ 73.431345368911465, 14.302616939559332 ], [ 73.402967153990744, 14.299278326039248 ], [ 73.379596859350158, 14.299695652729259 ], [ 73.356643891399571, 14.308876839909491 ], [ 73.335777556899032, 14.327239214269962 ], [ 73.311155282188409, 14.334333768000139 ], [ 73.281942413887663, 14.336420401450193 ], [ 73.231028557706381, 14.333499114620118 ], [ 73.213500836725927, 14.341010995040309 ], [ 73.204736976235708, 14.357704062640734 ], [ 73.17928004814506, 14.367719903200991 ], [ 73.155492426814462, 14.354365449120651 ], [ 73.154657773434437, 14.320144660539782 ], [ 73.124610251753666, 14.295105059139145 ], [ 73.086216196272687, 14.2775773381587 ], [ 73.044483527271638, 14.282585258438827 ], [ 73.007341451860682, 14.25671100365817 ], [ 72.91761621350841, 14.264222884078361 ], [ 72.806607313965586, 14.25754565703819 ], [ 72.72355930265347, 14.249199123237979 ], [ 72.599195949030317, 14.236679322537659 ], [ 72.47483259540715, 14.234175362397597 ], [ 72.401591761310286, 14.233966699052591 ], [ 72.360067755654242, 14.240852589437766 ], [ 72.320004393413214, 14.267561497598445 ], [ 72.254066776391539, 14.275908031398657 ], [ 72.188129159369865, 14.276742684778679 ], [ 72.11801827544808, 14.27173476449855 ], [ 72.047072738146284, 14.265892190838402 ], [ 71.957347499793997, 14.2579629837282 ], [ 71.944827699093679, 14.290514465549029 ], [ 71.95150492613385, 14.327239214269962 ], [ 71.964859380214193, 14.354782775810662 ], [ 71.989898981614829, 14.378987723831278 ], [ 72.013269276255414, 14.415712472552212 ], [ 72.050828678356382, 14.416547125932231 ], [ 72.078372239897078, 14.451602567893124 ], [ 72.081710853417164, 14.491665930134142 ], [ 72.067521745956796, 14.547587706595563 ], [ 72.044986104696221, 14.583269138591469 ], [ 72.043316797936185, 14.620202550657408 ], [ 72.017859869845537, 14.646076805438067 ], [ 72.004296752420188, 14.655466655963304 ], [ 71.964650716869187, 14.659848586208417 ], [ 71.928760621528269, 14.659013932828396 ], [ 71.894957159637414, 14.658387942793379 ], [ 71.878264092036986, 14.666108486558576 ], [ 71.877012111966962, 14.681549574088969 ], [ 71.886610625837207, 14.698451305034396 ], [ 71.905807653577696, 14.706589175489604 ], [ 71.916658147517964, 14.716813679394864 ], [ 71.916658147517964, 14.745191894315585 ], [ 71.8982957731575, 14.771900802476264 ], [ 71.849885877116265, 14.783585949796562 ], [ 71.804814594595115, 14.790263176836731 ], [ 71.789790833754736, 14.81029485795724 ], [ 71.798137367554958, 14.830326539077749 ], [ 71.828184889235715, 14.838673072877961 ], [ 71.891618546117328, 14.857035447238427 ], [ 71.925004681318171, 14.878736435118979 ], [ 71.931681908358343, 14.935492864960423 ], [ 71.911650227237843, 14.973886920441398 ], [ 71.881602705557071, 14.985572067761696 ], [ 71.8315235027558, 14.972217613681355 ], [ 71.768089845874186, 14.977225533961484 ], [ 71.697978961952401, 14.98891068128178 ], [ 71.631206691550716, 14.987241374521737 ], [ 71.581127488749431, 14.963871079881145 ], [ 71.536056206228295, 14.917130490599956 ], [ 71.526040365668038, 14.867051287798683 ], [ 71.475961162866767, 14.821980005277537 ], [ 71.430055226965592, 14.783168623106551 ], [ 71.390826518104603, 14.753538428115798 ], [ 71.366621570083979, 14.698033978344386 ], [ 71.361613649803857, 14.614568640342265 ], [ 71.356605729523736, 14.564489437540992 ], [ 71.334904741643172, 14.524426075299974 ], [ 71.323219594322879, 14.476016179258743 ], [ 71.281486925321815, 14.429275589977555 ], [ 71.241423563080801, 14.4192597494173 ], [ 71.214714654920115, 14.394220148016664 ], [ 71.209706734639994, 14.315762730294669 ], [ 71.19134436027953, 14.265266200803385 ], [ 71.188005746759444, 14.209761751031976 ], [ 71.176320599439151, 14.160099874920713 ], [ 71.186336439999394, 14.117949879229643 ], [ 71.229738415760508, 14.07454790346854 ], [ 71.268132471241486, 14.029476620947394 ], [ 71.259785937441265, 13.969381577585866 ], [ 71.224730495480372, 13.930987522104891 ], [ 71.182997826479323, 13.880908319303618 ], [ 71.141265157478259, 13.782419220461113 ], [ 71.110382982417477, 13.733591997729869 ], [ 71.12039882297772, 13.685182101688639 ], [ 71.165470105498869, 13.651795966487789 ], [ 71.158792878458698, 13.600047456926475 ], [ 71.118729516217684, 13.54162172032499 ], [ 71.073658233696534, 13.489873210763674 ], [ 71.03359487145552, 13.454817768802783 ], [ 70.971830521333942, 13.428108860642103 ], [ 70.913404784732464, 13.421431633601934 ], [ 70.843293900810679, 13.421431633601934 ], [ 70.803230538569665, 13.386376191641043 ], [ 70.789876084489322, 13.346312829400025 ], [ 70.793214698009407, 13.311257387439134 ], [ 70.769844403368808, 13.262847491397903 ], [ 70.734788961407929, 13.236138583237224 ], [ 70.673024611286351, 13.229461356197055 ], [ 70.617937488204959, 13.226122742676969 ], [ 70.571196898923759, 13.192736607476121 ], [ 70.526125616402624, 13.152673245235103 ], [ 70.472707800081267, 13.107601962713957 ], [ 70.454345425720788, 13.064199986952854 ], [ 70.414282063479774, 13.054184146392599 ], [ 70.367541474198589, 13.060861373432768 ], [ 70.309115737597097, 13.064199986952854 ], [ 70.249855347615593, 13.051680186252538 ], [ 70.239839507055336, 13.016624744291645 ], [ 70.221477132694872, 12.981569302330755 ], [ 70.233162280015165, 12.946513860369864 ], [ 70.224815746214958, 12.911458418408973 ], [ 70.233162280015165, 12.878072283208125 ], [ 70.224815746214958, 12.851363375047445 ], [ 70.188090997494029, 12.829662387166893 ], [ 70.141350408212844, 12.831331693926936 ], [ 70.094609818931644, 12.859709908847657 ], [ 70.091271205411559, 12.884749510248295 ], [ 70.062892990490838, 12.894765350808548 ], [ 70.001128640369274, 12.866387135887827 ], [ 69.957726664608174, 12.822985160126724 ], [ 69.902639541526767, 12.804622785766258 ], [ 69.842544498165239, 12.794606945206002 ], [ 69.797473215644104, 12.762890116765197 ], [ 69.763252427063222, 12.712810913963919 ], [ 69.671440555260887, 12.679424778763071 ], [ 69.639723726820094, 12.66523567130271 ], [ 69.614684125419444, 12.641030723282094 ], [ 69.607172244999262, 12.602636667801118 ], [ 69.607172244999262, 12.553392118379866 ], [ 69.602998978099151, 12.51416340951887 ], [ 69.581297990218602, 12.492462421638319 ], [ 69.542903934737623, 12.473265393897831 ], [ 69.498667305596499, 12.480777274318022 ], [ 69.451926716315313, 12.475769354037894 ], [ 69.417288601044433, 12.443009208872063 ], [ 69.392248999643797, 12.400441886490981 ], [ 69.388075732743687, 12.348693376929665 ], [ 69.390579692883747, 12.303622094408519 ], [ 69.409776720624237, 12.274409226107776 ], [ 69.428973748364726, 12.248534971327119 ], [ 69.428973748364726, 12.219322103026377 ], [ 69.412280680764312, 12.200959728665909 ], [ 69.388910386123712, 12.188439927965591 ], [ 69.343004450222551, 12.188439927965591 ], [ 69.308783661641669, 12.198455768525847 ], [ 69.277901486580888, 12.212644875986207 ], [ 69.241176737859959, 12.206802302326059 ], [ 69.211129216179188, 12.193447848245718 ], [ 69.191514861748701, 12.171538197020158 ], [ 69.158963379927869, 12.149002555759587 ], [ 69.135593085287269, 12.123128300978928 ], [ 69.113892097406719, 12.079726325217825 ], [ 69.121403977826915, 12.045505536636956 ], [ 69.114726750786744, 12.020465935236318 ], [ 69.086348535866023, 12.012119401436108 ], [ 69.053797054045191, 11.994591680455661 ], [ 69.010395078284091, 11.996260987215704 ], [ 68.962819835622881, 11.99375702707564 ], [ 68.904394099021403, 11.999599600735788 ], [ 68.852228262770069, 11.98666247334546 ], [ 68.846385689109923, 11.959953565184781 ], [ 68.855566876290155, 11.923228816463848 ], [ 68.849724302630008, 11.87064565352251 ], [ 68.832196581649555, 11.842267438601789 ], [ 68.810495593769005, 11.80804665002092 ], [ 68.815503514049141, 11.775495168200091 ], [ 68.809660940388994, 11.748786260039413 ], [ 68.793802526168591, 11.71957339173867 ], [ 68.772101538288027, 11.706218937658331 ], [ 68.751235203787502, 11.687021909917844 ], [ 68.728699562526927, 11.678675376117631 ], [ 68.709502534786438, 11.660313001757164 ], [ 68.69698273408612, 11.639029340566621 ], [ 68.707833228026402, 11.617328352686069 ], [ 68.725360949006841, 11.602304591845687 ], [ 68.747061936887391, 11.596462018185539 ], [ 68.757912430827673, 11.578934297205095 ], [ 68.757077777447648, 11.560571922844627 ], [ 68.743723323367306, 11.543044201864182 ], [ 68.712006494926499, 11.53469766806397 ], [ 68.681958973245742, 11.529689747783841 ], [ 68.661927292125227, 11.50798875990329 ], [ 68.665265905645313, 11.465212774177202 ], [ 68.663596598885277, 11.431826638976354 ], [ 68.67528174620557, 11.404283077435654 ], [ 68.691140160425974, 11.392597930115356 ], [ 68.713675801686549, 11.385086049695165 ], [ 68.71868372196667, 11.364219715194634 ], [ 68.710337188166463, 11.344188034074126 ], [ 68.682793626625767, 11.33417219351387 ], [ 68.65358075832502, 11.329164273233744 ], [ 68.635218383964556, 11.309132592113235 ], [ 68.592651061583467, 11.289100910992726 ], [ 68.530052058081878, 11.261557349452026 ], [ 68.475799588380497, 11.246533588611644 ], [ 68.434066919379447, 11.234848441291346 ], [ 68.375641182777954, 11.234013787911325 ], [ 68.343089700957123, 11.240691014951494 ], [ 68.287167924495705, 11.243194975091559 ], [ 68.242096641974555, 11.231509827771262 ], [ 68.209127833463725, 11.218781363725936 ], [ 68.181584271923029, 11.201253642745492 ], [ 68.152371403622283, 11.173710081204792 ], [ 68.120654575181476, 11.161190280504472 ], [ 68.113977348141304, 11.129473452063667 ], [ 68.074748639280301, 11.113615037843264 ], [ 68.033850623659262, 11.101929890522968 ], [ 68.003803101978505, 11.08628013964757 ], [ 67.995873894868296, 11.061657864936942 ], [ 67.993369934728236, 11.031610343256178 ], [ 67.985023400928029, 11.001562821575416 ], [ 67.967495679947575, 10.987373714115055 ], [ 67.930770931226647, 10.973184606654694 ], [ 67.874014501385204, 10.962334112714418 ], [ 67.819762031683823, 10.957326192434291 ], [ 67.755493721422198, 10.960664805954375 ], [ 67.699571944960766, 10.969011339754587 ], [ 67.645319475259384, 10.974019260034714 ], [ 67.589815025487979, 10.975897230139763 ], [ 67.547247703106905, 10.975062576759742 ], [ 67.516782854736121, 10.968176686374566 ], [ 67.500924440515718, 10.928113324133548 ], [ 67.484231372915289, 10.899735109212827 ], [ 67.464199691794789, 10.878868774712297 ], [ 67.435821476874068, 10.868852934152041 ], [ 67.379899700412651, 10.864679667251936 ], [ 67.33232445775144, 10.871356894292106 ], [ 67.323143270571208, 10.888049961892529 ], [ 67.299772975930608, 10.899735109212827 ], [ 67.249693773129337, 10.903073722732911 ], [ 67.204622490608187, 10.896396495692741 ], [ 67.182086849347613, 10.912254909913145 ], [ 67.183756156107663, 10.933955897793696 ], [ 67.186260116247723, 10.962334112714418 ], [ 67.186260116247723, 10.993216287775203 ], [ 67.174574968927431, 11.032444996636199 ], [ 67.182086849347613, 11.071673705497197 ], [ 67.190433383147834, 11.112571721118236 ], [ 67.19210268990787, 11.140323946003942 ], [ 67.137015566826477, 11.136985332483858 ], [ 67.108637351905756, 11.15200909332424 ], [ 67.10529873838567, 11.17955265486494 ], [ 67.106968045145706, 11.217946710345917 ], [ 67.108637351905756, 11.250498192166743 ], [ 67.111975965425827, 11.293900167927847 ], [ 67.108637351905756, 11.35149125114931 ], [ 67.100290818105535, 11.392180603425347 ], [ 67.083597750505106, 11.404700404125665 ], [ 67.056888842344435, 11.407204364265727 ], [ 67.020998747003517, 11.393015256805366 ], [ 66.987612611802675, 11.400527137225557 ], [ 66.954226476601818, 11.417220204825982 ], [ 66.921674994781, 11.441425152846598 ], [ 66.8983047001404, 11.462291487347128 ], [ 66.89580074000034, 11.489835048887828 ], [ 66.905816580560597, 11.519047917188571 ], [ 66.917501727880889, 11.544922171969228 ], [ 66.938368062381414, 11.574969693649992 ], [ 66.925013608301086, 11.59333206801046 ], [ 66.900808660280461, 11.605017215330756 ], [ 66.860745298039447, 11.60752117547082 ], [ 66.839878963538922, 11.633395430251477 ], [ 66.798146294537858, 11.673458792492495 ], [ 66.772272039757198, 11.691821166852963 ], [ 66.748901745116598, 11.716026114873578 ], [ 66.722192836955927, 11.754420170354553 ], [ 66.697987888935316, 11.78050308848022 ], [ 66.670444327394605, 11.791353582420495 ], [ 66.642066112473884, 11.786345662140368 ], [ 66.587813642772517, 11.778833781720177 ], [ 66.566112654891953, 11.795526849320602 ], [ 66.556931467711721, 11.817227837201154 ], [ 66.543577013631392, 11.832251598041534 ], [ 66.495167117590157, 11.830582291281493 ], [ 66.445087914788886, 11.818062490581173 ], [ 66.408363166067943, 11.831416944661514 ], [ 66.387496831567418, 11.846023378811886 ], [ 66.391670098467529, 11.866055059932394 ], [ 66.412536432968054, 11.880244167392755 ], [ 66.411701779588029, 11.906118422173412 ], [ 66.415875046488139, 11.929488716814006 ], [ 66.444253261408861, 11.935331290474155 ], [ 66.470962169569546, 11.953693664834622 ], [ 66.491828504070071, 11.986245146655449 ], [ 66.503513651390364, 12.029647122416552 ], [ 66.501009691250303, 12.059694644097316 ], [ 66.4851512770299, 12.083899592117932 ], [ 66.462615635769325, 12.106435233378505 ], [ 66.422552273528311, 12.122293647598907 ], [ 66.377480991007161, 12.126466914499014 ], [ 66.319055254405683, 12.127301567879035 ], [ 66.276487932024594, 12.15150651589965 ], [ 66.243936450203762, 12.17237285040018 ], [ 66.218062195423116, 12.204089678840987 ], [ 66.212219621762969, 12.252499574882217 ], [ 66.204707741342773, 12.299240164163406 ], [ 66.186345366982309, 12.32344511218402 ], [ 66.129171610450854, 12.348276050239637 ], [ 66.05280082617891, 12.352031990449749 ], [ 65.98769786253726, 12.339512189749431 ], [ 65.907571138055218, 12.342016149889496 ], [ 65.84747609469369, 12.35954387086994 ], [ 65.792388971612297, 12.363717137770047 ], [ 65.742309768811012, 12.381244858750492 ], [ 65.707254326850133, 12.400441886490981 ], [ 65.664687004469044, 12.41379634057132 ], [ 65.604591961107516, 12.42047356761149 ], [ 65.566615232316551, 12.410040400361206 ], [ 65.522795929865438, 12.391052035965739 ], [ 65.490244448044606, 12.364343127805061 ], [ 65.474386033824203, 12.338468873024402 ], [ 65.446842472283507, 12.319271845283915 ], [ 65.399267229622296, 12.298405510783384 ], [ 65.373392974841636, 12.285051056703045 ], [ 65.344180106540904, 12.292562937123236 ], [ 65.309124664580011, 12.290058976983172 ], [ 65.279494469589253, 12.278165166317855 ], [ 65.267391995578947, 12.245822347842047 ], [ 65.270730609099033, 12.191569878140669 ], [ 65.243187047558337, 12.157349089559798 ], [ 65.206462298837394, 12.138986715199332 ], [ 65.182257350816784, 12.133978794919205 ], [ 65.154713789276087, 12.125632261118993 ], [ 65.117989040555145, 12.109773846898589 ], [ 65.112146466894998, 12.090576819158102 ], [ 65.114650427035059, 12.073049098177655 ], [ 65.107138546614877, 12.04800949677702 ], [ 65.077925678314131, 12.04884415015704 ], [ 65.055390037053556, 12.044670883256934 ], [ 65.034600751522689, 12.035793250436548 ], [ 65.015744001502554, 12.045088209946945 ], [ 64.996546973762065, 12.035907022766711 ], [ 64.975680639261526, 12.015040688266181 ], [ 64.97401133250149, 11.994174353765651 ], [ 64.990704400101919, 11.984993166585417 ], [ 65.018247961642615, 11.963292178704865 ], [ 65.042452909663226, 11.953276338144612 ], [ 65.068327164443886, 11.930740696884039 ], [ 65.0883588455644, 11.899858521823253 ], [ 65.094201419224547, 11.842267438601789 ], [ 65.098374686124643, 11.782172395240261 ], [ 65.069996471203922, 11.747951606659392 ], [ 65.039948949523165, 11.730423885678947 ], [ 65.020751921782676, 11.708096907763364 ], [ 65.032437069102969, 11.663442951932241 ], [ 65.061649937403715, 11.625883549831286 ], [ 65.103382606404779, 11.602513255190692 ], [ 65.158469729486171, 11.598339988290586 ], [ 65.204375665387346, 11.605017215330756 ], [ 65.241100414108274, 11.606269195400776 ], [ 65.270730609099033, 11.574761030304987 ], [ 65.314132584860133, 11.550556082284373 ], [ 65.337502879500732, 11.512996680183418 ], [ 65.362542480901368, 11.477106584842506 ], [ 65.389251389062039, 11.479610544982568 ], [ 65.405944456662468, 11.497972919343036 ], [ 65.418464257362785, 11.515500640323481 ], [ 65.435157324963214, 11.538036281584054 ], [ 65.452685045943653, 11.548052122144309 ], [ 65.481063260864374, 11.524681827503715 ], [ 65.490244448044606, 11.482949158502654 ], [ 65.518622662965328, 11.427862035421255 ], [ 65.547000877886049, 11.366932338679705 ], [ 65.603339981037479, 11.271573190012269 ], [ 65.61001720807765, 11.238604381501441 ], [ 65.650080570318678, 11.188525178700168 ], [ 65.684301358899546, 11.177048694724876 ], [ 65.703498386640035, 11.155973696879339 ], [ 65.715183533960328, 11.133646718963773 ], [ 65.703498386640035, 11.111737067738215 ], [ 65.701829079879985, 11.065831131837049 ], [ 65.703498386640035, 11.015751929035776 ], [ 65.744396402261074, 10.953987578914205 ], [ 65.707671653540132, 10.91559352343323 ], [ 65.69139591262973, 10.884502685027437 ], [ 65.693899872769791, 10.842770016026376 ], [ 65.708923633610169, 10.806045267305443 ], [ 65.718939474170426, 10.779336359144763 ], [ 65.743979075571062, 10.771824478724572 ], [ 65.790549297251232, 10.770574105480353 ], [ 65.837460254133433, 10.760556658094286 ], [ 65.860830548774032, 10.728005176273458 ], [ 65.893382030594864, 10.705469535012886 ], [ 65.908405791435243, 10.673752706572079 ], [ 65.895885990734925, 10.640366571371231 ], [ 65.8716810427143, 10.605311129410339 ], [ 65.877523616374461, 10.581106181389725 ], [ 65.905067177915157, 10.560239846889194 ], [ 65.9184216319955, 10.537704205628621 ], [ 65.920090938755536, 10.513499257608006 ], [ 65.907571138055218, 10.477609162267093 ], [ 65.907571138055218, 10.436711146646054 ], [ 65.907153811365205, 10.404368328170225 ], [ 65.926768165795707, 10.38704927053479 ], [ 65.950973113816318, 10.38704927053479 ], [ 65.968500834796771, 10.378702736734578 ], [ 65.996044396337467, 10.379537390114599 ], [ 66.016910730837992, 10.351159175193878 ], [ 66.033603798438421, 10.312765119712902 ], [ 66.044454292378703, 10.269363143951798 ], [ 66.066989933639277, 10.240984929031077 ], [ 66.07450181405946, 10.192575032989847 ], [ 66.056139439698995, 10.161692857929062 ], [ 66.014406770697931, 10.131645336248297 ], [ 65.971004794936832, 10.097424547667428 ], [ 65.935114699595914, 10.078227519926939 ], [ 65.922594898895596, 10.0648730658466 ], [ 65.912579058335339, 10.039833464445964 ], [ 65.882531536654582, 10.015628516425348 ], [ 65.854153321733861, 10.012289902905264 ], [ 65.822436493293054, 10.0097859427652 ], [ 65.817845899702931, 9.980155747774445 ], [ 65.813672632802835, 9.937588425393363 ], [ 65.816176592942895, 9.900863676672429 ], [ 65.805326099002613, 9.86664288809156 ], [ 65.79531025844237, 9.827414179230562 ], [ 65.783625111122063, 9.787768143679552 ], [ 65.79364095168232, 9.776082996359253 ], [ 65.833704313923334, 9.762728542278914 ], [ 65.862917182224081, 9.736854287498257 ], [ 65.892964703904852, 9.697625578637259 ], [ 65.909657771505266, 9.650884989356072 ], [ 65.914665691785402, 9.627514694715478 ], [ 65.90798846474523, 9.603309746694862 ], [ 65.874602329544388, 9.574931531774141 ], [ 65.839546887583495, 9.549057276993484 ], [ 65.788633031402199, 9.548222623613462 ], [ 65.739388481980939, 9.537372129673185 ], [ 65.694317199459803, 9.513793171687588 ], [ 65.661348390948959, 9.472060502686526 ], [ 65.658844430808898, 9.435335753965594 ], [ 65.653836510528762, 9.401949618764744 ], [ 65.617111761807834, 9.374406057224045 ], [ 65.57704839956682, 9.368563483563896 ], [ 65.539488997465867, 9.372736750464002 ], [ 65.498590981844828, 9.366894176803854 ], [ 65.464370193263946, 9.374406057224045 ], [ 65.449346432423567, 9.389429818064427 ], [ 65.437661285103275, 9.406122885664852 ], [ 65.395928616102211, 9.406122885664852 ], [ 65.344180106540904, 9.400280312004702 ], [ 65.313297931480108, 9.392768431584511 ], [ 65.281998429729313, 9.378579324124152 ], [ 65.287006350009449, 9.353957049413523 ], [ 65.311211298030059, 9.33142140815295 ], [ 65.28784100338946, 9.312224380412463 ], [ 65.256958828328678, 9.313059033792483 ], [ 65.229415266787981, 9.298869926332122 ], [ 65.203958338697333, 9.277586265141583 ], [ 65.175997450466625, 9.233766962690467 ], [ 65.168485570046428, 9.192034293689407 ], [ 65.162225669696269, 9.157396178418528 ], [ 65.148453888925928, 9.134860537157955 ], [ 65.122579634145268, 9.162821425388664 ], [ 65.122579634145268, 9.209144687979842 ], [ 65.142611315265768, 9.28259418542171 ], [ 65.102547953024754, 9.309303093582388 ], [ 65.112563793585011, 9.386091204544341 ], [ 65.111729140204986, 9.463713968886315 ], [ 65.092532112464497, 9.512958518307565 ], [ 65.042452909663226, 9.52297435886782 ], [ 65.035775682623054, 9.599762469829772 ], [ 64.974845985881515, 9.635652565170686 ], [ 64.892215301259412, 9.669873353751553 ], [ 64.798734122697027, 9.686566421351978 ], [ 64.69774106371446, 9.694078301772171 ], [ 64.625126219652614, 9.693243648392148 ], [ 64.568369789811172, 9.673211967271639 ], [ 64.521629200529986, 9.629809991510536 ], [ 64.474888611248801, 9.62647137799045 ], [ 64.454856930128287, 9.676550580791723 ], [ 64.494920292369315, 9.716613943032742 ], [ 64.544999495170586, 9.75000007823359 ], [ 64.519542567079938, 9.806130518040028 ], [ 64.471549997728715, 9.823449575675458 ], [ 64.434825249007787, 9.860174324396391 ], [ 64.42480940844753, 9.916930754237834 ], [ 64.404777727327016, 9.977025797599362 ], [ 64.35803713804583, 10.050475295041227 ], [ 64.391423273246673, 10.083861430242077 ], [ 64.391423273246673, 10.143956473603604 ], [ 64.341344070445402, 10.194035676404878 ], [ 64.351359911005659, 10.250792106246321 ], [ 64.326320309605023, 10.31130447629786 ], [ 64.286256947364009, 10.307965862777776 ], [ 64.279579720323838, 10.33801338445854 ], [ 64.262886652723409, 10.388092587259813 ], [ 64.222823290482395, 10.451526244141425 ], [ 64.192775768801624, 10.504944060462782 ], [ 64.189437155281539, 10.566708410584353 ], [ 64.202374282671869, 10.607397762860396 ], [ 64.171909434301099, 10.648921768516443 ], [ 64.136853992340207, 10.648921768516443 ], [ 64.130176765300035, 10.673961369917079 ], [ 64.138523299100257, 10.717363345678182 ], [ 64.108893104109498, 10.745950223943918 ], [ 64.051719347578043, 10.727379186238437 ], [ 63.984947077176351, 10.730717799758521 ], [ 63.921513420294737, 10.74407225383886 ], [ 63.85641045665308, 10.762434628199328 ], [ 63.785464919351277, 10.792482149880092 ], [ 63.718692648949578, 10.785804922839922 ], [ 63.665274832628221, 10.769111855239498 ], [ 63.596833255466478, 10.73572572003865 ], [ 63.545084745905164, 10.69566235779763 ], [ 63.483320395783593, 10.69566235779763 ], [ 63.444926340302622, 10.704008891597843 ], [ 63.486659009303679, 10.772450468759581 ], [ 63.530060985064786, 10.817521751280728 ], [ 63.576801574345971, 10.849238579721534 ], [ 63.616864936586992, 10.864262340561917 ], [ 63.618534243347035, 10.897648475762765 ], [ 63.645243151507714, 10.927695997443529 ], [ 63.678629286708563, 10.939381144763825 ], [ 63.688645127268813, 10.984452427284971 ], [ 63.685306513748728, 11.021594502695914 ], [ 63.638565924467542, 11.058319251416847 ], [ 63.585148108146186, 11.053311331136721 ], [ 63.555100586465421, 11.07501231901727 ], [ 63.5267223715447, 11.101721227177951 ], [ 63.461619407903044, 11.103390533937993 ], [ 63.393177830741308, 11.101721227177951 ], [ 63.368138229340666, 11.125091521818545 ], [ 63.391508523981265, 11.160146963779436 ], [ 63.436579806502408, 11.19687171250037 ], [ 63.463288714663086, 11.243612301781557 ], [ 63.459532774452995, 11.286805614197666 ], [ 63.443257033542579, 11.305793978593139 ], [ 63.396516444261387, 11.335841500273901 ], [ 63.396516444261387, 11.380912782795047 ], [ 63.431571886222279, 11.425984065316193 ], [ 63.476643168743429, 11.459370200517041 ], [ 63.520045144504529, 11.514457323598442 ], [ 63.525053064784657, 11.579560287240097 ], [ 63.576801574345971, 11.604599888640733 ], [ 63.61644760989698, 11.670746169007426 ], [ 63.654424338687946, 11.705175620933289 ], [ 63.722865915849688, 11.723537995293757 ], [ 63.801323333571681, 11.750246903454435 ], [ 63.846394616092823, 11.796987492735623 ], [ 63.953230248735544, 11.807003333295878 ], [ 64.043372813777836, 11.820357787376217 ], [ 64.063404494898336, 11.860421149617236 ], [ 64.066743108418422, 11.918846886218722 ], [ 64.1051371638994, 11.948894407899484 ], [ 64.155216366700671, 11.95223302141957 ], [ 64.191941115421614, 11.978941929580248 ], [ 64.198618342461785, 12.020674598581309 ], [ 64.185263888381442, 12.074092414902667 ], [ 64.183163968438961, 12.1233241346788 ], [ 64.128924785230012, 12.171538197020157 ], [ 64.042120833707799, 12.18155403758041 ], [ 64.002057471466784, 12.221617399821429 ], [ 63.931946587544999, 12.221617399821429 ], [ 63.916088173324596, 12.281712443182952 ], [ 63.868512930663385, 12.321775805423975 ], [ 63.841804022502707, 12.398563916385926 ], [ 63.785047592661265, 12.445304505667115 ], [ 63.767519871680818, 12.540454990989529 ], [ 63.708259481699315, 12.576345086330445 ], [ 63.62813275721728, 12.576345086330445 ], [ 63.548006032735238, 12.613069835051377 ], [ 63.52547039147467, 12.663983691232669 ], [ 63.464540694733117, 12.753291602894942 ], [ 63.391925850671271, 12.797528232036065 ], [ 63.33433476744981, 12.830079713856893 ], [ 63.277578337608368, 12.833418327376979 ], [ 63.18409715904599, 12.816725259776554 ], [ 63.134017956244719, 12.846772781457318 ], [ 63.13652191638478, 12.889340103838398 ], [ 63.177419932005819, 12.950269800579949 ], [ 63.237514975367347, 12.986994549300883 ], [ 63.309295166049175, 12.980317322260714 ], [ 63.348523874910171, 13.008278210491422 ], [ 63.347689221530146, 13.060444046742749 ], [ 63.381075356730996, 13.120539090104277 ], [ 63.310964472809218, 13.113861863064107 ], [ 63.240853588887433, 13.137232157704702 ], [ 63.118994195404333, 13.121791070174307 ], [ 63.043875391202427, 13.150586611785041 ], [ 62.992126881641113, 13.193571260856132 ], [ 62.900315009838778, 13.207343041626483 ], [ 62.8068338312764, 13.175208886495664 ], [ 62.710014039193936, 13.177295519945719 ], [ 62.61319424711148, 13.150586611785041 ], [ 62.54642197670978, 13.103846022503852 ], [ 62.466295252227745, 13.090491568423513 ], [ 62.392845754785874, 13.110523249544022 ], [ 62.366136846625196, 13.147247998264955 ], [ 62.339427938464517, 13.180634133465805 ], [ 62.235930919341889, 13.180634133465805 ], [ 62.129095286699176, 13.197327201066228 ], [ 62.055645789257305, 13.143909384744871 ], [ 61.995550745895777, 13.153925225305125 ], [ 61.982196291815441, 13.200665814586314 ], [ 61.937959662674317, 13.225288089296937 ], [ 61.885376499732978, 13.190649974026059 ], [ 61.855328978052214, 13.140570771224786 ], [ 61.735138891329157, 13.120539090104277 ], [ 61.649169593186976, 13.098420775533713 ], [ 61.621626031646272, 13.037073752102156 ], [ 61.53148346660398, 12.983655935780797 ], [ 61.42882110086137, 12.976561382050615 ], [ 61.267732998517275, 12.960285641140203 ], [ 61.174251819954904, 12.986994549300883 ], [ 61.057400346751933, 12.970301481700458 ], [ 60.947226100589134, 12.976561382050615 ], [ 60.903824124828027, 12.933576732979525 ], [ 60.907162738348113, 12.883497530178252 ], [ 60.828705320626121, 12.82799308040684 ], [ 60.750247902904121, 12.840095554417148 ], [ 60.666782564902, 12.810048032736384 ], [ 60.643412270261408, 12.739937148814603 ], [ 60.583317226899879, 12.719070814314071 ], [ 60.536576637618694, 12.636440129691971 ], [ 60.456449913136659, 12.55965201873002 ], [ 60.429741004975973, 12.477021334107917 ], [ 60.423063777935809, 12.426107477926625 ], [ 60.436418232016145, 12.379366888645437 ], [ 60.479820207777252, 12.309256004723656 ], [ 60.469804367216994, 12.252499574882211 ], [ 60.418055857655681, 12.22495601334151 ], [ 60.339598439933688, 12.162357009839921 ], [ 60.295996972771668, 12.08353736911414 ], [ 60.236101420811053, 12.027977815656506 ], [ 60.209392512650375, 11.944512477654385 ], [ 60.211061819410418, 11.871897633592534 ], [ 60.259471715451646, 11.834338231491584 ], [ 60.232762807290968, 11.767565961089888 ], [ 60.206053899130289, 11.671580822387442 ], [ 60.252794488411482, 11.637360033806578 ], [ 60.252794488411482, 11.587280831005305 ], [ 60.196038058570039, 11.557233309324541 ], [ 60.09587965296749, 11.563910536364711 ], [ 60.022430155525626, 11.57058776340488 ], [ 59.970681645964305, 11.511327373423368 ], [ 59.94564204456367, 11.445389756401697 ], [ 59.885547001202141, 11.452066983441867 ], [ 59.815436117280363, 11.472098664562376 ], [ 59.711939098157728, 11.465421437522206 ], [ 59.65273149669693, 11.423077060740781 ], [ 59.64182821423595, 11.378617486 ], [ 59.668537122396629, 11.325199669678643 ], [ 59.615119306075272, 11.28179769391754 ], [ 59.571717330314165, 11.245072945196606 ], [ 59.5967569317148, 11.189985822115201 ], [ 59.658521281836371, 11.121544244953466 ], [ 59.661859895356457, 11.051433361031684 ], [ 59.622631186495461, 10.974645250069726 ], [ 59.595087624954758, 10.927904660788544 ], [ 59.52497674103298, 10.904534366147949 ], [ 59.444850016550944, 10.881164071507355 ], [ 59.378077746149245, 10.834423482226162 ], [ 59.361384678548816, 10.757635371264215 ], [ 59.317982702787717, 10.690863100862519 ], [ 59.247871818865931, 10.648713105171442 ], [ 59.147713413263389, 10.63076805750099 ], [ 59.064248075261268, 10.596964595610126 ], [ 59.030861940060419, 10.543964105978784 ], [ 59.020846099500162, 10.473853222057002 ], [ 58.928199574317809, 10.422939365875704 ], [ 58.830545128855327, 10.380372043494626 ], [ 58.837222355895499, 10.316938386613014 ], [ 58.803836220694649, 10.266859183811741 ], [ 58.753757017893378, 10.240150275651061 ], [ 58.667787719751189, 10.224291861430654 ], [ 58.610196636529722, 10.183393845809618 ], [ 58.550101593168201, 10.190071072849788 ], [ 58.493345163326758, 10.193409686369874 ], [ 58.439927347005394, 10.186732459329704 ], [ 58.40987982532463, 10.226795821570722 ], [ 58.347280821823041, 10.26268591691163 ], [ 58.246287762840474, 10.260181956771572 ], [ 58.119420449077253, 10.213441367490383 ], [ 58.037624417835168, 10.22095324791057 ], [ 58.049309565155468, 10.273536410851911 ], [ 58.096050154436654, 10.330292840693353 ], [ 58.110239261897014, 10.417931445595578 ], [ 58.092711540916568, 10.510577970777936 ], [ 58.097719461196696, 10.618248256800669 ], [ 58.052648178675554, 10.680847260302263 ], [ 58.051813525295529, 10.736769036763681 ], [ 58.082695700356318, 10.807714574065489 ], [ 58.077687780076189, 10.866974964046991 ], [ 57.985875908273854, 10.874486844467185 ], [ 57.892394729711476, 10.931243274308628 ], [ 57.848992753950377, 10.984661090629986 ], [ 57.772204642988427, 10.934581887828713 ], [ 57.682062077946135, 10.994676931190241 ], [ 57.606943273744221, 11.071465042152187 ], [ 57.548517537142736, 11.148253153114144 ], [ 57.551856150662822, 11.218364037035927 ], [ 57.544344270242632, 11.303498681798086 ], [ 57.495099720821379, 11.361924418399576 ], [ 57.419980916619473, 11.422436788451108 ], [ 57.38492547465858, 11.445807083091703 ], [ 57.341523498897473, 11.440799162811576 ], [ 57.269743308215652, 11.432452629011363 ], [ 57.231349252734674, 11.457492230411999 ], [ 57.214656185134253, 11.502563512933145 ], [ 57.221333412174424, 11.559319942774588 ], [ 57.196293810773788, 11.614407065855989 ], [ 57.144545301212467, 11.669494188937389 ], [ 57.0986393653113, 11.727502598848865 ], [ 57.060245309830329, 11.743361013069267 ], [ 57.023520561109393, 11.714982798148545 ], [ 56.985126505628415, 11.719990718428672 ], [ 56.960086904227779, 11.748368933349393 ], [ 56.951740370427565, 11.783424375310284 ], [ 56.966764131267951, 11.84185011191177 ], [ 56.998480959708758, 11.887756047812939 ], [ 57.035205708429693, 11.917803569493703 ], [ 57.028528481389522, 11.974559999335145 ], [ 56.951740370427565, 12.018796628476268 ], [ 56.958417597467736, 12.075553058317711 ], [ 57.028528481389522, 12.085568898877966 ], [ 57.068591843630536, 12.128970874639069 ], [ 57.071930457150621, 12.202420372080935 ], [ 57.035205708429693, 12.275869869522802 ], [ 57.058576003070286, 12.345980753444584 ], [ 57.051898776030114, 12.402319856596018 ], [ 57.031867094909607, 12.414839657296335 ], [ 56.992638386048611, 12.421516884336505 ], [ 56.962590864367847, 12.412335697156271 ], [ 56.934212649447126, 12.403154509976037 ], [ 56.888306713545958, 12.414839657296335 ], [ 56.869109685805469, 12.43236737827678 ], [ 56.859093845245212, 12.46575351347763 ], [ 56.860763152005255, 12.489123808118222 ], [ 56.875786912845641, 12.501643608818542 ], [ 56.895818593966148, 12.512494102758817 ], [ 56.910007701426508, 12.532525783879326 ], [ 56.92670076902693, 12.565077265700154 ], [ 56.932543342687083, 12.59762874752098 ], [ 56.938385916347229, 12.625172309061682 ], [ 56.931291362617046, 12.652924533947388 ], [ 56.93087403592704, 12.671078244962848 ], [ 56.925866115646912, 12.689023292633308 ], [ 56.898322554106208, 12.71740150755403 ], [ 56.854085924965084, 12.769984670495367 ], [ 56.837810184054675, 12.80483144911125 ], [ 56.816109196174118, 12.816099269741537 ], [ 56.773541873793036, 12.821107190021666 ], [ 56.759352766332675, 12.854493325222514 ], [ 56.751006232532468, 12.908745794923892 ], [ 56.746832965632358, 12.969675491665441 ], [ 56.752675539292511, 13.02392796136682 ], [ 56.783557714353293, 13.055644789807626 ], [ 56.806093355613868, 13.101968052398803 ], [ 56.787730981253397, 13.14870864167999 ], [ 56.762691379852761, 13.177086856600711 ], [ 56.722628017611747, 13.182094776880838 ], [ 56.705934950011319, 13.238016553342263 ], [ 56.71261217705149, 13.283087835863409 ], [ 56.735982471692083, 13.324820504864469 ], [ 56.781053754213232, 13.346521492745021 ], [ 56.814439889414075, 13.379907627945869 ], [ 56.816109196174118, 13.450018511867651 ], [ 56.814439889414075, 13.518460089029391 ], [ 56.781053754213232, 13.555184837750325 ], [ 56.74599831225234, 13.570208598590707 ], [ 56.714281483811533, 13.565200678310578 ], [ 56.672548814810469, 13.566869985070621 ], [ 56.629146839049369, 13.555184837750325 ], [ 56.594091397088476, 13.561862064790494 ], [ 56.589083476808348, 13.602342753721523 ], [ 56.577398329488055, 13.649083343002712 ], [ 56.554028034847462, 13.699162545803985 ], [ 56.52898843344682, 13.710847693124281 ], [ 56.498940911766056, 13.702501159324068 ], [ 56.46388546980517, 13.655760570042881 ], [ 56.422152800804106, 13.632390275402287 ], [ 56.408798346723771, 13.588988299641183 ], [ 56.365396370962664, 13.523885335999529 ], [ 56.316986474921436, 13.492168507558723 ], [ 56.286938953240671, 13.487160587278595 ], [ 56.271915192400286, 13.507192268399105 ], [ 56.293616180280843, 13.537239790079868 ], [ 56.311978554641307, 13.580641765840971 ], [ 56.310309247881264, 13.629051661882203 ], [ 56.306970634361178, 13.677461557923433 ], [ 56.327002315481685, 13.704170466084111 ], [ 56.365396370962664, 13.72420214720462 ], [ 56.378750825043007, 13.762596202685597 ], [ 56.377081518282964, 13.795982337886445 ], [ 56.358719143922492, 13.819352632527039 ], [ 56.345364689842157, 13.842722927167634 ], [ 56.360388450682535, 13.861085301528099 ], [ 56.395443892643428, 13.867762528568271 ], [ 56.417144880523978, 13.884455596168694 ], [ 56.425491414324192, 13.921180344889628 ], [ 56.418814187284021, 13.952897173330435 ], [ 56.367065677722707, 13.979606081491113 ], [ 56.321994395201564, 14.046378351892811 ], [ 56.300293407321007, 14.099378841524159 ], [ 56.250214204519736, 14.139442203765176 ], [ 56.213489455798801, 14.196198633606619 ], [ 56.213489455798801, 14.296357039209164 ], [ 56.196796388198379, 14.349774855530523 ], [ 56.116669663716344, 14.356452082570692 ], [ 56.05323600683473, 14.379822377211287 ], [ 56.023188485153966, 14.42990158001256 ], [ 56.033204325714223, 14.483319396333917 ], [ 56.013172644593709, 14.563446120815954 ], [ 56.046558779794559, 14.610186710097143 ], [ 56.026527098674052, 14.666943139938581 ], [ 55.959754828272352, 14.696990661619349 ], [ 55.866273649709974, 14.696990661619349 ], [ 55.782808311707853, 14.730376796820197 ], [ 55.739406335946754, 14.783794613141552 ], [ 55.690996439905518, 14.803826294262061 ], [ 55.64258654386429, 14.792141146941763 ], [ 55.597515261343148, 14.818850055102443 ], [ 55.589168727542933, 14.85891341734346 ], [ 55.570806353182469, 14.900646086344521 ], [ 55.567467739662384, 14.954063902665879 ], [ 55.592507341063019, 14.985780731106686 ], [ 55.60920040866344, 15.015828252787449 ], [ 55.585830114022848, 15.034190627147916 ], [ 55.529073684181405, 15.034190627147916 ], [ 55.472317254339963, 15.02250547982762 ], [ 55.420568744778649, 15.017497559547492 ], [ 55.359639048037096, 15.034190627147916 ], [ 55.297112830675147, 15.049142548690991 ], [ 55.212740053153368, 15.065907455588722 ], [ 55.114250954310862, 15.060899535308595 ], [ 55.014092548708312, 15.040867854188086 ], [ 54.942312358026491, 15.020836173067577 ], [ 54.848831179464113, 14.987450037866727 ], [ 54.817114351023307, 14.999135185187026 ], [ 54.795413363142757, 15.032521320387874 ], [ 54.782058909062414, 15.050883694748341 ], [ 54.723633172460929, 15.037529240668 ], [ 54.668546049379529, 15.030852013627831 ], [ 54.641837141218851, 14.98911934462677 ], [ 54.550025269416516, 14.974095583786388 ], [ 54.504953986895373, 14.924016380985115 ], [ 54.426496569173381, 14.919008460704989 ], [ 54.349708458211424, 14.934032221545371 ], [ 54.286274801329817, 14.949055982385753 ], [ 54.197801543047568, 14.942378755345583 ], [ 54.157738180806547, 14.903984699864607 ], [ 54.146053033486247, 14.857244110583418 ], [ 54.077611456324512, 14.795479760461848 ], [ 53.977453050721962, 14.762093625261 ], [ 53.897326326239927, 14.740392637380449 ], [ 53.788821386837171, 14.696990661619346 ], [ 53.732064956995728, 14.62479314424751 ], [ 53.688662981234621, 14.596414929326789 ], [ 53.663623379833986, 14.548005033285557 ], [ 53.686993674474579, 14.512949591324666 ], [ 53.713702582635257, 14.46787830880352 ], [ 53.7387421840359, 14.431153560082587 ], [ 53.745419411076064, 14.378570397141251 ], [ 53.732064956995728, 14.326821887579936 ], [ 53.690332287994664, 14.27507337801862 ], [ 53.635245164913265, 14.231671402257517 ], [ 53.581827348591908, 14.206631800856879 ], [ 53.556787747191272, 14.174914972416074 ], [ 53.551779826911144, 14.128174383134885 ], [ 53.515055078190208, 14.09645755469408 ], [ 53.456629341588723, 14.059732805973146 ], [ 53.429920433428045, 14.056394192453061 ], [ 53.394864991467159, 14.024677364012256 ], [ 53.398203604987238, 13.979606081491109 ], [ 53.419904592867795, 13.949558559810345 ], [ 53.463306568628894, 13.904487277289199 ], [ 53.462889241939159, 13.824360552806764 ], [ 53.389439744497295, 13.710847693123879 ], [ 53.229186295533225, 13.597334833440996 ], [ 53.08228730064949, 13.517208108958961 ], [ 53.088964527689662, 13.316891297753871 ], [ 52.95541998688627, 13.256796254392345 ], [ 52.982128895046948, 13.16999230287014 ], [ 52.828552673123042, 13.069833897267594 ], [ 52.698346745839736, 13.054810136427212 ], [ 52.511384388714987, 12.947974503784499 ], [ 52.391194301991931, 12.801075508900768 ], [ 52.237618080068032, 12.794398281860598 ], [ 52.137459674465489, 12.680885422177713 ], [ 51.983883452541583, 12.694239876258052 ], [ 51.830307230617684, 12.74098046553924 ], [ 51.656699327573271, 12.747657692579409 ], [ 51.523154786769879, 12.700917103298222 ], [ 51.409641927086994, 12.7276260114589 ], [ 51.36957856484598, 12.801075508900768 ], [ 51.302806294444281, 12.7276260114589 ], [ 51.129198391399875, 12.634144832896526 ], [ 50.995653850596476, 12.533986427293982 ], [ 51.089135029158854, 12.493923065052964 ], [ 51.129198391399875, 12.38041020537008 ], [ 51.169261753640889, 12.286929026807705 ], [ 51.142552845480211, 12.173416167124822 ], [ 51.055748893958004, 12.146707258964142 ], [ 51.055748893958004, 11.999808264080411 ], [ 50.995653850596476, 11.866263723277019 ], [ 51.049071666917833, 11.752750863594134 ], [ 51.055748893958004, 11.632560776871081 ], [ 50.895495444993934, 11.619206322790742 ], [ 50.788659812351213, 11.505693463107855 ], [ 50.691840020268756, 11.535740984788619 ], [ 50.591681614666207, 11.509032076627941 ], [ 50.521570730744429, 11.455614260306584 ], [ 50.458137073862815, 11.375487535824547 ], [ 50.388026189941037, 11.398857830465142 ], [ 50.317915306019252, 11.412212284545481 ], [ 50.374671735860694, 11.472307327907007 ], [ 50.371333122340609, 11.525725144228364 ], [ 50.331269760099595, 11.575804347029637 ], [ 50.34462421417993, 11.635899390391163 ], [ 50.307899465459002, 11.675962752632181 ], [ 50.181032151695774, 11.719364728393284 ], [ 50.154323243535096, 11.749412250074048 ], [ 50.164339084095353, 11.859586496236846 ], [ 50.127614335374417, 11.946390447759052 ], [ 50.074196519053061, 11.933035993678713 ], [ 50.037471770332125, 11.859586496236846 ], [ 49.964022272890261, 11.78613699879498 ], [ 49.850509413207376, 11.732719182473623 ], [ 49.78707575632577, 11.659269685031758 ], [ 49.78707575632577, 11.549095438868958 ], [ 49.637122477999192, 11.502650591870124 ], [ 49.464899551637579, 11.447267726506372 ], [ 49.394788667715801, 11.323739026263233 ], [ 49.27793719451283, 11.256966755861537 ], [ 49.114345132028674, 11.146792509698738 ], [ 49.100990677948339, 11.013247968895344 ], [ 48.970784750665032, 10.91976679033297 ], [ 48.833901596341555, 10.796238090089831 ], [ 48.767129325939855, 10.799576703609917 ], [ 48.690341214977906, 10.712772752087711 ], [ 48.683663987937734, 10.642661868165931 ], [ 48.583505582335192, 10.625968800565506 ], [ 48.486685790252729, 10.686063843927032 ], [ 48.379850157610015, 10.599259892404827 ], [ 48.25632145736688, 10.575889597764233 ], [ 48.112761076003231, 10.459038124561266 ], [ 47.995918398456958, 10.391605163476989 ], [ 47.80494192374659, 10.407519869702853 ], [ 47.63385883181855, 10.343861044799397 ], [ 47.546327947576302, 10.224500748105417 ], [ 47.44985714860357, 10.241101796505355 ], [ 47.407806822696436, 10.395286324831545 ], [ 47.506541182011638, 10.467200018049843 ], [ 47.466754416446982, 10.538816196066232 ], [ 47.384943328624743, 10.53833019566328 ], [ 47.30362867763187, 10.495050753945106 ], [ 47.181287903899566, 10.528314355103024 ], [ 47.091145338857274, 10.484912379341923 ], [ 47.01769584141541, 10.414801495420141 ], [ 46.941569110993463, 10.379669133807591 ], [ 46.937590434436999, 10.224500748105417 ], [ 46.722741900387831, 10.125033834193765 ], [ 46.535744102233927, 10.113097804524367 ], [ 46.312938215071831, 9.969865448491591 ], [ 46.189599241821384, 9.894270593918737 ], [ 46.070238945127407, 9.926100006370465 ], [ 45.907113206312296, 9.766952944111823 ], [ 45.786533146054374, 9.717808851883134 ], [ 45.665054426767071, 9.563624323556944 ], [ 45.674398943635325, 9.367389469323612 ], [ 45.679071202069451, 9.245910750036309 ], [ 45.630799623873664, 9.112170375074855 ], [ 45.476615095547494, 8.957985846748651 ], [ 45.294397016616536, 8.953313588314524 ], [ 45.060784094910183, 9.121514891943095 ], [ 44.936316126534592, 9.21590624104128 ], [ 44.832870536066473, 9.186066166867786 ], [ 44.745339651824224, 9.263650359718872 ], [ 44.705552886259561, 9.383010656412853 ], [ 44.602107295791448, 9.494413599993901 ], [ 44.419088174194009, 9.566029778010289 ], [ 44.356424018429671, 9.69086075496941 ], [ 44.248999751405087, 9.764466271264032 ], [ 44.115714086763475, 9.772423624376964 ], [ 43.986407098678328, 9.812210389941624 ], [ 43.89415022560754, 9.861303995414207 ], [ 43.78946260913326, 9.91565598040974 ], [ 43.805377315359131, 9.95942142253087 ], [ 43.882961508210215, 10.02705892399079 ], [ 43.922748273774872, 10.108621793398342 ], [ 43.988396436956563, 10.202120692475294 ], [ 43.974471069008928, 10.259811502544052 ], [ 43.926726950331336, 10.321480989169276 ], [ 43.900865552714308, 10.367235769568634 ], [ 43.831238712976152, 10.393097167185664 ], [ 43.628326208596384, 10.472670698314984 ], [ 43.576436652086905, 10.562142760533252 ], [ 43.480120506868026, 10.696968589185756 ], [ 43.50200322792859, 10.822296900714436 ], [ 43.476141830311562, 10.955582565356048 ], [ 43.56367271455381, 11.102793597945292 ], [ 43.543779331771482, 11.212207203248106 ], [ 43.509960581041526, 11.299738087490359 ], [ 43.585555435614374, 11.335546176498553 ], [ 43.577598082501446, 11.405173016236708 ], [ 43.60447020269168, 11.571350582304678 ], [ 43.685022349526029, 11.574266769886513 ], [ 43.762606542377114, 11.520554636374223 ], [ 43.810350661054706, 11.454906473192533 ], [ 43.877988162514626, 11.379311618619679 ], [ 43.875998824236397, 11.246025953978068 ], [ 43.822286690724106, 11.15451639317935 ], [ 43.871025478540815, 11.15501372774891 ], [ 44.015252503712709, 11.255972645369233 ], [ 44.023209856825638, 11.431034413853737 ], [ 44.096815373120258, 11.554373387104183 ], [ 44.200260963588377, 11.582224122999445 ], [ 44.292765193526215, 11.74385785810588 ], [ 44.229106368622759, 11.97462109838091 ], [ 44.324594605977943, 12.101938748187822 ], [ 44.332551959090871, 12.284957869785259 ], [ 44.306690561473843, 12.333199323032408 ], [ 44.17448573165516, 12.346945482369744 ], [ 44.030172540799455, 12.343146014423574 ], [ 43.940872809948821, 12.356289999237998 ], [ 43.886940184766679, 12.444602266613456 ], [ 43.871025478540815, 12.504282414960446 ], [ 43.719835769395104, 12.534122489133942 ], [ 43.660537303901201, 12.566541628773717 ], [ 43.63031554687462, 12.63160006476736 ], [ 43.668112974161048, 12.737532328083269 ], [ 43.586550104753492, 12.807159167821423 ], [ 43.581108910521046, 12.865566168557837 ], [ 43.546763339188836, 12.904636743454841 ], [ 43.534827309519436, 12.962327553523599 ], [ 43.520901941571807, 13.073730497104647 ], [ 43.347829511365532, 13.121474615782239 ], [ 43.252341274010348, 13.19508013207686 ], [ 43.188682449106892, 13.191101455520394 ], [ 43.176746419437492, 13.163250719625132 ], [ 43.266266641957976, 13.081687850217579 ], [ 43.286160024740312, 13.033943731539987 ], [ 43.262287965401512, 12.944423509019501 ], [ 43.212554508445685, 12.894690052063677 ], [ 43.260298627123277, 12.848935271664317 ], [ 43.278202671627376, 12.763393725700297 ], [ 43.230458552949784, 12.701724239075073 ], [ 43.234437229506248, 12.642044090728083 ], [ 43.230458552949784, 12.554015871916272 ], [ 43.184703772550428, 12.528154474299244 ], [ 43.07330082896938, 12.528154474299244 ], [ 42.995716636118289, 12.536111827412176 ], [ 42.888292369093705, 12.61170668198503 ], [ 42.854473618363748, 12.693269551392584 ], [ 42.818665529355549, 12.75096036146134 ], [ 42.796782808294985, 12.641546756158524 ], [ 42.784846778625592, 12.589823960924466 ], [ 42.747049351339165, 12.542079842246874 ], [ 42.753017366173864, 12.488367708734582 ], [ 42.774900087234428, 12.458527634561088 ], [ 42.868398986311377, 12.410783515883496 ], [ 42.832590897303184, 12.343146014423574 ], [ 42.82420304419248, 12.281533864291969 ], [ 42.732129314252418, 12.2332350745512 ], [ 42.765948064982375, 12.163608234813044 ], [ 42.738097329087118, 12.054194629510228 ], [ 42.650566444844863, 11.994514481163238 ], [ 42.531206148150879, 11.978599774937374 ], [ 42.547120854376743, 11.869186169634558 ], [ 42.443675263908631, 11.785633961948772 ], [ 42.537174162985579, 11.743857858105878 ], [ 42.644598430010163, 11.684177709758888 ], [ 42.704278578357155, 11.674231018367724 ], [ 42.800841752021846, 11.730207369064988 ], [ 42.82420304419248, 11.618073166645946 ], [ 42.824633544190249, 11.544426695713019 ], [ 42.758985381008564, 11.502650591870125 ], [ 42.69337980803693, 11.286342817822931 ], [ 42.565024898880843, 11.266416671329957 ], [ 42.549110192654979, 11.220661890930597 ], [ 42.465557984969195, 11.176896448809471 ], [ 42.366091071057539, 11.141088359801277 ], [ 42.33361590860914, 11.024696345511817 ], [ 42.263532032097238, 11.020024087077697 ], [ 42.184103638717083, 11.066746671418965 ], [ 42.067297177863914, 11.230275716613409 ], [ 42.031882240314395, 11.298246083781684 ], [ 41.948330032628611, 11.294267407225218 ], [ 41.926447311568047, 11.248512626825859 ], [ 41.832948412491092, 11.248512626825859 ], [ 41.755364219640008, 11.304214098616384 ], [ 41.679769365067152, 11.250501965104093 ], [ 41.556430391816704, 11.264427333051723 ], [ 41.526590317643212, 11.280342039277587 ], [ 41.634014584667796, 11.389755644580402 ], [ 41.71159877751888, 11.576753442734306 ], [ 41.731492160301215, 11.686167048037122 ], [ 41.731492160301215, 11.775687270557606 ], [ 41.707620100962416, 11.841335433739296 ], [ 41.606163848772532, 11.8234313892352 ], [ 41.507691604, 11.862223485660744 ], [ 41.457958147044174, 12.01142385652822 ], [ 41.414192704923046, 12.081050696266376 ], [ 41.469894176713574, 12.134762829778666 ], [ 41.45397947048771, 12.19046430156919 ], [ 41.35650189485429, 12.196432316403889 ], [ 41.312736452733162, 12.283963200646141 ], [ 41.145632037361594, 12.427195556678919 ], [ 41.139664022526894, 12.588331957215793 ], [ 41.074015859345202, 12.648012105562783 ], [ 40.791529823836115, 12.725596298413871 ], [ 40.867135084038701, 12.776661897535536 ], [ 40.913875673319893, 12.793354965135959 ], [ 40.9339073544404, 12.836756940897063 ], [ 40.994002397801928, 12.880158916658166 ], [ 40.994002397801928, 12.923560892419269 ], [ 40.940584581480572, 12.990333162820967 ], [ 40.867135084038701, 13.070459887303004 ], [ 40.851511059444562, 13.160040978866993 ], [ 40.788545816418768, 13.253765611284734 ], [ 40.592885943089911, 13.345797407857193 ], [ 40.532146583446249, 13.495309677749256 ], [ 40.368617538251797, 13.588754846431792 ], [ 40.265827852701008, 13.691544531982588 ], [ 40.181727200886726, 13.77564518379687 ], [ 39.994836863521641, 13.831712285006391 ], [ 39.915408470141486, 13.813023251269884 ], [ 39.761223941815302, 13.784989700665124 ], [ 39.602367155054978, 13.728922599455602 ], [ 39.574333604450217, 13.672855498246074 ], [ 39.480888435767682, 13.668183239811954 ], [ 39.3967877839534, 13.602771621734172 ], [ 39.284653581534357, 13.523343228354017 ], [ 39.186536154417681, 13.453259351842108 ], [ 39.117701599514234, 13.414337079871745 ], [ 39.135141311642286, 13.317763857252432 ], [ 39.055712918262131, 13.257024497608777 ], [ 38.917472042413671, 13.098171519494832 ], [ 38.803871928626258, 13.07379850082309 ], [ 38.663243209795468, 13.060789643375445 ], [ 38.475750604355412, 13.018565894478922 ], [ 38.382378593058547, 12.970682811762579 ], [ 38.310553968984038, 12.882099108737348 ], [ 38.152539796020108, 12.86294587565081 ], [ 37.99511025371531, 12.892588339746888 ], [ 37.878303792862141, 12.995378025297677 ], [ 37.767735640921948, 13.061794467435222 ], [ 37.688162109792628, 13.141367998564542 ], [ 37.660311373897365, 13.236856235919728 ], [ 37.534122719215596, 13.253357063234427 ], [ 37.436005292098933, 13.37483578252173 ], [ 37.453420192961133, 13.459662123081824 ], [ 37.417612103952941, 13.555150360437008 ], [ 37.267803988470369, 13.540700956933238 ], [ 37.169686561353693, 13.552381603018555 ], [ 37.027701801419269, 13.586979772888737 ], [ 36.952106946846413, 13.678489333687455 ], [ 36.852800231865203, 13.63584895126292 ], [ 36.762026216035096, 13.63248695067662 ], [ 36.583840184961183, 13.63248695067662 ], [ 36.462729730401094, 13.638702568122795 ], [ 36.490580466296358, 13.579022419775805 ], [ 36.613919439546805, 13.455683446525358 ], [ 36.689514294119654, 13.38406726850897 ], [ 36.725322383127853, 13.260728295258524 ], [ 36.836725326708901, 13.228898882806796 ], [ 36.884469445386493, 13.061794467435222 ], [ 37.024846549895763, 12.944988006582053 ], [ 37.051573860758062, 12.898668728620116 ], [ 37.031680477975733, 12.791244461595532 ], [ 37.104274943275918, 12.739408635480467 ], [ 37.151040774669717, 12.60424666344163 ], [ 36.914094597982334, 12.553400593215976 ], [ 36.783271361826785, 12.464627682967567 ], [ 36.755632534054193, 12.371855008225248 ], [ 36.694498451578362, 12.30577089620725 ], [ 36.735600852933686, 12.265019375582533 ], [ 36.702214717732836, 12.198247105180835 ], [ 36.63843135036884, 12.202981210656453 ], [ 36.575347403969609, 12.18155403758041 ], [ 36.558654336369187, 12.149002555759584 ], [ 36.561992949889273, 12.122293647598903 ], [ 36.57033948368948, 12.106435233378503 ], [ 36.56032364312923, 12.092246125918139 ], [ 36.540291962008716, 12.083064938737909 ], [ 36.519425627508191, 12.094750086058205 ], [ 36.501897906527745, 12.133978794919202 ], [ 36.448480090206388, 12.128970874639073 ], [ 36.432851979267262, 12.076830232935023 ], [ 36.405078114445281, 12.056982020612242 ], [ 36.387550393464835, 12.036950339491733 ], [ 36.385881086704792, 12.015249351611182 ], [ 36.418835203964882, 11.997401839554868 ], [ 36.492716719347513, 11.971847375850079 ], [ 36.572843443829548, 11.965170148809909 ], [ 36.63843135036884, 11.974040547384234 ], [ 36.699710757592769, 11.981028563030312 ], [ 36.748120653634004, 11.977689949510227 ], [ 36.80905035037555, 12.011076084711076 ], [ 36.852452326136657, 12.022761232031373 ], [ 36.898394813334122, 12.014407863945541 ], [ 36.892515688377671, 11.97935925627027 ], [ 36.859129553176821, 11.948477081209484 ], [ 36.821570151075868, 11.935122627129145 ], [ 36.784010748974914, 11.902571145308318 ], [ 36.763979067854407, 11.875027583767618 ], [ 36.743947386733893, 11.851657289127024 ], [ 36.705553331252922, 11.839137488426706 ], [ 36.667299554353619, 11.805839243755663 ], [ 36.576122012260377, 11.696113739428259 ], [ 36.468697745235794, 11.676220356645929 ], [ 36.429903678282784, 11.626406304098483 ], [ 36.359819801770882, 11.603045011927849 ], [ 36.288226641242311, 11.598339988290585 ], [ 36.2406513985811, 11.612529095750945 ], [ 36.126531561379714, 11.664284326976532 ], [ 36.098342997287482, 11.647584537711836 ], [ 36.064956862086639, 11.604182561950733 ], [ 35.965633109864115, 11.524055837468696 ], [ 35.95311330916379, 11.491504355647869 ], [ 35.963129149724047, 11.46396079410717 ], [ 35.963963803104072, 11.431409312286341 ], [ 35.931576410112882, 11.417606380475638 ], [ 35.898860839462415, 11.420558818346066 ], [ 35.866309357641583, 11.433078619046384 ], [ 35.826245995400569, 11.438086539326511 ], [ 35.80425876030597, 11.429542410145036 ], [ 35.795092460249833, 11.382958079775801 ], [ 35.754883131408754, 11.35003060773427 ], [ 35.701647291567284, 11.312874203263899 ], [ 35.662236606226401, 11.272407843392298 ], [ 35.612992056805147, 11.245698935231619 ], [ 35.538118246372846, 11.177378708674215 ], [ 35.510329691062537, 11.135524689068818 ], [ 35.452738607841077, 11.098799940347885 ], [ 35.377619803639163, 11.073760338947249 ], [ 35.255932654351653, 11.050471249023767 ], [ 35.234059422275514, 11.067083111907079 ], [ 35.233224768895496, 11.092122713307715 ], [ 35.228216848615368, 11.162233597229497 ], [ 35.143798451932611, 11.218672552652338 ], [ 35.008302957342934, 11.260722878559479 ], [ 34.92825863495446, 11.279902698044054 ], [ 34.867519275310812, 11.368675608292463 ], [ 34.886208309047333, 11.462120776975006 ], [ 34.960964443993362, 11.61163304686707 ], [ 35.026376062071137, 11.733111766154366 ], [ 35.00768702833463, 11.863935002309923 ], [ 34.970308960861615, 12.032136305938494 ], [ 34.984325736163996, 12.223698901737698 ], [ 35.03572057893939, 12.377883430063889 ], [ 35.026376062071137, 12.499362149351185 ], [ 34.991334123815179, 12.579958607339883 ], [ 35.014023359365197, 12.622291398373619 ], [ 35.005350899117573, 12.676907969848024 ], [ 34.937603151822728, 12.718958295755158 ], [ 34.886208309047333, 12.779697655398813 ], [ 34.895552825915587, 12.882487340949609 ], [ 34.923586376520348, 12.999293801802779 ], [ 34.87686379217908, 13.116100262655955 ], [ 34.909569601217967, 13.228234465074998 ], [ 34.87686379217908, 13.345040925928174 ], [ 34.774074106628291, 13.396435768703569 ], [ 34.718007005418769, 13.503897712688492 ], [ 34.74604055602353, 13.606687398239281 ], [ 34.750712814457643, 13.616031915107534 ], [ 34.750712814457643, 13.71882160065833 ], [ 34.750712814457643, 13.812266769340866 ], [ 34.825079266065117, 13.963539003925701 ], [ 34.808386198464696, 13.994421178986487 ], [ 34.775834716643871, 14.011948899966933 ], [ 34.729094127362679, 14.02363404728723 ], [ 34.672337697521236, 14.026138007427294 ], [ 34.625597108240051, 14.038657808127612 ], [ 34.593045626419219, 14.048673648687865 ], [ 34.540462463477887, 14.080390477128672 ], [ 34.456360533107656, 14.11596356755912 ], [ 34.404759281569042, 14.301649549343946 ], [ 34.156091996789918, 14.393159110142664 ], [ 34.125639733607343, 14.386290940906449 ], [ 34.102379863277626, 14.351383006299772 ], [ 34.051355582785455, 14.363755299645875 ], [ 33.990976919696578, 14.359340359412704 ], [ 33.990425886043901, 14.396306781466702 ], [ 34.013796180684494, 14.423850343007402 ], [ 34.026785008704771, 14.474721979550218 ], [ 34.01713479420458, 14.539449836140344 ], [ 34.039670435465155, 14.589529038941617 ], [ 34.066379343625833, 14.654632002583272 ], [ 34.130647653887465, 14.676332990463823 ], [ 34.168207055988425, 14.69386071144427 ], [ 34.182396163448786, 14.763554268676042 ], [ 34.176553589788632, 14.835334459357867 ], [ 34.161529828948254, 14.950516625800795 ], [ 34.163199135708297, 14.968879000161262 ], [ 34.180958725267828, 14.982997909638753 ], [ 34.207435764849421, 14.979729494101537 ], [ 34.239152593290228, 14.962201773121093 ], [ 34.305090210311903, 14.961367119741071 ], [ 34.33214843441354, 14.973051218247587 ], [ 34.330159096135304, 15.012837983812247 ], [ 34.397796597595232, 15.054614087655141 ], [ 34.377903214812896, 15.175963722627355 ], [ 34.449519392829288, 15.201825120244385 ], [ 34.469412775611616, 15.235643870974345 ], [ 34.204830784606628, 15.249569238921977 ], [ 34.123267915199072, 15.293334681043103 ], [ 34.053641075460916, 15.239622547530811 ], [ 33.94024879360164, 15.239622547530811 ], [ 33.888180846991311, 15.304618322274788 ], [ 33.84811748475029, 15.324650003395298 ], [ 33.779675907588555, 15.332996537195509 ], [ 33.677848195225963, 15.297941095234618 ], [ 33.569343255823206, 15.27123218707394 ], [ 33.466680890080596, 15.284586641154279 ], [ 33.383215552078475, 15.299610401994661 ], [ 33.264694772115462, 15.272901493833983 ], [ 33.217954182834269, 15.239515358633133 ], [ 33.185456436616683, 15.165414856713278 ], [ 33.046015586549899, 15.1477034868308 ], [ 32.919148272786678, 15.154380713870969 ], [ 32.830364795623048, 15.118692272372011 ], [ 32.720566722421061, 15.151398081410898 ], [ 32.601424132350822, 15.156070339845025 ], [ 32.561759738069171, 15.206935911927765 ], [ 32.517871924665037, 15.332126777468634 ], [ 32.44426640837041, 15.328148100912168 ], [ 32.356735524128162, 15.314222732964538 ], [ 32.334852803067598, 15.37589221958976 ], [ 32.348778171015226, 15.485305824892576 ], [ 32.38259692174519, 15.618591489534188 ], [ 32.358724862406397, 15.753866492454032 ], [ 32.366682215519326, 15.861290759478615 ], [ 32.187641770478358, 15.920970907825605 ], [ 32.253289933660042, 16.002533777233158 ], [ 32.269204639885906, 16.092053999753645 ], [ 32.299044714059406, 16.187542237108829 ], [ 32.239364565712414, 16.243243708899353 ], [ 32.195599123591286, 16.205446281612925 ], [ 32.102100224514338, 16.119904735648905 ], [ 32.048388091002046, 16.026405836571954 ], [ 31.925049117751598, 15.970704364781431 ], [ 31.891290652771964, 15.849371446620214 ], [ 31.779156450352918, 15.79797660384482 ], [ 31.671694506367995, 15.718548210464665 ], [ 31.610955146724347, 15.67182562612339 ], [ 31.580893595617287, 15.714079726889372 ], [ 31.612723008069015, 15.813546640801023 ], [ 31.551053521443791, 15.841397376696285 ], [ 31.531160138661463, 15.909034878156207 ], [ 31.56895756594789, 15.948821643720867 ], [ 31.584872272173754, 16.000544438954925 ], [ 31.56895756594789, 16.040331204519585 ], [ 31.517234770713831, 16.064203263858381 ], [ 31.523202785548531, 16.179584883995897 ], [ 31.418985617990316, 16.267026531418541 ], [ 31.349135686203141, 16.294966504133409 ], [ 31.272546162491171, 16.308891872081052 ], [ 31.218834028978879, 16.374540035262743 ], [ 31.133292483014859, 16.316849225193984 ], [ 31.074428530167772, 16.304957813934383 ], [ 31.039793583937907, 16.26711576823816 ], [ 30.978124097312687, 16.173616869161208 ], [ 30.948284023139191, 16.131840765318316 ], [ 30.546803834664953, 16.243452659571069 ], [ 30.015167616971439, 16.261474226272544 ], [ 29.564628449434561, 16.23444187622033 ], [ 28.825744214674081, 16.189387959466643 ], [ 28.231032513525403, 16.13532325936222 ], [ 27.402040445257548, 16.009172292451893 ], [ 26.663156210497068, 15.837967408787879 ], [ 25.939024595131528, 15.548590015537423 ], [ 25.912782854538111, 15.568125360676703 ], [ 25.85881230981094, 15.574707134423919 ], [ 25.818005312578197, 15.570758070175589 ], [ 25.756136639354363, 15.55496181318227 ], [ 25.679788063886654, 15.533900137191178 ], [ 25.571846974432304, 15.527318363443962 ], [ 25.481018496720719, 15.5102057517012 ], [ 25.391506373758578, 15.458867916472911 ], [ 25.319106862539197, 15.412795500242398 ], [ 25.216928161864367, 15.422995167643986 ], [ 25.154562518858789, 15.453602497475138 ], [ 25.055735245886986, 15.411314521558662 ], [ 24.921556106046747, 15.367947840902078 ], [ 24.863152875620159, 15.318889127343747 ], [ 24.702046408462792, 15.277058218463802 ], [ 24.661344779477929, 15.195975262314143 ], [ 24.355089112202052, 15.152606144805057 ], [ 24.026988190738088, 15.077180645617938 ], [ 23.898764842119988, 14.952728571959193 ], [ 23.793169143258023, 14.922558372284346 ], [ 23.661174519680564, 14.952728571959193 ], [ 23.770541493501888, 15.058324270821158 ], [ 23.747913843745753, 15.220489094073463 ], [ 23.608376670249584, 15.18654761943926 ], [ 23.559350095777955, 15.080951920577295 ], [ 23.4273554722005, 15.062095545780515 ], [ 23.382100172688229, 14.945186022040483 ], [ 23.329302323257245, 14.937643472121771 ], [ 23.219935349435925, 14.95649984691855 ], [ 23.208621524557859, 15.024382796186956 ], [ 23.082283813419433, 15.028154071146313 ], [ 23.00053813865544, 14.991000977280244 ], [ 22.928118132926471, 14.988664848063181 ], [ 22.888403936236394, 14.941942263721913 ], [ 22.820656188941552, 14.871858387210011 ], [ 22.713194244956632, 14.783085476961595 ], [ 22.589379396452266, 14.741035151054454 ], [ 22.26768842219856, 14.609542550657807 ], [ 21.920731125937817, 14.537888326430044 ], [ 21.869932081935342, 14.507557081043569 ], [ 21.841534351791346, 14.462462827242927 ], [ 21.873844197957684, 14.372589078272782 ], [ 21.860390726588125, 14.315383103828047 ], [ 21.723227731097527, 14.300214931859459 ], [ 21.634114229026771, 14.262585254397065 ], [ 21.613688482471961, 14.208280205334429 ], [ 21.630342954067412, 14.1569895555351 ], [ 21.572122249734594, 14.149109450496512 ], [ 21.535446162025124, 14.135906058921108 ], [ 21.456864305937042, 14.100420431144761 ], [ 21.463072015611804, 14.061575854496615 ], [ 21.48312161022632, 14.024899766787163 ], [ 21.470407233153708, 13.982844519546989 ], [ 21.43617621795822, 13.947635475345914 ], [ 21.407837731465417, 13.938255607892458 ], [ 21.350598679969483, 13.89090979302196 ], [ 21.280746985555773, 13.868036529406988 ], [ 21.223454909243376, 13.859612864843227 ], [ 21.182866705511593, 13.852766661804129 ], [ 21.153525835344031, 13.839074255725931 ], [ 21.124184965176468, 13.841030313737102 ], [ 21.130053139209981, 13.873305270921422 ], [ 21.15156977733286, 13.893843880038716 ], [ 21.178954589489251, 13.913404460150424 ], [ 21.220007625912121, 13.952137181221277 ], [ 21.268444243500308, 14.037614143859773 ], [ 21.323213867813092, 14.068911072038507 ], [ 21.325169925824262, 14.111944348284265 ], [ 21.334950215880117, 14.164757914585879 ], [ 21.403412246271095, 14.160845798563537 ], [ 21.460635580896398, 14.172074655372523 ], [ 21.487522740751441, 14.207791190831637 ], [ 21.490945842271003, 14.241044177021541 ], [ 21.473830334673245, 14.274297163211445 ], [ 21.494577055530602, 14.33046820366547 ], [ 21.519797697935758, 14.380413310317465 ], [ 21.576523380259715, 14.407798122473856 ], [ 21.645428053904837, 14.420978802690012 ], [ 21.662589932751231, 14.450831398719615 ], [ 21.626571679108057, 14.526574501551977 ], [ 21.735938652929381, 14.568058526104892 ], [ 21.891413670840056, 14.738340688578489 ], [ 21.894332201222326, 14.741537174235264 ], [ 22.097981049027545, 14.820733948381738 ], [ 22.147007623499171, 15.016840246268243 ], [ 22.282773522035985, 15.043239170983735 ], [ 22.452480895207, 15.118664670170853 ], [ 22.576932968865744, 15.182776344479903 ], [ 22.65842098641259, 15.32114267507766 ], [ 22.751866155095129, 15.384218163938378 ], [ 22.897491340410998, 15.331741705374462 ], [ 23.076588116266958, 15.454302040450287 ], [ 23.240677361712383, 15.373225729927377 ], [ 23.276484936692182, 15.3690130740474 ], [ 23.368900710330482, 15.358140630089952 ], [ 23.383831876893797, 15.439186150185714 ], [ 23.389629431353463, 15.470654944969731 ], [ 23.476026078733405, 15.49945382742971 ], [ 23.508772021423699, 15.510369141659808 ], [ 23.616233965408618, 15.559427855218139 ], [ 23.734714381388006, 15.475050153829985 ], [ 23.855395180087395, 15.463736328951917 ], [ 23.874251554884175, 15.527848003260967 ], [ 23.947964314231633, 15.599142051908217 ], [ 24.08921422756746, 15.580645852691951 ], [ 24.164639726754579, 15.599502227488729 ], [ 24.142012076998444, 15.739039400984899 ], [ 24.270235425616544, 15.731496851066186 ], [ 24.296634350332035, 15.776752150578456 ], [ 24.194809926429425, 15.852177649765576 ], [ 24.20989502626685, 15.901204224237201 ], [ 24.270350146186395, 15.972922726638373 ], [ 24.451256623665625, 15.950230798708828 ], [ 24.536668876931635, 16.057023378452662 ], [ 24.669990571308269, 16.067140322448861 ], [ 24.730330970657963, 16.157650921473405 ], [ 24.835926669519928, 16.24439024553859 ], [ 24.785014457568622, 16.327358294644419 ], [ 25.094259004235806, 16.451810368303164 ], [ 25.150828128626145, 16.534778417408994 ], [ 25.3183085365702, 16.562039540885799 ], [ 25.353350474826154, 16.620442771312391 ], [ 25.428106609772186, 16.685854389390165 ], [ 25.486509840198771, 16.695198906258426 ], [ 25.523887907671789, 16.776963428855645 ], [ 25.498190486284091, 16.821349883979849 ], [ 25.423434351338059, 16.835366659282229 ], [ 25.334661441089647, 16.826022142413976 ], [ 25.322154773160616, 16.807072645551806 ], [ 25.257569176926552, 16.709215681560799 ], [ 25.030147329926756, 16.678086865864518 ], [ 24.988663305373841, 16.557406067165129 ], [ 24.766158082771845, 16.564948617083839 ], [ 24.675647483747301, 16.432953993506384 ], [ 24.457240483551477, 16.38174533962448 ], [ 24.375475960954255, 16.309325333895515 ], [ 24.286703050705839, 16.246249845034797 ], [ 24.207274657325684, 16.24157758660067 ], [ 24.174067914152968, 16.157650921473405 ], [ 24.155211539356188, 16.067140322448861 ], [ 24.068472215291003, 16.074682872367575 ], [ 23.974190341307104, 16.070911597408216 ], [ 23.91525850519275, 16.050014990801465 ], [ 23.82414946572727, 15.982267243506627 ], [ 23.758737847649495, 15.928536271514162 ], [ 23.657403244721209, 15.833321274968796 ], [ 23.521637346184399, 15.806922350253304 ], [ 23.419812922281789, 15.806922350253304 ], [ 23.438669297078569, 15.867262749602999 ], [ 23.525408621143754, 15.931374423912048 ], [ 23.683802169436699, 15.9954860982211 ], [ 23.687573444396058, 16.093539247164351 ], [ 23.781855318379954, 16.138794546676625 ], [ 24.015674365860018, 16.22553387074181 ], [ 24.049615840494223, 16.267017895294725 ], [ 23.985342381704651, 16.313997592329635 ], [ 24.07878755038719, 16.384081468841543 ], [ 24.151440264396832, 16.421640168628315 ], [ 24.143897714478122, 16.48198056797801 ], [ 24.177839189112323, 16.538549692368349 ], [ 24.216619174193937, 16.599005356811382 ], [ 24.419200786511102, 16.598890091718044 ], [ 24.490855010738862, 16.674315590905159 ], [ 24.475769910901441, 16.738427265214213 ], [ 24.415429511551746, 16.738427265214213 ], [ 24.377716761958187, 16.704485790580009 ], [ 24.268349788136867, 16.700714515620653 ], [ 24.196695563909103, 16.723342165376788 ], [ 24.125041339681342, 16.666773040986449 ], [ 24.008131815941308, 16.629060291392889 ], [ 23.951562691550969, 16.61020391659611 ], [ 23.89687920464031, 16.590404723059496 ], [ 23.757342031144141, 16.575319623222072 ], [ 23.700772906753802, 16.498008486555278 ], [ 23.580092108054412, 16.462181374441396 ], [ 23.559350095777955, 16.424468624847837 ], [ 23.591405932932481, 16.352814400620076 ], [ 23.625347407566686, 16.333958025823296 ], [ 23.619690495127649, 16.305673463628125 ], [ 23.585749020493449, 16.288702726311023 ], [ 23.438688144911794, 16.257930491120121 ], [ 23.265190648948195, 16.229305145701165 ], [ 23.185993874801721, 16.135023271717266 ], [ 23.080398175939756, 16.101081797083065 ], [ 23.00497267675264, 16.05959777253015 ], [ 22.925775902606166, 16.029427572855301 ], [ 22.854121678378402, 16.010571198058521 ], [ 22.756068529435151, 15.991714823261743 ], [ 22.631616455776406, 15.97662972342432 ], [ 22.559962231548642, 15.871034024562356 ], [ 22.499621832198947, 15.791837250415881 ], [ 22.429364673130205, 15.74280771509796 ], [ 22.347210236661031, 15.750631947142644 ], [ 22.405339958215052, 15.848406374806219 ], [ 22.472397949375967, 15.899292355991628 ], [ 22.50173881954353, 15.957974096326753 ], [ 22.521299399655238, 16.020567952684221 ], [ 22.583893256012704, 16.053820938874125 ], [ 22.646701555613827, 16.049226766391921 ], [ 22.705168852705295, 16.100766331142225 ], [ 22.747155111947556, 16.170705485679225 ], [ 22.823951478703556, 16.204320449095434 ], [ 22.875345899677161, 16.237690391924186 ], [ 22.952174827321656, 16.240147561209316 ], [ 22.965374289679403, 16.291059773160619 ], [ 23.006858314232318, 16.326886885274501 ], [ 23.104911463175572, 16.374027822266449 ], [ 23.130280303545966, 16.446368733292712 ], [ 23.214380955360255, 16.49542744685105 ], [ 23.28781829870433, 16.57579103259199 ], [ 23.30667467350111, 16.628588882022974 ], [ 23.323645410818212, 16.705900018689768 ], [ 23.395299635045976, 16.764354780559785 ], [ 23.380214535208552, 16.803953167633022 ], [ 23.399070910005332, 16.830352092348512 ], [ 23.504060978276126, 16.855191346278826 ], [ 23.500895333907941, 16.930290878771444 ], [ 23.527294258623431, 16.964232353405649 ], [ 23.576320833095057, 16.986860003161784 ], [ 23.659288882200887, 16.975546178283714 ], [ 23.683942927990014, 16.988350711651446 ], [ 23.730665512331282, 17.065442975814538 ], [ 23.800711693176734, 17.101883889422137 ], [ 23.764884581062852, 17.182966301048289 ], [ 23.678145256997666, 17.145253551454729 ], [ 23.580092108054412, 17.105655164381496 ], [ 23.483924596590839, 17.052857314950511 ], [ 23.444326209517602, 16.984974365682106 ], [ 23.249422893616202, 16.981342324000249 ], [ 23.118110925533315, 16.890692491698207 ], [ 23.110568375614605, 16.828466454868835 ], [ 23.108682738134927, 16.76812605551914 ], [ 23.060196427034064, 16.736048756208586 ], [ 23.040799788866519, 16.671958544055567 ], [ 22.974802477077791, 16.664415994136853 ], [ 22.914462077728096, 16.662530356657175 ], [ 22.854617055932479, 16.66129262126255 ], [ 22.773039266752253, 16.641788344380718 ], [ 22.708927592443199, 16.662530356657175 ], [ 22.612760080979626, 16.664415994136853 ], [ 22.526020756914441, 16.572019757632635 ], [ 22.445794442946369, 16.530469385107001 ], [ 22.36872687478391, 16.495890049398735 ], [ 22.292440612348248, 16.495890049398735 ], [ 22.247451278091319, 16.464593121220002 ], [ 22.196593769800877, 16.427428019007756 ], [ 22.161384725599802, 16.400043206851365 ], [ 22.087054521175308, 16.386350800773169 ], [ 22.11639539134287, 16.441120425085952 ], [ 22.151604435543948, 16.486109759342881 ], [ 22.190725595767365, 16.521318803543956 ], [ 22.235714930024294, 16.562396021778547 ], [ 22.310298948356689, 16.637931329091916 ], [ 22.382718954085654, 16.733712626991522 ], [ 22.513542190241207, 16.810804891154621 ], [ 22.576617679101926, 16.862199733930009 ], [ 22.701385042524489, 17.004773559218719 ], [ 22.778696179191286, 16.991574096860973 ], [ 22.85789295333776, 17.01231610913743 ], [ 22.906919527809386, 17.053800133690345 ], [ 22.961603014720048, 17.070770871007447 ], [ 22.95971737724037, 17.138653820275856 ], [ 22.984230664476183, 17.182023482308448 ], [ 23.035142876427486, 17.204651132064583 ], [ 23.08794072585847, 17.204651132064583 ], [ 23.121882200492671, 17.214079319462972 ], [ 23.12565347545203, 17.255563344015886 ], [ 23.121882200492671, 17.291390456129768 ], [ 23.144509850248806, 17.323446293284292 ], [ 23.174680049923655, 17.334760118162361 ], [ 23.24256299919206, 17.308361193446871 ], [ 23.329302323257245, 17.321560655804614 ], [ 23.380214535208552, 17.361159042877851 ], [ 23.402842184964687, 17.400757429951089 ], [ 23.499009696428264, 17.380015417674631 ], [ 23.544264995940534, 17.398871792471411 ], [ 23.55779195026858, 17.439223650544694 ], [ 23.544264995940534, 17.483725479056918 ], [ 23.581977745534093, 17.5195525911708 ], [ 23.670602707078956, 17.585549902959528 ], [ 23.746028206266072, 17.593092452878238 ], [ 23.815796793014158, 17.578007353040817 ], [ 23.854480360835645, 17.593408178870884 ], [ 23.898764842119988, 17.6477759397889 ], [ 23.930820679274511, 17.71188761409795 ], [ 24.000589266022597, 17.725087076455697 ], [ 24.059044027892615, 17.753371638650865 ], [ 24.080909279385029, 17.815323184546035 ], [ 24.040187653095835, 17.843882237675409 ], [ 23.985504166185173, 17.834454050277017 ], [ 23.833455197882074, 17.79197916232128 ], [ 23.721320995463028, 17.742920448762941 ], [ 23.616862038908135, 17.691145601821493 ], [ 23.49240996524939, 17.713773251577628 ], [ 23.396242453785813, 17.674174864504391 ], [ 23.381157353948389, 17.636462114910834 ], [ 23.400013728745169, 17.587435540439206 ], [ 23.375500441509356, 17.570464803122103 ], [ 23.286875479964493, 17.549722790845646 ], [ 23.211449980777374, 17.589321177918883 ], [ 23.147338306468324, 17.545951515886291 ], [ 23.077569719720241, 17.491268028975632 ], [ 22.943689458663105, 17.47429729165853 ], [ 22.928604358825684, 17.440355817024326 ], [ 22.919176171427292, 17.353616492959141 ], [ 22.855299166903546, 17.33398202615999 ], [ 22.809809197605972, 17.291390456129768 ], [ 22.785295910370159, 17.198994219625547 ], [ 22.717412961101751, 17.195222944666192 ], [ 22.649530011833345, 17.208422407023939 ], [ 22.598617799882042, 17.261220256454919 ], [ 22.543934312971381, 17.248020794097176 ], [ 22.483593913621686, 17.208422407023939 ], [ 22.481708276142008, 17.146196370194566 ], [ 22.404397139475211, 17.117911807999398 ], [ 22.372341302320688, 17.040600671332601 ], [ 22.321429090369381, 16.991574096860973 ], [ 22.230918491344841, 16.990631278121139 ], [ 22.174349366954502, 16.992516915600817 ], [ 22.115894605084485, 17.001002284259364 ], [ 22.042354743377047, 16.999116646779687 ], [ 22.014070181181875, 16.974603359543874 ], [ 21.976357431588319, 16.961403897186127 ], [ 21.944301594433792, 17.065113958568414 ], [ 21.872647370206032, 17.061342683609059 ], [ 21.81796388329537, 17.034943758893569 ], [ 21.710482546953727, 17.034943758893569 ], [ 21.665227247441457, 17.014201746617111 ], [ 21.648256510124355, 16.951975709787739 ], [ 21.586030473294983, 16.925576785072245 ], [ 21.544546448742068, 16.921805510112893 ], [ 21.51184063970318, 16.956847448368844 ], [ 21.439420633974212, 17.015250678795429 ], [ 21.352983852942859, 16.998897774275985 ], [ 21.254866425826197, 16.961519706802971 ], [ 21.154412869492464, 16.93348615619821 ], [ 21.065639959244052, 16.896108088725196 ], [ 20.986397754757395, 16.84638001092577 ], [ 20.882687693375107, 16.840723098486738 ], [ 20.854403131179939, 16.86523638572255 ], [ 20.844974943781548, 16.904834772795788 ], [ 20.946497369173816, 16.963855836020034 ], [ 20.955841886042069, 17.040948100183126 ], [ 20.978855204838684, 17.100941070682296 ], [ 21.046950925507545, 17.108695847477971 ], [ 21.101421641017748, 17.131111270357142 ], [ 21.112735465895817, 17.168824019950701 ], [ 21.050509429066445, 17.204651132064583 ], [ 21.069365803863224, 17.236706969219107 ], [ 21.139134390611307, 17.221621869381686 ], [ 21.214559889798426, 17.238592606698784 ], [ 21.203246064920357, 17.306475555967193 ], [ 21.24552190895794, 17.31661134779662 ], [ 21.305070488822967, 17.329103205723328 ], [ 21.291871026465223, 17.380015417674631 ], [ 21.217488358353176, 17.389031353525585 ], [ 21.222102439717137, 17.453555279382073 ], [ 21.127820565733241, 17.444127091983681 ], [ 21.050509429066445, 17.366815955316888 ], [ 20.931714267846733, 17.314018105885904 ], [ 20.84308930630187, 17.278190993772021 ], [ 20.786520181911531, 17.280076631251699 ], [ 20.748807432317971, 17.240478244178462 ], [ 20.73372233248055, 17.183909119788126 ], [ 20.65075428337472, 17.148082007674244 ], [ 20.568044436009536, 17.141401656516859 ], [ 20.528187847195653, 17.166938382471024 ], [ 20.511217109878551, 17.197108582145869 ], [ 20.462190535406926, 17.193337307186514 ], [ 20.441448523130468, 17.168824019950701 ], [ 20.399964498577553, 17.131111270357142 ], [ 20.322653361910756, 17.191451669706836 ], [ 20.166145451097485, 17.225393144341041 ], [ 20.14351780134135, 17.180137844828771 ], [ 20.032439419076955, 17.152050855678119 ], [ 19.83344113521775, 17.101732670214741 ], [ 19.881414191666117, 17.051914496210667 ], [ 19.877642916706758, 16.991574096860973 ], [ 19.836158892153843, 16.946318797348702 ], [ 19.747533930608981, 16.910491685234824 ], [ 19.673066602471312, 16.929051537448515 ], [ 19.490848523540357, 16.933723795882642 ], [ 19.364697545818931, 16.933723795882642 ], [ 19.243218826531628, 16.802900559727085 ], [ 19.187151725322106, 16.756177975385818 ], [ 19.223326711258512, 16.693171965701943 ], [ 19.151672487030748, 16.651687941149028 ], [ 19.083789537762343, 16.666773040986453 ], [ 19.027220413372003, 16.723342165376792 ], [ 18.880140689957123, 16.776140014807773 ], [ 18.785858815973228, 16.836480414157467 ], [ 18.729289691582888, 16.806310214482622 ], [ 18.681273364127634, 16.731645295793275 ], [ 18.612380167842854, 16.749741090092282 ], [ 18.572010685375165, 16.782770666656756 ], [ 18.529412118737024, 16.817624039360688 ], [ 18.371018570444079, 16.806310214482622 ], [ 18.205082472232419, 16.806310214482622 ], [ 18.272208628701058, 16.706963502909034 ], [ 18.299364346216315, 16.666773040986453 ], [ 18.439590375861794, 16.61133796392788 ], [ 18.458279409598301, 16.517892795245345 ], [ 18.374789845403434, 16.466895468140589 ], [ 18.325763270931809, 16.414097618709608 ], [ 18.252700038496716, 16.368380525353274 ], [ 18.149910352945923, 16.429119884996929 ], [ 18.042917648980115, 16.455581643262523 ], [ 17.926008125240081, 16.481980567978013 ], [ 17.659714887954813, 16.552089937949884 ], [ 17.533795529467067, 16.557406067165132 ], [ 17.420657280686392, 16.512150767652862 ], [ 17.443284930442527, 16.402783793831539 ], [ 17.524219393365129, 16.351182825282425 ], [ 17.552252943969894, 16.262409915034016 ], [ 17.612992303613542, 16.168964746351474 ], [ 17.561597460838147, 16.098880869839572 ], [ 17.547189014943541, 16.083372760871534 ], [ 17.425710295656241, 16.111406311476294 ], [ 17.258492457434087, 16.153879646514049 ], [ 17.141582933694057, 16.338672119522489 ], [ 17.073699984425648, 16.349985944400558 ], [ 16.937934085888838, 16.346214669441203 ], [ 16.700343763449414, 16.300959369928929 ], [ 16.440125791253859, 16.176507296270184 ], [ 16.247790768326706, 16.101081797083069 ], [ 16.100711044911826, 16.089767972204999 ], [ 15.940538423525291, 16.057121872650317 ], [ 15.748975827726087, 16.05244961421619 ], [ 15.623566460298816, 16.207855017076394 ], [ 15.595532909694054, 16.31064470262719 ], [ 15.502087741011517, 16.352695028534331 ], [ 15.26380256087104, 16.348022770100204 ], [ 15.118517356074685, 16.406788287948501 ], [ 15.18736332260181, 16.578903204266311 ], [ 15.167693046451202, 16.652666739831083 ], [ 15.020165975321651, 16.770688396734727 ], [ 14.916897025530966, 16.834616794224196 ], [ 14.725111833062551, 16.903462760751321 ], [ 14.774287523439067, 17.026401986692612 ], [ 14.833304030374462, 17.125774359244826 ], [ 14.866009839413351, 17.237908561663875 ], [ 15.001505334003033, 17.27528662913689 ], [ 15.203870391038796, 17.258677444201933 ], [ 15.297315559721337, 17.310072286977327 ], [ 15.372071694667367, 17.328761320713841 ], [ 15.376743953101496, 17.450240040001137 ], [ 15.259923047686222, 17.507416548425461 ], [ 15.236450351552172, 17.597395216939319 ], [ 15.252098815641538, 17.68737388545318 ], [ 15.330341136088373, 17.703022349542547 ], [ 15.381198644378815, 17.753879857832988 ], [ 15.349901716200081, 17.796913134078746 ], [ 15.271659395753248, 17.800825250101088 ], [ 15.252098815641538, 17.847770642369188 ], [ 15.306868439954323, 17.918188730771341 ], [ 15.271659395753248, 17.972958355084124 ], [ 15.220801887462805, 18.019903747352224 ], [ 15.216889771440464, 18.078585487687349 ], [ 15.263835163708563, 18.125530879955448 ], [ 15.377286528356473, 18.12944299597779 ], [ 15.39293499244584, 18.188124736312915 ], [ 15.463353080847991, 18.23898224460336 ], [ 15.541595401294824, 18.282015520849118 ], [ 15.604189257652292, 18.274191288804435 ], [ 15.655046765942734, 18.258542824715068 ], [ 15.705904274233175, 18.21550954846931 ], [ 15.741113318434252, 18.235070128581018 ], [ 15.76067389854596, 18.278103404826776 ], [ 15.764586014568302, 18.321136681072534 ], [ 15.790251880399337, 18.346929969304924 ], [ 15.787080681696768, 18.386175609943965 ], [ 15.751871637495693, 18.411604364089186 ], [ 15.722530767328131, 18.440945234256748 ], [ 15.716662593294618, 18.49180274254719 ], [ 15.740135289428668, 18.532879960781777 ], [ 15.798817029763793, 18.57982535304988 ], [ 15.808597319819647, 18.620902571284468 ], [ 15.808597319819647, 18.67371613758608 ], [ 15.826201841920184, 18.716749413831838 ], [ 15.859454828110088, 18.755870574055255 ], [ 15.908356278389361, 18.759782690077596 ], [ 15.955301670657461, 18.757826632066426 ], [ 15.978774366791511, 18.800859908312184 ], [ 15.970950134746827, 18.87029996770875 ], [ 15.931828974523411, 18.89572872185397 ], [ 15.892707814299994, 18.932893824066216 ], [ 15.857498770098918, 18.970058926278462 ], [ 15.83989424799838, 19.003311912468366 ], [ 15.847718480043063, 19.050257304736469 ], [ 15.879015408221798, 19.089378464959886 ], [ 15.95334561264629, 19.089378464959886 ], [ 15.992466772869706, 19.097202697004569 ], [ 16.031587933093125, 19.089378464959886 ], [ 16.057016687238345, 19.110895103082765 ], [ 16.013983410992587, 19.153928379328523 ], [ 16.009848026803304, 19.197281004316025 ], [ 16.047236397182491, 19.216522235685989 ], [ 16.091625605278132, 19.21657039020381 ], [ 16.152863529785716, 19.228258583753014 ], [ 16.207633154098499, 19.243907047842381 ], [ 16.260446720400115, 19.239994931820039 ], [ 16.313260286701727, 19.224346467730673 ], [ 16.362161736980998, 19.236082815797698 ], [ 16.366073853003339, 19.302588788177506 ], [ 16.373898085048022, 19.367138702546146 ], [ 16.366073853003339, 19.416040152825417 ], [ 16.328908750791093, 19.459073429071175 ], [ 16.287831532556506, 19.488414299238737 ], [ 16.27218306846714, 19.515799111395129 ], [ 16.305436054657044, 19.543183923551521 ], [ 16.346513272891631, 19.558832387640887 ], [ 16.404216984221172, 19.631695548557001 ], [ 16.478547188645663, 19.631695548557001 ], [ 16.548965277047817, 19.623871316512318 ], [ 16.607647017382941, 19.631695548557001 ], [ 16.6037349013606, 19.694289404914468 ], [ 16.537228928980792, 19.725586333093204 ], [ 16.505932000802055, 19.799916537517696 ], [ 16.482459304668005, 19.889895206031554 ], [ 16.404216984221172, 19.932928482277312 ], [ 16.322062547751997, 19.932928482277312 ], [ 16.325974663774339, 19.999434454657123 ], [ 16.408129100243514, 20.06202831101459 ], [ 16.490283536712688, 20.093325239193323 ], [ 16.572868223993211, 20.146349818595073 ], [ 16.680330167978131, 20.267828537882377 ], [ 16.701537801919141, 20.335876432578509 ], [ 16.791516470432999, 20.343700664623192 ], [ 16.791516470432999, 20.421942985070025 ], [ 16.81890128258939, 20.500185305516858 ], [ 16.897143603036227, 20.582339741986033 ], [ 16.92844053121496, 20.656669946410528 ], [ 16.85802244281281, 20.738824382879702 ], [ 16.787604354410657, 20.836627283438244 ], [ 16.713274149986166, 20.87574844366166 ], [ 16.646768177606358, 20.899221139795713 ], [ 16.611559133405283, 20.946166532063813 ], [ 16.701537801919141, 20.969639228197863 ], [ 16.725010498053191, 21.063530012734063 ], [ 16.760219542254266, 21.114387521024504 ], [ 16.744571078164899, 21.157420797270262 ], [ 16.685889337829774, 21.243487349761782 ], [ 16.662416641695724, 21.337378134297982 ], [ 16.584174321248891, 21.360850830432032 ], [ 16.537228928980792, 21.325641786230957 ], [ 16.490283536712688, 21.368675062476715 ], [ 16.482992349153271, 21.424797207248794 ], [ 16.458986608533955, 21.48310445613021 ], [ 16.47072295660098, 21.537874080442993 ], [ 16.53331681295845, 21.537874080442993 ], [ 16.576350089204208, 21.557434660554701 ], [ 16.607647017382941, 21.635676981001538 ], [ 16.670240873740404, 21.619539502409378 ], [ 16.680021163796258, 21.566725936107765 ], [ 16.695669627885625, 21.535429007929029 ], [ 16.725010498053187, 21.496307847705612 ], [ 16.750439252198408, 21.431757933336975 ], [ 16.734790788109041, 21.382856483057704 ], [ 16.771955890321287, 21.3496034968678 ], [ 16.836505804689928, 21.328086858744921 ], [ 16.910836009114419, 21.310482336644384 ], [ 16.987122271550081, 21.302658104599701 ], [ 17.039935837851694, 21.283097524487992 ], [ 17.073188824041598, 21.23810819023106 ], [ 17.065364591996914, 21.183338565918277 ], [ 17.05558430194106, 21.134437115639006 ], [ 17.03015554779584, 21.107052303482615 ], [ 17.004726793650619, 21.087491723370906 ], [ 17.014507083706473, 21.054238737181002 ], [ 17.065364591996914, 21.026853925024611 ], [ 17.073188824041598, 20.989688822812365 ], [ 17.075144882052768, 20.934919198499578 ], [ 17.112309984265014, 20.897754096287333 ], [ 17.143606912443751, 20.8664571681086 ], [ 17.145562970454922, 20.837116297941037 ], [ 17.106441810231502, 20.817555717829329 ], [ 17.086881230119793, 20.794083021695279 ], [ 17.094705462164477, 20.753005803460692 ], [ 17.135782680399068, 20.728555078321055 ], [ 17.143606912443751, 20.673785454008272 ], [ 17.159255376533117, 20.636620351796026 ], [ 17.1934379643852, 20.610583829732878 ], [ 17.202288652778876, 20.57598255344973 ], [ 17.198376536756534, 20.52903716118163 ], [ 17.174903840622484, 20.484047826924698 ], [ 17.174903840622484, 20.433190318634256 ], [ 17.178815956644826, 20.397981274433182 ], [ 17.133826622387897, 20.376464636310303 ], [ 17.122090274320872, 20.34712376614274 ], [ 17.127958448354384, 20.311914721941665 ], [ 17.16512355056663, 20.284529909785274 ], [ 17.196420478745363, 20.255189039617711 ], [ 17.200332594767705, 20.202375473316096 ], [ 17.234921988938115, 20.153316740910977 ], [ 17.223805290901755, 20.108484688779896 ], [ 17.169035666588972, 20.085011992645846 ], [ 17.147519028466093, 20.063495354522967 ], [ 17.155343260510776, 20.030242368333063 ], [ 17.169035666588972, 19.993077266120817 ], [ 17.135782680399068, 19.955912163908572 ], [ 17.084070990563877, 19.942125343187044 ], [ 17.086881230119793, 19.88940619152876 ], [ 17.122090274320872, 19.86593349539471 ], [ 17.174903840622484, 19.862021379372369 ], [ 17.223805290901755, 19.877669843461735 ], [ 17.272706741181025, 19.914834945673981 ], [ 17.314118763084586, 19.964752992943183 ], [ 17.362685409694883, 19.97547274402028 ], [ 17.412171912027841, 19.987380642699318 ], [ 17.421367150030012, 20.014593904243696 ], [ 17.41745503400767, 20.067407470545309 ], [ 17.408400637068485, 20.115603991317418 ], [ 17.457427211540111, 20.149545465951618 ], [ 17.53285271072723, 20.191029490504533 ], [ 17.568071500867823, 20.208243647349608 ], [ 17.61582075983306, 20.206114590341958 ], [ 17.638489589269973, 20.167166429115021 ], [ 17.64221968454855, 20.119375266276773 ], [ 17.626753241202948, 20.057627180489455 ], [ 17.594670275954456, 20.011864477960465 ], [ 17.604506934954991, 19.957210443024469 ], [ 17.632621415236461, 19.937818627305241 ], [ 17.660006227392852, 19.926082279238216 ], [ 17.669786517448706, 19.883049002992458 ], [ 17.652181995348169, 19.838059668735525 ], [ 17.613060835124752, 19.820455146634988 ], [ 17.595456313024215, 19.761773406299863 ], [ 17.611104777113582, 19.73047647812113 ], [ 17.652181995348169, 19.710915898009421 ], [ 17.683478923526902, 19.671794737786005 ], [ 17.685434981538073, 19.61311299745088 ], [ 17.685434981538073, 19.56421154717161 ], [ 17.646313821314656, 19.52509038694819 ], [ 17.605236603080069, 19.499661632802969 ], [ 17.585325759086203, 19.455865724299361 ], [ 17.613060835124752, 19.442446935976221 ], [ 17.628709299214119, 19.417018181831001 ], [ 17.60719266109124, 19.387677311663438 ], [ 17.589588138990703, 19.354424325473534 ], [ 17.618929009158265, 19.340731919395338 ], [ 17.671742575459877, 19.342687977406509 ], [ 17.704995561649781, 19.34464403541768 ], [ 17.781281824085447, 19.336819803372997 ], [ 17.846972231397313, 19.339059263446181 ], [ 17.907711591040965, 19.28766442067079 ], [ 17.959283103101992, 19.278138063037872 ], [ 18.010140611392437, 19.293786527127239 ], [ 18.031657249515316, 19.346600093428851 ], [ 18.072734467749903, 19.397457601719292 ], [ 18.131416208085028, 19.428754529898026 ], [ 18.188047097088582, 19.483899274904118 ], [ 18.248779688755278, 19.528513488467741 ], [ 18.313329603123918, 19.546118010568279 ], [ 18.36418711141436, 19.546118010568279 ], [ 18.38765980754841, 19.577414938747012 ], [ 18.370055285447872, 19.622404273003941 ], [ 18.399396155615435, 19.659569375216186 ], [ 18.397440097604264, 19.696734477428432 ], [ 18.368099227436701, 19.712382941517799 ], [ 18.362231053403189, 19.73976775367419 ], [ 18.381791633514897, 19.759328333785898 ], [ 18.422868851749485, 19.769108623841756 ], [ 18.450253663905876, 19.794537377986977 ], [ 18.501111172196318, 19.812141900087514 ], [ 18.542188390430905, 19.816054016109856 ], [ 18.575844547121122, 19.796940589990626 ], [ 18.63658390676477, 19.824974140595391 ], [ 18.687978749540168, 19.7922683315565 ], [ 18.77207940135445, 19.787596073122373 ], [ 18.798431989894286, 19.755416217763557 ], [ 18.814080453983653, 19.722163231573653 ], [ 18.904059122497515, 19.704558709473115 ], [ 18.958828746810298, 19.683042071350236 ], [ 19.01164231311191, 19.671305723283211 ], [ 19.042939241290643, 19.618492156981599 ], [ 19.087928575547572, 19.577414938747012 ], [ 19.094465233309212, 19.525949600811263 ], [ 19.060543763391181, 19.512865024378375 ], [ 19.040983183279472, 19.485480212221983 ], [ 19.074236169469376, 19.43853481995388 ], [ 19.078148285491718, 19.387677311663438 ], [ 19.10748915565928, 19.356380383484705 ], [ 19.168126954005576, 19.360292499507047 ], [ 19.176892888321415, 19.402361614629086 ], [ 19.316682039774605, 19.526168852267602 ], [ 19.410127208457141, 19.638303054686652 ], [ 19.52226141087619, 19.703714672764431 ], [ 19.674457857121318, 19.727024361611125 ], [ 19.763230767369731, 19.698990811006361 ], [ 19.852003677618143, 19.675629518835727 ], [ 19.959465621603059, 19.708335327874618 ], [ 20.113650149929253, 19.713007586308745 ], [ 20.183734026441154, 19.703663069440488 ], [ 20.239801127650679, 19.787763721254777 ], [ 20.356607588503852, 19.932603732712714 ], [ 20.422019206581631, 20.035393418263507 ], [ 20.501447599961789, 20.105477294775408 ], [ 20.506119858395913, 20.222283755628581 ], [ 20.576203734907821, 20.353106991784138 ], [ 20.65563212828798, 20.465241194203184 ], [ 20.678993420458614, 20.563358621319853 ], [ 20.707026971063375, 20.69418185747541 ], [ 20.847194724087181, 20.83902186893334 ], [ 20.879900533126069, 20.941811554484133 ], [ 20.884572791560199, 21.20813028522937 ], [ 20.842522465653055, 21.348298038253176 ], [ 20.898589566862579, 21.465104499106353 ], [ 20.982690218676861, 21.600599993696036 ], [ 20.992034735545115, 21.782818072626988 ], [ 21.150891522305436, 21.979052926860323 ], [ 21.235228833903719, 22.277058924441885 ], [ 21.300640451981497, 22.389193126860931 ], [ 21.26793464294261, 22.477966037109343 ], [ 21.207195283298958, 22.60411701483077 ], [ 21.093643386414051, 22.772938609553329 ], [ 21.304834784137977, 22.712598210203637 ], [ 21.491928983460273, 22.591139094592339 ], [ 21.690934458493995, 22.514274730350877 ], [ 21.850077336931168, 22.486190692979612 ], [ 22.046665598530026, 22.504913384560457 ], [ 22.21516982275762, 22.458106655608347 ], [ 22.346228663823524, 22.523636076141297 ], [ 22.459194557800544, 22.557469318765797 ], [ 22.510052066090985, 22.498787578430672 ], [ 22.67387576648829, 22.448745309817923 ], [ 22.63915189482826, 22.385336213782765 ], [ 22.623503430738893, 22.318830241402956 ], [ 22.643064010850601, 22.256236385045487 ], [ 22.779988071632562, 22.213203108799728 ], [ 22.889527320258129, 22.209290992777387 ], [ 22.979505988771987, 22.232763688911437 ], [ 23.12034216557629, 22.213203108799728 ], [ 23.202496602045464, 22.150609252442262 ], [ 23.186848137956098, 22.095839628129479 ], [ 23.211298863095735, 22.070899888487048 ], [ 23.301277531609593, 22.057207482408852 ], [ 23.35800321393355, 22.021998438207778 ], [ 23.426465244324529, 22.055251424397682 ], [ 23.487103042670824, 22.063075656442365 ], [ 23.555565073061803, 22.057207482408852 ], [ 23.63380739350864, 22.045471134341827 ], [ 23.708137597933131, 22.061119598431194 ], [ 23.798116266446989, 22.080680178542906 ], [ 23.933961267246858, 22.065064763787969 ], [ 24.045557604860107, 22.053295366386511 ], [ 24.116179346177809, 22.018342179446698 ], [ 24.205954361776115, 21.971140929917336 ], [ 24.275036132938123, 21.957602819803046 ], [ 24.360482944658614, 21.95744852383914 ], [ 24.391842593791296, 21.999653145710191 ], [ 24.43389291969844, 22.083753797524476 ], [ 24.538484223675162, 22.09046046859876 ], [ 24.575649325887408, 22.115889222743981 ], [ 24.53261604964165, 22.143274034900372 ], [ 24.481758541351205, 22.180439137112618 ], [ 24.413296510960226, 22.229340587391889 ], [ 24.333098132502222, 22.246945109492426 ], [ 24.290064856256464, 22.291934443749355 ], [ 24.241163405977193, 22.346704068062138 ], [ 24.188349839675578, 22.395605518341412 ], [ 24.084678765083524, 22.397561576352583 ], [ 23.994700096569666, 22.422990330497804 ], [ 23.945798646290395, 22.41321004044195 ], [ 23.898853254022292, 22.383869170274387 ], [ 23.853863919765363, 22.368220706185017 ], [ 23.79909429545258, 22.372132822207359 ], [ 23.783445831363213, 22.403429750386096 ], [ 23.777577657329701, 22.448419084643024 ], [ 23.806918527497263, 22.466023606743562 ], [ 23.851907861754192, 22.481672070832929 ], [ 23.883204789932925, 22.489496302877612 ], [ 23.910589602089317, 22.501232650944637 ], [ 23.926238066178687, 22.522749289067516 ], [ 23.918413834134, 22.550134101223907 ], [ 23.885160847944096, 22.573606797357957 ], [ 23.844083629709509, 22.577518913380299 ], [ 23.808874585508434, 22.585343145424982 ], [ 23.791270063407897, 22.618596131614886 ], [ 23.761929193240334, 22.665541523882986 ], [ 23.734544381083943, 22.681189987972356 ], [ 23.70520351091638, 22.687058162005869 ], [ 23.689555046827014, 22.659673349849474 ], [ 23.644565712570085, 22.669453639905328 ], [ 23.587840030246127, 22.673365755927673 ], [ 23.533070405933344, 22.71444297416226 ], [ 23.484168955654074, 22.720311148195773 ], [ 23.458740201508853, 22.753564134385677 ], [ 23.443091737419486, 22.786817120575581 ], [ 23.417662983274266, 22.780948946542068 ], [ 23.409838751229582, 22.734003554273968 ], [ 23.384409997084362, 22.710530858139919 ], [ 23.35702518492797, 22.704662684106406 ], [ 23.323772198738062, 22.722267206206944 ], [ 23.267046516414108, 22.724223264218114 ], [ 23.204452660056631, 22.719333119190185 ], [ 23.139902745687994, 22.779970917536481 ], [ 23.141858803699165, 22.832784483838097 ], [ 23.165331499833215, 22.875817760083855 ], [ 23.122298223587457, 22.903202572240247 ], [ 23.055792251207649, 22.918851036329613 ], [ 23.03623167109594, 22.965796428597713 ], [ 23.001022626894862, 22.995137298765275 ], [ 22.956033292637933, 23.03034634296635 ], [ 22.885615204235783, 23.075335677223279 ], [ 22.82888952191183, 23.106632605402012 ], [ 22.80737288378895, 23.161402229714799 ], [ 22.754559317487338, 23.169226461759482 ], [ 22.697833635163381, 23.180962809826507 ], [ 22.664580648973477, 23.215193825021995 ], [ 22.662624590962306, 23.252358927234241 ], [ 22.709569983230406, 23.293436145468831 ], [ 22.733042679364456, 23.350161827792785 ], [ 22.786211915973354, 23.375518543069688 ], [ 22.850406160034709, 23.391239046027373 ], [ 22.897351552302808, 23.367766349893323 ], [ 22.932560596503883, 23.379502697960348 ], [ 22.954077234626762, 23.40884356812791 ], [ 22.963857524682616, 23.446008670340156 ], [ 22.987330220816666, 23.504690410675281 ], [ 23.038187729107111, 23.485129830563572 ], [ 23.120342165576286, 23.47926165653006 ], [ 23.180979963922582, 23.504690410675281 ], [ 23.17002709338065, 23.553384113087702 ], [ 23.016671090984229, 23.600537253222654 ], [ 22.930604538492712, 23.600537253222654 ], [ 22.883659146224613, 23.635746297423729 ], [ 22.834757695945342, 23.627922065379046 ], [ 22.785856245666071, 23.602493311233825 ], [ 22.709569983230406, 23.596625137200313 ], [ 22.637195836817085, 23.575108499077434 ], [ 22.645020068861768, 23.539899454876355 ], [ 22.619591314716548, 23.506646468686451 ], [ 22.564821690403765, 23.500778294652939 ], [ 22.514732888051117, 23.506577384135593 ], [ 22.45919455780054, 23.532075222831672 ], [ 22.455282441778198, 23.563372151010405 ], [ 22.478755137912248, 23.58880090515563 ], [ 22.510052066090982, 23.602493311233825 ], [ 22.535480820236202, 23.6377023554349 ], [ 22.513964182113323, 23.653350819524267 ], [ 22.476799079901078, 23.659218993557779 ], [ 22.435721861666487, 23.651394761513096 ], [ 22.398556759454241, 23.663131109580121 ], [ 22.383674046985213, 23.693804299944031 ], [ 22.418117339565949, 23.727681023948758 ], [ 22.496359660012786, 23.741373430026954 ], [ 22.535480820236202, 23.760934010138662 ], [ 22.588294386537815, 23.760934010138662 ], [ 22.643064010850598, 23.745285546049296 ], [ 22.690009403118697, 23.715944675881733 ], [ 22.729130563342114, 23.696384095770025 ], [ 22.768251723565534, 23.704208327814708 ], [ 22.791724419699584, 23.7315931399711 ], [ 22.824977405889488, 23.749197662071637 ], [ 22.846494044012367, 23.762890068149833 ], [ 22.860186450090563, 23.786362764283883 ], [ 22.8777909721911, 23.815703634451445 ], [ 22.916912132414517, 23.835264214563153 ], [ 22.983418104794325, 23.835264214563153 ], [ 23.022539265017741, 23.85091267865252 ], [ 23.024495323028912, 23.86656114274189 ], [ 22.99515445286135, 23.888077780864769 ], [ 22.958534432331152, 23.911470460246885 ], [ 22.944296944570908, 23.942847405177552 ], [ 22.955419664404211, 23.982771413759064 ], [ 22.985374162805496, 24.025001841646727 ], [ 22.950165118604421, 24.058254827836631 ], [ 22.904197755341901, 24.098354017065635 ], [ 22.85529630506263, 24.108134307121489 ], [ 22.847957720419288, 24.132283683651124 ], [ 22.863120537107314, 24.194200859613005 ], [ 22.866646754155799, 24.258434661372558 ], [ 22.822043318872726, 24.282223470115692 ], [ 22.767273694559943, 24.274399238071009 ], [ 22.706635896213644, 24.258750773981642 ], [ 22.655153074907446, 24.24612370157892 ], [ 22.573623951454028, 24.248970483925788 ], [ 22.520810385152416, 24.280267412104521 ], [ 22.466040760839633, 24.27635529608218 ], [ 22.419895409844926, 24.260388051812527 ], [ 22.379974208348113, 24.245058367903447 ], [ 22.334984874091184, 24.266575006026326 ], [ 22.319336410001817, 24.293959818182717 ], [ 22.333028816080013, 24.323300688350283 ], [ 22.354483791767148, 24.358505478929192 ], [ 22.346721222158209, 24.38785060271892 ], [ 22.368237860281088, 24.430883878964679 ], [ 22.411271136526846, 24.452400517087558 ], [ 22.409315078515675, 24.485653503277462 ], [ 22.405402962493334, 24.522818605489707 ], [ 22.442568064705579, 24.55411553366844 ], [ 22.452348354761437, 24.591280635880686 ], [ 22.432787774649725, 24.61670939002591 ], [ 22.379974208348113, 24.618665448037081 ], [ 22.372149976303429, 24.646050260193473 ], [ 22.364325744258746, 24.683215362405718 ], [ 22.327160642046501, 24.68712747842806 ], [ 22.282171307789572, 24.702775942517427 ], [ 22.235225915521472, 24.720380464617964 ], [ 22.233269857510301, 24.767325856886064 ], [ 22.272391017733717, 24.798622785064797 ], [ 22.288039481823084, 24.839700003299384 ], [ 22.331072758068842, 24.857304525399922 ], [ 22.366281802269917, 24.886645395567484 ], [ 22.352589396191721, 24.919898381757392 ], [ 22.305644003923621, 24.925766555790904 ], [ 22.25478649563318, 24.931634729824417 ], [ 22.194148697286884, 24.933590787835588 ], [ 22.141335130985269, 24.925766555790904 ], [ 22.09634579672834, 24.914030207723879 ], [ 22.039620114404386, 24.91598626573505 ], [ 21.961377793957553, 24.941415019880271 ], [ 21.896827879588916, 24.924299512282523 ], [ 21.810761327097396, 24.900826816148474 ], [ 21.763815934829296, 24.947772208416573 ], [ 21.802937095052712, 24.990805484662335 ], [ 21.799024979030371, 25.061223573064485 ], [ 21.744255354717588, 25.151202241578343 ], [ 21.709712127857632, 25.16680618803316 ], [ 21.744255354717588, 25.241180910092201 ], [ 21.849882487320812, 25.252917258159226 ], [ 21.885091531521891, 25.299862650427329 ], [ 21.982894432080432, 25.280302070315621 ], [ 22.065048868549606, 25.249005142136884 ], [ 22.143291188996439, 25.217708213958151 ], [ 22.186324465242201, 25.268565722248592 ], [ 22.27038313995287, 25.311646199491097 ], [ 22.265710881518739, 25.400419109739509 ], [ 22.252830437622009, 25.46808363938802 ], [ 22.198060813309226, 25.507204799611436 ], [ 22.111526353192552, 25.521897829026805 ], [ 22.131554840929414, 25.640216744371056 ], [ 22.11981849286239, 25.741931760951939 ], [ 22.09634579672834, 25.808437733331747 ], [ 22.135466956951756, 25.890592169800925 ], [ 22.198060813309226, 25.945361794113708 ], [ 22.216540505562254, 26.003507021611586 ], [ 22.147203305018781, 26.086197970918008 ], [ 22.0586916800133, 26.109915174303456 ], [ 22.016636432773126, 26.144146189498944 ], [ 21.97947133056088, 26.150992392538043 ], [ 21.944262286359805, 26.142190131487773 ], [ 21.905141126136389, 26.130453783420748 ], [ 21.85330558884036, 26.123607580381652 ], [ 21.813206399611357, 26.139256044471018 ], [ 21.767239036348844, 26.149036334526873 ], [ 21.712469412036061, 26.161750711599481 ], [ 21.676282338829399, 26.195003697789385 ], [ 21.644007381645078, 26.205762016850827 ], [ 21.638139207611566, 26.231190770996047 ], [ 21.660633874740032, 26.256619525141268 ], [ 21.681172483857324, 26.283026308292076 ], [ 21.675304309823812, 26.331927758571346 ], [ 21.649875555678591, 26.369092860783592 ], [ 21.605864250427249, 26.379851179845033 ], [ 21.556473785645185, 26.387186397386923 ], [ 21.519308683432936, 26.425329528604752 ], [ 21.491923871276544, 26.461516601811415 ], [ 21.450846653041957, 26.474230978884027 ], [ 21.38825279668449, 26.485967326951052 ], [ 21.340818389913604, 26.52215440015771 ], [ 21.282136649578479, 26.536824835241493 ], [ 21.258663953444429, 26.550517241319689 ], [ 21.239184735617783, 26.589279372239968 ], [ 21.302675258695771, 26.565187676403468 ], [ 21.366247144058825, 26.54562709629176 ], [ 21.423950855388366, 26.535846806235906 ], [ 21.487522740751416, 26.540736951263835 ], [ 21.521753755946907, 26.560297531375543 ], [ 21.563809003187082, 26.566165705409055 ], [ 21.60684227943284, 26.564209647397885 ], [ 21.644007381645082, 26.573745430202344 ], [ 21.665524019767961, 26.608954474403419 ], [ 21.688996715902011, 26.614822648436931 ], [ 21.716381528058402, 26.593306010314052 ], [ 21.737898166181282, 26.569833314180002 ], [ 21.763326920326502, 26.552228792079465 ], [ 21.796579906516406, 26.534624269978924 ], [ 21.82983289270631, 26.517019747878386 ], [ 21.863574893399004, 26.501615791040418 ], [ 21.889981676549812, 26.48205521092871 ], [ 21.927146778762058, 26.477165065900781 ], [ 21.925190720750887, 26.502593820046002 ], [ 21.895849850583325, 26.517264255129785 ], [ 21.86895405292973, 26.534624269978924 ], [ 21.837657124750994, 26.562009082135319 ], [ 21.816140486628115, 26.603086300369906 ], [ 21.794623848505235, 26.632427170537468 ], [ 21.769195094360015, 26.655899866671518 ], [ 21.753546630270648, 26.679372562805568 ], [ 21.712469412036061, 26.687196794850252 ], [ 21.693197100975869, 26.718000503227053 ], [ 21.658677816728865, 26.76984024582222 ], [ 21.609776366449594, 26.783532651900416 ], [ 21.598040018382569, 26.814829580079149 ], [ 21.617600598494278, 26.846126508257882 ], [ 21.654765700706523, 26.869599204391932 ], [ 21.678238396840573, 26.900896132570665 ], [ 21.709535325019306, 26.914588538648861 ], [ 21.772625494356024, 26.900218582158001 ], [ 21.834723037734239, 26.900896132570665 ], [ 21.848415443812435, 26.940017292794085 ], [ 21.854283617845951, 26.985006627051014 ], [ 21.830810921711898, 27.035864135341455 ], [ 21.805382167566677, 27.082809527609555 ], [ 21.821030631656043, 27.131710977888826 ], [ 21.797557935521993, 27.153227616011705 ], [ 21.76626100734326, 27.155183674022876 ], [ 21.723227731097502, 27.178656370156926 ], [ 21.676282338829402, 27.194304834246292 ], [ 21.660633874740036, 27.237338110492054 ], [ 21.598040018382569, 27.25103051657025 ], [ 21.552383246499385, 27.276593507791638 ], [ 21.522430234266402, 27.43132160676997 ], [ 21.597985539620101, 27.417200578247186 ], [ 21.696790508048323, 27.371598285126467 ], [ 21.768994138822794, 27.42100076934058 ], [ 21.847129195469538, 27.334873247909151 ], [ 21.924801973651913, 27.356397520752896 ], [ 22.008406177706561, 27.348797138566109 ], [ 22.084409999574426, 27.306995036538783 ], [ 22.058315677735287, 27.155658359156476 ], [ 22.168014203629074, 27.151187201709664 ], [ 22.179794397022583, 27.010818347698546 ], [ 22.274419554244083, 27.040981660001265 ], [ 22.373224522672306, 27.021980704534297 ], [ 22.430227389073202, 26.9649778381334 ], [ 22.418826815793025, 26.873773251891965 ], [ 22.492835712109091, 26.861306077806478 ], [ 22.590953139225757, 26.889339628411243 ], [ 22.70775960007893, 26.996801572396159 ], [ 22.810246498412518, 27.044781851094655 ], [ 22.749443440918228, 27.147387010616271 ], [ 22.783645160758766, 27.287994081071819 ], [ 22.722842103264476, 27.382998858406648 ], [ 22.779844969665373, 27.478003635741477 ], [ 22.859648982626631, 27.576808604169699 ], [ 22.931852613401098, 27.519805737768802 ], [ 23.000256053082175, 27.527406119955586 ], [ 23.000256053082175, 27.584408986356486 ], [ 23.064859301669859, 27.611010324010238 ], [ 23.152263696817904, 27.523605928862192 ], [ 23.239668091965946, 27.527406119955586 ], [ 23.300471149460236, 27.618610706197021 ], [ 23.334672869300775, 27.717415674625244 ], [ 23.488026758578133, 27.81444679836838 ], [ 23.608286628025077, 27.882723987187845 ], [ 23.627287583492045, 27.939726853588741 ], [ 23.646288538959009, 28.042332013110357 ], [ 23.710891787546693, 28.053732586390534 ], [ 23.748893698480625, 28.103135070604647 ], [ 23.760294271760806, 28.190539465752689 ], [ 23.699491214266512, 28.270343478713944 ], [ 23.737493125200444, 28.327346345114844 ], [ 23.764094462854196, 28.403350166982705 ], [ 23.843898475815454, 28.475553797757176 ], [ 23.931302870963496, 28.49455475322414 ], [ 23.89211596848796, 28.534941487819886 ], [ 23.802096373788128, 28.589559530558969 ], [ 23.832497902535273, 28.654162779146652 ], [ 23.703291405359906, 28.787169467415413 ], [ 23.805896564881522, 28.866973480376672 ], [ 23.859099240189028, 28.977179022085071 ], [ 23.874300004562599, 29.027531554072532 ], [ 23.813496947068309, 29.076934038286645 ], [ 23.836298093628667, 29.133936904687541 ], [ 23.851498858002245, 29.293544930610054 ], [ 23.938903253150283, 29.217541108742189 ], [ 23.995906119551179, 29.149137669061112 ], [ 24.014907075018147, 29.0465325095395 ], [ 24.098511279072795, 29.00093021641878 ], [ 24.176965112275504, 28.992308582895355 ], [ 24.288520833742453, 29.034181888485968 ], [ 24.372125037797101, 29.049382652859542 ], [ 24.391125993264069, 28.984779404271858 ], [ 24.375925228890495, 28.912575773497387 ], [ 24.315122171396204, 28.855572907096491 ], [ 24.334123126863172, 28.794769849602201 ], [ 24.489930961692291, 28.680764116800407 ], [ 24.516532299346043, 28.593359721652362 ], [ 24.466645135191374, 28.515738222614402 ], [ 24.58493573902712, 28.43375169572985 ], [ 24.543133636999794, 28.338746918395021 ], [ 24.516532299346043, 28.289344434180911 ], [ 24.554534210279975, 28.251342523246979 ], [ 24.641938605428017, 28.209540421219653 ], [ 24.69514128073552, 28.15633774591215 ], [ 24.751652899673118, 28.109251738845359 ], [ 24.748343956043026, 27.985329146709457 ], [ 24.81294720463071, 27.951127426868918 ], [ 24.793946249163742, 27.897924751561415 ], [ 24.839548542284462, 27.799119783133193 ], [ 24.892751217591965, 27.894124560468022 ], [ 24.873750262125, 27.992929528896244 ], [ 24.896551408685358, 28.042332013110357 ], [ 24.892751217591965, 28.133536599351793 ], [ 24.892751217591965, 28.209540421219653 ], [ 24.8167473957241, 28.304545198554482 ], [ 24.793946249163742, 28.418550931356279 ], [ 24.797746440257136, 28.566758383998611 ], [ 24.869950071031607, 28.669363543520227 ], [ 24.93455331961929, 28.84417233381631 ], [ 24.82640903461915, 28.894191155778689 ], [ 24.793703225580263, 29.090426010012017 ], [ 24.787592463933656, 29.147459785380317 ], [ 24.856778714440985, 29.281988605811225 ], [ 24.940879366255267, 29.398795066664398 ], [ 25.006290984333045, 29.473551201610434 ], [ 25.001618725898922, 29.590357662463603 ], [ 25.113752928317968, 29.781920258262808 ], [ 25.19785358013225, 29.856676393208843 ], [ 25.263265198210028, 30.071600281178682 ], [ 25.394088434365585, 30.295868686016778 ], [ 25.295971007248919, 30.538826124591377 ], [ 25.422121984970346, 30.608910001103283 ], [ 25.422121984970346, 30.847195181243759 ], [ 25.342693591590187, 30.954657125228678 ], [ 25.286626490380662, 31.010724226438203 ], [ 25.342693591590187, 31.076135844515978 ], [ 25.342693591590187, 31.146219721027883 ], [ 25.309987782551296, 31.211631339105661 ], [ 25.155803254225106, 31.333110058392961 ], [ 25.127769703620348, 31.445244260812011 ], [ 25.174492287961616, 31.505983620455659 ], [ 25.19785358013225, 31.627462339742962 ], [ 25.160475512659236, 31.753613317464389 ], [ 25.020307759635426, 31.856403003015181 ], [ 25.001618725898915, 31.973209463868358 ], [ 24.945551624689394, 32.05731011568264 ], [ 24.824072905402094, 32.104032700023907 ], [ 24.67456063551003, 32.108704958458034 ], [ 24.431603196935431, 32.047965598814386 ], [ 24.29143544391162, 31.977881722302484 ], [ 24.076511555941778, 31.940503654829467 ], [ 23.936343802917968, 31.94984817169772 ], [ 23.789675375934245, 31.744247321140101 ], [ 23.748159613038418, 31.617812952320993 ], [ 23.638708965403964, 31.59328091060982 ], [ 23.417637198905744, 31.607319165368239 ], [ 23.416033509871799, 31.738586080745215 ], [ 23.382066067502485, 31.851810888642927 ], [ 23.306582862237345, 31.882004170748981 ], [ 23.212228855655923, 31.863133369432695 ], [ 23.067217816346226, 31.822243053338077 ], [ 22.983117164531937, 31.892326929849983 ], [ 22.793297066434395, 31.96126153627738 ], [ 22.781974585644623, 32.093357145491375 ], [ 22.634782335377601, 32.108453786544402 ], [ 22.532880008269661, 32.165066190493256 ], [ 22.415881040108694, 32.131098748123947 ], [ 22.287559591157954, 32.127324587860684 ], [ 22.227173026945842, 32.206581953389083 ], [ 22.049787494572762, 32.22167859444211 ], [ 21.947885167464825, 32.2669685176012 ], [ 21.90259524430574, 32.361322524182619 ], [ 21.834660359567113, 32.39151580628868 ], [ 21.687468109300092, 32.410386607604963 ], [ 21.619533224561465, 32.387741646025418 ], [ 21.578017461665638, 32.334903402339819 ], [ 21.517630897453525, 32.338677562603081 ], [ 21.393083608766045, 32.361322524182619 ], [ 21.098699108232001, 32.300935959970509 ], [ 21.181730634023655, 32.4594506910273 ], [ 21.196827275076682, 32.625513742610607 ], [ 21.28740712139485, 32.700996947875751 ], [ 21.264762159815309, 32.80667343524695 ], [ 21.349680765738587, 32.866116459393247 ], [ 21.370438647186504, 32.904801602091631 ], [ 21.355342006133473, 32.952922145448156 ], [ 21.272310480341822, 33.018026409989339 ], [ 21.202488515471565, 33.126533517557981 ], [ 21.174182313497138, 33.21333920361289 ], [ 21.143989031391079, 33.226548764534293 ], [ 21.085489547310598, 33.211452123481259 ], [ 21.059070425467798, 33.237871245324058 ], [ 21.064731665862684, 33.33033817177386 ], [ 21.079828306915712, 33.420918018092024 ], [ 21.076054146652453, 33.485078742567396 ], [ 21.081715387047339, 33.51527202467345 ], [ 21.11756990954828, 33.532255745858109 ], [ 21.157198592312479, 33.528481585594847 ], [ 21.17984355389202, 33.498288303488792 ], [ 21.20626267573482, 33.47941750217251 ], [ 21.26853632007856, 33.492627063093906 ], [ 21.283632961131588, 33.517159104805081 ], [ 21.283632961131588, 33.562449027964163 ], [ 21.257213839288791, 33.602077710728359 ], [ 21.221920273384402, 33.655736731623037 ], [ 21.145636066201934, 33.692891772338378 ], [ 21.052022608297715, 33.735017828395279 ], [ 21.056703281192924, 33.880118688146815 ], [ 21.145636066201934, 33.997135510527094 ], [ 21.089467991459401, 34.137555697383419 ], [ 20.958409150393496, 34.165639734754684 ], [ 20.965481900874668, 34.314289484273125 ], [ 20.984876557368462, 34.411262766742091 ], [ 20.810324648924322, 34.514700934708991 ], [ 20.586341945792132, 34.505929159076622 ], [ 20.408796125295311, 34.636752395232172 ], [ 20.318993351081559, 34.669858186659333 ], [ 20.189695641122935, 34.598744446182096 ], [ 20.131511671641558, 34.656928415663472 ], [ 20.150906328135349, 34.760366583630372 ], [ 20.260809381600179, 34.766831469128299 ], [ 20.319335013869416, 34.776785092667119 ], [ 20.334431654922444, 34.835284576747597 ], [ 20.262722609920559, 34.888122820433196 ], [ 20.266496770183817, 34.922090262802513 ], [ 20.310678698178641, 34.931104676582173 ], [ 20.391044058871298, 34.939073983987164 ], [ 20.366512017160126, 34.980589746882991 ], [ 20.38915697873967, 35.016444269383939 ], [ 20.40236653966107, 35.040976311095108 ], [ 20.400479459529439, 35.099475795175593 ], [ 20.362737856896871, 35.156088199124447 ], [ 20.336318735054071, 35.239119724916101 ], [ 20.3901070915588, 35.258162766971061 ], [ 20.406140699924325, 35.305167529523096 ], [ 20.332544574790813, 35.35234453281381 ], [ 20.23819056820939, 35.422166497684067 ], [ 20.155159042417736, 35.41461817715755 ], [ 20.143836561627964, 35.450472699658491 ], [ 20.14949780202285, 35.514633424133862 ], [ 20.126852840443309, 35.550487946634803 ], [ 20.057030875573052, 35.612761590978543 ], [ 20.06080503583631, 35.635406552558081 ], [ 20.076560144909138, 35.675147881587627 ], [ 20.083449997415851, 35.748631360455789 ], [ 20.063630373913277, 35.801213148797281 ], [ 20.070240436494451, 35.844872447168846 ], [ 20.10043371860051, 35.884501129933042 ], [ 20.147673885386382, 35.901418874015214 ], [ 20.260809381600176, 35.933743301504869 ], [ 20.292915892026617, 35.976968056382837 ], [ 20.302831137336728, 36.053343683216596 ], [ 20.338205815185699, 36.084531623885667 ], [ 20.408027780055953, 36.088305784148922 ], [ 20.448333956790236, 36.053376201098544 ], [ 20.522637244266384, 36.056576125965563 ], [ 20.583526232297405, 36.086418704017298 ], [ 20.587300392560664, 36.160014829150803 ], [ 20.613719514403464, 36.19398227152012 ], [ 20.657122357430918, 36.156240668887548 ], [ 20.689202719668604, 36.144918188097776 ], [ 20.708073520984886, 36.195869351651751 ], [ 20.745815123617458, 36.224175553626175 ], [ 20.774417342053905, 36.291563883324827 ], [ 20.838282050067253, 36.324190800602487 ], [ 20.834507889803998, 36.375141964156455 ], [ 20.827230908355517, 36.448537538721283 ], [ 20.846791488467225, 36.520911685134607 ], [ 20.825274850344346, 36.567857077402707 ], [ 20.85657177852308, 36.587417657514415 ], [ 20.8956929387465, 36.603066121603781 ], [ 20.901561112780012, 36.663703919950073 ], [ 20.854615720511909, 36.685220558072956 ], [ 20.842879372444884, 36.730209892329889 ], [ 20.837011198411371, 36.759550762497447 ], [ 20.778329458076247, 36.786935574653839 ], [ 20.754856761942197, 36.82801279288843 ], [ 20.776373400065076, 36.85148548902248 ], [ 20.8350551404002, 36.855397605044821 ], [ 20.878134200473703, 36.875116347470552 ], [ 20.899605054768841, 36.949288389581021 ], [ 20.932858040958745, 36.964936853670388 ], [ 20.975891317204503, 36.988409549804437 ], [ 20.993495839305041, 37.021662535994345 ], [ 21.005232187372066, 37.06665187025127 ], [ 21.030660941517286, 37.086212450362979 ], [ 21.083761103831502, 37.06258402286997 ], [ 21.104991145941778, 37.014327318452452 ], [ 21.116727494008803, 36.97716221624021 ], [ 21.148024422187536, 36.949777404083818 ], [ 21.136288074120511, 36.904788069826886 ], [ 21.122595668042315, 36.865666909603469 ], [ 21.142156248154024, 36.832413923413561 ], [ 21.187145582410956, 36.855886619547611 ], [ 21.214530394567348, 36.891095663748686 ], [ 21.281036366947156, 36.959557694139669 ], [ 21.286904540980668, 36.992810680329576 ], [ 21.286904540980668, 37.035843956575334 ], [ 21.324069643192914, 37.061272710720552 ], [ 21.378839267505697, 37.10430598696631 ], [ 21.406224079662088, 37.145383205200901 ], [ 21.384707441539209, 37.188416481446659 ], [ 21.398399847617405, 37.266658801893492 ], [ 21.421872543751455, 37.352725354385008 ], [ 21.415491452654521, 37.408331146995366 ], [ 21.390575615572722, 37.456396428977065 ], [ 21.367102919438672, 37.503341821245165 ], [ 21.402311963639747, 37.540506923457414 ], [ 21.406224079662088, 37.575715967658489 ], [ 21.378839267505697, 37.595276547770197 ], [ 21.33971810728228, 37.593320489759023 ], [ 21.306465121092376, 37.652002230094148 ], [ 21.300596947058864, 37.710683970429272 ], [ 21.331893875237597, 37.787948261870525 ], [ 21.372971093472184, 37.805552783971059 ], [ 21.394487731595063, 37.838805770160967 ], [ 21.394487731595063, 37.891619336462576 ], [ 21.365146861427501, 37.942476844753017 ], [ 21.314250910901944, 37.979058660023234 ], [ 21.298640889047693, 38.024631281222199 ], [ 21.296684831036522, 38.089181195590832 ], [ 21.333849933248768, 38.108741775702541 ], [ 21.355366571371647, 38.153731109959473 ], [ 21.345586281315793, 38.212412850294598 ], [ 21.345586281315793, 38.273050648640897 ], [ 21.378155454570781, 38.319338435369936 ], [ 21.402311963639747, 38.347380853065388 ], [ 21.408180137673259, 38.38454595527763 ], [ 21.382751383528039, 38.40801865141168 ], [ 21.331893875237597, 38.386502013288805 ], [ 21.286904540980668, 38.345424795054214 ], [ 21.239959148712568, 38.349336911076556 ], [ 21.1781042397185, 38.419601464366096 ], [ 21.179321350366269, 38.470612507769147 ], [ 21.208662220533835, 38.509733667992563 ], [ 21.251695496779593, 38.564503292305353 ], [ 21.253498902135092, 38.609842968896444 ], [ 21.247783380757252, 38.638833496729845 ], [ 21.198881930477981, 38.642745612752186 ], [ 21.11085931997529, 38.654481960819211 ], [ 21.08543056583007, 38.685778888997945 ], [ 21.032616999528457, 38.705339469109653 ], [ 20.977847375215674, 38.675998598942087 ], [ 20.938726214992258, 38.70729552712082 ], [ 20.909385344824695, 38.726856107232528 ], [ 20.919165634880549, 38.769889383478287 ], [ 20.901561112780012, 38.812922659724045 ], [ 20.873224175024063, 38.822313656905479 ], [ 20.837011198411371, 38.760109093422436 ], [ 20.760724935975709, 38.69751523706497 ], [ 20.748988587908684, 38.646657728774528 ], [ 20.64531751331663, 38.554723002249496 ], [ 20.629669049227264, 38.511689726003738 ], [ 20.643962267279701, 38.460400384106812 ], [ 20.705955311662926, 38.415842883456364 ], [ 20.776373400065076, 38.349336911076556 ], [ 20.807670328243809, 38.286743054719089 ], [ 20.837011198411371, 38.218281024328107 ], [ 20.870264184601275, 38.147862935925957 ], [ 20.868308126590104, 38.083313021557323 ], [ 20.83309908238903, 38.038323687300391 ], [ 20.813538502277321, 37.997246469065807 ], [ 20.825274850344346, 37.92682838066365 ], [ 20.813538502277321, 37.862278466295017 ], [ 20.78615369012093, 37.811420958004575 ], [ 20.743120413875172, 37.785992203859351 ], [ 20.733340123819318, 37.746871043635934 ], [ 20.766593110009222, 37.713618057446034 ], [ 20.780285516087417, 37.651024201088561 ], [ 20.737252239841659, 37.635375736999194 ], [ 20.680526557517705, 37.625595446943343 ], [ 20.639449339283125, 37.607990924842802 ], [ 20.635537223260783, 37.57082582263056 ], [ 20.6277129912161, 37.533660720418311 ], [ 20.60424029508205, 37.500407734228411 ], [ 20.567075192869801, 37.488671386161386 ], [ 20.533822206679897, 37.484759270139044 ], [ 20.512305568557018, 37.510188024284261 ], [ 20.522085858612872, 37.543441010474169 ], [ 20.557294902813947, 37.57082582263056 ], [ 20.576855482925655, 37.613859098876318 ], [ 20.584679714970338, 37.670584781200276 ], [ 20.584679714970338, 37.701881709379009 ], [ 20.555338844802776, 37.727310463524226 ], [ 20.49470104645648, 37.748827101647109 ], [ 20.447755654188381, 37.758607391702959 ], [ 20.391029971864427, 37.772299797781159 ], [ 20.377337565786231, 37.797728551926376 ], [ 20.383205739819743, 37.829025480105109 ], [ 20.410590551976135, 37.850542118227992 ], [ 20.406678435953793, 37.885751162429067 ], [ 20.381249681808573, 37.909223858563116 ], [ 20.32843611550696, 37.919004148618967 ], [ 20.299095245339398, 37.936608670719508 ], [ 20.299095245339398, 37.965949540887074 ], [ 20.30300736136174, 38.001158585088149 ], [ 20.318655825451106, 38.036367629289224 ], [ 20.371469391752719, 38.048103977356249 ], [ 20.402916253866376, 38.074710238055879 ], [ 20.406678435953793, 38.120478123769566 ], [ 20.432107190099014, 38.167423516037665 ], [ 20.418414784020818, 38.198720444216399 ], [ 20.367557275730377, 38.173291690071181 ], [ 20.192664624330664, 38.130777339265407 ], [ 20.141269781555266, 38.032659912148738 ], [ 20.103891714082252, 37.925197968163815 ], [ 20.08897416010808, 37.778534125745622 ], [ 19.991994137585571, 37.73513469556891 ], [ 19.95323464614696, 37.69662235007943 ], [ 19.921576049183422, 37.635375736999194 ], [ 19.899406907852036, 37.549181153880284 ], [ 19.857026134814785, 37.539528894451827 ], [ 19.759223234256243, 37.539528894451827 ], [ 19.737923692967257, 37.56088283611831 ], [ 19.714233899999314, 37.596254576775777 ], [ 19.698137973357966, 37.656836630470139 ], [ 19.733794480111023, 37.701881709379009 ], [ 19.749625375205287, 37.750450088374357 ], [ 19.745530828178047, 37.787948261870525 ], [ 19.719201001386416, 37.818319845354914 ], [ 19.672178652759136, 37.778167971814668 ], [ 19.615452970435182, 37.741002869602426 ], [ 19.550696777158823, 37.736408069688721 ], [ 19.523518243910154, 37.709705941423692 ], [ 19.521562185898983, 37.647112085066219 ], [ 19.517650069876641, 37.59429851876461 ], [ 19.489848029521081, 37.574924854803946 ], [ 19.437451691418637, 37.564957648597044 ], [ 19.378769951083509, 37.576693996664069 ], [ 19.328364814636302, 37.581945864146761 ], [ 19.259450412402089, 37.557133416552361 ], [ 19.21134799225603, 37.549181153880284 ], [ 19.149911163776522, 37.545397068485336 ], [ 19.091990833428149, 37.56322317256592 ], [ 18.993696702628721, 37.713004705212668 ], [ 18.928167282095767, 37.738748406136331 ], [ 18.932847954990979, 37.811298836012099 ], [ 18.99538258089402, 37.811420958004575 ], [ 19.052205113818857, 37.83236186404055 ], [ 19.057976437251487, 37.879882988395551 ], [ 19.035822758685619, 37.928315658392371 ], [ 18.916465599857741, 37.991504742477716 ], [ 18.907104254067317, 38.033630798534617 ], [ 18.965612665257456, 38.040651807877431 ], [ 19.061566459609278, 38.019588779848988 ], [ 19.104921829519586, 38.016807049177515 ], [ 19.13411688948505, 38.026609789191802 ], [ 19.153823279798861, 38.05201609337859 ], [ 19.152839581065891, 38.08043752748673 ], [ 19.091229423441391, 38.12243418178074 ], [ 19.021780739999986, 38.155328293810101 ], [ 18.902423581172108, 38.197454349867002 ], [ 18.844766114033867, 38.206544676261082 ], [ 18.797018146072514, 38.2065164464627 ], [ 18.715666285296589, 38.237841604439815 ], [ 18.649160312916781, 38.284786996707922 ], [ 18.608083094682193, 38.314127866875481 ], [ 18.60025886263751, 38.390414129311146 ], [ 18.52984077423536, 38.433447405556905 ], [ 18.449642395777353, 38.45496404367978 ], [ 18.359544544237153, 38.473801306348776 ], [ 18.312718334995395, 38.484304913847346 ], [ 18.259904768693783, 38.523426074070763 ], [ 18.230563898526221, 38.542986654182471 ], [ 18.230563898526221, 38.595800220484087 ], [ 18.195354854325142, 38.638833496729845 ], [ 18.158189752112897, 38.644701670763354 ], [ 18.113200417855968, 38.65056984479687 ], [ 18.09559589575543, 38.689691005020286 ], [ 18.118055671410463, 38.737243713068807 ], [ 18.106354214816868, 38.760598107925226 ], [ 18.037892184425889, 38.795807152126301 ], [ 17.996814966191302, 38.815367732238009 ], [ 17.963561980001398, 38.838840428372059 ], [ 17.921822609625419, 38.873226499113073 ], [ 17.975357701103782, 38.912871984215485 ], [ 18.063171836677125, 38.934825518108823 ], [ 18.205869806983806, 39.044593187575501 ], [ 18.326614243397149, 39.148872473568844 ], [ 18.46931221370383, 39.181802774408851 ], [ 18.579079883170508, 39.346454278608867 ], [ 18.67426017879135, 39.514737424402682 ], [ 18.841485121623727, 39.577268419073526 ], [ 18.811314921948878, 39.713034317610337 ], [ 18.592580974306237, 39.878970415821996 ], [ 18.468680807689761, 39.94458520034236 ], [ 18.447794841952145, 39.982176758495747 ], [ 18.313902349512176, 40.245846437403614 ], [ 18.253162989868528, 40.245846437403614 ], [ 18.136356529015352, 40.306585797047262 ], [ 17.996188775991545, 40.428064516334565 ], [ 18.076739628377272, 40.699279997315053 ], [ 18.067395111509022, 40.839447750338856 ], [ 17.997311234997117, 40.918876143719018 ], [ 17.941244133787592, 41.031010346138068 ], [ 17.964605425958226, 41.138472290122984 ], [ 17.983294459694736, 41.245934234107906 ], [ 18.003166759907433, 41.254871836763201 ], [ 17.942427400263778, 41.544551859679075 ], [ 17.891032557488384, 41.642669286795744 ], [ 17.844309973147112, 41.759475747648914 ], [ 17.872343523751876, 41.86226543319971 ], [ 17.865365539835992, 41.937203990557578 ], [ 17.884054573572499, 42.04933819297662 ], [ 17.752497054542989, 42.150518959756944 ], [ 17.864631256962038, 42.314048004951388 ], [ 17.953404167210447, 42.477577050145833 ], [ 18.023488043722349, 42.678484162813291 ], [ 18.028160302156483, 42.842013208007735 ], [ 18.065538369629497, 42.916769342953771 ], [ 18.023234775719672, 42.992435510953008 ], [ 18.041923809456179, 43.099897454937931 ], [ 18.205452854650623, 43.146620039279199 ], [ 18.326931573937927, 43.207359398922847 ], [ 18.45775481009348, 43.310149084473643 ], [ 18.560544495644272, 43.352199410380784 ], [ 18.602594821551417, 43.576467815218876 ], [ 18.635300630590304, 43.641879433296651 ], [ 18.822190967955382, 43.674585242335546 ], [ 18.948341945676809, 43.758685894149828 ], [ 19.055803889661732, 43.894181388739511 ], [ 19.055803889661732, 43.987626557422047 ], [ 18.896718541536689, 44.137682998379404 ], [ 18.689842205602897, 44.189402082362854 ], [ 18.618728465125653, 44.409208189292514 ], [ 18.567009381142206, 44.473857044271824 ], [ 18.457106327677376, 44.40274330379458 ], [ 18.366597930706341, 44.428602845786301 ], [ 18.347203274212546, 44.590224983234584 ], [ 18.554079610146342, 44.751847120682861 ], [ 18.961367396516, 45.036302082591824 ], [ 19.038068978710339, 45.098625446597666 ], [ 19.135919304960137, 45.294897502509073 ], [ 19.342795640893929, 45.424195212467694 ], [ 19.362190297387723, 45.58581734991597 ], [ 19.497952892844278, 45.656931090393215 ], [ 19.620785717304965, 45.631071548401493 ], [ 19.743618541765656, 45.695720403380804 ], [ 19.782407854753245, 45.799158571347697 ], [ 19.685434572284279, 45.876737197322875 ], [ 19.69836434328014, 45.96078070879598 ], [ 19.618458888507419, 45.975521707694675 ], [ 19.392724066945458, 45.921149711076907 ], [ 19.327194646412504, 45.986679131609861 ], [ 19.495698870640098, 46.028805187666762 ], [ 19.491018197744889, 46.206670757684776 ], [ 19.617396365915582, 46.262838832427306 ], [ 19.622077038810794, 46.407939692178843 ], [ 19.497952892844278, 46.52322574711598 ], [ 19.517347549338069, 46.697777655560124 ], [ 19.549671976827725, 46.865864678506327 ], [ 19.595683895760427, 46.798380530738363 ], [ 19.64664525929669, 46.723637197551845 ], [ 19.64018037379876, 46.562015060103569 ], [ 19.763013198259451, 46.484436434128398 ], [ 19.856984477503797, 46.446847922430656 ], [ 19.924635335707727, 46.419787579149087 ], [ 19.976354419691177, 46.284024983692532 ], [ 20.052698945170199, 46.276880851112942 ], [ 20.165035094655263, 46.356452290331525 ], [ 20.249287206769058, 46.464107766921373 ], [ 20.19779980492174, 46.553040551930387 ], [ 20.380346047834966, 46.660696028520235 ], [ 20.590976328119456, 46.637292664044182 ], [ 20.717354496290152, 46.6887800658915 ], [ 20.745438533661417, 46.82451957985262 ], [ 20.764161225242262, 46.941536402232892 ], [ 20.927984776574643, 46.932175056442468 ], [ 21.040320926059707, 46.88068765459515 ], [ 21.096489000802237, 46.82451957985262 ], [ 21.157337748439978, 46.82451957985262 ], [ 21.238036955753078, 46.924945630431651 ], [ 21.266070506357838, 47.093146934060222 ], [ 21.321050603260844, 47.247292922884263 ], [ 21.398629229236015, 47.4218448313284 ], [ 21.48267274070912, 47.518818113797366 ], [ 21.506330852141787, 47.548390753088199 ], [ 21.611970450667741, 47.680440251245642 ], [ 21.683084191144982, 47.835597503195991 ], [ 21.689549076642916, 48.029544068133923 ], [ 21.805917015605672, 48.165306663590478 ], [ 21.754197931622226, 48.268744831557377 ], [ 21.730636192664591, 48.26591742288246 ], [ 21.59257579417395, 48.249350175063583 ], [ 21.618435336165671, 48.378647885022204 ], [ 21.786522359111881, 48.469156281993236 ], [ 21.877030756082917, 48.734216587408412 ], [ 127.431360955118762, 48.710643719742301 ], [ 127.431004333026095, 11.946895618127142 ], [ 127.35673778211185, 11.978308080837953 ], [ 127.286720977809082, 12.063065264993936 ], [ 127.220389268469617, 12.110971499516882 ], [ 127.15037246416685, 12.11834168944349 ], [ 127.043504710231048, 12.063065264993936 ], [ 126.963829390903882, 12.003063597809678 ], [ 126.969802810964978, 11.937772036241615 ], [ 127.021394140451235, 11.897235991645276 ], [ 126.980858095854899, 11.856699947048936 ], [ 126.896100911698909, 11.838274472232419 ], [ 126.82239901243284, 11.827219187342507 ], [ 126.796603347689711, 11.764572572966348 ], [ 126.759752398056676, 11.727721623333311 ], [ 126.682365403827305, 11.701925958590186 ], [ 126.553387080111676, 11.687185578736973 ], [ 126.431778946322666, 11.694555768663578 ], [ 126.291745337717117, 11.679815388810365 ], [ 126.240154008230874, 11.701925958590186 ], [ 126.254894388084082, 11.749832193113132 ], [ 126.225413628377652, 11.797738427636078 ], [ 126.188562678744617, 11.86038504201224 ], [ 126.043744390388724, 11.853282318656047 ], [ 126.030103595322572, 11.904606181571882 ], [ 126.159081919038201, 11.904606181571882 ], [ 126.254894388084082, 11.930401846315007 ], [ 126.299115527643735, 11.974622985874651 ], [ 126.302800622607037, 12.048324885140723 ], [ 126.321226097423548, 12.110971499516882 ], [ 126.383872711799711, 12.11834168944349 ], [ 126.42809385135935, 12.052009980104026 ], [ 126.521617995307452, 12.024460923403053 ], [ 126.608663504561235, 12.063065264993936 ], [ 126.627088979377746, 12.133082069296705 ], [ 126.704475973607117, 12.136767164260007 ], [ 126.796603347689711, 12.184673398782955 ], [ 126.82239901243284, 12.287856057755455 ], [ 126.977173000891582, 12.32470700738849 ], [ 126.984543190818201, 12.424204571397688 ], [ 126.962432621038374, 12.47948099584724 ], [ 126.844509582212666, 12.472110805920634 ], [ 126.752382208130072, 12.483166090810544 ], [ 126.733956733313548, 12.560553085039919 ], [ 126.678531716325537, 12.623586040017576 ], [ 126.601293314634617, 12.556867990076615 ], [ 126.494425560698815, 12.575293464893134 ], [ 126.376502521873107, 12.564238180003223 ], [ 126.299115527643735, 12.637940079269294 ], [ 126.218043438451048, 12.689531408755544 ], [ 126.210673248524444, 12.760469486799138 ], [ 126.22172853341435, 12.812060816285388 ], [ 126.140032355559057, 12.91869082215964 ], [ 126.066954544955607, 12.882077620588158 ], [ 125.982197360799617, 12.885762715551461 ], [ 125.845848847157384, 12.852596860881729 ], [ 125.831108467304176, 12.778894961615658 ], [ 125.890069986717037, 12.742044011982621 ], [ 125.92323584138677, 12.683082492569763 ], [ 125.919550746423468, 12.635176258046817 ], [ 125.831108467304176, 12.6167507832303 ], [ 125.73529599825828, 12.609380593303692 ], [ 125.646853719139003, 12.635176258046817 ], [ 125.595262389652746, 12.694137777459675 ], [ 125.473149041232034, 12.702042900526623 ], [ 125.355731217038013, 12.686767587533067 ], [ 125.326250457331582, 12.745729106945925 ], [ 125.30413988755177, 12.826801196138604 ], [ 125.29308460266185, 12.907873285331283 ], [ 125.359416312001315, 12.970519899707442 ], [ 125.385211976744444, 13.036851609046908 ], [ 125.355463750468616, 13.111266752500022 ], [ 125.234123083249003, 13.158459742835925 ], [ 125.105144759533374, 13.147404457946015 ], [ 124.943000581148013, 13.147404457946015 ], [ 124.843503017138815, 13.191625597505658 ], [ 124.78822659268927, 13.257957306845121 ], [ 124.734941308260574, 13.315432900870062 ], [ 124.670303553863548, 13.22479145217539 ], [ 124.618712224377305, 13.210051072322175 ], [ 124.548695420074537, 13.239531832028604 ], [ 124.545010325111221, 13.302178446404765 ], [ 124.537640135184617, 13.364825060780925 ], [ 124.563435799927746, 13.412731295303873 ], [ 124.519214660368107, 13.453267339900211 ], [ 124.519214660368107, 13.556449998872711 ], [ 124.548695420074537, 13.596986043469052 ], [ 124.506703168598037, 13.710391869114547 ], [ 124.366283219391008, 13.690034691292469 ], [ 124.248360180565285, 13.704775071145683 ], [ 124.145177521592785, 13.756366400631933 ], [ 124.075160717290018, 13.848493774714523 ], [ 124.050226889272537, 13.914558017484586 ], [ 123.909331443941355, 13.885344724347558 ], [ 123.817204069858775, 13.914825484053987 ], [ 123.695595936069751, 13.914825484053987 ], [ 123.54450704257431, 13.881659629384254 ], [ 123.478175333234844, 13.925880768943898 ], [ 123.555562327464216, 13.951676433687023 ], [ 123.629264226730285, 13.999582668209969 ], [ 123.577672897244042, 14.047488902732916 ], [ 123.599783467023855, 14.110135517109077 ], [ 123.57398780228074, 14.176467226448541 ], [ 123.478175333234844, 14.139616276815506 ], [ 123.376835221744003, 14.117505707035683 ], [ 123.266282372844898, 14.124875896962291 ], [ 123.107823289422853, 14.110135517109077 ], [ 122.9604194908907, 14.047488902732916 ], [ 122.853551736954898, 14.047488902732916 ], [ 122.805645502431958, 13.955361528650327 ], [ 122.720888318275968, 13.889029819310862 ], [ 122.577169614707131, 13.859549059604433 ], [ 122.392914866541958, 13.852178869677827 ], [ 122.271306732752933, 13.767421685521844 ], [ 122.278676922679537, 13.701089976182379 ], [ 122.223400498229992, 13.653183741659433 ], [ 122.075996699697853, 13.675294311439254 ], [ 122.020720275248294, 13.6200178869897 ], [ 121.943333281018923, 13.60896260209979 ], [ 121.921222711239096, 13.509465038090594 ], [ 121.792244387523468, 13.461558803567646 ] ] ] ] } },
{ "type": "Feature", "properties": { "id": 32, "name": "Bay of Seals", "type": "bay", "size": 2 }, "geometry": { "type": "MultiPolygon", "coordinates": [ [ [ [ 21.187145582410956, 36.855886619547611 ], [ 21.214530394567348, 36.891095663748686 ], [ 21.281036366947156, 36.959557694139669 ], [ 21.286904540980668, 36.992810680329576 ], [ 21.286904540980668, 37.035843956575334 ], [ 21.324069643192914, 37.061272710720552 ], [ 21.378839267505697, 37.10430598696631 ], [ 21.406224079662088, 37.145383205200901 ], [ 21.384707441539209, 37.188416481446659 ], [ 21.398399847617405, 37.266658801893492 ], [ 21.421872543751455, 37.352725354385008 ], [ 21.415491452654521, 37.408331146995366 ], [ 21.390575615572722, 37.456396428977065 ], [ 21.367102919438672, 37.503341821245165 ], [ 21.402311963639747, 37.540506923457414 ], [ 21.406224079662088, 37.575715967658489 ], [ 21.378839267505697, 37.595276547770197 ], [ 21.33971810728228, 37.593320489759023 ], [ 21.306465121092376, 37.652002230094148 ], [ 21.300596947058864, 37.710683970429272 ], [ 21.331893875237597, 37.787948261870525 ], [ 21.372971093472184, 37.805552783971059 ], [ 21.394487731595063, 37.838805770160967 ], [ 21.394487731595063, 37.891619336462576 ], [ 21.365146861427501, 37.942476844753017 ], [ 21.314250910901944, 37.979058660023234 ], [ 21.298640889047693, 38.024631281222199 ], [ 21.296684831036522, 38.089181195590832 ], [ 21.333849933248768, 38.108741775702541 ], [ 21.355366571371647, 38.153731109959473 ], [ 21.345586281315793, 38.212412850294598 ], [ 21.345586281315793, 38.273050648640897 ], [ 21.378155454570781, 38.319338435369936 ], [ 21.402311963639747, 38.347380853065388 ], [ 21.408180137673259, 38.38454595527763 ], [ 22.093489634423275, 37.947541625560788 ], [ 22.881749867115239, 37.342270375458028 ], [ 23.416640739299073, 36.694770898603913 ], [ 24.092292367320759, 35.667217380987601 ], [ 24.613107163920805, 34.63966386337129 ], [ 24.908704751180295, 33.907707933014471 ], [ 25.021313355850573, 32.852002264230585 ], [ 24.945551624689394, 32.05731011568264 ], [ 24.824072905402094, 32.104032700023907 ], [ 24.67456063551003, 32.108704958458034 ], [ 24.431603196935431, 32.047965598814386 ], [ 24.29143544391162, 31.977881722302484 ], [ 24.076511555941778, 31.940503654829467 ], [ 23.936343802917968, 31.94984817169772 ], [ 23.789675375934245, 31.744247321140101 ], [ 23.748159613038418, 31.617812952320993 ], [ 23.638708965403964, 31.59328091060982 ], [ 23.417637198905744, 31.607319165368239 ], [ 23.416033509871799, 31.738586080745215 ], [ 23.382066067502485, 31.851810888642927 ], [ 23.306582862237345, 31.882004170748981 ], [ 23.212228855655923, 31.863133369432695 ], [ 23.067217816346226, 31.822243053338077 ], [ 22.983117164531937, 31.892326929849983 ], [ 22.793297066434395, 31.96126153627738 ], [ 22.781974585644623, 32.093357145491375 ], [ 22.634782335377601, 32.108453786544402 ], [ 22.532880008269661, 32.165066190493256 ], [ 22.415881040108694, 32.131098748123947 ], [ 22.287559591157954, 32.127324587860684 ], [ 22.227173026945842, 32.206581953389083 ], [ 22.049787494572762, 32.22167859444211 ], [ 21.947885167464825, 32.2669685176012 ], [ 21.90259524430574, 32.361322524182619 ], [ 21.834660359567113, 32.39151580628868 ], [ 21.687468109300092, 32.410386607604963 ], [ 21.619533224561465, 32.387741646025418 ], [ 21.578017461665638, 32.334903402339819 ], [ 21.517630897453525, 32.338677562603081 ], [ 21.393083608766045, 32.361322524182619 ], [ 21.098699108232001, 32.300935959970509 ], [ 21.181730634023655, 32.4594506910273 ], [ 21.196827275076682, 32.625513742610607 ], [ 21.28740712139485, 32.700996947875751 ], [ 21.264762159815309, 32.80667343524695 ], [ 21.349680765738587, 32.866116459393247 ], [ 21.370438647186504, 32.904801602091631 ], [ 21.355342006133473, 32.952922145448156 ], [ 21.272310480341822, 33.018026409989339 ], [ 21.202488515471565, 33.126533517557981 ], [ 21.174182313497138, 33.21333920361289 ], [ 21.143989031391079, 33.226548764534293 ], [ 21.085489547310598, 33.211452123481259 ], [ 21.059070425467798, 33.237871245324058 ], [ 21.064731665862684, 33.33033817177386 ], [ 21.079828306915712, 33.420918018092024 ], [ 21.076054146652453, 33.485078742567396 ], [ 21.081715387047339, 33.51527202467345 ], [ 21.11756990954828, 33.532255745858109 ], [ 21.157198592312479, 33.528481585594847 ], [ 21.17984355389202, 33.498288303488792 ], [ 21.20626267573482, 33.47941750217251 ], [ 21.26853632007856, 33.492627063093906 ], [ 21.283632961131588, 33.517159104805081 ], [ 21.283632961131588, 33.562449027964163 ], [ 21.257213839288791, 33.602077710728359 ], [ 21.221920273384402, 33.655736731623037 ], [ 21.145636066201934, 33.692891772338378 ], [ 21.052022608297715, 33.735017828395279 ], [ 21.056703281192924, 33.880118688146815 ], [ 21.145636066201934, 33.997135510527094 ], [ 21.089467991459401, 34.137555697383419 ], [ 20.958409150393496, 34.165639734754684 ], [ 20.965481900874668, 34.314289484273125 ], [ 20.984876557368462, 34.411262766742091 ], [ 20.810324648924322, 34.514700934708991 ], [ 20.586341945792132, 34.505929159076622 ], [ 20.408796125295311, 34.636752395232172 ], [ 20.318993351081559, 34.669858186659333 ], [ 20.189695641122935, 34.598744446182096 ], [ 20.131511671641558, 34.656928415663472 ], [ 20.150906328135349, 34.760366583630372 ], [ 20.260809381600179, 34.766831469128299 ], [ 20.319335013869416, 34.776785092667119 ], [ 20.334431654922444, 34.835284576747597 ], [ 20.262722609920559, 34.888122820433196 ], [ 20.266496770183817, 34.922090262802513 ], [ 20.310678698178641, 34.931104676582173 ], [ 20.391044058871298, 34.939073983987164 ], [ 20.366512017160126, 34.980589746882991 ], [ 20.38915697873967, 35.016444269383939 ], [ 20.40236653966107, 35.040976311095108 ], [ 20.400479459529439, 35.099475795175593 ], [ 20.362737856896871, 35.156088199124447 ], [ 20.336318735054071, 35.239119724916101 ], [ 20.3901070915588, 35.258162766971061 ], [ 20.406140699924325, 35.305167529523096 ], [ 20.332544574790813, 35.35234453281381 ], [ 20.23819056820939, 35.422166497684067 ], [ 20.155159042417736, 35.41461817715755 ], [ 20.143836561627964, 35.450472699658491 ], [ 20.14949780202285, 35.514633424133862 ], [ 20.126852840443309, 35.550487946634803 ], [ 20.057030875573052, 35.612761590978543 ], [ 20.06080503583631, 35.635406552558081 ], [ 20.076560144909138, 35.675147881587627 ], [ 20.083449997415851, 35.748631360455789 ], [ 20.063630373913277, 35.801213148797281 ], [ 20.070240436494451, 35.844872447168846 ], [ 20.10043371860051, 35.884501129933042 ], [ 20.147673885386382, 35.901418874015214 ], [ 20.260809381600176, 35.933743301504869 ], [ 20.292915892026617, 35.976968056382837 ], [ 20.302831137336728, 36.053343683216596 ], [ 20.338205815185699, 36.084531623885667 ], [ 20.408027780055953, 36.088305784148922 ], [ 20.448333956790236, 36.053376201098544 ], [ 20.522637244266384, 36.056576125965563 ], [ 20.583526232297405, 36.086418704017298 ], [ 20.587300392560664, 36.160014829150803 ], [ 20.613719514403464, 36.19398227152012 ], [ 20.657122357430918, 36.156240668887548 ], [ 20.689202719668604, 36.144918188097776 ], [ 20.708073520984886, 36.195869351651751 ], [ 20.745815123617458, 36.224175553626175 ], [ 20.774417342053905, 36.291563883324827 ], [ 20.838282050067253, 36.324190800602487 ], [ 20.834507889803998, 36.375141964156455 ], [ 20.827230908355517, 36.448537538721283 ], [ 20.846791488467225, 36.520911685134607 ], [ 20.825274850344346, 36.567857077402707 ], [ 20.85657177852308, 36.587417657514415 ], [ 20.8956929387465, 36.603066121603781 ], [ 20.901561112780012, 36.663703919950073 ], [ 20.854615720511909, 36.685220558072956 ], [ 20.842879372444884, 36.730209892329889 ], [ 20.837011198411371, 36.759550762497447 ], [ 20.778329458076247, 36.786935574653839 ], [ 20.754856761942197, 36.82801279288843 ], [ 20.776373400065076, 36.85148548902248 ], [ 20.8350551404002, 36.855397605044821 ], [ 20.878134200473703, 36.875116347470552 ], [ 20.899605054768841, 36.949288389581021 ], [ 20.932858040958745, 36.964936853670388 ], [ 20.975891317204503, 36.988409549804437 ], [ 20.993495839305041, 37.021662535994345 ], [ 21.005232187372066, 37.06665187025127 ], [ 21.030660941517286, 37.086212450362979 ], [ 21.083761103831502, 37.06258402286997 ], [ 21.104991145941778, 37.014327318452452 ], [ 21.114750243077324, 36.983423510856561 ], [ 21.116727494008803, 36.97716221624021 ], [ 21.148024422187536, 36.949777404083818 ], [ 21.136288074120511, 36.904788069826886 ], [ 21.122595668042315, 36.865666909603469 ], [ 21.142156248154024, 36.832413923413561 ], [ 21.187145582410956, 36.855886619547611 ] ] ] ] } },
{ "type": "Feature", "properties": { "id": 43, "name": "The Smoking Sea", "type": "sea", "size": 2 }, "geometry": { "type": "MultiPolygon", "coordinates": [ [ [ [ 54.805078887695807, -18.202401113643688 ], [ 54.738042571892933, -18.29816727907637 ], [ 54.673660470032772, -18.339294774182118 ], [ 54.546510241027562, -18.384356827965785 ], [ 54.455532383866512, -18.341262053521078 ], [ 54.412437609421808, -18.37956851969415 ], [ 54.345401293618927, -18.465758068583565 ], [ 54.230481895099707, -18.480122993398467 ], [ 54.125139113123758, -18.465758068583565 ], [ 53.971913248431463, -18.508852843028272 ], [ 54.019796331147809, -18.580677467102785 ], [ 54.072467722135784, -18.64292547463403 ], [ 54.110774188308852, -18.75784487315325 ], [ 54.082044338679047, -18.848822730314296 ], [ 53.976701556703098, -18.796151339326322 ], [ 53.928818473986759, -18.925435662660444 ], [ 53.94023618626742, -19.037794092053883 ], [ 53.884356240837676, -19.121614010198495 ], [ 53.789957534109369, -19.166048153310062 ], [ 53.756439376207929, -19.257026010471112 ], [ 53.809110767195904, -19.348003867632158 ], [ 53.751651067936294, -19.434193416521573 ], [ 53.660673210775244, -19.534747890225891 ], [ 53.679826443861778, -19.620937439115306 ], [ 53.761227684479564, -19.601784206028768 ], [ 53.852205541640608, -19.534747890225891 ], [ 53.924030165715124, -19.534747890225891 ], [ 53.900088624356954, -19.644878980473475 ], [ 53.809965200109289, -19.793582630482121 ], [ 53.804322458924268, -19.802893153437402 ], [ 53.660673210775244, -19.831623003067207 ], [ 53.655884902503608, -19.898659318870088 ], [ 53.655884902503608, -20.056673491834015 ], [ 53.631943361145439, -20.162016273809964 ], [ 53.545753812256024, -20.171592890353235 ], [ 53.326542926244564, -20.357418527814065 ], [ 53.060562207992461, -20.383158597322332 ], [ 52.828901582418055, -20.365998550983488 ], [ 52.554340840996538, -20.348838504644643 ], [ 52.342691359007951, -20.244614591495665 ], [ 52.304384892834875, -20.172789967421153 ], [ 52.277170780266538, -20.085106680888778 ], [ 52.313961509378146, -19.995622561370691 ], [ 52.30857221561282, -19.939034976834805 ], [ 52.304384892834875, -19.895068087666374 ], [ 52.256501810118536, -19.813666847048591 ], [ 52.199042110858926, -19.914221320752908 ], [ 52.132005795056045, -19.933374553839446 ], [ 52.118042381988005, -19.957493176411521 ], [ 52.079334404068071, -20.024352411000496 ], [ 52.0697577875248, -20.15842504260625 ], [ 51.916531922832512, -20.244614591495665 ], [ 51.844707298757996, -20.244614591495665 ], [ 51.772882674683487, -20.239826283224033 ], [ 51.71183174422012, -20.173388505955035 ], [ 51.592124037429272, -20.13508203978196 ], [ 51.554843099715498, -20.012054945326511 ], [ 51.544240954712926, -19.977067866818032 ], [ 51.568182496071103, -19.876513393113715 ], [ 51.491569563724951, -19.819053693854109 ], [ 51.477204638910052, -19.699345987063253 ], [ 51.371861856934096, -19.646674596075279 ], [ 51.362285240390833, -19.550908430642593 ], [ 51.467628022366782, -19.550908430642593 ], [ 51.529876029898027, -19.483872114839716 ], [ 51.510722796811493, -19.330646250147424 ], [ 51.550731489679904, -19.218967526727802 ], [ 51.620853887059077, -19.148690535825327 ], [ 51.788444676566272, -19.115172377923887 ], [ 51.774079751751366, -18.9906763628614 ], [ 51.793232984837907, -18.84223880644074 ], [ 51.697466819405221, -18.775202490637863 ], [ 51.644795428417247, -18.650706475575376 ], [ 51.730984977306662, -18.588458468044131 ], [ 51.733526127698958, -18.492528236141162 ], [ 51.802809601381171, -18.329889821375886 ], [ 51.915135950345622, -18.199158522635024 ], [ 51.94167054125856, -18.10005102433745 ], [ 51.89998114861578, -17.975638740916061 ], [ 51.879422533727322, -17.75529282877979 ], [ 51.726196669035026, -17.635585121988935 ], [ 51.558605879527832, -17.669103279890376 ], [ 51.405380014835536, -17.889365460385545 ], [ 51.295248924587952, -17.999496550633133 ], [ 51.113293210265859, -18.013861475448035 ], [ 51.07575195352711, -18.101368618132973 ], [ 51.022315353104808, -18.211379191652942 ], [ 50.859512871869249, -18.225744116467844 ], [ 50.811629789152903, -18.378969981160136 ], [ 50.667980541003878, -18.422064755604843 ], [ 50.62967407483081, -18.54656077066733 ], [ 50.553061142484658, -18.690210018816355 ], [ 50.442930052237074, -18.66148016918655 ], [ 50.323222345446219, -18.666268477458186 ], [ 50.323222345446219, -18.819494342150477 ], [ 50.275339262729879, -18.876954041410087 ], [ 50.189149713840465, -18.80991772560721 ], [ 50.189149713840465, -18.647115244371648 ], [ 50.232244488285176, -18.541772462395699 ], [ 50.217879563470269, -18.469947838321186 ], [ 50.155631555939024, -18.450794605234648 ], [ 50.107748473222685, -18.359816748073598 ], [ 50.155631555939024, -18.273627199184183 ], [ 50.088595240136151, -18.158707800664967 ], [ 49.921004450628956, -18.206590883381306 ], [ 49.830026593467906, -18.149131184121696 ], [ 49.75820196939339, -18.211379191652942 ], [ 49.786931819023195, -18.321510281900526 ], [ 49.739048736306856, -18.378969981160136 ], [ 49.710318886677051, -18.43164137214811 ], [ 49.743837044578491, -18.522619229309161 ], [ 49.844391518282805, -18.575290620297135 ], [ 49.858756443097711, -18.651903552643283 ], [ 49.739048736306856, -18.71893986844616 ], [ 49.686377345318881, -18.814706033878842 ], [ 49.676800728775611, -18.915260507583159 ], [ 49.523574864083322, -19.082851297090357 ], [ 49.328252129293688, -19.078995075570113 ], [ 49.20813180492177, -18.993194843875887 ], [ 49.147692664760037, -18.864983270731003 ], [ 49.109386198586961, -18.769217105298321 ], [ 48.932218792536496, -18.654297706779101 ], [ 49.051926499327351, -18.529801691716614 ], [ 49.152480973031672, -18.414882293197394 ], [ 49.185999130933105, -18.242503195418564 ], [ 49.123751123401867, -18.146737029985882 ], [ 49.181210822661477, -17.964781315663782 ], [ 49.13332773994513, -17.940839774305612 ], [ 48.975313566981207, -18.007876090108489 ], [ 48.941795409079766, -17.912109924675807 ], [ 48.721533228584597, -17.825920375786392 ], [ 48.649708604510081, -17.940839774305612 ], [ 48.582672288707208, -17.940839774305612 ], [ 48.467752890187988, -17.955204699120515 ], [ 48.515786966071005, -18.040705517704279 ], [ 48.520424281175963, -18.175466879615687 ], [ 48.429446424014913, -18.228138270603662 ], [ 48.424658115743277, -18.304751202949809 ], [ 48.348147129781786, -18.375985190282716 ], [ 48.166089469075033, -18.419670601469026 ], [ 48.075111611913989, -18.481918609000271 ], [ 48.032016837469278, -18.323904436036344 ], [ 48.070323303642354, -18.175466879615687 ], [ 48.213972551791379, -18.050970864553197 ], [ 48.196194798821672, -18.002716963635429 ], [ 48.180454393889939, -17.95999300739215 ], [ 48.194819318704837, -17.840285300601295 ], [ 48.276220559322617, -17.773248984798418 ], [ 48.309738717224057, -17.620023120106126 ], [ 48.309738717224057, -17.490738796772003 ], [ 48.371986724755303, -17.327936315536441 ], [ 48.534789205990862, -17.270476616276831 ], [ 48.563519055620667, -17.184287067387416 ], [ 48.534789205990862, -17.069367668868196 ], [ 48.553942439077403, -16.949659962077344 ], [ 48.597037213522107, -16.86347041318793 ], [ 48.539577514262497, -16.734186089853807 ], [ 48.371986724755303, -16.676726390594197 ], [ 48.348045183397133, -16.557018683803346 ], [ 48.228337476606278, -16.456464210099028 ], [ 48.257067326236083, -16.327179886764906 ], [ 48.084688228457253, -16.322391578493271 ], [ 48.003286987839473, -16.475617443185563 ], [ 47.806966348702474, -16.571383608618248 ], [ 47.749506649442864, -16.638419924421125 ], [ 47.7542949577145, -16.738974398125443 ], [ 47.773448190801034, -16.853893796644662 ], [ 47.773448190801034, -16.959236578620612 ], [ 47.67289371709672, -16.95444827034898 ], [ 47.663317100553449, -17.074155977139831 ], [ 47.610645709565475, -17.165133834300882 ], [ 47.514879544132789, -17.203440300473954 ], [ 47.50051461931789, -17.361454473437881 ], [ 47.629798942652009, -17.394972631339321 ], [ 47.629798942652009, -17.548198496031613 ], [ 47.608834573129307, -17.662901659898491 ], [ 47.49093800277462, -17.653541278007562 ], [ 47.46699646141645, -17.81155545097149 ], [ 47.380806912527035, -17.931263157762345 ], [ 47.198851198204935, -17.964781315663782 ], [ 47.03126040869774, -18.007876090108489 ], [ 47.028866254561919, -18.187437650294772 ], [ 46.966618247030681, -18.340663514987064 ], [ 46.890005314684529, -18.460371221777915 ], [ 46.69418501628094, -18.474103442125827 ], [ 46.535454587646626, -18.38401319884689 ], [ 46.376724159012312, -18.246732828136128 ], [ 46.30379396207222, -18.049392295239411 ], [ 46.255554468692999, -17.860635610755779 ], [ 46.346532325854049, -17.831905761125974 ], [ 46.418356949928558, -17.740927903964923 ], [ 46.456663416101634, -17.616431888902436 ], [ 46.423145258200194, -17.515877415198119 ], [ 46.514172162143268, -17.356926224973158 ], [ 46.504546498817973, -17.276462001616409 ], [ 46.624254205608828, -17.271673693344777 ], [ 46.633830822152099, -17.132812753467384 ], [ 46.710443754498243, -17.046623204577969 ], [ 46.595524355979023, -16.926915497787117 ], [ 46.595524355979023, -16.773689633094822 ], [ 46.629042513880464, -16.62046376840253 ], [ 46.633830822152099, -16.50554436988331 ], [ 46.566794506349218, -16.400201587907357 ], [ 46.480604957459803, -16.352318505191018 ], [ 46.430352243998662, -16.253297302735795 ], [ 46.499758190546338, -16.079384933707871 ], [ 46.49496988227471, -15.911794144200675 ], [ 46.447086799558363, -15.801663053953089 ], [ 46.528474234638047, -15.707988316896659 ], [ 46.599804761417332, -15.5654755876916 ], [ 46.816450346445215, -15.438920245942617 ], [ 47.019490004837266, -15.395026111439991 ], [ 47.093454017735873, -15.4891621278564 ], [ 47.093454017735873, -15.663986158344013 ], [ 47.254830045878286, -15.832086187659028 ], [ 47.295174052913886, -15.677434160689215 ], [ 47.260621777765742, -15.435958754006959 ], [ 47.362414064639893, -15.408474113785193 ], [ 47.369138065812493, -15.260546087987981 ], [ 47.523790092782306, -15.206754078607176 ], [ 47.465595893949796, -15.124728279228444 ], [ 47.433568233474574, -15.02223976570772 ], [ 47.510342090437106, -14.924346029357952 ], [ 47.536285025379236, -14.823892899136338 ], [ 47.574489939565566, -14.689152096765367 ], [ 47.683383985181337, -14.695557628860412 ], [ 47.779466966607018, -14.650718904195095 ], [ 47.862738883842603, -14.573852519054553 ], [ 47.982842610624701, -14.569849061495146 ], [ 48.027681335290012, -14.460955015879378 ], [ 48.210238999998801, -14.438535653546719 ], [ 48.344755173994756, -14.304019479550769 ], [ 48.444040921467952, -14.275194585123065 ], [ 48.551129939565669, -14.286815138420387 ], [ 48.642612416414359, -14.310425011645815 ], [ 48.729087099697466, -14.323236075835906 ], [ 48.844386677408281, -14.307222245598291 ], [ 48.882819869978555, -14.374480332596267 ], [ 48.729087099697466, -14.45134671773681 ], [ 48.679617046504163, -14.609200970375149 ], [ 48.625886074511698, -14.718999043577135 ], [ 48.686625434155353, -14.782074532437839 ], [ 48.667936400418846, -14.856830667383882 ], [ 48.775398344403762, -14.959620352934671 ], [ 48.82837284717067, -15.073484022468081 ], [ 48.873515771520431, -15.085771330656094 ], [ 48.892428168121121, -15.182378068083851 ], [ 48.886022636026077, -15.288069347652097 ], [ 48.886022636026077, -15.380949563030253 ], [ 48.991713915594325, -15.393760627220344 ], [ 49.097405195162573, -15.380949563030253 ], [ 49.177474346350635, -15.435396585838138 ], [ 49.244732433348609, -15.51226297097868 ], [ 49.353626478964379, -15.53468233331134 ], [ 49.420884565962353, -15.569912759834088 ], [ 49.427290098057398, -15.630765314737017 ], [ 49.516967547388035, -15.685212337544902 ], [ 49.561806272053353, -15.746064892447832 ], [ 49.693119680001779, -15.749267658495354 ], [ 49.773188831189842, -15.733253828257741 ], [ 49.856460748425434, -15.78129531897058 ], [ 49.872474578663045, -15.826134043635898 ], [ 49.798810959570027, -15.922217025061576 ], [ 49.840446918187816, -15.976664047869461 ], [ 49.81802755585516, -16.034313836724866 ], [ 49.850055216330382, -16.079152561390185 ], [ 49.923718835423408, -16.066341497200092 ], [ 50.029410114991656, -16.031111070677344 ], [ 50.12549309641733, -16.018300006487255 ], [ 50.163926288987604, -15.909405960871485 ], [ 50.215170545747966, -15.89018936458635 ], [ 50.340078421601369, -15.910206652383376 ], [ 50.397728210456776, -16.012695165904098 ], [ 50.564272044927954, -16.063939422664461 ], [ 50.737221411494176, -15.987073037523919 ], [ 50.85252098920499, -15.929423248668511 ], [ 50.974226099010849, -15.884584524003195 ], [ 51.083120144626612, -15.948639844953648 ], [ 51.115147805101842, -16.127994743614913 ], [ 51.15998652976716, -16.198455596660413 ], [ 51.262475043287886, -16.18564453247032 ], [ 51.35855802471356, -16.198455596660413 ], [ 51.454641006139241, -16.249699853420775 ], [ 51.557129519659966, -16.307349642276183 ], [ 51.666023565275729, -16.29453857808609 ], [ 51.768512078796455, -16.172833468280231 ], [ 51.915839316982499, -16.153616871995094 ], [ 52.063166555168536, -16.18564453247032 ], [ 52.184871664974395, -16.230483257135639 ], [ 52.325793371065394, -16.217672192945546 ], [ 52.48593167344152, -16.281727513896001 ], [ 52.620447847437475, -16.352188366941498 ], [ 52.742152957243334, -16.473893476747357 ], [ 52.729341893053245, -16.576381990268082 ], [ 52.831830406573964, -16.659653907503671 ], [ 52.947129984284778, -16.704492632168986 ], [ 53.030401901520371, -16.730114760549167 ], [ 53.126484882946045, -16.730114760549167 ], [ 53.235378928561815, -16.678870503788804 ], [ 53.261001056942, -16.544354329792856 ], [ 53.357084038367674, -16.493110073032494 ], [ 53.440355955603266, -16.40343262370186 ], [ 53.576877816021629, -16.31640619315376 ], [ 53.701373831084119, -16.244581569079248 ], [ 53.845023079233144, -16.235004952535977 ], [ 53.974307402567263, -16.206275102906172 ], [ 54.094015109358118, -16.196698486362905 ], [ 54.213722816148973, -16.220640027721075 ], [ 54.314277289853294, -16.25894649389415 ], [ 54.285547440223489, -16.330771117968663 ], [ 54.184992966519168, -16.30682957661049 ], [ 54.122744958987923, -16.34034773451193 ], [ 54.132321575531194, -16.43132559167298 ], [ 54.050920334913414, -16.440902208216247 ], [ 53.974307402567263, -16.479208674389319 ], [ 53.993460635653804, -16.57018653155037 ], [ 53.912059395036025, -16.646799463896517 ], [ 53.864176312319678, -16.742565629329199 ], [ 53.883008932892281, -16.8161574070512 ], [ 53.969519094295634, -16.871849952663322 ], [ 53.998248943925439, -17.039440742170516 ], [ 53.964776666438581, -17.106385297144232 ], [ 53.940789244665829, -17.154360140689736 ], [ 53.945577552937458, -17.288432772295494 ], [ 53.993460635653804, -17.398563862543078 ], [ 54.108380034173024, -17.451235253531056 ], [ 54.261605898865312, -17.479965103160861 ], [ 54.304700673310023, -17.556578035507005 ], [ 54.223299432692244, -17.657132509211323 ], [ 54.285547440223489, -17.70022728365603 ], [ 54.381313605656167, -17.604461118223348 ], [ 54.467503154545582, -17.590096193408446 ], [ 54.491444695903752, -17.494330027975764 ], [ 54.596787477879708, -17.460811870074323 ], [ 54.807473041831607, -17.460811870074323 ], [ 54.860144432819581, -17.384198937728176 ], [ 54.999005372696978, -17.302797697110396 ], [ 55.085194921586393, -17.457220638870563 ], [ 55.104348154672927, -17.543410187759978 ], [ 55.027735222326783, -17.620023120106126 ], [ 54.931969056894097, -17.591293270476321 ], [ 54.923528208941207, -17.7363493266175 ], [ 54.804783324903006, -17.750319312974923 ], [ 54.755888372651988, -17.841124224298255 ], [ 54.679053447686087, -17.91097415608543 ], [ 54.611152402694607, -17.979146240478684 ], [ 54.764378267386903, -18.01745270665176 ], [ 54.805078887695807, -18.202401113643688 ] ] ] ] } },
{ "type": "Feature", "properties": { "id": 44, "name": "The Gulf of Grief", "type": "bay", "size": 4 }, "geometry": { "type": "MultiPolygon", "coordinates": [ [ [ [ 54.460320692138147, -21.287268717643993 ], [ 54.422014225965079, -21.191502552211311 ], [ 54.422014225965079, -21.090948078506994 ], [ 54.469897308681418, -20.999970221345944 ], [ 54.594393323743908, -20.894627439369991 ], [ 54.589605015472273, -20.808437890480576 ], [ 54.517780391397757, -20.736613266406064 ], [ 54.533960606458422, -20.658312509516374 ], [ 54.512992083126122, -20.577402016374229 ], [ 54.536933624484298, -20.419387843410302 ], [ 54.536933624484298, -20.285315211804544 ], [ 54.642276406460248, -20.227855512544934 ], [ 54.704524413991493, -20.170395813285324 ], [ 54.675794564361688, -20.09378288093918 ], [ 54.642276406460248, -20.0267465651363 ], [ 54.699736105719857, -19.950133632790156 ], [ 54.690159489176587, -19.878309008715643 ], [ 54.618334865102078, -19.897462241802177 ], [ 54.541721932755927, -19.863944083900741 ], [ 54.541721932755927, -19.792119459826228 ], [ 54.479473925224688, -19.729871452294983 ], [ 54.560875165842475, -19.677200061307008 ], [ 54.594393323743908, -19.614952053775763 ], [ 54.666217947818417, -19.643681903405568 ], [ 54.738042571892933, -19.562280662787789 ], [ 54.733254263621298, -19.428208031182031 ], [ 54.714101030534756, -19.342018482292616 ], [ 54.800290579424171, -19.241464008588299 ], [ 54.872115203498687, -19.126544610069079 ], [ 54.872115203498687, -19.030778444636397 ], [ 54.771560729794366, -18.973318745376787 ], [ 54.771450374534815, -18.863169262585938 ], [ 54.761984113251103, -18.767421489696517 ], [ 54.805078887695807, -18.690808557350369 ], [ 54.876903511770323, -18.566312542287882 ], [ 54.869240279036866, -18.492964624113906 ], [ 54.896056744856857, -18.393933444509052 ], [ 54.876225272215578, -18.311354801467257 ], [ 54.872115203498687, -18.226342655001858 ], [ 54.805078887695807, -18.202401113643688 ], [ 54.764378267386903, -18.01745270665176 ], [ 54.853678277154032, -17.883034183370569 ], [ 54.979408154370944, -17.924944142442868 ], [ 55.066041688499851, -17.888168383317637 ], [ 55.075618305043122, -17.778037293070053 ], [ 55.166596162204172, -17.763672368255151 ], [ 55.209690936648876, -17.682271127637367 ], [ 55.251822888340925, -17.56870949032826 ], [ 55.310245410353197, -17.481162180228733 ], [ 55.271938944180121, -17.380607706524419 ], [ 55.204902628377248, -17.347089548622979 ], [ 55.085194921586393, -17.457220638870563 ], [ 54.999005372696978, -17.302797697110396 ], [ 55.003793680968606, -17.235761381307519 ], [ 54.912815823807563, -17.187878298591176 ], [ 54.941545673437368, -17.106477057973397 ], [ 54.845779508004682, -17.005922584269079 ], [ 54.951122289980631, -16.871849952663322 ], [ 54.955910598252267, -16.728200704514297 ], [ 54.951122289980631, -16.5462449901922 ], [ 54.908027515535927, -16.493573599204222 ], [ 54.903239207264292, -16.416960666858078 ], [ 54.979852139610436, -16.325982809697027 ], [ 55.066041688499851, -16.24936987735088 ], [ 55.056465071956588, -16.124873862288393 ], [ 55.118713079487826, -16.019531080312444 ], [ 55.027735222326783, -15.928553223151393 ], [ 55.032523530598411, -15.808845516360538 ], [ 54.946333981708996, -15.765750741915831 ], [ 54.946333981708996, -15.698714426112954 ], [ 55.046888455413317, -15.674772884754782 ], [ 55.080406613314757, -15.593371644137001 ], [ 55.137866312574367, -15.526335328334124 ], [ 55.214479244920511, -15.382686080185099 ], [ 55.157019545660901, -15.288116991820324 ], [ 55.200114320105612, -15.182774209844373 ], [ 55.123501387759461, -15.115737894041494 ], [ 54.970275523067173, -15.120526202313128 ], [ 54.893662590721021, -15.005606803793908 ], [ 54.802684733559971, -14.895475713546324 ], [ 54.577634244793167, -14.818862781200176 ], [ 54.601575786151344, -14.737461540582396 ], [ 54.630305635781149, -14.632118758606444 ], [ 54.563269319978268, -14.555505826260298 ], [ 54.395678530471073, -14.435798119469444 ], [ 54.366948680841269, -14.23468917206081 ], [ 54.290335748495117, -14.134134698356492 ], [ 54.134758622118845, -14.140199554840708 ], [ 54.064674745606936, -14.079460195197059 ], [ 54.008607644397415, -14.023393093987538 ], [ 54.008607644397415, -13.911258891568481 ], [ 53.966557318490267, -13.813141464451819 ], [ 54.017952161265669, -13.705679520466903 ], [ 54.130086363684711, -13.654284677691495 ], [ 54.225867661584317, -13.717360166552213 ], [ 54.33800186400336, -13.719696295769284 ], [ 54.422102515817649, -13.701007262032777 ], [ 54.527228330585501, -13.761746621676425 ], [ 54.665059954392255, -13.862200178010157 ], [ 54.680582872633323, -13.928835981210202 ], [ 54.761984113251103, -13.976719063926543 ], [ 54.869721049362873, -13.968339524451183 ], [ 54.922392440350848, -14.054529073340598 ], [ 54.946333981709017, -14.121565389143477 ], [ 55.022946914055161, -14.159871855316551 ], [ 55.056465071956602, -14.231696479391063 ], [ 55.046888455413331, -14.365769110996819 ], [ 55.089983229858042, -14.456746968157868 ], [ 55.204902628377262, -14.375345727540088 ], [ 55.286303868995041, -14.384922344083355 ], [ 55.401223267514261, -14.418440501984795 ], [ 55.453894658502236, -14.327462644823745 ], [ 55.391646650970991, -14.274791253835771 ], [ 55.501777741218575, -14.231696479391063 ], [ 55.578390673564726, -14.231696479391063 ], [ 55.655003605910871, -14.255638020749233 ], [ 55.674156838997405, -14.155083547044915 ], [ 55.779499620973361, -14.073682306427136 ], [ 55.779499620973361, -13.949186291364647 ], [ 55.765134696158455, -13.84863181766033 ], [ 55.846535936776235, -13.786383810129086 ], [ 55.765134696158455, -13.671464411609866 ], [ 55.789076237516625, -13.590063170992085 ], [ 55.655003605910871, -13.551756704819011 ], [ 55.641511559826178, -13.467490145025792 ], [ 55.734010692392836, -13.45479346231842 ], [ 55.767528850294276, -13.402122071330444 ], [ 55.781893775109175, -13.325509138984298 ], [ 55.83456516609715, -13.263261131453055 ], [ 55.815411933010616, -13.201013123921809 ], [ 55.734010692392836, -13.17707158256364 ], [ 55.743587308936107, -13.095670341945858 ], [ 56.038309933901481, -12.787038600667648 ], [ 56.335665784475815, -12.552758233548472 ], [ 56.601483893322573, -12.359026391507616 ], [ 56.862796610493966, -12.192326899518971 ], [ 56.966498635931522, -12.122643732648086 ], [ 57.205206377821987, -12.00760584082885 ], [ 57.453002919967275, -11.899476440619999 ], [ 57.763874945567721, -11.759809298683567 ], [ 58.218919504779969, -11.579593631668816 ], [ 58.646931713939999, -11.444431881407754 ], [ 59.018514738651241, -11.376741433130491 ], [ 58.964425352088611, -11.434694347304735 ], [ 58.999197100593157, -11.504237844313828 ], [ 58.952834769253762, -11.569917813711307 ], [ 58.97601593492346, -11.627870727885551 ], [ 59.057150014767402, -11.662642476390097 ], [ 59.130557039388115, -11.678096586836563 ], [ 59.154412760220467, -11.783385982220011 ], [ 59.211691119232057, -11.817183580854751 ], [ 59.223281702066906, -11.90218118831031 ], [ 59.165328787892662, -11.979451740542636 ], [ 59.103512346106797, -12.041268182328498 ], [ 59.126693511776494, -12.103084624114359 ], [ 59.200100536397208, -12.095357568891126 ], [ 59.273507561017915, -12.149446955453755 ], [ 59.316006364745697, -12.238308090520929 ], [ 59.343051058027008, -12.319442170364873 ], [ 59.327596947580545, -12.38512213976235 ], [ 59.277371088629536, -12.416030360655281 ], [ 59.24259934012499, -12.481710330052758 ], [ 59.28123461624115, -12.547390299450235 ], [ 59.277371088629536, -12.640114962129028 ], [ 59.269644033406301, -12.726078451487492 ], [ 59.231008757290141, -12.787894893273354 ], [ 59.312142837134083, -12.807212531331436 ], [ 59.397140444589638, -12.78016783805012 ], [ 59.451229831152268, -12.826530169389518 ], [ 59.516909800549747, -12.930845414903157 ], [ 59.616966345199039, -12.937433815449367 ], [ 59.705739255447455, -12.965467366054128 ], [ 59.79894731619774, -13.039024188028414 ], [ 59.872354340818447, -13.085386519367811 ], [ 59.829855537090666, -13.181974709658219 ], [ 59.850579266905399, -13.301869973311284 ], [ 59.938034310215926, -13.345208751249006 ], [ 59.992123696778556, -13.407025193034867 ], [ 60.030758972894716, -13.480432217655578 ], [ 60.061667193787649, -13.534521604218206 ], [ 60.042349555729565, -13.611792156450532 ], [ 60.038486028117951, -13.692926236294475 ], [ 60.061667193787649, -13.754742678080337 ], [ 60.127347163185128, -13.797241481808117 ], [ 60.1930271325826, -13.75087915046872 ], [ 60.278024740038163, -13.770196788526802 ], [ 60.370749402716953, -13.804968537031348 ], [ 60.482791703453827, -13.801105009419732 ], [ 60.571652838521004, -13.789514426584883 ], [ 60.625742225083627, -13.835876757924279 ], [ 60.583243421355853, -13.901556727321756 ], [ 60.455747010172509, -13.924737892991455 ], [ 60.517563451958374, -13.998144917612164 ], [ 60.514039964551422, -14.06111196885692 ], [ 60.570107065760951, -14.119515199283498 ], [ 60.556198728074534, -14.179730715358131 ], [ 60.509836396735139, -14.223195400988814 ], [ 60.621878697472013, -14.281148315163058 ], [ 60.687558666869492, -14.327510646502454 ], [ 60.730057470597274, -14.412508253958013 ], [ 60.772556274325048, -14.489778806190341 ], [ 60.818918605664443, -14.524550554694887 ], [ 60.770624510519241, -14.598923461218503 ], [ 60.822782133276064, -14.686818714382772 ], [ 60.869144464615459, -14.733181045722167 ], [ 60.892325630285157, -14.814315125566111 ], [ 60.911643268343241, -14.860677456905506 ], [ 60.985050292963948, -14.891585677798437 ], [ 61.064976791869235, -14.851225416661348 ], [ 61.089365538477587, -14.907039788244903 ], [ 61.205271366826082, -14.914766843468135 ], [ 61.243906642942243, -14.976583285253996 ], [ 61.259360753388705, -15.046126782263091 ], [ 61.259360753388705, -15.117602043077992 ], [ 61.286405446670024, -15.191009067698703 ], [ 61.379130109348814, -15.206463178145167 ], [ 61.487308882474068, -15.221917288591632 ], [ 61.525944158590235, -15.272143147542645 ], [ 61.595487655599328, -15.318505478882042 ], [ 61.665031152608421, -15.376458393056286 ], [ 61.765482870510446, -15.361004282609819 ], [ 61.842753422742774, -15.380321920667901 ], [ 61.912296919751867, -15.395776031114368 ], [ 61.92775103019833, -15.337823116940122 ], [ 62.016612165265506, -15.322369006493657 ], [ 62.062974496604902, -15.25668903709618 ], [ 62.059110968993288, -15.171691429640621 ], [ 62.120927410779146, -15.18328201247547 ], [ 62.124790938390767, -15.264416092319411 ], [ 62.136381521225616, -15.380321920667901 ], [ 62.14024504883723, -15.43441130723053 ], [ 62.109336827944297, -15.503954804239624 ], [ 62.124790938390767, -15.561907718413869 ], [ 62.29378076004464, -15.584769990819295 ], [ 62.383647288369055, -15.600542994530032 ], [ 62.487962533882701, -15.646905325869428 ], [ 62.574116266092261, -15.757643552881985 ], [ 62.592277779396341, -15.836218178838628 ], [ 62.542051920445324, -15.909625203459338 ], [ 62.578755432755685, -15.96854399953649 ], [ 62.621254236483459, -16.034223968933965 ], [ 62.648298929764778, -16.088313355496595 ], [ 62.771931813336501, -16.123085104001142 ], [ 62.829884727510745, -16.088313355496595 ], [ 62.926472917801149, -16.119221576389524 ], [ 63.042378746149637, -16.107630993554675 ], [ 63.111922243158737, -16.130812159224373 ], [ 63.119649298381965, -16.200355656233469 ], [ 63.154421046886512, -16.277626208465794 ], [ 63.23169159911884, -16.354896760698121 ], [ 63.332143317020865, -16.436030840542063 ], [ 63.436458562534504, -16.439894368153681 ], [ 63.506002059543597, -16.493983754716307 ], [ 63.579409084164311, -16.563527251725404 ], [ 63.64508905356179, -16.621480165899648 ], [ 63.695314912512799, -16.694887190520358 ], [ 63.73395018862896, -16.7760212703643 ], [ 63.753267826687043, -16.853291822596628 ], [ 63.741677243852195, -16.918971791994103 ], [ 63.675997274454716, -16.965334123333498 ], [ 63.57554555655269, -16.965334123333498 ], [ 63.59099966699916, -17.031979974633881 ], [ 63.641225525950169, -17.078342305973276 ], [ 63.652816108785018, -17.13629522014752 ], [ 63.579409084164311, -17.167203441040449 ], [ 63.498275004320369, -17.248337520884395 ], [ 63.455776200592588, -17.329471600728336 ], [ 63.391757045741834, -17.392403357162575 ], [ 63.320552734186016, -17.426059791018744 ], [ 63.23169159911884, -17.464695067134908 ], [ 63.216237488672377, -17.530375036532387 ], [ 63.251009237176923, -17.603782061153094 ], [ 63.351460955078949, -17.59991853354148 ], [ 63.405773821044214, -17.672738863210196 ], [ 63.471230311039051, -17.736107881850955 ], [ 63.492210602075566, -17.805898228582816 ], [ 63.498275004320369, -17.902239569150456 ], [ 63.478957366262286, -17.991100704217633 ], [ 63.486684421485521, -18.052917146003495 ], [ 63.602590249834009, -18.052917146003495 ], [ 63.710769022959262, -18.072234784061575 ], [ 63.80349368563806, -18.095415949731272 ], [ 63.915535986374927, -18.103143004954504 ], [ 64.000533593830482, -18.161095919128751 ], [ 64.135757060237054, -18.1726865019636 ], [ 64.232345250527473, -18.230639416137844 ], [ 64.270980526643626, -18.311773495981786 ], [ 64.359841661710803, -18.292455857923706 ], [ 64.479611017670919, -18.238366471361076 ], [ 64.638015649747189, -18.253820581807542 ], [ 64.777102643765375, -18.230639416137844 ], [ 64.885281416890621, -18.261547637030773 ], [ 64.947097858676486, -18.346545244486332 ], [ 65.117093073587611, -18.358135827321181 ], [ 65.244307514873185, -18.287140847297888 ], [ 65.314132981780034, -18.307909968370172 ], [ 65.417181076935861, -18.403947308151057 ], [ 65.464810558633076, -18.458587545223207 ], [ 65.482196432885345, -18.544551034581669 ], [ 65.505377598555043, -18.594776893532682 ], [ 65.617419899291917, -18.598640421144296 ], [ 65.748779838086875, -18.606367476367531 ], [ 65.84536802837728, -18.61795805920238 ], [ 65.934229163444456, -18.65659333531854 ], [ 66.010597234788861, -18.636479825508335 ], [ 66.131269071636893, -18.633412169648842 ], [ 66.243311372373768, -18.629548642037228 ], [ 66.336036035052558, -18.65659333531854 ], [ 66.421033642508121, -18.648866280095309 ], [ 66.47125950145913, -18.757045053220565 ], [ 66.459668918624274, -18.842042660676125 ], [ 66.513758305186911, -18.919313212908452 ], [ 66.594892385030846, -18.988856709917545 ], [ 66.664435882039939, -19.042946096480176 ], [ 66.73784290666066, -18.992720237529163 ], [ 66.815113458892981, -19.008174347975626 ], [ 66.869202845455604, -19.10089901065442 ], [ 66.942609870076325, -19.133738995353092 ], [ 67.054652170813199, -19.133738995353092 ], [ 67.085560391706125, -19.191691909527339 ], [ 67.012153367085418, -19.222600130420268 ], [ 66.954200452911167, -19.2303271856435 ], [ 66.892384011125301, -19.222600130420268 ], [ 66.89624753873693, -19.28441657220613 ], [ 66.931019287241469, -19.315324793099059 ], [ 66.961927508134394, -19.365550652050072 ], [ 66.88079342829046, -19.427367093835933 ], [ 66.88079342829046, -19.485320008010177 ], [ 66.934882814853083, -19.512364701291492 ], [ 66.996699256638948, -19.539409394572807 ], [ 67.070106281259655, -19.547136449796039 ], [ 67.124195667822292, -19.597362308747051 ], [ 67.186012109608143, -19.643724640086447 ], [ 67.251692079005622, -19.697814026649077 ], [ 67.309644993179873, -19.763493996046552 ], [ 67.348280269296026, -19.829173965444031 ], [ 67.38305201780058, -19.89485393484151 ], [ 67.340553214072798, -20.010759763189998 ], [ 67.379188490188966, -20.060985622141011 ], [ 67.402369655858664, -20.165300867654651 ], [ 67.413960238693505, -20.258025530333445 ], [ 66.930094309105485, -20.675979424238374 ], [ 66.344393391307548, -21.144540158476726 ], [ 65.425293489532308, -21.640133242767291 ], [ 64.659747992562529, -21.907510350017844 ], [ 63.680343743017787, -21.95387268135724 ], [ 60.721664580447332, -21.973532226744581 ], [ 58.486990309464417, -21.90144595993868 ], [ 56.009024888011574, -21.631122459416556 ], [ 54.460320692138147, -21.287268717643993 ] ] ] ] } },
{ "type": "Feature", "properties": { "id": 46, "name": "Bay of Ice", "type": "bay", "size": 3 }, "geometry": { "type": "MultiPolygon", "coordinates": [ [ [ [ 7.93173484221704, 33.848436811431057 ], [ 8.034824296774945, 33.838772175066254 ], [ 8.112141387693375, 33.887095356890278 ], [ 8.150799933152589, 33.922532356894557 ], [ 8.121806024058179, 33.974077084173508 ], [ 8.161263220476719, 34.019443878795961 ], [ 8.237781660435823, 34.064280356911674 ], [ 8.273218660440104, 34.069918061457813 ], [ 8.300601796807047, 34.145624379648773 ], [ 8.373086569543075, 34.196363720563994 ], [ 8.397248160455085, 34.152067470558642 ], [ 8.381140433180411, 34.098911970552223 ], [ 8.403691251364954, 34.023205652361263 ], [ 8.488321310865604, 34.038132912532468 ], [ 8.558405187377513, 34.070838721571356 ], [ 8.635642524120241, 34.10052274327969 ], [ 8.65497179684985, 34.132738197829035 ], [ 8.690408796854129, 34.20522297056506 ], [ 8.651750251394915, 34.25032460693415 ], [ 8.646917933212514, 34.2970370160307 ], [ 8.716181160493607, 34.282540061483495 ], [ 8.795109024139503, 34.321198606942708 ], [ 8.845042978690989, 34.364689470584324 ], [ 8.927513603673543, 34.458636171603899 ], [ 8.929141294531828, 34.56301986957827 ], [ 9.007383614978661, 34.621701609913394 ], [ 9.05237294923559, 34.680383350248519 ], [ 9.069977471336129, 34.586492565712319 ], [ 9.054329007246762, 34.51607447731017 ], [ 9.124747095648912, 34.494557839187287 ], [ 9.22186588502354, 34.510031014379294 ], [ 9.291949761535442, 34.603476183061836 ], [ 9.367298289034098, 34.602141029801686 ], [ 9.433804261413906, 34.602141029801686 ], [ 9.469013305614981, 34.662778828147978 ], [ 9.46705724760381, 34.739065090583644 ], [ 9.446134289861632, 34.790366520426915 ], [ 9.537475336005961, 34.844692223186868 ], [ 9.600069192363428, 34.901417905510826 ], [ 9.607893424408111, 34.962055703857118 ], [ 9.670487280765579, 34.999220806069367 ], [ 9.735037195134217, 35.046166198337467 ], [ 9.727212963089533, 35.098979764639083 ], [ 9.686135744854946, 35.157661504974207 ], [ 9.640542089773481, 35.24102433242939 ], [ 9.720113528992067, 35.320595771647973 ], [ 9.865214388743606, 35.358041154809662 ], [ 10.000953902704723, 35.423570575342616 ], [ 10.024357267180777, 35.343999136124033 ], [ 10.089886687713731, 35.339318463228821 ], [ 10.249029566150902, 35.390805865076139 ], [ 10.356119793907574, 35.481639324950166 ], [ 10.402842378248842, 35.547050943027941 ], [ 10.379481086078208, 35.584429010500955 ], [ 10.374808827644081, 35.65918514544699 ], [ 10.500959805365508, 35.710579988222385 ], [ 10.514976580667891, 35.766647089431906 ], [ 10.463581737892493, 35.836730965943815 ], [ 10.528993355970272, 35.888125808719209 ], [ 10.558450430438775, 35.938562396270996 ], [ 10.656567857555443, 36.008646272782904 ], [ 10.834113678052269, 36.003974014348771 ], [ 10.880836262393537, 36.041352081821792 ], [ 10.82944141961814, 36.148814025806715 ], [ 10.824769161184014, 36.284309520396391 ], [ 10.885508520827665, 36.396443722815441 ], [ 11.030348532285599, 36.419805014986075 ], [ 11.214327671054273, 36.433688570129711 ], [ 11.349823165643954, 36.382293727354316 ], [ 11.405890266853477, 36.414999536393204 ], [ 11.583436087350304, 36.41967179482733 ], [ 11.672208997598716, 36.396310502656696 ], [ 11.70958706507173, 36.344915659881295 ], [ 11.798359975320142, 36.316882109276534 ], [ 11.854427076529667, 36.354260176749555 ], [ 11.94319998677808, 36.363604693617802 ], [ 12.292838005400101, 36.284463339767633 ], [ 12.376938657214387, 36.186345912650971 ], [ 12.662576303273202, 36.14017613088248 ], [ 12.793399539428755, 36.098125804975332 ], [ 12.900861483413676, 36.079436771238825 ], [ 12.952256326189072, 36.000008377858663 ], [ 12.942911809320819, 35.869185141703113 ], [ 12.886844708111296, 35.850496107966606 ], [ 12.746676955087487, 35.845823849532479 ], [ 12.653231786404946, 35.901890950742001 ], [ 12.573803393024789, 35.948613535083268 ], [ 12.480358224342249, 35.967302568819775 ], [ 12.111821211458031, 36.038797690846252 ], [ 11.97123353738284, 35.919740142375744 ], [ 11.901149660870935, 35.859000782732096 ], [ 11.793687716886016, 35.788916906220194 ], [ 11.662864480730461, 35.732849805010666 ], [ 11.615786051552496, 35.686273341586336 ], [ 11.590042350628837, 35.632445603291416 ], [ 11.513352210838399, 35.550631726079715 ], [ 11.452612851194747, 35.489892366436067 ], [ 11.289083806000303, 35.489892366436067 ], [ 11.267643230808968, 35.448972634011568 ], [ 11.222543524432698, 35.344039288884431 ], [ 11.278920569894053, 35.295716107060414 ], [ 11.336908388082875, 35.218399016141987 ], [ 11.385231569906894, 35.179740470682766 ], [ 11.478656388099996, 35.173297379772897 ], [ 11.574091570482048, 35.190867826651939 ], [ 11.620404388117118, 35.128195743403815 ], [ 11.56563811538323, 35.028327834300846 ], [ 11.700943024490481, 34.951010743382412 ], [ 11.831065784359032, 34.933893612774959 ], [ 11.821721267490778, 34.845120702526543 ], [ 11.826393525924905, 34.784381342882895 ], [ 11.891805144002683, 34.714297466370994 ], [ 11.975905795816969, 34.714297466370994 ], [ 12.102056773538395, 34.742331016975754 ], [ 12.200174200655063, 34.747003275409881 ], [ 12.349686470547123, 34.812414893487656 ], [ 12.440265424583499, 34.803615004952285 ], [ 12.56109566095801, 34.793155016090623 ], [ 12.649563631778781, 34.776230192795893 ], [ 12.64760757376761, 34.735152974561302 ], [ 12.660963570060982, 34.709394834262319 ], [ 12.818819297352775, 34.696508652442581 ], [ 12.934794933730419, 34.715837925172195 ], [ 13.04273129202412, 34.654954596103295 ], [ 13.179632388305446, 34.628856197888958 ], [ 13.353744515800287, 34.609965261846369 ], [ 13.536440112815374, 34.630196814556705 ], [ 13.762732115648603, 34.738388743356737 ], [ 13.962467933854546, 34.799598107000492 ], [ 14.258163196771154, 34.847642537852444 ], [ 14.371298692984947, 34.834712766856583 ], [ 14.28482812911761, 34.799702888929943 ], [ 14.233970620827169, 34.786010482851744 ], [ 14.188981286570238, 34.75471355467301 ], [ 14.143991952313309, 34.711680278427252 ], [ 14.052057225788278, 34.699943930360227 ], [ 14.059881457832962, 34.629525841958078 ], [ 14.038357089841497, 34.579349789688301 ], [ 13.960778463866323, 34.513084713334514 ], [ 13.887748352849927, 34.501404042226383 ], [ 13.842759018592998, 34.454458649958283 ], [ 13.774296988202018, 34.444678359902433 ], [ 13.694098609744014, 34.429029895813066 ], [ 13.66084562355411, 34.3664360394556 ], [ 13.609988115263667, 34.352743633377401 ], [ 13.589047547735293, 34.320754369771059 ], [ 13.608032057252496, 34.294061893042276 ], [ 13.690186493721672, 34.266677080885884 ], [ 13.68602083020426, 34.236710858297954 ], [ 13.635416869408887, 34.190390818450219 ], [ 13.63430174622081, 34.152667346824849 ], [ 13.676494087643476, 34.139533310159777 ], [ 13.748868234056797, 34.13757725214861 ], [ 13.782994112673226, 34.100948262841399 ], [ 13.801681800358411, 34.031950119545385 ], [ 13.854495366660023, 33.985004727277285 ], [ 13.854107853150468, 33.926396354397262 ], [ 13.789458998171156, 33.868212384915878 ], [ 13.723439479911576, 33.864707159590274 ], [ 13.647231517216673, 33.900536812405534 ], [ 13.586515419129617, 33.849058695500908 ], [ 13.545438200895029, 33.788420897154609 ], [ 13.517933807258052, 33.738914674957257 ], [ 13.445679242325316, 33.747343678920025 ], [ 13.414382314146582, 33.764948201020559 ], [ 13.375706326303566, 33.803563529936568 ], [ 13.036863117990608, 33.694530112618409 ], [ 13.005566189811875, 33.645628662339142 ], [ 12.98134831092977, 33.61608185049657 ], [ 12.919499637320358, 33.618243850182751 ], [ 12.877910142962874, 33.590222308504842 ], [ 12.884290593119282, 33.540001529735918 ], [ 12.929629226946322, 33.506178797031737 ], [ 12.974310684195951, 33.528357405052525 ], [ 13.001654073789533, 33.489144021445469 ], [ 12.972313203621971, 33.438286513155028 ], [ 12.890210032381662, 33.402206427331102 ], [ 12.754714537791981, 33.318105775516813 ], [ 12.577168717295157, 33.201299314663636 ], [ 12.479051290178493, 33.177938022493002 ], [ 12.324866761852302, 33.191954797795383 ], [ 12.231421593169763, 33.131215438151735 ], [ 12.148812780919043, 33.093531288686165 ], [ 11.990372082014204, 33.079838882607973 ], [ 11.945382747757275, 32.989860214094115 ], [ 11.802590512941803, 32.915530009669624 ], [ 11.998196314058887, 32.80599076104405 ], [ 12.091253840145955, 32.799485089328726 ], [ 12.156637012963726, 32.785452151926762 ], [ 12.201626347220657, 32.779583977893246 ], [ 12.217274811310023, 32.71699012153578 ], [ 12.187933941142461, 32.685693193357046 ], [ 12.178153651086607, 32.662220497222997 ], [ 12.272044435622806, 32.593758466832014 ], [ 12.401144264360083, 32.57615394473148 ], [ 12.446133598617012, 32.531164610474548 ], [ 12.44222148259467, 32.452922290027715 ], [ 12.500903222929796, 32.423581419860156 ], [ 12.55762890525375, 32.421625361848982 ], [ 12.606530355533021, 32.409889013781957 ], [ 12.630003051667073, 32.376636027592049 ], [ 12.592837949454825, 32.339470925379807 ], [ 12.534156209119701, 32.317954287256924 ], [ 12.469606294751063, 32.321866403279266 ], [ 12.428529076516474, 32.327734577312782 ], [ 12.362023104136666, 32.308173997201074 ], [ 12.301385305790369, 32.282745243055849 ], [ 12.229011159377048, 32.261228604932974 ], [ 12.315522244984049, 32.206108268194598 ], [ 12.356154930103154, 32.151689356307408 ], [ 12.366917087759445, 32.070612773604914 ], [ 12.363979162147837, 32.009875150497521 ], [ 12.318989827890908, 31.99227062839698 ], [ 12.266176261589294, 31.982490338341126 ], [ 12.287488694379288, 31.93511727901523 ], [ 12.275956551645148, 31.890555611816097 ], [ 12.27986866766749, 31.835785987503314 ], [ 12.240747507444073, 31.814269349380435 ], [ 12.160549128986068, 31.788840595235214 ], [ 12.123384026773822, 31.753631551034136 ], [ 12.11751585274031, 31.708642216777207 ], [ 12.082306808539235, 31.657295693983979 ], [ 12.013844778148256, 31.649471461939296 ], [ 11.945382747757275, 31.606438185693538 ], [ 11.902349471511517, 31.56536096745895 ], [ 11.904305529522688, 31.518415575190851 ], [ 11.996240256047717, 31.510591343146167 ], [ 12.045141706326989, 31.463645950878067 ], [ 12.111848443804552, 31.442887660904457 ], [ 12.217274811310023, 31.444085370766359 ], [ 12.281824725678661, 31.403008152531768 ], [ 12.242703565455244, 31.371711224353035 ], [ 12.205538463242998, 31.342370354185473 ], [ 12.189889999153632, 31.289556787883861 ], [ 12.299429247779198, 31.248479569649273 ], [ 12.369847336181349, 31.248479569649273 ], [ 12.444177540605841, 31.228918989537565 ], [ 12.422660902482962, 31.180017539258294 ], [ 12.389407916293058, 31.138940321023707 ], [ 12.315077711868566, 31.103731276822629 ], [ 12.268132319600465, 31.003972318252917 ], [ 12.205538463242998, 30.943334519906621 ], [ 12.11751585274031, 30.912037591727888 ], [ 12.079142634765663, 30.826149547599698 ], [ 11.962336173912488, 30.746721154219539 ], [ 11.972767559913667, 30.674376543370631 ], [ 12.027537184226452, 30.646991731214236 ], [ 12.011888720137083, 30.58635393286794 ], [ 11.970811501902496, 30.558969120711549 ], [ 11.906261587533859, 30.555057004689207 ], [ 11.839755615154049, 30.545276714633353 ], [ 11.784985990841266, 30.529628250543986 ], [ 11.751733004651362, 30.510067670432278 ], [ 11.724050993772016, 30.489746940342556 ], [ 11.663311634128364, 30.485074681908433 ], [ 11.588555499182334, 30.50376371564494 ], [ 11.544390855467251, 30.427913233963103 ], [ 11.503313637232663, 30.377055725672662 ], [ 11.415291026729975, 30.377055725672662 ], [ 11.383994098551241, 30.349670913516267 ], [ 11.331180532249629, 30.349670913516267 ], [ 11.256850327825136, 30.341846681471583 ], [ 11.207948877545865, 30.404440537829053 ], [ 11.161003485277766, 30.408352653851395 ], [ 11.082761164830931, 30.402484479817883 ], [ 11.004518844384098, 30.416176885896078 ], [ 10.961485568138338, 30.398572363795541 ], [ 10.945837104048971, 30.375099667661491 ], [ 10.996694612339414, 30.355539087549779 ], [ 11.027991540518148, 30.328154275393388 ], [ 11.018539970218843, 30.288839827675098 ], [ 11.05733241068571, 30.236219548868359 ], [ 11.123838383065518, 30.202966562678455 ], [ 11.106233860964981, 30.175581750522063 ], [ 11.061244526708052, 30.173625692510893 ], [ 10.996694612339414, 30.165801460466209 ], [ 10.911078026233922, 30.172033366821921 ], [ 10.863682667579797, 30.150152996376843 ], [ 10.80500092724467, 30.157977228421526 ], [ 10.750231302931887, 30.173625692510893 ], [ 10.673945040496223, 30.197098388644942 ], [ 10.636779938283977, 30.212746852734309 ], [ 10.583966371982365, 30.230351374834846 ], [ 10.519416457613726, 30.245999838924213 ], [ 10.52919674766958, 30.28512099914763 ], [ 10.583966371982365, 30.289033115169971 ], [ 10.583966371982365, 30.316417927326363 ], [ 10.552669443803632, 30.361407261583292 ], [ 10.507680109546701, 30.359451203572121 ], [ 10.445086253189235, 30.379011783683833 ], [ 10.38640451285411, 30.408352653851395 ], [ 10.337503062574838, 30.408352653851395 ], [ 10.280777380250884, 30.367275435616804 ], [ 10.239700162016296, 30.302725521248167 ], [ 10.15754572554712, 30.26360436102475 ], [ 10.102776101234337, 30.236219548868359 ], [ 10.057786766977406, 30.218615026767822 ], [ 9.993236852608769, 30.237197577873946 ], [ 9.942379344318326, 30.221549113784576 ], [ 9.897006586341716, 30.212882407740185 ], [ 9.868973035736952, 30.212882407740185 ], [ 9.743048577492695, 30.20847860129339 ], [ 9.626139053752665, 30.30653175023664 ], [ 9.618596503833952, 30.366872149586335 ], [ 9.535628454728123, 30.385728524383115 ], [ 9.505458255053275, 30.457382748610875 ], [ 9.396091281231955, 30.529036972838639 ], [ 9.30935195716677, 30.57429227235091 ], [ 9.34706470676033, 30.653489046497384 ], [ 9.305580682207415, 30.770398570237415 ], [ 9.243354645378043, 30.845824069424534 ], [ 9.19055679594706, 30.966504868123923 ], [ 9.054790897410248, 31.072100566985888 ], [ 9.079304184646062, 30.94010594340843 ], [ 9.05290525993057, 30.84582406942453 ], [ 9.120788209198977, 30.740228370562569 ], [ 9.182151045920291, 30.54928501499732 ], [ 9.266251697734576, 30.451167587880654 ], [ 9.280268473036957, 30.353050160763988 ], [ 9.322318798944101, 30.236243699910816 ], [ 9.45643168058165, 30.204707326334034 ], [ 9.41576396762664, 30.096075946887005 ], [ 9.471516780419073, 29.963345728935259 ], [ 9.407405106110023, 29.85020748015458 ], [ 9.312974282075848, 29.853118508312402 ], [ 9.012115900077614, 29.578103743115022 ], [ 8.801864270541902, 29.554742450944385 ], [ 8.764486203068888, 29.498675349734864 ], [ 8.702176688710475, 29.450452334462859 ], [ 8.649378839279493, 29.378798110235095 ], [ 8.558868240254951, 29.288287511210555 ], [ 8.490985290986545, 29.212862012023439 ], [ 8.409394562075239, 29.166945000911845 ], [ 8.268480068384548, 29.122351412998896 ], [ 8.16665564448194, 29.077096113486625 ], [ 8.054302921081586, 29.115550158136454 ], [ 7.923479684926034, 29.134239191872958 ], [ 7.759950639731589, 29.143583708741211 ], [ 7.778639673468096, 29.162272742477718 ], [ 7.808384523343132, 29.209090737064081 ], [ 7.853639822855403, 29.250574761616996 ], [ 7.823469623180555, 29.352399185519605 ], [ 7.763129223830862, 29.427824684706724 ], [ 7.710331374399879, 29.491936359015774 ], [ 7.751815398952794, 29.578675683080959 ], [ 7.631134600253406, 29.82380855543909 ], [ 7.729187749196659, 29.816266005520379 ], [ 7.751815398952794, 29.872835129910715 ], [ 7.822974996177044, 29.970211420849164 ], [ 7.807545687692894, 29.979332790097427 ], [ 7.574565475863068, 30.102882902431425 ], [ 7.397315552773342, 30.06894142779722 ], [ 7.291719853911377, 30.121739277228205 ], [ 7.1899351107681, 30.092052170868982 ], [ 6.993789132122263, 30.262219269464211 ], [ 7.008874231959687, 30.341416043610685 ], [ 6.933448732772569, 30.394213893041666 ], [ 6.771283909520266, 30.458325567350716 ], [ 6.650603110820878, 30.484724492066206 ], [ 6.635518010983454, 30.563921266212681 ], [ 6.629264098672864, 30.615345115491202 ], [ 6.499752112446643, 30.62049039060302 ], [ 6.394156413584678, 30.665745690115291 ], [ 6.382842588706611, 30.711000989627561 ], [ 6.446954263015661, 30.756256289139831 ], [ 6.416784063340814, 30.801511588652101 ], [ 6.303645814560138, 30.801511588652101 ], [ 6.262161790007223, 30.839224338245661 ], [ 6.247076690169799, 30.895793462635996 ], [ 6.167879916023326, 30.907107287514066 ], [ 6.103768241714276, 30.907107287514066 ], [ 5.847938901287298, 31.152756014850528 ], [ 5.735330296617017, 31.504657904445157 ], [ 5.876091052454869, 32.081777003380346 ], [ 6.284297244384637, 32.672972177899318 ], [ 6.73473166306576, 33.207863050083155 ], [ 7.283698610833378, 33.616069242012919 ], [ 7.93173484221704, 33.848436811431057 ] ] ] ] } },
{ "type": "Feature", "properties": { "id": 50, "name": "The Bite", "type": "bay", "size": 2 }, "geometry": { "type": "MultiPolygon", "coordinates": [ [ [ [ 17.659714887954813, 16.552089937949884 ], [ 17.533795529467067, 16.557406067165132 ], [ 17.420657280686392, 16.512150767652862 ], [ 17.443284930442527, 16.402783793831539 ], [ 17.524219393365129, 16.351182825282425 ], [ 17.552252943969894, 16.262409915034016 ], [ 17.612992303613542, 16.168964746351474 ], [ 17.561597460838147, 16.098880869839572 ], [ 17.547189014943541, 16.083372760871534 ], [ 17.425710295656241, 16.111406311476294 ], [ 17.258492457434087, 16.153879646514049 ], [ 17.141582933694057, 16.338672119522489 ], [ 17.073699984425648, 16.349985944400558 ], [ 16.937934085888838, 16.346214669441203 ], [ 16.700343763449414, 16.300959369928929 ], [ 16.440125791253859, 16.176507296270184 ], [ 16.247790768326706, 16.101081797083069 ], [ 16.100711044911826, 16.089767972204999 ], [ 15.940538423525291, 16.057121872650317 ], [ 15.748975827726087, 16.05244961421619 ], [ 15.623566460298816, 16.207855017076394 ], [ 15.595532909694054, 16.31064470262719 ], [ 15.502087741011517, 16.352695028534331 ], [ 15.26380256087104, 16.348022770100204 ], [ 15.118517356074685, 16.406788287948501 ], [ 15.18736332260181, 16.578903204266311 ], [ 15.167693046451202, 16.652666739831083 ], [ 15.020165975321651, 16.770688396734727 ], [ 14.916897025530966, 16.834616794224196 ], [ 14.725111833062551, 16.903462760751321 ], [ 14.774287523439067, 17.026401986692612 ], [ 14.833304030374462, 17.125774359244826 ], [ 14.866009839413351, 17.237908561663875 ], [ 15.001505334003033, 17.27528662913689 ], [ 15.203870391038796, 17.258677444201933 ], [ 15.297315559721337, 17.310072286977327 ], [ 15.372071694667367, 17.328761320713841 ], [ 15.376743953101496, 17.450240040001137 ], [ 15.259923047686222, 17.507416548425461 ], [ 15.236450351552172, 17.597395216939319 ], [ 15.252098815641538, 17.68737388545318 ], [ 15.330341136088373, 17.703022349542547 ], [ 15.381198644378815, 17.753879857832988 ], [ 15.349901716200081, 17.796913134078746 ], [ 15.271659395753248, 17.800825250101088 ], [ 15.252098815641538, 17.847770642369188 ], [ 15.306868439954323, 17.918188730771341 ], [ 15.271659395753248, 17.972958355084124 ], [ 15.220801887462805, 18.019903747352224 ], [ 15.216889771440464, 18.078585487687349 ], [ 15.263835163708563, 18.125530879955448 ], [ 15.377286528356473, 18.12944299597779 ], [ 15.39293499244584, 18.188124736312915 ], [ 15.463353080847991, 18.23898224460336 ], [ 15.541595401294824, 18.282015520849118 ], [ 15.604189257652292, 18.274191288804435 ], [ 15.655046765942734, 18.258542824715068 ], [ 15.705904274233175, 18.21550954846931 ], [ 15.741113318434252, 18.235070128581018 ], [ 15.76067389854596, 18.278103404826776 ], [ 15.764586014568302, 18.321136681072534 ], [ 15.790251880399337, 18.346929969304924 ], [ 15.787080681696768, 18.386175609943965 ], [ 15.751871637495693, 18.411604364089186 ], [ 15.722530767328131, 18.440945234256748 ], [ 15.716662593294618, 18.49180274254719 ], [ 15.740135289428668, 18.532879960781777 ], [ 15.798817029763793, 18.57982535304988 ], [ 15.808597319819647, 18.620902571284468 ], [ 15.808597319819647, 18.67371613758608 ], [ 15.826201841920184, 18.716749413831838 ], [ 15.859454828110088, 18.755870574055255 ], [ 15.908356278389361, 18.759782690077596 ], [ 15.955301670657461, 18.757826632066426 ], [ 15.978774366791511, 18.800859908312184 ], [ 15.970950134746827, 18.87029996770875 ], [ 15.931828974523411, 18.89572872185397 ], [ 15.892707814299994, 18.932893824066216 ], [ 15.857498770098918, 18.970058926278462 ], [ 15.83989424799838, 19.003311912468366 ], [ 15.847718480043063, 19.050257304736469 ], [ 15.879015408221798, 19.089378464959886 ], [ 15.95334561264629, 19.089378464959886 ], [ 15.992466772869706, 19.097202697004569 ], [ 16.031587933093125, 19.089378464959886 ], [ 16.057016687238345, 19.110895103082765 ], [ 16.013983410992587, 19.153928379328523 ], [ 16.009848026803304, 19.197281004316025 ], [ 16.047236397182491, 19.216522235685989 ], [ 16.091625605278132, 19.21657039020381 ], [ 16.152863529785716, 19.228258583753014 ], [ 16.207633154098499, 19.243907047842381 ], [ 16.260446720400115, 19.239994931820039 ], [ 16.313260286701727, 19.224346467730673 ], [ 16.362161736980998, 19.236082815797698 ], [ 16.366073853003339, 19.302588788177506 ], [ 16.373898085048022, 19.367138702546146 ], [ 16.366073853003339, 19.416040152825417 ], [ 16.328908750791093, 19.459073429071175 ], [ 16.287831532556506, 19.488414299238737 ], [ 16.27218306846714, 19.515799111395129 ], [ 16.305436054657044, 19.543183923551521 ], [ 16.346513272891631, 19.558832387640887 ], [ 16.404216984221172, 19.631695548557001 ], [ 16.478547188645663, 19.631695548557001 ], [ 16.548965277047817, 19.623871316512318 ], [ 16.607647017382941, 19.631695548557001 ], [ 16.6037349013606, 19.694289404914468 ], [ 16.537228928980792, 19.725586333093204 ], [ 16.505932000802055, 19.799916537517696 ], [ 16.482459304668005, 19.889895206031554 ], [ 16.404216984221172, 19.932928482277312 ], [ 16.322062547751997, 19.932928482277312 ], [ 16.325974663774339, 19.999434454657123 ], [ 16.408129100243514, 20.06202831101459 ], [ 16.490283536712688, 20.093325239193323 ], [ 16.572868223993211, 20.146349818595073 ], [ 16.680330167978131, 20.267828537882377 ], [ 16.701537801919141, 20.335876432578509 ], [ 16.791516470432999, 20.343700664623192 ], [ 16.791516470432999, 20.421942985070025 ], [ 16.81890128258939, 20.500185305516858 ], [ 16.897143603036227, 20.582339741986033 ], [ 16.92844053121496, 20.656669946410528 ], [ 16.85802244281281, 20.738824382879702 ], [ 16.787604354410657, 20.836627283438244 ], [ 16.713274149986166, 20.87574844366166 ], [ 16.646768177606358, 20.899221139795713 ], [ 16.611559133405283, 20.946166532063813 ], [ 16.701537801919141, 20.969639228197863 ], [ 16.725010498053191, 21.063530012734063 ], [ 16.760219542254266, 21.114387521024504 ], [ 16.744571078164899, 21.157420797270262 ], [ 16.685889337829774, 21.243487349761782 ], [ 16.662416641695724, 21.337378134297982 ], [ 16.584174321248891, 21.360850830432032 ], [ 16.537228928980792, 21.325641786230957 ], [ 16.490283536712688, 21.368675062476715 ], [ 16.482992349153271, 21.424797207248794 ], [ 16.458986608533955, 21.48310445613021 ], [ 16.47072295660098, 21.537874080442993 ], [ 16.53331681295845, 21.537874080442993 ], [ 16.576350089204208, 21.557434660554701 ], [ 16.607647017382941, 21.635676981001538 ], [ 16.670240873740404, 21.619539502409378 ], [ 16.680021163796258, 21.566725936107765 ], [ 16.695669627885625, 21.535429007929029 ], [ 16.725010498053187, 21.496307847705612 ], [ 16.750439252198408, 21.431757933336975 ], [ 16.734790788109041, 21.382856483057704 ], [ 16.771955890321287, 21.3496034968678 ], [ 16.836505804689928, 21.328086858744921 ], [ 16.910836009114419, 21.310482336644384 ], [ 16.987122271550081, 21.302658104599701 ], [ 17.039935837851694, 21.283097524487992 ], [ 17.073188824041598, 21.23810819023106 ], [ 17.065364591996914, 21.183338565918277 ], [ 17.05558430194106, 21.134437115639006 ], [ 17.03015554779584, 21.107052303482615 ], [ 17.004726793650619, 21.087491723370906 ], [ 17.014507083706473, 21.054238737181002 ], [ 17.065364591996914, 21.026853925024611 ], [ 17.073188824041598, 20.989688822812365 ], [ 17.075144882052768, 20.934919198499578 ], [ 17.112309984265014, 20.897754096287333 ], [ 17.143606912443751, 20.8664571681086 ], [ 17.145562970454922, 20.837116297941037 ], [ 17.106441810231502, 20.817555717829329 ], [ 17.086881230119793, 20.794083021695279 ], [ 17.094705462164477, 20.753005803460692 ], [ 17.135782680399068, 20.728555078321055 ], [ 17.143606912443751, 20.673785454008272 ], [ 17.159255376533117, 20.636620351796026 ], [ 17.1934379643852, 20.610583829732878 ], [ 17.202288652778876, 20.57598255344973 ], [ 17.198376536756534, 20.52903716118163 ], [ 17.174903840622484, 20.484047826924698 ], [ 17.174903840622484, 20.433190318634256 ], [ 17.178815956644826, 20.397981274433182 ], [ 17.133826622387897, 20.376464636310303 ], [ 17.122090274320872, 20.34712376614274 ], [ 17.127958448354384, 20.311914721941665 ], [ 17.16512355056663, 20.284529909785274 ], [ 17.196420478745363, 20.255189039617711 ], [ 17.200332594767705, 20.202375473316096 ], [ 17.234921988938115, 20.153316740910977 ], [ 17.223805290901755, 20.108484688779896 ], [ 17.169035666588972, 20.085011992645846 ], [ 17.147519028466093, 20.063495354522967 ], [ 17.155343260510776, 20.030242368333063 ], [ 17.169035666588972, 19.993077266120817 ], [ 17.135782680399068, 19.955912163908572 ], [ 17.084070990563877, 19.942125343187044 ], [ 17.086881230119793, 19.88940619152876 ], [ 17.122090274320872, 19.86593349539471 ], [ 17.174903840622484, 19.862021379372369 ], [ 17.223805290901755, 19.877669843461735 ], [ 17.272706741181025, 19.914834945673981 ], [ 17.314118763084586, 19.964752992943183 ], [ 17.362685409694883, 19.97547274402028 ], [ 17.412171912027841, 19.987380642699318 ], [ 17.421367150030012, 20.014593904243696 ], [ 17.41745503400767, 20.067407470545309 ], [ 17.408400637068485, 20.115603991317418 ], [ 17.457427211540111, 20.149545465951618 ], [ 17.53285271072723, 20.191029490504533 ], [ 17.568071500867823, 20.208243647349608 ], [ 17.61582075983306, 20.206114590341958 ], [ 17.638489589269973, 20.167166429115021 ], [ 17.64221968454855, 20.119375266276773 ], [ 17.626753241202948, 20.057627180489455 ], [ 17.594670275954456, 20.011864477960465 ], [ 17.604506934954991, 19.957210443024469 ], [ 17.632621415236461, 19.937818627305241 ], [ 17.660006227392852, 19.926082279238216 ], [ 17.669786517448706, 19.883049002992458 ], [ 17.652181995348169, 19.838059668735525 ], [ 17.613060835124752, 19.820455146634988 ], [ 17.595456313024215, 19.761773406299863 ], [ 17.611104777113582, 19.73047647812113 ], [ 17.652181995348169, 19.710915898009421 ], [ 17.683478923526902, 19.671794737786005 ], [ 17.685434981538073, 19.61311299745088 ], [ 17.685434981538073, 19.56421154717161 ], [ 17.646313821314656, 19.52509038694819 ], [ 17.605236603080069, 19.499661632802969 ], [ 17.585325759086203, 19.455865724299361 ], [ 17.613060835124752, 19.442446935976221 ], [ 17.628709299214119, 19.417018181831001 ], [ 17.60719266109124, 19.387677311663438 ], [ 17.589588138990703, 19.354424325473534 ], [ 17.618929009158265, 19.340731919395338 ], [ 17.671742575459877, 19.342687977406509 ], [ 17.704995561649781, 19.34464403541768 ], [ 17.781281824085447, 19.336819803372997 ], [ 17.846972231397313, 19.339059263446181 ], [ 17.907711591040965, 19.28766442067079 ], [ 17.959283103101992, 19.278138063037872 ], [ 18.010140611392437, 19.293786527127239 ], [ 18.031657249515316, 19.346600093428851 ], [ 18.072734467749903, 19.397457601719292 ], [ 18.131416208085028, 19.428754529898026 ], [ 18.188047097088582, 19.483899274904118 ], [ 18.248779688755278, 19.528513488467741 ], [ 18.313329603123918, 19.546118010568279 ], [ 18.36418711141436, 19.546118010568279 ], [ 18.38765980754841, 19.577414938747012 ], [ 18.370055285447872, 19.622404273003941 ], [ 18.399396155615435, 19.659569375216186 ], [ 18.397440097604264, 19.696734477428432 ], [ 18.368099227436701, 19.712382941517799 ], [ 18.362231053403189, 19.73976775367419 ], [ 18.381791633514897, 19.759328333785898 ], [ 18.422868851749485, 19.769108623841756 ], [ 18.450253663905876, 19.794537377986977 ], [ 18.501111172196318, 19.812141900087514 ], [ 18.542188390430905, 19.816054016109856 ], [ 18.575844547121122, 19.796940589990626 ], [ 18.63658390676477, 19.824974140595391 ], [ 18.687978749540168, 19.7922683315565 ], [ 18.77207940135445, 19.787596073122373 ], [ 18.798431989894286, 19.755416217763557 ], [ 18.814080453983653, 19.722163231573653 ], [ 18.904059122497515, 19.704558709473115 ], [ 18.958828746810298, 19.683042071350236 ], [ 19.01164231311191, 19.671305723283211 ], [ 19.042939241290643, 19.618492156981599 ], [ 19.087928575547572, 19.577414938747012 ], [ 19.094465233309212, 19.525949600811263 ], [ 19.060543763391181, 19.512865024378375 ], [ 19.040983183279472, 19.485480212221983 ], [ 19.074236169469376, 19.43853481995388 ], [ 19.078148285491718, 19.387677311663438 ], [ 19.10748915565928, 19.356380383484705 ], [ 19.168126954005576, 19.360292499507047 ], [ 19.176892888321415, 19.402361614629086 ], [ 19.316682039774605, 19.526168852267602 ], [ 19.410127208457141, 19.638303054686652 ], [ 19.52226141087619, 19.703714672764431 ], [ 19.674457857121318, 19.727024361611125 ], [ 19.763230767369731, 19.698990811006361 ], [ 19.852003677618143, 19.675629518835727 ], [ 19.959465621603059, 19.708335327874618 ], [ 20.113650149929253, 19.713007586308745 ], [ 20.183734026441154, 19.703663069440488 ], [ 20.239801127650679, 19.787763721254777 ], [ 20.356607588503852, 19.932603732712714 ], [ 20.422019206581631, 20.035393418263507 ], [ 20.501447599961789, 20.105477294775408 ], [ 20.506119858395913, 20.222283755628581 ], [ 20.576203734907821, 20.353106991784138 ], [ 20.65563212828798, 20.465241194203184 ], [ 20.678993420458614, 20.563358621319853 ], [ 20.707026971063375, 20.69418185747541 ], [ 20.847194724087181, 20.83902186893334 ], [ 20.879900533126069, 20.941811554484133 ], [ 20.884572791560199, 21.20813028522937 ], [ 20.842522465653055, 21.348298038253176 ], [ 20.898589566862579, 21.465104499106353 ], [ 20.982690218676861, 21.600599993696036 ], [ 20.992034735545115, 21.782818072626988 ], [ 21.150891522305436, 21.979052926860323 ], [ 21.235228833903719, 22.277058924441885 ], [ 21.300640451981497, 22.389193126860931 ], [ 21.26793464294261, 22.477966037109343 ], [ 21.207195283298958, 22.60411701483077 ], [ 21.093643386414051, 22.772938609553329 ], [ 21.304834784137977, 22.712598210203637 ], [ 21.491928983460273, 22.591139094592339 ], [ 21.690934458493995, 22.514274730350877 ], [ 21.850077336931168, 22.486190692979612 ], [ 22.046665598530026, 22.504913384560457 ], [ 22.21516982275762, 22.458106655608347 ], [ 22.346228663823524, 22.523636076141297 ], [ 22.459194557800544, 22.557469318765797 ], [ 22.510052066090985, 22.498787578430672 ], [ 22.67387576648829, 22.448745309817923 ], [ 22.63915189482826, 22.385336213782765 ], [ 22.623503430738893, 22.318830241402956 ], [ 22.643064010850601, 22.256236385045487 ], [ 22.779988071632562, 22.213203108799728 ], [ 22.889527320258129, 22.209290992777387 ], [ 22.979505988771987, 22.232763688911437 ], [ 23.12034216557629, 22.213203108799728 ], [ 23.202496602045464, 22.150609252442262 ], [ 23.186848137956098, 22.095839628129479 ], [ 23.211298863095735, 22.070899888487048 ], [ 23.301277531609593, 22.057207482408852 ], [ 23.35800321393355, 22.021998438207778 ], [ 23.426465244324529, 22.055251424397682 ], [ 23.487103042670824, 22.063075656442365 ], [ 23.555565073061803, 22.057207482408852 ], [ 23.63380739350864, 22.045471134341827 ], [ 23.708137597933131, 22.061119598431194 ], [ 23.798116266446989, 22.080680178542906 ], [ 23.933961267246858, 22.065064763787969 ], [ 24.045557604860107, 22.053295366386511 ], [ 24.116179346177809, 22.018342179446698 ], [ 24.205954361776115, 21.971140929917336 ], [ 24.275036132938123, 21.957602819803046 ], [ 24.360482944658614, 21.95744852383914 ], [ 24.391842593791296, 21.999653145710191 ], [ 24.43389291969844, 22.083753797524476 ], [ 24.538484223675162, 22.09046046859876 ], [ 24.575649325887408, 22.115889222743981 ], [ 24.635530846226509, 21.230009355568036 ], [ 24.588771156476994, 19.99867085883081 ], [ 24.495251776977966, 19.001130810841158 ], [ 24.386145834229097, 18.346495154347945 ], [ 24.08167167764875, 17.817483312959915 ], [ 24.040187653095835, 17.843882237675409 ], [ 23.985504166185173, 17.834454050277017 ], [ 23.833455197882074, 17.79197916232128 ], [ 23.721320995463028, 17.742920448762941 ], [ 23.616862038908135, 17.691145601821493 ], [ 23.49240996524939, 17.713773251577628 ], [ 23.396242453785813, 17.674174864504391 ], [ 23.381157353948389, 17.636462114910834 ], [ 23.400013728745169, 17.587435540439206 ], [ 23.375500441509356, 17.570464803122103 ], [ 23.286875479964493, 17.549722790845646 ], [ 23.211449980777374, 17.589321177918883 ], [ 23.147338306468324, 17.545951515886291 ], [ 23.077569719720241, 17.491268028975632 ], [ 22.943689458663105, 17.47429729165853 ], [ 22.928604358825684, 17.440355817024326 ], [ 22.919176171427292, 17.353616492959141 ], [ 22.855299166903546, 17.33398202615999 ], [ 22.809809197605972, 17.291390456129768 ], [ 22.785295910370159, 17.198994219625547 ], [ 22.717412961101751, 17.195222944666192 ], [ 22.649530011833345, 17.208422407023939 ], [ 22.598617799882042, 17.261220256454919 ], [ 22.543934312971381, 17.248020794097176 ], [ 22.483593913621686, 17.208422407023939 ], [ 22.481708276142008, 17.146196370194566 ], [ 22.404397139475211, 17.117911807999398 ], [ 22.372341302320688, 17.040600671332601 ], [ 22.321429090369381, 16.991574096860973 ], [ 22.230918491344841, 16.990631278121139 ], [ 22.174349366954502, 16.992516915600817 ], [ 22.115894605084485, 17.001002284259364 ], [ 22.042354743377047, 16.999116646779687 ], [ 22.014070181181875, 16.974603359543874 ], [ 21.976357431588319, 16.961403897186127 ], [ 21.944301594433792, 17.065113958568414 ], [ 21.872647370206032, 17.061342683609059 ], [ 21.81796388329537, 17.034943758893569 ], [ 21.710482546953727, 17.034943758893569 ], [ 21.665227247441457, 17.014201746617111 ], [ 21.648256510124355, 16.951975709787739 ], [ 21.586030473294983, 16.925576785072245 ], [ 21.544546448742068, 16.921805510112893 ], [ 21.51184063970318, 16.956847448368844 ], [ 21.439420633974212, 17.015250678795429 ], [ 21.352983852942859, 16.998897774275985 ], [ 21.254866425826197, 16.961519706802971 ], [ 21.154412869492464, 16.93348615619821 ], [ 21.065639959244052, 16.896108088725196 ], [ 20.986397754757395, 16.84638001092577 ], [ 20.882687693375107, 16.840723098486738 ], [ 20.854403131179939, 16.86523638572255 ], [ 20.844974943781548, 16.904834772795788 ], [ 20.946497369173816, 16.963855836020034 ], [ 20.955841886042069, 17.040948100183126 ], [ 20.978855204838684, 17.100941070682296 ], [ 21.046950925507545, 17.108695847477971 ], [ 21.101421641017748, 17.131111270357142 ], [ 21.112735465895817, 17.168824019950701 ], [ 21.050509429066445, 17.204651132064583 ], [ 21.069365803863224, 17.236706969219107 ], [ 21.139134390611307, 17.221621869381686 ], [ 21.214559889798426, 17.238592606698784 ], [ 21.203246064920357, 17.306475555967193 ], [ 21.24552190895794, 17.31661134779662 ], [ 21.305070488822967, 17.329103205723328 ], [ 21.291871026465223, 17.380015417674631 ], [ 21.217488358353176, 17.389031353525585 ], [ 21.222102439717137, 17.453555279382073 ], [ 21.127820565733241, 17.444127091983681 ], [ 21.050509429066445, 17.366815955316888 ], [ 20.931714267846733, 17.314018105885904 ], [ 20.84308930630187, 17.278190993772021 ], [ 20.786520181911531, 17.280076631251699 ], [ 20.748807432317971, 17.240478244178462 ], [ 20.73372233248055, 17.183909119788126 ], [ 20.65075428337472, 17.148082007674244 ], [ 20.568044436009536, 17.141401656516859 ], [ 20.528187847195653, 17.166938382471024 ], [ 20.511217109878551, 17.197108582145869 ], [ 20.462190535406926, 17.193337307186514 ], [ 20.441448523130468, 17.168824019950701 ], [ 20.399964498577553, 17.131111270357142 ], [ 20.322653361910756, 17.191451669706836 ], [ 20.166145451097485, 17.225393144341041 ], [ 20.14351780134135, 17.180137844828771 ], [ 20.032439419076955, 17.152050855678119 ], [ 19.83344113521775, 17.101732670214741 ], [ 19.881414191666117, 17.051914496210667 ], [ 19.877642916706758, 16.991574096860973 ], [ 19.836158892153843, 16.946318797348702 ], [ 19.747533930608981, 16.910491685234824 ], [ 19.673066602471312, 16.929051537448515 ], [ 19.490848523540357, 16.933723795882642 ], [ 19.364697545818931, 16.933723795882642 ], [ 19.243218826531628, 16.802900559727085 ], [ 19.187151725322106, 16.756177975385818 ], [ 19.223326711258512, 16.693171965701943 ], [ 19.151672487030748, 16.651687941149028 ], [ 19.083789537762343, 16.666773040986453 ], [ 19.027220413372003, 16.723342165376792 ], [ 18.880140689957123, 16.776140014807773 ], [ 18.785858815973228, 16.836480414157467 ], [ 18.729289691582888, 16.806310214482622 ], [ 18.681273364127634, 16.731645295793275 ], [ 18.612380167842854, 16.749741090092282 ], [ 18.572010685375165, 16.782770666656756 ], [ 18.529412118737024, 16.817624039360688 ], [ 18.371018570444079, 16.806310214482622 ], [ 18.205082472232419, 16.806310214482622 ], [ 18.272208628701058, 16.706963502909034 ], [ 18.299364346216315, 16.666773040986453 ], [ 18.439590375861794, 16.61133796392788 ], [ 18.458279409598301, 16.517892795245345 ], [ 18.374789845403434, 16.466895468140589 ], [ 18.325763270931809, 16.414097618709608 ], [ 18.252700038496716, 16.368380525353274 ], [ 18.149910352945923, 16.429119884996929 ], [ 18.042917648980115, 16.455581643262523 ], [ 17.926008125240081, 16.481980567978013 ], [ 17.659714887954813, 16.552089937949884 ] ] ] ] } },
{ "type": "Feature", "properties": { "id": 59, "name": "Slaver's Bay", "type": "bay", "size": 3 }, "geometry": { "type": "MultiPolygon", "coordinates": [ [ [ [ 64.200555903053839, -6.102182224674457 ], [ 64.334728732235305, -6.085640369021949 ], [ 64.442907505360552, -6.077913313798716 ], [ 64.563642743223582, -6.073566845235601 ], [ 64.663582151194888, -6.16667736938628 ], [ 64.841816731259954, -6.197199728807325 ], [ 64.981295724715508, -6.157332852518026 ], [ 65.066867214636588, -6.186092086923973 ], [ 65.261975359023225, -6.170637976477508 ], [ 65.289985934207451, -6.204926784030558 ], [ 65.21754479148963, -6.278816749602765 ], [ 65.105502490752755, -6.290407332437614 ], [ 65.009329275320269, -6.297500605541837 ], [ 64.983801370986839, -6.346911423757502 ], [ 64.923916693006788, -6.38168317226205 ], [ 64.846646140774467, -6.375887880844624 ], [ 64.77517087995956, -6.346911423757502 ], [ 64.751989714289863, -6.375887880844624 ], [ 64.806079100852486, -6.435772558824678 ], [ 64.840850849357039, -6.505316055833772 ], [ 64.862100251220923, -6.611563065153221 ], [ 64.838919085551225, -6.72746889350171 ], [ 64.756819123804391, -6.769001815326548 ], [ 64.668923870640114, -6.80087591812242 ], [ 64.64960623258203, -6.883941761772172 ], [ 64.593585082213593, -6.951553494975457 ], [ 64.477679253865105, -7.050073449071673 ], [ 64.498928655728989, -7.098367544216877 ], [ 64.548188632777112, -7.132173410818487 ], [ 64.622561539300719, -7.157286340294027 ], [ 64.638015649747189, -7.211375726856655 ], [ 64.684377981086584, -7.263533349613476 ], [ 64.648640350679131, -7.340803901845771 ], [ 64.610005074562977, -7.441255619747796 ], [ 64.55688156990324, -7.50114029772788 ], [ 64.478645135768019, -7.518526171980124 ], [ 64.425521631108282, -7.526253227203386 ], [ 64.394613410215356, -7.47989089586399 ], [ 64.355012252196289, -7.534463223378071 ], [ 64.291264046604624, -7.561507916659385 ], [ 64.233311132430373, -7.580825554717467 ], [ 64.215925258178103, -7.642641996503328 ], [ 64.16569939922708, -7.66195963456141 ], [ 64.127064123110927, -7.667754925978834 ], [ 64.119337067887685, -7.737298422987928 ], [ 64.026612405208894, -7.750820769628586 ], [ 63.982181837675313, -7.739230186793736 ], [ 63.924228923501069, -7.694799619260149 ], [ 63.860480717909397, -7.698180205920284 ], [ 63.802527803735153, -7.725707840153079 ], [ 63.727189015308632, -7.719912548735655 ], [ 63.620942005989178, -7.698180205920284 ], [ 63.564920855620748, -7.785592518133132 ], [ 63.481855011971, -7.864794834171267 ], [ 63.397400115546446, -7.895412990013257 ], [ 63.311859797059874, -7.999535359626361 ], [ 63.192090441099772, -7.996637713917672 ], [ 63.155386928789419, -8.014023588169945 ], [ 63.132205763119721, -8.100952959431313 ], [ 63.11095636125583, -8.135724707935859 ], [ 63.080048140362898, -8.155042345993941 ], [ 63.056866974693193, -8.19271174020718 ], [ 63.109024597450023, -8.27287993814824 ], [ 63.189484615227798, -8.343949799689449 ], [ 63.209476315352049, -8.379126947467688 ], [ 63.226862189604319, -8.450602208282589 ], [ 63.211408079157849, -8.524975114806187 ], [ 63.280951576166949, -8.541395107155573 ], [ 63.355349789639305, -8.50280658644976 ], [ 63.44901502727226, -8.556849217602039 ], [ 63.551398508980085, -8.555883335699118 ], [ 63.580374966067211, -8.612870367970476 ], [ 63.566852619426555, -8.664062108824377 ], [ 63.435492680631597, -8.687243274494074 ], [ 63.443219735854832, -8.880419655074894 ], [ 63.319586852283102, -9.034960759539548 ], [ 63.383335057874781, -9.130100126975609 ], [ 63.420038570185135, -9.240210663906675 ], [ 63.39492564070963, -9.317481216139001 ], [ 63.400720932127051, -9.36915589794436 ], [ 63.439356208243218, -9.406342351206176 ], [ 63.562989091814934, -9.446426450176688 ], [ 63.611283186960144, -9.470090556797846 ], [ 63.653781990687925, -9.558951691865021 ], [ 63.704007849638934, -9.620768133650882 ], [ 63.792868984706111, -9.624631661262498 ], [ 63.899115994025557, -9.622699897456689 ], [ 63.980250073869506, -9.655056941203972 ], [ 64.00729476715081, -9.715424560135482 ], [ 63.995704184315969, -9.76323571432923 ], [ 63.938717152044624, -9.795592758076518 ], [ 63.863378363618111, -9.795592758076518 ], [ 63.820879559890329, -9.834228034192682 ], [ 63.772585464745127, -9.82456921516364 ], [ 63.753267826687043, -9.907635058813392 ], [ 63.763892527618985, -10.010501481472678 ], [ 63.778380756162548, -10.100811439394208 ], [ 63.766790173327699, -10.242796079121099 ], [ 63.689519621095371, -10.285294882848879 ], [ 63.708837259153455, -10.420518349255451 ], [ 63.786107811385783, -10.401200711197369 ], [ 63.817016032278715, -10.490061846264544 ], [ 63.801561921832246, -10.555741815662021 ], [ 63.820879559890329, -10.617558257447882 ], [ 63.747472535269623, -10.633012367894349 ], [ 63.681792565872144, -10.617558257447882 ], [ 63.66247492781406, -10.671647644010511 ], [ 63.604522013639816, -10.694828809680208 ], [ 63.604522013639816, -10.764372306689303 ], [ 63.616112596474665, -10.849369914144862 ], [ 63.554296154688807, -10.949821632046886 ], [ 63.51952440618426, -10.996183963386283 ], [ 63.431743852010428, -10.999376897959642 ], [ 63.380437412166067, -11.044478058531485 ], [ 63.361119774107991, -11.129475665987044 ], [ 63.407482105447386, -11.199019162996139 ], [ 63.442253853951932, -11.268562660005232 ], [ 63.356585310051102, -11.355731569237697 ], [ 63.345665663661521, -11.423103764469886 ], [ 63.249077473371116, -11.454011985362817 ], [ 63.148625755469091, -11.488783733867363 ], [ 63.139426444850912, -11.54833940223299 ], [ 63.164079865915554, -11.616280145050702 ], [ 63.218169252478184, -11.689687169671412 ], [ 63.264531583817579, -11.759230666680505 ], [ 63.314757442768588, -11.840364746524449 ], [ 63.314757442768588, -11.929225881591623 ], [ 63.260668056205965, -12.041268182328498 ], [ 63.16021633830394, -12.09149404127951 ], [ 63.102048377377912, -12.052943313118696 ], [ 63.024992871897368, -12.126265789784057 ], [ 62.92450255688108, -12.118354931196471 ], [ 62.820225908481703, -12.207399869627999 ], [ 62.731364773414526, -12.284670421860326 ], [ 62.578755432755685, -12.342623336034571 ], [ 62.414555509261987, -12.396712722597199 ], [ 62.321830846583197, -12.388985667373966 ], [ 62.244560294350869, -12.315578642753257 ], [ 62.120927410779146, -12.257625728579011 ], [ 62.02275667909457, -12.244505908917894 ], [ 61.896842809305397, -12.230581035297698 ], [ 61.800254619014993, -12.253762200967396 ], [ 61.707529956336202, -12.265352783802244 ], [ 61.591624127987714, -12.234444562909314 ], [ 61.537534741425084, -12.137856372618906 ], [ 61.406174802630126, -12.072176403221428 ], [ 61.406174802630126, -11.979451740542636 ], [ 61.336631305621033, -11.97558821293102 ], [ 61.242912280275235, -12.049704712965237 ], [ 61.128000814593754, -12.006496433823951 ], [ 60.969596182517485, -11.998769378600718 ], [ 60.838236243722527, -11.971724685319403 ], [ 60.699149249704341, -11.979451740542636 ], [ 60.587106948967467, -11.960134102484554 ], [ 60.571652838521004, -11.809456525631518 ], [ 60.548471672851306, -11.751503611457274 ], [ 60.451883482560895, -11.766957721903738 ], [ 60.359158819882104, -11.685823642059795 ], [ 60.30120590570786, -11.608553089827469 ], [ 60.200754187805835, -11.59696250699262 ], [ 60.162118911689674, -11.689687169671412 ], [ 60.077121304234112, -11.736049501010807 ], [ 60.011441334836633, -11.67036953161333 ], [ 59.922580199769456, -11.654915421166866 ], [ 59.827217974734751, -11.554445318947799 ], [ 59.721676763965412, -11.581508396546155 ], [ 59.594180352782075, -11.577644868934538 ], [ 59.505319217714899, -11.627870727885551 ], [ 59.38941338936641, -11.620143672662318 ], [ 59.299252771678404, -11.531084026777151 ], [ 59.169192315504276, -11.477193151032514 ], [ 59.018514738651241, -11.376741433130491 ], [ 58.646931713939999, -11.444431881407754 ], [ 58.218919504779969, -11.579593631668816 ], [ 57.763874945567721, -11.759809298683567 ], [ 57.453002919967275, -11.899476440619999 ], [ 57.205206377821987, -12.00760584082885 ], [ 56.966498635931522, -12.122643732648086 ], [ 56.862796610493966, -12.192326899518971 ], [ 56.601483893322573, -12.359026391507616 ], [ 56.335665784475815, -12.552758233548472 ], [ 56.038309933901481, -12.787038600667648 ], [ 55.743587308936107, -13.095670341945858 ], [ 55.705280842763031, -13.038210642686249 ], [ 55.590361444243811, -13.057363875772785 ], [ 55.504171895354396, -13.009480793056444 ], [ 55.48980697053949, -12.952021093796834 ], [ 55.365310955477007, -12.942444477253565 ], [ 55.197720165969812, -12.880196469722321 ], [ 55.108874098335697, -12.827390739550395 ], [ 54.973378603746021, -12.827390739550395 ], [ 54.884605693497605, -12.794684930511508 ], [ 54.848173662140518, -12.726970605030028 ], [ 54.852961970412153, -12.650357672683882 ], [ 54.838597045597247, -12.583321356881005 ], [ 54.771560729794366, -12.535438274164662 ], [ 54.733254263621298, -12.473190266633418 ], [ 54.666217947818417, -12.521073349349759 ], [ 54.541721932755927, -12.535438274164662 ], [ 54.436379150779977, -12.5545915072512 ], [ 54.331036368804028, -12.434883800460344 ], [ 54.225693586828072, -12.420518875645442 ], [ 54.196963737198267, -12.521073349349759 ], [ 54.158657271025199, -12.602474589967541 ], [ 54.000643098061268, -12.5545915072512 ], [ 53.991066481518004, -12.645569364412248 ], [ 53.947971707073293, -12.722182296758394 ], [ 53.847417233368979, -12.784430304289637 ], [ 53.746862759664658, -12.722182296758394 ], [ 53.65349074836778, -12.726372066496049 ], [ 53.61757843633054, -12.827525078734345 ], [ 53.500264883675484, -12.908327780818148 ], [ 53.320703323489219, -12.990327559969908 ], [ 53.277608549044515, -12.908926319352126 ], [ 53.344644864847389, -12.861043236635785 ], [ 53.416469488921905, -12.707817371943491 ], [ 53.430834413736804, -12.645569364412248 ], [ 53.483505804724778, -12.564168123794467 ], [ 53.344644864847389, -12.473190266633418 ], [ 53.244090391143075, -12.396577334287272 ], [ 53.27282024077288, -12.318767324873214 ], [ 53.33027994003249, -12.242154392527068 ], [ 53.430834413736804, -12.189483001539092 ], [ 53.464352571638244, -12.09371683610641 ], [ 53.41168118065027, -11.988374054130457 ], [ 53.478717496453143, -11.868666347339603 ], [ 53.512235654354583, -11.74895864054875 ], [ 53.584060278429099, -11.612491854807176 ], [ 53.555330428799294, -11.483207531473054 ], [ 53.430834413736804, -11.459265990114883 ], [ 53.331035102380675, -11.426607266444565 ], [ 53.342715748465999, -11.27943112576955 ], [ 53.368586406205559, -11.152814260730297 ], [ 53.268031932501245, -11.076201328384151 ], [ 53.234513774599804, -10.990011779494736 ], [ 53.268031932501245, -10.918187155420224 ], [ 53.373374714477194, -10.889457305790419 ], [ 53.359009789662295, -10.798479448629369 ], [ 53.46914087990988, -10.784114523814466 ], [ 53.520261568962816, -10.707079467589006 ], [ 53.435622722008439, -10.688348358381784 ], [ 53.426046105465169, -10.611735426035636 ], [ 53.526600579169489, -10.515969260602954 ], [ 53.66977383885488, -10.473466545882646 ], [ 53.636731669417074, -10.401049862083735 ], [ 53.555330428799294, -10.357955087639027 ], [ 53.569695353614193, -10.233459072576538 ], [ 53.512235654354583, -10.152057831958757 ], [ 53.574483661885829, -10.08502151615588 ], [ 53.593636894972363, -9.99404365899483 ], [ 53.622366744602168, -9.917430726648684 ], [ 53.761227684479564, -9.898277493562148 ], [ 53.840234770961523, -9.858773950321165 ], [ 53.80671661306009, -9.71512470217214 ], [ 53.849811387504793, -9.633723461554361 ], [ 53.845023079233158, -9.523592371306774 ], [ 53.955154169480743, -9.480497596862067 ], [ 54.026978793555259, -9.423037897602457 ], [ 54.137109883802843, -9.37994312315775 ], [ 54.304700673310037, -9.394308047972652 ], [ 54.438773304915799, -9.356001581799578 ], [ 54.553692703435019, -9.293753574268335 ], [ 54.659035485410968, -9.303330190811604 ], [ 54.750013342572018, -9.236293875008725 ], [ 54.864932741091238, -9.183622484020749 ], [ 54.946333981709017, -9.145316017847676 ], [ 55.070829996771501, -9.15010432611931 ], [ 55.113924771216212, -9.255447108095261 ], [ 55.195326011833991, -9.279388649453432 ], [ 55.286303868995041, -9.298541882539968 ], [ 55.329398643439745, -9.384731431429383 ], [ 55.343763568254651, -9.451767747232262 ], [ 55.444318041958965, -9.466132672047165 ], [ 55.525719282576752, -9.514015754763506 ], [ 55.611908831466167, -9.528380679578408 ], [ 55.631062064552701, -9.633723461554361 ], [ 55.626273756281066, -9.739066243530312 ], [ 55.717251613442116, -9.753431168345214 ], [ 55.655003605910871, -9.844409025506263 ], [ 55.573602365293091, -9.849197333777898 ], [ 55.525719282576752, -9.964116732297118 ], [ 55.516331770484769, -10.034639514583422 ], [ 55.41558819232916, -10.074247822544702 ], [ 55.329398643439745, -10.098189363902874 ], [ 55.390180792763346, -10.233210498033824 ], [ 55.450920152406987, -10.357025346538183 ], [ 55.509323382833578, -10.445798256786599 ], [ 55.628465972903818, -10.436453739918353 ], [ 55.749944692191121, -10.361697604972317 ], [ 55.846535936776235, -10.294510003039873 ], [ 55.93272548566565, -10.203532145878825 ], [ 56.100316275172851, -10.122130905261045 ], [ 56.071586425543046, -9.925810266124044 ], [ 56.09569181631651, -9.784673688357632 ], [ 56.215235673692071, -9.724701318715409 ], [ 56.248753831593504, -9.570278376955208 ], [ 56.363673230112724, -9.579854993498477 ], [ 56.521687403076655, -9.450570670164355 ], [ 56.55041725270646, -9.282979880657159 ], [ 56.655760034682409, -9.182425406952843 ], [ 56.837715749004509, -9.158483865594672 ], [ 56.914328681350653, -9.024411233988916 ], [ 57.086707779129483, -8.885550294111525 ], [ 57.239933643821779, -8.789784128678841 ], [ 57.278240109994854, -8.646134880529816 ], [ 57.43195772847681, -8.579231012352881 ], [ 57.575115222836168, -8.464179166207719 ], [ 57.757070937158268, -8.421084391763012 ], [ 57.962968192838538, -8.263070218799085 ], [ 57.929450034937098, -8.076326196205352 ], [ 58.00337285869896, -8.001467123432169 ], [ 58.15018690794038, -7.893288350306911 ], [ 58.312455067628271, -7.785109577181652 ], [ 58.312455067628271, -7.646022583163463 ], [ 58.250638625842406, -7.537843810038204 ], [ 58.327909178074734, -7.391029760796782 ], [ 58.482450282539389, -7.32921331901092 ], [ 58.64471844222728, -7.236488656332127 ], [ 58.822440712361633, -7.151491048876566 ], [ 59.054252369058617, -7.004676999635143 ], [ 59.224247583969735, -6.896498226509885 ], [ 59.448332185443483, -6.857862950393722 ], [ 59.595146234684911, -6.788319453384626 ], [ 59.695597952586937, -6.765138287714929 ], [ 59.680143842140467, -6.857862950393722 ], [ 59.595146234684911, -6.96604172351898 ], [ 59.556510958568744, -7.074220496644239 ], [ 59.602873289908139, -7.197853380215963 ], [ 59.641508566024307, -7.298305098117988 ], [ 59.633781510801072, -7.41421092646648 ], [ 59.80377672571219, -7.452846202582644 ], [ 59.896501388390988, -7.646022583163463 ], [ 59.977635468234993, -7.651334933629465 ], [ 60.006611925322112, -7.603040838484261 ], [ 60.029793090991809, -7.560542034756481 ], [ 60.066496603302106, -7.514662644368506 ], [ 60.184334195456465, -7.500657356776427 ], [ 60.265468275300407, -7.490998537747387 ], [ 60.329216480892022, -7.429665036912946 ], [ 60.338875299921121, -7.392478583651171 ], [ 60.418077615959255, -7.392478583651171 ], [ 60.448985836852181, -7.438840914990567 ], [ 60.514665806249603, -7.452846202582644 ], [ 60.557164609977441, -7.430630918815881 ], [ 60.562959901394862, -7.374609768447445 ], [ 60.584209303258753, -7.291543924797693 ], [ 60.56875519281229, -7.235522774429257 ], [ 60.580345775647139, -7.193023970701478 ], [ 60.64023045362719, -7.160183986002738 ], [ 60.69431984018982, -7.156320458391122 ], [ 60.692388076384013, -7.131207528915616 ], [ 60.719432769665325, -7.094504016605261 ], [ 60.790908030480232, -7.077118142352988 ], [ 60.854656236071897, -7.098367544216877 ], [ 60.870110346518366, -7.131207528915616 ], [ 60.872042110324173, -7.175638096449203 ], [ 60.937722079721645, -7.183365151672437 ], [ 61.014992631953973, -7.175638096449203 ], [ 61.005333812924931, -7.115753418469151 ], [ 61.055559671875898, -7.066493441421006 ], [ 61.123171405079233, -7.021096991984551 ], [ 61.156011389777923, -6.981495833965446 ], [ 61.132830224108275, -6.939962912140608 ], [ 61.159874917389587, -6.901327636024445 ], [ 61.210100776340553, -6.865590005616954 ], [ 61.254531343874184, -6.841442958044392 ], [ 61.327938368494898, -6.827920611403735 ], [ 61.391686574086563, -6.849170013267624 ], [ 61.465093598707234, -6.873317060840187 ], [ 61.503728874823437, -6.86462412371409 ], [ 61.526910040493135, -6.814398264763078 ], [ 61.567477080415109, -6.737127712530751 ], [ 61.646679396453244, -6.72746889350171 ], [ 61.735540531520421, -6.712014783055245 ], [ 61.810879319946935, -6.756445350588833 ], [ 61.905535746431511, -6.753547704880082 ], [ 61.971215715829018, -6.744371826802531 ], [ 62.01950981097422, -6.678691857405054 ], [ 62.067803906119423, -6.69414596785152 ], [ 62.172119151633062, -6.663237746958589 ], [ 62.273536751437994, -6.606733655638701 ], [ 62.278366160952515, -6.570513084279797 ], [ 62.254219113379911, -6.53332663101799 ], [ 62.31989908277739, -6.498554882513443 ], [ 62.385579052174869, -6.48116900826117 ], [ 62.401033162621331, -6.444465495950815 ], [ 62.370124941728399, -6.415489038863693 ], [ 62.302513208525113, -6.371058471330104 ], [ 62.288990861884457, -6.324696139990709 ], [ 62.312172027554155, -6.289924391486162 ], [ 62.310240263748348, -6.230039713506109 ], [ 62.276434397146687, -6.18174561836086 ], [ 62.225242656292785, -6.162427980302823 ], [ 62.147972104060464, -6.177882090749288 ], [ 62.137347403128494, -6.150837397467929 ], [ 62.223310892486978, -6.116065648963428 ], [ 62.26580969621476, -6.085157428070497 ], [ 62.281263806661222, -6.054249207177566 ], [ 62.290922625690264, -6.011750403449787 ], [ 62.323762610389004, -5.980842182556856 ], [ 62.37398846934002, -5.982773946362665 ], [ 62.399101398815525, -6.013682167255594 ], [ 62.399101398815525, -6.044590388148525 ], [ 62.370124941728399, -6.067771553818223 ], [ 62.401033162621331, -6.108338593740195 ], [ 62.430975501611343, -6.112202121351765 ], [ 62.495689589105929, -6.112202121351811 ], [ 62.565233086115022, -6.083225664264688 ], [ 62.600970716522461, -6.104475066128533 ], [ 62.58841425178472, -6.148905633662166 ], [ 62.45415666728104, -6.235835004923489 ], [ 62.477337832950738, -6.328559667602282 ], [ 62.655060103085091, -6.452192551174005 ], [ 62.817328262772975, -6.413557275057842 ], [ 62.855963538889142, -6.328559667602282 ], [ 62.956415256791168, -6.282197336262885 ], [ 63.124478707896486, -6.324696139990709 ], [ 63.176636330653309, -6.347877305660407 ], [ 63.246179827662402, -6.338218486631366 ], [ 63.296405686613404, -6.313105557155816 ], [ 63.321518616088923, -6.287992627680354 ], [ 63.317655088477302, -6.224244422088685 ], [ 63.375608002651546, -6.170155035526056 ], [ 63.543671453756858, -6.119929176574998 ], [ 63.713666668667976, -6.019477458672972 ], [ 63.777414874259648, -6.031068041507869 ], [ 63.852753662686162, -6.0967480109053 ], [ 63.856617190297783, -6.179813854555096 ], [ 63.821845441793236, -6.26674322581642 ], [ 63.834401906530985, -6.296202623855038 ], [ 63.905877167345892, -6.325179080942161 ], [ 63.968659491034657, -6.313105557155816 ], [ 64.00632888524791, -6.238249709680794 ], [ 64.124166477402213, -6.188023850729781 ], [ 64.149633723440914, -6.138643818781519 ], [ 64.200555903053839, -6.102182224674457 ] ] ] ] } },
{ "type": "Feature", "properties": { "id": 63, "name": "Bay of Pentos", "type": "bay", "size": 2 }, "geometry": { "type": "MultiPolygon", "coordinates": [ [ [ [ 29.960577567996502, 4.04909739790056 ], [ 30.179823286927238, 3.903835759786247 ], [ 30.187517925148121, 3.810500627551431 ], [ 30.187517925148121, 3.763778043210164 ], [ 30.159484374543361, 3.693694166698255 ], [ 30.164156632977488, 3.604921256449846 ], [ 30.196794024244337, 3.590819938159707 ], [ 30.220223734187009, 3.48344253716255 ], [ 30.242049323756611, 3.419226927509014 ], [ 30.217536036520794, 3.357000890679642 ], [ 30.251477511154999, 3.2664902916551 ], [ 30.313703547984371, 3.191064792467982 ], [ 30.443812534082149, 3.179750967589915 ], [ 30.570150245220571, 3.147695130435389 ], [ 30.653118294326401, 3.155237680354101 ], [ 30.779456005464827, 3.130724393118288 ], [ 30.841682042294199, 3.109982380841831 ], [ 30.855650881228275, 3.039577985920492 ], [ 30.882223248107273, 3.011457822528658 ], [ 30.968962572172458, 3.007686547569302 ], [ 31.011389415465214, 3.023243056776645 ], [ 31.040616796400222, 3.049170572122217 ], [ 31.066072902375872, 3.164665867752491 ], [ 31.224759297524304, 3.21712380641731 ], [ 31.29484317403621, 3.352619301006992 ], [ 31.270664568920932, 3.452696992773298 ], [ 31.292507044819143, 3.588568351930417 ], [ 31.318204466206844, 3.805828369117305 ], [ 31.29484317403621, 3.983374189614129 ], [ 31.215038263270433, 3.993874949440869 ], [ 31.135841489123958, 4.071186086107665 ], [ 31.116985114327179, 4.161696685132206 ], [ 31.105671289449109, 4.229579634400612 ], [ 31.036216903417849, 4.281959131180913 ], [ 30.793259464843249, 4.272614614312653 ], [ 30.751171443269655, 4.227222587551016 ], [ 30.632376282049943, 4.229579634400612 ], [ 30.648419453385312, 4.324009457088054 ], [ 30.45324072148054, 4.357802983018713 ], [ 30.385357772212135, 4.272949296433206 ], [ 30.245820598715966, 4.257864196595782 ], [ 30.123703306811606, 4.261956593671492 ], [ 30.06601249674285, 4.150553650090444 ], [ 29.960577567996502, 4.04909739790056 ] ] ] ] } },
{ "type": "Feature", "properties": { "id": 64, "name": "Lorath Bay", "type": "bay", "size": 2 }, "geometry": { "type": "MultiPolygon", "coordinates": [ [ [ [ 34.808386198464696, 13.994421178986487 ], [ 34.825079266065117, 13.963539003925701 ], [ 34.750712814457643, 13.812266769340866 ], [ 34.750712814457643, 13.71882160065833 ], [ 34.750712814457643, 13.616031915107534 ], [ 34.74604055602353, 13.606687398239281 ], [ 34.718007005418769, 13.503897712688492 ], [ 34.774074106628291, 13.396435768703569 ], [ 34.87686379217908, 13.345040925928174 ], [ 34.909569601217967, 13.228234465074998 ], [ 34.87686379217908, 13.116100262655955 ], [ 34.923586376520348, 12.999293801802779 ], [ 34.895552825915587, 12.882487340949609 ], [ 34.886208309047333, 12.779697655398813 ], [ 34.937603151822728, 12.718958295755158 ], [ 35.005350899117573, 12.676907969848024 ], [ 35.014023359365197, 12.622291398373619 ], [ 34.991334123815179, 12.579958607339883 ], [ 35.026376062071137, 12.499362149351185 ], [ 35.03572057893939, 12.377883430063889 ], [ 34.984325736163996, 12.223698901737698 ], [ 34.970308960861615, 12.032136305938494 ], [ 35.00768702833463, 11.863935002309923 ], [ 35.026376062071137, 11.733111766154366 ], [ 34.960964443993362, 11.61163304686707 ], [ 34.886208309047333, 11.462120776975006 ], [ 34.867519275310812, 11.368675608292463 ], [ 34.92825863495446, 11.279902698044054 ], [ 35.008302957342934, 11.260722878559479 ], [ 35.143798451932611, 11.218672552652338 ], [ 35.228216848615368, 11.162233597229497 ], [ 35.233224768895496, 11.092122713307715 ], [ 35.234059422275514, 11.067083111907079 ], [ 35.255932654351653, 11.050471249023767 ], [ 35.377619803639163, 11.073760338947249 ], [ 35.452738607841077, 11.098799940347885 ], [ 35.510329691062537, 11.135524689068818 ], [ 35.538118246372846, 11.177378708674215 ], [ 35.612992056805147, 11.245698935231619 ], [ 35.662236606226401, 11.272407843392298 ], [ 35.701647291567284, 11.312874203263899 ], [ 35.754883131408754, 11.35003060773427 ], [ 35.795092460249833, 11.382958079775801 ], [ 35.80425876030597, 11.429542410145036 ], [ 35.826245995400569, 11.438086539326511 ], [ 35.866309357641583, 11.433078619046384 ], [ 35.898860839462415, 11.420558818346066 ], [ 35.931576410112882, 11.417606380475638 ], [ 35.963963803104072, 11.431409312286341 ], [ 35.963129149724047, 11.46396079410717 ], [ 35.95311330916379, 11.491504355647869 ], [ 35.965633109864115, 11.524055837468696 ], [ 36.064956862086639, 11.604182561950733 ], [ 36.098342997287482, 11.647584537711836 ], [ 36.126531561379714, 11.664284326976532 ], [ 36.2406513985811, 11.612529095750945 ], [ 36.288226641242311, 11.598339988290585 ], [ 36.359819801770882, 11.603045011927849 ], [ 36.429903678282784, 11.626406304098483 ], [ 36.468697745235794, 11.676220356645929 ], [ 36.576122012260377, 11.696113739428259 ], [ 36.667299554353619, 11.805839243755663 ], [ 36.705553331252922, 11.839137488426706 ], [ 36.743947386733893, 11.851657289127024 ], [ 36.763979067854407, 11.875027583767618 ], [ 36.784010748974914, 11.902571145308318 ], [ 36.821570151075868, 11.935122627129145 ], [ 36.859129553176821, 11.948477081209484 ], [ 36.892515688377671, 11.97935925627027 ], [ 36.898394813334122, 12.014407863945541 ], [ 36.852452326136657, 12.022761232031373 ], [ 36.80905035037555, 12.011076084711076 ], [ 36.748120653634004, 11.977689949510227 ], [ 36.699710757592769, 11.981028563030312 ], [ 36.63843135036884, 11.974040547384234 ], [ 36.572843443829548, 11.965170148809909 ], [ 36.492716719347513, 11.971847375850079 ], [ 36.418835203964882, 11.997401839554868 ], [ 36.385881086704792, 12.015249351611182 ], [ 36.387550393464835, 12.036950339491733 ], [ 36.405078114445281, 12.056982020612242 ], [ 36.432851979267262, 12.076830232935023 ], [ 36.448480090206388, 12.128970874639073 ], [ 36.501897906527745, 12.133978794919202 ], [ 36.519425627508191, 12.094750086058205 ], [ 36.540291962008716, 12.083064938737909 ], [ 36.56032364312923, 12.092246125918139 ], [ 36.57033948368948, 12.106435233378503 ], [ 36.561992949889273, 12.122293647598903 ], [ 36.558654336369187, 12.149002555759584 ], [ 36.575347403969609, 12.18155403758041 ], [ 36.63843135036884, 12.202981210656453 ], [ 36.702214717732836, 12.198247105180835 ], [ 36.735600852933686, 12.265019375582533 ], [ 36.694498451578362, 12.30577089620725 ], [ 36.755632534054193, 12.371855008225248 ], [ 36.783271361826785, 12.464627682967567 ], [ 36.914094597982334, 12.553400593215976 ], [ 37.151040774669717, 12.60424666344163 ], [ 37.104274943275918, 12.739408635480467 ], [ 37.031680477975733, 12.791244461595532 ], [ 37.051573860758062, 12.898668728620116 ], [ 37.024846549895763, 12.944988006582053 ], [ 36.884469445386493, 13.061794467435222 ], [ 36.836725326708901, 13.228898882806796 ], [ 36.725322383127853, 13.260728295258524 ], [ 36.689514294119654, 13.38406726850897 ], [ 36.613919439546805, 13.455683446525358 ], [ 36.490580466296358, 13.579022419775805 ], [ 36.462729730401094, 13.638702568122795 ], [ 36.333625172678666, 13.764393092215569 ], [ 36.047354172174238, 13.882850057941535 ], [ 35.797278355641645, 13.928916655723857 ], [ 35.570235838000208, 13.932207126994022 ], [ 35.37280756179026, 13.971692782236012 ], [ 35.160707827297585, 13.965948714892093 ], [ 35.077155619611801, 13.969927391448559 ], [ 34.92596591046609, 14.009714157013221 ], [ 34.808386198464696, 13.994421178986487 ] ] ] ] } },
{ "type": "Feature", "properties": { "id": 67, "name": "Bay of Tusks", "type": "bay", "size": 2 }, "geometry": { "type": "MultiPolygon", "coordinates": [ [ [ [ 64.975680639261526, 12.015040688266181 ], [ 64.97401133250149, 11.994174353765651 ], [ 64.990704400101919, 11.984993166585417 ], [ 65.018247961642615, 11.963292178704865 ], [ 65.042452909663226, 11.953276338144612 ], [ 65.068327164443886, 11.930740696884039 ], [ 65.0883588455644, 11.899858521823253 ], [ 65.094201419224547, 11.842267438601789 ], [ 65.098374686124643, 11.782172395240261 ], [ 65.069996471203922, 11.747951606659392 ], [ 65.039948949523165, 11.730423885678947 ], [ 65.020751921782676, 11.708096907763364 ], [ 65.032437069102969, 11.663442951932241 ], [ 65.061649937403715, 11.625883549831286 ], [ 65.103382606404779, 11.602513255190692 ], [ 65.158469729486171, 11.598339988290586 ], [ 65.204375665387346, 11.605017215330756 ], [ 65.241100414108274, 11.606269195400776 ], [ 65.270730609099033, 11.574761030304987 ], [ 65.314132584860133, 11.550556082284373 ], [ 65.337502879500732, 11.512996680183418 ], [ 65.362542480901368, 11.477106584842506 ], [ 65.389251389062039, 11.479610544982568 ], [ 65.405944456662468, 11.497972919343036 ], [ 65.418464257362785, 11.515500640323481 ], [ 65.435157324963214, 11.538036281584054 ], [ 65.452685045943653, 11.548052122144309 ], [ 65.481063260864374, 11.524681827503715 ], [ 65.490244448044606, 11.482949158502654 ], [ 65.518622662965328, 11.427862035421255 ], [ 65.547000877886049, 11.366932338679705 ], [ 65.603339981037479, 11.271573190012269 ], [ 65.61001720807765, 11.238604381501441 ], [ 65.650080570318678, 11.188525178700168 ], [ 65.684301358899546, 11.177048694724876 ], [ 65.703498386640035, 11.155973696879339 ], [ 65.715183533960328, 11.133646718963773 ], [ 65.703498386640035, 11.111737067738215 ], [ 65.701829079879985, 11.065831131837049 ], [ 65.703498386640035, 11.015751929035776 ], [ 65.744396402261074, 10.953987578914205 ], [ 65.707671653540132, 10.91559352343323 ], [ 65.69139591262973, 10.884502685027437 ], [ 65.693899872769791, 10.842770016026376 ], [ 65.708923633610169, 10.806045267305443 ], [ 65.718939474170426, 10.779336359144763 ], [ 65.743979075571062, 10.771824478724572 ], [ 65.790549297251232, 10.770574105480353 ], [ 65.837460254133433, 10.760556658094286 ], [ 65.860830548774032, 10.728005176273458 ], [ 65.893382030594864, 10.705469535012886 ], [ 65.908405791435243, 10.673752706572079 ], [ 65.895885990734925, 10.640366571371231 ], [ 65.8716810427143, 10.605311129410339 ], [ 65.877523616374461, 10.581106181389725 ], [ 65.905067177915157, 10.560239846889194 ], [ 65.9184216319955, 10.537704205628621 ], [ 65.920090938755536, 10.513499257608006 ], [ 65.907571138055218, 10.477609162267093 ], [ 65.907571138055218, 10.436711146646054 ], [ 65.907153811365205, 10.404368328170225 ], [ 65.926768165795707, 10.38704927053479 ], [ 65.950973113816318, 10.38704927053479 ], [ 65.968500834796771, 10.378702736734578 ], [ 65.996044396337467, 10.379537390114599 ], [ 66.016910730837992, 10.351159175193878 ], [ 66.033603798438421, 10.312765119712902 ], [ 66.044454292378703, 10.269363143951798 ], [ 66.066989933639277, 10.240984929031077 ], [ 66.07450181405946, 10.192575032989847 ], [ 66.056139439698995, 10.161692857929062 ], [ 66.014406770697931, 10.131645336248297 ], [ 65.971004794936832, 10.097424547667428 ], [ 65.935114699595914, 10.078227519926939 ], [ 65.922594898895596, 10.0648730658466 ], [ 65.912579058335339, 10.039833464445964 ], [ 65.882531536654582, 10.015628516425348 ], [ 65.854153321733861, 10.012289902905264 ], [ 65.822436493293054, 10.0097859427652 ], [ 65.817845899702931, 9.980155747774445 ], [ 65.813672632802835, 9.937588425393363 ], [ 65.816176592942895, 9.900863676672429 ], [ 65.805326099002613, 9.86664288809156 ], [ 65.79531025844237, 9.827414179230562 ], [ 65.783625111122063, 9.787768143679552 ], [ 65.79364095168232, 9.776082996359253 ], [ 65.833704313923334, 9.762728542278914 ], [ 65.862917182224081, 9.736854287498257 ], [ 65.892964703904852, 9.697625578637259 ], [ 65.909657771505266, 9.650884989356072 ], [ 65.914665691785402, 9.627514694715478 ], [ 65.90798846474523, 9.603309746694862 ], [ 65.874602329544388, 9.574931531774141 ], [ 65.839546887583495, 9.549057276993484 ], [ 65.788633031402199, 9.548222623613462 ], [ 65.739388481980939, 9.537372129673185 ], [ 65.694317199459803, 9.513793171687588 ], [ 65.661348390948959, 9.472060502686526 ], [ 65.658844430808898, 9.435335753965594 ], [ 65.653836510528762, 9.401949618764744 ], [ 65.617111761807834, 9.374406057224045 ], [ 65.57704839956682, 9.368563483563896 ], [ 65.539488997465867, 9.372736750464002 ], [ 65.498590981844828, 9.366894176803854 ], [ 65.464370193263946, 9.374406057224045 ], [ 65.449346432423567, 9.389429818064427 ], [ 65.437661285103275, 9.406122885664852 ], [ 65.395928616102211, 9.406122885664852 ], [ 65.344180106540904, 9.400280312004702 ], [ 65.313297931480108, 9.392768431584511 ], [ 65.281998429729313, 9.378579324124152 ], [ 65.287006350009449, 9.353957049413523 ], [ 65.311211298030059, 9.33142140815295 ], [ 65.28784100338946, 9.312224380412463 ], [ 65.256958828328678, 9.313059033792483 ], [ 65.229415266787981, 9.298869926332122 ], [ 65.203958338697333, 9.277586265141583 ], [ 65.175997450466625, 9.233766962690467 ], [ 65.168485570046428, 9.192034293689407 ], [ 65.162225669696269, 9.157396178418528 ], [ 65.148453888925928, 9.134860537157955 ], [ 65.122579634145268, 9.162821425388664 ], [ 65.122579634145268, 9.209144687979842 ], [ 65.142611315265768, 9.28259418542171 ], [ 65.102547953024754, 9.309303093582388 ], [ 65.112563793585011, 9.386091204544341 ], [ 65.111729140204986, 9.463713968886315 ], [ 65.092532112464497, 9.512958518307565 ], [ 65.042452909663226, 9.52297435886782 ], [ 65.035775682623054, 9.599762469829772 ], [ 64.974845985881515, 9.635652565170686 ], [ 64.892215301259412, 9.669873353751553 ], [ 64.798734122697027, 9.686566421351978 ], [ 64.69774106371446, 9.694078301772171 ], [ 64.625126219652614, 9.693243648392148 ], [ 64.568369789811172, 9.673211967271639 ], [ 64.521629200529986, 9.629809991510536 ], [ 64.474888611248801, 9.62647137799045 ], [ 64.454856930128287, 9.676550580791723 ], [ 64.494920292369315, 9.716613943032742 ], [ 64.544999495170586, 9.75000007823359 ], [ 64.519542567079938, 9.806130518040028 ], [ 64.471549997728715, 9.823449575675458 ], [ 64.434825249007787, 9.860174324396391 ], [ 64.42480940844753, 9.916930754237834 ], [ 64.404777727327016, 9.977025797599362 ], [ 64.35803713804583, 10.050475295041227 ], [ 64.391423273246673, 10.083861430242077 ], [ 64.391423273246673, 10.143956473603604 ], [ 64.341344070445402, 10.194035676404878 ], [ 64.351359911005659, 10.250792106246321 ], [ 64.326320309605023, 10.31130447629786 ], [ 64.286256947364009, 10.307965862777776 ], [ 64.279579720323838, 10.33801338445854 ], [ 64.262886652723409, 10.388092587259813 ], [ 64.222823290482395, 10.451526244141425 ], [ 64.192775768801624, 10.504944060462782 ], [ 64.189437155281539, 10.566708410584353 ], [ 64.202374282671869, 10.607397762860396 ], [ 64.171909434301099, 10.648921768516443 ], [ 64.136853992340207, 10.648921768516443 ], [ 64.130176765300035, 10.673961369917079 ], [ 64.138523299100257, 10.717363345678182 ], [ 64.108893104109498, 10.745950223943918 ], [ 64.051719347578043, 10.727379186238437 ], [ 63.984947077176351, 10.730717799758521 ], [ 63.921513420294737, 10.74407225383886 ], [ 63.85641045665308, 10.762434628199328 ], [ 63.785464919351277, 10.792482149880092 ], [ 63.718692648949578, 10.785804922839922 ], [ 63.665274832628221, 10.769111855239498 ], [ 63.596833255466478, 10.73572572003865 ], [ 63.545084745905164, 10.69566235779763 ], [ 63.483320395783593, 10.69566235779763 ], [ 63.444926340302622, 10.704008891597843 ], [ 63.486659009303679, 10.772450468759581 ], [ 63.530060985064786, 10.817521751280728 ], [ 63.576801574345971, 10.849238579721534 ], [ 63.616864936586992, 10.864262340561917 ], [ 63.618534243347035, 10.897648475762765 ], [ 63.645243151507714, 10.927695997443529 ], [ 63.678629286708563, 10.939381144763825 ], [ 63.688645127268813, 10.984452427284971 ], [ 63.685306513748728, 11.021594502695914 ], [ 63.638565924467542, 11.058319251416847 ], [ 63.585148108146186, 11.053311331136721 ], [ 63.555100586465421, 11.07501231901727 ], [ 63.5267223715447, 11.101721227177951 ], [ 63.461619407903044, 11.103390533937993 ], [ 63.393177830741308, 11.101721227177951 ], [ 63.368138229340666, 11.125091521818545 ], [ 63.391508523981265, 11.160146963779436 ], [ 63.436579806502408, 11.19687171250037 ], [ 63.463288714663086, 11.243612301781557 ], [ 63.459532774452995, 11.286805614197666 ], [ 63.443257033542579, 11.305793978593139 ], [ 63.396516444261387, 11.335841500273901 ], [ 63.396516444261387, 11.380912782795047 ], [ 63.431571886222279, 11.425984065316193 ], [ 63.476643168743429, 11.459370200517041 ], [ 63.520045144504529, 11.514457323598442 ], [ 63.525053064784657, 11.579560287240097 ], [ 63.576801574345971, 11.604599888640733 ], [ 63.61644760989698, 11.670746169007426 ], [ 63.654424338687946, 11.705175620933289 ], [ 63.722865915849688, 11.723537995293757 ], [ 63.801323333571681, 11.750246903454435 ], [ 63.846394616092823, 11.796987492735623 ], [ 63.953230248735544, 11.807003333295878 ], [ 64.043372813777836, 11.820357787376217 ], [ 64.063404494898336, 11.860421149617236 ], [ 64.066743108418422, 11.918846886218722 ], [ 64.1051371638994, 11.948894407899484 ], [ 64.155216366700671, 11.95223302141957 ], [ 64.191941115421614, 11.978941929580248 ], [ 64.198618342461785, 12.020674598581309 ], [ 64.444121233704806, 12.07309085935036 ], [ 64.746844590560059, 12.099414629511687 ], [ 64.975680639261526, 12.015040688266181 ] ] ] ] } },
{ "type": "Feature", "properties": { "id": 71, "name": "Jade Gates", "type": "strait", "size": 2 }, "geometry": { "type": "MultiPolygon", "coordinates": [ [ [ [ 87.292642714268808, -16.675960586618135 ], [ 87.261760539208026, -16.66511009267786 ], [ 87.25508901354884, -16.64618733842568 ], [ 87.287703801397967, -16.580957762727447 ], [ 87.251012165067706, -16.536112429434912 ], [ 87.153167801520354, -16.532035580953771 ], [ 87.108322468227811, -16.487190247661236 ], [ 86.92894113505767, -16.470882853736676 ], [ 86.794405135180071, -16.499420793104655 ], [ 86.725098711000697, -16.568727217284028 ], [ 86.615023802009929, -16.642110489944539 ], [ 86.545717377830556, -16.682878974755937 ], [ 86.419335074915224, -16.658417883869099 ], [ 86.231800044782801, -16.682878974755937 ], [ 86.10541774186747, -16.74810855045417 ], [ 86.068726105537209, -16.8541066109638 ], [ 85.958651196546441, -16.882644550331776 ], [ 85.917882711735047, -16.927489883624315 ], [ 85.848576287555673, -16.903028792737476 ], [ 85.758885620970602, -16.923413035143174 ], [ 85.840422590593391, -16.976412065397987 ], [ 85.81596149970656, -17.05794903502078 ], [ 85.754808772489469, -17.127255459200153 ], [ 85.758885620970602, -17.184331337936108 ], [ 85.693446838148162, -17.23476102454234 ], [ 85.60804222716844, -17.261791459077763 ], [ 85.559902297344763, -17.338258043664972 ], [ 85.486590056212364, -17.363712671106256 ], [ 85.366262713179836, -17.351612497745311 ], [ 85.24941123997688, -17.291517454383783 ], [ 85.195993423655509, -17.244776865102594 ], [ 85.15926867493458, -17.178004594700898 ], [ 85.072464723412381, -17.181343208220984 ], [ 84.962290477249567, -17.174665981180812 ], [ 84.962290477249567, -17.114570937819284 ], [ 84.895518206847882, -17.097877870218863 ], [ 84.775328120124826, -17.071168962058181 ], [ 84.718571690283383, -17.017751145736824 ], [ 84.691862782122698, -16.964333329415467 ], [ 84.621751898200912, -16.964333329415467 ], [ 84.585027149479984, -17.014412532216738 ], [ 84.488207357397528, -17.027766986297078 ], [ 84.374694497714643, -17.011073918696656 ], [ 84.391387565315057, -16.947640261815042 ], [ 84.381371724754814, -16.877529377893261 ], [ 84.4047420193954, -16.810757107491565 ], [ 84.3613400436343, -16.76067790469029 ], [ 84.291229159712515, -16.733968996529612 ], [ 84.184393527069801, -16.66385811260783 ], [ 84.105936109347809, -16.646330391627384 ], [ 83.989084636144838, -16.71310266202908 ], [ 83.842185641261096, -16.719779889069251 ], [ 83.775413370859411, -16.71310266202908 ], [ 83.691948032857283, -16.759843251310269 ], [ 83.548387651493627, -16.866678883952986 ], [ 83.381456975489385, -16.903403632673918 ], [ 83.374779748449214, -16.980191743635871 ], [ 83.274621342846672, -17.046964014037567 ], [ 83.187817391324472, -17.107059057399095 ], [ 83.111029280362516, -17.160476873720452 ], [ 83.010870874759974, -17.200540235961469 ], [ 82.904035242117246, -17.273989733403337 ], [ 82.803876836514704, -17.3315808166248 ], [ 82.723750112032675, -17.405030314066668 ], [ 82.620253092910048, -17.458448130388028 ], [ 82.523433300827577, -17.464290704048175 ], [ 82.47001548450622, -17.538574854870063 ], [ 82.413259054664778, -17.59783524485157 ], [ 82.351912031233127, -17.620788212802115 ], [ 82.24298976514045, -17.685473849753798 ], [ 82.159524427138336, -17.762261960715751 ], [ 82.052688794495609, -17.802325322956769 ], [ 81.972562070013581, -17.824026310837326 ], [ 81.902451186091795, -17.847396605477918 ], [ 81.864057130610817, -17.874105513638597 ], [ 81.798954166969168, -17.935869863760168 ], [ 81.723835362767261, -17.95924015840076 ], [ 81.677094773486061, -17.95089362460055 ], [ 81.625346263924754, -17.944216397560382 ], [ 81.595298742243983, -17.972594612481103 ], [ 81.556904686763019, -18.017665895002246 ], [ 81.49263637650138, -18.024343122042417 ], [ 81.435879946659938, -18.010988667962078 ], [ 81.563393081878672, -18.405227662554257 ], [ 81.76192085571796, -18.782819702993681 ], [ 82.131727493261721, -19.262595156438611 ], [ 82.54435384673161, -19.830929567821659 ], [ 82.952114323391683, -20.302919618370961 ], [ 83.037753755243926, -20.299026916923133 ], [ 83.05332456103524, -20.213387485070893 ], [ 83.131178589991833, -20.166675067696943 ], [ 83.209032618948413, -20.170567769144771 ], [ 83.290779349352817, -20.100499143083848 ], [ 83.356955273965909, -20.034323218470753 ], [ 83.438702004370327, -19.929220279379368 ], [ 83.512663331879082, -19.792975728705347 ], [ 83.53212683911822, -19.699550893957451 ], [ 83.598302763731326, -19.594447954866062 ], [ 83.676156792687905, -19.602233357761722 ], [ 83.769581627435798, -19.590555253418234 ], [ 83.769581627435798, -19.532164731700799 ], [ 83.75790352309231, -19.468908333173513 ], [ 83.777367030331462, -19.39981288247461 ], [ 83.86689916363153, -19.360885867996316 ], [ 83.983680207066399, -19.360885867996316 ], [ 84.123817459188245, -19.333636957861515 ], [ 84.228920398279641, -19.255782928904932 ], [ 84.357379546057999, -19.25967563035276 ], [ 84.392413859088464, -19.310280749174538 ], [ 84.474160589492868, -19.290817241935393 ], [ 84.53255111121031, -19.22074861587447 ], [ 84.544229215553798, -19.150679989813543 ], [ 84.622083244510378, -19.084504065200449 ], [ 84.71940078070611, -19.076718662304792 ], [ 84.797254809662689, -18.99497193190038 ], [ 84.882894241514933, -18.897654395704652 ], [ 84.879001540067094, -18.873325011655723 ], [ 85.08920741824987, -18.811041788490456 ], [ 85.159276044310801, -18.713724252294728 ], [ 85.120349029832497, -18.643655626233805 ], [ 85.174846850102114, -18.550230791485905 ], [ 85.229344670371717, -18.550230791485905 ], [ 85.159276044310801, -18.503518374111955 ], [ 85.139812537071649, -18.456805956738005 ], [ 85.213773864580403, -18.425664345155372 ], [ 85.24491547616303, -18.340024913303132 ], [ 85.303305997880472, -18.285527093033526 ], [ 85.338340310910937, -18.214485291610639 ], [ 85.381160026837051, -18.144416665549716 ], [ 85.470692160137119, -18.093811546727938 ], [ 85.494048368824096, -18.031528323562672 ], [ 85.556331591989363, -18.000386711980042 ], [ 85.634185620945942, -18.04320642790616 ], [ 85.651702777461168, -18.092838371365982 ], [ 85.70230789628296, -18.008172114875688 ], [ 85.756805716552563, -17.945888891710425 ], [ 85.935869983152699, -17.899176474336475 ], [ 86.11104154830501, -17.929344910557159 ], [ 86.251178800426857, -17.937130313452819 ], [ 86.30567662069646, -17.929344910557159 ], [ 86.387423351100878, -17.867061687391892 ], [ 86.45359927571397, -17.874847090287552 ], [ 86.523667901774886, -17.847598180152747 ], [ 86.558702214805351, -17.921559507661502 ], [ 86.620985437970617, -17.929344910557159 ], [ 86.659912452448907, -17.964379223587621 ], [ 86.694946765479372, -18.022769745305059 ], [ 86.753337287196814, -18.030555148200715 ], [ 86.82340591325773, -17.968271925035449 ], [ 86.877903733527347, -17.968271925035449 ], [ 86.975221269723065, -17.941023014900647 ], [ 87.025826388544843, -18.026662446752887 ], [ 87.037504492888331, -18.123979982948615 ], [ 87.095895014605773, -18.15122889308342 ], [ 87.165963640666689, -18.131765385844272 ], [ 87.232139565279795, -18.197941310457367 ], [ 87.239924968175444, -18.260224533622633 ], [ 87.290530086997222, -18.27579533941395 ], [ 87.364491414505977, -18.27579533941395 ], [ 87.430667339119069, -18.28358074230961 ], [ 87.473487055045197, -18.326400458235728 ], [ 87.547448382553952, -18.353649368370533 ], [ 87.516306770971312, -18.392576382848823 ], [ 87.508521368075662, -18.427610695879284 ], [ 87.555233785449602, -18.454859606014089 ], [ 87.629195112958357, -18.478215814701063 ], [ 87.67590753033231, -18.548284440761989 ], [ 87.672014828884485, -18.618353066822912 ], [ 87.687585634675798, -18.665065484196862 ], [ 87.734298052049752, -18.653387379853374 ], [ 87.773225066528042, -18.583318753792451 ], [ 87.827722886797645, -18.521035530627184 ], [ 87.9016842143064, -18.521035530627184 ], [ 87.963967437471666, -18.443181501670601 ], [ 88.04960686932391, -18.419825292983628 ], [ 88.100211988145688, -18.427610695879284 ], [ 88.174173315654429, -18.36922017416185 ], [ 88.244241941715359, -18.377005577057506 ], [ 88.290954359089312, -18.40814718864014 ], [ 88.34934488080674, -18.400361785744483 ], [ 88.411628103972006, -18.36143477126619 ], [ 88.466125924241624, -18.36143477126619 ], [ 88.493374834376425, -18.431503397327116 ], [ 88.481696730032937, -18.505464724835868 ], [ 88.524516445959051, -18.524928232075013 ], [ 88.582906967676493, -18.524928232075013 ], [ 88.610155877811295, -18.567747948001134 ], [ 88.643243840117833, -18.623218943632693 ], [ 88.756132182104878, -18.611540839289209 ], [ 88.841771613957121, -18.650467853767498 ], [ 88.892376732778899, -18.69328756969362 ], [ 88.958552657391991, -18.69328756969362 ], [ 88.989694268974631, -18.739999987067566 ], [ 89.103555786323625, -18.520062355265214 ], [ 89.142482800801915, -18.329319984321586 ], [ 89.204766023967181, -18.025689271390917 ], [ 89.247585739893296, -17.784341781625514 ], [ 89.254078157318673, -17.61953623273212 ], [ 89.197321727477231, -17.649583754412884 ], [ 89.152250444956081, -17.64123722061267 ], [ 89.118864309755224, -17.604512471891738 ], [ 89.138895990875739, -17.566118416410763 ], [ 89.157258365236203, -17.517708520369531 ], [ 89.152250444956081, -17.424227341807157 ], [ 89.10217124215481, -17.349108537605247 ], [ 89.097163321874675, -17.248950132002701 ], [ 89.063777186673832, -17.193863008921301 ], [ 89.000343529792218, -17.150043706470189 ], [ 88.920216805310176, -17.118326878029382 ], [ 88.87347621602899, -17.058231834667854 ], [ 88.828404933507855, -16.979774416945858 ], [ 88.769979196906363, -16.969758576385605 ], [ 88.706545540024749, -16.96016006251536 ], [ 88.658970297363538, -16.957656102375292 ], [ 88.628922775682781, -16.932616500974657 ], [ 88.62057624188256, -16.885875911693468 ], [ 88.567158425561203, -16.80407988045139 ], [ 88.493708928119347, -16.759008597930244 ], [ 88.413582203637304, -16.730630383009522 ], [ 88.376857454916376, -16.692236327528548 ], [ 88.315093104794798, -16.690567020768505 ], [ 88.244982220873013, -16.668866032887951 ], [ 88.179044603851338, -16.665527419367873 ], [ 88.161516882870899, -16.641739798037264 ], [ 88.181548563991399, -16.618369503396668 ], [ 88.231627766792684, -16.605015049316329 ], [ 88.248320834393098, -16.559943766795183 ], [ 88.216604005952291, -16.509864563993911 ], [ 88.158178269350813, -16.466462588232808 ], [ 88.103091146269406, -16.463123974712722 ], [ 88.0279723420675, -16.468131894992851 ], [ 87.966207991945936, -16.429737839511873 ], [ 87.901105028304272, -16.429737839511873 ], [ 87.836002064662623, -16.463123974712722 ], [ 87.760048607080691, -16.478565062243121 ], [ 87.692441683298966, -16.494840803153529 ], [ 87.625669412897281, -16.501518030193697 ], [ 87.624000106137231, -16.531565551874461 ], [ 87.592283277696424, -16.571628914115482 ], [ 87.525511007294725, -16.564951687075311 ], [ 87.457069430132989, -16.5566051532751 ], [ 87.376942705650947, -16.616700196636625 ], [ 87.292642714268808, -16.675960586618135 ] ] ] ] } },
{ "type": "Feature", "properties": { "id": 72, "name": "Cinnamon Straits", "type": "strait", "size": 2 }, "geometry": { "type": "MultiPolygon", "coordinates": [ [ [ [ 85.846337849852631, -27.152127815826276 ], [ 85.912513774465722, -27.163805920169761 ], [ 86.052651026587569, -27.159913218721933 ], [ 86.095470742513683, -27.226089143335027 ], [ 86.134397756991987, -27.319513978082927 ], [ 86.185002875813765, -27.38179720124819 ], [ 86.282320412009483, -27.38179720124819 ], [ 86.379637948205215, -27.385689902696022 ], [ 86.445813872818306, -27.374011798352534 ], [ 86.539238707566213, -27.350655589665561 ], [ 86.570380319148839, -27.424616917174312 ], [ 86.504204394535748, -27.545290662057013 ], [ 86.449706574266145, -27.541397960609185 ], [ 86.379637948205215, -27.619251989565768 ], [ 86.348496336622588, -27.669857108387546 ], [ 86.367959843861726, -27.786638151822419 ], [ 86.329032829383436, -27.859626303969161 ], [ 86.26674960621817, -27.882982512656135 ], [ 86.270642307665995, -27.94039985901167 ], [ 86.290105814905147, -27.983219574937788 ], [ 86.364067142413901, -28.068859006790028 ], [ 86.387423351100878, -28.197318154568389 ], [ 86.391316052548703, -28.294635690764117 ], [ 86.391316052548703, -28.384167824064185 ], [ 86.348496336622588, -28.489270763155574 ], [ 86.309569322144284, -28.574910195007813 ], [ 86.344603635174749, -28.664442328307882 ], [ 86.387423351100878, -28.691691238442687 ], [ 86.434135768474803, -28.711154745681831 ], [ 86.469170081505268, -28.718940148577492 ], [ 86.480848185848757, -28.773437968847098 ], [ 86.508097095983558, -28.851291997803681 ], [ 86.539238707566199, -28.843506594908021 ], [ 86.570380319148825, -28.746189058712293 ], [ 86.613200035074954, -28.707262044234003 ], [ 86.656019751001068, -28.707262044234003 ], [ 86.702732168375022, -28.76175986450361 ], [ 86.749444585748961, -28.827935789116705 ], [ 86.823405913257716, -28.874648206490654 ], [ 86.889581837870807, -28.890219012281971 ], [ 86.9401869566926, -28.956394936895066 ], [ 86.912938046557784, -29.010892757164672 ], [ 86.912938046557784, -29.096532189016916 ], [ 86.893474539318646, -29.189957023764812 ], [ 86.909045345109959, -29.256132948377907 ], [ 86.959650463931737, -29.263918351273567 ], [ 86.983006672618714, -29.28727455996054 ], [ 87.01414828420134, -29.318416171543173 ], [ 87.010255582753516, -29.400162901947585 ], [ 87.064753403023118, -29.407948304843245 ], [ 87.150392834875362, -29.37291399181278 ], [ 87.228246863831941, -29.361235887469295 ], [ 87.30999359423636, -29.369021290364952 ], [ 87.356706011610314, -29.404055603395413 ], [ 87.38784762319294, -29.431304513530218 ], [ 87.422881936223405, -29.458553423665023 ], [ 87.481272457940833, -29.458553423665023 ], [ 87.539662979658274, -29.450768020769363 ], [ 87.566911889793076, -29.470231528008508 ], [ 87.586375397032228, -29.520836646830286 ], [ 87.629195112958342, -29.528622049725946 ], [ 87.687585634675784, -29.563656362756408 ], [ 87.699263739019273, -29.641510391712991 ], [ 87.656444023093144, -29.664866600399964 ], [ 87.640873217301831, -29.742720629356548 ], [ 87.664229425988808, -29.812789255417471 ], [ 87.708995492638834, -29.82933323657074 ], [ 87.779064118699765, -29.82933323657074 ], [ 87.853025446208505, -29.868260251049033 ], [ 87.891952460686809, -29.899401862631663 ], [ 87.907523266478123, -29.96168508579693 ], [ 87.977591892539039, -29.977255891588246 ], [ 88.047660518599969, -29.938328877109956 ], [ 88.15276345769135, -29.899401862631663 ], [ 88.238402889543593, -29.907187265527323 ], [ 88.308471515604523, -29.96947048869259 ], [ 88.417467156143729, -29.996719398827391 ], [ 88.506999289443797, -30.000612100275223 ], [ 88.600424124191704, -30.020075607514368 ], [ 88.697741660387436, -30.105715039366608 ], [ 88.748346779209214, -30.167998262531874 ], [ 88.845664315404932, -30.175783665427531 ], [ 88.939089150152839, -30.097929636470948 ], [ 88.985801567526778, -30.094036935023119 ], [ 89.071440999379021, -30.121285845157924 ], [ 89.110368013857311, -30.136856650949241 ], [ 89.203792848605218, -30.152427456740558 ], [ 89.289432280457461, -30.175783665427531 ], [ 89.336144697831401, -30.195247172666676 ], [ 89.363393607966202, -30.273101201623259 ], [ 89.363393607966202, -30.358740633475499 ], [ 89.402320622444492, -30.409345752297277 ], [ 89.480174651401086, -30.413238453745109 ], [ 89.499638158640224, -30.444380065327742 ], [ 89.526887068775025, -30.530019497179982 ], [ 89.56192138180549, -30.549483004419127 ], [ 89.337117873193378, -31.467187370744767 ], [ 88.885564505245199, -31.685178651823197 ], [ 88.293873885175188, -32.199015242936639 ], [ 87.546475207192003, -32.681710222467444 ], [ 87.001497004495917, -32.911379607889359 ], [ 86.931428378434987, -32.833525578932772 ], [ 86.915857572643674, -32.740100744184879 ], [ 86.775720320521827, -32.685602923915269 ], [ 86.729007903147874, -32.599963492063033 ], [ 86.557729039443402, -32.545465671793423 ], [ 86.448733398904182, -32.506538657315133 ], [ 86.518802024965098, -32.42089922546289 ], [ 86.425377190217205, -32.34304519650631 ], [ 86.324166952573648, -32.272976570445387 ], [ 86.160673491764825, -32.272976570445387 ], [ 86.01275083674733, -32.21069334728012 ], [ 85.615695289068768, -31.84088670973636 ], [ 85.491128842738235, -31.373762535996871 ], [ 85.413274813781641, -30.871604049226914 ], [ 85.467772634051244, -30.770393811583357 ], [ 85.506699648529548, -30.708110588418094 ], [ 85.592339080381777, -30.599114947878878 ], [ 85.71690552671231, -30.583544142087561 ], [ 85.74804713829495, -30.458977695757032 ], [ 85.78697415277324, -30.318840443635185 ], [ 85.67797851223402, -30.311055040739525 ], [ 85.623480691964417, -30.186488594408996 ], [ 85.514485051425197, -30.186488594408996 ], [ 85.374347799303351, -30.194273997304652 ], [ 85.343206187720725, -30.139776177035046 ], [ 85.195283532703215, -30.116419968348072 ], [ 85.148571115329261, -30.015209730704516 ], [ 85.148571115329261, -29.937355701747933 ], [ 84.992863057416116, -29.365128588917059 ], [ 84.93057983425085, -28.820150386220988 ], [ 85.133000309537962, -28.119464125611753 ], [ 85.444416425364295, -27.512202699750414 ], [ 85.846337849852631, -27.152127815826276 ] ] ] ] } },
{ "type": "Feature", "properties": { "id": 76, "name": "Parrot Bay", "type": "bay", "size": 2 }, "geometry": { "type": "MultiPolygon", "coordinates": [ [ [ [ 30.498524700407202, -37.496043811982567 ], [ 30.557158435665215, -37.448070755862375 ], [ 30.589140473078675, -37.389437020604362 ], [ 30.615792170923228, -37.293490908363978 ], [ 30.669095566612331, -37.213535814830323 ], [ 30.733059641439255, -37.133580721296667 ], [ 30.765041678852715, -36.989661552936091 ], [ 30.786363037128357, -36.888385101126794 ], [ 30.754380999714893, -36.856403063713337 ], [ 30.701077604025791, -36.819090686730966 ], [ 30.69041692488797, -36.755126611904039 ], [ 30.65843488747451, -36.712483895352761 ], [ 30.727729301870344, -36.680501857939298 ], [ 30.770372018421625, -36.611207443543464 ], [ 30.781032697559446, -36.531252350009808 ], [ 30.834336093248549, -36.477948954320709 ], [ 30.898300168075469, -36.483279293889616 ], [ 30.935612545057843, -36.435306237769424 ], [ 30.946273224195664, -36.360681483804683 ], [ 30.919621526351111, -36.318038767253398 ], [ 30.962264242902393, -36.232753334150836 ], [ 31.010237299022585, -36.163458919755001 ], [ 31.052880015573869, -36.083503826221346 ], [ 31.106183411262972, -36.019539751394426 ], [ 31.1221744299697, -35.950245336998591 ], [ 31.180808165227713, -35.891611601740578 ], [ 31.27142393789919, -35.891611601740578 ], [ 31.30340597531265, -35.848968885189301 ], [ 31.324727333588292, -35.779674470793466 ], [ 31.30340597531265, -35.705049716828718 ], [ 31.244772240054637, -35.66240700027744 ], [ 31.212790202641177, -35.598442925450513 ], [ 31.239441900485726, -35.529148511054679 ], [ 31.223450881778994, -35.427872059245388 ], [ 31.191468844365534, -35.369238323987375 ], [ 31.250102579623547, -35.305274249160455 ], [ 31.340718352295021, -35.283952890884812 ], [ 31.394021747984123, -35.219988816057885 ], [ 31.426003785397587, -35.117379779356362 ], [ 31.468646501948868, -35.048085364960535 ], [ 31.52194989763797, -35.000112308840336 ], [ 31.596574651602715, -34.957469592289058 ], [ 31.655208386860725, -34.978790950564701 ], [ 31.676529745136367, -35.048085364960535 ], [ 31.756484838670023, -35.053415704529442 ], [ 31.841770271772585, -35.0320943462538 ], [ 31.857761290479317, -34.96813027142688 ], [ 31.905734346599509, -34.904166196599952 ], [ 31.98035910056425, -34.866853819617582 ], [ 32.001680458839893, -34.813550423928483 ], [ 32.044323175391177, -34.760247028239377 ], [ 32.124278268924826, -34.744256009532648 ], [ 32.19357268332066, -34.744256009532648 ], [ 32.246876079009766, -34.706943632550278 ], [ 32.289518795561044, -34.674961595136814 ], [ 32.300179474698865, -34.610997520309894 ], [ 32.430772794137162, -34.528377256991782 ], [ 32.526718906377553, -34.437761484320305 ], [ 32.606673999911202, -34.363136730355563 ], [ 32.7079504517205, -34.341815372079921 ], [ 32.814557243098704, -34.320494013804286 ], [ 32.89451233663236, -34.373797409493385 ], [ 33.027770825855114, -34.384458088631206 ], [ 33.17168999421569, -34.379127749062292 ], [ 33.272966446024988, -34.368467069924478 ], [ 33.315609162576266, -34.320494013804286 ], [ 33.427546293523385, -34.30450299509755 ], [ 33.491510368350305, -34.30450299509755 ], [ 33.566135122315046, -34.363136730355563 ], [ 33.699393611537808, -34.384458088631206 ], [ 33.78467904464037, -34.347145711648835 ], [ 33.806000402916013, -34.251199599408451 ], [ 33.843312779898383, -34.181905185012617 ], [ 33.93392855256986, -34.171244505874796 ], [ 33.99789262739678, -34.128601789323511 ], [ 33.99789262739678, -34.016664658376399 ], [ 33.939258892138767, -33.99001296053185 ], [ 33.960580250414409, -33.947370243980565 ], [ 34.040535343948065, -33.947370243980565 ], [ 34.083178060499343, -34.021994997945306 ], [ 34.187119682093098, -34.059307374927677 ], [ 34.256414096488932, -34.059307374927677 ], [ 34.261744436057839, -34.139262468461332 ], [ 34.29905681304021, -34.229878241132809 ], [ 34.410993943987329, -34.229878241132809 ], [ 34.48561869795207, -34.235208580701716 ], [ 34.560243451916811, -34.192565864150438 ], [ 34.608216508037003, -34.197896203719345 ], [ 34.624207526743739, -34.261860278546273 ], [ 34.576234470623547, -34.320494013804286 ], [ 34.565573791485726, -34.384458088631206 ], [ 34.538922093641169, -34.469743521733768 ], [ 34.581564810192454, -34.539037936129603 ], [ 34.624207526743739, -34.603002010956523 ], [ 34.714823299415208, -34.629653708801079 ], [ 34.800108732517771, -34.650975067076715 ], [ 34.880063826051426, -34.661635746214536 ], [ 34.890724505189247, -34.746921179317106 ], [ 34.917376203033797, -34.805554914575119 ], [ 34.965349259153989, -34.837536951988575 ], [ 35.045304352687644, -34.864188649833125 ], [ 35.135920125359121, -34.864188649833125 ], [ 35.215875218892776, -34.864188649833125 ], [ 35.269178614581875, -34.906831366384409 ], [ 35.327812349839888, -34.949474082935694 ], [ 35.349133708115637, -35.014770742654839 ], [ 35.423758462080386, -35.057413459206124 ], [ 35.477061857769485, -34.982788705241383 ], [ 35.535695593027498, -34.982788705241383 ], [ 35.610320346992239, -35.036092100930482 ], [ 35.636972044836796, -35.11071685489523 ], [ 35.668954082250252, -35.158689911015422 ], [ 35.599659667854418, -35.206662967135614 ], [ 35.573007970009868, -35.254636023255806 ], [ 35.599659667854418, -35.32393043765164 ], [ 35.599659667854418, -35.371903493771832 ], [ 35.652963063543524, -35.398555191616381 ], [ 35.748909175783908, -35.398555191616381 ], [ 35.807542911041921, -35.446528247736573 ], [ 35.892828344144483, -35.446528247736573 ], [ 35.967453098109232, -35.467849606012216 ], [ 36.04740819164288, -35.467849606012216 ], [ 36.138023964314357, -35.457188926874394 ], [ 36.207318378710191, -35.45185858730548 ], [ 36.265952113968204, -35.45185858730548 ], [ 36.329916188795124, -35.494501303856765 ], [ 36.38321958448423, -35.53714402040805 ], [ 36.484496036293521, -35.585117076528242 ], [ 36.59643316724064, -35.590447416097149 ], [ 36.713700637756666, -35.579786736959328 ], [ 36.80964674999705, -35.590447416097149 ], [ 36.921583880944162, -35.606438434803877 ], [ 37.006869314046725, -35.611768774372791 ], [ 37.054842370166917, -35.659741830492983 ], [ 37.11347610542493, -35.697054207475354 ], [ 36.469757595074618, -36.182693649692673 ], [ 35.923983026845811, -36.640754448027565 ], [ 35.085829225637291, -37.157291092958395 ], [ 34.081993859073599, -37.761541507783143 ], [ 33.390029674354942, -38.092904638493486 ], [ 32.766287310664879, -38.414521794771176 ], [ 32.259496640166702, -38.570457385693693 ], [ 31.791689867399157, -38.638679206722294 ], [ 31.284899196900984, -38.42426776920383 ], [ 30.875568270729381, -38.287824127146635 ], [ 30.583189037749662, -38.014936843032231 ], [ 30.456491370125121, -37.712811635619857 ], [ 30.498524700407202, -37.496043811982567 ] ] ] ] } },
{ "type": "Feature", "properties": { "id": 77, "name": "Indigo Straits", "type": "strait", "size": 2 }, "geometry": { "type": "MultiPolygon", "coordinates": [ [ [ [ 29.206192711762878, -31.351670967530893 ], [ 29.299673890325252, -31.324962059370215 ], [ 29.393155068887626, -31.338316513450554 ], [ 29.446572885208983, -31.411766010892421 ], [ 29.439895658168815, -31.525278870575306 ], [ 29.479959020409833, -31.585373913936831 ], [ 29.56676297193204, -31.592051140977002 ], [ 29.660244150494414, -31.505247189454796 ], [ 29.706984739775599, -31.4384749190531 ], [ 29.780434237217467, -31.378379875691571 ], [ 29.860560961699502, -31.344993740490725 ], [ 29.893947096900352, -31.284898697129197 ], [ 29.95404214026188, -31.24483533488818 ], [ 30.007459956583237, -31.178063064486484 ], [ 30.0809094540251, -31.171385837446312 ], [ 30.134327270346461, -31.184740291526651 ], [ 30.234485675949003, -31.178063064486484 ], [ 30.294580719310531, -31.151354156325805 ], [ 30.347998535631888, -31.164708610406144 ], [ 30.334644081551549, -31.218126426727501 ], [ 30.327966854511377, -31.271544243048858 ], [ 30.401416351953245, -31.26486701600869 ], [ 30.474865849395112, -31.238158107848012 ], [ 30.494897530515619, -31.171385837446312 ], [ 30.548315346836979, -31.117968021124955 ], [ 30.588378709077997, -31.104613567044616 ], [ 30.6751826606002, -31.111290794084788 ], [ 30.761986612122406, -31.111290794084788 ], [ 30.875499471805291, -31.097936340004448 ], [ 30.955626196287326, -31.031164069602752 ], [ 30.922240061086477, -30.957714572160885 ], [ 30.975657877407837, -30.890942301759189 ], [ 31.069139055970211, -30.884265074719018 ], [ 31.122556872291568, -30.817492804317322 ], [ 31.142588553412075, -30.770752215036133 ], [ 31.216038050853943, -30.730688852795115 ], [ 31.276133094215471, -30.724011625754947 ], [ 31.269455867175299, -30.770752215036133 ], [ 31.269455867175299, -30.87758784767885 ], [ 31.342905364617167, -30.931005664000207 ], [ 31.476449905420559, -30.937682891040374 ], [ 31.603317219183783, -30.944360118080546 ], [ 31.710152851826496, -30.904296755839528 ], [ 31.803634030388874, -30.810815577277154 ], [ 31.823665711509381, -30.744043306875454 ], [ 31.930501344152095, -30.737366079835287 ], [ 32.090754793116169, -30.744043306875454 ], [ 32.210944879839225, -30.730688852795115 ], [ 32.311103285441767, -30.730688852795115 ], [ 32.411261691044309, -30.770752215036133 ], [ 32.524774550727194, -30.770752215036133 ], [ 32.564837912968216, -30.744043306875454 ], [ 32.664996318570758, -30.717334398714776 ], [ 32.79854085937415, -30.724011625754947 ], [ 32.865313129775849, -30.677271036473758 ], [ 32.885344810896356, -30.623853220152402 ], [ 32.965471535378391, -30.563758176790873 ], [ 33.058952713940769, -30.563758176790873 ], [ 33.18582002770399, -30.537049268630195 ], [ 33.285978433306539, -30.45692254414816 ], [ 33.366105157788574, -30.376795819666125 ], [ 33.439554655230438, -30.28331464110375 ], [ 33.492972471551795, -30.189833462541376 ], [ 33.559744741953494, -30.129738419179848 ], [ 33.593130877154337, -30.056288921737981 ], [ 33.633194239395358, -29.989516651336285 ], [ 33.646548693475701, -29.909389926854249 ], [ 33.699966509797058, -29.869326564613232 ], [ 33.753384326118415, -29.762490931970518 ], [ 33.979661127530697, -30.06465819959211 ], [ 34.291532309375725, -30.376529381437138 ], [ 34.564667411499002, -30.757397760955826 ], [ 34.606883923144892, -30.918404783947313 ], [ 34.49761196198223, -30.925734000854565 ], [ 34.43364788715531, -30.963046377836939 ], [ 34.383009661250661, -30.949720528914661 ], [ 34.295059058363641, -30.947055359130207 ], [ 34.231094983536721, -30.957716038268028 ], [ 34.212438795045529, -30.981702566328124 ], [ 34.156470229571973, -30.971041887190303 ], [ 34.153805059787523, -31.035005962017227 ], [ 34.156470229571973, -31.088309357706329 ], [ 34.169796078494251, -31.136282413826521 ], [ 34.153805059787523, -31.173594790808892 ], [ 34.09783649431396, -31.21890267714463 ], [ 34.063189287116046, -31.258880223911458 ], [ 34.017881400780311, -31.256215054127001 ], [ 33.980569023797933, -31.256215054127001 ], [ 33.959247665522298, -31.314848789385014 ], [ 33.977903854013483, -31.360156675720752 ], [ 33.977903854013483, -31.408129731840944 ], [ 33.972573514444569, -31.461433127530047 ], [ 33.94592181660002, -31.512071353434692 ], [ 33.94592181660002, -31.55204890020152 ], [ 33.924600458324377, -31.600021956321712 ], [ 33.8819577417731, -31.637334333304086 ], [ 33.809998157592808, -31.655990521795271 ], [ 33.762025101472616, -31.642664672872993 ], [ 33.740703743196974, -31.621343314597354 ], [ 33.724712724490246, -31.597356786537258 ], [ 33.703391366214603, -31.573370258477162 ], [ 33.674074498585597, -31.560044409554884 ], [ 33.618105933112041, -31.600021956321712 ], [ 33.559472197854014, -31.642664672872993 ], [ 33.479517104320358, -31.669316370717546 ], [ 33.415553029493438, -31.661320861364182 ], [ 33.367579973373246, -31.693302898777642 ], [ 33.303615898546319, -31.698633238346552 ], [ 33.268968691348405, -31.693302898777642 ], [ 33.282294540270684, -31.759932143389019 ], [ 33.260973181995041, -31.791914180802483 ], [ 33.244982163288313, -31.834556897353764 ], [ 33.205004616521485, -31.866538934767224 ], [ 33.146370881263472, -31.86387376498277 ], [ 33.085071976221002, -31.847882746276039 ], [ 33.050424769023088, -31.8265613880004 ], [ 32.991791033765075, -31.837222067138217 ], [ 32.935822468291512, -31.810570369293668 ], [ 32.869193223680135, -31.813235539078121 ], [ 32.810559488422122, -31.839887236922674 ], [ 32.773247111439751, -31.869204104551681 ], [ 32.685296508552732, -31.85854342541386 ], [ 32.602676245234626, -31.893190632611777 ], [ 32.514725642347607, -31.885195123258409 ], [ 32.466752586227415, -31.911846821102962 ], [ 32.36014579484921, -31.914511990887416 ], [ 32.280190701315554, -31.925172670025237 ], [ 32.237547984764269, -31.946494028300879 ], [ 32.176249079721806, -31.930503009594148 ], [ 32.136271532954979, -31.949159198085333 ], [ 32.066977118559144, -31.949159198085333 ], [ 32.029664741576774, -31.975810895929886 ], [ 31.99768270416331, -32.021118782265624 ], [ 32.003013043732217, -32.050435649894631 ], [ 31.967033251642071, -32.099074998460935 ], [ 31.967033251642071, -32.14171771501222 ], [ 31.977693930779893, -32.189690771132412 ], [ 31.95637257250425, -32.211012129408047 ], [ 31.900404007030694, -32.213677299192504 ], [ 31.860426460263866, -32.189690771132412 ], [ 31.828444422850406, -32.160373903503405 ], [ 31.844435441557138, -32.109735677598756 ], [ 31.871087139401688, -32.08041880996975 ], [ 31.860426460263866, -32.05643228190965 ], [ 31.807123064574764, -32.05643228190965 ], [ 31.759150008454572, -32.075088470400836 ], [ 31.695185933627648, -32.061762621478564 ], [ 31.655208386860824, -32.045771602771829 ], [ 31.620561179662907, -32.016454735142823 ], [ 31.612565670309539, -31.989803037298273 ], [ 31.561927444404894, -31.98713786751382 ], [ 31.527280237206977, -32.013789565358373 ], [ 31.471311671733417, -32.048436772556286 ], [ 31.436664464535504, -32.091079489107571 ], [ 31.378030729277491, -32.107070507814299 ], [ 31.275421692575961, -32.155709856380604 ], [ 31.211457617749037, -32.187691893794067 ], [ 31.1128463357242, -32.198352572931888 ], [ 31.035556411975001, -32.201017742716346 ], [ 30.950270978872435, -32.20901325206971 ], [ 30.862320375985416, -32.222339100991981 ], [ 30.803686640727406, -32.240995289483173 ], [ 30.754380999714893, -32.292299807833935 ], [ 30.69041692488797, -32.441549315763417 ], [ 30.562488775234126, -32.558816786279444 ], [ 30.370596550753355, -32.622780861106364 ], [ 30.189365005410409, -32.718726973346755 ], [ 30.146722288859124, -32.835994443862774 ], [ 29.976151422653999, -32.878637160414058 ], [ 29.848223273000151, -32.835994443862774 ], [ 29.688313085932844, -32.878637160414058 ], [ 29.645670369381563, -32.9532619143788 ], [ 29.475099503176434, -32.963922593516621 ], [ 29.243117553259292, -32.549881679919693 ], [ 29.174895732230695, -32.18928062591138 ], [ 29.155403783365379, -31.779949699739777 ], [ 29.206192711762878, -31.351670967530893 ] ] ] ] } },
{ "type": "Feature", "properties": { "id": 78, "name": "The Smiling Sea", "type": "sea", "size": 2 }, "geometry": { "type": "MultiPolygon", "coordinates": [ [ [ [ 27.817329487407587, -28.921160324909138 ], [ 27.944196801170811, -28.94786923306982 ], [ 27.97090570933149, -29.101445454993719 ], [ 28.057709660853696, -29.141508817234737 ], [ 28.084418569014375, -29.228312768756943 ], [ 28.204608655737427, -29.288407812118471 ], [ 28.318121515420312, -29.355180082520167 ], [ 28.444988829183536, -29.348502855479996 ], [ 28.491729418464722, -29.428629579962035 ], [ 28.5852105970271, -29.47537016924322 ], [ 28.578533369986928, -29.548819666685088 ], [ 28.665337321509135, -29.635623618207294 ], [ 28.77885018119202, -29.622269164126955 ], [ 28.832267997513377, -29.548819666685088 ], [ 28.899040267915073, -29.542142439644916 ], [ 29.079325397999654, -29.568851347805598 ], [ 29.172806576562028, -29.535465212604748 ], [ 29.252933301044063, -29.50875630444407 ], [ 29.366446160726948, -29.568851347805598 ], [ 29.506667928570511, -29.555496893725259 ], [ 29.56676297193204, -29.462015715162881 ], [ 29.586794653052547, -29.388566217721017 ], [ 29.640212469373903, -29.441984034042374 ], [ 29.720339193855938, -29.555496893725259 ], [ 29.800465918337977, -29.648978072287633 ], [ 29.900624323940519, -29.655655299327801 ], [ 30.007459956583237, -29.70239588860899 ], [ 30.060877772904593, -29.789199840131197 ], [ 30.087586681065272, -29.849294883492721 ], [ 30.187745086667817, -29.909389926854249 ], [ 30.321289627471209, -29.89603547277391 ], [ 30.434802487154094, -29.889358245733739 ], [ 30.528283665716469, -29.86264933757306 ], [ 30.628442071319014, -29.842617656452553 ], [ 30.635119298359182, -29.782522613091025 ], [ 30.628442071319014, -29.729104796769668 ], [ 30.688537114680539, -29.729104796769668 ], [ 30.768663839162578, -29.795877067171364 ], [ 30.828758882524102, -29.842617656452553 ], [ 30.989012331488176, -29.889358245733739 ], [ 31.102525191171058, -29.889358245733739 ], [ 31.175974688612925, -29.842617656452553 ], [ 31.28948754829581, -29.802554294211536 ], [ 31.416354862059034, -29.735782023809836 ], [ 31.549899402862426, -29.735782023809836 ], [ 31.683443943665818, -29.742459250850008 ], [ 31.750216214067514, -29.675686980448312 ], [ 31.810311257429042, -29.615591937086784 ], [ 31.903792435991416, -29.582205801885937 ], [ 31.943855798232434, -29.50875630444407 ], [ 31.983919160473455, -29.502079077403899 ], [ 32.09743202015634, -29.535465212604748 ], [ 32.217622106879389, -29.522110758524409 ], [ 32.29107160432126, -29.47537016924322 ], [ 32.344489420642617, -29.401920671801356 ], [ 32.344489420642617, -29.341825628439828 ], [ 32.397907236963974, -29.2817305850783 ], [ 32.498065642566516, -29.214958314676604 ], [ 32.531451777767366, -29.128154363154398 ], [ 32.57151514000838, -29.114799909074058 ], [ 32.618255729289572, -29.148186044274908 ], [ 32.738445816012621, -29.08809100091338 ], [ 32.771831951213471, -29.001287049391177 ], [ 32.811895313454492, -28.89445141674846 ], [ 32.811895313454492, -28.787615784105746 ], [ 32.778509178253643, -28.7542296489049 ], [ 32.725091361932286, -28.747552421864729 ], [ 32.738445816012621, -28.674102924422861 ], [ 32.751800270092964, -28.593976199940826 ], [ 32.738445816012621, -28.520526702498959 ], [ 32.685027999691265, -28.447077205057095 ], [ 32.60490127520923, -28.407013842816077 ], [ 32.578192367048551, -28.326887118334039 ], [ 32.578192367048551, -28.266792074972514 ], [ 32.624932956329744, -28.17331089641014 ], [ 32.618255729289572, -28.10653862600844 ], [ 32.624932956329744, -28.046443582646916 ], [ 32.691705226731436, -28.039766355606744 ], [ 32.785186405293814, -27.993025766325559 ], [ 32.851958675695506, -27.892867360723013 ], [ 32.838604221615171, -27.812740636240978 ], [ 32.831926994574999, -27.712582230638432 ], [ 32.831926994574999, -27.632455506156397 ], [ 32.785186405293814, -27.55900600871453 ], [ 32.718414134892114, -27.518942646473512 ], [ 32.371575346142258, -27.584307706480843 ], [ 32.079196113162538, -27.749989271836014 ], [ 31.855038701211427, -27.925416811623844 ], [ 31.615002366504083, -28.262201481382466 ], [ 31.484796439220773, -28.287241082783101 ], [ 31.262778640135139, -28.382808894795531 ], [ 31.229392504934289, -28.386147508315617 ], [ 31.159281621012507, -28.409517802956209 ], [ 31.11921825877149, -28.452919778717312 ], [ 31.092509350610811, -28.513014822078837 ], [ 31.052445988369794, -28.573109865440365 ], [ 30.985673717968098, -28.563094024880112 ], [ 30.918901447566402, -28.549739570799773 ], [ 30.872160858285213, -28.56977125192028 ], [ 30.765325225642499, -28.576448478960451 ], [ 30.695214341720717, -28.573109865440365 ], [ 30.628442071319022, -28.563094024880112 ], [ 30.581701482037836, -28.579787092480533 ], [ 30.565008414437411, -28.609834614161297 ], [ 30.508251984595969, -28.606496000641215 ], [ 30.454834168274612, -28.586464319520704 ], [ 30.388061897872916, -28.583125706000619 ], [ 30.337982695071641, -28.616511841201469 ], [ 30.261194584109692, -28.616511841201469 ], [ 30.211115381308421, -28.56977125192028 ], [ 30.211115381308421, -28.533046503199348 ], [ 30.197760927228082, -28.469612846317737 ], [ 30.161036178507146, -28.426210870556634 ], [ 30.107618362185789, -28.399501962395956 ], [ 30.044184705304179, -28.399501962395956 ], [ 29.950703526741805, -28.449581165197227 ], [ 29.867238188739684, -28.399501962395956 ], [ 29.877254029299937, -28.36277721367502 ], [ 29.847206507619173, -28.306020783833581 ], [ 29.803804531858074, -28.255941581032307 ], [ 29.750386715536713, -28.215878218791289 ], [ 29.690291672175189, -28.199185151190864 ], [ 29.623519401773493, -28.195846537670782 ], [ 29.56676297193205, -28.215878218791289 ], [ 29.50332931505044, -28.205862378231036 ], [ 29.473281793369676, -28.159121788949847 ], [ 28.999468192442865, -28.21779604460356 ], [ 28.59013726627126, -28.354239686660762 ], [ 28.239282186695601, -28.490683328717964 ], [ 28.005378800311828, -28.60763502190985 ], [ 27.817329487407587, -28.921160324909138 ] ] ] ] } },
{ "type": "Feature", "properties": { "id": 82, "name": "Jade Sea", "type": "sea", "size": 5 }, "geometry": { "type": "MultiPolygon", "coordinates": [ [ [ [ 89.571246441726728, -17.345769924085161 ], [ 89.487781103724615, -17.362462991685586 ], [ 89.39429992516223, -17.404195660686646 ], [ 89.330866268280616, -17.454274863487917 ], [ 89.280787065479345, -17.541078815010124 ], [ 89.254078157318673, -17.61953623273212 ], [ 89.247585739893296, -17.784341781625514 ], [ 89.204766023967181, -18.025689271390917 ], [ 89.142482800801915, -18.329319984321586 ], [ 89.103555786323625, -18.520062355265214 ], [ 88.989694268974631, -18.739999987067566 ], [ 88.942981851600678, -18.790605105889345 ], [ 88.896269434226724, -18.845102926158955 ], [ 88.919625642913701, -18.895708044980733 ], [ 88.993586970422456, -18.907386149324221 ], [ 89.063655596483386, -18.91127885077205 ], [ 89.102582610961676, -18.985240178280801 ], [ 89.153187729783454, -19.008596386967778 ], [ 89.199900147157393, -19.039737998550411 ], [ 89.273861474666148, -19.109806624611334 ], [ 89.227149057292209, -19.168197146328769 ], [ 89.176543938470431, -19.265514682524497 ], [ 89.199900147157393, -19.316119801346275 ], [ 89.110368013857325, -19.351154114376737 ], [ 89.110368013857325, -19.413437337542003 ], [ 89.153187729783454, -19.47572056070727 ], [ 89.196007445709569, -19.534111082424708 ], [ 89.246612564531347, -19.576930798350826 ], [ 89.2933249819053, -19.623643215724776 ], [ 89.2933249819053, -19.682033737442215 ], [ 89.33225199638359, -19.693711841785699 ], [ 89.417891428235833, -19.709282647577016 ], [ 89.476281949953261, -19.763780467846626 ], [ 89.476281949953261, -19.806600183772744 ], [ 89.522994367327215, -19.849419899698866 ], [ 89.515208964431551, -19.915595824311961 ], [ 89.460711144161948, -19.970093644581567 ], [ 89.468496547057612, -20.036269569194662 ], [ 89.386749816653193, -20.063518479329467 ], [ 89.347822802174903, -20.090767389464268 ], [ 89.328359294935765, -20.156943314077363 ], [ 89.382857115205368, -20.223119238690458 ], [ 89.484067352848925, -20.318490424162274 ], [ 89.589170291940306, -20.38077364732754 ], [ 89.655346216553411, -20.454734974836295 ], [ 89.651453515105572, -20.548159809584192 ], [ 89.608633799179458, -20.590979525510313 ], [ 89.608633799179458, -20.661048151571237 ], [ 89.573599486148993, -20.711653270393015 ], [ 89.538565173118528, -20.762258389214793 ], [ 89.542457874566367, -20.832327015275716 ], [ 89.476281949953261, -20.863468626858349 ], [ 89.487960054296749, -20.921859148575788 ], [ 89.577492187596818, -20.953000760158421 ], [ 89.643668112209923, -20.953000760158421 ], [ 89.624204604970771, -21.054210997801977 ], [ 89.593062993388145, -21.1242796238629 ], [ 89.600848396283794, -21.194348249923824 ], [ 89.631990007866435, -21.299451189015212 ], [ 89.581384889044656, -21.34227090494133 ], [ 89.515208964431551, -21.35005630783699 ], [ 89.472389248505436, -21.392876023763108 ], [ 89.425676831131483, -21.404554128106597 ], [ 89.375071712309705, -21.455159246928375 ], [ 89.378964413757544, -21.533013275884958 ], [ 89.406213323892345, -21.579725693258908 ], [ 89.44903303981846, -21.614760006289369 ], [ 89.472389248505436, -21.700399438141609 ], [ 89.44124763692281, -21.815234130852566 ], [ 89.44124763692281, -21.920337069943955 ], [ 89.468496547057612, -21.990405696004878 ], [ 89.484067352848925, -22.056581620617973 ], [ 89.44903303981846, -22.111079440887579 ], [ 89.382857115205368, -22.177255365500674 ], [ 89.328359294935765, -22.177255365500674 ], [ 89.273861474666148, -22.173362664052846 ], [ 89.273861474666148, -22.212289678531135 ], [ 89.2933249819053, -22.294036408935547 ], [ 89.402320622444506, -22.317392617622524 ], [ 89.44124763692281, -22.406924750922592 ], [ 89.503530860088077, -22.492564182774831 ], [ 89.499638158640238, -22.621023330553193 ], [ 89.468496547057612, -22.702770060957604 ], [ 89.530779770222878, -22.757267881227211 ], [ 89.542457874566367, -22.831229208735966 ], [ 89.456818442714123, -22.839014611631622 ], [ 89.378964413757544, -22.815658402944649 ], [ 89.340037399279254, -22.846800014527282 ], [ 89.343930100727079, -22.928546744931694 ], [ 89.390642518101032, -22.975259162305644 ], [ 89.421784129683658, -23.033649684023079 ], [ 89.421784129683658, -23.132913570942719 ], [ 89.417891428235833, -23.222445704242791 ], [ 89.398427920996681, -23.276943524512397 ], [ 89.328359294935765, -23.34701215057332 ], [ 89.336144697831415, -23.436544283873392 ], [ 89.305003086248789, -23.498827507038659 ], [ 89.246612564531347, -23.506612909934315 ], [ 89.176543938470431, -23.502720208486487 ], [ 89.090904506618187, -23.506612909934315 ], [ 89.032513984900746, -23.494934805590827 ], [ 88.974123463183304, -23.529969118621288 ], [ 89.03640668634857, -23.557218028756093 ], [ 89.110368013857325, -23.596145043234383 ], [ 89.137616923992127, -23.650642863503993 ], [ 89.160973132679104, -23.7051406837736 ], [ 89.22325635584437, -23.732389593908405 ], [ 89.33225199638359, -23.728496892460573 ], [ 89.402320622444506, -23.779102011282355 ], [ 89.421784129683658, -23.856956040238934 ], [ 89.487960054296749, -23.899775756165056 ], [ 89.554135978909855, -23.923131964852029 ], [ 89.59695569483597, -23.985415188017296 ], [ 89.643668112209923, -24.074947321317364 ], [ 89.643668112209923, -24.164479454617435 ], [ 89.686487828136038, -24.246226185021847 ], [ 89.686487828136038, -24.308509408187113 ], [ 89.635882709314259, -24.359114527008892 ], [ 89.612526500627283, -24.452539361756788 ], [ 89.585277590492481, -24.487573674787253 ], [ 89.526887068775039, -24.503144480578566 ], [ 89.51910166587939, -24.569320405191661 ], [ 89.589170291940306, -24.584891210982978 ], [ 89.705951335375175, -24.586837561706893 ], [ 89.807161573018732, -24.590730263154722 ], [ 89.803268871570893, -24.524554338541627 ], [ 89.873337497631823, -24.50119812985465 ], [ 89.943406123692739, -24.540125144332944 ], [ 89.970655033827555, -24.606301068946038 ], [ 90.009582048305845, -24.684155097902622 ], [ 90.025152854097158, -24.762009126859201 ], [ 90.060187167127623, -24.808721544233151 ], [ 90.130255793188539, -24.832077752920128 ], [ 90.200324419249469, -24.902146378981051 ], [ 90.145826598979866, -24.956644199250658 ], [ 90.0835433758146, -24.991678512281119 ], [ 90.0835433758146, -25.050069033998557 ], [ 90.099114181605913, -25.104566854268164 ], [ 90.060187167127623, -25.151279271642114 ], [ 90.048509062784134, -25.233026002046525 ], [ 90.064079868575448, -25.29141652376396 ], [ 90.103006883053737, -25.33812894113791 ], [ 90.149719300427691, -25.427661074437982 ], [ 90.169182807666829, -25.501622401946733 ], [ 90.15750470332334, -25.598939938142461 ], [ 90.122470390292889, -25.707935578681678 ], [ 90.071865271471111, -25.754647996055628 ], [ 90.025152854097158, -25.778004204742601 ], [ 90.017367451201494, -25.820823920668722 ], [ 90.075757972918936, -25.859750935147012 ], [ 90.188646314905981, -25.867536338042669 ], [ 90.231466030832095, -25.922034158312279 ], [ 90.328783567027827, -25.937604964103596 ], [ 90.348247074266979, -25.988210082925374 ], [ 90.41442299888007, -26.027137097403664 ], [ 90.511740535075802, -26.054386007538469 ], [ 90.57013105679323, -26.054386007538469 ], [ 90.647985085749809, -26.069956813329785 ], [ 90.683019398780274, -26.124454633599392 ], [ 90.651877787197648, -26.214959942261419 ], [ 90.67912669733245, -26.362882597278922 ], [ 90.71805371181074, -26.440736626235505 ], [ 90.694697503123763, -26.569195774013867 ], [ 90.632414279958496, -26.576981176909523 ], [ 90.515633236523627, -26.588659281253012 ], [ 90.410530297432246, -26.596444684148672 ], [ 90.352139775714804, -26.627586295731305 ], [ 90.317105462684339, -26.670406011657423 ], [ 90.301534656893025, -26.717118429031373 ], [ 90.274285746758224, -26.806650562331441 ], [ 90.278178448206049, -26.86504108404888 ], [ 90.212002523592957, -26.897155870993465 ], [ 90.227573329384271, -26.96333179560656 ], [ 90.317105462684339, -26.967224497054389 ], [ 90.379388685849605, -27.052863928906628 ], [ 90.352139775714804, -27.157966867998017 ], [ 90.313212761236514, -27.204679285371967 ], [ 90.285963851101712, -27.325353030254668 ], [ 90.297641955445201, -27.399314357763419 ], [ 90.313212761236514, -27.488846491063491 ], [ 90.313212761236514, -27.531666206989609 ], [ 90.274285746758224, -27.593949430154876 ], [ 90.212002523592957, -27.636769146080997 ], [ 90.165290106219004, -27.703918246056052 ], [ 90.122470390292889, -27.785664976460463 ], [ 90.005689346858006, -27.809021185147436 ], [ 89.908371810662288, -27.844055498177898 ], [ 89.881122900527487, -27.914124124238825 ], [ 89.842195886049183, -27.960836541612775 ], [ 89.764341857092603, -27.972514645956259 ], [ 89.682595126688199, -27.953051138717115 ], [ 89.651453515105558, -27.976407347404091 ], [ 89.667024320896886, -28.042583272017186 ], [ 89.756556454196954, -28.073724883599816 ], [ 89.82662508025787, -28.093188390838964 ], [ 89.8966937063188, -28.139900808212911 ], [ 89.8966937063188, -28.217754837169494 ], [ 89.916157213557938, -28.295608866126077 ], [ 89.970655033827555, -28.295608866126077 ], [ 90.044616361336296, -28.2722526574391 ], [ 90.060187167127623, -28.322857776260882 ], [ 90.032938256992821, -28.365677492187 ], [ 90.029045555544982, -28.484404886345786 ], [ 90.029045555544982, -28.577829721093686 ], [ 90.048509062784134, -28.64400564570678 ], [ 90.044616361336296, -28.714074271767704 ], [ 90.009582048305845, -28.764679390589482 ], [ 89.951191526588403, -28.803606405067775 ], [ 89.947298825140578, -28.830855315202577 ], [ 89.997903943962356, -28.881460434024358 ], [ 90.091328778710249, -28.881460434024358 ], [ 90.176968210562492, -28.900923941263503 ], [ 90.173075509114668, -28.974885268772255 ], [ 90.11857768884505, -29.009919581802716 ], [ 90.169182807666829, -29.060524700624494 ], [ 90.219787926488607, -29.09555901365496 ], [ 90.192539016353805, -29.181198445507199 ], [ 90.219787926488607, -29.266837877359439 ], [ 90.192539016353805, -29.34079920486819 ], [ 90.122470390292889, -29.44200944251175 ], [ 90.091328778710249, -29.500399964229185 ], [ 90.025152854097158, -29.547112381603135 ], [ 90.025152854097158, -29.57436129173794 ], [ 90.0835433758146, -29.609395604768402 ], [ 90.11857768884505, -29.65221532069452 ], [ 90.11857768884505, -29.726176648203275 ], [ 90.103006883053737, -29.749532856890248 ], [ 90.079650674366761, -29.831279587294659 ], [ 90.075757972918936, -29.91497266842298 ], [ 90.032938256992821, -29.981148593036075 ], [ 89.958976929484066, -30.023968308962196 ], [ 89.904479109214449, -30.062895323440486 ], [ 89.85776669184051, -30.125178546605753 ], [ 89.822732378810045, -30.199139874114508 ], [ 89.783805364331755, -30.273101201623259 ], [ 89.764341857092603, -30.339277126236354 ], [ 89.721522141166488, -30.40156034940162 ], [ 89.63977541076207, -30.436594662432082 ], [ 89.60084839628378, -30.483307079806032 ], [ 89.56192138180549, -30.549483004419127 ], [ 89.337117873193378, -31.467187370744767 ], [ 88.994560145784419, -32.775135057215344 ], [ 88.460286872069872, -34.352652318948138 ], [ 87.96202108674774, -36.127724179158207 ], [ 87.299674040897102, -37.477218552392927 ], [ 86.576417883510388, -39.350687125152064 ], [ 109.983268422094042, -39.351409381525372 ], [ 109.979702201161814, -39.31931339313531 ], [ 109.965437317432901, -39.276518741948557 ], [ 109.944039991839531, -39.226591648897347 ], [ 109.872715573194938, -39.201628102371743 ], [ 109.783560049889203, -39.219459207032891 ], [ 109.751464061499149, -39.272952521016329 ], [ 109.673007200990099, -39.31931339313531 ], [ 109.566020573023224, -39.315747172203082 ], [ 109.459033945056348, -39.297916067541934 ], [ 109.312818886834947, -39.287217404745249 ], [ 109.1986998170036, -39.30504850940639 ], [ 109.141640282087934, -39.290783625677477 ], [ 109.130941619291249, -39.25512141635518 ], [ 109.105978072765637, -39.244422753558496 ], [ 109.059617200646656, -39.230157869829576 ], [ 109.048918537849971, -39.190929439575058 ], [ 109.084580747172268, -39.158833451184989 ], [ 109.152338944884619, -39.10890635813378 ], [ 109.209398479800285, -39.076810369743718 ], [ 109.220097142596984, -39.00905217203136 ], [ 109.159471386749075, -38.960908189446265 ], [ 109.102411851833409, -38.943077084785116 ], [ 108.998991444798762, -38.946643305717345 ], [ 108.931233247086411, -38.914547317327283 ], [ 108.895571037764114, -38.85748778241161 ], [ 108.899137258696342, -38.800428247495944 ], [ 108.977594119205392, -38.757633596309191 ], [ 109.038219875053287, -38.739802491648042 ], [ 109.056050979714428, -38.779030921902567 ], [ 109.113110514630094, -38.793295805631487 ], [ 109.1986998170036, -38.789729584699252 ], [ 109.32708377056386, -38.754067375376962 ], [ 109.437636619462964, -38.711272724190209 ], [ 109.505394817175329, -38.632815863681166 ], [ 109.533924584633155, -38.565057665968808 ], [ 109.594550340481049, -38.543660340375432 ], [ 109.644477433532259, -38.572190107833265 ], [ 109.726500514973537, -38.532961677578747 ], [ 109.801391154550359, -38.522263014782055 ], [ 109.851318247601569, -38.532961677578747 ], [ 109.879848015059395, -38.479468363595302 ], [ 109.954738654636216, -38.425975049611864 ], [ 110.001099526755198, -38.376047956560654 ], [ 110.004665747687426, -38.326120863509445 ], [ 109.983268422094042, -38.26549510766155 ], [ 110.001099526755198, -38.187038247152501 ], [ 110.036761736077494, -38.133544933169063 ], [ 110.058159061670864, -38.083617840117853 ], [ 110.068857724467549, -38.097882723846773 ], [ 110.108086154722074, -38.140677375033519 ], [ 110.125917259383215, -38.187038247152501 ], [ 110.150880805908827, -38.222700456474797 ], [ 110.232903887350105, -38.229832898339254 ], [ 110.329191852520296, -38.222700456474797 ], [ 110.404082492097103, -38.197736909949192 ], [ 110.486105573538381, -38.172773363423588 ], [ 110.560996213115203, -38.154050703529379 ], [ 110.589525980573029, -38.179014250054983 ], [ 110.660850399217622, -38.207544017512816 ], [ 110.725042375997745, -38.228941343106193 ], [ 110.807065457439023, -38.228941343106193 ], [ 110.860558771422461, -38.221808901241737 ], [ 110.878389876083602, -38.193279133783903 ], [ 110.842727666761306, -38.15048448259715 ], [ 110.799933015574567, -38.129087157003774 ], [ 110.757138364387814, -38.100557389545941 ], [ 110.717909934133289, -38.061328959291416 ], [ 110.678681503878764, -38.011401866240206 ], [ 110.643019294556467, -37.972173435985688 ], [ 110.578827317776344, -37.972173435985688 ], [ 110.543165108454048, -37.897282796408867 ], [ 110.571694875911888, -37.833090819628744 ], [ 110.643019294556467, -37.797428610306447 ], [ 110.689380166675448, -37.740369075390781 ], [ 110.692946387607677, -37.661912214881738 ], [ 110.757138364387814, -37.601286459033837 ], [ 110.78566813184564, -37.65834599394951 ], [ 110.839161445829077, -37.64408111022059 ], [ 110.874823655151374, -37.569190470643775 ], [ 110.874823655151374, -37.504998493863646 ], [ 110.871257434219146, -37.426541633354603 ], [ 110.885522317948059, -37.387313203100078 ], [ 110.921184527270356, -37.376614540303393 ], [ 110.98181028311825, -37.380180761235621 ], [ 110.98181028311825, -37.440806517083516 ], [ 111.013906271508318, -37.490733610134733 ], [ 111.08879691108514, -37.494299831066961 ], [ 111.049568480830615, -37.533528261321479 ], [ 111.028171155237231, -37.59415401716938 ], [ 111.01034005057609, -37.669044656746195 ], [ 111.006773829643862, -37.743935296323009 ], [ 110.956846736592652, -37.818825935899824 ], [ 110.953280515660424, -37.868753028951033 ], [ 110.98181028311825, -37.918680122002243 ], [ 111.03173737616946, -37.957908552256768 ], [ 111.128025341339651, -37.957908552256768 ], [ 111.213614643713157, -37.907981459205558 ], [ 111.259975515832139, -37.872319249883262 ], [ 111.270674178628823, -37.811693494035367 ], [ 111.324167492612261, -37.758200180051929 ], [ 111.324167492612261, -37.797428610306447 ], [ 111.324167492612261, -37.836657040560972 ], [ 111.38479324846017, -37.861620587086577 ], [ 111.43472034151138, -37.833090819628744 ], [ 111.463250108969206, -37.800994831238675 ], [ 111.534574527613799, -37.772465063780842 ], [ 111.641561155580675, -37.747501517255238 ], [ 111.720018016089725, -37.772465063780842 ], [ 111.691488248631885, -37.793862389374219 ], [ 111.659392260241816, -37.850921924289892 ], [ 111.655826039309588, -37.90441523827333 ], [ 111.677223364902972, -37.947209889460083 ], [ 111.737849120750866, -37.932945005731163 ], [ 111.812739760327688, -37.922246342934478 ], [ 111.812739760327688, -37.950776110392312 ], [ 111.802041097530989, -37.990004540646829 ], [ 111.762812667276478, -38.032799191833583 ], [ 111.744981562615322, -38.093424947681484 ], [ 111.716451795157496, -38.132653377936002 ], [ 111.648693597445131, -38.154050703529379 ], [ 111.65225981837736, -38.243206226835113 ], [ 111.716451795157496, -38.261037331496262 ], [ 111.837703306853285, -38.253904889631798 ], [ 111.948256155752389, -38.21467645937728 ], [ 112.076640109312649, -38.175448029122755 ], [ 112.169361853550612, -38.13621959886823 ], [ 112.258517376856346, -38.129087157003774 ], [ 112.258517376856346, -38.171881808190527 ], [ 112.287047144314187, -38.221808901241737 ], [ 112.347672900162081, -38.239640005902885 ], [ 112.436828423467816, -38.207544017512816 ], [ 112.49745417931571, -38.157616924461607 ], [ 112.515285283976851, -38.075593843020336 ], [ 112.490321737451254, -38.032799191833583 ], [ 112.508152842112395, -37.986438319714601 ], [ 112.511719063044623, -37.943643668527848 ], [ 112.511719063044623, -37.868753028951033 ], [ 112.554513714231376, -37.847355703357657 ], [ 112.608007028214814, -37.843789482425429 ], [ 112.679331446859408, -37.829524598696516 ], [ 112.74352342363953, -37.836657040560972 ], [ 112.764920749232914, -37.89015035454441 ], [ 112.750655865503987, -37.961474773188996 ], [ 112.77205319109737, -38.025666749969126 ], [ 112.861208714403105, -38.036365412765811 ], [ 113.03951976101456, -38.036365412765811 ], [ 113.16790371457482, -38.032799191833583 ], [ 113.24636057508387, -38.007835645307978 ], [ 113.381876970508571, -37.95434233132454 ], [ 113.474598714746534, -37.900849017341102 ], [ 113.499562261272146, -37.8402232614932 ], [ 113.545923133391128, -37.872319249883262 ], [ 113.620813772967935, -37.872319249883262 ], [ 113.6885719706803, -37.818825935899824 ], [ 113.745631505595966, -37.743935296323009 ], [ 113.774161273053807, -37.647647331152818 ], [ 113.695704412544757, -37.676177098610651 ], [ 113.585151563645653, -37.6940082032718 ], [ 113.474598714746534, -37.704706866068484 ], [ 113.428237842627553, -37.761766400984158 ], [ 113.328383656525133, -37.800994831238675 ], [ 113.221397028558258, -37.786729947509762 ], [ 113.107277958726925, -37.772465063780842 ], [ 113.018122435421191, -37.743935296323009 ], [ 112.986026447031122, -37.697574424204028 ], [ 112.975327784234437, -37.654779773017275 ], [ 112.964629121437753, -37.576322912508232 ], [ 112.918268249318771, -37.576322912508232 ], [ 112.836245167877493, -37.554925586914855 ], [ 112.789884295758512, -37.512130935728102 ], [ 112.789884295758512, -37.447938958947979 ], [ 112.825546505080808, -37.444372738015751 ], [ 112.918268249318771, -37.419409191490146 ], [ 112.939665574912141, -37.362349656574473 ], [ 112.886172260928703, -37.312422563523263 ], [ 112.928966912115456, -37.273194133268738 ], [ 112.98959266796335, -37.212568377420844 ], [ 113.035953540082332, -37.155508842505178 ], [ 113.093013074997998, -37.151942621572942 ], [ 113.175036156439276, -37.151942621572942 ], [ 113.235661912287171, -37.116280412250653 ], [ 113.235661912287171, -37.048522214538295 ], [ 113.199999702964888, -36.984330237758165 ], [ 113.178602377371504, -36.930836923774727 ], [ 113.171469935507048, -36.855946284197913 ], [ 113.125109063388066, -36.923704481910271 ], [ 113.107277958726925, -37.012860005216005 ], [ 113.046652202879017, -37.069919540131671 ], [ 112.928966912115456, -37.084184423860592 ], [ 112.886172260928703, -37.137677737844029 ], [ 112.77205319109737, -37.169773726234091 ], [ 112.690030109656092, -37.180472389030783 ], [ 112.675765225927179, -37.255363028607597 ], [ 112.62583813287597, -37.294591458862115 ], [ 112.508152842112395, -37.294591458862115 ], [ 112.433262202535587, -37.251796807675369 ], [ 112.312010690839784, -37.226833261149764 ], [ 112.215722725669593, -37.209002156488616 ], [ 112.165795632618384, -37.248230586743134 ], [ 112.080206330244877, -37.273194133268738 ], [ 112.044544120922581, -37.244664365810905 ], [ 112.030279237193668, -37.198303493691924 ], [ 111.980352144142458, -37.166207505301863 ], [ 111.909027725497879, -37.205435935556388 ], [ 111.873365516175582, -37.266061691404282 ], [ 111.752114004479779, -37.287459016997659 ], [ 111.695054469564113, -37.330253668184412 ], [ 111.705753132360798, -37.36948209843893 ], [ 111.709319353293026, -37.451505179880208 ], [ 111.662958481174059, -37.501432272931417 ], [ 111.591634062529465, -37.458637621744664 ], [ 111.541706969478255, -37.387313203100078 ], [ 111.290288393756086, -37.404252752528166 ], [ 111.23322885884042, -37.382855426934789 ], [ 111.222530196043735, -37.325795892019123 ], [ 111.186867986721438, -37.325795892019123 ], [ 111.136940893670229, -37.286567461764598 ], [ 111.15477199833137, -37.222375484984475 ], [ 111.197566649518123, -37.16888217100103 ], [ 111.272457289094945, -37.158183508204345 ], [ 111.336649265875067, -37.143918624475425 ], [ 111.397275021722962, -37.093991531424216 ], [ 111.393708800790733, -37.047630659305234 ], [ 111.443635893841943, -37.011968449982945 ], [ 111.518526533418765, -36.983438682525112 ], [ 111.55775496367329, -36.919246705744982 ], [ 111.55775496367329, -36.872885833626 ], [ 111.493562986893153, -36.851488508032624 ], [ 111.450768335706414, -36.830091182439247 ], [ 111.42937101011303, -36.794428973116958 ], [ 111.358046591468451, -36.780164089388037 ], [ 111.279589730959401, -36.819392519642562 ], [ 111.201132870450351, -36.822958740574791 ], [ 111.140507114602457, -36.805127635913642 ], [ 111.094146242483475, -36.755200542862433 ], [ 111.136940893670229, -36.683876124217846 ], [ 111.226096416975963, -36.658912577692242 ], [ 111.268891068162716, -36.61255170557326 ], [ 111.268891068162716, -36.551925949725366 ], [ 111.290288393756086, -36.526962403199761 ], [ 111.365179033332907, -36.498432635741921 ], [ 111.411539905451889, -36.437806879894026 ], [ 111.415106126384117, -36.38074734497836 ], [ 111.468599440367555, -36.327254030994915 ], [ 111.536357638079906, -36.320121589130459 ], [ 111.593417172995586, -36.370048682181668 ], [ 111.582718510198887, -36.391446007775045 ], [ 111.582718510198887, -36.441373100826254 ], [ 111.661175370707937, -36.473469089216316 ], [ 111.764595777742585, -36.473469089216316 ], [ 111.871582405709461, -36.469902868284088 ], [ 112.02136368486309, -36.477035310148551 ], [ 112.121217870965523, -36.462770426419631 ], [ 112.196108510542331, -36.444939321758483 ], [ 112.263866708254696, -36.405710891503965 ], [ 112.317360022238134, -36.41640955430065 ], [ 112.3744195571538, -36.448505542690711 ], [ 112.42434665020501, -36.441373100826254 ], [ 112.417214208340553, -36.373614903113896 ], [ 112.42434665020501, -36.327254030994915 ], [ 112.470707522323991, -36.284459379808169 ], [ 112.499237289781817, -36.245230949553644 ], [ 112.524200836307429, -36.245230949553644 ], [ 112.577694150290867, -36.234532286756952 ], [ 112.588392813087552, -36.188171414637971 ], [ 112.629404353808198, -36.119521661692559 ], [ 112.654367900333796, -36.069594568641349 ], [ 112.668632784062723, -36.01966747559014 ], [ 112.668632784062723, -35.976872824403387 ], [ 112.650801679401567, -35.930511952284405 ], [ 112.629404353808198, -35.880584859233196 ], [ 112.615139470079271, -35.77359823126632 ], [ 112.632970574740426, -35.69514137075727 ], [ 112.682897667791636, -35.630949393977147 ], [ 112.718559877113933, -35.652346719570517 ], [ 112.754222086436215, -35.663045382367208 ], [ 112.800582958555196, -35.634515614909375 ], [ 112.832678946945265, -35.59528718465485 ], [ 112.896870923725388, -35.58102230092593 ], [ 112.879039819064246, -35.623816952112684 ], [ 112.875473598132018, -35.698707591689498 ], [ 112.825546505080808, -35.723671138215103 ], [ 112.804149179487425, -35.762899568469628 ], [ 112.818414063216352, -35.802127998724153 ], [ 112.811281621351881, -35.841356428978671 ], [ 112.861208714403105, -35.869886196436511 ], [ 113.025254877285647, -35.880584859233196 ], [ 113.178602377371504, -35.848488870843134 ], [ 113.331949877457362, -35.784296894063004 ], [ 113.435370284492009, -35.712972475418418 ], [ 113.44250272635648, -35.65947916143498 ], [ 113.39257563330527, -35.616684510248227 ], [ 113.360479644915202, -35.509697882281344 ], [ 113.39257563330527, -35.491866777620203 ], [ 113.449635168220937, -35.441939684568993 ], [ 113.579802232247303, -35.427674800840073 ], [ 113.743848395129845, -35.520396545078036 ], [ 113.882931011486789, -35.513264103213579 ], [ 114.043410953437117, -35.452638347365678 ], [ 114.211023337251888, -35.388446370585548 ], [ 114.318009965218764, -35.288592184483129 ], [ 114.457092581575708, -35.338519277534338 ], [ 114.560512988610355, -35.338519277534338 ], [ 114.672848947975581, -35.352784161263259 ], [ 114.72277604102679, -35.2850259635509 ], [ 114.715643599162334, -35.256496196093067 ], [ 114.687113831704508, -35.213701544906314 ], [ 114.687113831704508, -35.156642009990648 ], [ 114.754872029416859, -35.120979800668351 ], [ 114.829762668993681, -35.113847358803895 ], [ 114.886822203909347, -35.15307578905842 ], [ 114.972411506282853, -35.181605556516253 ], [ 115.068699471453044, -35.15307578905842 ], [ 115.136457669165395, -35.120979800668351 ], [ 115.236311855267815, -35.142377126261728 ], [ 115.325467378573549, -35.117413579736123 ], [ 115.386093134421444, -35.063920265752685 ], [ 115.389659355353672, -34.996162068040327 ], [ 115.468116215862722, -34.999728288972555 ], [ 115.589367727558511, -35.003294509904784 ], [ 115.642861041541963, -35.031824277362624 ], [ 115.646427262474191, -35.10314869600721 ], [ 115.703486797389857, -35.1388109053295 ], [ 115.856834297475714, -35.1388109053295 ], [ 115.928158716120294, -35.113847358803895 ], [ 115.978085809171517, -35.078185149481605 ], [ 116.09220487900285, -35.017559393633704 ], [ 116.177794181376356, -34.971198521514722 ], [ 116.224155053495338, -34.946234974989117 ], [ 116.222371943029216, -34.876693666810645 ], [ 116.268732815148198, -34.819634131894972 ], [ 116.375719443115074, -34.819634131894972 ], [ 116.525500722268703, -34.755442155114849 ], [ 116.603957582777753, -34.676985294605799 ], [ 116.718076652609085, -34.64132308528351 ], [ 116.718076652609085, -34.726912387657009 ], [ 116.782268629389222, -34.841031457488349 ], [ 116.682414443286802, -34.883826108675102 ], [ 116.661017117693419, -34.948018085455232 ], [ 116.725209094473556, -35.005077620370898 ], [ 116.860725489898257, -34.919488317997391 ], [ 117.05330142023864, -34.883826108675102 ], [ 117.117493397018777, -34.826766573759436 ], [ 117.253009792443493, -34.805369248166059 ], [ 117.288672001765775, -34.876693666810645 ], [ 117.452718164648331, -34.855296341217269 ], [ 117.502645257699541, -34.783971922572682 ], [ 117.616764327530873, -34.798236806301595 ], [ 117.645294094988714, -34.890958550539558 ], [ 117.830737583464639, -34.883826108675102 ], [ 117.994783746347181, -34.962282969184145 ], [ 118.073240606856231, -35.090666922744404 ], [ 118.262250316264385, -35.097799364608861 ], [ 118.283647641857755, -35.055004713422107 ], [ 118.390634269824631, -35.047872271557651 ], [ 118.526150665249347, -34.955150527319688 ], [ 118.54041554897826, -35.055004713422107 ], [ 118.626004851351766, -35.055004713422107 ], [ 118.675931944402976, -35.140594015795614 ], [ 119.153805549321703, -35.083534480879941 ], [ 119.189467758644, -35.126329132066694 ], [ 119.303586828475332, -35.104931806473317 ], [ 119.26792461915305, -35.012210062235354 ], [ 119.310719270339803, -34.912355876132935 ], [ 119.403441014577751, -35.012210062235354 ], [ 119.717268456613937, -34.919488317997391 ], [ 119.781460433394059, -34.962282969184145 ], [ 119.703003572885024, -35.047872271557651 ], [ 119.874182177632022, -35.112064248337781 ], [ 119.795725317122987, -35.233315760033577 ], [ 119.852784852038653, -35.268977969355866 ], [ 119.981168805598912, -35.26184552749141 ], [ 120.223671828990504, -35.219050876304657 ], [ 120.33065845695738, -35.169123783253447 ], [ 120.387717991873046, -35.126329132066694 ], [ 120.494704619839922, -35.126329132066694 ], [ 120.594558805942341, -35.097799364608861 ], [ 120.601691247806798, -35.019342504099818 ], [ 120.612389910603497, -34.924837649395734 ], [ 120.847760492130632, -34.917705207531277 ], [ 120.890555143317371, -34.824983463293314 ], [ 120.869157817724002, -34.725129277190888 ], [ 120.926217352639668, -34.625275091088469 ], [ 121.16872037603126, -34.589612881766179 ], [ 121.175852817895716, -34.482626253799296 ], [ 121.27570700399815, -34.37563962583242 ], [ 121.411223399422852, -34.347109858374587 ], [ 121.511077585525271, -34.43983160261255 ], [ 121.653726422814444, -34.461228928205919 ], [ 121.817772585697, -34.397036951425797 ], [ 121.874832120612666, -34.290050323458914 ], [ 122.010348516037382, -34.347109858374587 ], [ 122.117335144004258, -34.404169393290253 ], [ 122.33844084180248, -34.354242300239044 ], [ 122.502487004685022, -34.290050323458914 ], [ 122.638003400109739, -34.154533928034205 ], [ 122.666533167567579, -34.190196137356494 ], [ 122.916168632823627, -34.118871718711908 ], [ 122.916168632823627, -34.011885090745032 ], [ 123.03028770265496, -34.011885090745032 ], [ 123.258525842317638, -33.812176718540186 ], [ 123.322717819097761, -33.897766020913693 ], [ 123.686472354185156, -33.826441602269107 ], [ 123.843386075203242, -33.619600788199804 ], [ 123.882614505457767, -33.405627532266053 ], [ 124.032395784611396, -33.384230206672676 ], [ 124.096587761391518, -33.29864090429917 ], [ 124.082322877662605, -33.184521834467837 ], [ 124.146514854442728, -33.113197415823251 ], [ 124.146514854442728, -33.049005439043121 ], [ 124.089455319527062, -33.049005439043121 ], [ 124.010998459018026, -32.991945904127455 ], [ 124.025263342746939, -32.899224159889492 ], [ 124.025263342746939, -32.835032183109362 ], [ 124.153647296307199, -32.75657532260032 ], [ 124.153647296307199, -32.685250903955733 ], [ 124.317693459189741, -32.606794043446691 ], [ 124.2891636917319, -32.699515787684646 ], [ 124.36762055224095, -32.749442880735863 ], [ 124.453209854614457, -32.827899741244906 ], [ 124.453209854614457, -32.899224159889492 ], [ 124.531666715123492, -32.970548578534078 ], [ 124.759904854786171, -32.956283694805158 ], [ 124.866891482753047, -32.906356601753949 ], [ 125.11652694800911, -32.999078345991911 ], [ 125.166454041060319, -32.970548578534078 ], [ 125.330500203942862, -32.999078345991911 ], [ 125.408957064451911, -33.034740555314201 ], [ 125.665724971572416, -32.949151252940702 ], [ 125.701387180894713, -32.849297066838282 ], [ 125.779844041403749, -32.799369973787073 ], [ 125.908227994964008, -32.842164624973819 ], [ 126.029479506659811, -32.799369973787073 ], [ 126.058009274117637, -32.720913113278023 ], [ 126.129333692762231, -32.649588694633437 ], [ 126.421763809205032, -32.64245625276898 ], [ 126.471690902256242, -32.713780671413566 ], [ 126.600074855816501, -32.713780671413566 ], [ 126.79978322802134, -32.649588694633437 ], [ 126.842577879208093, -32.571131834124394 ], [ 126.921034739717129, -32.506939857344264 ], [ 126.970961832768339, -32.414218113106308 ], [ 127.106478228193055, -32.414218113106308 ], [ 127.170670204973177, -32.342893694461722 ], [ 127.26339194921114, -32.278701717681592 ], [ 127.356113693449103, -32.164582647850253 ], [ 127.434570553958153, -32.314363927003882 ], [ 127.438136774890538, -27.131753357241841 ], [ 127.371270132410601, -27.132199134858197 ], [ 127.374836353342829, -27.189258669773864 ], [ 127.385535016139514, -27.26058308841845 ], [ 127.371270132410601, -27.378268379182014 ], [ 127.307078155630478, -27.413930588504307 ], [ 127.242886178850341, -27.392533262910931 ], [ 127.153730655544621, -27.399665704775391 ], [ 127.125200888086781, -27.485255007148893 ], [ 127.150164434612392, -27.570844309522396 ], [ 127.17512798113799, -27.602940297912458 ], [ 126.989684492662064, -27.734890472404942 ], [ 126.850601876305134, -27.734890472404942 ], [ 126.740049027406016, -27.806214891049525 ], [ 126.636628620371368, -27.816913553846213 ], [ 126.576002864523474, -27.884671751558571 ], [ 126.572436643591246, -27.973827274864302 ], [ 126.51537710867558, -28.02018814698328 ], [ 126.510919332510767, -28.140102325829488 ], [ 126.378077602784757, -28.155704542407992 ], [ 126.267524753885652, -28.123608554017931 ], [ 126.149839463122078, -28.180668088933597 ], [ 126.04641905608743, -28.202065414526974 ], [ 125.99649196303622, -28.134307216814616 ], [ 126.099912370070868, -28.07724768189895 ], [ 126.139140800325393, -27.952429949270925 ], [ 126.206898998037744, -27.852575763168506 ], [ 126.26395853295341, -27.73845669333717 ], [ 126.26395853295341, -27.631470065370291 ], [ 126.178369230579918, -27.556579425793476 ], [ 126.067816381680814, -27.517350995538955 ], [ 126.032154172358517, -27.460291460623289 ], [ 125.971528416510623, -27.417496809436535 ], [ 125.903770218798257, -27.435327914097684 ], [ 125.833337355387201, -27.448255464977002 ], [ 125.82887957922145, -27.328341286130804 ], [ 125.864541788543747, -27.224920879096157 ], [ 125.853843125747048, -27.142897797654882 ], [ 125.893071556001573, -27.110801809264821 ], [ 125.914468881594942, -27.028778727823546 ], [ 125.903770218798257, -26.925358320788899 ], [ 125.868108009475975, -26.871865006805461 ], [ 125.843144462950363, -26.832636576550939 ], [ 125.855626236213169, -26.760420602673292 ], [ 125.919818212993292, -26.796082811995586 ], [ 125.97331152697673, -26.849576125979024 ], [ 125.991142631637885, -26.910201881826922 ], [ 126.051768387485779, -26.960128974878131 ], [ 126.112394143333674, -26.931599207420298 ], [ 126.140923910791514, -26.878105893436857 ], [ 126.16945367824934, -26.810347695724502 ], [ 126.215814550368322, -26.753288160808832 ], [ 126.180152341046025, -26.710493509622083 ], [ 126.108827922401446, -26.714059730554311 ], [ 126.023238620027939, -26.653433974706413 ], [ 125.961721308947446, -26.563832673784134 ], [ 126.044635945621323, -26.439460718772658 ], [ 126.137357689859272, -26.432328276908201 ], [ 126.212248329436093, -26.44302693970489 ], [ 126.255042980622846, -26.396666067585908 ], [ 126.265741643419531, -26.278980776822344 ], [ 126.312102515538513, -26.161295486058776 ], [ 126.283572748080672, -26.100669730210878 ], [ 126.201549666639409, -26.100669730210878 ], [ 126.105261701469217, -26.175560369787693 ], [ 126.005407515366798, -26.257583451228967 ], [ 125.898420887399922, -26.293245660551261 ], [ 125.805699143161959, -26.275414555890112 ], [ 125.673748968669472, -26.307510544280177 ], [ 125.598858329092664, -26.364570079195843 ], [ 125.516835247651386, -26.467990486230494 ], [ 125.427679724345651, -26.503652695552788 ], [ 125.285030887056479, -26.539314904875077 ], [ 125.334957980107689, -26.714059730554311 ], [ 125.445510829006807, -26.742589498012148 ], [ 125.484739259261318, -26.785384149198897 ], [ 125.402716177820054, -26.928032986488066 ], [ 125.402716177820054, -27.031453393522717 ], [ 125.285030887056479, -27.134873800557365 ], [ 125.108502950911131, -27.175885341278004 ], [ 124.99081766014757, -27.225812434329214 ], [ 124.969420334554201, -27.322100399499405 ], [ 124.997950102012027, -27.389858597211759 ], [ 124.955155450825274, -27.471881678653034 ], [ 124.769711962349362, -27.575302085687682 ], [ 124.655592892518015, -27.564603422890993 ], [ 124.512944055228857, -27.561037201958765 ], [ 124.388126322600826, -27.621662957806659 ], [ 124.33106678768516, -27.700119818315706 ], [ 124.302537020227319, -27.782142899756977 ], [ 124.199116613192672, -27.810672667214813 ], [ 124.170586845734846, -27.935490399842838 ], [ 124.074298880564655, -28.010381039419649 ], [ 124.070732659632426, -28.074573016199778 ], [ 124.131358415480321, -28.142331213912133 ], [ 124.142057078277006, -28.292112493065762 ], [ 124.167020624802618, -28.377701795439265 ], [ 124.106394868954709, -28.431195109422703 ], [ 124.081431322429111, -28.491820865270601 ], [ 124.010106903784532, -28.54174795832181 ], [ 123.960179810733322, -28.605939935101937 ], [ 123.913818938614341, -28.520350632728434 ], [ 123.835362078105291, -28.445459993151619 ], [ 123.76760388039294, -28.463291097812768 ], [ 123.68914701988389, -28.470423539677224 ], [ 123.660617252426064, -28.370569353574805 ], [ 123.596425275645927, -28.324208481455827 ], [ 123.517968415136892, -28.313509818659139 ], [ 123.428812891831157, -28.320642260523595 ], [ 123.357488473186578, -28.342039586116972 ], [ 123.282597833609756, -28.3456058070492 ], [ 123.218405856829634, -28.306377376794678 ], [ 123.232670740558547, -28.242185400014552 ], [ 123.22553829869409, -28.174427202302198 ], [ 123.19700853123625, -28.120933888318756 ], [ 123.118551670727214, -28.174427202302198 ], [ 123.050793473014849, -28.185125865098883 ], [ 122.972336612505813, -28.195824527895571 ], [ 122.961637949709129, -28.274281388404617 ], [ 122.911710856657919, -28.377701795439265 ], [ 122.801158007758801, -28.548880400186267 ], [ 122.676340275130784, -28.616638597898625 ], [ 122.580052309960593, -28.63446970255977 ], [ 122.580052309960593, -28.684396795610979 ], [ 122.622846961147346, -28.695095458407668 ], [ 122.654942949537414, -28.730757667729961 ], [ 122.580052309960593, -28.784250981713399 ], [ 122.526558995977155, -28.869840284086902 ], [ 122.501595449451543, -28.966128249257093 ], [ 122.547956321570524, -29.001790458579386 ], [ 122.584510086126301, -29.090500204268597 ], [ 122.464150129663139, -29.128391301673521 ], [ 122.382127048221875, -29.17831839472473 ], [ 122.253743094661615, -29.189017057521419 ], [ 122.086130710846845, -29.231811708708172 ], [ 122.004107629405567, -29.288871243623838 ], [ 121.972011641015499, -29.349496999471736 ], [ 122.007673850337795, -29.41725519718409 ], [ 122.043336059660092, -29.470748511167532 ], [ 121.936349431693216, -29.552771592608803 ], [ 121.914952106099832, -29.638360894982306 ], [ 121.914952106099832, -29.731082639220265 ], [ 121.836495245590797, -29.784575953203706 ], [ 121.740207280420606, -29.781009732271475 ], [ 121.601124664063661, -29.845201709051604 ], [ 121.489680259931902, -29.834057268638407 ], [ 121.608257105928118, -29.748913743881413 ], [ 121.690280187369396, -29.645493336846766 ], [ 121.75090594321729, -29.549205371676575 ], [ 121.72237617575945, -29.438652522777467 ], [ 121.68938863213674, -29.334786338126303 ], [ 121.747339722285062, -29.281738801759381 ], [ 121.811531699065185, -29.271040138962693 ], [ 121.865025013048623, -29.206848162182567 ], [ 121.861458792116395, -29.121258859809064 ], [ 121.897121001438691, -29.04636822023225 ], [ 121.832929024658569, -29.053500662096706 ], [ 121.743773501352834, -29.082030429554543 ], [ 121.665316640843784, -29.121258859809064 ], [ 121.586859780334748, -29.149788627266897 ], [ 121.494138036096786, -29.124825080741292 ], [ 121.397850070926594, -29.121258859809064 ], [ 121.340790536010928, -29.142656185402441 ], [ 121.219539024315125, -29.174752173792502 ], [ 121.097395957386681, -29.177872617108214 ], [ 121.019830652110286, -29.206848162182567 ], [ 120.977036000923547, -29.263907697098233 ], [ 120.912844024143411, -29.335232115742819 ], [ 120.820122279905448, -29.381592987861801 ], [ 120.706003210074115, -29.420821418116322 ], [ 120.681039663548518, -29.463616069303072 ], [ 120.677473442616289, -29.506410720489825 ], [ 120.613281465836153, -29.559904034473263 ], [ 120.559788151852715, -29.581301360066639 ], [ 120.591884140242783, -29.631228453117849 ], [ 120.681039663548518, -29.638360894982306 ], [ 120.741665419396412, -29.634794674050077 ], [ 120.788026291515393, -29.659758220575682 ], [ 120.76662896592201, -29.741781302016953 ], [ 120.791592512447622, -29.823804383458228 ], [ 120.755038747892669, -29.876851919825157 ], [ 120.693521436811309, -29.893345691636693 ], [ 120.62219701816673, -29.875514586975548 ], [ 120.561571262318836, -29.911176796297841 ], [ 120.461717076216416, -29.989633656806884 ], [ 120.422488645961892, -30.078789180112615 ], [ 120.354730448249541, -30.118017610367136 ], [ 120.329766901723929, -30.185775808079494 ], [ 120.415356204097435, -30.214305575537328 ], [ 120.401091320368522, -30.317725982571975 ], [ 120.272707366808262, -30.374785517487645 ], [ 120.233478936553738, -30.453242377996688 ], [ 120.240611378418194, -30.553096564099107 ], [ 120.13005852951909, -30.606589878082545 ], [ 119.933916378246479, -30.663649412998215 ], [ 119.908952831720882, -30.777768482829551 ], [ 119.463175215192223, -30.752804936303946 ], [ 119.391850796547644, -30.702877843252736 ], [ 119.306261494174137, -30.699311622320504 ], [ 119.224238412732859, -30.749238715371714 ], [ 119.099420680104842, -30.767069820032862 ], [ 119.031662482392477, -30.734973831642797 ], [ 118.928242075357829, -30.795599587490695 ], [ 118.885447424171076, -30.752804936303946 ], [ 118.874748761374391, -30.695745401388276 ], [ 118.842652772984337, -30.63155342460815 ], [ 118.767762133407516, -30.645818308337066 ], [ 118.746364807814146, -30.713576506049424 ], [ 118.682172831034009, -30.745672494439486 ], [ 118.714268819424078, -30.777768482829551 ], [ 118.792725679933127, -30.802732029355155 ], [ 118.796291900865356, -30.856225343338593 ], [ 118.85691765671325, -30.884755110796426 ], [ 118.938940738154514, -30.895453773593115 ], [ 118.946964735252408, -30.962766193688982 ], [ 118.91932652302728, -31.04256038704758 ], [ 118.848002104382687, -31.142414573149999 ], [ 118.808773674128162, -31.23157009645573 ], [ 118.805207453195933, -31.313593177897001 ], [ 118.741015476415811, -31.338556724422606 ], [ 118.598366639126638, -31.345689166287066 ], [ 118.541307104210972, -31.388483817473816 ], [ 118.555571987939885, -31.459808236118402 ], [ 118.59747508389394, -31.533361542845672 ], [ 118.498512453024219, -31.663082829255469 ], [ 118.395092045989571, -31.755804573493432 ], [ 118.320201406412764, -31.855658759595851 ], [ 118.209648557513646, -31.891320968918141 ], [ 118.0812646039534, -31.937681841037122 ], [ 118.017072627173278, -32.080330678326291 ], [ 117.842327801494037, -32.183751085360939 ], [ 117.827171362532411, -32.260870613020451 ], [ 117.754955388654423, -32.267557277268338 ], [ 117.672932307213145, -32.206931521420437 ], [ 117.528500359457865, -32.313918149387312 ], [ 117.357321754710853, -32.370977684302986 ], [ 117.346623091914168, -32.420904777354195 ], [ 117.375152859372008, -32.4458683238798 ], [ 117.34305687098194, -32.570686056507824 ], [ 117.200408033692767, -32.670540242610244 ], [ 117.179010708099398, -32.748997103119287 ], [ 117.104120068522576, -32.820321521763873 ], [ 117.101445402823771, -32.906356601753963 ], [ 117.018530766149084, -32.902344603205144 ], [ 116.922242800978893, -32.823887742696101 ], [ 116.740365533435195, -32.77752687057712 ], [ 116.615547800807178, -32.770394428712663 ], [ 116.515693614704759, -32.79179175430604 ], [ 116.369478556483358, -32.77752687057712 ], [ 116.219697277329729, -32.709768672864762 ], [ 116.094879544701698, -32.720467335661453 ], [ 116.01998890512489, -32.773960649644891 ], [ 115.987892916734822, -32.841718847357249 ], [ 115.813148091055595, -32.895212161340687 ], [ 115.663366811901966, -32.916609486934057 ], [ 115.595608614189601, -32.95940413812081 ], [ 115.495754428087182, -32.995066347443107 ], [ 115.4493935559682, -33.034294777697625 ], [ 115.545681521138391, -33.077089428884378 ], [ 115.652668149105267, -33.109185417274439 ], [ 115.574211288596231, -33.216172045241315 ], [ 115.631270823511898, -33.31959245227597 ], [ 115.495754428087182, -33.362387103462716 ], [ 115.4493935559682, -33.444410184903994 ], [ 115.267516288424517, -33.444410184903994 ], [ 115.164095881389869, -33.447976405836222 ], [ 115.085639020880819, -33.476506173294055 ], [ 114.928725299862734, -33.472939952361827 ], [ 114.839569776556999, -33.423012859310617 ], [ 114.700487160200069, -33.426579080242846 ], [ 114.582801869436494, -33.462241289565135 ], [ 114.429454369350637, -33.470265286662652 ], [ 114.372394834434971, -33.577251914629528 ], [ 114.286805532061464, -33.570119472765072 ], [ 114.172686462230132, -33.548722147171695 ], [ 114.137024252907835, -33.58795057742622 ], [ 114.172686462230132, -33.641443891409658 ], [ 114.151289136636763, -33.723466972850929 ], [ 114.251143322739182, -33.737731856579849 ], [ 114.286805532061464, -33.776960286834367 ], [ 114.14772291570452, -33.85541714734341 ], [ 114.140590473840064, -33.912476682259083 ], [ 114.0585673923988, -33.951705112513601 ], [ 114.051434950534343, -34.01589708929373 ], [ 113.933749659770768, -34.097920170735001 ], [ 113.851726578329504, -34.062257961412712 ], [ 113.73404128756593, -34.047993077683792 ], [ 113.616355996802369, -34.072956624209397 ], [ 113.573561345615616, -34.130016159125063 ], [ 113.512935589767721, -34.137148600989526 ], [ 113.352455647817408, -34.11575127539615 ], [ 113.259733903579445, -34.094353949802773 ], [ 113.152747275612569, -34.126449938192835 ], [ 113.124217508154729, -34.176377031244044 ], [ 112.963737566204415, -34.179943252176272 ], [ 112.881714484763137, -34.126449938192835 ], [ 112.792558961457402, -34.108618833531686 ], [ 112.739065647473964, -34.090787728870545 ], [ 112.75689675213512, -34.030161973022643 ], [ 112.746198089338435, -33.965969996242521 ], [ 112.703403438151682, -33.876814472936786 ], [ 112.6570425660327, -33.83401982175004 ], [ 112.646343903236016, -33.744864298444305 ], [ 112.781860298660717, -33.687804763528639 ], [ 112.910244252220977, -33.627179007680738 ], [ 112.949472682475502, -33.552288368103923 ], [ 113.017230880187853, -33.530891042510547 ], [ 113.074290415103519, -33.52375860064609 ], [ 113.088555298832432, -33.470265286662652 ], [ 113.056459310442378, -33.388242205221381 ], [ 113.060025531374606, -33.27768935632227 ], [ 113.013664659255625, -33.188533833016542 ], [ 113.045760647645693, -33.138606739965333 ], [ 113.051109979044028, -33.073523207952157 ], [ 113.140265502349763, -33.041427219562088 ], [ 113.21515614192657, -33.009331231172027 ], [ 113.232987246587726, -32.913043266001836 ], [ 113.225854804723269, -32.859549952018398 ], [ 113.183060153536516, -32.82032152176388 ], [ 113.279348118706707, -32.741864661254837 ], [ 113.313227217562883, -32.642010475152418 ], [ 113.357804979215743, -32.567119835575603 ], [ 113.436261839724793, -32.563553614643368 ], [ 113.528983583962756, -32.545722509982227 ], [ 113.582476897946194, -32.517192742524394 ], [ 113.607440444471791, -32.467265649473184 ], [ 113.586043118878422, -32.417338556421974 ], [ 113.553947130488353, -32.378110126167449 ], [ 113.618139107268476, -32.335315474980696 ], [ 113.621705328200719, -32.274689719132802 ], [ 113.671632421251928, -32.24259373074274 ], [ 113.657367537523001, -32.189100416759295 ], [ 113.614572886336248, -32.124908439979173 ], [ 113.582476897946194, -32.050017800402358 ], [ 113.650235095658545, -32.000090707351148 ], [ 113.735824398032051, -31.960862277096627 ], [ 113.75722172362542, -31.889537858452041 ], [ 113.717993293370895, -31.814647218875226 ], [ 113.668066200319686, -31.764720125824017 ], [ 113.628837770065175, -31.699636593810826 ], [ 113.637753322395739, -31.676456157751335 ], [ 113.701945299175875, -31.651492611225731 ], [ 113.800016374812174, -31.6354446170307 ], [ 113.862425241126189, -31.589083744911719 ], [ 113.903436781846821, -31.505277553004333 ], [ 113.903436781846821, -31.433507356743213 ], [ 113.917701665575734, -31.363966048564741 ], [ 113.955146985364152, -31.346134943903596 ], [ 114.003290967949241, -31.344351833437482 ], [ 114.03003762494096, -31.297990961318501 ], [ 114.038953177271537, -31.240931426402835 ], [ 114.015772741212047, -31.191004333351625 ], [ 113.969411869093065, -31.178522560088823 ], [ 113.939098991169118, -31.148209682164872 ], [ 113.972978090025293, -31.11611369377481 ], [ 113.974761200491415, -31.078668373986403 ], [ 113.951580764431924, -31.032307501867422 ], [ 113.912352334177399, -30.991295961146786 ], [ 113.851726578329504, -30.959199972756721 ], [ 113.83567858413447, -30.901248882607995 ], [ 113.901653671380714, -30.885646666029491 ], [ 113.955146985364152, -30.86246622997 ], [ 113.948014543499696, -30.817888468317136 ], [ 113.940882101635225, -30.765732487183282 ], [ 113.994375415618663, -30.739431607808093 ], [ 114.08174782845829, -30.719817392680831 ], [ 114.138807363373957, -30.684155183358538 ], [ 114.161987799433447, -30.627095648442872 ], [ 114.172686462230132, -30.549976120783413 ], [ 114.231529107611919, -30.548193010317295 ], [ 114.301070415790392, -30.487567254469401 ], [ 114.361696171638286, -30.421592167223157 ], [ 114.384876607697777, -30.346701527646342 ], [ 114.383093497231656, -30.270027777603413 ], [ 114.372394834434971, -30.198703358958831 ], [ 114.361696171638286, -30.107764725186982 ], [ 114.369720168735796, -30.030199419910993 ], [ 114.449960139710953, -30.015934536182076 ], [ 114.537332552550581, -29.987404768724243 ], [ 114.617572523525737, -29.949959448935836 ], [ 114.638969849119107, -29.875068809359021 ], [ 114.63183740725465, -29.796611948849979 ], [ 114.626488075856301, -29.723504419739278 ], [ 114.651451622381913, -29.641481338298004 ], [ 114.697812494500894, -29.622758678403798 ], [ 114.760221360814896, -29.585313358615391 ], [ 114.795883570137192, -29.531820044631953 ], [ 114.795883570137192, -29.464061846919595 ], [ 114.844027552722295, -29.426616527131188 ], [ 114.924267523697452, -29.414134753868385 ], [ 114.918918192299103, -29.324979230562654 ], [ 114.926050634163559, -29.251871701451954 ], [ 114.842244442256174, -29.246522370053611 ], [ 114.77626935500993, -29.185896614205713 ], [ 114.701378715433123, -29.183667726123069 ], [ 114.660367174712789, -29.140427297319818 ], [ 114.687113831704195, -29.071331766757847 ], [ 114.751305808484332, -29.048151330698357 ], [ 114.781618686408279, -28.980393132986002 ], [ 114.790534238738857, -28.912634935273644 ], [ 114.845810663188402, -28.862707842222434 ], [ 114.847593773654523, -28.777118539848932 ], [ 114.842244442256174, -28.686179906077086 ], [ 114.817280895730576, -28.62912037116142 ], [ 114.772703134077702, -28.575627057177979 ], [ 114.749522698018211, -28.504302638533396 ], [ 114.697812494501221, -28.491375087654092 ], [ 114.694246273568666, -28.441002216986323 ], [ 114.710294267763686, -28.417821780926833 ], [ 114.754872029416561, -28.380376461138425 ], [ 114.810148453866105, -28.344714251816132 ], [ 114.842244442256174, -28.298353379697151 ], [ 114.858292436451208, -28.234161402917024 ], [ 114.861858657383436, -28.186017420331929 ], [ 114.895737756239612, -28.173535647069126 ], [ 114.967062174884205, -28.175318757535244 ], [ 114.997375052808152, -28.152138321475753 ], [ 115.002724384206488, -28.107560559822886 ], [ 115.016989267935415, -28.04336858304276 ], [ 115.000941273740381, -27.984525937660976 ], [ 114.943881738824714, -27.947080617872569 ], [ 114.895737756239612, -27.934598844609766 ], [ 114.874340430646242, -27.872189978295754 ], [ 114.872557320180121, -27.815130443380088 ], [ 114.840461331790067, -27.79729933871894 ], [ 114.788751128272736, -27.772335792193335 ], [ 114.737040924755405, -27.74737224566773 ], [ 114.701378715433123, -27.768769571261107 ], [ 114.663933395644719, -27.772335792193335 ], [ 114.624704965390194, -27.740239803803274 ], [ 114.571211651406756, -27.731324251472699 ], [ 114.578344093271213, -27.668915385158687 ], [ 114.624704965390194, -27.649301170031428 ], [ 114.683547610771967, -27.629686954904166 ], [ 114.715643599162036, -27.592241635115759 ], [ 114.733474703823177, -27.55836253625958 ], [ 114.694246273568666, -27.540531431598435 ], [ 114.651451622381913, -27.542314542064549 ], [ 114.596175197932354, -27.529832768801747 ], [ 114.567645430474528, -27.479905675750537 ], [ 114.542681883948916, -27.542314542064549 ], [ 114.510585895558847, -27.574410530454614 ], [ 114.455309471109302, -27.590458524649645 ], [ 114.423213482719234, -27.63147006537028 ], [ 114.417864151320899, -27.676047827023147 ], [ 114.412514819922549, -27.727758030540471 ], [ 114.390225939096112, -27.775456235509036 ], [ 114.317118409985412, -27.779022456441265 ], [ 114.25470954367141, -27.75405890991566 ], [ 114.240444659942483, -27.71126425872891 ], [ 114.199433119221851, -27.673818938940503 ], [ 114.149506026170641, -27.679168270338845 ], [ 114.085314049390519, -27.682734491271074 ], [ 114.051434950534343, -27.663120276143815 ], [ 113.997941636550905, -27.641722950550438 ], [ 113.951580764431924, -27.652421613347126 ], [ 113.933749659770768, -27.695216264533876 ], [ 113.919484776041855, -27.738010915720629 ], [ 113.865099906825364, -27.787938008771839 ], [ 113.866883017291471, -27.732661584322283 ], [ 113.850835023096437, -27.680951380804959 ], [ 113.825871476570839, -27.65420472381324 ], [ 113.775944383519629, -27.625674956355407 ], [ 113.775944383519629, -27.602494520295917 ], [ 113.861533685893136, -27.518688328388528 ], [ 113.890063453350962, -27.459845683006748 ], [ 113.866883017291471, -27.42240036321834 ], [ 113.834787028901417, -27.401003037624964 ], [ 113.825871476571123, -27.353750610272936 ], [ 113.914135444643506, -27.350184389340694 ], [ 113.985459863288099, -27.335919505611777 ], [ 114.056784281932678, -27.294907964891138 ], [ 114.122759369178922, -27.257462645102734 ], [ 114.161987799433447, -27.187921336924262 ], [ 114.165554020365676, -27.095199592686303 ], [ 114.186951345959045, -27.066669825228466 ], [ 114.274323758798673, -27.06845293569458 ], [ 114.35456372977383, -27.055971162431778 ], [ 114.42232192748618, -27.050621831033435 ], [ 114.490080125198531, -26.991779185651652 ], [ 114.531091665919178, -26.902623662345921 ], [ 114.559621433377004, -26.802769476243501 ], [ 114.56675387524146, -26.714505508170824 ], [ 114.630945852021597, -26.677060188382416 ], [ 114.63986140435216, -26.618217543000636 ], [ 114.618464078758791, -26.555808676686624 ], [ 114.591717421767072, -26.48983358944038 ], [ 114.609548526428213, -26.413159839397451 ], [ 114.63986140435216, -26.357883414947899 ], [ 114.648776956682738, -26.284775885837199 ], [ 114.625596520623247, -26.209885246260384 ], [ 114.588151200834844, -26.186704810200894 ], [ 114.536440997317513, -26.229499461387647 ], [ 114.479381462401847, -26.20052391631328 ], [ 114.413406375155603, -26.159512375592644 ], [ 114.424105037952287, -26.129645275285228 ], [ 114.418755706553952, -26.07347729560264 ], [ 114.490080125198531, -26.012851539754713 ], [ 114.547139660114198, -25.927262237381214 ], [ 114.56675387524146, -25.843456045473825 ], [ 114.538224107783634, -25.779264068693699 ], [ 114.490080125198531, -25.725770754710261 ], [ 114.433020590282865, -25.681192993057422 ], [ 114.456201026342356, -25.613434795345039 ], [ 114.457984136808477, -25.55994148136163 ], [ 114.50077878799523, -25.575989475556632 ], [ 114.536440997317513, -25.535869490069057 ], [ 114.536440997317513, -25.414617978373261 ], [ 114.515043671724143, -25.279101582948549 ], [ 114.404490822825039, -25.238981597460995 ], [ 114.341190401278283, -25.235415376528739 ], [ 114.350997508841601, -25.164090957884181 ], [ 114.418755706553952, -25.082067876442906 ], [ 114.429454369350637, -24.971515027543802 ], [ 114.454417915876249, -24.83599863211909 ], [ 114.42232192748618, -24.768240434406732 ], [ 114.361696171638286, -24.800336422796796 ], [ 114.290371752993693, -24.775372876271192 ], [ 114.247577101806939, -24.661253806439856 ], [ 114.204782450620201, -24.618459155253102 ], [ 114.144156694772292, -24.607760492456418 ], [ 114.129891811043379, -24.515038748218455 ], [ 114.090663380788854, -24.511472527286227 ], [ 114.072832276127713, -24.589929387795269 ], [ 114.010423409813697, -24.598844940125844 ], [ 113.91146077894463, -24.582796945930767 ], [ 113.867774572524525, -24.538219184277946 ], [ 113.928400328372433, -24.470460986565591 ], [ 113.924834107440205, -24.388437905124317 ], [ 113.903436781846821, -24.295716160886357 ], [ 113.828546142270014, -24.277885056225212 ], [ 113.746523060828736, -24.224391742241771 ], [ 113.778619049218804, -24.188729532919478 ], [ 113.775052828286576, -24.117405114274895 ], [ 113.907003002779049, -24.09244156774929 ], [ 114.010423409813697, -24.071044242155914 ], [ 114.056784281932678, -24.021117149104704 ], [ 114.067482944729363, -23.935527846731201 ], [ 114.042519398203765, -23.84637232342547 ], [ 114.078181607526062, -23.764349241984199 ], [ 114.142373584306185, -23.785746567577572 ], [ 114.210131782018536, -23.839239881561014 ], [ 114.242227770408604, -23.80357767223872 ], [ 114.235095328544148, -23.732253253594134 ], [ 114.22707133144695, -23.652013282618928 ], [ 114.224396665747463, -23.611001741898338 ], [ 114.163770909899554, -23.5575084279149 ], [ 114.08174782845829, -23.528978660457067 ], [ 113.989026084220328, -23.474593791240572 ], [ 113.942665212101346, -23.41842581155796 ], [ 113.871340793456753, -23.37563116037121 ], [ 113.782185270151032, -23.360474721409233 ], [ 113.686788860214193, -23.332836509184407 ], [ 113.657367537523001, -23.214259663187836 ], [ 113.678764863116385, -23.146501465475477 ], [ 113.664499979387458, -23.075177046830895 ], [ 113.614572886336248, -23.060912163101978 ], [ 113.557513351420582, -23.057345942169746 ], [ 113.489755153708231, -23.018117511915225 ], [ 113.496887595572687, -22.939660651406182 ], [ 113.529875139196108, -22.872794008926828 ], [ 113.482622711843774, -22.836240244371535 ], [ 113.425563176928108, -22.857637569964908 ], [ 113.389900967605811, -22.943226872338411 ], [ 113.31501032802899, -23.064478384034206 ], [ 113.200891258197657, -23.107273035220956 ], [ 113.115301955824151, -23.114405477085416 ], [ 113.008315327857275, -23.096574372424268 ], [ 112.890630037093715, -23.110839256153188 ], [ 112.808606955652436, -23.060912163101978 ], [ 112.755113641668999, -22.957491756067327 ], [ 112.758679862601227, -22.846938907168223 ], [ 112.687355443956648, -22.80414425598147 ], [ 112.626729688108753, -22.747084721065804 ], [ 112.616031025312054, -22.665061639624529 ], [ 112.662391897431036, -22.632965651234464 ], [ 112.665958118363264, -22.518846581403128 ], [ 112.608898583447598, -22.436823499961857 ], [ 112.55540526946416, -22.379763965046187 ], [ 112.50547817641295, -22.426124837165169 ], [ 112.416322653107216, -22.454654604623002 ], [ 112.358371562958794, -22.468027933118798 ], [ 112.321817798403146, -22.431474168563497 ], [ 112.350347565860986, -22.374414633647827 ], [ 112.38244355425104, -22.303090215003241 ], [ 112.328950240267602, -22.210368470765282 ], [ 112.325384019335374, -22.139044052120695 ], [ 112.289721810013077, -22.064153412543881 ], [ 112.361046228657671, -22.053454749747193 ], [ 112.425238205437793, -22.042756086950508 ], [ 112.485863961285688, -22.021358761357131 ], [ 112.492996403150158, -21.946468121780317 ], [ 112.471599077556775, -21.853746377542357 ], [ 112.414539542641108, -21.828782831016753 ], [ 112.350347565860986, -21.832349051948981 ], [ 112.289721810013077, -21.843047714745669 ], [ 112.268324484419708, -21.803819284491148 ], [ 112.225529833232955, -21.771723296101083 ], [ 112.157771635520604, -21.807385505423376 ], [ 112.043652565689271, -21.79312062169446 ], [ 111.993725472638062, -21.711097540253185 ], [ 111.936665937722381, -21.761024633304395 ], [ 111.872473960942258, -21.800253063558916 ], [ 111.761921112043154, -21.796686842626688 ], [ 111.747656228314241, -21.857312598474586 ], [ 111.687030472466333, -21.882276145000191 ], [ 111.629970937550667, -21.92507079618694 ], [ 111.560429629372194, -21.960733005509233 ], [ 111.514068757253227, -21.885842365932419 ], [ 111.446310559540862, -21.860878819406814 ], [ 111.328625268777301, -21.796686842626688 ], [ 111.235903524539339, -21.785988179829999 ], [ 111.146748001233604, -21.810951726355604 ], [ 111.0361951523345, -21.785988179829999 ], [ 111.078989803521253, -21.675435330930892 ], [ 111.068291140724568, -21.582713586692932 ], [ 111.0361951523345, -21.489991842454973 ], [ 110.98626805928329, -21.450763412200448 ], [ 110.929208524367624, -21.468594516861597 ], [ 110.861450326655259, -21.407968761013699 ], [ 110.836486780129661, -21.333078121436884 ], [ 110.793692128942908, -21.308114574911279 ], [ 110.729500152162785, -21.308114574911279 ], [ 110.683139280043804, -21.272452365588986 ], [ 110.640344628857051, -21.147634632960962 ], [ 110.551189105551316, -21.111972423638669 ], [ 110.469166024110052, -21.119104865503129 ], [ 110.376444279872089, -21.090575098045296 ], [ 110.344348291482021, -21.029949342197398 ], [ 110.280156314701898, -21.019250679400709 ], [ 110.251626547244058, -21.062045330587459 ], [ 110.173169686735022, -21.072743993384147 ], [ 110.108977709954885, -21.094141318977524 ], [ 110.080447942497059, -21.176164400418795 ], [ 110.039436401776427, -21.226091493470012 ], [ 109.965437317432929, -21.221633717304655 ], [ 109.921751111012853, -21.167248848088231 ], [ 109.903920006351711, -21.056695999189124 ], [ 109.848643581902152, -21.015684458468488 ], [ 109.752355616731961, -20.965757365417279 ], [ 109.670332535290697, -20.94792626075613 ], [ 109.60614055851056, -20.908697830501609 ], [ 109.557996575925472, -20.908697830501609 ], [ 109.486672157280893, -20.937227597959442 ], [ 109.401082854907386, -20.926528935162757 ], [ 109.292313116474389, -20.865903179314859 ], [ 109.274482011813248, -20.76604899321244 ], [ 109.22098869782981, -20.698290795500082 ], [ 109.149664279185217, -20.644797481516644 ], [ 109.091713189036497, -20.60824371696129 ], [ 108.979377229671272, -20.583280170435685 ], [ 108.867041270306046, -20.552967292511738 ], [ 108.76540397373752, -20.503040199460528 ], [ 108.818897287720958, -20.474510432002695 ], [ 108.854559497043255, -20.440631333146516 ], [ 108.902703479628343, -20.406752234290337 ], [ 108.911619031958921, -20.338994036577983 ], [ 108.927667026153955, -20.267669617933397 ], [ 108.959763014544009, -20.199911420221042 ], [ 109.015039438993568, -20.144634995771487 ], [ 109.081014526239812, -20.093816347487216 ], [ 109.118459846028216, -20.042106143969892 ], [ 109.122026066960444, -19.981480388121994 ], [ 109.084580747172041, -19.894107975282378 ], [ 109.043569206451409, -19.838831550832825 ], [ 108.991859002934078, -19.774639574052699 ], [ 108.957979904077902, -19.746109806594866 ], [ 108.981160340137393, -19.728278701933718 ], [ 108.997208334332427, -19.680134719348622 ], [ 108.977594119205165, -19.646255620492447 ], [ 108.975811008739043, -19.605244079771808 ], [ 109.027521212256374, -19.580280533246203 ], [ 109.068532752977006, -19.566015649517286 ], [ 109.095279409968725, -19.553533876254484 ], [ 109.102411851833182, -19.530353440194993 ], [ 109.070315863443128, -19.505389893669388 ], [ 109.064966532044778, -19.467944573880981 ], [ 109.075665194841463, -19.401969486634741 ], [ 109.0560509797142, -19.362741056380219 ], [ 109.01147321806134, -19.405535707566973 ], [ 108.970461677340708, -19.423366812228117 ], [ 108.913402142425028, -19.430499254092577 ], [ 108.85990882844159, -19.432282364558692 ], [ 108.833162171449871, -19.469727684347099 ], [ 108.799283072593695, -19.533919661127225 ], [ 108.742223537678029, -19.582063643712321 ], [ 108.679814671364014, -19.607027190237925 ], [ 108.624538246914469, -19.61772585303461 ], [ 108.64236935157561, -19.660520504221363 ], [ 108.688730223694591, -19.689050271679196 ], [ 108.71547688068631, -19.738977364730406 ], [ 108.692296444627075, -19.793362233946819 ], [ 108.651284903906188, -19.801386231044418 ], [ 108.612056473651663, -19.776422684518813 ], [ 108.571044932931031, -19.783555126383273 ], [ 108.549647607337647, -19.810301783374992 ], [ 108.54786449687154, -19.854879545027856 ], [ 108.553213828269875, -19.910155969477412 ], [ 108.526467171278156, -19.952950620664161 ], [ 108.460492084031912, -19.944035068333587 ], [ 108.415914322379052, -19.954733731130275 ], [ 108.383818333988984, -19.976131056723652 ], [ 108.35172234559893, -19.960083062528621 ], [ 108.310710804878283, -19.935119516003017 ], [ 108.257217490895087, -19.914613745642615 ], [ 108.317843246742754, -19.845963992697286 ], [ 108.348156124666701, -19.760374690323783 ], [ 108.382035223522877, -19.694399603077542 ], [ 108.391842331086508, -19.63199073676353 ], [ 108.390059220620387, -19.578497422780089 ], [ 108.423938319476562, -19.507173004135506 ], [ 108.38292677875593, -19.507173004135506 ], [ 108.334782796170842, -19.50182367273716 ], [ 108.30981924964523, -19.476860126211555 ], [ 108.311602360111351, -19.439414806423148 ], [ 108.291988144984089, -19.400186376168627 ], [ 108.258109046127913, -19.432282364558692 ], [ 108.227796168203966, -19.462595242482639 ], [ 108.192133958881669, -19.455462800618179 ], [ 108.152905528627144, -19.455462800618179 ], [ 108.131508203033775, -19.498257451804932 ], [ 108.126158871635425, -19.55175076578837 ], [ 108.107436211741216, -19.615942742568496 ], [ 108.045027345427215, -19.671219167018052 ], [ 108.007582025639039, -19.800494675811279 ], [ 107.979052258180971, -19.772856463586585 ], [ 107.961221153519816, -19.67478538795028 ], [ 107.909510950002499, -19.669436056551937 ], [ 107.87741496161243, -19.62485829489907 ], [ 107.895246066273586, -19.562449428585058 ], [ 107.936257606994218, -19.494691230872704 ], [ 107.934474496528097, -19.416234370363657 ], [ 107.880981182544659, -19.441197916889262 ], [ 107.821246981929804, -19.546847212006561 ], [ 107.757055005149681, -19.632436514380064 ], [ 107.664333260911718, -19.725158258618023 ], [ 107.67948969987394, -19.836156885133573 ], [ 107.593008842267139, -19.832144886584903 ], [ 107.514551981758089, -19.882071979636113 ], [ 107.408456909024522, -19.886083978184782 ], [ 107.400432911926757, -19.78935023539815 ], [ 107.350505818875547, -19.682363607431274 ], [ 107.272940513599806, -19.629316071064274 ], [ 107.300578725824337, -19.532582328277645 ], [ 107.367445368303649, -19.521437887864423 ], [ 107.3933004700623, -19.468390351497519 ], [ 107.372794699701998, -19.421583701762003 ], [ 107.321976051417707, -19.375668607259556 ], [ 107.301470281057647, -19.251296652247966 ], [ 107.150797446670708, -19.297211746750513 ], [ 107.093737911755042, -19.404198374717392 ], [ 106.944848187834708, -19.586521419877521 ], [ 106.801307795312241, -19.675231165566814 ], [ 106.651526516158611, -19.653833839973437 ], [ 106.580202097514032, -19.753688026075856 ], [ 106.565937213785105, -19.846409770313819 ], [ 106.466083027682686, -19.931999072687322 ], [ 106.34928929215242, -19.964540838693829 ], [ 106.348397736919125, -19.79113334586426 ], [ 106.262808434545619, -19.784000903999804 ], [ 106.170086690307656, -19.79113334586426 ], [ 105.991775643696201, -19.876722648237763 ], [ 105.977510759967288, -19.962311950611266 ], [ 106.055967620476324, -20.040768811120309 ], [ 105.992667198929482, -20.114322117847458 ], [ 105.813464597084732, -20.104960787900435 ], [ 105.692213085388943, -20.219079857731771 ], [ 105.657442431299927, -20.358608251705164 ], [ 105.422071849772792, -20.24983851327217 ], [ 105.399782968946141, -20.104960787900435 ], [ 105.321326108437106, -20.019371485526932 ], [ 105.214339480470215, -19.990841718069099 ], [ 105.114485294367796, -20.040768811120309 ], [ 105.00749866640092, -20.005106601798015 ], [ 104.914776922162957, -20.005106601798015 ], [ 104.864849829111748, -20.090695904171518 ], [ 104.830079175022732, -20.178514094627584 ], [ 104.723984102288696, -20.212838971100368 ], [ 104.631262358050733, -20.227103854829284 ], [ 104.542106834745013, -20.269898506016034 ], [ 104.513577067287173, -20.326958040931704 ], [ 104.520709509151629, -20.369752692118453 ], [ 104.47078241610042, -20.416113564237435 ], [ 104.388759334659142, -20.430378447966351 ], [ 104.363795788133544, -20.476739320085333 ], [ 104.387867779426301, -20.506606420392682 ], [ 104.342398462540174, -20.619388157374502 ], [ 104.252351384001585, -20.720579676326441 ], [ 104.103461660080811, -20.765603215595902 ], [ 103.971511485588323, -20.765603215595902 ], [ 103.896620846011515, -20.808397866782652 ], [ 103.871657299485904, -20.862782735999147 ], [ 103.818163985502466, -20.923408491847045 ], [ 103.800332880841324, -20.991166689559403 ], [ 103.860958636689219, -21.062491108203986 ], [ 103.786067997112397, -21.1373817477808 ], [ 103.767345337218401, -21.198453281245168 ], [ 103.654117822619924, -21.233669712950991 ], [ 103.547131194653048, -21.294295468798889 ], [ 103.450843229482857, -21.276464364137741 ], [ 103.368820148041578, -21.304994131595578 ], [ 103.336724159651524, -21.362053666511244 ], [ 103.333157938719282, -21.404848317697997 ], [ 103.304628171261456, -21.461907852613663 ], [ 103.251134857278018, -21.497570061935956 ], [ 103.16911177583674, -21.540364713122706 ], [ 103.122750903717758, -21.608122910835064 ], [ 103.219038868887949, -21.608122910835064 ], [ 103.293929508464771, -21.629520236428441 ], [ 103.340290380583752, -21.608122910835064 ], [ 103.39378369456719, -21.579593143377231 ], [ 103.433012124821701, -21.529666050326021 ], [ 103.479372996940683, -21.48330517820704 ], [ 103.564962299314189, -21.465474073545895 ], [ 103.614889392365399, -21.48330517820704 ], [ 103.636286717958768, -21.540364713122706 ], [ 103.668382706348837, -21.547497154987166 ], [ 103.71117735753559, -21.540364713122706 ], [ 103.753972008722343, -21.576026922444999 ], [ 103.788742662811771, -21.640664676841599 ], [ 103.775369334315712, -21.686579771344107 ], [ 103.743273345925658, -21.743639306259777 ], [ 103.686213811009978, -21.790000178378754 ], [ 103.636286717958768, -21.847059713294424 ], [ 103.620238723763748, -21.909022801991917 ], [ 103.581010293509223, -21.926853906653061 ], [ 103.554263636517504, -21.966082336907583 ], [ 103.556046746983611, -21.996395214831534 ], [ 103.577444072576995, -22.016009429958793 ], [ 103.663033374950501, -22.016009429958793 ], [ 103.686213811009978, -22.042756086950511 ], [ 103.720092909866167, -22.058804081145546 ], [ 103.720092909866167, -22.114080505595098 ], [ 103.75575511918845, -22.128345389324014 ], [ 103.786067997112397, -22.106948063730641 ], [ 103.816380875036359, -22.062370302077774 ], [ 103.848476863426413, -22.048105418348857 ], [ 103.874331965185277, -22.070394299175231 ], [ 103.871657299485904, -22.153308935849619 ], [ 103.880572851816481, -22.22641646496032 ], [ 103.853826194824762, -22.253163121952038 ], [ 103.818163985502466, -22.347667976656115 ], [ 103.830645758765272, -22.424341726699044 ], [ 103.869874189019797, -22.51572613808742 ], [ 103.839561311095849, -22.563870120672515 ], [ 103.782501776180169, -22.58170122533366 ], [ 103.762887561052921, -22.613797213723725 ], [ 103.764670671519028, -22.65480875444436 ], [ 103.75575511918845, -22.710085178893916 ], [ 103.673732037747186, -22.713651399826144 ], [ 103.614889392365399, -22.747530498682323 ], [ 103.525733869059664, -22.793891370801301 ], [ 103.450843229482857, -22.863432678979773 ], [ 103.41518102016056, -22.850950905716971 ], [ 103.359904595711001, -22.843818463852511 ], [ 103.308194392193684, -22.847384684784743 ], [ 103.256484188676353, -22.87769756270869 ], [ 103.245785525879668, -22.925841545293785 ], [ 103.249351746811897, -22.979334859277223 ], [ 103.245785525879668, -23.023912620930091 ], [ 103.252917967744125, -23.080972155845757 ], [ 103.244002415413561, -23.138031690761427 ], [ 103.256484188676353, -23.193308115210979 ], [ 103.271640627638519, -23.240114764946444 ], [ 103.225279755519352, -23.249476094893591 ], [ 103.16108777873923, -23.245909873961363 ], [ 103.116510017086355, -23.270873420486968 ], [ 103.096895801959093, -23.302969408877033 ], [ 103.096895801959093, -23.354679612394357 ], [ 103.066582924035146, -23.39034182171665 ], [ 103.020222051916164, -23.40638981591168 ], [ 102.991692284458338, -23.433136472903399 ], [ 102.975644290263304, -23.475931124090152 ], [ 102.970294958864955, -23.524075106675244 ], [ 102.979210511195532, -23.568652868328112 ], [ 103.016655830983936, -23.600748856718173 ], [ 103.057667371704767, -23.611001741898292 ], [ 103.046968708907897, -23.645772395987571 ], [ 103.005957168187251, -23.670735942513176 ], [ 102.997041615856688, -23.722446146030499 ], [ 103.000607836788916, -23.767023907683367 ], [ 103.004174057721144, -23.816951000734576 ], [ 102.952463854203813, -23.838348326327949 ], [ 102.905211426851778, -23.882480310364286 ], [ 102.842802560537763, -23.891841640311391 ], [ 102.792875467486553, -23.874010535650243 ], [ 102.755430147698149, -23.840131436794067 ], [ 102.72868349070643, -23.80224033938913 ], [ 102.764345700028727, -23.782626124261867 ], [ 102.785743025622097, -23.75231324633792 ], [ 102.792875467486553, -23.709518595151167 ], [ 102.782176804689868, -23.663157723032185 ], [ 102.7500808162998, -23.625712403243778 ], [ 102.741165263969236, -23.563303536929766 ], [ 102.680539508121328, -23.574002199726454 ], [ 102.62704619413789, -23.559737315997538 ], [ 102.575335990620573, -23.525858217141362 ], [ 102.546806223162733, -23.474148013624035 ], [ 102.509360903374329, -23.370727606589387 ], [ 102.512927124306557, -23.319017403072063 ], [ 102.489746688247067, -23.29048763561423 ], [ 102.52719200803547, -23.263740978622511 ], [ 102.541456891764398, -23.197765891376267 ], [ 102.536107560366048, -23.119309030867225 ], [ 102.51114401384045, -23.046201501756524 ], [ 102.48796357778096, -22.964178420315253 ], [ 102.457650699857012, -22.913359772030983 ], [ 102.500445351043751, -22.884830004573146 ], [ 102.509360903374329, -22.836686021988054 ], [ 102.516493345238786, -22.76179538241124 ], [ 102.52719200803547, -22.679772300969965 ], [ 102.507577792908222, -22.603098550927037 ], [ 102.455867589390891, -22.573677228236143 ], [ 102.400591164941332, -22.525979023267578 ], [ 102.377410728881841, -22.467136377885794 ], [ 102.382760060280191, -22.411859953436242 ], [ 102.425554711466944, -22.390462627842865 ], [ 102.420205380068595, -22.329836871994967 ], [ 102.448735147526435, -22.266982228064428 ], [ 102.384543170746312, -22.259849786199968 ], [ 102.313218752101719, -22.266982228064428 ], [ 102.234761891592683, -22.252717344335508 ], [ 102.184834798541473, -22.202790251284299 ], [ 102.106377938032423, -22.245584902471052 ], [ 102.027921077523374, -22.224187576877675 ], [ 102.006523751930004, -22.138598274504172 ], [ 101.935199333285425, -22.117200948910799 ], [ 101.828212705318535, -22.102936065181879 ], [ 101.721226077351659, -22.06727385585959 ], [ 101.638311440677498, -22.084659182904147 ], [ 101.532216367943519, -22.101152954715765 ], [ 101.428795960908872, -22.086888070986848 ], [ 101.343206658535365, -22.097586733783537 ], [ 101.311110670145297, -22.143947605902518 ], [ 101.343206658535365, -22.172477373360351 ], [ 101.371736425993191, -22.229536908276017 ], [ 101.361037763196506, -22.286596443191687 ], [ 101.296845786416384, -22.304427547852832 ], [ 101.20947337357677, -22.294620440289201 ], [ 101.163112501457789, -22.326716428679266 ], [ 101.120317850271036, -22.373077300798247 ], [ 100.981235233914092, -22.369511079866015 ], [ 101.088221861880967, -22.419438172917225 ], [ 101.084655640948739, -22.508593696222956 ], [ 101.155980059593332, -22.544255905545249 ], [ 101.234436920102368, -22.547822126477481 ], [ 101.248701803831281, -22.63341142885098 ], [ 101.184509827051158, -22.68333852190219 ], [ 101.106052966542123, -22.704735847495567 ], [ 101.020463664168616, -22.783192708004609 ], [ 101.038294768829758, -22.840252242920279 ], [ 100.988367675778548, -22.900877998768177 ], [ 100.877814826879444, -22.904444219700405 ], [ 100.781526861709253, -22.925841545293782 ], [ 100.731599768658043, -22.97220241741276 ], [ 100.69682911456897, -23.040406392741602 ], [ 100.642444245352308, -23.036394394192889 ], [ 100.596083373233327, -22.98646730114168 ], [ 100.52119273365652, -22.990033522073908 ], [ 100.432037210350785, -22.993599743006136 ], [ 100.364279012638434, -23.022129510463969 ], [ 100.328616803316137, -23.072056603515179 ], [ 100.239461280010403, -23.068490382582951 ], [ 100.221630175349262, -23.11841747563416 ], [ 100.207365291620349, -23.16834456868537 ], [ 100.12623376541228, -23.190187671895231 ], [ 100.075415117127861, -23.171910789617598 ], [ 100.018355582212195, -23.132682359363077 ], [ 99.961296047296528, -23.157645905888682 ], [ 99.832912093736269, -23.154079684956454 ], [ 99.768720116956146, -23.114851254701932 ], [ 99.693829477379325, -23.079189045379639 ], [ 99.58327662848022, -23.082755266311867 ], [ 99.472723779581116, -23.064924161650723 ], [ 99.397833140004309, -23.089887708176327 ], [ 99.333641163224172, -23.125549917498621 ], [ 99.248943416083875, -23.125995695115105 ], [ 99.207040320130034, -23.08810459771021 ], [ 99.164245668943281, -22.98825041160779 ], [ 99.100053692163158, -22.963286865082186 ], [ 99.103619913095386, -22.924058434827664 ], [ 99.135715901485455, -22.881263783640911 ], [ 99.067957703773089, -22.831336690589701 ], [ 99.000199506060738, -22.79924070219964 ], [ 98.911043982755004, -22.781409597538492 ], [ 98.82902090131374, -22.788542039402952 ], [ 98.793358691991443, -22.845601574318621 ], [ 98.764828924533603, -22.888396225505371 ], [ 98.629312529108901, -22.856300237115306 ], [ 98.490229912751957, -22.856300237115306 ], [ 98.325292194636475, -22.867444677528482 ], [ 98.361845959191697, -22.745747388216202 ], [ 98.333316191733871, -22.674422969571616 ], [ 98.279822877750433, -22.592399888130341 ], [ 98.20849845910584, -22.521075469485758 ], [ 98.144306482325717, -22.474714597366777 ], [ 98.140740261393489, -22.392691515925502 ], [ 98.151438924190174, -22.335631981009836 ], [ 98.11399360440177, -22.295511995522258 ], [ 98.061391845651514, -22.246922235320582 ], [ 98.064066511350561, -22.202790251284295 ], [ 98.106861162537314, -22.163561821029774 ], [ 98.167486918385208, -22.13503205357194 ], [ 98.14252337185961, -22.085104960520731 ], [ 98.067632732282789, -22.017346762808376 ], [ 98.031970522960492, -21.94602234416379 ], [ 97.957079883383685, -21.960287227892707 ], [ 97.892887906603562, -21.93888990229933 ], [ 97.821563487958969, -21.860433041790287 ], [ 97.735974185585462, -21.721350425433346 ], [ 97.653951104144198, -21.635761123059844 ], [ 97.589759127364061, -21.639327343992072 ], [ 97.514868487787254, -21.646459785856532 ], [ 97.468507615668273, -21.592966471873094 ], [ 97.40431563888815, -21.614363797466467 ], [ 97.382918313294766, -21.671423332382137 ], [ 97.283064127192375, -21.652700672487931 ], [ 97.181426830623849, -21.590291806173919 ], [ 97.233137034141137, -21.553738041618573 ], [ 97.240269476005608, -21.482413622973986 ], [ 97.193908603886626, -21.403956762464944 ], [ 97.136849068970946, -21.354029669413734 ], [ 97.101186859648664, -21.279139029836919 ], [ 97.12971662710649, -21.225645715853478 ], [ 97.101186859648692, -21.203356835027048 ], [ 97.054825987529711, -21.219404829222078 ], [ 96.999549563080151, -21.222971050154307 ], [ 96.95318869096117, -21.210489276891504 ], [ 96.937140696766136, -21.165911515238641 ], [ 96.906827818842189, -21.148080410577492 ], [ 96.849768283926522, -21.126683084984119 ], [ 96.794491859476977, -21.128466195450233 ], [ 96.765962092019137, -21.155212852441952 ], [ 96.753480318756331, -21.196224393162588 ], [ 96.696420783840665, -21.206923055959276 ], [ 96.687505231510102, -21.246151486213797 ], [ 96.653626132653912, -21.267548811807174 ], [ 96.560012833182981, -21.269777699889751 ], [ 96.543073283754808, -21.252838150461727 ], [ 96.580518603543211, -21.229657714402236 ], [ 96.594783487272139, -21.197561726012172 ], [ 96.593000376806017, -21.134707082081629 ], [ 96.573386161678755, -21.058033332038701 ], [ 96.541290173288701, -21.024154233182522 ], [ 96.544856394220929, -20.983142692461886 ], [ 96.596566597738246, -20.949263593605707 ], [ 96.61261459193328, -20.892204058690041 ], [ 96.605482150068823, -20.817313419113226 ], [ 96.587651045407682, -20.754904552799214 ], [ 96.553771946551493, -20.683580134154628 ], [ 96.510977295364739, -20.628303709705076 ], [ 96.464616423245772, -20.58729216898444 ], [ 96.416472440660669, -20.578376616653866 ], [ 96.362979126677232, -20.56411173292495 ], [ 96.332666248753284, -20.494570424746477 ], [ 96.3219675859566, -20.394716238644058 ], [ 96.275606713837618, -20.364403360720111 ], [ 96.232812062650865, -20.343006035126734 ], [ 96.166836975404621, -20.339439814194506 ], [ 96.106211219556727, -20.335873593262278 ], [ 96.072332120700551, -20.351921587457309 ], [ 96.061633457903866, -20.400065570042404 ], [ 96.034886800912147, -20.444643331695268 ], [ 95.967128603199782, -20.471389988686987 ], [ 95.874406858961819, -20.469161100604342 ], [ 95.817347324046153, -20.446426442161382 ], [ 95.783468225189978, -20.40675223429033 ], [ 95.795949998452784, -20.342560257510204 ], [ 95.835178428707309, -20.292633164458994 ], [ 95.858358864766785, -20.237356740009442 ], [ 95.811997992647818, -20.183863426026001 ], [ 95.783468225189978, -20.178514094627658 ], [ 95.738890463537118, -20.182080315559887 ], [ 95.687180260019787, -20.169598542297084 ], [ 95.630120725104121, -20.10897278644919 ], [ 95.630120725104121, -20.062611914330208 ], [ 95.573061190188454, -19.99396216138479 ], [ 95.610506509976858, -19.988612829986447 ], [ 95.692529591418136, -19.990395940452562 ], [ 95.738890463537118, -19.961866172994728 ], [ 95.831612207775066, -19.965432393926957 ], [ 95.85300953336845, -19.927987074138549 ], [ 95.872623748495712, -19.881626202019568 ], [ 95.92611706247915, -19.829915998502244 ], [ 95.990309039259273, -19.824566667103902 ], [ 96.045585463708832, -19.829915998502244 ], [ 96.088380114895585, -19.821000446171674 ], [ 96.115126771887304, -19.77820579498492 ], [ 96.125825434683989, -19.724712481001482 ], [ 96.115126771887304, -19.673002277484159 ], [ 96.074115231166658, -19.649821841424668 ], [ 96.038453021844376, -19.614159632102375 ], [ 96.034886800912147, -19.553533876254477 ], [ 95.995658370657623, -19.537485882059446 ], [ 95.945731277606413, -19.507173004135499 ], [ 95.867274417097363, -19.451896579685943 ], [ 95.854792643834557, -19.40018637616862 ], [ 95.846768646737118, -19.354717059282621 ], [ 95.906502847351888, -19.321729515659577 ], [ 95.965345492733675, -19.319946405193463 ], [ 96.004573922988186, -19.335994399388493 ], [ 96.040236132310483, -19.353825504049638 ], [ 96.077681452098886, -19.344909951719067 ], [ 96.075898341632779, -19.311030852862888 ], [ 96.059850347437745, -19.266453091210021 ], [ 96.084813893963343, -19.23435710281996 ], [ 96.122259213751761, -19.243272655150534 ], [ 96.159704533540165, -19.232573992353846 ], [ 96.173969417269078, -19.191562451633207 ], [ 96.168620085870742, -19.155900242310917 ], [ 96.125825434683989, -19.145201579514229 ], [ 96.034886800912147, -19.159466463243145 ], [ 95.993875260191501, -19.145201579514229 ], [ 95.959996161335326, -19.113105591124164 ], [ 95.917201510148573, -19.155900242310917 ], [ 95.879756190360169, -19.187996230700978 ], [ 95.829829097308959, -19.23435710281996 ], [ 95.737107353070996, -19.237923323752188 ], [ 95.687180260019787, -19.241489544684416 ], [ 95.640819387900805, -19.261103759811679 ], [ 95.610506509976858, -19.294982858667858 ], [ 95.580193632052911, -19.332428178456265 ], [ 95.523134097137245, -19.352042393583524 ], [ 95.526700318069473, -19.378789050575243 ], [ 95.55701319599342, -19.418017480829768 ], [ 95.594458515781824, -19.467944573880974 ], [ 95.594458515781824, -19.53926899252556 ], [ 95.55701319599342, -19.580280533246196 ], [ 95.48390566688272, -19.590979196042884 ], [ 95.40544880637367, -19.626641405365177 ], [ 95.335907498195212, -19.587412975110656 ], [ 95.259233748152283, -19.569581870449511 ], [ 95.180776887643233, -19.574931201847853 ], [ 95.136199125990373, -19.603460969305686 ], [ 95.029212498023483, -19.601677858839572 ], [ 94.972152963107817, -19.566015649517279 ], [ 94.982851625904516, -19.533919661127218 ], [ 94.96502052124336, -19.508956114601613 ], [ 94.9204427595905, -19.437631695957027 ], [ 94.874081887471519, -19.360957945914098 ], [ 94.815239242089731, -19.318163294727349 ], [ 94.751938820542662, -19.286958861570337 ], [ 94.68774684376254, -19.286958861570337 ], [ 94.650301523974136, -19.242381099917473 ], [ 94.612856204185775, -19.204935780128988 ], [ 94.616422425117946, -19.185321565001804 ], [ 94.646735303041908, -19.167490460340659 ], [ 94.652084634440243, -19.12647891962002 ], [ 94.627121087914645, -19.09081671029773 ], [ 94.619988646050189, -19.007010518390342 ], [ 94.578977105329542, -18.965998977669706 ], [ 94.484472250625473, -18.942818541610215 ], [ 94.397099837785859, -18.859012349702827 ], [ 94.354305186599106, -18.782338599659898 ], [ 94.302594983081775, -18.776989268261552 ], [ 94.238403006301652, -18.773423047329324 ], [ 94.172427919055409, -18.801952814787157 ], [ 94.122500826004199, -18.855446128770598 ], [ 94.049393296893541, -18.869711012499433 ], [ 94.00927331140592, -18.803290147636744 ], [ 94.012839532338148, -18.724833287127698 ], [ 93.977177323015852, -18.667773752212032 ], [ 93.923684009032414, -18.626762211491396 ], [ 93.900503572972923, -18.576835118440187 ], [ 93.839877817125029, -18.521558693990631 ], [ 93.781035171743255, -18.475197821871649 ], [ 93.719517860662293, -18.464053381458434 ], [ 93.662458325746627, -18.476535154721237 ], [ 93.614314343161539, -18.490800038450153 ], [ 93.608965011763189, -18.531811579170789 ], [ 93.551905476847523, -18.521112916374101 ], [ 93.526941930321911, -18.506848032645184 ], [ 93.514460157059119, -18.464053381458434 ], [ 93.457400622143439, -18.430174282602255 ], [ 93.411039750024457, -18.437306724466715 ], [ 93.375377540702175, -18.464053381458434 ], [ 93.321884226718765, -18.484559151818669 ], [ 93.288005127862561, -18.467619602390663 ], [ 93.284438906930319, -18.433740503534484 ], [ 93.273740244133634, -18.376680968618818 ], [ 93.222030040616318, -18.344584980228753 ], [ 93.175669168497336, -18.31605521277092 ], [ 93.107910970784971, -18.287525445313086 ], [ 93.049068325403198, -18.267911230185824 ], [ 92.999141232351988, -18.250080125524679 ], [ 92.950997249766885, -18.244730794126333 ], [ 92.924250592775167, -18.217538359518084 ], [ 92.943864807902429, -18.178309929263563 ], [ 92.993791900953639, -18.160478824602414 ], [ 93.006273674216445, -18.124816615280125 ], [ 93.027670999809814, -18.101636179220634 ], [ 93.074031871928796, -18.098069958288406 ], [ 93.098995418454408, -18.117684173415665 ], [ 93.123958964980005, -18.137298388542927 ], [ 93.166753616166758, -18.147997051339612 ], [ 93.220246930150196, -18.135515278076809 ], [ 93.280872685998091, -18.139081499009041 ], [ 93.264824691803071, -18.11590106294955 ], [ 93.220246930150196, -18.101636179220634 ], [ 93.214897598751861, -18.058841528033881 ], [ 93.222030040616318, -18.007131324516557 ], [ 93.245210476675808, -17.971023337577734 ], [ 93.279089575531984, -17.958541564314931 ], [ 93.304053122057582, -17.931794907323212 ], [ 93.300486901125396, -17.892566477068605 ], [ 93.275523354599756, -17.880084703805888 ], [ 93.24164425574358, -17.881867814272002 ], [ 93.209548267353512, -17.91931313406041 ], [ 93.157838063836181, -17.956758453848817 ], [ 93.104344749852743, -17.953192232916589 ], [ 93.036586552140392, -17.962107785247163 ], [ 92.988442569555303, -18.010251767832258 ], [ 92.881455941588413, -18.110105953934678 ], [ 92.829745738071125, -18.127937058595737 ], [ 92.769119982223202, -18.074443744612385 ], [ 92.694229342646381, -18.020950430628943 ], [ 92.663916464722433, -17.962107785247163 ], [ 92.617555592603452, -17.922879354992642 ], [ 92.558712947221665, -17.889000256136462 ], [ 92.512352075102697, -17.82659138982245 ], [ 92.458858761119245, -17.81945894795799 ], [ 92.400016115737472, -17.780230517703469 ], [ 92.350089022686262, -17.746351418847294 ], [ 92.310860592431752, -17.720496317088539 ], [ 92.303728150567295, -17.665665670255514 ], [ 92.326908586626786, -17.628220350467107 ], [ 92.362570795949082, -17.599690583009274 ], [ 92.394666784339151, -17.603256803941502 ], [ 92.423196551796977, -17.580076367882011 ], [ 92.428545883195326, -17.510535059703539 ], [ 92.41606410993252, -17.430295088728382 ], [ 92.389317452940801, -17.351838228219336 ], [ 92.362570795949082, -17.257779151131789 ], [ 92.307294371499523, -17.112901425759972 ], [ 92.276981493575576, -17.038010786183158 ], [ 92.227054400524366, -16.9702525884708 ], [ 92.186042859803734, -16.911409943089016 ], [ 92.189609080735963, -16.865049070970038 ], [ 92.184259749337613, -16.809772646520482 ], [ 92.155729981879787, -16.766977995333729 ], [ 92.121850883023598, -16.735773562176721 ], [ 92.143248208616981, -16.687629579591626 ], [ 92.134332656286404, -16.628786934209842 ], [ 92.096887336498, -16.594907835353666 ], [ 92.036261580650105, -16.569944288828058 ], [ 91.980985156200546, -16.52358341670908 ], [ 91.931058063149337, -16.467861214642998 ], [ 91.893612743360933, -16.41615101112567 ], [ 91.888263411962583, -16.362657697142232 ], [ 91.92392562128488, -16.341260371548856 ], [ 91.959587830607177, -16.312730604091023 ], [ 91.966720272471633, -16.264586621505927 ], [ 91.966720272471633, -16.216442638920832 ], [ 92.007731813192265, -16.198611534259683 ], [ 92.000599371327809, -16.146901330742359 ], [ 91.963154051539405, -16.098757348157264 ], [ 91.929274952683215, -16.072010691165545 ], [ 91.890046522428705, -16.047047144639933 ], [ 91.897178964293161, -15.979288946927575 ], [ 91.957804720141056, -15.932928074808595 ], [ 92.000599371327809, -15.90796452828299 ], [ 91.979202045734425, -15.847338772435091 ], [ 91.950672278276599, -15.808110342180569 ], [ 91.979202045734425, -15.7510508072649 ], [ 91.934432949789453, -15.741337128530965 ], [ 91.892417491565723, -15.753251275004677 ], [ 91.852354129324695, -15.784968103445483 ], [ 91.813960073843731, -15.781629489925399 ], [ 91.777235325122788, -15.794983944005738 ], [ 91.773896711602703, -15.821692852166416 ], [ 91.750526416962117, -15.843393840046968 ], [ 91.696273947260735, -15.855078987367266 ], [ 91.640352170799318, -15.850071067087137 ], [ 91.603627422078375, -15.823362158926459 ], [ 91.571910593637568, -15.796653250765781 ], [ 91.526839311116433, -15.794983944005738 ], [ 91.488445255635455, -15.811677011606163 ], [ 91.476760108315148, -15.838385919766841 ], [ 91.418334371713669, -15.855078987367266 ], [ 91.371593782432484, -15.868433441447605 ], [ 91.35323140807202, -15.90015026988841 ], [ 91.334869033711541, -15.935205711849301 ], [ 91.28478983091027, -15.946890859169599 ], [ 91.245561122049281, -15.938544325369387 ], [ 91.230537361208889, -15.913504723968749 ], [ 91.252238349089453, -15.876779975247818 ], [ 91.242222508529196, -15.848401760327095 ], [ 91.21718290712856, -15.835047306246755 ], [ 91.198820532768082, -15.791645330485652 ], [ 91.202159146288167, -15.731550287124126 ], [ 91.178788851647582, -15.67980177756281 ], [ 91.140394796166603, -15.64641564236196 ], [ 91.090315593365332, -15.633061188281621 ], [ 91.036897777043976, -15.654762176162173 ], [ 90.98848788100274, -15.684809697842937 ], [ 90.898345315960455, -15.718195833043787 ], [ 90.818218591478413, -15.741566127684379 ], [ 90.746438400796592, -15.788306716965568 ], [ 90.662138409414439, -15.810425031536132 ], [ 90.632090887733682, -15.845480473497023 ], [ 90.617067126893303, -15.882205222217957 ], [ 90.613728513373218, -15.943969572339526 ], [ 90.571161190992129, -15.995300755210829 ], [ 90.506892880730504, -16.032442830621775 ], [ 90.44345922384889, -16.039120057661947 ], [ 90.381694873727312, -16.047466591462157 ], [ 90.359993885846762, -16.090868567223261 ], [ 90.338292897966213, -16.157640837624957 ], [ 90.318261216845698, -16.206050733666189 ], [ 90.28153646812477, -16.217735880986485 ], [ 90.263174093764306, -16.196034893105935 ], [ 90.221441424763242, -16.20104281338606 ], [ 90.178039449002142, -16.248200729357261 ], [ 90.176370142242092, -16.287846764908267 ], [ 90.206417663922863, -16.317894286589031 ], [ 90.203079050402778, -16.36463487587022 ], [ 90.23813449236367, -16.394682397550984 ], [ 90.288213695164941, -16.431407146271916 ], [ 90.296560228965149, -16.491919516323456 ], [ 90.294890922205113, -16.525305651524302 ], [ 90.25816617348417, -16.545337332644813 ], [ 90.204748357162813, -16.557022479965109 ], [ 90.188055289562399, -16.612109603046509 ], [ 90.154669154361542, -16.643826431487316 ], [ 90.126290939440821, -16.667196726127909 ], [ 90.129629552960907, -16.708929395128973 ], [ 90.112936485360493, -16.743984837089862 ], [ 90.082054310299711, -16.76777245842047 ], [ 90.03197510749844, -16.766103151660428 ], [ 89.940163235696104, -16.764433844900385 ], [ 89.903438486975176, -16.799489286861277 ], [ 89.908446407255298, -16.847899182902506 ], [ 89.908446407255298, -16.899647692463823 ], [ 89.897595913315016, -16.948057588505055 ], [ 89.865879084874223, -16.980191743635867 ], [ 89.805784041512695, -16.986868970676039 ], [ 89.722318703510567, -16.988538277436081 ], [ 89.685593954789624, -17.026515006227047 ], [ 89.657215739868917, -17.065326388398031 ], [ 89.613813764107817, -17.083688762758499 ], [ 89.597120696507389, -17.140445192599941 ], [ 89.630506831708232, -17.182177861601001 ], [ 89.650538512828732, -17.23350904447231 ], [ 89.642191979028539, -17.265643199603126 ], [ 89.571246441726728, -17.345769924085161 ] ] ] ] } },
{ "type": "Feature", "properties": { "id": 83, "name": "Saffron Straits", "type": "strait", "size": 3 }, "geometry": { "type": "MultiPolygon", "coordinates": [ [ [ [ 122.129283406691854, -32.625694540199341 ], [ 122.00143296370679, -32.668311354527695 ], [ 121.894446335739914, -32.725370889443361 ], [ 121.815989475230879, -32.725370889443361 ], [ 121.709002847263989, -32.654046470798775 ], [ 121.637678428619409, -32.654046470798775 ], [ 121.602016219297113, -32.725370889443361 ], [ 121.55922156811036, -32.768165540630115 ], [ 121.544956684381447, -32.853754843003614 ], [ 121.302453660989855, -32.95360902910604 ], [ 121.302453660989855, -33.02493344775062 ], [ 121.281056335396485, -33.124787633853046 ], [ 121.245394126074189, -33.210376936226545 ], [ 121.138407498107313, -33.295966238600052 ], [ 121.109877730649472, -33.353025773515718 ], [ 121.131275056242842, -33.438615075889224 ], [ 121.159804823700682, -33.502807052669347 ], [ 121.131275056242842, -33.58126391317839 ], [ 121.067083079462719, -33.666853215551896 ], [ 121.223996800480805, -33.65972077368744 ], [ 121.323850986583224, -33.58126391317839 ], [ 121.352380754041064, -33.48140972707597 ], [ 121.452234940143484, -33.452879959618137 ], [ 121.55922156811036, -33.410085308431384 ], [ 121.55922156811036, -33.317363564193428 ], [ 121.644810870483866, -33.238906703684378 ], [ 121.716135289128459, -33.253171587413298 ], [ 121.823121917095335, -33.260304029277755 ], [ 121.908711219468842, -33.260304029277755 ], [ 121.972903196248964, -33.288833796735588 ], [ 122.072757382351384, -33.295966238600052 ], [ 122.165479126589346, -33.246039145548842 ], [ 122.236803545233926, -33.174714726904256 ], [ 122.254039858769374, -33.396266041357933 ], [ 122.263723300978342, -33.571105970131491 ], [ 122.246508292606791, -33.781989822682988 ], [ 122.211002337840497, -33.98803195412998 ], [ 122.185179825283171, -34.173093294124151 ], [ 122.163661064818726, -34.306509609003669 ], [ 122.117335144004258, -34.404169393290253 ], [ 122.010348516037382, -34.347109858374587 ], [ 121.874832120612666, -34.290050323458914 ], [ 121.817772585697, -34.397036951425797 ], [ 121.653726422814444, -34.461228928205919 ], [ 121.511077585525271, -34.43983160261255 ], [ 121.411223399422852, -34.347109858374587 ], [ 121.27570700399815, -34.37563962583242 ], [ 121.175852817895716, -34.482626253799296 ], [ 121.16872037603126, -34.589612881766179 ], [ 120.926217352639668, -34.625275091088469 ], [ 120.869157817724002, -34.725129277190888 ], [ 120.890555143317371, -34.824983463293314 ], [ 120.847760492130632, -34.917705207531277 ], [ 120.612389910603497, -34.924837649395734 ], [ 120.601691247806798, -35.019342504099818 ], [ 120.594558805942341, -35.097799364608861 ], [ 120.494704619839922, -35.126329132066694 ], [ 120.387717991873046, -35.126329132066694 ], [ 120.33065845695738, -35.169123783253447 ], [ 120.223671828990504, -35.219050876304657 ], [ 119.981168805598912, -35.26184552749141 ], [ 119.852784852038653, -35.268977969355866 ], [ 119.795725317122987, -35.233315760033577 ], [ 119.874182177632022, -35.112064248337781 ], [ 119.703003572885024, -35.047872271557651 ], [ 119.781460433394059, -34.962282969184145 ], [ 119.717268456613937, -34.919488317997391 ], [ 119.403441014577751, -35.012210062235354 ], [ 119.310719270339803, -34.912355876132935 ], [ 119.26792461915305, -35.012210062235354 ], [ 119.303586828475332, -35.104931806473317 ], [ 119.189467758644, -35.126329132066694 ], [ 119.153805549321703, -35.083534480879941 ], [ 118.675931944402976, -35.140594015795614 ], [ 118.626004851351766, -35.055004713422107 ], [ 118.54041554897826, -35.055004713422107 ], [ 118.526150665249347, -34.955150527319688 ], [ 118.390634269824631, -35.047872271557651 ], [ 118.283647641857755, -35.055004713422107 ], [ 118.262250316264385, -35.097799364608861 ], [ 118.073240606856231, -35.090666922744404 ], [ 117.994783746347181, -34.962282969184145 ], [ 117.830737583464639, -34.883826108675102 ], [ 117.645294094988714, -34.890958550539558 ], [ 117.616764327530873, -34.798236806301595 ], [ 117.502645257699541, -34.783971922572682 ], [ 117.452718164648331, -34.855296341217269 ], [ 117.288672001765775, -34.876693666810645 ], [ 117.253009792443493, -34.805369248166059 ], [ 117.117493397018777, -34.826766573759436 ], [ 117.05330142023864, -34.883826108675102 ], [ 116.860725489898257, -34.919488317997391 ], [ 116.725209094473556, -35.005077620370898 ], [ 116.661017117693419, -34.948018085455232 ], [ 116.682414443286802, -34.883826108675102 ], [ 116.782268629389222, -34.841031457488349 ], [ 116.718076652609085, -34.726912387657009 ], [ 116.718076652609085, -34.64132308528351 ], [ 116.603957582777753, -34.676985294605799 ], [ 116.525500722268703, -34.755442155114849 ], [ 116.375719443115074, -34.819634131894972 ], [ 116.268732815148198, -34.819634131894972 ], [ 116.222371943029216, -34.876693666810645 ], [ 116.224155053495338, -34.946234974989117 ], [ 116.177794181376356, -34.971198521514722 ], [ 116.09220487900285, -35.017559393633704 ], [ 115.978085809171517, -35.078185149481605 ], [ 115.928158716120294, -35.113847358803895 ], [ 115.856834297475714, -35.1388109053295 ], [ 115.703486797389857, -35.1388109053295 ], [ 115.646427262474191, -35.10314869600721 ], [ 115.642861041541963, -35.031824277362624 ], [ 115.589367727558511, -35.003294509904784 ], [ 115.468116215862722, -34.999728288972555 ], [ 115.389659355353672, -34.996162068040327 ], [ 115.386093134421444, -35.063920265752685 ], [ 115.325467378573549, -35.117413579736123 ], [ 115.236311855267815, -35.142377126261728 ], [ 115.136457669165395, -35.120979800668351 ], [ 115.068699471453044, -35.15307578905842 ], [ 114.972411506282853, -35.181605556516253 ], [ 114.886822203909347, -35.15307578905842 ], [ 114.829762668993681, -35.113847358803895 ], [ 114.754872029416859, -35.120979800668351 ], [ 114.687113831704508, -35.156642009990648 ], [ 114.687113831704508, -35.213701544906314 ], [ 114.715643599162334, -35.256496196093067 ], [ 114.72277604102679, -35.2850259635509 ], [ 114.672848947975581, -35.352784161263259 ], [ 114.560512988610355, -35.338519277534338 ], [ 114.457092581575708, -35.338519277534338 ], [ 114.318009965218764, -35.288592184483129 ], [ 114.211023337251888, -35.388446370585548 ], [ 114.043410953437117, -35.452638347365678 ], [ 113.882931011486789, -35.513264103213579 ], [ 113.743848395129845, -35.520396545078036 ], [ 113.579802232247303, -35.427674800840073 ], [ 113.449635168220937, -35.441939684568993 ], [ 113.39257563330527, -35.491866777620203 ], [ 113.360479644915202, -35.509697882281344 ], [ 113.39257563330527, -35.616684510248227 ], [ 113.44250272635648, -35.65947916143498 ], [ 113.435370284492009, -35.712972475418418 ], [ 113.331949877457362, -35.784296894063004 ], [ 113.178602377371504, -35.848488870843134 ], [ 113.025254877285647, -35.880584859233196 ], [ 112.861208714403105, -35.869886196436511 ], [ 112.811281621351881, -35.841356428978671 ], [ 112.818414063216352, -35.802127998724153 ], [ 112.804149179487425, -35.762899568469628 ], [ 112.825546505080808, -35.723671138215103 ], [ 112.875473598132018, -35.698707591689498 ], [ 112.879039819064246, -35.623816952112684 ], [ 112.896870923725388, -35.58102230092593 ], [ 112.832678946945265, -35.59528718465485 ], [ 112.800582958555196, -35.634515614909375 ], [ 112.754222086436215, -35.663045382367208 ], [ 112.718559877113933, -35.652346719570517 ], [ 112.682897667791636, -35.630949393977147 ], [ 112.597382760749099, -35.244850074248269 ], [ 112.589764850549955, -34.909662025486092 ], [ 112.65070813214308, -34.490676964533371 ], [ 112.739065647473964, -34.090787728870545 ], [ 112.792558961457402, -34.108618833531686 ], [ 112.881714484763137, -34.126449938192835 ], [ 112.963737566204415, -34.179943252176272 ], [ 113.124217508154729, -34.176377031244044 ], [ 113.152747275612569, -34.126449938192835 ], [ 113.259733903579445, -34.094353949802773 ], [ 113.352455647817408, -34.11575127539615 ], [ 113.512935589767721, -34.137148600989526 ], [ 113.573561345615616, -34.130016159125063 ], [ 113.616355996802369, -34.072956624209397 ], [ 113.73404128756593, -34.047993077683792 ], [ 113.851726578329504, -34.062257961412712 ], [ 113.933749659770768, -34.097920170735001 ], [ 114.051434950534343, -34.01589708929373 ], [ 114.0585673923988, -33.951705112513601 ], [ 114.140590473840064, -33.912476682259083 ], [ 114.14772291570452, -33.85541714734341 ], [ 114.286805532061464, -33.776960286834367 ], [ 114.251143322739182, -33.737731856579849 ], [ 114.151289136636763, -33.723466972850929 ], [ 114.172686462230132, -33.641443891409658 ], [ 114.137024252907835, -33.58795057742622 ], [ 114.172686462230132, -33.548722147171695 ], [ 114.286805532061464, -33.570119472765072 ], [ 114.372394834434971, -33.577251914629528 ], [ 114.429454369350637, -33.470265286662652 ], [ 114.582801869436494, -33.462241289565135 ], [ 114.700487160200069, -33.426579080242846 ], [ 114.839569776556999, -33.423012859310617 ], [ 114.928725299862734, -33.472939952361827 ], [ 115.085639020880819, -33.476506173294055 ], [ 115.164095881389869, -33.447976405836222 ], [ 115.267516288424517, -33.444410184903994 ], [ 115.4493935559682, -33.444410184903994 ], [ 115.495754428087182, -33.362387103462716 ], [ 115.631270823511898, -33.31959245227597 ], [ 115.574211288596231, -33.216172045241315 ], [ 115.652668149105267, -33.109185417274439 ], [ 115.545681521138391, -33.077089428884378 ], [ 115.4493935559682, -33.034294777697625 ], [ 115.495754428087182, -32.995066347443107 ], [ 115.595608614189601, -32.95940413812081 ], [ 115.663366811901966, -32.916609486934057 ], [ 115.813148091055595, -32.895212161340687 ], [ 115.987892916734822, -32.841718847357249 ], [ 116.01998890512489, -32.773960649644891 ], [ 116.094879544701698, -32.720467335661453 ], [ 116.219697277329729, -32.709768672864762 ], [ 116.369478556483358, -32.77752687057712 ], [ 116.515693614704759, -32.79179175430604 ], [ 116.615547800807178, -32.770394428712663 ], [ 116.740365533435195, -32.77752687057712 ], [ 116.922242800978893, -32.823887742696101 ], [ 117.018530766149084, -32.902344603205144 ], [ 117.101445402823771, -32.906356601753963 ], [ 117.104120068522576, -32.820321521763873 ], [ 117.179010708099398, -32.748997103119287 ], [ 117.200408033692767, -32.670540242610244 ], [ 117.34305687098194, -32.570686056507824 ], [ 117.375152859372008, -32.4458683238798 ], [ 117.346623091914168, -32.420904777354195 ], [ 117.357321754710853, -32.370977684302986 ], [ 117.528500359457865, -32.313918149387312 ], [ 117.672932307213145, -32.206931521420437 ], [ 117.754955388654423, -32.267557277268338 ], [ 117.827171362532411, -32.260870613020451 ], [ 117.842327801494037, -32.183751085360939 ], [ 118.017072627173278, -32.080330678326291 ], [ 118.0812646039534, -31.937681841037122 ], [ 118.209648557513646, -31.891320968918141 ], [ 118.320201406412764, -31.855658759595851 ], [ 118.395092045989571, -31.755804573493432 ], [ 118.498512453024219, -31.663082829255469 ], [ 118.59747508389394, -31.533361542845672 ], [ 118.555571987939885, -31.459808236118402 ], [ 118.541307104210972, -31.388483817473816 ], [ 118.598366639126638, -31.345689166287066 ], [ 118.741015476415811, -31.338556724422606 ], [ 118.805207453195933, -31.313593177897001 ], [ 118.808773674128162, -31.23157009645573 ], [ 118.848002104382687, -31.142414573149999 ], [ 118.91932652302728, -31.04256038704758 ], [ 118.946964735252408, -30.962766193688982 ], [ 118.938940738154514, -30.895453773593115 ], [ 118.85691765671325, -30.884755110796426 ], [ 118.796291900865356, -30.856225343338593 ], [ 118.792725679933127, -30.802732029355155 ], [ 118.714268819424078, -30.777768482829551 ], [ 118.682172831034009, -30.745672494439486 ], [ 118.746364807814146, -30.713576506049424 ], [ 118.767762133407516, -30.645818308337066 ], [ 118.842652772984337, -30.63155342460815 ], [ 118.874748761374391, -30.695745401388276 ], [ 118.885447424171076, -30.752804936303946 ], [ 118.928242075357829, -30.795599587490695 ], [ 119.031662482392477, -30.734973831642797 ], [ 119.099420680104842, -30.767069820032862 ], [ 119.224238412732859, -30.749238715371714 ], [ 119.306261494174137, -30.699311622320504 ], [ 119.391850796547644, -30.702877843252736 ], [ 119.463175215192223, -30.752804936303946 ], [ 119.908952831720882, -30.777768482829551 ], [ 119.933916378246479, -30.663649412998215 ], [ 120.13005852951909, -30.606589878082545 ], [ 120.240611378418194, -30.553096564099107 ], [ 120.233478936553738, -30.453242377996688 ], [ 120.272707366808262, -30.374785517487645 ], [ 120.401091320368522, -30.317725982571975 ], [ 120.415356204097435, -30.214305575537328 ], [ 120.329766901723929, -30.185775808079494 ], [ 120.354730448249541, -30.118017610367136 ], [ 120.422488645961892, -30.078789180112615 ], [ 120.461717076216416, -29.989633656806884 ], [ 120.561571262318836, -29.911176796297841 ], [ 120.62219701816673, -29.875514586975548 ], [ 120.693521436811309, -29.893345691636693 ], [ 120.755038747892669, -29.876851919825157 ], [ 120.791592512447622, -29.823804383458228 ], [ 120.76662896592201, -29.741781302016953 ], [ 120.788026291515393, -29.659758220575682 ], [ 120.741665419396412, -29.634794674050077 ], [ 120.681039663548518, -29.638360894982306 ], [ 120.591884140242783, -29.631228453117849 ], [ 120.559788151852715, -29.581301360066639 ], [ 120.613281465836153, -29.559904034473263 ], [ 120.677473442616289, -29.506410720489825 ], [ 120.681039663548518, -29.463616069303072 ], [ 120.706003210074115, -29.420821418116322 ], [ 120.820122279905448, -29.381592987861801 ], [ 120.912844024143411, -29.335232115742819 ], [ 120.977036000923547, -29.263907697098233 ], [ 121.019830652110286, -29.206848162182567 ], [ 121.097395957386681, -29.177872617108214 ], [ 121.219539024315125, -29.174752173792502 ], [ 121.340790536010928, -29.142656185402441 ], [ 121.397850070926594, -29.121258859809064 ], [ 121.494138036096786, -29.124825080741292 ], [ 121.586859780334748, -29.149788627266897 ], [ 121.665316640843784, -29.121258859809064 ], [ 121.743773501352834, -29.082030429554543 ], [ 121.832929024658569, -29.053500662096706 ], [ 121.897121001438691, -29.04636822023225 ], [ 121.861458792116395, -29.121258859809064 ], [ 121.865025013048623, -29.206848162182567 ], [ 121.811531699065185, -29.271040138962693 ], [ 121.747339722285062, -29.281738801759381 ], [ 121.68938863213674, -29.334786338126303 ], [ 121.72237617575945, -29.438652522777467 ], [ 121.75090594321729, -29.549205371676575 ], [ 121.690280187369396, -29.645493336846766 ], [ 121.608257105928118, -29.748913743881413 ], [ 121.489680259931902, -29.834057268638407 ], [ 121.601124664063661, -29.845201709051604 ], [ 121.740207280420606, -29.781009732271475 ], [ 121.836495245590797, -29.784575953203706 ], [ 121.914952106099832, -29.731082639220265 ], [ 121.994738795172864, -29.975321096523835 ], [ 122.042080068194636, -30.209875585586214 ], [ 122.054991324473292, -30.440126322555702 ], [ 122.076510084937738, -30.635947042782092 ], [ 122.098028845402169, -30.911387176726905 ], [ 122.12815511005239, -31.156701046021503 ], [ 122.145370118423941, -31.432141179966315 ], [ 122.179800135167042, -31.686062553446689 ], [ 122.201318895631474, -31.896946405998182 ], [ 122.231445160281694, -32.064792737620806 ], [ 122.231445160281694, -32.279980342265191 ], [ 122.220685780049465, -32.400485400866039 ], [ 122.207774523770809, -32.514534831327566 ], [ 122.194008894047172, -32.639781587069862 ], [ 122.129283406691854, -32.625694540199341 ] ] ] ] } },
{ "type": "Feature", "properties": { "id": 84, "name": "Bay of Whales", "type": "bay", "size": 3 }, "geometry": { "type": "MultiPolygon", "coordinates": [ [ [ [ 75.658157924686648, 20.546908111758565 ], [ 75.723975662158807, 20.554806240255225 ], [ 75.781895271134317, 20.552173530756338 ], [ 75.834549461112047, 20.560071659252998 ], [ 75.860876556100919, 20.607460430232955 ], [ 75.845080299107593, 20.662747329709571 ], [ 75.916163455577532, 20.710136100689532 ], [ 75.99514474054412, 20.73383048617951 ], [ 76.016206416535226, 20.7943828046539 ], [ 75.968817645555262, 20.802280933150559 ], [ 75.979348483550808, 20.857567832627176 ], [ 76.039900802025201, 20.878629508618268 ], [ 76.108351248996243, 20.886527637114927 ], [ 76.147841891479544, 20.928650989097115 ], [ 76.155740019976207, 20.997759613442891 ], [ 76.224190466947263, 21.028693950054802 ], [ 76.284742785421642, 21.094511687526964 ], [ 76.324233427904943, 21.165594843996903 ], [ 76.313702589909397, 21.226147162471293 ], [ 76.266313818929447, 21.273535933451249 ], [ 76.197863371958391, 21.305128447437887 ], [ 76.196547017208943, 21.372262539659499 ], [ 76.213659628951703, 21.46440737212053 ], [ 76.271579237927213, 21.516403384723539 ], [ 76.326866137403826, 21.532199641716858 ], [ 76.379520327381556, 21.555894027206836 ], [ 76.395316584374882, 21.619079055180112 ], [ 76.397949293873765, 21.690162211650051 ], [ 76.445338064853729, 21.755979949122214 ], [ 76.471665159842587, 21.834961234088809 ], [ 76.561177282804735, 21.907360745308189 ], [ 76.603300634786919, 21.957382225787033 ], [ 76.626995020276894, 22.00740370626588 ], [ 76.600667925288036, 22.05215976774695 ], [ 76.63752585827244, 22.094283119729134 ], [ 76.555911863806955, 22.128508343214659 ], [ 76.548013735310306, 22.167998985697956 ], [ 76.640158567771323, 22.199591499684598 ], [ 76.734936109731251, 22.252245689662328 ], [ 76.827080942192268, 22.31016529863783 ], [ 76.890265970165544, 22.349655941121128 ], [ 76.995574350121018, 22.360186779116674 ], [ 77.058759378094294, 22.336492393626695 ], [ 77.058759378094294, 22.254878399161214 ], [ 77.111413568072024, 22.186427952190162 ], [ 77.33256116597849, 22.181162533192389 ], [ 77.401011612949546, 22.152202728704637 ], [ 77.416807869942858, 22.099548538726907 ], [ 77.395746193951766, 22.038996220252518 ], [ 77.445767674430613, 21.996872868270334 ], [ 77.419440579441741, 21.936320549795941 ], [ 77.424705998439521, 21.878400940820438 ], [ 77.456298512426159, 21.799419655853843 ], [ 77.514218121401655, 21.815215912847162 ], [ 77.564239601880502, 21.875768231321551 ], [ 77.59583211586714, 21.9442186782926 ], [ 77.645853596345987, 21.991607449272561 ], [ 77.727467590811472, 22.010036415764766 ], [ 77.790652618784748, 22.05215976774695 ], [ 77.753794685800329, 22.073221443738042 ], [ 77.690609657827054, 22.070588734239156 ], [ 77.661649853339313, 22.110079376722453 ], [ 77.614261082359349, 22.152202728704637 ], [ 77.60109753486492, 22.218020466176803 ], [ 77.611628372860466, 22.283838203648966 ], [ 77.693242367325951, 22.336492393626695 ], [ 77.764325523795875, 22.383881164606652 ], [ 77.788019909285865, 22.47865870656657 ], [ 77.861735775254687, 22.547109153537619 ], [ 77.988105831201239, 22.639253985998646 ], [ 78.067087116167841, 22.710337142468585 ], [ 78.16713007712552, 22.768256751444088 ], [ 78.27243845708098, 22.839339907914024 ], [ 78.314561809063164, 22.928852030876168 ], [ 78.285602004575424, 23.007833315842763 ], [ 78.243478652593225, 23.05522208682272 ], [ 78.253351313214054, 23.104256301239477 ], [ 78.282311117701795, 23.131899750977787 ], [ 78.331016243431208, 23.160859555465539 ], [ 78.356026983670631, 23.220095519190483 ], [ 78.373139595413392, 23.262218871172671 ], [ 78.436324623386668, 23.32277118964706 ], [ 78.516622263102704, 23.333302027642606 ], [ 78.516622263102704, 23.276698773416545 ], [ 78.568618275705688, 23.234575421434361 ], [ 78.641017786925076, 23.287229611412091 ], [ 78.634436013177861, 23.33066931814372 ], [ 78.610741627687872, 23.349098284635925 ], [ 78.619956110933984, 23.371476315376462 ], [ 78.650232270171173, 23.434661343349738 ], [ 78.675243010410597, 23.482050114329695 ], [ 78.714733652893898, 23.520224402063551 ], [ 78.768704197621062, 23.547867851801858 ], [ 78.80556213060548, 23.539969723305198 ], [ 78.850318192086547, 23.546551497052416 ], [ 78.902972382064277, 23.56103139929629 ], [ 78.94641208879591, 23.611052879775137 ], [ 79.026709728511946, 23.615001944023465 ], [ 79.112272787225763, 23.638696329513444 ], [ 79.17414146044959, 23.662390715003422 ], [ 79.212315748183457, 23.679503326746186 ], [ 79.238642843172315, 23.659758005504536 ], [ 79.258388164413958, 23.59657297753126 ], [ 79.254439100165641, 23.550500561300744 ], [ 79.200468555438462, 23.517591692564665 ], [ 79.147814365460732, 23.48336646907914 ], [ 79.130701753717972, 23.430712279101407 ], [ 79.16031973558043, 23.379045355185767 ], [ 79.197177668564848, 23.351401905447457 ], [ 79.21297392555816, 23.307962198715828 ], [ 79.199810378063731, 23.268142467545168 ], [ 79.176115992573756, 23.194755690263708 ], [ 79.170850573575976, 23.132557928352512 ], [ 79.140574414338786, 23.094712729306018 ], [ 79.147156188086001, 23.044362160139812 ], [ 79.237984665797583, 22.974595358419322 ], [ 79.302486048520308, 22.94300284443268 ], [ 79.424907040218528, 22.940370134933794 ], [ 79.526924533300374, 22.891665009204395 ], [ 79.59537498027143, 22.76529495325784 ], [ 79.709897843472987, 22.693553619413187 ], [ 79.741490357459625, 22.60140878695216 ], [ 79.807308094931798, 22.523743856735006 ], [ 79.837584254168988, 22.428966314775089 ], [ 79.894187508395049, 22.393424736540123 ], [ 79.950790762621111, 22.430282669524534 ], [ 80.028455692838264, 22.401322865036782 ], [ 80.054782787827122, 22.35261773930738 ], [ 80.057415497326019, 22.284167292336331 ], [ 80.071895399569897, 22.192680637250028 ], [ 80.094273430310423, 22.104484869037329 ], [ 80.099538849308203, 22.020238165072961 ], [ 80.069262690071, 21.989962005835764 ], [ 80.023190273840484, 21.98338023208855 ], [ 80.031088402337147, 21.905715301871396 ], [ 80.058731852075454, 21.846479338146448 ], [ 80.061364561574351, 21.776712536425954 ], [ 80.061364561574351, 21.71484386320212 ], [ 80.134422250168441, 21.693124009836296 ], [ 80.168647473653962, 21.723400169073507 ], [ 80.234465211126121, 21.723400169073507 ], [ 80.264741370363325, 21.690491300337428 ], [ 80.322660979338821, 21.625989917614707 ], [ 80.351620783826576, 21.557539470643654 ], [ 80.372682459817668, 21.479874540426504 ], [ 80.384529652562662, 21.414056802954324 ], [ 80.34635536482881, 21.362718967726053 ], [ 80.350304429077141, 21.307432068249433 ], [ 80.379264233564882, 21.298217585003314 ], [ 80.106995761415547, 20.828682424073978 ], [ 79.69562861066197, 20.470640644714383 ], [ 79.345204741501519, 20.280192889735876 ], [ 78.621503272583183, 20.074509314359084 ], [ 78.065395828045936, 19.876443649181436 ], [ 77.554995844703527, 19.678377984003788 ], [ 77.151246604149094, 19.640288433008084 ], [ 76.747497363594661, 19.663142163605507 ], [ 76.305658572044521, 19.937386930774558 ], [ 75.879055600892656, 20.036419763363384 ], [ 75.658136205117586, 20.204013787744472 ], [ 75.59719292352446, 20.386843632523838 ], [ 75.658157924686648, 20.546908111758565 ] ] ] ] } },
{ "type": "Feature", "properties": { "id": 85, "name": "Leviathan Sound", "type": "bay", "size": 3 }, "geometry": { "type": "MultiPolygon", "coordinates": [ [ [ [ 101.772044725636079, 13.094327203071845 ], [ 101.784942558007515, 12.918928570221174 ], [ 101.836533887493772, 12.83048629110189 ], [ 101.755461798301084, 12.793635341468853 ], [ 101.64490894940198, 12.786265151542246 ], [ 101.497505150869841, 12.764154581762424 ], [ 101.482764771016619, 12.653601732863317 ], [ 101.30588021277805, 12.668342112716532 ], [ 101.158476414245911, 12.62412097315689 ], [ 101.081089420016539, 12.526465956629345 ], [ 101.265344168181713, 12.482244817069702 ], [ 101.31693549766797, 12.364321778243987 ], [ 101.427488346567074, 12.297990068904523 ], [ 101.508560435759748, 12.143216080445772 ], [ 101.737036323484574, 12.150586270372379 ], [ 101.773887273117609, 12.076884371106308 ], [ 101.928661261576352, 12.010552661766845 ], [ 102.076065060108505, 11.958961332280595 ], [ 102.127656389594748, 11.81155753374845 ], [ 102.208728478787435, 11.767336394188808 ], [ 102.216098668714039, 11.560971076243808 ], [ 102.164507339227782, 11.39882689785845 ], [ 102.071607283943337, 11.30230118462662 ], [ 102.223468858640643, 11.19246157991345 ], [ 102.341391897466352, 11.185091389986843 ], [ 102.407723606805817, 11.104019300794164 ], [ 102.341391897466352, 11.008206831748272 ], [ 102.282430378053505, 10.875543413069343 ], [ 102.208728478787435, 10.676548285050949 ], [ 102.098175629888317, 10.529144486518806 ], [ 101.987622780989213, 10.425961827546306 ], [ 102.046584300402074, 10.226966699527912 ], [ 101.950771831356178, 10.197485939821485 ], [ 101.83284879253047, 10.07956290099577 ], [ 101.714925753704748, 9.946899482316841 ], [ 101.574892145099213, 9.92478891253702 ], [ 101.473552033608371, 9.885174141681505 ], [ 101.480922223534975, 9.815157337378738 ], [ 101.436701083975336, 9.723029963296149 ], [ 101.503032793314787, 9.678808823736505 ], [ 101.484607318498277, 9.605106924470434 ], [ 101.421960704122114, 9.54983050002088 ], [ 101.359314089745951, 9.472443505791505 ], [ 101.377739564562475, 9.380316131708916 ], [ 101.300352570333104, 9.325039707259362 ], [ 101.222965576103718, 9.280818567699718 ], [ 101.193484816397287, 9.162895528874005 ], [ 101.141893486911044, 9.140784959094184 ], [ 101.005544973268812, 9.166580623837309 ], [ 100.898320597239888, 9.07519621244942 ], [ 100.876566649553183, 9.024704467750119 ], [ 100.976064213562381, 9.0062789929336 ], [ 101.075561777571579, 9.024704467750119 ], [ 101.145578581874346, 8.995223708043691 ], [ 101.211910291213812, 8.947317473520744 ], [ 101.186114626470683, 8.892041049071191 ], [ 101.108727632241312, 8.822024244768421 ], [ 101.093987252388104, 8.74832234550235 ], [ 101.009230068232114, 8.718841585795921 ], [ 101.00185987830551, 8.600918546970208 ], [ 101.049766112828451, 8.519846457777529 ], [ 101.016600258158718, 8.460884938364671 ], [ 100.957638738745871, 8.394553229025208 ], [ 100.942898358892649, 8.261889810346279 ], [ 100.957638738745871, 8.202928290933421 ], [ 100.920787789112822, 8.147651866483868 ], [ 100.832345509993544, 8.08869034707101 ], [ 100.747588325837555, 8.029728827658154 ], [ 100.777069085543985, 7.926546168685653 ], [ 100.850770984810055, 7.886010124089314 ], [ 100.876566649553183, 7.782827465116814 ], [ 100.839715699920148, 7.705440470887439 ], [ 100.773383990580683, 7.661219331327795 ], [ 100.695996996351312, 7.653849141401189 ], [ 100.629665287011846, 7.591202527025028 ], [ 100.655460951754975, 7.53224100761217 ], [ 100.625980192048544, 7.465909298272706 ], [ 100.559648482709079, 7.440113633529581 ], [ 100.456465823736579, 7.450247644678665 ], [ 100.391976661878772, 7.431822169862147 ], [ 100.327487500020951, 7.295473656219915 ], [ 100.235360125938371, 7.251252516660272 ], [ 100.22430484104845, 7.177550617394201 ], [ 100.19482408134202, 7.085423243311611 ], [ 100.113751992149346, 7.055942483605183 ], [ 100.110066897186044, 6.982240584339111 ], [ 100.132177466965871, 6.897483400183129 ], [ 100.065845757626406, 6.845892070696879 ], [ 99.925812149020857, 6.794300741210629 ], [ 99.81157420515845, 6.801670931137235 ], [ 99.656800216699708, 6.7648199815042 ], [ 99.594153602323544, 6.650582037641789 ], [ 99.487285848387742, 6.613731088008754 ], [ 99.343567144818905, 6.598990708155539 ], [ 99.269865245552822, 6.540029188742682 ], [ 99.225644105993183, 6.46632728947661 ], [ 99.122461447020683, 6.4552720045867 ], [ 99.008223503158277, 6.440531624733485 ], [ 99.104035972204173, 6.525288808889468 ], [ 99.155627301690416, 6.646896942678485 ], [ 99.159312396653718, 6.735339221797772 ], [ 99.122342572989695, 6.835609467009417 ], [ 99.078240307461044, 6.864317545513397 ], [ 98.949261983745416, 6.845892070696879 ], [ 98.886615369369252, 6.893798305219825 ], [ 98.930836508928891, 6.993295869229022 ], [ 98.879839549598103, 7.092377374129927 ], [ 98.765007235580242, 7.148069857687772 ], [ 98.702360621204079, 7.107533813091433 ], [ 98.636028911864614, 7.048572293678576 ], [ 98.510735683112287, 7.06331267353179 ], [ 98.42229340399301, 7.129644382871254 ], [ 98.289629985314079, 7.184920807320808 ], [ 98.289629985314079, 7.26967799147679 ], [ 98.333851124873718, 7.354435175632772 ], [ 98.334207746967024, 7.463264351081775 ], [ 98.201187706194787, 7.46498802453188 ], [ 98.086949762332381, 7.52763463890804 ], [ 97.972711818469975, 7.575540873430987 ], [ 97.884269539350683, 7.52763463890804 ], [ 97.817937830011218, 7.531319733871344 ], [ 97.758976310598356, 7.597651443210808 ], [ 97.711070076075416, 7.538689923797951 ], [ 97.648423461699252, 7.560800493577773 ], [ 97.733180645855242, 7.697149007220005 ], [ 97.814252735047916, 7.741370146779648 ], [ 97.85110368468095, 7.885088850348487 ], [ 97.836363304827742, 7.962475844577862 ], [ 97.755291215635054, 8.006696984137506 ], [ 97.749347514081421, 8.133713886340884 ], [ 97.646580914217594, 8.177132626190296 ], [ 97.606044869621243, 8.118171106777439 ], [ 97.543398255245094, 8.110800916850833 ], [ 97.488121830795535, 8.19187300604351 ], [ 97.366513697006511, 8.213983575823333 ], [ 97.278071417887233, 8.33559170961235 ], [ 97.160148379061511, 8.379812849171993 ], [ 97.13066761935508, 8.457199843401368 ], [ 97.141722904245, 8.527216647704137 ], [ 97.135957513737978, 8.632984816852986 ], [ 96.962995798524773, 8.657116245160587 ], [ 96.811906905029332, 8.646060960270677 ], [ 96.764000670506377, 8.58709944085782 ], [ 96.646077631680669, 8.583414345894516 ], [ 96.542894972708169, 8.53550811137157 ], [ 96.506044023075134, 8.487601876848624 ], [ 96.461822883515481, 8.509712446628445 ], [ 96.465507978478797, 8.635005675380766 ], [ 96.38443588928611, 8.705022479683535 ], [ 96.351270034616377, 8.84505608828907 ], [ 96.218606615937446, 8.867166658068891 ], [ 96.012241297992446, 8.852426278215678 ], [ 95.839041834717179, 8.79346475880282 ], [ 95.761654840487807, 8.830315708435856 ], [ 95.942224493689679, 8.933498367408356 ], [ 95.986445633249332, 9.036681026380856 ], [ 95.960649968506203, 9.173029540023089 ], [ 96.082258102295214, 9.217250679582731 ], [ 96.060147532515401, 9.40150542774791 ], [ 96.082258102295214, 9.512058276647018 ], [ 96.163330191487901, 9.530483751463535 ], [ 96.178070571341109, 9.619847304323649 ], [ 96.219438734155048, 9.68501999186063 ], [ 96.08594319725853, 9.667753538846595 ], [ 96.052777342588797, 9.730400153222755 ], [ 96.004871108065842, 9.789361672635613 ], [ 95.875892784350214, 9.785676577672309 ], [ 95.761654840487807, 9.800416957525524 ], [ 95.717433700928169, 9.840953002121863 ], [ 95.48527271824004, 9.852008287011774 ], [ 95.514753477946471, 9.940450566131059 ], [ 95.426311198827179, 9.995726990580613 ], [ 95.378404964304238, 10.047318320066863 ], [ 95.293647780148248, 10.047318320066863 ], [ 95.245741545625307, 10.074035258550815 ], [ 95.264167020441832, 10.103516018257244 ], [ 95.363664584451016, 10.155107347743494 ], [ 95.371034774377634, 10.214068867156351 ], [ 95.385775154230842, 10.284085671459119 ], [ 95.444736673643703, 10.280400576495815 ], [ 95.511068382983169, 10.287770766422422 ], [ 95.518438572909773, 10.354102475761886 ], [ 95.533178952762981, 10.427804375027957 ], [ 95.625306326845575, 10.5217742965922 ], [ 95.636361611735481, 10.661807905197737 ], [ 95.595825567139144, 10.776045849060148 ], [ 95.470532338386832, 10.798156418839969 ], [ 95.367349679414332, 10.871858318106041 ], [ 95.363664584451016, 10.941875122408808 ], [ 95.429996293790481, 10.978726072041844 ], [ 95.441051578680401, 11.048742876344612 ], [ 95.400515534084064, 11.085593825977648 ], [ 95.301017970074867, 11.092964015904256 ], [ 95.282592495258342, 11.162980820207023 ], [ 95.223630975845481, 11.240367814436398 ], [ 95.168354551395936, 11.255108194289612 ], [ 95.131503601762901, 11.351841937076331 ], [ 95.234686260735401, 11.392377981672672 ], [ 95.304703065038169, 11.392377981672672 ], [ 95.415255913937273, 11.506615925535082 ], [ 95.441051578680401, 11.595058204654368 ], [ 95.503698193056564, 11.642964439177314 ], [ 95.584770282249238, 11.672445198883743 ], [ 95.673212561368516, 11.661389913993833 ], [ 95.757969745524505, 11.701925958590172 ], [ 95.816931264937367, 11.786683142746154 ], [ 95.835356739753877, 11.875125421865439 ], [ 95.938539398726377, 11.867755231938833 ], [ 96.08594319725853, 11.897235991645262 ], [ 96.229661900827367, 12.011473935507672 ], [ 96.321789274909946, 12.133082069296691 ], [ 96.314419084983342, 12.258375298049012 ], [ 96.38443588928611, 12.302596437608655 ], [ 96.428657028845763, 12.42051947643437 ], [ 96.391806079212714, 12.457370426067405 ], [ 96.329159464836565, 12.450000236140799 ], [ 96.259142660533797, 12.339447387241691 ], [ 96.130164336818169, 12.339447387241691 ], [ 96.00118601310254, 12.306281532571958 ], [ 95.931169208799773, 12.239949823232495 ], [ 95.824301454863971, 12.199413778636155 ], [ 95.765339935451109, 12.217839253452672 ], [ 95.757969745524505, 12.295226247682047 ], [ 95.787450505230936, 12.361557957021512 ], [ 95.857467309533703, 12.413149286507762 ], [ 96.00118601310254, 12.47211080592062 ], [ 96.096998482148436, 12.538442515260083 ], [ 96.100683577111738, 12.590033844746333 ], [ 95.964335063469505, 12.601089129636245 ], [ 96.019611487919065, 12.663735744012405 ], [ 96.111738862001644, 12.73006745335187 ], [ 96.167015286451203, 12.814824637507853 ], [ 96.244402280680575, 12.847990492177583 ], [ 96.307048895056738, 12.807454447581245 ], [ 96.38443588928611, 12.814824637507853 ], [ 96.421286838919144, 12.888526536773924 ], [ 96.483933453295307, 12.899581821663833 ], [ 96.579745922341203, 12.889447810514749 ], [ 96.638707441754065, 12.963149709780822 ], [ 96.664503106497179, 13.106868413349661 ], [ 96.732974548396072, 13.195964499640381 ], [ 96.598171397157714, 13.198995787432251 ], [ 96.465507978478797, 13.232161642101982 ], [ 96.369695509432901, 13.287438066551536 ], [ 96.314419084983342, 13.235846737065286 ], [ 96.233346995790669, 13.243216926991893 ], [ 96.144904716671377, 13.316918826257965 ], [ 96.08594319725853, 13.493803384496536 ], [ 96.18912585623103, 13.512228859313055 ], [ 96.277568135350307, 13.619096613248859 ], [ 96.155960001561297, 13.655947562881893 ], [ 96.056462437552099, 13.707538892368143 ], [ 96.019611487919065, 13.784925886597518 ], [ 96.706422085342354, 13.953518469349818 ], [ 97.63580712963747, 14.121112493730907 ], [ 98.748022018711964, 14.014461750942942 ], [ 99.768821985396769, 13.9687542897481 ], [ 100.667735388895323, 13.648802061384206 ], [ 101.048630898852338, 13.328849833020312 ], [ 101.642827894385292, 13.222199090232346 ], [ 101.772044725636079, 13.094327203071845 ] ] ] ] } },
{ "type": "Feature", "properties": { "id": 86, "name": "Gullet", "type": "strait", "size": 2 }, "geometry": { "type": "MultiPolygon", "coordinates": [ [ [ [ 23.514307763525377, 6.297398900458178 ], [ 23.493352783989227, 6.353278845887909 ], [ 23.423502852202049, 6.423128777675084 ], [ 23.471836965781609, 6.516526347573397 ], [ 23.512960300206515, 6.57640768698621 ], [ 23.596780218351125, 6.558945204039413 ], [ 23.687585129674453, 6.57640768698621 ], [ 23.823792496659447, 6.548467714271334 ], [ 23.907612414804056, 6.565930197218131 ], [ 23.932059890929569, 6.625302639237229 ], [ 23.973969850001875, 6.674197591488253 ], [ 24.075252251093278, 6.688167577845684 ], [ 24.095547081019454, 6.610925716366152 ], [ 24.105661299104391, 6.482812287290271 ], [ 24.119146923217642, 6.31761339190295 ], [ 24.112404111161016, 6.17938574474213 ], [ 24.078690050877888, 5.950130134816868 ], [ 24.044975990594764, 5.717503118863294 ], [ 24.007890524283322, 5.575904065674162 ], [ 23.970805057971884, 5.420819388371779 ], [ 23.923605373575505, 5.228649244757957 ], [ 23.889891313292381, 5.060078943342323 ], [ 23.85337490526263, 4.927151703205849 ], [ 23.786868932882822, 4.921283529172337 ], [ 23.732099308570039, 4.968228921440438 ], [ 23.708626612435989, 5.024954603764392 ], [ 23.709965389467182, 5.084716231434454 ], [ 23.659725162156718, 5.118845388300593 ], [ 23.646032756078522, 5.185351360680402 ], [ 23.58362767832876, 5.265737429483536 ], [ 23.567301421128889, 5.202466868278147 ], [ 23.564856348614928, 5.140851040926265 ], [ 23.577970765889724, 5.080944956475098 ], [ 23.543339710492045, 5.072144503283889 ], [ 23.510087816621319, 5.047003481840895 ], [ 23.421265875356919, 5.09379300362545 ], [ 23.336980724649102, 5.134249875965202 ], [ 23.208867295573221, 5.20842080858808 ], [ 23.13469636295034, 5.258991899012771 ], [ 23.02006855798771, 5.336534237663963 ], [ 22.912183565081705, 5.43430501248503 ], [ 22.807669978204011, 5.515218757164534 ], [ 22.706527797354632, 5.612989531985601 ], [ 22.622242646646814, 5.693903276665106 ], [ 22.541328901967312, 5.798416863542799 ], [ 22.467565995044424, 5.945981150277471 ], [ 22.509992838337176, 5.959180612635219 ], [ 22.559019412808805, 6.028949199383303 ], [ 22.560905050288483, 6.111917248489132 ], [ 22.62237366992002, 6.146830606495074 ], [ 22.679700211508194, 6.189228385155928 ], [ 22.724955511020465, 6.164715097920116 ], [ 22.715527323622073, 6.094946511172031 ], [ 22.776043519851804, 6.108413144012127 ], [ 22.798495372727903, 6.176028922798183 ], [ 22.894662884191479, 6.162829460440437 ], [ 22.945575096142782, 6.153401273042047 ], [ 22.992716033134734, 6.145858723123336 ], [ 23.088883544598307, 6.153401273042047 ], [ 23.173737231183814, 6.179800197757539 ], [ 23.312331585940143, 6.247683147025943 ], [ 23.437472838559483, 6.224056472081643 ], [ 23.514307763525377, 6.297398900458178 ] ] ] ] } },
{ "type": "Feature", "properties": { "id": 87, "name": "Nagga's Cradle", "type": "bay", "size": 1 }, "geometry": { "type": "MultiPolygon", "coordinates": [ [ [ [ 5.033433267312082, 13.394484899690211 ], [ 4.952760934212495, 13.271016633795325 ], [ 4.676056044182204, 13.16338029080983 ], [ 4.660077046335851, 13.002272303917199 ], [ 4.698494508818797, 12.862572440342841 ], [ 4.788710795544551, 12.756318630377866 ], [ 4.841098244384932, 12.651543732697103 ], [ 4.956951930119728, 12.592075296823976 ], [ 5.052289642108862, 12.583660783428696 ], [ 5.154114066011471, 12.617602258062901 ], [ 5.257306636804583, 12.557150330930389 ], [ 5.320171575413042, 12.637477752485642 ], [ 5.459871438987395, 12.651447738843073 ], [ 5.535012836906414, 12.689256482290661 ], [ 5.644379810727735, 12.749596881640356 ], [ 5.73228617295738, 12.80861008536422 ], [ 5.693570126981811, 12.892276572866201 ], [ 5.587370837089963, 12.969818911517393 ], [ 5.519942716523709, 13.027132813998708 ], [ 5.446623580046511, 13.068505320390889 ], [ 5.445901452629959, 12.948309948938578 ], [ 5.423995930290376, 12.879941572423094 ], [ 5.407025192973275, 12.873813250614139 ], [ 5.366483987160199, 12.871927613134462 ], [ 5.35705579976181, 12.858728150776715 ], [ 5.358941437241487, 12.830443588581547 ], [ 5.344799156143902, 12.808287348195334 ], [ 5.284458756794209, 12.804516073235977 ], [ 5.160006683135465, 12.830914997951469 ], [ 5.122293933541906, 12.853071238337682 ], [ 5.061010715452373, 12.864385063215749 ], [ 5.057239440493017, 12.895498081630436 ], [ 5.106266014964643, 12.908697543988181 ], [ 5.11852265858255, 12.944053246732144 ], [ 5.115694202363033, 12.976580493256586 ], [ 5.143035945818363, 12.979408949476104 ], [ 5.193948157769667, 12.966209487118357 ], [ 5.243917550981133, 12.979408949476104 ], [ 5.271259294436463, 13.005807874191595 ], [ 5.288230031753565, 13.040692167565636 ], [ 5.299543856631632, 13.079819145268957 ], [ 5.289172850493403, 13.134031222809694 ], [ 5.298601037891793, 13.152887597606474 ], [ 5.253601640287008, 13.212560145555907 ], [ 5.209773361918943, 13.261445532966439 ], [ 5.164259380536722, 13.306959514348661 ], [ 5.108631181069563, 13.350787792716725 ], [ 5.033433267312082, 13.394484899690211 ] ] ] ] } }
]
}
