{
"type": "FeatureCollection",
"name": "got_landscape",
"features": [
{ "type": "Feature", "properties": { "id": 1, "name": "Rainwood", "type": "forest", "continent": "Westeros", "size": 3 }, "geometry": { "type": "Polygon", "coordinates": [ [ [ 22.509425065208116, -3.793342836657616 ], [ 22.494166478153961, -3.790172221165841 ], [ 22.479898708440974, -3.780264047754044 ], [ 22.469197881156234, -3.773922816770494 ], [ 22.456515419189135, -3.76877056659636 ], [ 22.438680707047897, -3.763221989485753 ], [ 22.418468033287834, -3.758862393184563 ], [ 22.396868215250112, -3.753313816073956 ], [ 22.373088599061802, -3.751728508328069 ], [ 22.3477236751276, -3.753313816073956 ], [ 22.316413847146322, -3.757277085438675 ], [ 22.2969938272592, -3.756880758502203 ], [ 22.276781153499133, -3.751332181391597 ], [ 22.251812556501406, -3.743009315725687 ], [ 22.232392536614281, -3.73944237329744 ], [ 22.210990882044801, -3.740235027170384 ], [ 22.187211265856487, -3.746972585090406 ], [ 22.161450014985814, -3.754502796883372 ], [ 22.131725494750423, -3.756484431565732 ], [ 22.102397301451504, -3.752917489137484 ], [ 22.075447069771414, -3.744990950408047 ], [ 22.054639905606631, -3.734884613528012 ], [ 22.020555789070055, -3.712987550287942 ], [ 21.984886364787585, -3.693963857337292 ], [ 21.960314094726328, -3.688415280226685 ], [ 21.941290401775678, -3.687622626353742 ], [ 21.901657708128489, -3.685244664734911 ], [ 21.86757359159191, -3.690793241845517 ], [ 21.833489475055327, -3.697134472829067 ], [ 21.809709858867013, -3.707438973177336 ], [ 21.790686165916362, -3.712987550287942 ], [ 21.774833088457488, -3.710609588669111 ], [ 21.751846126142119, -3.695549165083179 ], [ 21.735993048683245, -3.665428317911316 ], [ 21.710628124749043, -3.633722162993566 ], [ 21.680507277577181, -3.607564585186422 ], [ 21.659105623007697, -3.581803334315749 ], [ 21.642856218612348, -3.548710035120347 ], [ 21.618283948551092, -3.509077341473159 ], [ 21.59054106299806, -3.478163840428352 ], [ 21.560816542762669, -3.45973463788241 ], [ 21.512068329576628, -3.444872377764714 ], [ 21.467679712691776, -3.428226646432895 ], [ 21.420913134188094, -3.409202953482245 ], [ 21.39237759476212, -3.395727837642201 ], [ 21.342440400766659, -3.369173932898585 ], [ 21.280613398677044, -3.333504508616115 ], [ 21.217993742714487, -3.293079161095983 ], [ 21.165678587100199, -3.258995044559401 ], [ 21.128423855071841, -3.227288889641651 ], [ 21.083638911250514, -3.193006609636833 ], [ 21.041231929048028, -3.151194117839049 ], [ 20.998032292972606, -3.107003664422435 ], [ 20.971874715165441, -3.082035067424706 ], [ 20.943339175739467, -3.055084835744618 ], [ 20.917181597932323, -3.035268488921024 ], [ 20.897959741513443, -3.026747459786879 ], [ 20.880125029372206, -3.025558478977463 ], [ 20.863875624976856, -3.030314402215125 ], [ 20.842077643470905, -3.038240940944563 ], [ 20.817505373409645, -3.047752787419888 ], [ 20.796500045776636, -3.052508710657551 ], [ 20.776287372016572, -3.05449034533991 ], [ 20.747355505654124, -3.052508710657551 ], [ 20.716838331545787, -3.052905037594023 ], [ 20.695436676976307, -3.057660960831685 ], [ 20.671657060787993, -3.063605864878764 ], [ 20.647084790726737, -3.067569134243482 ], [ 20.625286809220785, -3.071532403608201 ], [ 20.598732904477167, -3.079458942337639 ], [ 20.581690846208875, -3.091348750431795 ], [ 20.564648787940587, -3.099275289161233 ], [ 20.545625094989937, -3.103238558525952 ], [ 20.527195892444009, -3.102247741184772 ], [ 20.50321811278744, -3.092438649507093 ], [ 20.483005439027377, -3.081737822222352 ], [ 20.469133996250861, -3.068262706382308 ], [ 20.444561726189605, -3.054787590542264 ], [ 20.419989456128345, -3.047257378749298 ], [ 20.398191474622394, -3.045275744066939 ], [ 20.366088992768169, -3.042105128575164 ], [ 20.350632242245766, -3.039727166956333 ], [ 20.338544270683396, -3.032494200365721 ], [ 20.328437933803343, -3.017136531577435 ], [ 20.318529760391545, -3.006832031229167 ], [ 20.30267668293267, -2.999698146372673 ], [ 20.288408913219683, -2.998112838626785 ], [ 20.276519105125526, -2.995734877007953 ], [ 20.268592566396087, -2.990582626833819 ], [ 20.262647662349011, -2.97591853018436 ], [ 20.261062354603123, -2.95927279885254 ], [ 20.265421950904312, -2.943816048330137 ], [ 20.269385220269022, -2.918649287864173 ], [ 20.271763181887852, -2.887735786819366 ], [ 20.265421950904305, -2.85285901640984 ], [ 20.253532142810148, -2.834627977332134 ], [ 20.247587238763071, -2.813919894901476 ], [ 20.252739488937202, -2.789446706574339 ], [ 20.27097052801491, -2.769630359750745 ], [ 20.288408913219673, -2.754371772696578 ], [ 20.307432606170323, -2.727421541016489 ], [ 20.320907722010368, -2.702849270955233 ], [ 20.332004876231579, -2.675899039275145 ], [ 20.332004876231579, -2.64736349984917 ], [ 20.338544270683396, -2.629429705973817 ], [ 20.351424896118704, -2.616053671867891 ], [ 20.372826550688185, -2.605749171519622 ], [ 20.399776782368274, -2.594652017298409 ], [ 20.430690283413082, -2.57800628596659 ], [ 20.461603784457886, -2.555811977524165 ], [ 20.488554016137975, -2.530447053589964 ], [ 20.506785055215683, -2.512216014512258 ], [ 20.516296901691007, -2.478131897975676 ], [ 20.530366507935785, -2.456631161672076 ], [ 20.549588364354644, -2.453559627914419 ], [ 20.572575326670012, -2.459900858897969 ], [ 20.582087173145339, -2.473375974738013 ], [ 20.593184327366551, -2.486851090578057 ], [ 20.613793328063089, -2.503496821909876 ], [ 20.635987636505515, -2.518557245495808 ], [ 20.657389291074995, -2.528861745844077 ], [ 20.688302792119803, -2.538373592319402 ], [ 20.713667716054005, -2.542336861684121 ], [ 20.734871207155276, -2.539067164458228 ], [ 20.754093063574135, -2.525691130352302 ], [ 20.776287372016562, -2.503496821909876 ], [ 20.785006564618943, -2.482095167340395 ], [ 20.799868824736667, -2.467728315893289 ], [ 20.824639258266131, -2.458910041556789 ], [ 20.855552759310939, -2.452568810573239 ], [ 20.881710337118083, -2.449398195081464 ], [ 20.913416492035832, -2.439093694733195 ], [ 20.946707954699473, -2.424825925020208 ], [ 20.971280224760729, -2.41055815530722 ], [ 21.000608418059649, -2.390741808483626 ], [ 21.013290880026748, -2.371718115532975 ], [ 21.024388034247959, -2.355072384201156 ], [ 21.04341172719861, -2.341597268361112 ], [ 21.069569305005757, -2.333670729631675 ], [ 21.092556267321125, -2.332085421885787 ], [ 21.102068113796449, -2.329558837665779 ], [ 21.111579960271776, -2.324951537029293 ], [ 21.121884460620045, -2.31925433731751 ], [ 21.12981099934948, -2.311476421189249 ], [ 21.132783451373022, -2.302212279049219 ], [ 21.132981614841256, -2.292452728238599 ], [ 21.135755903396561, -2.284922516445633 ], [ 21.139322845824807, -2.280761083612679 ], [ 21.144871422935413, -2.278184958525611 ], [ 21.154185105942503, -2.277986795057375 ], [ 21.164093279354301, -2.281157410549151 ], [ 21.172416145020208, -2.285517006850341 ], [ 21.181531664559063, -2.289678439683296 ], [ 21.193718717855575, -2.294434362920958 ], [ 21.212147920401517, -2.298793959222149 ], [ 21.229388142138042, -2.302360901650396 ], [ 21.248015508152221, -2.304738863269227 ], [ 21.25832000850049, -2.303351718991576 ], [ 21.27001165312641, -2.302757228586868 ], [ 21.27912717266527, -2.303029703355692 ], [ 21.286954629660588, -2.304243454598637 ], [ 21.290372949487647, -2.305073264121876 ], [ 21.292998615441785, -2.306695727518057 ], [ 21.294336218852369, -2.308144797879533 ], [ 21.295475658794729, -2.310535144715129 ], [ 21.296615098737082, -2.312603475914841 ], [ 21.298448110818267, -2.314498414079848 ], [ 21.300182041165328, -2.316281885293971 ], [ 21.302262757581804, -2.317867193039859 ], [ 21.305185668738286, -2.319997450323395 ], [ 21.307167303420645, -2.320889185930457 ], [ 21.309743428507716, -2.321632298936342 ], [ 21.31271588053125, -2.322325871075167 ], [ 21.314994760415964, -2.323068984081052 ], [ 21.317347951601263, -2.323973104904879 ], [ 21.318834177613031, -2.325112544847235 ], [ 21.320171781023625, -2.326450148257828 ], [ 21.321459843567158, -2.327540047333126 ], [ 21.322995610445986, -2.328332701206069 ], [ 21.324630459058934, -2.329026273344895 ], [ 21.327602911082472, -2.32976938635078 ], [ 21.330575363106011, -2.330562040223724 ], [ 21.331888196083078, -2.330921211509902 ], [ 21.333795519464847, -2.331602398431963 ], [ 21.335603761112502, -2.332308355787553 ], [ 21.337089987124276, -2.333522107030498 ], [ 21.338972540072511, -2.335132185209915 ], [ 21.341598206026639, -2.336965197291098 ], [ 21.343678922443114, -2.338500964169926 ], [ 21.345759638859594, -2.339640404112283 ], [ 21.348236682212541, -2.340680762320522 ], [ 21.351481609004903, -2.341931669213761 ], [ 21.355494419236681, -2.343417895225531 ], [ 21.359011820797871, -2.345003202971418 ], [ 21.362628304093178, -2.346638051584365 ], [ 21.364808102243771, -2.34782703239378 ], [ 21.367037441261427, -2.348966472336137 ], [ 21.370356679354376, -2.350762328767025 ], [ 21.374617193921448, -2.353140290385856 ], [ 21.378481381552049, -2.355072384201157 ], [ 21.380661179702646, -2.356112742409396 ], [ 21.383658402159721, -2.356905396282339 ], [ 21.387126262853844, -2.357660894504989 ], [ 21.392377594762095, -2.3590975796497 ], [ 21.39643994586093, -2.360286560459115 ], [ 21.400254592624474, -2.361673704736767 ], [ 21.403028881179775, -2.363308553349714 ], [ 21.404960974995078, -2.364299370690893 ], [ 21.40704169141156, -2.364831935011777 ], [ 21.410360929504506, -2.365042483696778 ], [ 21.414175576268047, -2.365191106297955 ], [ 21.418138845632765, -2.365884678436781 ], [ 21.421903951529249, -2.366726873176784 ], [ 21.425272730489258, -2.367271822714432 ], [ 21.428641509449278, -2.367408060098844 ], [ 21.432307533611635, -2.367123200113255 ], [ 21.435279985635173, -2.366132382772076 ], [ 21.438450601126949, -2.365389269766191 ], [ 21.440977185346959, -2.364992942829719 ], [ 21.443999178237558, -2.364794779361483 ], [ 21.44716979372933, -2.363704880286186 ], [ 21.451430308296406, -2.362119572540298 ], [ 21.457672457545836, -2.358948957048523 ], [ 21.463914606795267, -2.355481096354394 ], [ 21.468373284830577, -2.35320221646968 ], [ 21.471147573385878, -2.350378387047318 ], [ 21.475011761016482, -2.345672004676715 ], [ 21.479668602520025, -2.341609653577878 ], [ 21.483532790150626, -2.338439038086102 ], [ 21.487198814312993, -2.335070259126092 ], [ 21.488982285527115, -2.332989542709614 ], [ 21.489774939400057, -2.330562040223724 ], [ 21.490815297608293, -2.324617136176645 ], [ 21.491112542810647, -2.315897943574264 ], [ 21.491112542810647, -2.306881505769529 ], [ 21.492004278417713, -2.293356849062425 ], [ 21.492995095758893, -2.280278060158853 ], [ 21.496512497320079, -2.26873503813411 ], [ 21.500525307551857, -2.259867222930551 ], [ 21.504686740384813, -2.254714972756417 ], [ 21.511027971368364, -2.250355376455226 ], [ 21.527079212295472, -2.246441647957566 ], [ 21.546895559119069, -2.246837974894038 ], [ 21.565919252069719, -2.248423282639925 ], [ 21.583357637274482, -2.250801244258757 ], [ 21.596832753114526, -2.25357553281406 ], [ 21.612685830573401, -2.253971859750532 ], [ 21.63131319658758, -2.254764513623476 ], [ 21.651525870347648, -2.254368186687004 ], [ 21.670153236361823, -2.252782878941116 ], [ 21.69234754480425, -2.248819609576397 ], [ 21.7113712377549, -2.246441647957566 ], [ 21.730394930705547, -2.246144402755212 ], [ 21.751003931402089, -2.248026955703454 ], [ 21.766460681924492, -2.247630628766982 ], [ 21.781422023776305, -2.24673889315992 ], [ 21.801634697536368, -2.245549912350504 ], [ 21.819469409677605, -2.243766441136381 ], [ 21.838294939160019, -2.241982969922257 ], [ 21.85999383893186, -2.23792061882342 ], [ 21.876441406795436, -2.234452758129291 ], [ 21.895663263214324, -2.23257020518105 ], [ 21.915875936974391, -2.232272959978696 ], [ 21.935295956861513, -2.233362859053994 ], [ 21.954914140216875, -2.236632556279887 ], [ 21.974135996635759, -2.242874705529319 ], [ 21.989196420221692, -2.247729710501099 ], [ 22.004256843807621, -2.254764513623476 ], [ 22.016542978838253, -2.263384624491739 ], [ 22.028036459995938, -2.270122182411761 ], [ 22.039133614217146, -2.275373514320014 ], [ 22.047951888553651, -2.280823009696502 ], [ 22.058850879306625, -2.285777096402401 ], [ 22.068759052718423, -2.290731183108299 ], [ 22.07955896173728, -2.29360455339772 ], [ 22.08996254381967, -2.29509077940949 ], [ 22.102843169255006, -2.296874250623613 ], [ 22.114534813880926, -2.299846702647153 ], [ 22.12791084798685, -2.306287015364821 ], [ 22.143664843711612, -2.31510528970132 ], [ 22.159914248106958, -2.32342815536723 ], [ 22.181712229612913, -2.334921636524915 ], [ 22.201627658170622, -2.350675632249672 ], [ 22.218174307768326, -2.367816772252081 ], [ 22.228577889850708, -2.386345056532142 ], [ 22.247106174130774, -2.404675177343967 ], [ 22.261770270780232, -2.419735600929898 ], [ 22.279604982921466, -2.435192351452302 ], [ 22.297043368126232, -2.450748183708824 ], [ 22.312500118648632, -2.462241664866508 ], [ 22.328749523043982, -2.472149838278305 ], [ 22.352132812295821, -2.479680050071271 ], [ 22.375070233744147, -2.491309768613365 ], [ 22.398899390799507, -2.501874358513697 ], [ 22.42817804323138, -2.509937134627543 ], [ 22.46464012138679, -2.51984530803934 ], [ 22.497584797981006, -2.522186114007881 ], [ 22.533601008332898, -2.517467346420509 ], [ 22.568527319609473, -2.513070594469028 ], [ 22.605732510770782, -2.506370192199296 ], [ 22.643036783666187, -2.495632209264265 ], [ 22.675486051589836, -2.484572210693343 ], [ 22.708628891652285, -2.472645246948895 ], [ 22.748410207900658, -2.46515219080622 ], [ 22.788686932819605, -2.458377477235907 ], [ 22.828468249067978, -2.454847690457951 ], [ 22.875284368438713, -2.454414207871189 ], [ 22.923636254688283, -2.455603188680604 ], [ 22.958463484230755, -2.451677074966176 ], [ 22.97456426602492, -2.444109707522919 ], [ 22.994380612848513, -2.428256630064044 ], [ 23.012363947590931, -2.402532534843663 ], [ 23.021875794066254, -2.375582303163575 ], [ 23.029802332795693, -2.328023070786949 ], [ 23.02504640955803, -2.286805069393874 ], [ 23.013949255336819, -2.249550337365517 ], [ 23.000474139496777, -2.222600105685429 ], [ 22.973523907816688, -2.19961314337006 ], [ 22.935476521915387, -2.172662911689971 ], [ 22.895051174395253, -2.156809834231096 ], [ 22.846699288145686, -2.141749410645165 ], [ 22.815785787100875, -2.125103679313346 ], [ 22.784079632183129, -2.105881822894459 ], [ 22.765055939232475, -2.08388567792027 ], [ 22.755544092757152, -2.053566667280171 ], [ 22.75712940050304, -2.021067858489477 ], [ 22.768226554724254, -1.995702934555276 ], [ 22.792006170912565, -1.951314317670425 ], [ 22.806273940625552, -1.929120009228 ], [ 22.83044988375034, -1.903556921825563 ], [ 22.863741346413978, -1.887703844366688 ], [ 22.906148328616467, -1.88175894031961 ], [ 22.935476521915387, -1.898999162056137 ], [ 22.974316561689633, -1.928327355355056 ], [ 23.01553456308271, -1.964789433510469 ], [ 23.047240718000459, -1.998873550047051 ], [ 23.075776257426433, -2.045640128550733 ], [ 23.092421988758254, -2.066249129247271 ], [ 23.121750182057173, -2.08923609156264 ], [ 23.166138798942022, -2.109052438386235 ], [ 23.206564146462156, -2.132832054574547 ], [ 23.249367455601117, -2.162160247873467 ], [ 23.276317687281207, -2.184354556315892 ], [ 23.290981783930668, -2.2103139706548 ], [ 23.316743034801348, -2.236075221525473 ], [ 23.348449189719098, -2.263818107078504 ], [ 23.385703921747453, -2.290768338758592 ], [ 23.437226423488799, -2.309792031709243 ], [ 23.483200348119539, -2.316133262692793 ], [ 23.532344888242051, -2.319303878184568 ], [ 23.570392274143352, -2.328815724659893 ], [ 23.598927813569325, -2.350217379229375 ], [ 23.61240292940937, -2.384301495765957 ], [ 23.626670699122361, -2.417989285366066 ], [ 23.65362093080245, -2.441768901554379 ], [ 23.686516066529617, -2.454055036585008 ], [ 23.723374471621501, -2.45445136352148 ], [ 23.78916474307583, -2.45881095982267 ], [ 23.847028475800727, -2.465548517742692 ], [ 23.889831784939695, -2.475654854622725 ], [ 23.945317556045758, -2.492300585954544 ], [ 23.998425365532988, -2.519250817634632 ], [ 24.038058059180177, -2.519250817634632 ], [ 24.097507099650958, -2.509738971159307 ], [ 24.146651639773474, -2.493093239827488 ], [ 24.184302698738303, -2.474069546876838 ], [ 24.233050911924344, -2.428888276119043 ], [ 24.241770104526726, -2.378951082123586 ], [ 24.254452566493825, -2.336147772984623 ], [ 24.271890951698587, -2.305234271939816 ], [ 24.292499952395126, -2.284625271243278 ], [ 24.320639164884632, -2.274320770895009 ], [ 24.363838800960064, -2.290173848353884 ], [ 24.38603310940249, -2.320294695525747 ], [ 24.410605379463746, -2.355964119808217 ], [ 24.427251110795567, -2.387670274725967 ], [ 24.45103072698388, -2.409071929295449 ], [ 24.481151574155742, -2.428888276119043 ], [ 24.516028344565267, -2.440778084213199 ], [ 24.554868384339514, -2.454253200053243 ], [ 24.590537808621981, -2.471691585258006 ], [ 24.612732117064407, -2.494678547573375 ], [ 24.621451309666774, -2.52618653902289 ], [ 24.626207232904452, -2.572358627121864 ], [ 24.62779254065034, -2.62625909048204 ], [ 24.628585194523282, -2.672233015112778 ], [ 24.623829271285622, -2.70195753534817 ], [ 24.603616597525555, -2.729700420901202 ], [ 24.561605942259536, -2.75030942159774 ], [ 24.52038794086646, -2.759821268073065 ], [ 24.483133208838105, -2.76933311454839 ], [ 24.449445419237993, -2.784393538134321 ], [ 24.415757629637884, -2.809758462068522 ], [ 24.390392705703682, -2.841464616986272 ], [ 24.368991051134202, -2.870000156412248 ], [ 24.342040819454112, -2.902498965202942 ], [ 24.315883241646969, -2.923900619772424 ], [ 24.279024836555081, -2.94946370717486 ], [ 24.23859948903495, -2.966902092379623 ], [ 24.200552103133649, -2.986718439203217 ], [ 24.15814512093116, -3.000193555043261 ], [ 24.119305081156917, -3.005742132153868 ], [ 24.077294425890894, -3.011290709264474 ], [ 24.03449111675193, -3.029323584873944 ], [ 23.994858423104741, -3.054292181871673 ], [ 23.957603691076383, -3.064596682219942 ], [ 23.925897536158633, -3.078071798059986 ], [ 23.906081189335037, -3.095510183264749 ], [ 23.89419138124088, -3.121667761071893 ], [ 23.882301573146727, -3.14624003113315 ], [ 23.864070534069018, -3.167641685702631 ], [ 23.83513866770657, -3.187656195994461 ], [ 23.792335358567605, -3.213813773801605 ], [ 23.743190818445093, -3.230459505133425 ], [ 23.679778508609591, -3.243934620973469 ], [ 23.635389891724738, -3.241556659354637 ], [ 23.601305775188159, -3.232837466752256 ], [ 23.572770235762182, -3.231252159006368 ], [ 23.54502735020915, -3.242349313227581 ], [ 23.529174272750275, -3.259787698432344 ], [ 23.525211003385557, -3.284359968493601 ], [ 23.520058753211426, -3.301996517166599 ], [ 23.508565272053737, -3.318444085030182 ], [ 23.482605857714827, -3.327559604569036 ], [ 23.454070318288853, -3.327559604569036 ], [ 23.427120086608763, -3.323200008267845 ], [ 23.403736797356924, -3.314480815665464 ], [ 23.377975546486251, -3.307743257745442 ], [ 23.350232660933219, -3.305761623063082 ], [ 23.31495956358722, -3.305761623063082 ], [ 23.264031552250586, -3.312499180983104 ], [ 23.21607599293749, -3.322407354394901 ], [ 23.182388203337378, -3.337071451044361 ], [ 23.150087558014917, -3.359463922955022 ], [ 23.129676720786613, -3.383144457409218 ], [ 23.107482412344186, -3.403158967701047 ], [ 23.091233007948841, -3.423569804929349 ], [ 23.06983135337936, -3.440611863197641 ], [ 23.031783967478059, -3.4679584218142 ], [ 22.989376985275566, -3.481433537654244 ], [ 22.960445118913118, -3.492332528407221 ], [ 22.925568348503592, -3.514130509913175 ], [ 22.904959347807054, -3.533946856736769 ], [ 22.886728308729346, -3.554159530496835 ], [ 22.875631154508135, -3.577146492812204 ], [ 22.86810094271517, -3.59101793558872 ], [ 22.861759711731619, -3.60171876287346 ], [ 22.852049701788061, -3.611527854551139 ], [ 22.835998460860946, -3.624309398252358 ], [ 22.823315998893847, -3.641153293052412 ], [ 22.80310332513378, -3.657997187852468 ], [ 22.78209799750077, -3.669688832478388 ], [ 22.756733073566568, -3.675831899993702 ], [ 22.730179168822954, -3.677020880803118 ], [ 22.704814244888752, -3.674642919184287 ], [ 22.68539422500163, -3.667905361264265 ], [ 22.667955839796868, -3.66275311109013 ], [ 22.650517454592105, -3.658591678257175 ], [ 22.635060704069701, -3.660375149471299 ], [ 22.620396607420243, -3.666518216986613 ], [ 22.607515981984907, -3.679894251092539 ], [ 22.599787606723705, -3.695053756412588 ], [ 22.588888615970731, -3.713185713756177 ], [ 22.574620846257741, -3.732605733643299 ], [ 22.561145730417699, -3.755196369022197 ], [ 22.546481633768238, -3.77263475422696 ], [ 22.530232229372892, -3.786506197003475 ], [ 22.520522219429328, -3.790964875038784 ], [ 22.509425065208116, -3.793342836657616 ] ] ] } },
{ "type": "Feature", "properties": { "id": 2, "name": "Kingswood", "type": "forest", "continent": "Westeros", "size": 3 }, "geometry": { "type": "Polygon", "coordinates": [ [ [ 21.604214342306332, 3.212033010685253 ], [ 21.667626652141831, 3.173985624783953 ], [ 21.740550808452657, 3.164473778308628 ], [ 21.830913349968245, 3.17557093252984 ], [ 21.887984428820197, 3.193009317734604 ], [ 21.951396738655699, 3.218374241668804 ], [ 22.00371189426998, 3.231056703635904 ], [ 22.098830359023239, 3.229471395890017 ], [ 22.162242668858735, 3.205691779701703 ], [ 22.220899055456663, 3.150206008595647 ], [ 22.260531749103762, 3.047161005112951 ], [ 22.257361133611987, 2.939360078392599 ], [ 22.225654978694234, 2.815706074213371 ], [ 22.159072053366959, 2.711075762984795 ], [ 22.048100511154832, 2.584251143313792 ], [ 21.918105275992055, 2.44474406167569 ], [ 21.886399121074305, 2.349625596922438 ], [ 21.88322850558253, 2.244995285693861 ], [ 21.910178737262704, 2.072196741392128 ], [ 21.907008121770847, 1.99610196958952 ], [ 21.887984428820197, 1.931104352008131 ], [ 21.856278273902447, 1.87403327315618 ], [ 21.800792502796384, 1.845497733730205 ], [ 21.751647962673953, 1.831229964017223 ], [ 21.681894421854821, 1.840741810492542 ], [ 21.627993958494642, 1.87403327315618 ], [ 21.572508187388578, 1.878789196393843 ], [ 21.517022416282519, 1.862936118934968 ], [ 21.421903951529266, 1.840741810492542 ], [ 21.377515334644414, 1.786841347132366 ], [ 21.342638564234889, 1.729770268280415 ], [ 21.32995610226779, 1.669528573936689 ], [ 21.31093240931714, 1.590263186642313 ], [ 21.269714407924063, 1.530021492298587 ], [ 21.171425327679039, 1.472950413446636 ], [ 21.028747630549159, 1.406367488119359 ], [ 20.892411164402834, 1.323931485333208 ], [ 20.794122084157806, 1.241495482547057 ], [ 20.708515465879881, 1.16223009525268 ], [ 20.613397001126629, 1.032234860089903 ], [ 20.54681407579935, 0.8927277784518 ], [ 20.537302229324027, 0.810291775665649 ], [ 20.562667153258225, 0.696149617961747 ], [ 20.572178999733552, 0.59151930673317 ], [ 20.543643460307571, 0.501949419090524 ], [ 20.477060534980382, 0.461524071570399 ], [ 20.369259608259942, 0.435366493763248 ], [ 20.248776219572491, 0.444878340238574 ], [ 20.15999898580279, 0.406830954337273 ], [ 20.106098522442615, 0.356101106468872 ], [ 20.061709905557763, 0.257812026223845 ], [ 20.014150673181138, 0.140499253028168 ], [ 19.953908978837411, 0.058063250242017 ], [ 19.868302360559483, 0.010504017865391 ], [ 19.779525126789782, -0.011690290577035 ], [ 19.690747893020081, -0.05924952295366 ], [ 19.563923273349079, -0.081443831396086 ], [ 19.456122346628813, -0.091748331744347 ], [ 19.364174497367252, -0.090955677871411 ], [ 19.259544186138672, -0.065590753937211 ], [ 19.167596336877196, -0.00851967508526 ], [ 19.098425196850457, 0.061023622047289 ], [ 19.047112948189746, 0.115134329093968 ], [ 19.021748024255544, 0.194399716388344 ], [ 18.993212484829655, 0.32043168218641 ], [ 18.977359407370692, 0.387807261386623 ], [ 18.945653252452942, 0.489266957123424 ], [ 18.890167481346872, 0.588348691241395 ], [ 18.788707785610072, 0.623225461650921 ], [ 18.706271782823919, 0.613713615175595 ], [ 18.652371319463743, 0.57249561378252 ], [ 18.59212962512002, 0.521765765914119 ], [ 18.433598850531265, 0.499571457471693 ], [ 18.300432999876712, 0.483718380012818 ], [ 18.170437764713935, 0.496400841979918 ], [ 18.081660530944234, 0.515424534930569 ], [ 18.021418836600507, 0.562983767307194 ], [ 17.999224528158081, 0.61688423066737 ], [ 18.002395143649856, 0.677125925011096 ], [ 18.027760067584058, 0.740538234846598 ], [ 18.084831146436009, 0.797609313698549 ], [ 18.15458468725506, 0.861814277406994 ], [ 18.22433822807411, 0.956932742160245 ], [ 18.290921153401388, 1.026686282979296 ], [ 18.316286077335587, 1.105951670273673 ], [ 18.306774230860263, 1.207411366010475 ], [ 18.271897460450738, 1.267653060354201 ], [ 18.249703152008312, 1.353259678632127 ], [ 18.217996997090562, 1.483254913794904 ], [ 18.202143919631688, 1.584714609531706 ], [ 18.181534918935153, 1.712331883075652 ], [ 18.152999379509179, 1.845497733730204 ], [ 18.111781378116103, 1.937445582991681 ], [ 18.048369068280603, 2.010369739302507 ], [ 17.953250603527351, 2.102317588563984 ], [ 17.839108445823449, 2.14353558995706 ], [ 17.690089517710021, 2.16255928290771 ], [ 17.607653514923868, 2.203777284300786 ], [ 17.550582436071917, 2.241824670202087 ], [ 17.515705665662477, 2.292554518070495 ], [ 17.515705665662392, 2.336943134955338 ], [ 17.550582436071917, 2.381331751840189 ], [ 17.613994745907419, 2.435232215200365 ], [ 17.636189054349845, 2.501815140527641 ], [ 17.613994745907419, 2.571568681346692 ], [ 17.575947360006118, 2.628639760198643 ], [ 17.525217512137719, 2.666687146099944 ], [ 17.506193819187068, 2.72692884044367 ], [ 17.528388127629494, 2.790341150279171 ], [ 17.572776744514428, 2.839485690401691 ], [ 17.645700900825169, 2.894971461507748 ], [ 17.740819365578421, 2.910824538966623 ], [ 17.845449676806997, 2.885459615032423 ], [ 17.934226910576701, 2.837900382655797 ], [ 18.035686606313501, 2.742781917902545 ], [ 18.14031691754208, 2.673028377083494 ], [ 18.257629690737755, 2.615957298231543 ], [ 18.330553847048581, 2.606445451756218 ], [ 18.43518415827716, 2.615957298231543 ], [ 18.530302623030412, 2.654004684132844 ], [ 18.58737370188236, 2.698393301017695 ], [ 18.619079856800113, 2.74595253339432 ], [ 18.650786011717862, 2.809364843229821 ], [ 18.682492166635612, 2.869606537573548 ], [ 18.726880783520464, 2.917165769950173 ], [ 18.771269400405401, 2.940945386138493 ], [ 18.816054344226643, 2.943917838162025 ], [ 18.871540115332706, 2.92806476070315 ], [ 18.930196501930546, 2.901114529023062 ], [ 18.99677942725782, 2.861481835375874 ], [ 19.037601101714504, 2.826803228434591 ], [ 19.09348319975696, 2.823434449474573 ], [ 19.142627739879472, 2.837702219187561 ], [ 19.191772280001988, 2.863067143121762 ], [ 19.250428666599824, 2.888432067055962 ], [ 19.347132439098964, 2.907455760006612 ], [ 19.450177442581655, 2.918552914227825 ], [ 19.557582042365613, 2.915580462204292 ], [ 19.611878832662182, 2.932820683940813 ], [ 19.653096834055258, 2.958185607875013 ], [ 19.686388296718896, 2.994647686030426 ], [ 19.722850374874309, 3.035865687423502 ], [ 19.764068376267385, 3.077083688816578 ], [ 19.823913743674719, 3.105817391710796 ], [ 19.881381149463053, 3.112356786162575 ], [ 19.954305305773879, 3.099674324195475 ], [ 20.039911924051808, 3.082235938990712 ], [ 20.131859773313284, 3.085406554482487 ], [ 20.207954545115882, 3.096900035640171 ], [ 20.252343162000734, 3.123850267320259 ], [ 20.30624362536091, 3.169824191950998 ], [ 20.345876319008099, 3.211042193344074 ], [ 20.390264935892951, 3.261772041212474 ], [ 20.417215167573037, 3.307745965843213 ], [ 20.439409476015463, 3.347378659490401 ], [ 20.489742996947481, 3.378490324003451 ], [ 20.547210402735814, 3.393352584121139 ], [ 20.615378635808977, 3.391767276375252 ], [ 20.667693791423265, 3.40603504608824 ], [ 20.720008947037556, 3.439326508751877 ], [ 20.761226948430629, 3.475788586907291 ], [ 20.804030257569593, 3.504324126333266 ], [ 20.856345413183881, 3.515024953618008 ], [ 20.911831184289944, 3.509080049570929 ], [ 20.972072878633671, 3.491641664366166 ], [ 21.051338265928049, 3.483715125636728 ], [ 21.106824037034109, 3.483318798700257 ], [ 21.135359576460086, 3.484111452573201 ], [ 21.158742865711936, 3.481535327486133 ], [ 21.188863712883798, 3.456170403551933 ], [ 21.196790251613237, 3.41970832539652 ], [ 21.195204943867349, 3.380075631749332 ], [ 21.184107789646134, 3.308736783184393 ], [ 21.18727840513791, 3.242153857857117 ], [ 21.230081714276874, 3.193009317734604 ], [ 21.282396869891162, 3.185082779005166 ], [ 21.329956102267786, 3.199350548718153 ], [ 21.382271257882078, 3.216788933922916 ], [ 21.434586413496366, 3.221544857160579 ], [ 21.513851800790743, 3.216788933922916 ], [ 21.558240417675592, 3.224715472652354 ], [ 21.604214342306332, 3.212033010685253 ] ] ] } },
{ "type": "Feature", "properties": { "id": 3, "name": null, "type": "forest", "continent": "Westeros", "size": 2 }, "geometry": { "type": "Polygon", "coordinates": [ [ [ 5.537807304426163, 3.698293134491465 ], [ 5.600664756550604, 3.689428622012377 ], [ 5.637734536008607, 3.656388166408505 ], [ 5.684474692716526, 3.620124251721327 ], [ 5.705427176758005, 3.566131312075974 ], [ 5.657075290508435, 3.501662130409881 ], [ 5.581324002050777, 3.427925503879288 ], [ 5.542642493051121, 3.33928037908841 ], [ 5.502349254509812, 3.284078642286818 ], [ 5.460444286426852, 3.165213588589959 ], [ 5.405645482010673, 3.087850570590648 ], [ 5.325059004928058, 3.067703951319993 ], [ 5.241249068762135, 3.065286357007515 ], [ 5.171944698471086, 3.061257033153384 ], [ 5.150992214429606, 3.035469360486947 ], [ 5.170332968929434, 3.019352065070424 ], [ 5.250919446012049, 2.996787851487291 ], [ 5.331505923094666, 2.916201374404675 ], [ 5.363740513927712, 2.832391438238754 ], [ 5.370187432094322, 2.658324647740304 ], [ 5.273483659595182, 2.522939366241508 ], [ 5.10586378726334, 2.394001002909322 ], [ 4.941467374014803, 2.265062639577136 ], [ 4.838316683349055, 2.248945344160613 ], [ 4.712601779100174, 2.297297230410183 ], [ 4.638462220184167, 2.387554084742713 ], [ 4.617509736142687, 2.497151693575071 ], [ 4.630403572475906, 2.55195049799125 ], [ 4.677143729183824, 2.60030238424082 ], [ 4.725495615433394, 2.626090056907257 ], [ 4.75773020626644, 2.667995024990217 ], [ 4.804470362974357, 2.721182099864744 ], [ 4.791576526641139, 2.748581502072834 ], [ 4.7996351743494, 2.792098199697446 ], [ 4.856045708307231, 2.832391438238754 ], [ 4.88344511051532, 2.89202543127989 ], [ 4.856045708307231, 2.943600776612765 ], [ 4.798023444807748, 2.968179652122962 ], [ 4.77868269030792, 3.003637702039314 ], [ 4.785129608474529, 3.061659965538797 ], [ 4.852822249223927, 3.124517417663238 ], [ 4.922126619514976, 3.223638784474856 ], [ 5.02205385109742, 3.320342556973995 ], [ 5.102640328180036, 3.388035197723393 ], [ 5.180003346179348, 3.426716706723048 ], [ 5.215461396095699, 3.49763280655575 ], [ 5.267036741428573, 3.555655070055234 ], [ 5.318612086761448, 3.602395226763151 ], [ 5.386304727510844, 3.649135383471069 ], [ 5.4588325568852, 3.689428622012377 ], [ 5.537807304426163, 3.698293134491465 ] ] ] } },
{ "type": "Feature", "properties": { "id": 4, "name": null, "type": "forest", "continent": "Westeros", "size": 1 }, "geometry": { "type": "Polygon", "coordinates": [ [ [ 17.115121817656206, 8.031415766933982 ], [ 17.156199035890793, 8.090097507269107 ], [ 17.205100486170064, 8.119438377436671 ], [ 17.308771560762118, 8.156603479648917 ], [ 17.406574461320663, 8.174208001749454 ], [ 17.49459707182335, 8.148779247604233 ], [ 17.565015160225499, 8.07444904317974 ], [ 17.578707566303695, 8.005987012788761 ], [ 17.554862766985885, 7.868240391131438 ], [ 17.4968405034864, 7.784430454965517 ], [ 17.40658364915387, 7.681279764299768 ], [ 17.30343295848812, 7.552341400967583 ], [ 17.212924718214747, 7.503280103917853 ], [ 17.119033933678548, 7.558049728230637 ], [ 17.072088541410448, 7.624555700610446 ], [ 17.085780947488644, 7.673457150889717 ], [ 17.144462687823768, 7.730182833213672 ], [ 17.173803557991331, 7.798644863604651 ], [ 17.144462687823768, 7.872975068029143 ], [ 17.09947335356684, 7.921876518308415 ], [ 17.083824889477473, 7.964909794554173 ], [ 17.115121817656206, 8.031415766933982 ] ] ] } },
{ "type": "Feature", "properties": { "id": 6, "name": "Whispering Wood", "type": "forest", "continent": "Westeros", "size": 1 }, "geometry": { "type": "Polygon", "coordinates": [ [ [ 12.045244555735344, 10.230966244082962 ], [ 12.0626239748019, 10.306311233925678 ], [ 12.093920902980635, 10.376729322327829 ], [ 12.150646585304589, 10.462795874819346 ], [ 12.219108615695568, 10.613412341679501 ], [ 12.273878240008353, 10.734687938372094 ], [ 12.301263052164744, 10.803149968763075 ], [ 12.350164502444015, 10.873568057165224 ], [ 12.422538648857337, 10.904864985343957 ], [ 12.535990013505247, 10.881392289209908 ], [ 12.559462709639297, 10.812930258818929 ], [ 12.569242999695151, 10.679918314059311 ], [ 12.54381424554993, 10.558642717366718 ], [ 12.506649143337683, 10.423674714595929 ], [ 12.422538648857337, 10.267190073702261 ], [ 12.344296328410502, 10.163518999110206 ], [ 12.242581311829619, 10.104837258775081 ], [ 12.138910237237564, 10.10288120076391 ], [ 12.078272438891267, 10.159606883087864 ], [ 12.045244555735344, 10.230966244082962 ] ] ] } },
{ "type": "Feature", "properties": { "id": 8, "name": null, "type": "forest", "continent": "Westeros", "size": 2 }, "geometry": { "type": "Polygon", "coordinates": [ [ [ 11.781647548787252, 19.021005886980078 ], [ 11.5850693882972, 18.972369966426118 ], [ 11.489950923543947, 18.915298887574167 ], [ 11.504430067623051, 18.800198939773715 ], [ 11.62945800518205, 18.725061958067663 ], [ 11.665603021788284, 18.632579067441874 ], [ 11.661164160099803, 18.533239720815271 ], [ 11.607263696739627, 18.441291871553794 ], [ 11.57872815731365, 18.376294253972407 ], [ 11.556533848871226, 18.298614174423918 ], [ 11.600922465756078, 18.247884326555518 ], [ 11.680187853050453, 18.21934878712954 ], [ 11.742966039787595, 18.155507123112784 ], [ 11.708723392476429, 18.057647397049013 ], [ 11.594581234772527, 17.981552625246412 ], [ 11.467756615101525, 17.940334623853335 ], [ 11.394832458790694, 17.942758823614678 ], [ 11.350443841905848, 17.829363081641208 ], [ 11.356150949791036, 17.717116687783353 ], [ 11.407514920757798, 17.59156691975808 ], [ 11.423367998216674, 17.423524298694002 ], [ 11.407514920757798, 17.284017217055901 ], [ 11.404344305266024, 17.157192597384896 ], [ 11.343257113457819, 17.098212543788861 ], [ 11.236301684201946, 17.024026746730346 ], [ 11.090453371580294, 17.00183243828792 ], [ 10.937101268961433, 16.937039589623627 ], [ 10.941434443466866, 16.820314701383797 ], [ 10.928751981499765, 16.699831312696343 ], [ 10.86851028715604, 16.614224694418418 ], [ 10.800104257920985, 16.581250293303878 ], [ 10.833633516746513, 16.493741305730968 ], [ 10.947775674450416, 16.44618207335434 ], [ 11.036552908220116, 16.341551762125764 ], [ 11.099965218055619, 16.271798221306714 ], [ 11.134841988465144, 16.211556526962987 ], [ 11.198254298300645, 16.22106837343831 ], [ 11.272341013625116, 16.193629338536496 ], [ 11.404344305266024, 16.16796056395108 ], [ 11.524827693953476, 16.099792330877914 ], [ 11.591410619280751, 16.044306559771851 ], [ 11.729332393172966, 16.000710596759944 ], [ 11.852986397352193, 15.937298286924444 ], [ 11.879936629032281, 15.849313707027687 ], [ 11.902130937474707, 15.768463011987421 ], [ 11.883107244524057, 15.678100470471833 ], [ 11.848230474114532, 15.625785314857545 ], [ 11.784818164279031, 15.578226082480919 ], [ 11.84188924313098, 15.537008081087842 ], [ 11.876766013540507, 15.464083924777016 ], [ 11.902130937474707, 15.375306691007316 ], [ 11.864083551573406, 15.315064996663589 ], [ 11.79750062624613, 15.261164533303413 ], [ 11.75311200936128, 15.191410992484363 ], [ 11.781647548787255, 15.12799868264886 ], [ 11.829206781163881, 15.09629252773111 ], [ 11.907362453036137, 15.087177008192192 ], [ 11.994078786736184, 15.045562679862709 ], [ 12.038467403621034, 15.007515293961408 ], [ 12.063832327555234, 14.940932368634133 ], [ 12.044808634604586, 14.87752005879863 ], [ 12.013102479686834, 14.820448979946679 ], [ 11.914813399441808, 14.750695439127629 ], [ 11.823552516870217, 14.610105063863104 ], [ 11.746189498870907, 14.429591355198045 ], [ 11.617251135538719, 14.281312237366031 ], [ 11.483630803495329, 14.12551450073676 ], [ 11.248903842154828, 13.912304177519138 ], [ 11.086551027227648, 13.781248290770691 ], [ 10.924198212300468, 13.711808231374125 ], [ 10.781405977484996, 13.686379477228904 ], [ 10.675778844881769, 13.678555245184221 ], [ 10.577975944323226, 13.633565910927292 ], [ 10.513426029954589, 13.56314782252514 ], [ 10.411711013373704, 13.541631184402261 ], [ 10.313908112815163, 13.557279648491628 ], [ 10.266962720547061, 13.627697736893779 ], [ 10.265006662535891, 13.688335535240075 ], [ 10.288479358669941, 13.737236985519345 ], [ 10.345205040993896, 13.842864118122572 ], [ 10.431271593485413, 13.92893067061409 ], [ 10.505601797909906, 13.985656352938044 ], [ 10.558415364211518, 13.995925657496691 ], [ 10.601448640457276, 13.982233251418496 ], [ 10.660130380792403, 14.025266527664254 ], [ 10.738372701239236, 14.066343745898841 ], [ 10.818571079697241, 14.199355690658459 ], [ 10.88703311008822, 14.27368589508295 ], [ 10.959407256501542, 14.289334359172319 ], [ 11.088507085238819, 14.303026765250515 ], [ 11.176529695741506, 14.370021752133116 ], [ 11.219562971987266, 14.495209464848049 ], [ 11.215650855964924, 14.618441119551813 ], [ 11.219959803521416, 14.768860423715852 ], [ 11.166772728646889, 14.873622843923252 ], [ 11.073292415231053, 15.011022787349118 ], [ 10.991094208606784, 15.085162346265124 ], [ 10.881496599774426, 15.164137093806088 ], [ 10.850873738483031, 15.230218005013834 ], [ 10.826697795358246, 15.276958161721751 ], [ 10.773510720483719, 15.326921777512974 ], [ 10.772704855712902, 15.390182162022828 ], [ 10.754975830754718, 15.435713521574502 ], [ 10.763034478462981, 15.493735785073987 ], [ 10.793657339754375, 15.56465188490669 ], [ 10.80493944654595, 15.628718134187373 ], [ 10.772704855712895, 15.677472952822352 ], [ 10.721129510380029, 15.712528070353294 ], [ 10.650213410547327, 15.731868824853121 ], [ 10.55512136758983, 15.775788454863145 ], [ 10.495487374548704, 15.841466433685479 ], [ 10.461641054173995, 15.895056440945417 ], [ 10.450358947382439, 15.938170206184619 ], [ 10.418124356549383, 16.011100967944383 ], [ 10.360102093049909, 16.067108569516805 ], [ 10.248892754675888, 16.094910904110304 ], [ 10.13284822767692, 16.082017067777088 ], [ 10.010356782511344, 16.061064583735607 ], [ 9.934764024828285, 16.065708214341335 ], [ 9.900759173678985, 16.146486249443178 ], [ 9.947499330386913, 16.234728441848645 ], [ 10.03939433605686, 16.297163145240912 ], [ 10.153800711718411, 16.331432214347785 ], [ 10.185242648678514, 16.379599148027065 ], [ 10.153800711718411, 16.447476741346755 ], [ 10.026711874089761, 16.471546997288542 ], [ 9.877692945976333, 16.484229459255641 ], [ 9.766985621721853, 16.560297809262416 ], [ 9.70896335822237, 16.702130008927821 ], [ 9.728674017862906, 16.845679625317999 ], [ 9.812114048888118, 16.979347490092021 ], [ 9.909399100894083, 17.042257785808051 ], [ 9.986180839386568, 17.121179689757422 ], [ 10.03939433605686, 17.191276713921479 ], [ 10.067929875482836, 17.29907764064183 ], [ 10.037756184719443, 17.372609498255187 ], [ 9.915264739553868, 17.462866352587717 ], [ 9.834889636837369, 17.596322842995743 ], [ 9.789549835304978, 17.70583458099178 ], [ 9.91732563962352, 17.843630851354195 ], [ 10.056832721261623, 17.95143177807455 ], [ 10.139268724047774, 18.071915166762 ], [ 10.260174861467457, 18.182906525320867 ], [ 10.031467797327421, 18.236787172334303 ], [ 9.92366687060707, 18.287517020202703 ], [ 9.944275871303601, 18.363420233985927 ], [ 10.018785335360322, 18.477753949709207 ], [ 10.145609955031324, 18.579213645446011 ], [ 10.283464566929261, 18.635826771653505 ], [ 10.48803642814303, 18.693355803149913 ], [ 10.570472430929181, 18.763109343968964 ], [ 10.722661974534384, 18.763109343968964 ], [ 10.855827825188937, 18.864569039705763 ], [ 10.900216442073788, 18.978711197409666 ], [ 10.995123532460918, 19.104815823145998 ], [ 11.147524450432241, 19.25138412970232 ], [ 11.299713994037445, 19.365526287406222 ], [ 11.446407804123568, 19.394927140643418 ], [ 11.616775543214951, 19.302113977570723 ], [ 11.768965086820153, 19.187971819866821 ], [ 11.781647548787252, 19.021005886980078 ] ] ] } },
{ "type": "Feature", "properties": { "id": 9, "name": "Wolfswood", "type": "forest", "continent": "Westeros", "size": 3 }, "geometry": { "type": "Polygon", "coordinates": [ [ [ 8.715662368240761, 26.932200158527397 ], [ 8.623714518979284, 26.989271237379349 ], [ 8.525425438734258, 26.995612468362896 ], [ 8.389088972587931, 26.97341815992047 ], [ 8.255923121933378, 26.932200158527397 ], [ 8.10690419381995, 26.95439446696982 ], [ 7.989133166538603, 27.003955939034228 ], [ 7.919837879805222, 27.084389702132597 ], [ 7.891302340379246, 27.163655089426975 ], [ 7.859596185461496, 27.277797247130877 ], [ 7.850084338986171, 27.382427558359453 ], [ 7.80569572210132, 27.449010483686731 ], [ 7.726430334806944, 27.487057869588032 ], [ 7.643994332020792, 27.502910947046907 ], [ 7.590093868660616, 27.553640794915307 ], [ 7.542534636283991, 27.663027029381546 ], [ 7.542534636283991, 27.783510418069 ], [ 7.599605715135941, 27.846922727904499 ], [ 7.631311870053691, 27.894481960281126 ], [ 7.624970639070142, 27.970576732083728 ], [ 7.586923253168841, 28.024477195443904 ], [ 7.479122326448489, 28.119595660197156 ], [ 7.316249210695831, 28.20888767391547 ], [ 7.225473087106485, 28.297150127736558 ], [ 7.108160313910807, 28.363733053063836 ], [ 6.97816507874803, 28.401780438965133 ], [ 6.851340459077028, 28.477875210767735 ], [ 6.813293073175726, 28.572993675520987 ], [ 6.764640851545654, 28.707682466764037 ], [ 6.674662183031796, 28.842650469534824 ], [ 6.598375920596133, 28.909156441914632 ], [ 6.544584325288934, 29.006714835221779 ], [ 6.563166876395057, 29.118454649109914 ], [ 6.610112268663157, 29.222125723701968 ], [ 6.63945313883072, 29.269071115970068 ], [ 6.651189486897745, 29.343401320394563 ], [ 6.645321312864232, 29.423599698852566 ], [ 6.621848616730182, 29.476902279656972 ], [ 6.570013079434155, 29.623851137746183 ], [ 6.506441194071103, 29.774712111857735 ], [ 6.433089018652195, 29.911391665388297 ], [ 6.36169290124446, 29.982054261041842 ], [ 6.285406638808797, 30.048560233421654 ], [ 6.205697274853584, 30.098439712706508 ], [ 6.117674664350896, 30.161033569063974 ], [ 6.03356416987055, 30.173747946136587 ], [ 5.940162399837142, 30.172525409879604 ], [ 5.761183091815009, 30.198443178527619 ], [ 5.689786974407274, 30.238786875008017 ], [ 5.653599901200613, 30.284509731019135 ], [ 5.663380191256467, 30.318985253466021 ], [ 5.691743032418445, 30.345392036616829 ], [ 5.757270975792667, 30.351015703398943 ], [ 5.844315557289771, 30.37082079076205 ], [ 5.933316196798044, 30.413609559756413 ], [ 5.99933315467506, 30.474491865354103 ], [ 6.054591793490636, 30.544665446504858 ], [ 6.123542838384409, 30.596745491052282 ], [ 6.207164318361963, 30.626819882974033 ], [ 6.280027479278076, 30.601635636080211 ], [ 6.362670930250045, 30.524615851890356 ], [ 6.45362762776949, 30.487206242426716 ], [ 6.538716151255421, 30.43854929939884 ], [ 6.63945313883072, 30.410919979991053 ], [ 6.744102242428361, 30.364219094974349 ], [ 6.830168794919878, 30.30089171686269 ], [ 6.907433086361126, 30.222893903667256 ], [ 7.004257957914083, 30.122890437846145 ], [ 7.123577496595505, 30.059563059734487 ], [ 7.245831122293684, 30.016774290740127 ], [ 7.38960138611474, 29.99696920337702 ], [ 7.474689909600673, 29.93657591228212 ], [ 7.522613330874358, 29.832660330438671 ], [ 7.538261794963725, 29.613581833187535 ], [ 7.578360984192727, 29.473479178137424 ], [ 7.63117455049434, 29.30525818917673 ], [ 7.680076000773611, 29.185938650495309 ], [ 7.728977451052883, 29.139971287232793 ], [ 7.948055948304018, 29.067597140819473 ], [ 8.133881459365249, 29.028475980596056 ], [ 8.368004379567632, 28.989553102099734 ], [ 8.683903369731487, 29.131385301765139 ], [ 9.057824623394826, 29.408602782929339 ], [ 9.380170531725291, 29.602010327927619 ], [ 9.515555813224086, 29.834099381925554 ], [ 9.625153422056444, 30.033953845090441 ], [ 9.831454803387942, 30.079082272256706 ], [ 10.12801303905197, 30.091976108589925 ], [ 10.372995929383123, 30.098423026756535 ], [ 10.700787401574926, 30.053149606299126 ], [ 10.959665482544571, 29.995272336090785 ], [ 11.140179191209631, 29.898568563591645 ], [ 11.217542209208942, 29.75673636392624 ], [ 11.230436045542165, 29.635856648302319 ], [ 11.320692899874695, 29.5552701712197 ], [ 11.35937440887435, 29.490800989553609 ], [ 11.362597867957655, 29.365086085304728 ], [ 11.456078181373488, 29.271605771888893 ], [ 11.655932644538378, 29.207136590222799 ], [ 11.842893271370048, 29.245818099222454 ], [ 11.900915534869533, 29.313510739971854 ], [ 11.920256289369359, 29.394097217054469 ], [ 11.855787107703268, 29.558493630303005 ], [ 11.875127862203096, 29.655197402802145 ], [ 11.929926666619275, 29.719666584468239 ], [ 12.042747734534938, 29.835711111467205 ], [ 12.168462638783819, 29.896956834049995 ], [ 12.316741756615833, 29.913074129466519 ], [ 12.477914710781066, 29.954979097549479 ], [ 12.574618483280206, 30.035565574632095 ], [ 12.740912569318262, 30.097809202138237 ], [ 12.942092818776937, 29.987213688382525 ], [ 12.977550868693287, 29.813146897884074 ], [ 12.874400178027537, 29.690655452718495 ], [ 12.764802569195179, 29.619739352885794 ], [ 12.70355684661239, 29.548823253053094 ], [ 12.719674142028914, 29.477907153220389 ], [ 12.835718669027882, 29.468236775970475 ], [ 12.932422441527022, 29.452119480553954 ], [ 12.9872212459432, 29.371533003471335 ], [ 12.974327409609982, 29.268382312805588 ], [ 12.977550868693287, 29.194242753889579 ], [ 13.087148477525645, 29.181348917556363 ], [ 13.112936150192082, 29.068527849640699 ], [ 13.199969545441308, 29.000835208891299 ], [ 13.345025204190017, 29.132997031306793 ], [ 13.481097452378673, 29.185715119306519 ], [ 13.579386532623701, 29.150838348896993 ], [ 13.617433918525002, 29.04937865316019 ], [ 13.652310688934527, 28.881336032096112 ], [ 13.649140073442751, 28.665734178655409 ], [ 13.588898379099026, 28.529397712509081 ], [ 13.490609298853999, 28.405743708329855 ], [ 13.401832065084298, 28.342331398494352 ], [ 13.382808372133647, 28.285260319642401 ], [ 13.398661449592522, 28.190141854889148 ], [ 13.484268067870449, 28.107705852102999 ], [ 13.576215917131925, 28.014172695095635 ], [ 13.658651919918077, 27.884177459932857 ], [ 13.709381767786478, 27.779547148704282 ], [ 13.703040536802929, 27.678087452967478 ], [ 13.636457611475652, 27.595651450181325 ], [ 13.439879450985599, 27.57979837272245 ], [ 13.306713600331046, 27.621016374115527 ], [ 13.236960059511995, 27.576627757230675 ], [ 13.192571442627145, 27.456144368543224 ], [ 13.198912673610694, 27.367367134773524 ], [ 13.236960059511995, 27.278589901003823 ], [ 13.313054831314597, 27.186642051742343 ], [ 13.411343911559623, 27.104206048956193 ], [ 13.474756221395124, 27.040793739120691 ], [ 13.487438683362225, 26.926651581416788 ], [ 13.452561912952699, 26.78318123041397 ], [ 13.389149603117197, 26.62782107131699 ], [ 13.313054831314597, 26.516849529104864 ], [ 13.262324983446195, 26.44947394990464 ], [ 13.259154367954419, 26.328990561217189 ], [ 13.303542984839272, 26.259237020398135 ], [ 13.354272832707672, 26.160947940153111 ], [ 13.385978987625423, 26.030952704990334 ], [ 13.354272832707672, 25.923151778269983 ], [ 13.281348676396846, 25.862910083926256 ], [ 13.164035903201169, 25.843886390975605 ], [ 13.087941131398567, 25.853398237450929 ], [ 12.98965205115354, 25.846264352594435 ], [ 12.935751587793364, 25.763828349808286 ], [ 12.929410356809814, 25.687733578005684 ], [ 13.00867574410419, 25.659198038579706 ], [ 13.132329748283418, 25.662368654071482 ], [ 13.22744821303667, 25.630662499153733 ], [ 13.328907908773472, 25.611638806203082 ], [ 13.414514527051399, 25.662368654071482 ], [ 13.52231545377175, 25.719439732923433 ], [ 13.614263303033226, 25.770169580791833 ], [ 13.655481304426303, 25.754316503332959 ], [ 13.664993150901628, 25.70992788644811 ], [ 13.626945765000327, 25.627491883661957 ], [ 13.560362839673051, 25.529202803416929 ], [ 13.500121145329324, 25.456278647106103 ], [ 13.414514527051399, 25.411890030221254 ], [ 13.306713600331046, 25.402378183745927 ], [ 13.224277597544894, 25.383354490795277 ], [ 13.18305959615182, 25.319942180959778 ], [ 13.141841594758743, 25.27238294858315 ], [ 13.078429284923242, 25.243847409157176 ], [ 12.995993282137091, 25.199458792272324 ], [ 12.945263434268689, 25.113852173994399 ], [ 12.945263434268689, 25.021904324732922 ], [ 12.935751587793364, 24.948980168422096 ], [ 12.897704201892063, 24.904591551537244 ], [ 12.802585737138813, 24.885567858586594 ], [ 12.71380850336911, 24.901420936045469 ], [ 12.618690038615858, 24.996539400798721 ], [ 12.526742189354382, 25.174093868338122 ], [ 12.517230342879056, 25.364330797844627 ], [ 12.517230342879056, 25.519690956941606 ], [ 12.444306186568229, 25.602126959727755 ], [ 12.425282493617578, 25.716269117431658 ], [ 12.444306186568229, 25.824070044152009 ], [ 12.456988648535329, 25.916017893413485 ], [ 12.488694803453081, 26.001624511691414 ], [ 12.510889111895505, 26.061866206035141 ], [ 12.480768264723643, 26.08524949528698 ], [ 12.437964955584679, 26.077719283494016 ], [ 12.390405723208053, 26.017477589150289 ], [ 12.326993413372552, 25.950894663823014 ], [ 12.273092950012376, 25.871629276528637 ], [ 12.228704333127526, 25.817728813168461 ], [ 12.196998178209775, 25.76065773431651 ], [ 12.124074021898949, 25.70992788644811 ], [ 12.036882095875132, 25.669502538927976 ], [ 11.927495861408895, 25.646515576612607 ], [ 11.819694934688542, 25.650478845977325 ], [ 11.724576469935291, 25.678221731530357 ], [ 11.588240003788963, 25.728158925525815 ], [ 11.488365615798049, 25.808216966693134 ], [ 11.396417766536572, 25.877970507512185 ], [ 11.361540996127047, 25.944553432839463 ], [ 11.361540996127047, 26.007965742674962 ], [ 11.294958070799771, 26.093572360952891 ], [ 11.209351452521844, 26.150643439804842 ], [ 11.18715714407942, 26.258444366525193 ], [ 11.222033914488945, 26.356733446770221 ], [ 11.241057607439595, 26.455022527015245 ], [ 11.215692683505393, 26.546970376276722 ], [ 11.133256680719242, 26.448681296031697 ], [ 11.019114523015341, 26.397951448163294 ], [ 10.895460518836114, 26.328197907344244 ], [ 10.854242517443037, 26.223567596115668 ], [ 10.825706978017063, 26.115766669395317 ], [ 10.69254112736251, 26.014306973658513 ], [ 10.578398969658608, 25.963577125790113 ], [ 10.391332655643879, 25.957235894806562 ], [ 10.235972496546902, 25.944553432839463 ], [ 10.112318492367674, 25.900957469827556 ], [ 9.963299564254246, 25.850227621959153 ], [ 9.899887254418745, 25.796327158598977 ], [ 9.868181099500994, 25.701208693845729 ], [ 9.845986791058568, 25.555360381224073 ], [ 9.757209557288867, 25.476094993929699 ], [ 9.624043706634314, 25.390488375651771 ], [ 9.553979575475282, 25.392164137829447 ], [ 9.475024778520886, 25.441218223520174 ], [ 9.398930006718286, 25.520483610814548 ], [ 9.319664619423909, 25.653649461469101 ], [ 9.275276002539059, 25.802668389582529 ], [ 9.176986922294031, 25.831203929008506 ], [ 9.034309225164154, 25.856568852942704 ], [ 8.939190760410902, 25.923151778269983 ], [ 8.885290297050727, 26.027782089498558 ], [ 8.869437219591852, 26.176801017611986 ], [ 8.897972759017827, 26.309966868266539 ], [ 9.008944301229954, 26.39874410203624 ], [ 9.075527226557229, 26.405085333019791 ], [ 9.151621998359831, 26.44947394990464 ], [ 9.145280767376281, 26.503374413264815 ], [ 9.06284476459013, 26.531909952690793 ], [ 8.986749992787528, 26.566786723100318 ], [ 8.926508298443801, 26.620687186460493 ], [ 8.839316372419988, 26.710257074103144 ], [ 8.772733447092712, 26.818058000823495 ], [ 8.715662368240761, 26.932200158527397 ] ] ] } },
{ "type": "Feature", "properties": { "id": 10, "name": "Hornwood", "type": "forest", "continent": "Westeros", "size": 2 }, "geometry": { "type": "Polygon", "coordinates": [ [ [ 18.990003421363451, 25.603418403035899 ], [ 19.287324239061423, 25.626891099169949 ], [ 19.584645056759388, 25.603418403035899 ], [ 19.881965874457357, 25.525176082589066 ], [ 20.070866141732367, 25.297244094488125 ], [ 20.116692835797863, 25.032249463774011 ], [ 20.069747443529764, 24.883589054925029 ], [ 19.944559730814827, 24.656686325629209 ], [ 19.991505123082927, 24.38283820406529 ], [ 19.928911266725457, 24.226353563171621 ], [ 19.631590449027488, 24.069868922277955 ], [ 19.318621167240156, 24.046396226143905 ], [ 19.068245741810284, 24.085517386367322 ], [ 18.802221852291051, 24.226353563171621 ], [ 18.630088747308015, 24.398486668154657 ], [ 18.520549498682453, 24.594092469271743 ], [ 18.489252570503712, 24.836643662656929 ], [ 18.520549498682453, 25.094843320131478 ], [ 18.614440283218649, 25.30609758533793 ], [ 18.763100692067635, 25.478230690320967 ], [ 18.990003421363451, 25.603418403035899 ] ] ] } },
{ "type": "Feature", "properties": { "id": 11, "name": null, "type": "forest", "continent": "Westeros", "size": 2 }, "geometry": { "type": "Polygon", "coordinates": [ [ [ 22.9992851586874, 29.611370249077318 ], [ 23.164157164259702, 29.712829944814121 ], [ 23.370247171225081, 29.855507641943998 ], [ 23.493901175404311, 29.982332261614999 ], [ 23.563654716223361, 30.090133188335354 ], [ 23.598531486632886, 30.207445961531029 ], [ 23.647676026755402, 30.29622319530073 ], [ 23.809377416835929, 30.391341660053982 ], [ 23.91717834355628, 30.419877199479959 ], [ 24.031320501260183, 30.369147351611556 ], [ 24.158145120931184, 30.232810885465231 ], [ 24.281799125110414, 30.093303803827126 ], [ 24.332528972978814, 29.963308568664349 ], [ 24.316675895519939, 29.833313333501572 ], [ 24.246922354700889, 29.73819486874832 ], [ 24.107415273062781, 29.620882095552645 ], [ 23.993273115358878, 29.557469785717142 ], [ 23.872789726671424, 29.490886860389868 ], [ 23.812548032327701, 29.39259778014484 ], [ 23.75547695347575, 29.191263696417124 ], [ 23.704747105607346, 29.080292154204997 ], [ 23.695235259132023, 28.934443841583345 ], [ 23.673040950689597, 28.744206912076841 ], [ 23.647676026755398, 28.633235369864714 ], [ 23.596946178886995, 28.553969982570337 ], [ 23.565240023969245, 28.474704595275963 ], [ 23.61279925634587, 28.41129228544046 ], [ 23.571581254952797, 28.303491358720109 ], [ 23.496761079101088, 28.238228544083032 ], [ 23.419391711347593, 28.179837354540879 ], [ 23.314761400119014, 28.176666739049107 ], [ 23.229154781841089, 28.205202278475081 ], [ 23.156230625530263, 28.170325508065556 ], [ 23.080135853727661, 28.103742582738281 ], [ 22.943799387581333, 28.056183350361653 ], [ 22.831701355303, 28.073919671144679 ], [ 22.732953457378297, 28.135448737656031 ], [ 22.739294688361845, 28.246420279868158 ], [ 22.805877613689123, 28.293979512244782 ], [ 22.823877123258317, 28.363416256797965 ], [ 22.771000843279595, 28.417633516424011 ], [ 22.691735455985221, 28.389097976998034 ], [ 22.625152530657942, 28.412877593186348 ], [ 22.545887143363569, 28.436657209374662 ], [ 22.491986680003393, 28.495313595972497 ], [ 22.463451140577416, 28.618967600151727 ], [ 22.501498526478716, 28.696647679700217 ], [ 22.491986680003393, 28.764815912773379 ], [ 22.438086216643214, 28.77591306699459 ], [ 22.381015137791263, 28.761645297281603 ], [ 22.231996209677838, 28.806033914166456 ], [ 22.158817399460229, 28.911112499925803 ], [ 22.140048360416358, 29.059683153508459 ], [ 22.219313747710736, 29.202360850638335 ], [ 22.244883951951746, 29.310148334204658 ], [ 22.289067288529786, 29.487716244898092 ], [ 22.390526984266589, 29.551128554733594 ], [ 22.539545912380017, 29.513081168832294 ], [ 22.65368807008392, 29.456010089980342 ], [ 22.771000843279595, 29.468692551947441 ], [ 22.9992851586874, 29.611370249077318 ] ] ] } },
{ "type": "Feature", "properties": { "id": 12, "name": "The Haunted Forest", "type": "forest", "continent": "Westeros", "size": 3 }, "geometry": { "type": "Polygon", "coordinates": [ [ [ 15.919300765553698, 36.014824561653533 ], [ 15.987468998626854, 36.088937698773748 ], [ 16.061978462683577, 36.151161027799866 ], [ 16.161852850674482, 36.172959009305785 ], [ 16.264897854157173, 36.250639088854271 ], [ 16.352089780180986, 36.356854707828738 ], [ 16.399649012557614, 36.426608248647788 ], [ 16.420258013254148, 36.490020558483288 ], [ 16.402819628049386, 36.561359407048229 ], [ 16.356541852767407, 36.620286617052685 ], [ 16.299774624566695, 36.704829758051062 ], [ 16.295018701329031, 36.785680453091331 ], [ 16.329895471738556, 36.858604609402157 ], [ 16.38062531960696, 36.917260996 ], [ 16.464646630138997, 36.972746767106059 ], [ 16.483670323089648, 37.025854576593296 ], [ 16.504279323786186, 37.117802425854769 ], [ 16.479033297932983, 37.206956170214134 ], [ 16.410746166778821, 37.208164967370365 ], [ 16.347333856943319, 37.176458812452609 ], [ 16.269653777394833, 37.135240811059532 ], [ 16.18721777460868, 37.120973041346545 ], [ 16.106367079568415, 37.074999116715809 ], [ 16.031857615511701, 37.006830883642643 ], [ 15.963279844604241, 36.987760952549415 ], [ 15.915337496188972, 37.013172114626194 ], [ 15.886801956762996, 37.062316654748706 ], [ 15.86460764832057, 37.135240811059532 ], [ 15.812292492706282, 37.187555966673827 ], [ 15.731441797666017, 37.216091506099801 ], [ 15.557057945618389, 37.287430354664735 ], [ 15.507120751622933, 37.390871685083894 ], [ 15.500779520639384, 37.566840844877412 ], [ 15.529315060065358, 37.714274465244948 ], [ 15.583215523425535, 37.828416622948851 ], [ 15.657724987482249, 37.869634624341927 ], [ 15.708454835350649, 37.894999548276132 ], [ 15.733819759284849, 37.910852625735004 ], [ 15.732234451538963, 37.948900011636304 ], [ 15.675163372687011, 37.990910666902337 ], [ 15.611751062851511, 38.060664207721388 ], [ 15.575288984696096, 38.149441441491092 ], [ 15.534070983303021, 38.241389290752572 ], [ 15.476999904451073, 38.278644022780924 ], [ 15.431025979820332, 38.257242368211443 ], [ 15.407246363632021, 38.205719866470098 ], [ 15.407246363632019, 38.173221057679406 ], [ 15.416758210107345, 38.130417748540445 ], [ 15.398368640255057, 38.087363432341711 ], [ 15.348405024463837, 38.042235005175442 ], [ 15.267818547381221, 37.963260257634481 ], [ 15.219466661131651, 37.85043918971882 ], [ 15.164667856715472, 37.794028655760989 ], [ 15.101810404591031, 37.767435118323725 ], [ 15.018000468425111, 37.786775872823554 ], [ 14.959978204925628, 37.839157082927251 ], [ 14.914849777759363, 37.90684972367665 ], [ 14.84393367792666, 37.95520160992622 ], [ 14.769794119010653, 38.013223873425702 ], [ 14.681148994219775, 38.063187489216922 ], [ 14.570745520616638, 38.141759304372478 ], [ 14.505470474179674, 38.185678934382501 ], [ 14.445836481138537, 38.250148116048592 ], [ 14.415213619847144, 38.359745724880952 ], [ 14.336238872306179, 38.427438365630351 ], [ 14.225029533932171, 38.475790251879921 ], [ 14.152501704557816, 38.566047106212451 ], [ 14.125908167120597, 38.63172508503478 ], [ 14.08642079335007, 38.679674038898938 ], [ 14.070303497933548, 38.708685170648678 ], [ 14.078362145641808, 38.752201868273289 ], [ 14.115431925099813, 38.779601270481379 ], [ 14.163783811349383, 38.85696428848069 ], [ 14.202465320349038, 38.94722114281322 ], [ 14.186348024932514, 39.032642808520798 ], [ 14.168618999974338, 39.07938296522871 ], [ 14.137996138682945, 39.114841015145061 ], [ 14.062244850225285, 39.14224041735315 ], [ 14.021951611683978, 39.177698467269501 ], [ 14.013892963975715, 39.294145926653883 ], [ 14.049351013892068, 39.424696019527723 ], [ 14.11382019555816, 39.518176332943554 ], [ 14.201659455578213, 39.606821457734434 ], [ 14.285469391744133, 39.661620262150613 ], [ 14.364444139285096, 39.704331095004399 ], [ 14.451477534534321, 39.746236063087359 ], [ 14.554628225200069, 39.781694113003709 ], [ 14.59653319328303, 39.86550404916963 ], [ 14.615873947782857, 39.965431280752071 ], [ 14.63199124319938, 40.00411278975173 ], [ 14.68679004761556, 40.036347380584779 ], [ 14.76415306561487, 40.03312392150147 ], [ 14.80605803369783, 39.987995494335209 ], [ 14.90920872436358, 39.933196689919029 ], [ 15.015582874112633, 39.910632476335898 ], [ 15.109063187528466, 39.923526312669111 ], [ 15.163861991944646, 39.9847720352519 ], [ 15.147744696528122, 40.062135053251211 ], [ 15.096169351195249, 40.10726348041748 ], [ 15.060711301278896, 40.18462649841679 ], [ 15.071993408070487, 40.256348463020316 ], [ 15.096975215966097, 40.32122057707182 ], [ 15.124374618174187, 40.380854570112959 ], [ 15.11953942954923, 40.434041644987488 ], [ 15.135656724965754, 40.511404662986799 ], [ 15.174338233965409, 40.567815196944629 ], [ 15.269430276922895, 40.564591737861321 ], [ 15.34840502446386, 40.538804065194888 ], [ 15.40481555842169, 40.47433488352879 ], [ 15.43866187879639, 40.395360135987829 ], [ 15.507966249087438, 40.38407802919626 ], [ 15.557929864878661, 40.414700890487659 ], [ 15.562765053503618, 40.469499694903838 ], [ 15.545036028545443, 40.559756549236369 ], [ 15.48056684687935, 40.630672649069069 ], [ 15.388698263005168, 40.656460321735509 ], [ 15.2726537360062, 40.68063626486029 ], [ 15.16225026240302, 40.714079652849577 ], [ 15.108257322757664, 40.745508378911794 ], [ 15.042982276320748, 40.746314243682619 ], [ 14.994630390071178, 40.678621602933227 ], [ 15.020418062737615, 40.607705503100526 ], [ 14.991406930987873, 40.488437517018248 ], [ 14.910820453905258, 40.449756008018596 ], [ 14.788329008739682, 40.423968335352157 ], [ 14.591698004658099, 40.456202926185206 ], [ 14.588474545574794, 40.543236321434428 ], [ 14.536899200241921, 40.620599339433738 ], [ 14.494994232158959, 40.678621602933227 ], [ 14.524005363908701, 40.733420407349406 ], [ 14.614262218241231, 40.762431539099147 ], [ 14.701295613490457, 40.752761161849229 ], [ 14.785105549656377, 40.707632734682967 ], [ 14.80766976323951, 40.823677261681937 ], [ 14.8012228450729, 40.936498329597597 ], [ 14.820563599572727, 41.055766315679868 ], [ 14.768988254239854, 41.158917006345618 ], [ 14.675507940824019, 41.216939269845099 ], [ 14.611038759157926, 41.258844237928059 ], [ 14.594921463741418, 41.310419583260931 ], [ 14.635214702282726, 41.36521838767711 ], [ 14.677119670365686, 41.4264641102599 ], [ 14.699683883948818, 41.492545021467649 ], [ 14.691625236240558, 41.542508637258869 ], [ 14.656167186324206, 41.573131498550261 ], [ 14.598144922824723, 41.60536608938331 ], [ 14.50627633895054, 41.63437722113305 ], [ 14.372502786993397, 41.706905050507402 ], [ 14.232282316869647, 41.832619954756282 ], [ 14.125908167120594, 41.984122531671602 ], [ 14.066116392743636, 42.071470799083272 ], [ 14.026786800308978, 42.129984055191137 ], [ 13.95909415955958, 42.165442105107488 ], [ 13.884954600643573, 42.204123614107147 ], [ 13.810815041727567, 42.219032112367429 ], [ 13.731840294186602, 42.202914816950901 ], [ 13.643195169395725, 42.209361735117511 ], [ 13.562608692313109, 42.244819785033862 ], [ 13.483633944772146, 42.299618589450041 ], [ 13.463487325501491, 42.339911827991351 ], [ 13.443340706230838, 42.356029123407872 ], [ 13.400629873377051, 42.34474701661631 ], [ 13.364365958689874, 42.307677237158302 ], [ 13.326490314461045, 42.28350129403352 ], [ 13.280556022523953, 42.273830916783609 ], [ 13.258797673711648, 42.236761137325601 ], [ 13.227368947649428, 42.219032112367429 ], [ 13.16370563075416, 42.198079628325949 ], [ 13.099236449088068, 42.222255571450731 ], [ 13.066195993484195, 42.28833648265848 ], [ 13.058137345775934, 42.375369877907701 ], [ 13.037184861734454, 42.480132298115102 ], [ 12.993668164109842, 42.605847202363982 ], [ 13.013008918609669, 42.713833081654691 ], [ 13.07586637073411, 42.760573238362603 ], [ 13.141947281941855, 42.801269409289326 ], [ 13.18062879094151, 42.870573779580376 ], [ 13.20158127498299, 42.915702206746644 ], [ 13.240262783982645, 42.941489879413076 ], [ 13.294255723628002, 42.965665822537865 ], [ 13.362754229148221, 42.983797779881449 ], [ 13.430446869897619, 42.987021238964758 ], [ 13.485245674313799, 43.024091018422759 ], [ 13.486857403855451, 43.069219445589027 ], [ 13.462681460730666, 43.112736143213638 ], [ 13.412717844939444, 43.170758406713119 ], [ 13.383706713189701, 43.24207743893124 ], [ 13.388541901814659, 43.329110834180462 ], [ 13.422388222189358, 43.433873254387862 ], [ 13.339384150794267, 43.565229212032527 ], [ 13.311178883815348, 43.648636215813035 ], [ 13.260409403253298, 43.708270208854167 ], [ 13.217698570399513, 43.758233824645394 ], [ 13.162899765983335, 43.796915333645046 ], [ 13.044437644671888, 43.808197440436615 ], [ 12.95579251988101, 43.793691874561745 ], [ 12.860700476923522, 43.796915333645046 ], [ 12.760773245341079, 43.821091276769835 ], [ 12.702750981841598, 43.872263689717293 ], [ 12.645534583112941, 43.913362793029428 ], [ 12.607658938884111, 43.960102949737347 ], [ 12.600003223561261, 44.000799120664063 ], [ 12.574215550894824, 44.034645441038762 ], [ 12.545204419145081, 44.042704088747023 ], [ 12.499270127207991, 44.030616117184636 ], [ 12.420295379667028, 44.028601455257565 ], [ 12.350991009375976, 44.060030181319789 ], [ 12.320368148084583, 44.108382067569359 ], [ 12.312309500376321, 44.1744629787771 ], [ 12.318756418542931, 44.234096971818239 ], [ 12.363884845709196, 44.293730964859371 ], [ 12.412236731958766, 44.32596555569242 ], [ 12.478317643166511, 44.34530631019225 ], [ 12.547622013457559, 44.354976687442161 ], [ 12.621761572373567, 44.3469180397339 ], [ 12.708794967622792, 44.34530631019225 ], [ 12.794216633330366, 44.327577285234071 ], [ 12.842568519579938, 44.308236530734249 ], [ 12.884473487662898, 44.26310810356798 ], [ 12.926378455745857, 44.197027192360238 ], [ 12.981177260162037, 44.15351049473562 ], [ 13.039199523661519, 44.12611109252753 ], [ 13.100445246244309, 44.114828985735969 ], [ 13.184255182410228, 44.129334551610839 ], [ 13.263229929951191, 44.11805244481927 ], [ 13.413120777324858, 44.047136344986569 ], [ 13.506601090740693, 43.992337540570389 ], [ 13.587187567823308, 43.924644899820997 ], [ 13.667774044905926, 43.811823831905329 ], [ 13.803159326404719, 43.808600372822028 ], [ 13.961108821486647, 43.834388045488467 ], [ 14.038471839485958, 43.811823831905329 ], [ 14.167410202818143, 43.805376913738719 ], [ 14.28990164798372, 43.744131191155937 ], [ 14.322136238816766, 43.666768173156619 ], [ 14.315689320650156, 43.560394023407568 ], [ 14.267337434400584, 43.482628073022845 ], [ 14.254443598067366, 43.423799944752538 ], [ 14.235505775952953, 43.373433396575898 ], [ 14.226238331088451, 43.331125496107525 ], [ 14.245176153202868, 43.296070378576587 ], [ 14.293528039452438, 43.260612328660237 ], [ 14.320927441660507, 43.186472769744235 ], [ 14.316092253035549, 43.139732613036315 ], [ 14.282245932660851, 43.092992456328396 ], [ 14.229058857786324, 43.060757865495354 ], [ 14.183930430620059, 42.983394847496037 ], [ 14.209718103286518, 42.939878149871426 ], [ 14.332209548452072, 42.902808370413425 ], [ 14.406349107368079, 42.835115729664025 ], [ 14.480488666284108, 42.752917523039756 ], [ 14.540928524096048, 42.682001423207055 ], [ 14.628767784116121, 42.611085323374354 ], [ 14.708548396427888, 42.553063059874873 ], [ 14.787523143968853, 42.519216739500173 ], [ 14.861662702884859, 42.483758689583823 ], [ 14.951919557217389, 42.459582746459034 ], [ 15.064740625133052, 42.462806205542343 ], [ 15.184008611215322, 42.495040796375385 ], [ 15.269430276922895, 42.538557494 ], [ 15.346793294922207, 42.598191487041134 ], [ 15.385474803921863, 42.665884127790534 ], [ 15.372580967588645, 42.723906391290015 ], [ 15.337122917672293, 42.798045950206024 ], [ 15.280712383714462, 42.910867018121685 ], [ 15.193678988465237, 42.993065224745955 ], [ 15.125984251968594, 43.061023622047117 ], [ 15.071187543299661, 43.030940868974781 ], [ 15.006718361633569, 43.040611246224699 ], [ 14.972872041258869, 43.071234107516091 ], [ 14.964813393550608, 43.113139075599051 ], [ 14.993824525300349, 43.161490961848621 ], [ 15.088916568257837, 43.225960143514712 ], [ 15.185620340756975, 43.264641652514371 ], [ 15.275071330318681, 43.280356015545479 ], [ 15.301664867755942, 43.284385339399613 ], [ 15.316170433630813, 43.315008200691004 ], [ 15.303276597297595, 43.344019332440745 ], [ 15.278294789401986, 43.360942492628098 ], [ 15.21624320204837, 43.403653325481883 ], [ 15.183202746444518, 43.449184685033558 ], [ 15.210602148652589, 43.505998151376801 ], [ 15.313752839318337, 43.560796955792981 ], [ 15.439467743567219, 43.59303154662603 ], [ 15.507160384316615, 43.618819219292469 ], [ 15.545841893316272, 43.67039456462534 ], [ 15.571629565982709, 43.709076073624999 ], [ 15.549065352399577, 43.776768714374391 ], [ 15.497490007066702, 43.82834405970727 ], [ 15.436244284483914, 43.86380210962362 ], [ 15.396235840339813, 43.949286489807285 ], [ 15.455585038983742, 44.086220786371641 ], [ 15.55272048123348, 44.191837683192468 ], [ 15.713461765648113, 44.244170281453563 ], [ 15.868187801646735, 44.163583804370951 ], [ 15.903645851563088, 44.0572096546219 ], [ 15.890752015229868, 43.992740472955802 ], [ 15.922986606062915, 43.950835504872842 ], [ 16.016466919478749, 43.944388586706232 ], [ 16.109947232894584, 43.957282423039452 ], [ 16.187310250893894, 43.941165127622931 ], [ 16.287237482476339, 43.96050588212276 ], [ 16.31624861422608, 44.005634309289022 ], [ 16.390388173142089, 44.034645441038762 ], [ 16.519326536474274, 44.01530468653894 ], [ 16.632147604389935, 43.937941668539622 ], [ 16.796544017638471, 43.95405896395615 ], [ 16.841672444804736, 43.83479097787388 ], [ 16.773173939284515, 43.748160515010063 ], [ 16.638594522556545, 43.696182237291779 ], [ 16.504015105828579, 43.712702465093713 ], [ 16.39361163222539, 43.705852614541691 ], [ 16.300131318809559, 43.715522991791602 ], [ 16.180057467956463, 43.677244415177363 ], [ 16.074489182978233, 43.66394764645873 ], [ 15.984232328645703, 43.631713055625681 ], [ 15.948774278729353, 43.560796955792981 ], [ 15.832729751730385, 43.457646265127231 ], [ 15.768260570064292, 43.293249851878699 ], [ 15.694121011148285, 43.20621645662947 ], [ 15.685256498669199, 43.106692157432441 ], [ 15.74569635648116, 43.048266961547547 ], [ 15.845623588063603, 43.051490420630849 ], [ 15.906869310646391, 43.119183061380248 ], [ 15.974561951395788, 43.228780670212608 ], [ 16.064818805728319, 43.348048656294878 ], [ 16.188116115664723, 43.440320172554472 ], [ 16.287237482476339, 43.47054010146045 ], [ 16.39361163222539, 43.44797588787732 ], [ 16.570901881807146, 43.42218821521088 ], [ 16.6772760315562, 43.4350820515441 ], [ 16.777203263138645, 43.48343393779367 ], [ 16.857789740221261, 43.52533890587663 ], [ 16.9359586229914, 43.527353567803694 ], [ 16.987533968324275, 43.485448599720733 ], [ 17.02460374778228, 43.437096713471171 ], [ 17.035885854573845, 43.375850990888381 ], [ 17.022992018240625, 43.327499104638811 ], [ 16.99720434557419, 43.287205866097501 ], [ 16.993980886490885, 43.2501360866395 ], [ 17.034274125032194, 43.227571873056363 ], [ 17.08101428174011, 43.232407061681322 ], [ 17.151930381572811, 43.224348413973061 ], [ 17.203505726905686, 43.22112495488976 ], [ 17.218011292780556, 43.237242250306281 ], [ 17.203505726905686, 43.287205866097501 ], [ 17.209952645072295, 43.322663916013852 ], [ 17.26152799040517, 43.372627531805072 ], [ 17.33969687317532, 43.410503176033906 ], [ 17.413030567320483, 43.440320172554472 ], [ 17.501675692111363, 43.496730706512302 ], [ 17.608049841860414, 43.540247404136913 ], [ 17.672519023526508, 43.559588158636743 ], [ 17.719259180234424, 43.603104856261353 ], [ 17.751493771067473, 43.628892528927793 ], [ 17.735376475650948, 43.633727717552752 ], [ 17.687024589401378, 43.657903660677533 ], [ 17.648343080401723, 43.698196899218843 ], [ 17.630614055443548, 43.749772244551714 ], [ 17.665266240589073, 43.804571048967894 ], [ 17.758746554004926, 43.872263689717293 ], [ 17.849003408337438, 43.928674223675124 ], [ 17.96988312396136, 43.973802650841392 ], [ 18.0327405760858, 43.996366864424523 ], [ 18.097209757751894, 44.017319348466003 ], [ 18.181019693917815, 44.009260700757743 ], [ 18.213254284750878, 43.959297084966515 ], [ 18.219701202917488, 43.885157526050513 ], [ 18.211642555209227, 43.833582180717634 ], [ 18.174572775751223, 43.796512401259633 ], [ 18.172961046209569, 43.772336458134852 ], [ 18.203583907500963, 43.752995703635023 ], [ 18.264829630083753, 43.738490137760152 ], [ 18.311569786791669, 43.703032087843802 ], [ 18.295452491375148, 43.648233283427622 ], [ 18.258382711917143, 43.609551774427963 ], [ 18.189078341626093, 43.516071461012132 ], [ 18.105268405460173, 43.433873254387862 ], [ 18.024681928377557, 43.371015802263422 ], [ 17.940871992211637, 43.335557752347071 ], [ 17.876402810545542, 43.313799403534766 ], [ 17.865120703753977, 43.281564812701717 ], [ 17.873179351462237, 43.238048115077106 ], [ 17.882849728712152, 43.197754876535797 ], [ 17.907025671836937, 43.146179531202925 ], [ 17.902190483211982, 43.076875160911875 ], [ 17.832886112920932, 43.022076356495695 ], [ 17.758746554004926, 42.999512142912565 ], [ 17.653984133797522, 42.981783117954386 ], [ 17.573397656714906, 42.936654690788124 ], [ 17.529880959090296, 42.885079345455246 ], [ 17.454129670632636, 42.844786106913944 ], [ 17.37354319355002, 42.825445352414114 ], [ 17.312297470967231, 42.825445352414114 ], [ 17.26233385517601, 42.825445352414114 ], [ 17.223652346176355, 42.815774975164196 ], [ 17.210758509843135, 42.786360911029043 ], [ 17.223652346176355, 42.746470604873146 ], [ 17.28328633921749, 42.717459473123405 ], [ 17.35259070950854, 42.712624284498453 ], [ 17.420283350257936, 42.728741579914974 ], [ 17.465411777424201, 42.717459473123405 ], [ 17.505705015965511, 42.686836611832014 ], [ 17.562115549923337, 42.654199088613552 ], [ 17.636255108839347, 42.686433679446601 ], [ 17.689442183713876, 42.745261807716908 ], [ 17.749076176755011, 42.774272939466648 ], [ 17.803874981171187, 42.754932184966826 ], [ 17.852226867420757, 42.704968569175598 ], [ 17.863508974212326, 42.652990291457314 ], [ 17.849003408337452, 42.601817878509856 ], [ 17.781310767588053, 42.472879515177667 ], [ 17.652372404255868, 42.337494233678875 ], [ 17.529880959090292, 42.331047315512265 ], [ 17.455741400174286, 42.269801592929475 ], [ 17.449294482007677, 42.179544738596945 ], [ 17.487975991007332, 42.079617507014504 ], [ 17.539551336340207, 41.973243357265446 ], [ 17.620137813422822, 41.866869207516395 ], [ 17.665266240589087, 41.783059271350474 ], [ 17.720065045005267, 41.702472794267862 ], [ 17.732958881338483, 41.641227071685073 ], [ 17.694277372338828, 41.570310971852372 ], [ 17.636255108839347, 41.502618331102973 ], [ 17.551639307902601, 41.466354416415797 ], [ 17.551639307902601, 41.400273505208048 ], [ 17.627390596360261, 41.290675896375696 ], [ 17.722482639317747, 41.173019639835076 ], [ 17.822409870900191, 41.004996835117822 ], [ 17.833691977691757, 40.877670201327284 ], [ 17.824021600441842, 40.787413346994754 ], [ 17.772446255108964, 40.722944165328663 ], [ 17.772446255108964, 40.660892577975055 ], [ 17.817574682275229, 40.619793474662913 ], [ 17.873985216233066, 40.598035125850608 ], [ 17.917501913857674, 40.570635723642525 ], [ 17.943289586524116, 40.499719623809817 ], [ 17.981971095523772, 40.406239310393985 ], [ 18.178602099605349, 40.219278683562315 ], [ 18.349445431020499, 39.990413088647685 ], [ 18.430031908103114, 39.764770952816363 ], [ 18.394573858186764, 39.545575735151651 ], [ 18.336551594687279, 39.41824910136112 ], [ 18.191495935938569, 39.318321869778671 ], [ 18.021458469294235, 39.242973513706424 ], [ 17.82482746521265, 39.252643890956335 ], [ 17.673324888297334, 39.346124204372167 ], [ 17.566950738548279, 39.574989799286797 ], [ 17.470246966049142, 39.778067721534988 ], [ 17.489587720548968, 39.948911052950137 ], [ 17.492811179632273, 40.064955579949107 ], [ 17.457353129715923, 40.200340861447899 ], [ 17.365484545841742, 40.341770128727887 ], [ 17.362261086758437, 40.448144278476946 ], [ 17.289733257384082, 40.519060378309646 ], [ 17.207535050759812, 40.528730755559558 ], [ 17.154347975885287, 40.477155410226686 ], [ 17.114054737343977, 40.451367737560247 ], [ 17.065702851094411, 40.427191794435466 ], [ 17.046362096594581, 40.396568933144067 ], [ 17.041526907969626, 40.340158399186237 ], [ 17.070538039719366, 40.315982456061455 ], [ 17.152736246343633, 40.290194783395016 ], [ 17.223652346176337, 40.212831765395705 ], [ 17.239769641592858, 40.103234156563346 ], [ 17.184970837176682, 40.006530384064206 ], [ 17.120501655510587, 39.987189629564377 ], [ 16.993980886490885, 40.001695195439254 ], [ 16.817496501679951, 39.961401956897944 ], [ 16.695005056514375, 39.980742711397774 ], [ 16.575737070432105, 40.019424220397426 ], [ 16.51771480693262, 40.074223024813605 ], [ 16.50965615922436, 40.193893943281289 ], [ 16.53060864326584, 40.309535537894845 ], [ 16.474198109308009, 40.38407802919626 ], [ 16.380717795892174, 40.413089160946008 ], [ 16.277567105226424, 40.40341878369609 ], [ 16.220350706497772, 40.369169530935977 ], [ 16.211486194018679, 40.267630569811885 ], [ 16.237273866685118, 40.148362583729615 ], [ 16.282402293851383, 39.980742711397774 ], [ 16.353318393684084, 39.826016675399146 ], [ 16.44035178893331, 39.780888248232884 ], [ 16.537055561432449, 39.767994411899664 ], [ 16.67566430201455, 39.758324034649753 ], [ 16.772368074513686, 39.671290639400524 ], [ 16.833613797096476, 39.571363407818083 ], [ 16.988339833095097, 39.519788062485205 ], [ 17.114054737343977, 39.468212717152333 ], [ 17.210758509843117, 39.410190453652852 ], [ 17.283286339217472, 39.276416901695711 ], [ 17.320356118675477, 39.174877940571612 ], [ 17.288121527842428, 39.087844545322383 ], [ 17.339696873175303, 38.997587690989853 ], [ 17.475082154674098, 38.946012345656982 ], [ 17.626584731589414, 38.913777754823933 ], [ 17.775669714192269, 38.854143761782801 ], [ 17.894610935107782, 38.735169353779995 ], [ 18.017842589811547, 38.555212016752272 ], [ 18.185085549766654, 38.447139811635083 ], [ 18.460889729341744, 38.343468737043032 ], [ 18.652583414436489, 38.213879893802961 ], [ 18.697572748693418, 38.090648239099195 ], [ 18.721045444827467, 37.95176812030607 ], [ 18.654062314392775, 37.924175816249409 ], [ 18.486442442060934, 37.930622734416019 ], [ 18.209224960896734, 37.904835061749587 ], [ 17.970688988732192, 37.833918961916879 ], [ 17.764387607400693, 37.821025125583667 ], [ 17.45493553540345, 37.898388143582977 ], [ 17.119695790739765, 38.053114179581598 ], [ 17.08101428174011, 38.162711788413958 ], [ 16.926288245741489, 38.207840215580219 ], [ 16.771562209742864, 38.18205254291378 ], [ 16.629730010077463, 38.117583361247689 ], [ 16.63778865778572, 38.061172827289859 ], [ 16.844090039117219, 37.941904841207588 ], [ 16.985922238782621, 37.877435659541497 ], [ 17.127754438448026, 37.771061509792439 ], [ 17.266363179030126, 37.667910819126696 ], [ 17.413030567320487, 37.547836968273593 ], [ 17.593544275985543, 37.464027032107673 ], [ 17.803069116400348, 37.454356654857762 ], [ 18.067392761231325, 37.512378918357243 ], [ 18.26402376531291, 37.583295018189951 ], [ 18.43809055581136, 37.660658036189261 ], [ 18.605710428143201, 37.647764199856042 ], [ 18.676626527975902, 37.560730804606813 ], [ 18.644391937142856, 37.483367786607502 ], [ 18.650838855309466, 37.438239359441241 ], [ 18.669373745038467, 37.368934989150191 ], [ 18.698384876788207, 37.330253480150532 ], [ 18.720949090371342, 37.296407159775832 ], [ 18.764465787995952, 37.288348512067572 ], [ 18.793476919745697, 37.33992385740045 ], [ 18.790253460662392, 37.383440555025061 ], [ 18.831352563974527, 37.438239359441241 ], [ 18.878898585453268, 37.481756057065851 ], [ 18.938167884067436, 37.486226313647407 ], [ 18.988496194285627, 37.46563876164933 ], [ 19.04183895865949, 37.425588515301108 ], [ 19.174850903419109, 37.368862832977157 ], [ 19.282434094033505, 37.386467355077691 ], [ 19.3900172846479, 37.421676399278766 ], [ 19.478039895150591, 37.462753617513357 ], [ 19.554326157586253, 37.527303531881991 ], [ 19.603227607865524, 37.554688344038382 ], [ 19.66582146422299, 37.550776228016041 ], [ 19.71276685649109, 37.527303531881991 ], [ 19.756778161742435, 37.49405054569209 ], [ 19.854581062300976, 37.448083182429578 ], [ 19.960697209406987, 37.437080356116738 ], [ 20.005686543663924, 37.449305718686553 ], [ 20.038939529853824, 37.480113632362496 ], [ 20.07610463206607, 37.550531720764646 ], [ 20.099088313697333, 37.595032040518781 ], [ 20.130874256378853, 37.63268615723382 ], [ 20.182220779172095, 37.70261523113318 ], [ 20.219857564108011, 37.748094363823895 ], [ 20.287550204857411, 37.794834520531815 ], [ 20.365601217719355, 37.769610218015785 ], [ 20.422326900043309, 37.683543665524262 ], [ 20.451667770210872, 37.597477113032745 ], [ 20.443843538166188, 37.536839314686453 ], [ 20.504481336512484, 37.431212182083229 ], [ 20.590547889004, 37.368618325725755 ], [ 20.690306847573716, 37.39404707987098 ], [ 20.793977922165769, 37.442948530150254 ], [ 20.829186966366844, 37.509454502530062 ], [ 20.853637691506478, 37.592097953502027 ], [ 20.841985167185808, 37.693295559407716 ], [ 20.859714192143979, 37.793222790990157 ], [ 20.883890135268768, 37.849633324947995 ], [ 20.887113594352069, 37.943113638363826 ], [ 20.931880011953318, 38.053727644138348 ], [ 20.986649636266101, 38.141750254641039 ], [ 21.072716188757617, 38.204344110998505 ], [ 21.145090335170938, 38.302147011557047 ], [ 21.21355236556192, 38.274762199400655 ], [ 21.238981119707141, 38.15153054469689 ], [ 21.276146221919387, 37.997001961814391 ], [ 21.272234105897045, 37.889418771199999 ], [ 21.242893235729483, 37.813132508764333 ], [ 21.227244771640116, 37.74956062340128 ], [ 21.209640249539579, 37.685010709032646 ], [ 21.215508423573091, 37.610680504608148 ], [ 21.26049775783002, 37.512877604049606 ], [ 21.309399208109291, 37.372041427245307 ], [ 21.303531034075775, 37.223381018396324 ], [ 21.260497757830016, 37.121666001815441 ], [ 21.170519089316159, 37.080588783580851 ], [ 21.098144942902838, 37.109929653748416 ], [ 21.014034448422489, 37.1177538857931 ], [ 20.802780183216036, 37.01603886921221 ], [ 20.677592470501104, 36.918235968653669 ], [ 20.638471310277687, 36.773487675827027 ], [ 20.642383426300029, 36.558321294598237 ], [ 20.622822846188321, 36.383254102598443 ], [ 20.575877453920217, 36.315770101213047 ], [ 20.494498920185102, 36.24945010804489 ], [ 20.361333069530552, 36.182867182717615 ], [ 20.221825987892448, 36.075066255997264 ], [ 20.107683830188545, 35.948241636326259 ], [ 19.923788131665592, 35.821417016655253 ], [ 19.724039355683765, 35.767516553295081 ], [ 19.479901962817081, 35.748492860344427 ], [ 19.210399646016199, 35.732639782885556 ], [ 18.950409175690645, 35.719957320918454 ], [ 18.642859472988466, 35.726298551902005 ], [ 18.398722080121786, 35.754834091327979 ], [ 18.160925918238657, 35.76117532231153 ], [ 17.948494680289727, 35.777028399770408 ], [ 17.720210364881932, 35.738981013869108 ], [ 17.539485281850752, 35.672398088541833 ], [ 17.289006658000524, 35.643862549115852 ], [ 17.111452190461119, 35.628009471656981 ], [ 16.899020952512192, 35.583620854772128 ], [ 16.696101561038589, 35.618497625181654 ], [ 16.566106325875811, 35.666056857558281 ], [ 16.451964168171909, 35.653374395591179 ], [ 16.312457086533808, 35.574109008296801 ], [ 16.237947622477083, 35.53170202609428 ], [ 16.133317311248508, 35.50475179441419 ], [ 16.036613538749368, 35.477801562734101 ], [ 15.947836304979674, 35.469478697068226 ], [ 15.859059071209964, 35.534872641586055 ], [ 15.816255762071002, 35.655356030273509 ], [ 15.794061453628576, 35.755230418264418 ], [ 15.821011685308672, 35.846781940589459 ], [ 15.85588845571819, 35.935162847422653 ], [ 15.919300765553698, 36.014824561653533 ] ] ] } },
{ "type": "Feature", "properties": { "id": 13, "name": "Forest of Qohor", "type": "forest", "continent": "Essos", "size": 4 }, "geometry": { "type": "Polygon", "coordinates": [ [ [ 44.907891420783862, 8.780562705499738 ], [ 44.980815577094688, 8.758368397057312 ], [ 45.064836887626726, 8.733003473123112 ], [ 45.156784736888206, 8.713979780172462 ], [ 45.24556197065791, 8.691785471730036 ], [ 45.335924512173499, 8.674347086525273 ], [ 45.424701745943203, 8.658494009066397 ], [ 45.50872305647524, 8.64422623935341 ], [ 45.594329674753169, 8.647396854845185 ], [ 45.656156676842784, 8.660079316812284 ], [ 45.706136806256133, 8.693848848842972 ], [ 45.756823718706642, 8.752423493010234 ], [ 45.794871104607942, 8.799982725386862 ], [ 45.853527491205782, 8.838030111288163 ], [ 45.909013262311845, 8.876077497189463 ], [ 45.953401879196697, 8.914124883090764 ], [ 45.972425572147344, 8.953757576737953 ], [ 45.967669648909684, 9.001316809114579 ], [ 45.950231263704922, 9.05838788796653 ], [ 45.909013262311845, 9.112288351326708 ], [ 45.87889241513998, 9.163018199195109 ], [ 45.85194218345989, 9.218503970301173 ], [ 45.850356875714006, 9.275575049153126 ], [ 45.872551184156428, 9.340572666734515 ], [ 45.904257339074185, 9.399229053332354 ], [ 45.950231263704922, 9.44678828570898 ], [ 46.002546419319209, 9.49276221033972 ], [ 46.095088758985398, 9.563803813702306 ], [ 46.194963146976313, 9.636727970013133 ], [ 46.294837534967229, 9.701725587594524 ], [ 46.394711922958145, 9.741358281241713 ], [ 46.488245079965516, 9.757211358700587 ], [ 46.550072082055124, 9.780594647952428 ], [ 46.632508084841277, 9.826964899519639 ], [ 46.677689355599071, 9.863823304611525 ], [ 46.71018816438977, 9.909400902305793 ], [ 46.760918012258173, 9.968057288903632 ], [ 46.809269898507743, 9.995403847520191 ], [ 46.867133631232633, 10.015220194343785 ], [ 46.926582671703422, 10.033451233421491 ], [ 47.002677443506023, 10.05406023411803 ], [ 47.072430984325074, 10.063572080593355 ], [ 47.131087370922913, 10.058816157355693 ], [ 47.189743757520752, 10.074669234814568 ], [ 47.240473605389155, 10.098448851002882 ], [ 47.288032837765776, 10.107960697478207 ], [ 47.33876268563418, 10.095278235511106 ], [ 47.383151302519032, 10.060401465101581 ], [ 47.40376030321557, 10.006501001741404 ], [ 47.397419072232019, 9.960527077110665 ], [ 47.375224763789596, 9.909797229242264 ], [ 47.367298225060154, 9.871749843340963 ], [ 47.373639456043705, 9.827361226456111 ], [ 47.402174995469686, 9.770290147604159 ], [ 47.441807689116871, 9.714804376498096 ], [ 47.482233036636998, 9.673586375105019 ], [ 47.540889423234837, 9.633953681457831 ], [ 47.588448655611458, 9.603832834285967 ], [ 47.656616888684624, 9.597491603302418 ], [ 47.727955737249566, 9.603832834285967 ], [ 47.805635816798052, 9.635538989203718 ], [ 47.884901204092429, 9.703707222276883 ], [ 47.960995975895038, 9.781387301825372 ], [ 48.040261363189416, 9.863823304611525 ], [ 48.121112058229677, 9.933576845430578 ], [ 48.182939060319292, 9.985892001044865 ], [ 48.247936677900682, 10.014427540470841 ], [ 48.319275526465624, 10.038207156659155 ], [ 48.409638067981213, 10.049304310880368 ], [ 48.490488763021482, 10.049304310880368 ], [ 48.552315765111096, 10.033451233421491 ], [ 48.617313382692487, 10.011256924979067 ], [ 48.682311000273877, 9.974794846823652 ], [ 48.744138002363485, 9.930406229938802 ], [ 48.76950292629769, 9.903852325195185 ], [ 48.776636811154184, 9.885621286117479 ], [ 48.777317436648254, 9.868605648765687 ], [ 48.777429465027126, 9.865804939293884 ], [ 48.767124964678857, 9.843610630851458 ], [ 48.733040848142274, 9.813489783679595 ], [ 48.692615500622139, 9.784954244253619 ], [ 48.66090934570439, 9.764345243557081 ], [ 48.622069305930147, 9.74532155060643 ], [ 48.576888035172352, 9.743736242860543 ], [ 48.535670033779276, 9.746906858352318 ], [ 48.508719802099186, 9.738980319622881 ], [ 48.466709146833168, 9.71995662667223 ], [ 48.427076453185975, 9.691817414182726 ], [ 48.387840086475265, 9.653175537876717 ], [ 48.349000046701015, 9.613542844229528 ], [ 48.297477544959669, 9.566776265725846 ], [ 48.242784427726548, 9.51921703334922 ], [ 48.199981118587587, 9.481962301320863 ], [ 48.157177809448626, 9.451841454148999 ], [ 48.1151671541826, 9.431034289984224 ], [ 48.092972845740178, 9.403291404431192 ], [ 48.085046307010742, 9.372377903386385 ], [ 48.0771197682813, 9.322440709390927 ], [ 48.085046307010742, 9.275674130887245 ], [ 48.09733244204137, 9.239608379668303 ], [ 48.127453289213229, 9.201560993767002 ], [ 48.178975790954574, 9.148453184279768 ], [ 48.224157061712376, 9.101686605776086 ], [ 48.267753024724279, 9.06046860438301 ], [ 48.319275526465624, 9.026384487846428 ], [ 48.363664143350476, 9.000028746571047 ], [ 48.413601337345931, 8.965944630034466 ], [ 48.454819338739007, 8.936616436735546 ], [ 48.507927148226244, 8.917592743784896 ], [ 48.562620265459365, 8.907288243436627 ], [ 48.602252959106551, 8.894605781469526 ], [ 48.640300345007851, 8.870826165281212 ], [ 48.671213846052659, 8.831986125506967 ], [ 48.687066923511537, 8.785021383535049 ], [ 48.686274269638595, 8.753909719022007 ], [ 48.677555077036203, 8.721014583294838 ], [ 48.657738730212614, 8.681778216584123 ], [ 48.629995844659582, 8.648090426984012 ], [ 48.580058650664128, 8.608854060273295 ], [ 48.52774349504984, 8.573184635990826 ], [ 48.48890345527559, 8.54068582720013 ], [ 48.459575261976674, 8.501845787425886 ], [ 48.444514838390738, 8.47727351736463 ], [ 48.420735222202424, 8.461618603373989 ], [ 48.385462124856431, 8.450719612621013 ], [ 48.33076900762331, 8.4396224583998 ], [ 48.294306929467893, 8.443585727764519 ], [ 48.235650542870054, 8.444378381637462 ], [ 48.18095742563694, 8.438829804526856 ], [ 48.138946770370914, 8.43565918903508 ], [ 48.096143461231954, 8.426939996432699 ], [ 48.050169536601217, 8.417428149957374 ], [ 48.008555208271666, 8.404547524522037 ], [ 47.89243141588539, 8.35758278255012 ], [ 47.809995413099237, 8.319535396648819 ], [ 47.727559410313084, 8.287829241731067 ], [ 47.664147100477599, 8.262464317796866 ], [ 47.624514406830407, 8.219661008657903 ], [ 47.602320098387985, 8.168931160789501 ], [ 47.608661329371536, 8.11186008193755 ], [ 47.621343791338631, 8.054789003085597 ], [ 47.646708715272837, 7.997717924233646 ], [ 47.703779794124785, 7.932720306652256 ], [ 47.762436180722624, 7.894672920750955 ], [ 47.808410105353367, 7.848698996120216 ], [ 47.824263182812238, 7.767055647207008 ], [ 47.787801104656829, 7.651328181757217 ], [ 47.735485949042534, 7.564136255733402 ], [ 47.672073639207035, 7.516577023356775 ], [ 47.654635254002272, 7.475359021963699 ], [ 47.654635254002272, 7.435726328316511 ], [ 47.683963447301188, 7.403623846462288 ], [ 47.704572447997727, 7.357253594895078 ], [ 47.69981652476006, 7.319206208993776 ], [ 47.682378139555304, 7.291859650377217 ], [ 47.652257292383439, 7.256982879967691 ], [ 47.614209906482138, 7.236373879271152 ], [ 47.580918443818504, 7.226069378922883 ], [ 47.558724135376075, 7.205460378226345 ], [ 47.548419635027805, 7.182473415910976 ], [ 47.550797596646632, 7.163846049896797 ], [ 47.563480058613742, 7.143633376136731 ], [ 47.592808251912658, 7.126987644804911 ], [ 47.641160138162228, 7.117475798329586 ], [ 47.694267947649458, 7.122231721567249 ], [ 47.733107987423708, 7.130158260296687 ], [ 47.775911296562668, 7.141255414517899 ], [ 47.82584849055813, 7.148389299374394 ], [ 47.872615069061808, 7.153937876485 ], [ 47.915418378200776, 7.148389299374394 ], [ 47.948313513927943, 7.144426030009675 ], [ 47.983190284337468, 7.133328875788462 ], [ 48.022030324111711, 7.123024375440193 ], [ 48.063248325504787, 7.120646413821362 ], [ 48.117148788864966, 7.122231721567249 ], [ 48.171049252225139, 7.127780298677855 ], [ 48.228912984950036, 7.122231721567249 ], [ 48.274886909580772, 7.110341913473093 ], [ 48.312934295482073, 7.088742095435374 ], [ 48.371590682079912, 7.055648796239972 ], [ 48.428661760931867, 7.028698564559884 ], [ 48.485732839783822, 6.993821794150358 ], [ 48.538047995398109, 6.951018485011394 ], [ 48.587192535520622, 6.91455640685598 ], [ 48.629995844659582, 6.873338405462905 ], [ 48.660116691831448, 6.840046942799265 ], [ 48.668043230560883, 6.797045470192065 ], [ 48.660116691831448, 6.749684401283676 ], [ 48.641092998880801, 6.710051707636487 ], [ 48.598289689741833, 6.673589629481073 ], [ 48.547559841873429, 6.633956935833885 ], [ 48.458782608103725, 6.587784847734909 ], [ 48.371590682079912, 6.550728279174789 ], [ 48.298666525769086, 6.522192739748813 ], [ 48.209889291999382, 6.498413123560499 ], [ 48.114770827246133, 6.476218815118074 ], [ 48.033920132205864, 6.449268583437985 ], [ 47.960995975895038, 6.428659582741448 ], [ 47.907095512534859, 6.397547918228403 ], [ 47.897583666059539, 6.368417888397721 ], [ 47.911851435772526, 6.336711733479969 ], [ 47.93563105196084, 6.311346809545769 ], [ 48.002213977288115, 6.293908424341006 ], [ 48.065626287123621, 6.284396577865681 ], [ 48.121112058229684, 6.255861038439704 ], [ 48.136965135688556, 6.219398960284291 ], [ 48.127453289213236, 6.182936882128877 ], [ 48.100503057533146, 6.154401342702902 ], [ 48.089405903311935, 6.124280495531038 ], [ 48.10208836527903, 6.1036714948345 ], [ 48.13379452019678, 6.108427418072162 ], [ 48.175012521589856, 6.124280495531038 ], [ 48.249521985646574, 6.131216216919295 ], [ 48.305007756752637, 6.119128245356904 ], [ 48.362078835604592, 6.096933936914479 ], [ 48.403296836997669, 6.065227781996728 ], [ 48.460367915849616, 6.022424472857764 ], [ 48.514268379209796, 6.001815472161226 ], [ 48.57609538129941, 5.981206471464688 ], [ 48.634751767897249, 5.965353394005812 ], [ 48.671213846052659, 5.941573777817499 ], [ 48.682311000273877, 5.918784978970366 ], [ 48.661701999577339, 5.863299207864301 ], [ 48.610972151708935, 5.814154667741787 ], [ 48.555486380602872, 5.765010127619274 ], [ 48.51109776371802, 5.685744740324896 ], [ 48.484147532037923, 5.618369161124676 ], [ 48.48890345527559, 5.54782296643268 ], [ 48.528536148922782, 5.478069425613628 ], [ 48.582436612282955, 5.405937923175745 ], [ 48.631581152405474, 5.349659498196736 ], [ 48.674384461544435, 5.282283918996516 ], [ 48.70926123195396, 5.210152416558632 ], [ 48.721943693921055, 5.126923759899536 ], [ 48.693408154495081, 5.000099140228532 ], [ 48.634751767897235, 4.903395367729392 ], [ 48.564998227078185, 4.811447518467914 ], [ 48.473050377816705, 4.751205824124187 ], [ 48.409638067981206, 4.738523362157087 ], [ 48.339884527162155, 4.763888286091288 ], [ 48.276472217326649, 4.82730059592679 ], [ 48.238424831425348, 4.909736598712942 ], [ 48.155988828639195, 4.938272138138918 ], [ 48.032334824459966, 4.887542290270517 ], [ 47.92770451323139, 4.748035208632412 ], [ 47.892827742821865, 4.627551819944959 ], [ 47.883315896346538, 4.488044738306855 ], [ 47.88223938490129, 4.423454051592063 ], [ 47.880145280854762, 4.297807808800349 ], [ 47.883315896346538, 4.094888417326743 ], [ 47.883315896346538, 3.901480872328462 ], [ 47.892827742821865, 3.742950097739707 ], [ 47.953069437165588, 3.578078092167403 ], [ 47.997458054050441, 3.467106549955274 ], [ 48.011725823763442, 3.313331698604181 ], [ 47.954654744911487, 3.237236926801579 ], [ 47.872218742125334, 3.170654001474302 ], [ 47.764417815404983, 3.107241691638801 ], [ 47.675640581635278, 3.085047383196375 ], [ 47.637593195733977, 3.021635073360873 ], [ 47.640763811225753, 2.948710917050046 ], [ 47.662958119668183, 2.863104298772118 ], [ 47.647105042209304, 2.77115644951064 ], [ 47.590033963357349, 2.720426601642239 ], [ 47.485403652128774, 2.669696753773837 ], [ 47.425161957785051, 2.615796290413661 ], [ 47.39662641835907, 2.519092517914522 ], [ 47.415650111309724, 2.465192054554345 ], [ 47.491744883112325, 2.398609129227068 ], [ 47.5583278084396, 2.316173126440916 ], [ 47.615398887291555, 2.195689737753462 ], [ 47.61856950278333, 2.097400657508434 ], [ 47.577351501390254, 2.053012040623583 ], [ 47.494915498604101, 2.033988347672932 ], [ 47.390285187375518, 2.040329578656482 ], [ 47.269801798688071, 2.030817732181157 ], [ 47.168342102951264, 1.992770346279856 ], [ 47.07005302270624, 1.999111577263406 ], [ 46.990787635411863, 2.040329578656482 ], [ 46.91786347910103, 2.087888811033109 ], [ 46.803721321397127, 2.11325373496731 ], [ 46.711773472135654, 2.097400657508434 ], [ 46.657873008775475, 2.043500194148257 ], [ 46.648361162300148, 1.97057603783743 ], [ 46.705432241152103, 1.907163728001928 ], [ 46.797380090413576, 1.869116342100627 ], [ 46.940057787543459, 1.770827261855599 ], [ 47.041517483280259, 1.694732490052997 ], [ 47.142977179017066, 1.631320180217495 ], [ 47.181024564918367, 1.523519253497142 ], [ 47.147023016493307, 1.262163932284129 ], [ 47.092247331148663, 1.116095162804042 ], [ 47.025664405821388, 1.011464851575464 ], [ 46.959081480494106, 0.932199464281087 ], [ 46.882986708691504, 0.881469616412685 ], [ 46.803721321397127, 0.916346386822211 ], [ 46.727626549594525, 0.916346386822211 ], [ 46.654702393283699, 0.894152078379785 ], [ 46.610313776398847, 0.799033613626533 ], [ 46.610313776398847, 0.70391514887328 ], [ 46.607143160907079, 0.585017067931714 ], [ 46.603972545415303, 0.500995757399674 ], [ 46.619825622874181, 0.390024215187546 ], [ 46.653117085537815, 0.266370211008317 ], [ 46.697505702422667, 0.155398668796189 ], [ 46.765673935495833, 0.026592414442826 ], [ 46.830671553077224, -0.07328197354809 ], [ 46.884572016437403, -0.17632697703078 ], [ 46.921380880661985, -0.297990264035315 ], [ 46.935301864305799, -0.366960233473758 ], [ 46.941643095289351, -0.456133794179932 ], [ 46.976519865698876, -0.567105336392061 ], [ 46.998327486246509, -0.610720577487325 ], [ 47.035176252296715, -0.684418109587739 ], [ 47.093832638894554, -0.822339883479956 ], [ 47.116026947336984, -0.949164503150959 ], [ 47.103344485369881, -1.049038891141875 ], [ 47.077979561435683, -1.167936972083441 ], [ 47.067252168876209, -1.23027449566451 ], [ 47.063213080327387, -1.253745882235139 ], [ 47.035176252296715, -1.295554245627389 ], [ 46.984446404428311, -1.330431016036915 ], [ 46.922619402338704, -1.347869401241678 ], [ 46.840183399552551, -1.362137170954665 ], [ 46.765673935495833, -1.36530778644644 ], [ 46.700676317914443, -1.377990248413541 ], [ 46.670026034973368, -1.394494246920274 ], [ 46.61824031512829, -1.422378865298392 ], [ 46.562754544022226, -1.479449944150344 ], [ 46.513610003899714, -1.552374100461171 ], [ 46.462880156031311, -1.630054180009661 ], [ 46.399467846195812, -1.68236933562395 ], [ 46.343982075089748, -1.693466489845163 ], [ 46.288496303983685, -1.6887105666075 ], [ 46.215572147672852, -1.668101565910962 ], [ 46.148989222345577, -1.663741969609771 ], [ 46.095088758985398, -1.666912585101546 ], [ 46.025335218166347, -1.682765662560422 ], [ 45.936557984396643, -1.676424431576872 ], [ 45.87631629005292, -1.654230123134446 ], [ 45.831927673168067, -1.62569458370847 ], [ 45.809733364725638, -1.568623504856518 ], [ 45.803392133742086, -1.514723041496342 ], [ 45.835098288659843, -1.45765196264439 ], [ 45.895339983003566, -1.419604576743089 ], [ 45.987287832265046, -1.383935152460619 ], [ 46.006311525215693, -1.308633034530961 ], [ 46.009482140707469, -1.194490876827057 ], [ 45.92387552242954, -1.016936409287652 ], [ 45.838268904151612, -0.864746865682448 ], [ 45.708273668988838, -0.706216091093693 ], [ 45.609984588743806, -0.622987434434597 ], [ 45.521207354974102, -0.521527738697794 ], [ 45.410235812761975, -0.445432966895191 ], [ 45.334141040959373, -0.375679426076139 ], [ 45.303204420843052, -0.285096427702097 ], [ 45.318287963500502, -0.183857188823746 ], [ 45.37535904235245, -0.101421186037594 ], [ 45.460965660630379, -0.018985183251442 ], [ 45.578278433826057, 0.041256511092285 ], [ 45.670226283087537, 0.091986358960687 ], [ 45.765344747840786, 0.171251746255064 ], [ 45.78436844079144, 0.282223288467192 ], [ 45.774856594316113, 0.412218523629971 ], [ 45.748041774339093, 0.533662179457281 ], [ 45.743150439398363, 0.650807339386047 ], [ 45.774856594316113, 0.749096419631075 ], [ 45.828757057676292, 0.856897346351428 ], [ 45.838268904151612, 0.990063197005982 ], [ 45.809733364725638, 1.129570278644086 ], [ 45.746321054890139, 1.240541820856215 ], [ 45.644861359153332, 1.336452939482411 ], [ 45.543401663416532, 1.412547711285014 ], [ 45.460965660630379, 1.44742448169454 ], [ 45.349994118418252, 1.47913063661229 ], [ 45.270728731123874, 1.529860484480692 ], [ 45.226340114239022, 1.596443409807969 ], [ 45.191463343829497, 1.675708797102346 ], [ 45.105856725551568, 1.751803568904949 ], [ 45.032932569240742, 1.773997877347374 ], [ 44.956837797438141, 1.773997877347374 ], [ 44.855378101701334, 1.821557109724001 ], [ 44.79513640735761, 1.884969419559503 ], [ 44.747577174980982, 1.945211113903229 ], [ 44.70364103134839, 2.003559521444195 ], [ 44.690506096129027, 2.033195693799988 ], [ 44.68654282676431, 2.068072464209514 ], [ 44.685750172891368, 2.118802312077916 ], [ 44.682579557399592, 2.158435005725104 ], [ 44.669897095432489, 2.195689737753462 ], [ 44.658007287338336, 2.225017931052382 ], [ 44.658799941211278, 2.262272663080739 ], [ 44.66870811462308, 2.298932904704388 ], [ 44.678616288034874, 2.321127213146814 ], [ 44.696054673239637, 2.34332152158924 ], [ 44.732516751395053, 2.380576253617597 ], [ 44.765808214058687, 2.41069710078946 ], [ 44.78324659926345, 2.444781217326043 ], [ 44.79989233059527, 2.47569471837085 ], [ 44.83040950470361, 2.508193527161545 ], [ 44.874798121588455, 2.538314374333408 ], [ 44.923942661710974, 2.562093990521721 ], [ 44.993696202530025, 2.590629529947697 ], [ 45.044624213866662, 2.624812728218397 ], [ 45.064440560690251, 2.640071315272565 ], [ 45.073159753292636, 2.65493357539026 ], [ 45.073952407165578, 2.6705884893809 ], [ 45.068403830054976, 2.680298499324461 ], [ 45.046209521612546, 2.688819528458607 ], [ 45.01688132831363, 2.694368105569213 ], [ 44.987949461951182, 2.697142394124517 ], [ 44.954261672351066, 2.698727701870404 ], [ 44.925329805988625, 2.70427627898101 ], [ 44.894019978007343, 2.70823954834573 ], [ 44.865484438581369, 2.713589961988099 ], [ 44.80207212874587, 2.713589961988099 ], [ 44.758476165733953, 2.718345885225762 ], [ 44.679210778439575, 2.724687116209312 ], [ 44.595189467907538, 2.742125501414075 ], [ 44.519094696104936, 2.765905117602388 ], [ 44.474706079220084, 2.797611272520139 ], [ 44.438244001064668, 2.848341120388541 ], [ 44.416049692622245, 2.903826891494605 ], [ 44.401781922909258, 2.973580432313657 ], [ 44.384343537704495, 3.040559684577406 ], [ 44.378002306720944, 3.215339863561508 ], [ 44.374831691229168, 3.319970174790086 ], [ 44.379587614466828, 3.45313602544464 ], [ 44.400196615163367, 3.648128878188808 ], [ 44.423976231351681, 3.771782882368037 ], [ 44.441414616556443, 3.832420903648235 ], [ 44.480254656330686, 3.893058924928435 ], [ 44.559520043625064, 3.934276926321511 ], [ 44.673662201328966, 3.981836158698137 ], [ 44.797316205508196, 4.038907237550089 ], [ 44.860728515343695, 4.146708164270442 ], [ 44.889264054769669, 4.270362168449671 ], [ 44.892434670261444, 4.374992479678249 ], [ 44.858267716535423, 4.446850393700808 ], [ 44.762439435098663, 4.517670176808128 ], [ 44.645126661902985, 4.536693869758778 ], [ 44.530984504199083, 4.558888178201205 ], [ 44.454889732396481, 4.590594333118956 ], [ 44.380776595276252, 4.675606460992172 ], [ 44.331235728217251, 4.757051646437147 ], [ 44.318553266250156, 4.823634571764424 ], [ 44.350259421167905, 4.927472229120059 ], [ 44.375624345102104, 4.963141653402528 ], [ 44.423183577478731, 4.985335961844954 ], [ 44.454889732396481, 5.036065809713355 ], [ 44.464401578871808, 5.089966273073531 ], [ 44.496107733789557, 5.158927160019641 ], [ 44.559520043625064, 5.20093781528566 ], [ 44.645126661902985, 5.210449661760985 ], [ 44.724392049197363, 5.19459658430211 ], [ 44.82585174493417, 5.18191412233501 ], [ 44.892434670261444, 5.20093781528566 ], [ 44.959017595588719, 5.226302739219861 ], [ 44.995876000680617, 5.261377673097623 ], [ 44.999046616172393, 5.286544433563589 ], [ 44.993498039061784, 5.323799165591946 ], [ 44.976059653857021, 5.341237550796709 ], [ 44.94356084506633, 5.351542051144978 ], [ 44.897586920435593, 5.361846551493247 ], [ 44.85161299580485, 5.39196739866511 ], [ 44.827040725743593, 5.423079063178154 ], [ 44.808017032792947, 5.457163179714736 ], [ 44.80326110955528, 5.500759142726643 ], [ 44.79295660920701, 5.538013874754997 ], [ 44.795334570825837, 5.599444549908143 ], [ 44.822284802505926, 5.635906628063557 ], [ 44.854783611296625, 5.666423802171892 ], [ 44.891245689452042, 5.688618110614318 ], [ 44.945146152812221, 5.699715264835531 ], [ 44.999046616172393, 5.729836112007394 ], [ 45.049776464040796, 5.767883497908695 ], [ 45.097335696417424, 5.802760268318221 ], [ 45.163918621744699, 5.813857422539434 ], [ 45.22416031608843, 5.813857422539434 ], [ 45.268548932973275, 5.840807654219522 ], [ 45.284402010432153, 5.877269732374936 ], [ 45.284402010432153, 5.940682042210438 ], [ 45.270926894592108, 5.982296370539985 ], [ 45.230501547071974, 6.02945927598014 ], [ 45.182942314695353, 6.04214173794724 ], [ 45.117944697113963, 6.048482968930791 ], [ 45.062458926007899, 6.034215199217803 ], [ 45.014899693631271, 6.008850275283602 ], [ 44.973681692238195, 5.973973504874076 ], [ 44.94356084506633, 5.942267349956325 ], [ 44.861124842280176, 5.902634656309137 ], [ 44.780274147239915, 5.880440347866711 ], [ 44.702594067691422, 5.883610963358486 ], [ 44.631255219126487, 5.893122809833812 ], [ 44.566257601545097, 5.910561195038574 ], [ 44.509979176566084, 5.937907753655134 ], [ 44.475895060029501, 5.992997197824726 ], [ 44.463212598062405, 6.051653584422562 ], [ 44.470346482918892, 6.1582655303335 ], [ 44.487784868123654, 6.24228684086554 ], [ 44.506808561074308, 6.321948555096389 ], [ 44.538514715992058, 6.407555173374317 ], [ 44.59241517935223, 6.482064637431031 ], [ 44.628084603634711, 6.517337734777029 ], [ 44.667717297281897, 6.54904388969478 ], [ 44.721617760642076, 6.563311659407768 ], [ 44.756494531051601, 6.604529660800845 ], [ 44.796127224698786, 6.680624432603446 ], [ 44.824662764124767, 6.758304512151937 ], [ 44.835759918345978, 6.812204975512113 ], [ 44.843686457075414, 6.905738132519478 ], [ 44.831003995108311, 6.972717384783227 ], [ 44.804053763428229, 7.015520693922191 ], [ 44.770762300764588, 7.063079926298817 ], [ 44.724788376133851, 7.092011792661265 ], [ 44.677229143757224, 7.125303255324903 ], [ 44.636011142364147, 7.163350641226205 ], [ 44.613816833921717, 7.193471488398068 ], [ 44.612231526175833, 7.241030720774694 ], [ 44.627291949761762, 7.275511164247749 ], [ 44.636803796237089, 7.299290780436062 ], [ 44.657809123870102, 7.317719982982005 ], [ 44.695063855898454, 7.328817137203218 ], [ 44.733111241799755, 7.323268560092611 ], [ 44.766402704463395, 7.336347348996183 ], [ 44.787011705159934, 7.371224119405709 ], [ 44.790182320651709, 7.410856813052898 ], [ 44.769573319955171, 7.436221736987099 ], [ 44.728355318562095, 7.450489506700086 ], [ 44.680796086185467, 7.469513199650737 ], [ 44.642748700284166, 7.496463431330826 ], [ 44.63006623831707, 7.524998970756801 ], [ 44.63957808479239, 7.567802279895765 ], [ 44.663357700980704, 7.604264358051179 ], [ 44.706161010119672, 7.650238282681918 ], [ 44.745001049893915, 7.693834245693825 ], [ 44.771951281574005, 7.728711016103351 ], [ 44.787408032096401, 7.771117998305843 ], [ 44.788597012905825, 7.804805787905953 ], [ 44.774725570129299, 7.823433153920132 ], [ 44.729940626307986, 7.831756019586042 ], [ 44.689515278787852, 7.855535635774355 ], [ 44.646315642712409, 7.896357310230959 ], [ 44.61460948779466, 7.94906879278172 ], [ 44.598756410335781, 8.021992949092548 ], [ 44.565464947672147, 8.077478720198611 ], [ 44.540496350674424, 8.112751817544609 ], [ 44.507997541883725, 8.134946125987035 ], [ 44.471931790664776, 8.140891030034114 ], [ 44.408519480829277, 8.11077018286225 ], [ 44.334010016772559, 8.0917464899116 ], [ 44.253159321732298, 8.112355490608138 ], [ 44.191332319642683, 8.166255953968314 ], [ 44.161211472470818, 8.21381518634494 ], [ 44.137431856282504, 8.26216707259451 ], [ 44.126334702061293, 8.314482228208799 ], [ 44.142187779520171, 8.366797383823089 ], [ 44.172308626692029, 8.425453770420928 ], [ 44.162796780216709, 8.485695464764655 ], [ 44.13109062529896, 8.523742850665956 ], [ 44.066093007717569, 8.550693082346044 ], [ 44.005851313373839, 8.574472698534358 ], [ 43.936097772554788, 8.595081699230896 ], [ 43.863173616243962, 8.595081699230896 ], [ 43.787078844441361, 8.579228621772019 ], [ 43.701472226163432, 8.57288739078847 ], [ 43.62537745436083, 8.583984545009683 ], [ 43.557209221287664, 8.618861315419208 ], [ 43.506479373419261, 8.660079316812284 ], [ 43.470017295263851, 8.704467933697137 ], [ 43.460505448788524, 8.761539012549088 ], [ 43.470017295263851, 8.826536630130477 ], [ 43.492211603706274, 8.880437093490654 ], [ 43.538185528337017, 8.929581633613168 ], [ 43.598427222680741, 8.978726173735682 ], [ 43.658668917024464, 9.013602944145207 ], [ 43.75378738177772, 9.067503407505384 ], [ 43.831467461326213, 9.115458966818483 ], [ 43.882197309194609, 9.164603506940997 ], [ 43.945609619030115, 9.235942355505937 ], [ 44.021704390832717, 9.277160356899012 ], [ 44.102555085872979, 9.293013434357889 ], [ 44.183405780913247, 9.286672203374337 ], [ 44.254744629478182, 9.245454201981262 ], [ 44.313602482268529, 9.183814629505276 ], [ 44.345107170993778, 9.121800197802033 ], [ 44.370472094927976, 9.040949502761768 ], [ 44.39900763435395, 8.993390270385142 ], [ 44.446566866730578, 8.953757576737953 ], [ 44.529002869516731, 8.94266042251674 ], [ 44.598756410335781, 8.952172268992065 ], [ 44.660583412425396, 8.960098807721502 ], [ 44.735092876482113, 8.939489807024964 ], [ 44.782652108858741, 8.901442421123663 ], [ 44.820699494760042, 8.860224419730587 ], [ 44.855576265169567, 8.820195399146927 ], [ 44.907891420783862, 8.780562705499738 ] ] ] } },
{ "type": "Feature", "properties": { "id": 45, "name": null, "type": "forest", "continent": "Westeros", "size": 2 }, "geometry": { "type": "Polygon", "coordinates": [ [ [ 17.514120357916557, 31.610443316641494 ], [ 17.640944977587559, 31.654831933526342 ], [ 17.780452059225663, 31.718244243361845 ], [ 17.881911754962463, 31.826045170082196 ], [ 18.015077605617016, 31.990917175654499 ], [ 18.065807453485419, 32.2192014910623 ], [ 18.091172377419618, 32.466509499420759 ], [ 18.20531453512352, 32.688452583845013 ], [ 18.370186540695823, 32.827959665483114 ], [ 18.560423470202327, 32.878689513351517 ], [ 18.801390247577231, 32.923078130236362 ], [ 18.966262253149534, 32.929419361219914 ], [ 19.118451796754737, 32.954784285154119 ], [ 19.296006264294139, 32.973807978104766 ], [ 19.448195807899342, 32.929419361219914 ], [ 19.682821354290695, 32.846983358433768 ], [ 19.796963511994598, 32.732841200729865 ], [ 19.8603758218301, 32.561627964174008 ], [ 19.835010897895899, 32.403097189585253 ], [ 19.752574895109749, 32.320661186799107 ], [ 19.746233664126198, 32.2192014910623 ], [ 19.739892433142646, 32.035305792539347 ], [ 19.657456430356497, 31.794339015164446 ], [ 19.562337965603245, 31.680196857460544 ], [ 19.467219500849993, 31.547031006805991 ], [ 19.38478349806384, 31.43923008008564 ], [ 19.289665033310591, 31.369476539266589 ], [ 19.245276416425739, 31.255334381562687 ], [ 19.207229030524438, 31.141192223858784 ], [ 19.175522875606688, 30.944614063368732 ], [ 19.137475489705388, 30.760718364845776 ], [ 19.016992101017934, 30.735353440911577 ], [ 18.890167481346932, 30.729012209928026 ], [ 18.757001630692379, 30.798765750747076 ], [ 18.585788394136525, 30.86851929156613 ], [ 18.433598850531325, 30.931931601401629 ], [ 18.338480385778073, 30.963637756319383 ], [ 18.116537301353819, 31.077779914023282 ], [ 17.913617909880216, 31.198263302710735 ], [ 17.723380980373712, 31.261675612546235 ], [ 17.57753266775206, 31.306064229431087 ], [ 17.450708048081058, 31.38850023221724 ], [ 17.412660662179757, 31.521666082871789 ], [ 17.514120357916557, 31.610443316641494 ] ] ] } },
{ "type": "Feature", "properties": { "id": 52, "name": null, "type": "forest", "continent": "Sothoryos", "size": null }, "geometry": { "type": "Polygon", "coordinates": [ [ [ 65.774058758224683, -34.824255736394214 ], [ 65.82478860609308, -34.608653882953512 ], [ 65.951613225764092, -34.481829263282506 ], [ 66.179897541171897, -34.481829263282506 ], [ 66.408181856579688, -34.595971420986409 ], [ 66.433546780513893, -34.748160964591612 ], [ 66.547688938217803, -34.887668046229713 ], [ 66.661831095921698, -34.951080356065212 ], [ 66.839385563461107, -35.027175127867814 ], [ 67.029622492967604, -35.039857589834916 ], [ 67.219859422474116, -35.09058743770332 ], [ 67.372048966079305, -35.230094519341421 ], [ 67.384731428046408, -35.382284062946624 ], [ 67.308636656243806, -35.597885916387327 ], [ 67.283271732309615, -35.762757921959626 ], [ 67.181812036572808, -35.940312389499034 ], [ 66.991575107066311, -35.940312389499034 ], [ 66.801338177559799, -35.876900079663528 ], [ 66.649148633954596, -35.762757921959626 ], [ 66.496959090349392, -35.648615764255723 ], [ 66.370134470678394, -35.648615764255723 ], [ 66.217944927073191, -35.673980688189928 ], [ 66.07843784543509, -35.648615764255723 ], [ 65.976978149698283, -35.572520992453128 ], [ 65.850153530027285, -35.483743758683424 ], [ 65.659916600520788, -35.547156068518923 ], [ 65.444314747080071, -35.585203454420224 ], [ 65.203347969705177, -35.572520992453128 ], [ 65.177983045770972, -35.433013910815021 ], [ 65.292125203474882, -35.268141905242722 ], [ 65.482362132981379, -35.242776981308516 ], [ 65.634551676586582, -35.217412057374318 ], [ 65.736011372323389, -35.103269899670416 ], [ 65.82478860609308, -34.925715432131014 ], [ 65.774058758224683, -34.824255736394214 ] ] ] } },
{ "type": "Feature", "properties": { "id": 42, "name": null, "type": "swamp", "continent": null, "size": 3 }, "geometry": { "type": "Polygon", "coordinates": [ [ [ 13.002767309471791, 21.062539771921898 ], [ 13.718946457853351, 21.005447885139521 ], [ 14.318509847348015, 20.876509521807336 ], [ 14.918073236842678, 20.65086738597601 ], [ 15.304888326839237, 20.297898616354153 ], [ 15.620787317003092, 19.720899440442619 ], [ 15.685256498669185, 19.08104281240665 ], [ 15.569211971670217, 18.687780804243481 ], [ 15.324229081339064, 18.352541059579799 ], [ 15.066352354674693, 18.030195151249334 ], [ 15.008330091175209, 17.669167733919213 ], [ 14.63440883751187, 16.940665981092362 ], [ 14.605397705762128, 16.674730606719731 ], [ 14.650526132928393, 16.358831616555875 ], [ 14.605397705762128, 15.972016526559317 ], [ 14.347520979097755, 15.643223700062244 ], [ 13.954258970934589, 15.295090119065343 ], [ 13.567443880938031, 15.179045592066375 ], [ 12.510149301614108, 15.114576410400282 ], [ 11.93859301563012, 15.135132567505355 ], [ 11.523242386207587, 15.252445340701032 ], [ 11.218863298997181, 15.48786354096533 ], [ 10.885948672360801, 15.922237863338513 ], [ 10.711564820313173, 16.287651298765589 ], [ 10.632299433018796, 16.791779161957823 ], [ 10.765465283673349, 17.169082405479053 ], [ 10.89228990334435, 17.498826416623658 ], [ 11.025455753998903, 17.931615431250954 ], [ 11.198201454709116, 18.33964722324658 ], [ 11.282275608832682, 18.679880687309868 ], [ 11.404502836040614, 19.010126712573946 ], [ 11.514100444872973, 19.419506016153637 ], [ 11.726848744371079, 20.096432423647613 ], [ 11.862234025869874, 20.38009682297842 ], [ 12.004066225535279, 20.689548894975665 ], [ 12.397328233698445, 20.94097870347343 ], [ 13.002767309471791, 21.062539771921898 ] ] ] } },
{ "type": "Feature", "properties": { "id": 43, "name": null, "type": "forest", "continent": "Westeros", "size": 2 }, "geometry": { "type": "Polygon", "coordinates": [ [ [ 14.429111484419417, 29.365647548464754 ], [ 14.479841332287821, 29.230896390064313 ], [ 14.571789181549297, 29.142119156294612 ], [ 14.679590108269648, 29.094559923917984 ], [ 14.777879188514675, 29.104071770393311 ], [ 14.866656422284377, 29.069194999983786 ], [ 14.968116118021179, 28.996270843672956 ], [ 14.996651657447154, 28.894811147936156 ], [ 15.018845965889579, 28.78383960572403 ], [ 15.044210889823781, 28.695062371954329 ], [ 15.082258275725081, 28.650673755069477 ], [ 15.117135046134607, 28.612626369168176 ], [ 15.139329354577031, 28.549214059332677 ], [ 15.110793815151057, 28.501654826956049 ], [ 15.063234582774431, 28.439827824866434 ], [ 15.117135046134607, 28.322515051670759 ], [ 15.183717971461883, 28.284467665769458 ], [ 15.269324589739808, 28.284467665769458 ], [ 15.396149209410812, 28.319344436178984 ], [ 15.478585212196963, 28.316173820687208 ], [ 15.551509368507789, 28.297150127736558 ], [ 15.621262909326841, 28.252761510851709 ], [ 15.716381374080092, 28.211543509458632 ], [ 15.808329223341568, 28.14813119962313 ], [ 15.865400302193519, 28.110083813721829 ], [ 15.982713075389197, 28.068865812328752 ], [ 16.061978462683573, 28.091060120771179 ], [ 16.106367079568425, 28.14813119962313 ], [ 16.087343386617775, 28.236908433392831 ], [ 16.055637231700022, 28.309832589703657 ], [ 16.055637231700022, 28.366903668555608 ], [ 16.100025848584874, 28.41129228544046 ], [ 16.195144313338126, 28.474704595275963 ], [ 16.268068469648952, 28.541287520603237 ], [ 16.312457086533804, 28.617382292405839 ], [ 16.325139548500903, 28.70615952617554 ], [ 16.302945240058477, 28.794936759945241 ], [ 16.277580316124276, 28.88054337822317 ], [ 16.230021083747651, 28.95029691904222 ], [ 16.210997390797001, 29.007367997894171 ], [ 16.195144313338126, 29.096145231663872 ], [ 16.179291235879251, 29.178581234450025 ], [ 16.166608773912149, 29.257846621744399 ], [ 16.15392631194505, 29.31491770059635 ], [ 16.131732003502623, 29.398146357255445 ], [ 16.1222201570273, 29.547165285368873 ], [ 16.119049541535524, 29.62643067266325 ], [ 16.081002155634224, 29.724719752908278 ], [ 16.033442923257599, 29.83252067962863 ], [ 15.941495073996121, 29.930809759873657 ], [ 15.862229686701745, 29.984710223233833 ], [ 15.716381374080092, 30.013245762659807 ], [ 15.611751062851516, 30.006904531676255 ], [ 15.443708441787438, 29.97202776126673 ], [ 15.36444305449306, 29.991051454217381 ], [ 15.291518898182234, 30.038610686594009 ], [ 15.199571048920758, 30.086962572843579 ], [ 15.066405198266205, 30.096474419318902 ], [ 14.949092425070528, 30.061597648909377 ], [ 14.834950267366626, 30.045744571450502 ], [ 14.733490571629824, 29.979161646123227 ], [ 14.644713337860123, 29.915749336287725 ], [ 14.578130412532847, 29.814289640550921 ], [ 14.51154748720557, 29.728683022272996 ], [ 14.502035640730245, 29.611370249077318 ], [ 14.429111484419417, 29.365647548464754 ] ] ] } },
{ "type": "Feature", "properties": { "id": 44, "name": null, "type": "forest", "continent": "Westeros", "size": 2 }, "geometry": { "type": "Polygon", "coordinates": [ [ [ 22.431744985659662, 29.876116642640536 ], [ 22.520522219429367, 29.933187721492487 ], [ 22.520522219429367, 30.079036034114139 ], [ 22.488816064511614, 30.16781326788384 ], [ 22.545887143363565, 30.307320349521945 ], [ 22.653688070083916, 30.459509893127148 ], [ 22.793195151722021, 30.510239740995548 ], [ 22.970749619261422, 30.510239740995548 ], [ 23.148304086800827, 30.5546283578804 ], [ 23.325858554340229, 30.63706436066655 ], [ 23.408294557126382, 30.7068179014856 ], [ 23.440000712044132, 30.820960059189503 ], [ 23.516095483846733, 30.935102216893405 ], [ 23.598531486632883, 31.055585605580859 ], [ 23.623896410567085, 31.169727763284758 ], [ 23.617555179583533, 31.26484622803801 ], [ 23.579507793682232, 31.404353309676114 ], [ 23.509754252863182, 31.442400695577415 ], [ 23.41463578810993, 31.448741926560963 ], [ 23.33219978532378, 31.391670847709012 ], [ 23.237081320570528, 31.359964692791262 ], [ 23.148304086800827, 31.366305923774814 ], [ 23.078550545981773, 31.385329616725464 ], [ 23.021479467129826, 31.493130543445815 ], [ 22.989773312212073, 31.581907777215516 ], [ 22.920019771393022, 31.689708703935867 ], [ 22.80587761368912, 31.746779782787819 ], [ 22.685394225001669, 31.78482716868912 ], [ 22.520522219429367, 31.742023859550159 ], [ 22.361991444840612, 31.843483555286959 ], [ 22.209801901235409, 31.944943251023762 ], [ 22.051271126646657, 31.989331867908611 ], [ 21.873716659107252, 31.989331867908611 ], [ 21.7278683464856, 31.938602020040211 ], [ 21.562996340913298, 31.862507248237609 ], [ 21.518607724028449, 31.773730014467908 ], [ 21.537631416979099, 31.646905394796907 ], [ 21.594702495831047, 31.551786930043654 ], [ 21.702503422551402, 31.551786930043654 ], [ 21.797621887304654, 31.545445699060103 ], [ 21.867375428123704, 31.526422006109453 ], [ 21.861034197140153, 31.450327234306851 ], [ 21.797621887304654, 31.3932561554549 ], [ 21.715185884518501, 31.336185076602948 ], [ 21.6771384986172, 31.2410666118497 ], [ 21.772256963370452, 31.139606916112896 ], [ 21.867375428123704, 31.101559530211595 ], [ 21.943470199926306, 31.088877068244496 ], [ 21.943470199926306, 30.993758603491244 ], [ 21.911764045008553, 30.904981369721543 ], [ 21.835669273205951, 30.85425152185314 ], [ 21.778598194354004, 30.809862904968291 ], [ 21.759574501403353, 30.746450595132789 ], [ 21.765915732386901, 30.68303828529729 ], [ 21.791280656321103, 30.575237358576935 ], [ 21.753233270419802, 30.505483817757884 ], [ 21.753233270419802, 30.448412738905933 ], [ 21.778598194354004, 30.385000429070434 ], [ 21.899081583041454, 30.308905657267832 ], [ 21.987858816811155, 30.31524688825138 ], [ 22.070294819597308, 30.289881964317182 ], [ 22.095659743531506, 30.188422268580378 ], [ 22.095659743531506, 30.061597648909377 ], [ 22.127365898449259, 29.991844108090326 ], [ 22.190778208284758, 29.928431798254824 ], [ 22.241508056153162, 29.871360719402873 ], [ 22.33662652090641, 29.833313333501572 ], [ 22.431744985659662, 29.876116642640536 ] ] ] } },
{ "type": "Feature", "properties": { "id": 45, "name": null, "type": "forest", "continent": "Westeros", "size": 2 }, "geometry": { "type": "Polygon", "coordinates": [ [ [ 23.463780328232481, 7.608091390031377 ], [ 23.584263716919935, 7.551020311179427 ], [ 23.666699719706084, 7.506631694294575 ], [ 23.850595418229037, 7.512972925278126 ], [ 23.98376126888359, 7.531996618228776 ], [ 24.040832347735542, 7.658821237899778 ], [ 24.072538502653291, 7.76662216462013 ], [ 24.167656967406543, 7.78564585757078 ], [ 24.313505280028195, 7.791987088554331 ], [ 24.433988668715649, 7.855399398389832 ], [ 24.395941282814348, 7.944176632159533 ], [ 24.351552665929496, 8.007588941995035 ], [ 24.313505280028195, 8.083683713797635 ], [ 24.307164049044648, 8.159778485600237 ], [ 24.351552665929496, 8.216849564452188 ], [ 24.414964975764999, 8.280261874287689 ], [ 24.427647437732098, 8.330991722156091 ], [ 24.433988668715649, 8.419768955925791 ], [ 24.427647437732098, 8.476840034777743 ], [ 24.465694823633399, 8.521228651662593 ], [ 24.548130826419552, 8.565617268547443 ], [ 24.668614215107002, 8.635370809366496 ], [ 24.706661601008303, 8.711465581169097 ], [ 24.700320370024752, 8.812925276905899 ], [ 24.674955446090554, 8.89536127969205 ], [ 24.668614215107002, 8.977797282478202 ], [ 24.668614215107002, 9.072915747231454 ], [ 24.751050217893155, 9.187057904935354 ], [ 24.839827451662856, 9.294858831655707 ], [ 24.839827451662856, 9.377294834441859 ], [ 24.782756372810905, 9.364612372474758 ], [ 24.700320370024752, 9.288517600672158 ], [ 24.592519443304401, 9.187057904935354 ], [ 24.510083440518251, 9.047550823297254 ], [ 24.427647437732098, 8.908043741659151 ], [ 24.300822818061096, 8.8509726628072 ], [ 24.154974505439444, 8.717806812152647 ], [ 24.135950812488794, 8.616347116415845 ], [ 24.028149885768443, 8.521228651662593 ], [ 23.907666497080989, 8.521228651662593 ], [ 23.774500646426436, 8.521228651662593 ], [ 23.609628640854133, 8.508546189695494 ], [ 23.47646279019958, 8.495863727728393 ], [ 23.368661863479229, 8.38172157002449 ], [ 23.336955708561479, 8.254896950353489 ], [ 23.191107395939827, 8.159778485600237 ], [ 23.064282776268826, 8.013930172978585 ], [ 22.91843446364717, 7.988565249044384 ], [ 22.76624492004197, 7.969541556093733 ], [ 22.639420300370965, 7.937835401175983 ], [ 22.493571987749313, 7.931494170192433 ], [ 22.360406137094763, 7.874423091340482 ], [ 22.220899055456659, 7.817352012488531 ], [ 22.163827976604708, 7.77930462658723 ], [ 22.106756897752756, 7.684186161833979 ], [ 22.106756897752756, 7.576385235113626 ], [ 22.081391973818558, 7.468584308393274 ], [ 22.119439359719856, 7.411513229541324 ], [ 22.246263979390861, 7.411513229541324 ], [ 22.347723675127661, 7.430536922491974 ], [ 22.417477215946711, 7.512972925278126 ], [ 22.512595680699963, 7.582726466097177 ], [ 22.607714145453215, 7.595408928064277 ], [ 22.728197534140669, 7.563702773146527 ], [ 22.823315998893921, 7.525655387245226 ], [ 22.950140618564923, 7.474925539376825 ], [ 23.045259083318175, 7.468584308393274 ], [ 23.191107395939827, 7.468584308393274 ], [ 23.317932015610829, 7.500290463311026 ], [ 23.40670924938053, 7.557361542162976 ], [ 23.463780328232481, 7.608091390031377 ] ] ] } },
{ "type": "Feature", "properties": { "id": 46, "name": null, "type": "snow", "continent": "Westeros", "size": 4 }, "geometry": { "type": "Polygon", "coordinates": [ [ [ 20.057030875573052, 35.612761590978543 ], [ 20.06080503583631, 35.635406552558081 ], [ 20.076560144909138, 35.675147881587627 ], [ 20.083449997415851, 35.748631360455789 ], [ 20.063630373913277, 35.801213148797281 ], [ 20.070240436494451, 35.844872447168846 ], [ 20.10043371860051, 35.884501129933042 ], [ 20.147673885386382, 35.901418874015214 ], [ 20.260809381600176, 35.933743301504869 ], [ 20.292915892026617, 35.976968056382837 ], [ 20.302831137336728, 36.053343683216596 ], [ 20.338205815185699, 36.084531623885667 ], [ 20.408027780055953, 36.088305784148922 ], [ 20.448333956790236, 36.053376201098544 ], [ 20.522637244266384, 36.056576125965563 ], [ 20.583526232297405, 36.086418704017298 ], [ 20.587300392560664, 36.160014829150803 ], [ 20.613719514403464, 36.19398227152012 ], [ 20.657122357430918, 36.156240668887548 ], [ 20.689202719668604, 36.144918188097776 ], [ 20.708073520984886, 36.195869351651751 ], [ 20.745815123617458, 36.224175553626175 ], [ 20.774417342053905, 36.291563883324827 ], [ 20.838282050067253, 36.324190800602487 ], [ 20.834507889803998, 36.375141964156455 ], [ 20.827230908355517, 36.448537538721283 ], [ 20.846791488467225, 36.520911685134607 ], [ 20.825274850344346, 36.567857077402707 ], [ 20.85657177852308, 36.587417657514415 ], [ 20.8956929387465, 36.603066121603781 ], [ 20.901561112780012, 36.663703919950073 ], [ 20.854615720511909, 36.685220558072956 ], [ 20.842879372444884, 36.730209892329889 ], [ 20.837011198411371, 36.759550762497447 ], [ 20.778329458076247, 36.786935574653839 ], [ 20.754856761942197, 36.82801279288843 ], [ 20.776373400065076, 36.85148548902248 ], [ 20.8350551404002, 36.855397605044821 ], [ 20.878088416645959, 36.87495818515653 ], [ 20.899605054768841, 36.949288389581021 ], [ 20.932858040958745, 36.964936853670388 ], [ 20.975891317204503, 36.988409549804437 ], [ 20.993495839305041, 37.021662535994345 ], [ 21.005232187372066, 37.06665187025127 ], [ 21.030660941517286, 37.086212450362979 ], [ 21.083761103831502, 37.06258402286997 ], [ 21.104991145941778, 37.014327318452452 ], [ 21.116727494008803, 36.97716221624021 ], [ 21.148024422187536, 36.949777404083818 ], [ 21.136288074120511, 36.904788069826886 ], [ 21.122595668042315, 36.865666909603469 ], [ 21.142156248154024, 36.832413923413561 ], [ 21.187145582410956, 36.855886619547611 ], [ 21.214530394567348, 36.891095663748686 ], [ 21.281036366947156, 36.959557694139669 ], [ 21.286904540980668, 36.992810680329576 ], [ 21.286904540980668, 37.035843956575334 ], [ 21.324069643192914, 37.061272710720552 ], [ 21.378839267505697, 37.10430598696631 ], [ 21.406224079662088, 37.145383205200901 ], [ 21.384707441539209, 37.188416481446659 ], [ 21.398399847617405, 37.266658801893492 ], [ 21.421872543751455, 37.352725354385008 ], [ 21.415491452654521, 37.408331146995366 ], [ 21.390575615572722, 37.456396428977065 ], [ 21.367102919438672, 37.503341821245165 ], [ 21.402311963639747, 37.540506923457414 ], [ 21.406224079662088, 37.575715967658489 ], [ 21.378839267505697, 37.595276547770197 ], [ 21.33971810728228, 37.593320489759023 ], [ 21.306465121092376, 37.652002230094148 ], [ 21.300596947058864, 37.710683970429272 ], [ 21.331893875237597, 37.787948261870525 ], [ 21.372971093472184, 37.805552783971059 ], [ 21.394487731595063, 37.838805770160967 ], [ 21.394487731595063, 37.891619336462576 ], [ 21.365146861427501, 37.942476844753017 ], [ 21.314250910901944, 37.979058660023234 ], [ 21.298640889047693, 38.024631281222199 ], [ 21.296684831036522, 38.089181195590832 ], [ 21.333849933248768, 38.108741775702541 ], [ 21.355366571371647, 38.153731109959473 ], [ 21.345586281315793, 38.212412850294598 ], [ 21.345586281315793, 38.273050648640897 ], [ 21.378155454570781, 38.319338435369936 ], [ 21.402311963639747, 38.347380853065388 ], [ 21.408180137673259, 38.38454595527763 ], [ 21.382751383528039, 38.40801865141168 ], [ 21.331893875237597, 38.386502013288805 ], [ 21.286904540980668, 38.345424795054214 ], [ 21.239959148712568, 38.349336911076556 ], [ 21.1781042397185, 38.419601464366096 ], [ 21.179321350366269, 38.470612507769147 ], [ 21.208662220533835, 38.509733667992563 ], [ 21.251695496779593, 38.564503292305353 ], [ 21.253498902135092, 38.609842968896444 ], [ 21.247783380757252, 38.638833496729845 ], [ 21.198881930477981, 38.642745612752186 ], [ 21.11085931997529, 38.654481960819211 ], [ 21.08543056583007, 38.685778888997945 ], [ 21.032616999528457, 38.705339469109653 ], [ 20.977847375215674, 38.675998598942087 ], [ 20.938726214992258, 38.70729552712082 ], [ 20.909385344824695, 38.726856107232528 ], [ 20.919165634880549, 38.769889383478287 ], [ 20.901561112780012, 38.812922659724045 ], [ 20.873224175024063, 38.822313656905479 ], [ 20.837011198411371, 38.760109093422436 ], [ 20.803758212221467, 38.726856107232528 ], [ 20.760724935975709, 38.69751523706497 ], [ 20.748988587908684, 38.646657728774528 ], [ 20.719647717741122, 38.582107814405887 ], [ 20.64531751331663, 38.554723002249496 ], [ 20.629669049227264, 38.511689726003738 ], [ 20.64336145530546, 38.460832217713296 ], [ 20.705955311662926, 38.415842883456364 ], [ 20.776373400065076, 38.349336911076556 ], [ 20.807670328243809, 38.286743054719089 ], [ 20.837011198411371, 38.218281024328107 ], [ 20.870264184601275, 38.147862935925957 ], [ 20.868308126590104, 38.083313021557323 ], [ 20.83309908238903, 38.038323687300391 ], [ 20.813538502277321, 37.997246469065807 ], [ 20.825274850344346, 37.92682838066365 ], [ 20.813538502277321, 37.862278466295017 ], [ 20.78615369012093, 37.811420958004575 ], [ 20.743120413875172, 37.785992203859351 ], [ 20.733340123819318, 37.746871043635934 ], [ 20.766593110009222, 37.713618057446034 ], [ 20.780285516087417, 37.651024201088561 ], [ 20.737252239841659, 37.635375736999194 ], [ 20.680526557517705, 37.625595446943343 ], [ 20.639449339283125, 37.607990924842802 ], [ 20.635537223260783, 37.57082582263056 ], [ 20.6277129912161, 37.533660720418311 ], [ 20.60424029508205, 37.500407734228411 ], [ 20.567075192869801, 37.488671386161386 ], [ 20.533822206679897, 37.484759270139044 ], [ 20.512305568557018, 37.510188024284261 ], [ 20.522085858612872, 37.543441010474169 ], [ 20.557294902813947, 37.57082582263056 ], [ 20.576855482925655, 37.613859098876318 ], [ 20.584679714970338, 37.670584781200276 ], [ 20.584679714970338, 37.701881709379009 ], [ 20.555338844802776, 37.727310463524226 ], [ 20.49470104645648, 37.748827101647109 ], [ 20.447755654188381, 37.758607391702959 ], [ 20.391029971864427, 37.772299797781159 ], [ 20.377337565786231, 37.797728551926376 ], [ 20.383205739819743, 37.829025480105109 ], [ 20.410590551976135, 37.850542118227992 ], [ 20.406678435953793, 37.885751162429067 ], [ 20.381249681808573, 37.909223858563116 ], [ 20.32843611550696, 37.919004148618967 ], [ 20.299095245339398, 37.936608670719508 ], [ 20.299095245339398, 37.965949540887074 ], [ 20.30300736136174, 38.001158585088149 ], [ 20.318655825451106, 38.036367629289224 ], [ 20.371469391752719, 38.048103977356249 ], [ 20.402916253866376, 38.074710238055879 ], [ 20.406678435953793, 38.120478123769566 ], [ 20.432107190099014, 38.167423516037665 ], [ 20.418414784020818, 38.198720444216399 ], [ 20.367557275730377, 38.173291690071181 ], [ 20.192664624330664, 38.130777339265407 ], [ 20.141269781555266, 38.032659912148738 ], [ 20.103891714082252, 37.925197968163815 ], [ 20.08897416010808, 37.778534125745622 ], [ 19.991994137585571, 37.73513469556891 ], [ 19.95323464614696, 37.69662235007943 ], [ 19.921576049183422, 37.635375736999194 ], [ 19.899406907852036, 37.549181153880284 ], [ 19.857026134814785, 37.539528894451827 ], [ 19.759223234256243, 37.539528894451827 ], [ 19.737923692967257, 37.56088283611831 ], [ 19.714233899999314, 37.596254576775777 ], [ 19.698137973357966, 37.656836630470139 ], [ 19.733794480111023, 37.701881709379009 ], [ 19.749625375205287, 37.750450088374357 ], [ 19.745530828178047, 37.787948261870525 ], [ 19.719201001386416, 37.818319845354914 ], [ 19.672178652759136, 37.778167971814668 ], [ 19.615452970435182, 37.741002869602426 ], [ 19.550696777158823, 37.736408069688721 ], [ 19.523518243910154, 37.709705941423692 ], [ 19.521562185898983, 37.647112085066219 ], [ 19.517650069876641, 37.59429851876461 ], [ 19.489848029521081, 37.574924854803946 ], [ 19.437451691418637, 37.564957648597044 ], [ 19.378769951083509, 37.576693996664069 ], [ 19.328364814636302, 37.581945864146761 ], [ 19.259450412402089, 37.557133416552361 ], [ 19.21134799225603, 37.549181153880284 ], [ 19.149911163776522, 37.545397068485336 ], [ 19.091990833428149, 37.56322317256592 ], [ 18.993696702628721, 37.713004705212668 ], [ 18.928167282095767, 37.738748406136331 ], [ 18.932847954990979, 37.811298836012099 ], [ 18.99538258089402, 37.811420958004575 ], [ 19.052205113818857, 37.83236186404055 ], [ 19.057976437251487, 37.879882988395551 ], [ 19.035822758685619, 37.928315658392371 ], [ 18.997822133675918, 37.948433636338684 ], [ 18.916465599857741, 37.991504742477716 ], [ 18.907104254067317, 38.033630798534617 ], [ 18.965612665257456, 38.040651807877431 ], [ 19.038712816437492, 38.02460543322816 ], [ 19.061566459609278, 38.019588779848988 ], [ 19.104921829519586, 38.016807049177515 ], [ 19.13411688948505, 38.026609789191802 ], [ 19.153823279798861, 38.05201609337859 ], [ 19.152839581065891, 38.08043752748673 ], [ 19.091229423441391, 38.12243418178074 ], [ 19.021780739999986, 38.155328293810101 ], [ 18.902423581172108, 38.197454349867002 ], [ 18.844766114033867, 38.206544676261082 ], [ 18.797018146072514, 38.2065164464627 ], [ 18.715666285296589, 38.237841604439815 ], [ 18.649160312916781, 38.284786996707922 ], [ 18.608083094682193, 38.314127866875481 ], [ 18.60025886263751, 38.390414129311146 ], [ 18.52984077423536, 38.433447405556905 ], [ 18.449642395777353, 38.45496404367978 ], [ 18.359544544237153, 38.473801306348776 ], [ 18.312718334995395, 38.484304913847346 ], [ 18.259904768693783, 38.523426074070763 ], [ 18.230563898526221, 38.542986654182471 ], [ 18.230563898526221, 38.595800220484087 ], [ 18.195354854325142, 38.638833496729845 ], [ 18.158189752112897, 38.644701670763354 ], [ 18.113200417855968, 38.65056984479687 ], [ 18.09559589575543, 38.689691005020286 ], [ 18.118055671410463, 38.737243713068807 ], [ 18.106354214816868, 38.760598107925226 ], [ 18.037892184425889, 38.795807152126301 ], [ 17.996814966191302, 38.815367732238009 ], [ 17.963561980001398, 38.838840428372059 ], [ 17.921822609625419, 38.873226499113073 ], [ 17.975357701103782, 38.912871984215485 ], [ 18.063171836677125, 38.934825518108823 ], [ 18.205869806983806, 39.044593187575501 ], [ 18.326614243397149, 39.148872473568844 ], [ 18.46931221370383, 39.181802774408851 ], [ 18.579079883170508, 39.346454278608867 ], [ 18.67426017879135, 39.514737424402682 ], [ 18.841485121623727, 39.577268419073526 ], [ 18.811314921948878, 39.713034317610337 ], [ 18.592580974306237, 39.878970415821996 ], [ 18.468680807689761, 39.94458520034236 ], [ 18.447794841952145, 39.982176758495747 ], [ 18.313902349512176, 40.245846437403614 ], [ 18.253162989868528, 40.245846437403614 ], [ 18.136356529015352, 40.306585797047262 ], [ 17.996188775991545, 40.428064516334565 ], [ 18.076739628377272, 40.699279997315053 ], [ 18.066986005159311, 40.839911404201864 ], [ 17.997311234997117, 40.918876143719018 ], [ 17.941244133787592, 41.031010346138068 ], [ 17.964605425958226, 41.138472290122984 ], [ 17.983294459694736, 41.245934234107906 ], [ 18.003166759907433, 41.254871836763201 ], [ 17.942427400263778, 41.544551859679075 ], [ 17.891032557488384, 41.642669286795744 ], [ 17.844309973147112, 41.759475747648914 ], [ 17.872343523751876, 41.86226543319971 ], [ 17.865365539835992, 41.937203990557578 ], [ 17.884054573572499, 42.04933819297662 ], [ 17.752497054542989, 42.150518959756944 ], [ 17.864631256962038, 42.314048004951388 ], [ 17.953404167210447, 42.477577050145833 ], [ 18.023488043722349, 42.678484162813291 ], [ 18.028160302156483, 42.842013208007735 ], [ 18.065538369629497, 42.916769342953771 ], [ 18.042838258929883, 42.957371812650784 ], [ 18.023234775719672, 42.992435510953008 ], [ 18.041923809456179, 43.099897454937931 ], [ 18.070951056269536, 43.108190954027464 ], [ 18.205452854650623, 43.146620039279199 ], [ 18.326931573937927, 43.207359398922847 ], [ 18.45775481009348, 43.310149084473643 ], [ 18.560544495644272, 43.352199410380784 ], [ 18.602594821551417, 43.576467815218876 ], [ 18.635300630590304, 43.641879433296651 ], [ 18.822190967955382, 43.674585242335546 ], [ 18.948341945676809, 43.758685894149828 ], [ 19.055803889661732, 43.894181388739511 ], [ 19.055803889661732, 43.987626557422047 ], [ 18.896718541536689, 44.137682998379404 ], [ 18.689842205602897, 44.189402082362854 ], [ 18.618728465125653, 44.409208189292514 ], [ 18.567009381142206, 44.473857044271824 ], [ 18.457106327677376, 44.40274330379458 ], [ 18.366597930706341, 44.428602845786301 ], [ 18.347203274212546, 44.590224983234584 ], [ 18.554079610146342, 44.751847120682861 ], [ 18.961367396516, 45.036302082591824 ], [ 19.038068978710339, 45.098625446597666 ], [ 19.135919304960137, 45.294897502509073 ], [ 19.342795640893929, 45.424195212467694 ], [ 19.362190297387723, 45.58581734991597 ], [ 19.497952892844278, 45.656931090393215 ], [ 19.620785717304965, 45.631071548401493 ], [ 19.743618541765656, 45.695720403380804 ], [ 19.782407854753245, 45.799158571347697 ], [ 19.685434572284279, 45.876737197322875 ], [ 19.69836434328014, 45.96078070879598 ], [ 19.618458888507419, 45.975521707694675 ], [ 19.50363189410983, 45.947863710989452 ], [ 19.392724066945458, 45.921149711076907 ], [ 19.327194646412504, 45.986679131609861 ], [ 19.495698870640098, 46.028805187666762 ], [ 19.491018197744889, 46.206670757684776 ], [ 19.617396365915582, 46.262838832427306 ], [ 19.622077038810794, 46.407939692178843 ], [ 19.497952892844278, 46.52322574711598 ], [ 19.517347549338069, 46.697777655560124 ], [ 19.549671976827725, 46.865864678506327 ], [ 19.64664525929669, 46.723637197551845 ], [ 19.64018037379876, 46.562015060103569 ], [ 19.763013198259451, 46.484436434128398 ], [ 19.856984477503797, 46.446847922430656 ], [ 19.91044779317911, 46.425462596160536 ], [ 19.924635335707727, 46.419787579149087 ], [ 19.976354419691177, 46.284024983692532 ], [ 20.052698945170199, 46.276880851112942 ], [ 20.165035094655263, 46.356452290331525 ], [ 20.249287206769058, 46.464107766921373 ], [ 20.19779980492174, 46.553040551930387 ], [ 20.380346047834966, 46.660696028520235 ], [ 20.590976328119456, 46.637292664044182 ], [ 20.717354496290152, 46.6887800658915 ], [ 20.745438533661417, 46.82451957985262 ], [ 20.764161225242262, 46.941536402232892 ], [ 20.927984776574643, 46.932175056442468 ], [ 21.040320926059707, 46.88068765459515 ], [ 21.096489000802237, 46.82451957985262 ], [ 21.157337748439978, 46.82451957985262 ], [ 21.238036955753078, 46.924945630431651 ], [ 21.266070506357838, 47.093146934060222 ], [ 21.321050603260844, 47.247292922884263 ], [ 21.398629229236015, 47.4218448313284 ], [ 21.48267274070912, 47.518818113797366 ], [ 21.506330852141787, 47.548390753088199 ], [ 21.611970450667741, 47.680440251245642 ], [ 21.683084191144982, 47.835597503195991 ], [ 21.689549076642916, 48.029544068133923 ], [ 21.805917015605672, 48.165306663590478 ], [ 21.754197931622226, 48.268744831557377 ], [ 21.59257579417395, 48.249350175063583 ], [ 21.618435336165671, 48.378647885022204 ], [ 21.786522359111881, 48.469156281993236 ], [ 21.877030756082917, 48.734216587408412 ], [ 2.810391014809777, 48.734144933845634 ], [ 2.813842031662248, 48.726500530236379 ], [ -1.040988334082781, 48.721286816412544 ], [ -1.079777647070367, 48.585524220955989 ], [ -1.144426502049678, 48.533805136972539 ], [ -1.112102074560023, 48.417437198009779 ], [ -1.066847876074505, 48.333393686536674 ], [ -1.105637189062092, 48.236420404067708 ], [ -1.183215815037264, 48.126517350602882 ], [ -1.196145586033127, 48.03600895363185 ], [ -1.196145586033127, 47.926105900167016 ], [ -1.222005128024852, 47.777413533714615 ], [ -1.144426502049679, 47.74508910622496 ], [ -0.97633947910347, 47.745089106224945 ], [ -0.85997154014071, 47.777413533714601 ], [ -0.698349402692433, 47.8808517016815 ], [ -0.413894440783465, 47.848527274191845 ], [ -0.116509707878636, 47.654580709253928 ], [ 0.129155941042745, 47.725694449731172 ], [ 0.361891818968264, 47.706299793237378 ], [ 0.452400215939299, 47.673975365747722 ], [ 0.439470444943437, 47.480028800809791 ], [ 0.200269681519987, 47.480028800809791 ], [ 0.019252887577917, 47.389520403838752 ], [ -0.032466196405531, 47.292547121369772 ], [ 0.051577315067572, 47.221433380892542 ], [ 0.348962047972402, 47.227898266390476 ], [ 0.659276551873094, 47.13092498392151 ], [ 0.788574261831716, 47.01455704495875 ], [ 0.904942200794475, 47.02748681595461 ], [ 0.98898571226758, 47.13092498392151 ], [ 1.021310139757235, 47.24729292288427 ], [ 1.096329073316705, 47.238719330477473 ], [ 1.247581132184823, 47.221433380892542 ], [ 1.318694872662065, 47.253757808382197 ], [ 1.325159758159996, 47.357195976349097 ], [ 1.422133040628962, 47.395985289336686 ], [ 1.52557120859586, 47.486493686307718 ], [ 1.616079605566895, 47.41537994583048 ], [ 1.680728460546206, 47.331336434357375 ], [ 1.784166628513103, 47.324871548859441 ], [ 1.835885712496552, 47.240828037386336 ], [ 1.738912430027586, 47.202038724398754 ], [ 1.674263575048275, 47.085670785435994 ], [ 1.713052888035861, 46.917583762489784 ], [ 1.803561285006896, 46.794750938029097 ], [ 1.894069681977931, 46.600804373091158 ], [ 1.932858994965518, 46.445647121140816 ], [ 1.758307086521379, 46.329279182178055 ], [ 1.544965865089653, 46.148262388235985 ], [ 1.596684949073102, 46.01249979277943 ], [ 1.725982659031723, 45.921991395808398 ], [ 1.816491056002759, 45.773299029355982 ], [ 1.725982659031723, 45.631071548401501 ], [ 1.687193346044137, 45.527633380434601 ], [ 1.570825407081377, 45.46298452545529 ], [ 1.486781895608273, 45.540563151430462 ], [ 1.370413956645514, 45.559957807924256 ], [ 1.422133040628962, 45.669860861389083 ], [ 1.428597926126893, 45.760369258360122 ], [ 1.331624643657927, 45.896131853816669 ], [ 1.221721590193099, 45.844412769833227 ], [ 1.001915483263442, 45.812088342343571 ], [ 0.821193097033738, 45.812088342343571 ], [ 0.820898689321371, 45.812088342343571 ], [ 0.756249834342061, 45.857342540829087 ], [ 0.672206322868956, 45.831482998837359 ], [ 0.659276551873094, 45.753904372862188 ], [ 0.57523304039999, 45.669860861389083 ], [ 0.484724643428955, 45.689255517882877 ], [ 0.39421624645792, 45.715115059874599 ], [ 0.316637620482747, 45.708650174376672 ], [ 0.303707849486885, 45.611676891907706 ], [ 0.374821589964126, 45.495308952944946 ], [ 0.342497162474471, 45.391870784978046 ], [ 0.258453651001367, 45.34661658649253 ], [ 0.142085712038607, 45.320757044500809 ], [ 0.064507086063433, 45.207621548287015 ], [ 0.10976128454895, 45.136507807809771 ], [ 0.245523880005503, 45.117113151315976 ], [ 0.271383421997228, 45.066202178019779 ], [ 0.245523880005503, 44.987815441357355 ], [ 0.251988765503435, 44.943369353559085 ], [ 0.289161857116538, 44.906196261945979 ], [ 0.344113383848953, 44.907812483320463 ], [ 0.348962047972401, 44.933672025312191 ], [ 0.327951170104125, 44.96761267417633 ], [ 0.336032276976539, 44.988623552044601 ], [ 0.373205368589642, 45.006401987163912 ], [ 0.411994681577229, 45.022564200908739 ], [ 0.449167773190333, 44.998320880291502 ], [ 0.47664353655654, 44.959531567303912 ], [ 0.50573552129723, 44.906196261945979 ], [ 0.507351742671715, 44.863366395522171 ], [ 0.458865101437232, 44.868215059645621 ], [ 0.439470444943438, 44.85851773139872 ], [ 0.437854223568956, 44.820536529098383 ], [ 0.457248880062749, 44.805182426040794 ], [ 0.56876815490206, 44.769625555802172 ], [ 0.664125215996544, 44.763160670304238 ], [ 0.774028269461372, 44.717098361131484 ], [ 0.909790864917925, 44.59426553667079 ], [ 1.052018345872408, 44.37122698699217 ], [ 1.000299261888961, 44.167583093807337 ], [ 1.05848323137034, 44.051215154844577 ], [ 1.000299261888961, 43.960706757873545 ], [ 1.129596971847582, 43.896057902894235 ], [ 1.220105368818618, 43.915452559388029 ], [ 1.388192391764826, 44.005960956359061 ], [ 1.575674071204828, 44.005960956359061 ], [ 1.698506895665518, 43.915452559388029 ], [ 1.911848117097244, 43.98010141436734 ], [ 2.034680941557935, 43.986566299865267 ], [ 2.215697735500006, 43.896057902894235 ], [ 2.338530559960696, 43.889593017396301 ], [ 2.429038956931732, 43.934847215881824 ], [ 2.485606705038629, 43.893633570832513 ], [ 2.461363384421387, 43.805549505923196 ], [ 2.500152697408974, 43.689181566960443 ], [ 2.416109185935869, 43.650392253972853 ], [ 2.383784758446214, 43.546954086005954 ], [ 2.275497926355868, 43.499275555458716 ], [ 2.235092391993799, 43.469375460030783 ], [ 2.217313956874488, 43.424929372232512 ], [ 2.249638384364144, 43.353815631755268 ], [ 2.172059758388971, 43.308561433269752 ], [ 2.139735330899315, 43.28593433402699 ], [ 2.170443537014488, 43.236639582105262 ], [ 2.246405941615178, 43.176031280562164 ], [ 2.332065674462765, 43.184920498121812 ], [ 2.385400979820697, 43.117847311080787 ], [ 2.454898498923456, 43.113806757644575 ], [ 2.500152697408974, 43.191385383619746 ], [ 2.506617582906905, 43.275428895092851 ], [ 2.584196208882078, 43.288358666088712 ], [ 2.668239720355182, 43.210780040113541 ], [ 2.765213002824149, 43.230174696607335 ], [ 2.797877458516803, 43.253296598707557 ], [ 2.804002315811735, 43.314218208080433 ], [ 2.791072544815873, 43.391796834055611 ], [ 2.810467201309666, 43.482305231026643 ], [ 2.852647082829587, 43.472375095958689 ], [ 2.888045827284839, 43.430586147043194 ], [ 2.881580941786908, 43.327147979076301 ], [ 2.868651170791046, 43.236639582105262 ], [ 2.888045827284839, 43.159060956130091 ], [ 2.821350154650853, 43.108548305880909 ], [ 2.719958804338631, 43.075017444656986 ], [ 2.547502033086935, 43.006833289300026 ], [ 2.449699132528392, 42.936415200897876 ], [ 2.324511419813458, 42.924678852830851 ], [ 2.258005447433649, 42.858172880451043 ], [ 2.175851010964474, 42.865997112495727 ], [ 2.09760869051764, 42.909030388741485 ], [ 1.931242773591038, 42.932789963702504 ], [ 1.812024220886696, 42.889958823132567 ], [ 1.714221320328153, 42.882134591087883 ], [ 1.632066883858978, 42.831277082797442 ], [ 1.600769955680244, 42.782375632518175 ], [ 1.59098966562439, 42.713913602127192 ], [ 1.556279414711034, 42.680659429283189 ], [ 1.502967055121702, 42.680660615937285 ], [ 1.454065604842431, 42.655231861792068 ], [ 1.469714068931797, 42.614154643557477 ], [ 1.450153488820089, 42.569165309300551 ], [ 1.385603574451451, 42.543736555155327 ], [ 1.33670212417218, 42.567209251289377 ], [ 1.276064325825883, 42.567209251289377 ], [ 1.246723455658321, 42.533956265099476 ], [ 1.252429796308273, 42.486712864345257 ], [ 1.266284035770029, 42.461582118686152 ], [ 1.317078651287584, 42.428528894863874 ], [ 1.299537021959934, 42.36964739216112 ], [ 1.258459803725346, 42.318789883870679 ], [ 1.254547687703004, 42.248371795468529 ], [ 1.29171278991525, 42.201426403200429 ], [ 1.338658182183351, 42.170129475021696 ], [ 1.470619681863452, 42.154579371889071 ], [ 1.634022941870149, 42.150568894909988 ], [ 1.780934185764145, 42.154579371889071 ], [ 1.96068462973568, 42.170129475021696 ], [ 2.091248689664837, 42.14164960089321 ], [ 2.259335712611046, 42.03821143292631 ], [ 2.326467477824629, 41.977457760921368 ], [ 2.391017392193267, 41.94420477473146 ], [ 2.471215770651272, 41.940292658709119 ], [ 2.524029336952884, 41.977457760921368 ], [ 2.69811849994709, 41.975501702910194 ], [ 2.829174386695537, 42.002886515066592 ], [ 2.934801519298763, 41.991150166999567 ], [ 2.971966621511009, 41.865962454284627 ], [ 2.934801519298763, 41.768159553726086 ], [ 2.776360820393924, 41.760335321681403 ], [ 2.686018155474498, 41.740826700021479 ], [ 2.557282323142789, 41.660576363111687 ], [ 2.505001361532427, 41.572739677075269 ], [ 2.498600582807664, 41.543212882441438 ], [ 2.53576568501991, 41.504091722218021 ], [ 2.703986673980602, 41.498223548184512 ], [ 2.867034949416568, 41.521020593091819 ], [ 2.995439317645059, 41.455190271938754 ], [ 3.138560140329674, 41.430512196120787 ], [ 3.216473872907365, 41.322178327179131 ], [ 3.27515561324249, 41.282568152452924 ], [ 3.378826687834545, 41.281101108944547 ], [ 3.455112950270208, 41.292348442508775 ], [ 3.535311328728213, 41.221930354106625 ], [ 3.616961667176575, 41.236565631182856 ], [ 3.691795969621881, 41.300172674553458 ], [ 3.727005013822956, 41.413624039201373 ], [ 3.785686754158082, 41.480130011581181 ], [ 3.888486858089681, 41.533950364087687 ], [ 3.98911678731985, 41.542723867938648 ], [ 4.1212227360152, 41.469301509108377 ], [ 4.239492212749719, 41.474261837547665 ], [ 4.241448270760889, 41.613141956340797 ], [ 4.147082278006924, 41.740826700021479 ], [ 4.204283168548643, 41.793099293368513 ], [ 4.350987519386456, 41.795055351379688 ], [ 4.480087348123733, 41.80874775745788 ], [ 4.527032740391832, 41.845912859670129 ], [ 4.648308337084424, 41.767670539223296 ], [ 4.818485384056289, 41.712900914910513 ], [ 4.94872807975038, 41.70203738703389 ], [ 4.967145792905273, 41.572064738106207 ], [ 5.019959359206886, 41.495778475670548 ], [ 5.35248922110593, 41.444920967380106 ], [ 5.481589049843206, 41.491866359648206 ], [ 5.528534442111306, 41.560328390039182 ], [ 5.595040414491115, 41.568152622083865 ], [ 5.646935713526938, 41.521020593091819 ], [ 5.700667547094342, 41.444920967380106 ], [ 5.6598654845228, 41.327074028153888 ], [ 5.50017160094933, 41.244914035737885 ], [ 5.324126379943954, 41.211661049547978 ], [ 5.31630214789927, 41.151023251201686 ], [ 5.371071772212054, 41.090385452855386 ], [ 5.419973222491326, 40.992582552296845 ], [ 5.378896004256737, 40.931944753950546 ], [ 5.302609741821074, 40.906515999805329 ], [ 5.218499247340728, 40.89282359372713 ], [ 5.091355476614623, 40.883043303671279 ], [ 5.018981330201301, 40.902603883782987 ], [ 4.966167763899689, 40.86935089759308 ], [ 4.848804283229438, 40.875219071626596 ], [ 4.778386194827287, 40.931944753950546 ], [ 4.784254368860799, 40.98084620422982 ], [ 4.749045324659725, 41.018011306442069 ], [ 4.608209147855423, 40.986714378263336 ], [ 4.508450189285711, 40.961285624118112 ], [ 4.477153261106976, 40.879131187648937 ], [ 4.387174592593118, 40.865438781570738 ], [ 4.379818155932444, 40.784023646327675 ], [ 4.451724506961756, 40.757855590956346 ], [ 4.592560683766057, 40.753943474934005 ], [ 4.657110598134695, 40.716778372721755 ], [ 4.71579233846982, 40.642448168297264 ], [ 4.645374250067669, 40.583766427962139 ], [ 4.60038491581074, 40.530952861660523 ], [ 4.549527407520298, 40.433149961101982 ], [ 4.483256323899341, 40.396130516451812 ], [ 4.318712562202138, 40.35001749562722 ], [ 4.185871590994511, 40.409060287447673 ], [ 4.076161368816953, 40.295247871314437 ], [ 3.927500959967968, 40.083993606107988 ], [ 3.849697545102094, 39.866009905621461 ], [ 3.616961667176575, 39.723782424666979 ], [ 3.642821209168299, 39.503976317737319 ], [ 3.914346400081405, 39.465187004749737 ], [ 3.888486858089681, 39.206591584832495 ], [ 3.953135713068991, 39.025574790890424 ], [ 3.965226204330226, 38.772592031866047 ], [ 4.098967048990119, 38.605547255387464 ], [ 4.127000599594881, 38.526118862007309 ], [ 4.01953865560996, 38.409312401154132 ], [ 3.977488329702818, 38.273816906564448 ], [ 3.841992835113137, 38.208405288486674 ], [ 3.734530891128216, 38.180371737881913 ], [ 3.608379913406789, 38.110287861370011 ], [ 3.538296036894883, 38.044876243292229 ], [ 3.491573452553614, 37.942086557741433 ], [ 3.552312812197265, 37.797246546283503 ], [ 3.556985070631391, 37.652406534825566 ], [ 3.617724430275043, 37.572978141445404 ], [ 3.58969087967028, 37.470188455894615 ], [ 3.566329587499646, 37.358054253475565 ], [ 3.416817317607583, 37.227231017320008 ], [ 3.393456025436948, 37.157147140808107 ], [ 3.416817317607583, 37.016979387784296 ], [ 3.379439250134567, 36.876811634760486 ], [ 3.440178609778218, 36.788038724512077 ], [ 3.496245710987741, 36.750660657039063 ], [ 3.613052171840915, 36.788038724512077 ], [ 3.767236700167105, 36.844105825721599 ], [ 3.912076711625041, 36.839433567287472 ], [ 4.132896730830293, 36.667453003283285 ], [ 4.240358674815212, 36.550646542430115 ], [ 4.287081259156482, 36.4618736321817 ], [ 4.268392225419975, 36.260966519514241 ], [ 4.329131585063625, 36.07874844058329 ], [ 4.357165135668389, 36.013336822505508 ], [ 4.455282562785051, 35.93858068755948 ], [ 4.553399989901721, 35.915219395388846 ], [ 4.609467091111243, 35.96661423816424 ], [ 4.618811607979497, 35.95259746286186 ], [ 4.787012911608068, 35.933908429125353 ], [ 4.945869698368385, 36.008664564071381 ], [ 5.174810361640605, 36.060059406846783 ], [ 5.380389732742193, 36.041370373110269 ], [ 5.4487003904979, 36.10118246763529 ], [ 5.771965941881646, 36.144394201205102 ], [ 5.818688526222916, 36.03693225722018 ], [ 5.809411325043333, 35.868234500387651 ], [ 5.832814689519388, 35.760579023797803 ], [ 6.001318913746982, 35.643562201417531 ], [ 6.024722278223036, 35.456335285609093 ], [ 6.113655063232044, 35.442293266923457 ], [ 6.198914678143395, 35.416449150599924 ], [ 6.329737914298947, 35.346365274088022 ], [ 6.469905667322757, 35.40710463373167 ], [ 6.578685751144523, 35.384308607071105 ], [ 6.589961160236793, 35.326320788882285 ], [ 6.617344296603737, 35.291689175241736 ], [ 6.626203546604807, 35.259473720692391 ], [ 6.735736092072583, 35.225647493415579 ], [ 6.840033626176089, 35.21235861841398 ], [ 6.923793808004388, 35.180948550228372 ], [ 6.994667808012948, 35.151954641133962 ], [ 7.047017921655635, 35.140679232041684 ], [ 7.091314171660985, 35.130209209313151 ], [ 7.110643444390592, 35.111685322947274 ], [ 7.121918853482863, 35.093161436581404 ], [ 7.113059603481793, 35.056113663849658 ], [ 7.05265562620177, 35.032757459301379 ], [ 7.002721671650285, 35.012622800208035 ], [ 6.998025842505022, 34.986436227289609 ], [ 7.015607853470023, 34.973964254748822 ], [ 7.163010688301017, 34.936481922248689 ], [ 7.300311933049865, 34.912352197923198 ], [ 7.374407478513359, 34.902687561558395 ], [ 7.429173751247247, 34.822148925185033 ], [ 7.419509114882444, 34.757718016086343 ], [ 7.390515205788033, 34.722281016082064 ], [ 7.396958296697902, 34.677179379712975 ], [ 7.393736751242967, 34.606305379704416 ], [ 7.467832296706462, 34.574089925155072 ], [ 7.561257114899564, 34.570868379700137 ], [ 7.651460387637732, 34.545096016060661 ], [ 7.680454296732143, 34.44844965241262 ], [ 7.789986842199919, 34.396904925133668 ], [ 7.893076296757824, 34.357440993310725 ], [ 7.973614933131189, 34.341333266036045 ], [ 8.038045842229881, 34.331668629671242 ], [ 8.105698296783507, 34.334890175126176 ], [ 8.108919842238441, 34.289788538757094 ], [ 8.079925933144029, 34.254351538752815 ], [ 8.04448893313975, 34.173812902379453 ], [ 7.983279569495992, 34.167369811469584 ], [ 7.983279569495992, 34.093274266006084 ], [ 7.918848660397301, 34.022400265997526 ], [ 7.928513296762104, 33.945083175079098 ], [ 7.93173484221704, 33.848436811431057 ], [ 8.034824296774945, 33.838772175066254 ], [ 8.112141387693375, 33.887095356890278 ], [ 8.150799933152589, 33.922532356894557 ], [ 8.121806024058179, 33.974077084173508 ], [ 8.161263220476719, 34.019443878795961 ], [ 8.237781660435823, 34.064280356911674 ], [ 8.273218660440104, 34.069918061457813 ], [ 8.300601796807047, 34.145624379648773 ], [ 8.373086569543075, 34.196363720563994 ], [ 8.397248160455085, 34.152067470558642 ], [ 8.381140433180411, 34.098911970552223 ], [ 8.403691251364954, 34.023205652361263 ], [ 8.488321310865604, 34.038132912532468 ], [ 8.558405187377513, 34.070838721571356 ], [ 8.635642524120241, 34.10052274327969 ], [ 8.65497179684985, 34.132738197829035 ], [ 8.690408796854129, 34.20522297056506 ], [ 8.651750251394915, 34.25032460693415 ], [ 8.646917933212514, 34.2970370160307 ], [ 8.716181160493607, 34.282540061483495 ], [ 8.795109024139503, 34.321198606942708 ], [ 8.845042978690989, 34.364689470584324 ], [ 8.927513603673543, 34.458636171603899 ], [ 8.929141294531828, 34.56301986957827 ], [ 9.007383614978661, 34.621701609913394 ], [ 9.05237294923559, 34.680383350248519 ], [ 9.069977471336129, 34.586492565712319 ], [ 9.054329007246762, 34.51607447731017 ], [ 9.124747095648912, 34.494557839187287 ], [ 9.22186588502354, 34.510031014379294 ], [ 9.291949761535442, 34.603476183061836 ], [ 9.367298289034098, 34.602141029801686 ], [ 9.433804261413906, 34.602141029801686 ], [ 9.469013305614981, 34.662778828147978 ], [ 9.46705724760381, 34.739065090583644 ], [ 9.446134289861632, 34.790366520426915 ], [ 9.537475336005961, 34.844692223186868 ], [ 9.600069192363428, 34.901417905510826 ], [ 9.607893424408111, 34.962055703857118 ], [ 9.670487280765579, 34.999220806069367 ], [ 9.735037195134217, 35.046166198337467 ], [ 9.727212963089533, 35.098979764639083 ], [ 9.686135744854946, 35.157661504974207 ], [ 9.640542089773481, 35.24102433242939 ], [ 9.720113528992067, 35.320595771647973 ], [ 9.865214388743606, 35.358041154809662 ], [ 10.000953902704723, 35.423570575342616 ], [ 10.024357267180777, 35.343999136124033 ], [ 10.089886687713731, 35.339318463228821 ], [ 10.249029566150902, 35.390805865076139 ], [ 10.356119793907574, 35.481639324950166 ], [ 10.402842378248842, 35.547050943027941 ], [ 10.379481086078208, 35.584429010500955 ], [ 10.374808827644081, 35.65918514544699 ], [ 10.500959805365508, 35.710579988222385 ], [ 10.514976580667891, 35.766647089431906 ], [ 10.463581737892493, 35.836730965943815 ], [ 10.528993355970272, 35.888125808719209 ], [ 10.558450430438775, 35.938562396270996 ], [ 10.656567857555443, 36.008646272782904 ], [ 10.834113678052269, 36.003974014348771 ], [ 10.880836262393537, 36.041352081821792 ], [ 10.82944141961814, 36.148814025806715 ], [ 10.824769161184014, 36.284309520396391 ], [ 10.885508520827665, 36.396443722815441 ], [ 11.030348532285599, 36.419805014986075 ], [ 11.214327671054273, 36.433688570129711 ], [ 11.349823165643954, 36.382293727354316 ], [ 11.405890266853477, 36.414999536393204 ], [ 11.583436087350304, 36.41967179482733 ], [ 11.672208997598716, 36.396310502656696 ], [ 11.70958706507173, 36.344915659881295 ], [ 11.798359975320142, 36.316882109276534 ], [ 11.854427076529667, 36.354260176749555 ], [ 11.94319998677808, 36.363604693617802 ], [ 12.292838005400101, 36.284463339767633 ], [ 12.376938657214387, 36.186345912650971 ], [ 12.662576303273202, 36.14017613088248 ], [ 12.793399539428755, 36.098125804975332 ], [ 12.900861483413676, 36.079436771238825 ], [ 12.952256326189072, 36.000008377858663 ], [ 12.942911809320819, 35.869185141703113 ], [ 12.886844708111296, 35.850496107966606 ], [ 12.746676955087487, 35.845823849532479 ], [ 12.653231786404946, 35.901890950742001 ], [ 12.573803393024789, 35.948613535083268 ], [ 12.480358224342249, 35.967302568819775 ], [ 12.111821211458031, 36.038797690846252 ], [ 11.97123353738284, 35.919740142375744 ], [ 11.901149660870935, 35.859000782732096 ], [ 11.793687716886016, 35.788916906220194 ], [ 11.662864480730461, 35.732849805010666 ], [ 11.615786051552496, 35.686273341586336 ], [ 11.590042350628837, 35.632445603291416 ], [ 11.513352210838399, 35.550631726079715 ], [ 11.452612851194747, 35.489892366436067 ], [ 11.289083806000303, 35.489892366436067 ], [ 11.267643230808968, 35.448972634011568 ], [ 11.222543524432698, 35.344039288884431 ], [ 11.278920569894053, 35.295716107060414 ], [ 11.336908388082875, 35.218399016141987 ], [ 11.385231569906894, 35.179740470682766 ], [ 11.478656388099996, 35.173297379772897 ], [ 11.574091570482048, 35.190867826651939 ], [ 11.620404388117118, 35.128195743403815 ], [ 11.56563811538323, 35.028327834300846 ], [ 11.700943024490481, 34.951010743382412 ], [ 11.831065784359032, 34.933893612774959 ], [ 11.821721267490778, 34.845120702526543 ], [ 11.826393525924905, 34.784381342882895 ], [ 11.891805144002683, 34.714297466370994 ], [ 11.975905795816969, 34.714297466370994 ], [ 12.102056773538395, 34.742331016975754 ], [ 12.200174200655063, 34.747003275409881 ], [ 12.349686470547123, 34.812414893487656 ], [ 12.440265424583499, 34.803615004952285 ], [ 12.56109566095801, 34.793155016090623 ], [ 12.649563631778781, 34.776230192795893 ], [ 12.64760757376761, 34.735152974561302 ], [ 12.660963570060982, 34.709394834262319 ], [ 12.818819297352775, 34.696508652442581 ], [ 12.934794933730419, 34.715837925172195 ], [ 13.04273129202412, 34.654954596103295 ], [ 13.179632388305446, 34.628856197888958 ], [ 13.353744515800287, 34.609965261846369 ], [ 13.536440112815374, 34.630196814556705 ], [ 13.762732115648603, 34.738388743356737 ], [ 13.962467933854546, 34.799598107000492 ], [ 14.258163196771154, 34.847642537852444 ], [ 14.371298692984947, 34.834712766856583 ], [ 14.28482812911761, 34.799702888929943 ], [ 14.260861140932494, 34.793250238264719 ], [ 14.233970620827169, 34.786010482851744 ], [ 14.188981286570238, 34.75471355467301 ], [ 14.143991952313309, 34.711680278427252 ], [ 14.052057225788278, 34.699943930360227 ], [ 14.059881457832962, 34.629525841958078 ], [ 14.038357089841497, 34.579349789688301 ], [ 13.960778463866323, 34.513084713334514 ], [ 13.887748352849927, 34.501404042226383 ], [ 13.842759018592998, 34.454458649958283 ], [ 13.774296988202018, 34.444678359902433 ], [ 13.694098609744014, 34.429029895813066 ], [ 13.66084562355411, 34.3664360394556 ], [ 13.609988115263667, 34.352743633377401 ], [ 13.589047547735293, 34.320754369771059 ], [ 13.608032057252496, 34.294061893042276 ], [ 13.690186493721672, 34.266677080885884 ], [ 13.68602083020426, 34.236710858297954 ], [ 13.635416869408887, 34.190390818450219 ], [ 13.63430174622081, 34.152667346824849 ], [ 13.676494087643476, 34.139533310159777 ], [ 13.748868234056797, 34.13757725214861 ], [ 13.782994112673226, 34.100948262841399 ], [ 13.801681800358411, 34.031950119545385 ], [ 13.854495366660023, 33.985004727277285 ], [ 13.854107853150468, 33.926396354397262 ], [ 13.789458998171156, 33.868212384915878 ], [ 13.723439479911576, 33.864707159590274 ], [ 13.647231517216673, 33.900536812405534 ], [ 13.586515419129617, 33.849058695500908 ], [ 13.545438200895029, 33.788420897154609 ], [ 13.517933807258052, 33.738914674957257 ], [ 13.445679242325316, 33.747343678920025 ], [ 13.414382314146582, 33.764948201020559 ], [ 13.375706326303566, 33.803563529936568 ], [ 13.036863117990608, 33.694530112618409 ], [ 13.005566189811875, 33.645628662339142 ], [ 12.98134831092977, 33.61608185049657 ], [ 12.919499637320358, 33.618243850182751 ], [ 12.877910142962874, 33.590222308504842 ], [ 12.884290593119282, 33.540001529735918 ], [ 12.929629226946322, 33.506178797031737 ], [ 12.974310684195951, 33.528357405052525 ], [ 13.001654073789533, 33.489144021445469 ], [ 12.972313203621971, 33.438286513155028 ], [ 12.890210032381662, 33.402206427331102 ], [ 12.754714537791981, 33.318105775516813 ], [ 12.577168717295157, 33.201299314663636 ], [ 12.479051290178493, 33.177938022493002 ], [ 12.324866761852302, 33.191954797795383 ], [ 12.231421593169763, 33.131215438151735 ], [ 12.148812780919043, 33.093531288686165 ], [ 11.990372082014204, 33.079838882607973 ], [ 11.945382747757275, 32.989860214094115 ], [ 11.802590512941803, 32.915530009669624 ], [ 11.998196314058887, 32.80599076104405 ], [ 12.091253840145955, 32.799485089328726 ], [ 12.156637012963726, 32.785452151926762 ], [ 12.201626347220657, 32.779583977893246 ], [ 12.217274811310023, 32.71699012153578 ], [ 13.540464379707396, 33.337918859608067 ], [ 14.232350842696395, 33.696711411129499 ], [ 14.785860013087587, 33.933929627011437 ], [ 15.384836008189483, 34.091086695033226 ], [ 16.058931104987334, 34.248243763055015 ], [ 16.768608934167471, 34.403424012611119 ], [ 17.448634486362369, 34.510172209757989 ], [ 18.46274235925766, 34.716749739421843 ], [ 19.245562471668062, 34.732564287147305 ], [ 20.131511671641558, 34.656928415663472 ], [ 20.150906328135349, 34.760366583630372 ], [ 20.260809381600179, 34.766831469128299 ], [ 20.319335013869416, 34.776785092667119 ], [ 20.334431654922444, 34.835284576747597 ], [ 20.262722609920559, 34.888122820433196 ], [ 20.266496770183817, 34.922090262802513 ], [ 20.310678698178641, 34.931104676582173 ], [ 20.391044058871298, 34.939073983987164 ], [ 20.366512017160126, 34.980589746882991 ], [ 20.38915697873967, 35.016444269383939 ], [ 20.40236653966107, 35.040976311095108 ], [ 20.400479459529439, 35.099475795175593 ], [ 20.362737856896871, 35.156088199124447 ], [ 20.336318735054071, 35.239119724916101 ], [ 20.3901070915588, 35.258162766971061 ], [ 20.406140699924325, 35.305167529523096 ], [ 20.332544574790813, 35.35234453281381 ], [ 20.23819056820939, 35.422166497684067 ], [ 20.155159042417736, 35.41461817715755 ], [ 20.143836561627964, 35.450472699658491 ], [ 20.14949780202285, 35.514633424133862 ], [ 20.126852840443309, 35.550487946634803 ], [ 20.057030875573052, 35.612761590978543 ] ], [ [ 16.281577968225577, 46.121316915186135 ], [ 16.271913331860773, 46.072993733362118 ], [ 16.213925513671953, 46.015005915173298 ], [ 16.181710059122608, 45.905473369705518 ], [ 16.133386877298587, 45.837820915151894 ], [ 16.020632786375877, 45.818491642422288 ], [ 15.975531150006795, 45.760503824233467 ], [ 15.962644968187057, 45.689629824224909 ], [ 15.891770968178497, 45.657414369675557 ], [ 15.846669331809412, 45.60909118785154 ], [ 15.824118513624869, 45.534995642388047 ], [ 15.878884786358757, 45.483450915109096 ], [ 15.849890877264347, 45.422241551465333 ], [ 15.785459968165656, 45.393247642370923 ], [ 15.692035149972552, 45.367475278731447 ], [ 15.627604240873861, 45.335259824182103 ], [ 15.566394877230104, 45.299822824177824 ], [ 15.491138161128793, 45.293132399743051 ], [ 15.418203786303115, 45.296601278722889 ], [ 15.324778968110012, 45.277272005993282 ], [ 15.202360240822498, 45.277272005993282 ], [ 15.102492331719528, 45.274050460538348 ], [ 15.038061422620837, 45.251499642353807 ], [ 15.00584596807149, 45.19673336961992 ], [ 14.93497196806293, 45.161296369615634 ], [ 14.809331695320482, 45.145188642340962 ], [ 14.715906877127379, 45.138745551431093 ], [ 14.648254422573753, 45.154853278705765 ], [ 14.641811331663884, 45.206398005984724 ], [ 14.641811331663884, 45.274050460538348 ], [ 14.664362149848428, 45.322776335544233 ], [ 14.674026786213231, 45.377542608278119 ], [ 14.699799149852707, 45.422644244647202 ], [ 14.802888604410613, 45.448416608286678 ], [ 14.867319513509305, 45.479021290108555 ], [ 14.885038013511444, 45.50962597193044 ], [ 14.873762604419174, 45.562781471936859 ], [ 14.894702649876248, 45.606272335578474 ], [ 14.920475013515725, 45.665870926494762 ], [ 14.951079695337603, 45.712583335591312 ], [ 14.983295149886949, 45.754463426505467 ], [ 15.015510604436294, 45.814062017421755 ], [ 15.106963536299325, 45.817006888146871 ], [ 15.169828474907783, 45.82399188132559 ], [ 15.215246422642238, 45.831780517423894 ], [ 15.252294195373985, 45.841445153788698 ], [ 15.295785059015602, 45.865606744700706 ], [ 15.342497468112153, 45.913929926524723 ], [ 15.399679899937242, 45.962655801530609 ], [ 15.429207493798513, 46.011963849632181 ], [ 15.476996990855671, 46.022254392446897 ], [ 15.475386218128204, 46.062523710633585 ], [ 15.520487854497288, 46.075409892453322 ], [ 15.57203258177624, 46.064134483361052 ], [ 15.647738899967203, 46.052859074268774 ], [ 15.70894826361096, 46.041583665176503 ], [ 15.762103763617379, 46.036751346994102 ], [ 15.861971672720351, 46.073799119725855 ], [ 15.965866513641991, 46.095544551546659 ], [ 16.043183604560422, 46.076215278817052 ], [ 16.120500695478849, 46.130981551550938 ], [ 16.207482422762084, 46.134203097005873 ], [ 16.281577968225577, 46.121316915186135 ] ], [ [ 14.415497763454731, 44.796456346844295 ], [ 14.426773172547003, 44.743300846837876 ], [ 14.436437808911807, 44.704642301378662 ], [ 14.467042490733684, 44.632157528642637 ], [ 14.499257945283031, 44.56772661954394 ], [ 14.544359581652115, 44.52101421044739 ], [ 14.581407354383861, 44.471080255895906 ], [ 14.594293536203599, 44.417924755889487 ], [ 14.589461218021198, 44.359936937700667 ], [ 14.560467308926787, 44.303559892239306 ], [ 14.53469494528731, 44.260069028597691 ], [ 14.513754899830236, 44.188792335407264 ], [ 14.512144127102768, 44.106642926306435 ], [ 14.520197990740105, 44.01805042629573 ], [ 14.536305718014777, 43.871470108096212 ], [ 14.504090263465432, 43.847308517184203 ], [ 14.434827036184339, 43.852140835366605 ], [ 14.413886990727264, 43.903685562645556 ], [ 14.415497763454731, 43.976170335381582 ], [ 14.396168490725124, 44.059930517209885 ], [ 14.37522844526805, 44.122750653581107 ], [ 14.362342263448312, 44.166241517222723 ], [ 14.362342263448312, 44.208121608136871 ], [ 14.341402217991236, 44.250001699051019 ], [ 14.294689808894685, 44.27255251723556 ], [ 14.288246717984816, 44.327318789969453 ], [ 14.305965217986957, 44.354701926336396 ], [ 14.341402217991236, 44.369198880883602 ], [ 14.359120717993378, 44.400206255887348 ], [ 14.365563808903246, 44.464637164986037 ], [ 14.35106685435604, 44.517792664992456 ], [ 14.355899172538441, 44.564505074089006 ], [ 14.326905263444031, 44.603163619548226 ], [ 14.323683717989097, 44.664372983191981 ], [ 14.318851399806695, 44.7175284831984 ], [ 14.31562985435176, 44.780348619569622 ], [ 14.326905263444031, 44.815785619573901 ], [ 14.415497763454731, 44.796456346844295 ] ], [ [ 16.701184263730806, 45.263177744627946 ], [ 16.710848900095609, 45.095657380971346 ], [ 16.649639536451851, 45.011897199143043 ], [ 16.643196445541982, 44.905586199130205 ], [ 16.62064562735744, 44.770281290022957 ], [ 16.556214718258751, 44.705850380924261 ], [ 16.475676081885386, 44.660748744555178 ], [ 16.475676081885386, 44.738065835473606 ], [ 16.475676081885386, 44.802496744572302 ], [ 16.501448445524861, 44.863706108216057 ], [ 16.514334627344599, 44.941023199134484 ], [ 16.578765536443292, 45.060220380967067 ], [ 16.604537900082768, 45.160088290070036 ], [ 16.633531809177178, 45.25673465371807 ], [ 16.701184263730806, 45.263177744627946 ] ], [ [ 17.989639329479061, 46.916279132629683 ], [ 17.983359354794757, 46.832070381181076 ], [ 18.020407127526507, 46.786968744811993 ], [ 18.068730309350524, 46.780525653902124 ], [ 18.070341082077992, 46.73059169935064 ], [ 18.084838036625197, 46.641193812976205 ], [ 18.06550876389559, 46.525218176598557 ], [ 18.071951854805459, 46.409242540220916 ], [ 18.097724218444935, 46.312596176572875 ], [ 18.117053491174541, 46.209506722014972 ], [ 18.155712036633759, 46.119303449276806 ], [ 18.059065672985721, 46.048429449268241 ], [ 18.046179491165983, 45.964669267439945 ], [ 18.046179491165983, 45.848693631062297 ], [ 18.025239445708909, 45.773792699235074 ], [ 18.010742491161704, 45.672314017404631 ], [ 17.98174858206729, 45.565197631028056 ], [ 17.947922354790478, 45.532176790114981 ], [ 17.912485354786199, 45.525733699205112 ], [ 17.930203854788338, 45.651373971947557 ], [ 17.954365445700347, 45.706140244681443 ], [ 17.955976218427814, 45.78184656287241 ], [ 17.918928445696068, 45.846277471971099 ], [ 17.849665218414973, 45.975541983350347 ], [ 17.849665218414973, 46.048026756086372 ], [ 17.852886763869908, 46.118900756094938 ], [ 17.812617445683227, 46.141451574279479 ], [ 17.772348127496546, 46.159170074281619 ], [ 17.741743445674665, 46.115679210640003 ], [ 17.744964991129603, 46.068966801543453 ], [ 17.744964991129603, 46.007757437899691 ], [ 17.735300354764796, 45.946548074255936 ], [ 17.741743445674665, 45.88050639242978 ], [ 17.719192627490123, 45.814464710603623 ], [ 17.672480218393574, 45.753255346959861 ], [ 17.645097082026631, 45.714596801500647 ], [ 17.611270854749815, 45.692045983316106 ], [ 17.562947672925798, 45.650165892401958 ], [ 17.545229172923658, 45.603453483305408 ], [ 17.540396854741257, 45.548687210571515 ], [ 17.529121445648986, 45.506807119657367 ], [ 17.504959854736978, 45.453651619650948 ], [ 17.490462900189769, 45.410160756009333 ], [ 17.458247445640424, 45.384388392369857 ], [ 17.411535036543874, 45.398885346917062 ], [ 17.403481172906538, 45.497142483292563 ], [ 17.40831349108894, 45.5792918923934 ], [ 17.416367354726276, 45.659830528766761 ], [ 17.448582809275621, 45.721039892410516 ], [ 17.495295218372171, 45.779027710599337 ], [ 17.524289127466584, 45.838626301515632 ], [ 17.529121445648986, 45.92802418789006 ], [ 17.537175309286322, 45.982790460623953 ], [ 17.591941582020208, 46.019838233355699 ], [ 17.585498491110339, 46.098766097001594 ], [ 17.59677390020261, 46.159975460645349 ], [ 17.598384672930077, 46.226017142471512 ], [ 17.574223082018069, 46.261454142475792 ], [ 17.532342991103921, 46.258232597020857 ], [ 17.508181400191912, 46.282394187932866 ], [ 17.513013718374314, 46.329106597029416 ], [ 17.548450718378593, 46.370986687943564 ], [ 17.591941582020208, 46.430585278859859 ], [ 17.630600127479426, 46.441860687952129 ], [ 17.677312536575975, 46.458371108408663 ], [ 17.724024945672525, 46.501861972050285 ], [ 17.73852190021973, 46.579179062968713 ], [ 17.773958900224013, 46.664550017524476 ], [ 17.806174354773358, 46.695154699346354 ], [ 17.836779036595235, 46.746699426625312 ], [ 17.835168263867768, 46.804687244814133 ], [ 17.780401991133882, 46.859453517548019 ], [ 17.74657576385707, 46.927105972101643 ], [ 17.777180445678948, 46.962542972105922 ], [ 17.831946718412834, 47.015698472112348 ], [ 17.848054445687506, 47.089794017575841 ], [ 17.899599172966461, 47.165500335766801 ], [ 17.93503617297074, 47.242817426685235 ], [ 17.946311582063011, 47.300805244874056 ], [ 17.983359354794757, 47.327382994877262 ], [ 18.01879635479904, 47.307248335783925 ], [ 18.033293309346245, 47.156641085765735 ], [ 18.020407127526507, 47.034222358478218 ], [ 17.989639329479061, 46.916279132629683 ] ], [ [ 10.73744005884538, 45.580671678101218 ], [ 10.952318900162062, 45.533964636957187 ], [ 11.160613992363652, 45.662909217843882 ], [ 11.269720945421627, 45.742259729158775 ], [ 11.547447735023747, 45.772016170901864 ], [ 11.557366548938107, 45.563721078700269 ], [ 11.676392315910444, 45.454614125642294 ], [ 11.854930966368951, 45.553802264785908 ], [ 12.003713175084371, 45.35542598649868 ], [ 12.36079047600138, 45.405020056070491 ], [ 12.251683522943406, 45.206643777783263 ], [ 12.36079047600138, 45.018186313410396 ], [ 12.618679637774777, 44.948754616009865 ], [ 12.826974729976367, 45.0677803829822 ], [ 13.015432194349234, 44.829728849037529 ], [ 13.322915425694436, 44.799972407294447 ], [ 13.42210356483805, 44.571839687264131 ], [ 13.610561029210917, 44.502407989863599 ], [ 13.580804587467833, 44.234600014175847 ], [ 13.372509495266243, 44.075898991546062 ], [ 13.3472403569078, 44.078305576151628 ], [ 13.164214403064655, 44.095736619374783 ], [ 12.975756938691788, 44.00646729414553 ], [ 12.822680022391769, 43.969928189075993 ], [ 12.600003223561261, 44.000799120664063 ], [ 12.574215550894824, 44.034645441038762 ], [ 12.555085413586379, 44.039959368068885 ], [ 12.27935846207799, 43.83316415443759 ], [ 12.010511150745126, 44.204806025985967 ], [ 11.825174524625865, 44.142850985468002 ], [ 11.686312922373141, 44.27597149075055 ], [ 11.468097223708856, 44.145330688946594 ], [ 11.299477387164712, 44.254437642004568 ], [ 10.991994155819508, 44.115574247203504 ], [ 10.654754482731221, 44.135411875032233 ], [ 10.396865320957824, 44.393301036805624 ], [ 10.109219717441343, 44.353625781148182 ], [ 9.871168183496671, 44.532164431606688 ], [ 9.801736486096141, 44.809891221208808 ], [ 9.891005811325392, 44.948754616009865 ], [ 9.891005811325392, 45.196724963868903 ], [ 10.109219717441343, 45.147130894297092 ], [ 10.372542795649808, 44.990818700218476 ], [ 10.654754482731221, 44.978511057752947 ], [ 10.73744005884538, 45.580671678101218 ] ] ] } },
{ "type": "Feature", "properties": { "id": 47, "name": null, "type": "desert", "continent": "Westeros", "size": 3 }, "geometry": { "type": "Polygon", "coordinates": [ [ [ 10.550606936630427, -3.559204832174538 ], [ 10.044773388623156, -3.607625072460237 ], [ 9.604589112953519, -3.803262528313409 ], [ 9.281787310795785, -4.086936839300508 ], [ 8.92474895386375, -4.490439091997673 ], [ 8.70954775242526, -4.979532731630602 ], [ 8.71932962521792, -5.40993513450758 ], [ 8.78780273476653, -5.850119410177217 ], [ 8.856275844315141, -6.251176194676219 ], [ 8.797584607559189, -6.769615452687124 ], [ 8.57260153332804, -7.513037784929177 ], [ 8.406309695852844, -7.953222060598814 ], [ 8.112853512073087, -8.344496972305157 ], [ 8.063944148109794, -8.559698173743646 ], [ 8.17419892837122, -8.739473837388724 ], [ 8.274945566747741, -8.741655974666877 ], [ 8.425010008184273, -8.754819522161309 ], [ 8.526516061102608, -8.663593362129488 ], [ 8.585605287616353, -8.633714885212529 ], [ 8.569809030623034, -8.570529857239253 ], [ 8.677750120077382, -8.470486896281564 ], [ 8.762465112026019, -8.411291406686635 ], [ 8.822549142516142, -8.388872901816081 ], [ 8.880468751491644, -8.304626197851711 ], [ 9.001573388440425, -8.265135555368413 ], [ 9.024111584337129, -8.22673719853862 ], [ 9.138581915973239, -8.121611383770761 ], [ 9.235884533841327, -8.096642147439676 ], [ 9.299069561814605, -7.98606834848644 ], [ 9.380373248395628, -7.887916379034439 ], [ 9.422890800146183, -7.9159499296392 ], [ 9.334816770206571, -8.014149439785845 ], [ 9.311455478035933, -8.105258479251324 ], [ 9.309600399810151, -8.175623432406271 ], [ 9.175332215366938, -8.238808460379548 ], [ 9.201659310355803, -8.307258907350597 ], [ 9.162168667872505, -8.357280387829443 ], [ 9.083187382905908, -8.438894382294926 ], [ 9.041544118194768, -8.555523470632417 ], [ 8.999493792287625, -8.613926701059016 ], [ 8.868670556132072, -8.639624122446707 ], [ 8.782233775100721, -8.688682836005045 ], [ 8.789242162751911, -8.775119617036397 ], [ 8.761208612147149, -8.828850589028848 ], [ 8.681780218766992, -8.859220268850672 ], [ 8.671783858463099, -8.938080444581404 ], [ 8.716822157022944, -8.980698988137982 ], [ 8.766574526910029, -8.98976905616791 ], [ 8.857683566375504, -9.097231000152833 ], [ 8.878708729329075, -9.216373590223073 ], [ 8.822641628119552, -9.312154888122672 ], [ 8.775919043778282, -9.405600056805214 ], [ 8.759566139258839, -9.52007038844132 ], [ 8.773582914561219, -9.64622136616275 ], [ 8.736204847088201, -9.746674922496483 ], [ 8.752557751607647, -9.868153641783779 ], [ 8.731532588654076, -9.984960102636956 ], [ 8.80161646516598, -10.071396883668308 ], [ 8.764238397692965, -10.220909153560372 ], [ 8.806288723600108, -10.283984642421091 ], [ 8.867028083243758, -10.349396260498866 ], [ 8.913750667585028, -10.426488524661957 ], [ 9.004859707050505, -10.475547238220296 ], [ 9.109985521818359, -10.538622727081007 ], [ 9.166052623027884, -10.611042732809972 ], [ 9.324909409788201, -10.648420800282986 ], [ 9.397329415517168, -10.699815643058381 ], [ 9.502455230285024, -10.760555002702036 ], [ 9.558522331494549, -10.79092468252386 ], [ 9.669198475451756, -10.795182047705049 ], [ 9.775826318693305, -10.848495969325823 ], [ 9.851292194262765, -10.920269493050709 ], [ 9.970434784333003, -10.899244330097146 ], [ 10.033510273193716, -10.906252717748329 ], [ 10.157325121698079, -10.962319818957857 ], [ 10.232081256644113, -11.018386920167378 ], [ 10.299829003938953, -11.027731437035639 ], [ 10.409627077140936, -10.966992077391984 ], [ 10.479710953652841, -10.908588846965399 ], [ 10.56614773468419, -10.906252717748329 ], [ 10.659592903366729, -10.952975302089603 ], [ 10.797424527173474, -10.966992077391991 ], [ 10.963289701584982, -10.966992077391991 ], [ 11.140835522081804, -10.966992077391991 ], [ 11.238952949198472, -10.955311431306667 ], [ 11.330061988663948, -10.903916588531279 ], [ 11.47256587090482, -10.864202391841195 ], [ 11.608061365494502, -10.826824324368173 ], [ 11.715523309479423, -10.756740447856272 ], [ 11.839338157983788, -10.642270116220166 ], [ 11.923438809798073, -10.590875273444764 ], [ 12.105656888729023, -10.478741071025715 ], [ 12.229471737233387, -10.401648806862623 ], [ 12.339269810435372, -10.464724295723334 ], [ 12.421034333032592, -10.502102363196348 ], [ 12.514479501715133, -10.54648881832056 ], [ 12.656983383956003, -10.607228177964208 ], [ 12.673336288475449, -10.679648183693173 ], [ 12.734075648119099, -10.71235399273206 ], [ 13.060347922013969, -10.859029457249163 ], [ 13.170145995215954, -10.87071010333448 ], [ 13.258918905464368, -10.830995906644402 ], [ 13.375725366317539, -10.770256547000747 ], [ 13.511220860907223, -10.756239771698366 ], [ 13.623355063326269, -10.73988686717893 ], [ 13.754178299481826, -10.718861704225359 ], [ 13.929387990761585, -10.718861704225359 ], [ 14.018160901009999, -10.760912030132507 ], [ 14.237757047413966, -10.786609451520198 ], [ 14.345218991398886, -10.742222996395993 ], [ 14.419975126344914, -10.700172670488845 ], [ 14.483050615205633, -10.721197833442423 ], [ 14.539117716415154, -10.716525575008289 ], [ 14.623218368229439, -10.646441698496394 ], [ 14.655924177268327, -10.520290720774964 ], [ 14.575141489549637, -10.315964956658624 ], [ 14.593864181130479, -10.227032171649615 ], [ 14.659393601663433, -10.222351498754405 ], [ 14.765722250470313, -10.415164906007105 ], [ 14.936259683315944, -10.440862327394809 ], [ 15.067233039555179, -10.510841132394251 ], [ 15.191632190003652, -10.501955478790789 ], [ 15.271603072434814, -10.608583322032338 ], [ 15.409330703288482, -10.61302614883407 ], [ 15.457484906814525, -10.646370913607951 ], [ 15.525946937205504, -10.679623899797855 ], [ 15.568980213451264, -10.740261698144151 ], [ 15.594408967596484, -10.767646510300542 ], [ 15.670977175599596, -10.767210677160261 ], [ 15.706882303238809, -10.779382858367567 ], [ 15.757739811529252, -10.791119206434594 ], [ 15.783168565674472, -10.841976714725035 ], [ 15.814465493853206, -10.885009990970794 ], [ 15.822289725897889, -10.951515963350603 ], [ 15.849674538054281, -10.982812891529337 ], [ 15.900532046344724, -10.965208369428799 ], [ 15.900532046344724, -10.920219035171868 ], [ 15.957257728668678, -10.904570571082502 ], [ 16.029631875082, -10.867405468870256 ], [ 16.109830253540004, -10.902614513071331 ], [ 16.166555935863958, -10.87718575892611 ], [ 16.225237676199082, -10.82828430864684 ], [ 16.250337221431337, -10.792908098547965 ], [ 16.311304228690602, -10.775470742345226 ], [ 16.405195013226802, -10.750041988200005 ], [ 16.493217623729489, -10.703096595931905 ], [ 16.549943306053446, -10.683536015820197 ], [ 16.594932640310375, -10.710920827976588 ], [ 16.63014168451145, -10.685492073831368 ], [ 16.651658322634329, -10.620942159462729 ], [ 16.686867366835404, -10.532919548960042 ], [ 16.735768817114675, -10.497710504758967 ], [ 16.739680933137016, -10.435116648401499 ], [ 16.722076411036479, -10.378390966077545 ], [ 16.769021803304579, -10.32362134176476 ], [ 16.786626325405116, -10.257115369384952 ], [ 16.804230847505654, -10.198433629049827 ], [ 16.842373978723487, -10.188653338993971 ], [ 16.914748125136807, -10.200389687060998 ], [ 16.928440531215003, -10.231686615239731 ], [ 16.965605633427248, -10.249291137340268 ], [ 17.057540359952277, -10.233642673250902 ], [ 17.11230998426506, -10.194521513027485 ], [ 17.180772014656043, -10.1866972809828 ], [ 17.219893174879459, -10.225818441206219 ], [ 17.27753937341646, -10.253157177893842 ], [ 17.331388481516196, -10.200389687060998 ], [ 17.401806569918346, -10.198433629049827 ], [ 17.421367150030058, -10.16322458484875 ], [ 17.435059556108254, -10.128015540647676 ], [ 17.460488310253474, -10.112367076558309 ], [ 17.503521586499232, -10.135839772692359 ], [ 17.56807150086787, -10.147576120759384 ], [ 17.613060835124799, -10.135839772692359 ], [ 17.654138053359386, -10.11432313456948 ], [ 17.716731909716856, -10.120191308602992 ], [ 17.744036187598237, -10.168743468660947 ], [ 17.806710578230714, -10.190609397005144 ], [ 17.886206645253637, -10.186514775867872 ], [ 17.958730643935684, -10.272534506527535 ], [ 18.012096669403658, -10.261027485407293 ], [ 18.033613307526537, -10.325577399775931 ], [ 18.100119279906345, -10.384259140111057 ], [ 18.166625252286153, -10.403819720222765 ], [ 18.256603920800011, -10.43902876442384 ], [ 18.362231053403239, -10.5290074329377 ], [ 18.446341547883584, -10.542699839015896 ], [ 18.593045898721396, -10.546611955038237 ], [ 18.696716973313453, -10.5290074329377 ], [ 18.765179003704432, -10.503578678792479 ], [ 18.769091119726774, -10.456633286524378 ], [ 18.811417808163856, -10.396349355031894 ], [ 18.914207493714649, -10.389340967380704 ], [ 19.003984423713892, -10.387950042461449 ], [ 19.047829386318625, -10.409687894256278 ], [ 19.098686894609067, -10.407731836245107 ], [ 19.122159590743117, -10.437072706412669 ], [ 19.116291416709604, -10.499666562770138 ], [ 19.104555068642579, -10.536831664982383 ], [ 19.133895938810142, -10.550524071060579 ], [ 19.229742781357515, -10.515315026859504 ], [ 19.345150204016594, -10.499666562770138 ], [ 19.410470907482939, -10.467378435841605 ], [ 19.457193491824206, -10.418319722283274 ], [ 19.549526608935047, -10.387930302422486 ], [ 19.610375356572789, -10.378568956632064 ], [ 19.681461896662299, -10.341227458120182 ], [ 19.760156889219537, -10.235808433328131 ], [ 19.790581263038408, -10.336442900575166 ], [ 19.799942608828829, -10.411333666898541 ], [ 19.692287132238977, -10.493245442564731 ], [ 19.654841749077292, -10.58217822757374 ], [ 19.605694683677573, -10.722598414430069 ], [ 19.599437745468808, -10.764223408780994 ], [ 19.632690731658712, -10.815080917071436 ], [ 19.712889110116716, -10.852246019283681 ], [ 19.777439024485354, -10.836597555194315 ], [ 19.837387991990514, -10.774085816277388 ], [ 19.939791839412536, -10.809212743037923 ], [ 20.041031928761193, -10.792773842029234 ], [ 20.168650626719526, -10.836597555194315 ], [ 20.260585353244554, -10.838553613205486 ], [ 20.314816627302033, -10.820892545229498 ], [ 20.314816627302033, -10.778766489172598 ], [ 20.363963692701748, -10.734300096668095 ], [ 20.431833449682305, -10.668770676135143 ], [ 20.476299842186808, -10.63366562942106 ], [ 20.506724216005683, -10.675791685477959 ], [ 20.569913300091027, -10.666430339687537 ], [ 20.644804066414405, -10.607921928497401 ], [ 20.754799879451856, -10.558774863097685 ], [ 20.778203243927912, -10.481543760326705 ], [ 20.820329299984813, -10.479203423879099 ], [ 20.827350309327628, -10.570476545335712 ], [ 20.895220066308184, -10.631325292973456 ], [ 21.063724290535781, -10.75302278824894 ], [ 21.276694907267874, -10.748342115353728 ], [ 21.27903524371548, -10.818552208781892 ], [ 21.304778944639143, -10.837274900362736 ], [ 21.386690720305332, -10.734300096668095 ], [ 21.492005860447581, -10.682812694820775 ], [ 21.590299991247008, -10.675791685477959 ], [ 21.632426047303905, -10.717917741534857 ], [ 21.693759742720228, -10.673080833676087 ], [ 21.847737000483608, -10.664090003239931 ], [ 21.922700405992451, -10.740828580970932 ], [ 22.011560551815993, -10.731959760220489 ], [ 22.086229451186892, -10.79923181139751 ], [ 22.130917710643871, -10.778766489172598 ], [ 22.191766458281613, -10.731959760220489 ], [ 22.2777920469861, -10.670744704459024 ], [ 22.347875923498002, -10.619349861683622 ], [ 22.403943024707527, -10.563282760474101 ], [ 22.390695056328074, -10.485639349110013 ], [ 22.327505972242726, -10.408408246339032 ], [ 22.329846308690332, -10.349899835148895 ], [ 22.381333710537653, -10.314794788434813 ], [ 22.46090514975624, -10.263307386587492 ], [ 22.547497598317641, -10.260967050139888 ], [ 22.629409373983833, -10.214160321187778 ], [ 22.692598458069178, -10.195437629606934 ], [ 22.76514888794495, -10.153311573550036 ], [ 22.854081672953956, -10.141609891312008 ], [ 22.91961109348691, -10.15097123710243 ], [ 23.006664362709905, -10.166140793573311 ], [ 23.086092756090064, -10.100729175495536 ], [ 23.137487598865462, -10.084376270976085 ], [ 23.251938869046885, -10.085441816569478 ], [ 23.282363242865756, -10.040975424064973 ], [ 23.237896850361253, -9.858429181151747 ], [ 23.134922046666613, -9.790559424171189 ], [ 23.132581710219007, -9.762475386799924 ], [ 23.153644738247458, -9.732051012981053 ], [ 23.230875841018438, -9.725030003638235 ], [ 23.364275018531949, -9.720349330743025 ], [ 23.392847094646079, -9.720412439201155 ], [ 23.469939358809174, -9.706395663898775 ], [ 23.530438906311936, -9.643118227972044 ], [ 23.649796065139814, -9.640777891524438 ], [ 23.738728850148824, -9.624395536391201 ], [ 23.893191055690778, -9.602162340138953 ], [ 24.049993597680345, -9.627906041062612 ], [ 24.148287728479776, -9.625565704615008 ], [ 24.176371765851041, -9.604502676586558 ], [ 24.176371765851041, -9.548334601844028 ], [ 24.199728850791132, -9.509315156326499 ], [ 24.267644887307654, -9.51088921868234 ], [ 24.316791952707369, -9.496847199996706 ], [ 24.349556662973846, -9.424296770120938 ], [ 24.370619691002293, -9.384511050511644 ], [ 24.487636513382569, -9.403233742092489 ], [ 24.532102905887072, -9.384511050511644 ], [ 24.553165933915523, -9.328342975769113 ], [ 24.688905447876639, -9.307279947740664 ], [ 24.794220588018884, -9.281536246817003 ], [ 24.883153373027891, -9.197284134703207 ], [ 24.887834045923103, -9.152817742198703 ], [ 24.834006307628176, -9.131754714170254 ], [ 24.773157559990434, -9.169200097331942 ], [ 24.712308812352692, -9.213666489836445 ], [ 24.583590307734394, -9.216006826284051 ], [ 24.440829784430459, -9.225368172074473 ], [ 24.337854980735816, -9.255792545893344 ], [ 24.286367578888498, -9.290897592607426 ], [ 24.197380099882441, -9.387840644269746 ], [ 24.045312924785136, -9.410254751435305 ], [ 24.028930569651898, -9.38685138695925 ], [ 24.052333934127951, -9.351746340245167 ], [ 24.174031429403435, -9.285046751488407 ], [ 24.218497821907938, -9.225368172074473 ], [ 24.230199504145968, -9.159838751541519 ], [ 24.255795952000661, -9.109837060208646 ], [ 24.349556662973846, -9.098990003903777 ], [ 24.39402305547835, -9.070905966532512 ], [ 24.389342382583138, -9.007716882447165 ], [ 24.438489447982853, -8.977292508628294 ], [ 24.492317186277781, -8.91176308809534 ], [ 24.575845654738355, -8.89724930145587 ], [ 24.65146006471495, -8.925805106780974 ], [ 24.759115541304801, -8.935166452571394 ], [ 24.815283616047335, -8.881338714276469 ], [ 24.887834045923103, -8.822830303086333 ], [ 24.96740548514169, -8.776023574134223 ], [ 24.962724812246478, -8.722195835839297 ], [ 25.007191204750981, -8.701132807810849 ], [ 25.063359279493511, -8.73623785452493 ], [ 25.114846681340833, -8.65900675175395 ], [ 25.194418120559419, -8.635603387277895 ], [ 25.283350905568426, -8.591136994773391 ], [ 25.327817298072929, -8.530288247135649 ], [ 25.29271225135885, -8.490502527526356 ], [ 25.34063014203717, -8.426935005279526 ], [ 25.452294420689594, -8.327351752144761 ], [ 25.456065695648949, -8.255697527916999 ], [ 25.38064019646183, -8.308495377347981 ], [ 25.327842347030849, -8.316037927266693 ], [ 25.27881577255922, -8.361293226778963 ], [ 25.25241684784373, -8.289639002551203 ], [ 25.282587047518579, -8.214213503364084 ], [ 25.359319175773678, -8.223691763395012 ], [ 25.433438045892814, -8.187814578648593 ], [ 25.437209320852169, -8.108617804502121 ], [ 25.523948644917354, -8.055819955071138 ], [ 25.53526246979542, -7.984165730843376 ], [ 25.53526246979542, -7.886112581900123 ], [ 25.572975219388979, -7.80691580775365 ], [ 25.64462944361674, -7.791830707916227 ], [ 25.723799740531732, -7.786853498578077 ], [ 25.769081517275485, -7.772974333119447 ], [ 25.779866841741253, -7.702752846763789 ], [ 25.77285279223484, -7.648522259460703 ], [ 25.697427293047724, -7.599495684989077 ], [ 25.716283667844504, -7.52407018580196 ], [ 25.787937892072264, -7.501442536045825 ], [ 25.806794266869044, -7.437330861736775 ], [ 25.916161240690364, -7.316650063037386 ], [ 25.98404418995877, -7.244995838809625 ], [ 25.938788890446499, -7.226139464012845 ], [ 25.72759749272257, -7.343048987752877 ], [ 25.663060380888076, -7.469139925057442 ], [ 25.599984892027365, -7.476148312708633 ], [ 25.550347569632844, -7.467501061411621 ], [ 25.52174228933027, -7.551192032288161 ], [ 25.508863545079929, -7.618352059785856 ], [ 25.399496571258609, -7.671149909216838 ], [ 25.310809134080372, -7.693944079572475 ], [ 25.263730672721799, -7.810687082713006 ], [ 25.188540548911195, -7.809419965565585 ], [ 25.229296743967588, -7.716586410159359 ], [ 25.245146375378408, -7.610167456401003 ], [ 25.342508396902009, -7.54224046464035 ], [ 25.353829562195454, -7.449406909234123 ], [ 25.414280345345347, -7.427377183783801 ], [ 25.489683545716758, -7.388272616649536 ], [ 25.486700351074315, -7.322251369015942 ], [ 25.519406160113206, -7.242822975635779 ], [ 25.510061643244953, -7.186755874426265 ], [ 25.465675188120748, -7.196100391294512 ], [ 25.374207659723648, -7.297703294301998 ], [ 25.317601833256436, -7.29543906124331 ], [ 25.322130299373814, -7.2388332347761 ], [ 25.251939074554471, -7.2388332347761 ], [ 25.220239811732835, -7.318081391830194 ], [ 25.15457705303087, -7.503748502642646 ], [ 25.068536196800711, -7.521862367112154 ], [ 25.018723069509566, -7.596582058048872 ], [ 24.922463012182813, -7.602281391656122 ], [ 24.855698289283996, -7.709793710983294 ], [ 24.728901237997444, -7.811684198624273 ], [ 24.66323847929548, -7.793570334154766 ], [ 24.896454484340389, -7.426764578647239 ], [ 24.89192601822301, -7.358837586886586 ], [ 24.916832581868583, -7.272796730656426 ], [ 24.928153747162028, -7.166377776898069 ], [ 24.992546888694715, -7.095341351553346 ], [ 25.041365400096449, -7.091658085961351 ], [ 25.084385828211527, -6.951275636322668 ], [ 25.034597214601856, -6.875745205149381 ], [ 25.016458836450877, -6.826742818094804 ], [ 25.041365400096449, -6.747494661040709 ], [ 25.097971226563658, -6.699945766808251 ], [ 25.15457705303087, -6.65918957175186 ], [ 25.147784353854806, -6.618433376695468 ], [ 25.002873438098746, -6.607112211402026 ], [ 24.894190251281699, -6.699945766808251 ], [ 24.924799141399873, -6.784636165683908 ], [ 24.887397552105636, -6.862970547033819 ], [ 24.814942094227604, -6.887877110679391 ], [ 24.765128966936459, -6.996560297496437 ], [ 24.625774601615749, -7.074316188599775 ], [ 24.595404921793921, -7.12103877294105 ], [ 24.583990322241384, -7.166377776898069 ], [ 24.599839953652204, -7.23656900171741 ], [ 24.538705661067617, -7.29543906124331 ], [ 24.46172173707221, -7.288646362067245 ], [ 24.40058744448762, -7.390536849708225 ], [ 24.32251618623383, -7.45025625628366 ], [ 24.232955393418564, -7.483022399996561 ], [ 24.274459175454908, -7.406568064666458 ], [ 24.254799489227167, -7.338851367659795 ], [ 24.328132461626872, -7.251721620828481 ], [ 24.383679654497911, -7.153176553286688 ], [ 24.466687218570595, -7.105119542507766 ], [ 24.477609266474897, -6.995899063464761 ], [ 24.497268952702637, -6.939104414362399 ], [ 24.510375410187798, -6.901969451487777 ], [ 24.499453362283496, -6.832068344900255 ], [ 24.515022798991946, -6.700395125601493 ], [ 24.451947310131235, -6.667689316562613 ], [ 24.403339340725651, -6.781826924540472 ], [ 24.239508622161146, -6.823330706576814 ], [ 24.213295707190824, -6.919444728134658 ], [ 24.215480116771683, -6.97842378681788 ], [ 24.171791925154483, -7.009005520949922 ], [ 24.12810373353728, -7.002452292207342 ], [ 24.08441554192008, -6.94128882394326 ], [ 23.940335011594332, -7.036797732858649 ], [ 23.817917573055148, -7.024296388015943 ], [ 23.728356780239885, -7.096381904184326 ], [ 23.658455673652362, -7.150992143705827 ], [ 23.662335634763778, -7.235368716309044 ], [ 23.543774170657208, -7.253659394006253 ], [ 23.437830305985493, -7.391277197600437 ], [ 23.354901618561438, -7.423041638533938 ], [ 23.241474893512429, -7.436488382150384 ], [ 23.224078382405885, -7.50714229034822 ], [ 23.135305472157473, -7.549192616255368 ], [ 22.974112556180089, -7.567881649991875 ], [ 22.875995129063426, -7.633293268069657 ], [ 22.794230606466201, -7.630957138852595 ], [ 22.66107124109358, -7.661326818674418 ], [ 22.49042625536838, -7.731943550034344 ], [ 22.407154338132791, -7.735146316081867 ], [ 22.327085186944728, -7.802404403079842 ], [ 22.24381326970914, -7.853648659840204 ], [ 22.176555182711166, -7.783187806794706 ], [ 22.054850072905307, -7.773579508652138 ], [ 21.964904734408663, -7.680015852410918 ], [ 21.84809827355549, -7.621612621984319 ], [ 21.763398362580748, -7.64226610070371 ], [ 21.673720913250115, -7.680699293273982 ], [ 21.571232399729389, -7.632657802561143 ], [ 21.497568780636371, -7.517358224850329 ], [ 21.446324523876008, -7.453302903899877 ], [ 21.483662115693591, -7.366974537324403 ], [ 21.447925906899773, -7.320388112927692 ], [ 21.39668165013941, -7.265941090119806 ], [ 21.299107907545576, -7.355293891239086 ], [ 21.278179306381073, -7.320388112927692 ], [ 21.22693504962071, -7.301171516642555 ], [ 21.172488026812825, -7.281954920357419 ], [ 21.076405045387148, -7.291563218499988 ], [ 20.999538660246607, -7.329996411070259 ], [ 20.929077807201107, -7.374835135735576 ], [ 20.884239082535792, -7.442093222733551 ], [ 20.784953335062589, -7.448498754828596 ], [ 20.647234395019119, -7.422876626448415 ], [ 20.557556945688486, -7.371632369688053 ], [ 20.480690560547941, -7.387646199925666 ], [ 20.480690560547941, -7.442093222733551 ], [ 20.320552258171812, -7.451701520876118 ], [ 20.294930129791631, -7.410065562258325 ], [ 20.368593748884653, -7.34280747526035 ], [ 20.30774119398172, -7.313982580832646 ], [ 20.259699703268883, -7.352415773402917 ], [ 20.121980763225409, -7.339604709212827 ], [ 20.045114378084868, -7.349213007355394 ], [ 20.006681185514594, -7.42928215854346 ], [ 19.897787139898828, -7.397254498068234 ], [ 19.878570543613691, -7.304374282690078 ], [ 19.760068199855354, -7.214696833359445 ], [ 19.66557284566148, -7.153988272091577 ], [ 19.68192575018092, -7.023165035936021 ], [ 19.628194778188462, -6.960089547075309 ], [ 19.646883811924969, -6.8713166368269 ], [ 19.602497356800765, -6.831602440136816 ], [ 19.54643025559124, -6.85729986152452 ], [ 19.490363154381715, -6.836274698570943 ], [ 19.41327089021862, -6.836274698570943 ], [ 19.359539918226162, -6.873652766043964 ], [ 19.261422491109496, -6.887669541346344 ], [ 19.144616030256323, -6.880661153695147 ], [ 19.006784406449576, -6.833938569353879 ], [ 18.890517217952969, -6.775917884848847 ], [ 18.77842040628968, -6.782323416943892 ], [ 18.730378915576839, -6.743890224373621 ], [ 18.634295934151162, -6.663821073185556 ], [ 18.541415718773006, -6.651010008995465 ], [ 18.448535503394851, -6.564535325712354 ], [ 18.378074650349351, -6.494074472666857 ], [ 18.214733581925699, -6.506885536856947 ], [ 18.118868323265485, -6.540196478102479 ], [ 18.089825706072318, -6.590157454092536 ], [ 18.019364853026818, -6.625387880615284 ], [ 17.900862509268482, -6.580549155949967 ], [ 17.79837399574776, -6.558129793617309 ], [ 17.766346335272534, -6.609374050377671 ], [ 17.62862739522906, -6.58375192199749 ], [ 17.554963776136042, -6.535710431284651 ], [ 17.436461432377705, -6.567738091759877 ], [ 17.301945258381753, -6.58375192199749 ], [ 17.27312036395405, -6.667023839233078 ], [ 17.202659510908553, -6.711862563898395 ], [ 17.141806956005624, -6.708659797850872 ], [ 17.122590359720487, -6.654212775042987 ], [ 17.116184827625442, -6.602968518282625 ], [ 17.154618020195713, -6.532507665237128 ], [ 17.039318442484898, -6.490871706619334 ], [ 16.966160416330709, -6.418157091169232 ], [ 16.773488860540521, -6.426816385668882 ], [ 16.7302113654073, -6.336392568572006 ], [ 16.592379741600553, -6.341064827006133 ], [ 16.49048925395957, -6.438426848529736 ], [ 16.266187380692919, -6.481061454706206 ], [ 16.205448021049271, -6.417985965845493 ], [ 16.123683498452046, -6.401633061326049 ], [ 16.095649947847285, -6.331549184814148 ], [ 16.013885425250059, -6.303515634209387 ], [ 15.908759610482207, -6.340893701682401 ], [ 15.759141976003207, -6.3721980315631 ], [ 15.650458789186162, -6.417482692736868 ], [ 15.564417932956001, -6.422011158854245 ], [ 15.480641309784529, -6.410689993560803 ], [ 15.487649697435719, -6.319580954095317 ], [ 15.550725186296434, -6.235480302281042 ], [ 15.604456158288892, -6.177077071854449 ], [ 15.646506484196037, -6.104657066125484 ], [ 15.743292344592387, -6.073319267816226 ], [ 15.833861666939924, -5.975957246292623 ], [ 15.942544853756971, -5.978221479351312 ], [ 16.055756506691392, -5.896709089238528 ], [ 16.076134604219586, -5.810668233008368 ], [ 16.158731703819274, -5.57920263566987 ], [ 16.135259007685224, -5.549861765502308 ], [ 16.086357557405954, -5.514652721301232 ], [ 16.0765772673501, -5.467707329033132 ], [ 16.10200602149532, -5.422717994776202 ], [ 16.182204399953324, -5.403157414664494 ], [ 16.180248341942153, -5.352299906374052 ], [ 16.209441530702108, -5.310221652182535 ], [ 16.319239603904094, -5.314893910616663 ], [ 16.405195013226802, -5.30339845609478 ], [ 16.463876753561927, -5.305354514105951 ], [ 16.522558493897051, -5.32491509421766 ], [ 16.579284176221009, -5.315134804161806 ], [ 16.641878032578475, -5.301442398083609 ], [ 16.587108408265692, -5.25645306382668 ], [ 16.526470609919397, -5.242760657748485 ], [ 16.481481275662464, -5.215375845592092 ], [ 16.466415744579095, -5.139684219336901 ], [ 16.389323480415996, -5.039230663003175 ], [ 16.386987351198933, -4.966810657274204 ], [ 16.457071227710841, -4.938777106669443 ], [ 16.54584413795925, -4.927096460584126 ], [ 16.576213817781074, -4.875701617808732 ], [ 16.641625435858849, -4.852340325638091 ], [ 16.743593049159358, -4.842746794464046 ], [ 16.784670267393945, -4.813405924296483 ], [ 16.782714209382775, -4.764504474017212 ], [ 16.774889977338091, -4.721471197771454 ], [ 16.855088355796099, -4.656921283402816 ], [ 16.919638270164736, -4.654965225391645 ], [ 16.950935198343469, -4.615844065168227 ], [ 16.956803372376982, -4.555206266821931 ], [ 17.019397228734448, -4.525865396654368 ], [ 17.033089634812644, -4.471095772341585 ], [ 16.993968474589227, -4.418282206039971 ], [ 16.995924532600398, -4.343952001615479 ], [ 16.992012416578056, -4.261797565146304 ], [ 16.95289125635464, -4.218764288900545 ], [ 16.923129006515005, -4.143325108259328 ], [ 16.937024966224108, -4.024654229530964 ], [ 16.931374618231761, -3.971322950487433 ], [ 16.962671546410494, -3.924377558219333 ], [ 17.056562330946694, -3.883300339984745 ], [ 17.153776647567582, -3.862090468523355 ], [ 17.203448907875465, -3.825965188299443 ], [ 17.295201408309538, -3.814838309593765 ], [ 17.363663438700517, -3.87156399191772 ], [ 17.449729991192036, -3.883300339984745 ], [ 17.500587499482478, -3.89503668805177 ], [ 17.55340106578409, -3.900904862085282 ], [ 17.567093471862286, -3.967410834465091 ], [ 17.598390400041023, -3.973279008498604 ], [ 17.700105416621906, -3.949806312364553 ], [ 17.784215911102255, -3.922421500208162 ], [ 17.872238521604942, -3.896992746062941 ], [ 17.999382292331045, -3.906773036118795 ], [ 18.116745773001298, -3.920465442196991 ], [ 18.233180478880705, -3.782549311098766 ], [ 18.1880936506887, -3.586481570439031 ], [ 17.831016349771691, -3.398024106066165 ], [ 17.662396513227549, -3.497212245209779 ], [ 17.513614304512124, -3.477374617381056 ], [ 17.240846921867188, -3.539367204345815 ], [ 17.151577596637935, -3.440179065202201 ], [ 17.002795387922514, -3.460016693030923 ], [ 16.784581481806566, -3.350909739972948 ], [ 16.635799273091145, -3.450097879116562 ], [ 16.517969076046548, -3.4476430833448 ], [ 16.159696205201797, -3.440179065202201 ], [ 16.010913996486376, -3.301315670401141 ], [ 15.939002595607253, -3.467455803466696 ], [ 15.740626317320025, -3.50217165216696 ], [ 15.527371818161255, -3.631116233053659 ], [ 15.48769656250381, -3.882806136130578 ], [ 15.244685621601956, -3.981994275274192 ], [ 15.145497482458342, -3.932400205702385 ], [ 14.852892471984681, -4.105979449203709 ], [ 14.102875776066799, -4.257393865367848 ], [ 13.529690633635482, -4.291110638452043 ], [ 12.769024961378573, -4.331483659116973 ], [ 12.030279335401945, -4.345855491184485 ], [ 11.522650700237843, -4.303115875751642 ], [ 11.344112049779339, -4.293197061837281 ], [ 11.314355608036255, -4.065064341806969 ], [ 11.036628818434135, -3.985713830492077 ], [ 11.046547632348497, -3.797256366119211 ], [ 10.768820842746377, -3.807175180033572 ], [ 10.550606936630427, -3.559204832174538 ] ] ] } },
{ "type": "Feature", "properties": { "id": 48, "name": "The Red Waste", "type": "desert", "continent": "Essos", "size": 4 }, "geometry": { "type": "Polygon", "coordinates": [ [ [ 78.621392730897242, -5.929644105975177 ], [ 79.414046603841015, -5.314544700570815 ], [ 79.613977564166476, -5.218925545632551 ], [ 79.997439854327624, -5.03553053729461 ], [ 80.606198028748437, -4.655056678281603 ], [ 81.468605442511247, -4.325312667136997 ], [ 82.128093464800457, -3.995568655992392 ], [ 82.300752873079261, -3.978010072099632 ], [ 82.876358720859358, -3.919473884189791 ], [ 83.348838538675281, -4.049813144276943 ], [ 83.61194151495117, -4.122393275663394 ], [ 83.983949518300591, -4.312329970522156 ], [ 84.471248239933445, -4.585217254636559 ], [ 84.804092939858592, -4.934070841557809 ], [ 85.742595125424018, -5.821843179254825 ], [ 86.072339136568615, -6.405236429741435 ], [ 86.093655707199034, -7.011911252677223 ], [ 86.520648495786517, -7.154242182206388 ], [ 86.631350329864759, -7.454718588990179 ], [ 86.378317566257351, -7.818453186675821 ], [ 86.678793973041152, -7.818453186675821 ], [ 86.884383093472167, -7.92915502075406 ], [ 86.710423068492076, -8.498478738870718 ], [ 86.836939450295773, -8.73569695475266 ], [ 86.39413211398282, -10.143191702318841 ], [ 86.283430279904579, -11.016945464150655 ], [ 86.109470254924489, -12.123963804933046 ], [ 86.346688470806427, -13.009578477558957 ], [ 86.473204852610138, -13.515644004773764 ], [ 86.678793973041152, -14.622662345556154 ], [ 87.121601309354105, -15.08523786652594 ], [ 87.485335907039754, -15.417343368760656 ], [ 87.690925027470769, -15.512230655113433 ], [ 87.659295932019845, -15.891779800524539 ], [ 87.596037741117982, -16.160627111857405 ], [ 87.329240014225078, -16.357488906452708 ], [ 87.15088868210745, -16.436756165171655 ], [ 86.92894113505767, -16.470882853736676 ], [ 86.794405135180071, -16.499420793104655 ], [ 86.725098711000697, -16.568727217284028 ], [ 86.615023802009929, -16.642110489944539 ], [ 86.545717377830556, -16.682878974755937 ], [ 86.419335074915224, -16.658417883869099 ], [ 86.231800044782801, -16.682878974755937 ], [ 86.10541774186747, -16.74810855045417 ], [ 86.068726105537209, -16.8541066109638 ], [ 85.958651196546441, -16.882644550331776 ], [ 85.917882711735047, -16.927489883624315 ], [ 85.848576287555673, -16.903028792737476 ], [ 85.758885620970602, -16.923413035143174 ], [ 85.840422590593391, -16.976412065397987 ], [ 85.81596149970656, -17.05794903502078 ], [ 85.754808772489469, -17.127255459200153 ], [ 85.758885620970602, -17.184331337936108 ], [ 85.693446838148162, -17.23476102454234 ], [ 85.60804222716844, -17.261791459077763 ], [ 85.559902297344763, -17.338258043664972 ], [ 85.486590056212364, -17.363712671106256 ], [ 85.366262713179836, -17.351612497745311 ], [ 85.24941123997688, -17.291517454383783 ], [ 85.195993423655509, -17.244776865102594 ], [ 85.15926867493458, -17.178004594700898 ], [ 85.072464723412381, -17.181343208220984 ], [ 84.962290477249567, -17.174665981180812 ], [ 84.962290477249567, -17.114570937819284 ], [ 84.895518206847882, -17.097877870218863 ], [ 84.775328120124826, -17.071168962058181 ], [ 84.718571690283383, -17.017751145736824 ], [ 84.691862782122698, -16.964333329415467 ], [ 84.621751898200912, -16.964333329415467 ], [ 84.585027149479984, -17.014412532216738 ], [ 84.488207357397528, -17.027766986297078 ], [ 84.374694497714643, -17.011073918696656 ], [ 84.391387565315057, -16.947640261815042 ], [ 84.381371724754814, -16.877529377893261 ], [ 84.4047420193954, -16.810757107491565 ], [ 84.3613400436343, -16.76067790469029 ], [ 84.291229159712515, -16.733968996529612 ], [ 84.184393527069801, -16.66385811260783 ], [ 84.105936109347809, -16.646330391627384 ], [ 83.989084636144838, -16.71310266202908 ], [ 83.842185641261096, -16.719779889069251 ], [ 83.775413370859411, -16.71310266202908 ], [ 83.691948032857283, -16.759843251310269 ], [ 83.548387651493627, -16.866678883952986 ], [ 83.381456975489385, -16.903403632673918 ], [ 83.374779748449214, -16.980191743635871 ], [ 83.274621342846672, -17.046964014037567 ], [ 83.187817391324472, -17.107059057399095 ], [ 83.111029280362516, -17.160476873720452 ], [ 83.010870874759974, -17.200540235961469 ], [ 82.904035242117246, -17.273989733403337 ], [ 82.803876836514704, -17.3315808166248 ], [ 82.723750112032675, -17.405030314066668 ], [ 82.620253092910048, -17.458448130388028 ], [ 82.523433300827577, -17.464290704048175 ], [ 82.47001548450622, -17.538574854870063 ], [ 82.413259054664778, -17.59783524485157 ], [ 82.351912031233127, -17.620788212802115 ], [ 82.24298976514045, -17.685473849753798 ], [ 82.159524427138336, -17.762261960715751 ], [ 82.052688794495609, -17.802325322956769 ], [ 81.972562070013581, -17.824026310837326 ], [ 81.902451186091795, -17.847396605477918 ], [ 81.864057130610817, -17.874105513638597 ], [ 81.798954166969168, -17.935869863760168 ], [ 81.723835362767261, -17.95924015840076 ], [ 81.677094773486061, -17.95089362460055 ], [ 81.625346263924754, -17.944216397560382 ], [ 81.595298742243983, -17.972594612481103 ], [ 81.556904686763019, -18.017665895002246 ], [ 81.49263637650138, -18.024343122042417 ], [ 81.435879946659938, -18.010988667962078 ], [ 81.432541333139852, -17.975933226001185 ], [ 81.444226480460145, -17.945885704320421 ], [ 81.439218560180024, -17.915838182639657 ], [ 81.394147277658874, -17.889129274478979 ], [ 81.35241460865781, -17.864089673078343 ], [ 81.360761142458031, -17.82068769731724 ], [ 81.400824504699045, -17.802325322956772 ], [ 81.435879946659938, -17.758923347195669 ], [ 81.450903707500316, -17.727206518754866 ], [ 81.447565093980231, -17.680465929473677 ], [ 81.417517572299474, -17.61536296583202 ], [ 81.380792823578531, -17.561527822820651 ], [ 81.35408391541786, -17.508110006499294 ], [ 81.360761142458031, -17.454692190177933 ], [ 81.380792823578531, -17.409620907656791 ], [ 81.369107676258238, -17.349525864295263 ], [ 81.334052234297346, -17.31447042233437 ], [ 81.292319565296282, -17.297777354733945 ], [ 81.235563135454839, -17.299446661493988 ], [ 81.19383046645379, -17.294438741213863 ], [ 81.162113638012983, -17.27273775333331 ], [ 81.12705819605209, -17.225579837362105 ], [ 81.123719582532004, -17.157138260200366 ], [ 81.120380969011919, -17.117074897959348 ], [ 81.16879086505314, -17.11206697767922 ], [ 81.198838386733911, -17.14545311288007 ], [ 81.248917589535182, -17.142114499359984 ], [ 81.280634417975989, -17.108728364159134 ], [ 81.315689859936882, -17.078680842478374 ], [ 81.31068193965676, -17.03527886671727 ], [ 81.290650258536246, -16.980191743635867 ], [ 81.297327485576417, -16.936789767874764 ], [ 81.322367086977053, -16.900065019153832 ], [ 81.291484911916271, -16.875860071133214 ], [ 81.198003733353886, -16.885875911693468 ], [ 81.151263144072701, -16.872521457613129 ], [ 81.121215622391944, -16.847481856212493 ], [ 81.101183941271429, -16.815765027771686 ], [ 81.062789885790451, -16.822442254811858 ], [ 81.019387910029351, -16.842473935932365 ], [ 80.972647320748166, -16.850820469732579 ], [ 80.928828018297054, -16.84435190603741 ], [ 80.905875050346467, -16.762347211450329 ], [ 80.889181982746038, -16.717275928929183 ], [ 80.849118620505024, -16.678881873448208 ], [ 80.809055258263996, -16.643826431487316 ], [ 80.78401565686336, -16.612109603046509 ], [ 80.740613681102261, -16.597085842206127 ], [ 80.698881012101197, -16.585400694885831 ], [ 80.660486956620232, -16.560361093485195 ], [ 80.620423594379204, -16.524888324834293 ], [ 80.612077060578997, -16.483155655833233 ], [ 80.627100821419376, -16.433076453031958 ], [ 80.610407753818947, -16.371312102910387 ], [ 80.582029538898226, -16.344603194749709 ], [ 80.547808750317358, -16.329996760599336 ], [ 80.537375583067103, -16.29076805173834 ], [ 80.488965687025868, -16.264059143577661 ], [ 80.43304391056445, -16.252373996257365 ], [ 80.362933026642665, -16.256547263157469 ], [ 80.31619243736148, -16.264893796957683 ], [ 80.276129075120451, -16.254877956397429 ], [ 80.257766700759987, -16.236515582036962 ], [ 80.246081553439694, -16.220657167816558 ], [ 80.241073633159559, -16.195408903070916 ], [ 80.221876605419084, -16.196243556450938 ], [ 80.203514231058605, -16.187897022650723 ], [ 80.201010270918545, -16.166613361460183 ], [ 80.244412246679644, -16.136565839779418 ], [ 80.241073633159559, -16.049761888257212 ], [ 80.264443927800158, -15.932910415054243 ], [ 80.244412246679644, -15.852783690572206 ], [ 80.18097858979803, -15.839429236491867 ], [ 80.110867705876259, -15.846106463532037 ], [ 80.057449889554903, -15.829413395931612 ], [ 80.054111276034817, -15.769318352570084 ], [ 80.084158797715574, -15.729254990329066 ], [ 80.140915227557016, -15.682514401047877 ], [ 80.140915227557016, -15.615742130646181 ], [ 80.060788503074988, -15.612403517126095 ], [ 79.997354846193375, -15.592371836005587 ], [ 79.917228121711332, -15.592371836005587 ], [ 79.850455851309633, -15.609064903606011 ], [ 79.798290015058313, -15.661439403202344 ], [ 79.774085067037689, -15.676463164042726 ], [ 79.750714772397103, -15.666447323482473 ], [ 79.718163290576271, -15.648084949122005 ], [ 79.667249434394975, -15.639738415321792 ], [ 79.612162311313583, -15.63723445518173 ], [ 79.571264295692544, -15.648084949122005 ], [ 79.557075188232176, -15.665612670102451 ], [ 79.535374200351626, -15.686479004602981 ], [ 79.465263316429841, -15.686479004602981 ], [ 79.394317779128045, -15.688148311363024 ], [ 79.360096990547177, -15.700668112063342 ], [ 79.344238576326774, -15.731550287124128 ], [ 79.335057389146542, -15.758259195284806 ], [ 79.296663333665563, -15.755755235144742 ], [ 79.275796999165024, -15.738227514164297 ], [ 79.264111851844731, -15.719865139803829 ], [ 79.239906903824121, -15.702337418823385 ], [ 79.203182155103178, -15.69232157826313 ], [ 79.256599971424535, -15.655596829542196 ], [ 79.304175214085745, -15.641407722081835 ], [ 79.353419763507006, -15.618037427441241 ], [ 79.381797978427727, -15.592997826040605 ], [ 79.414349460248545, -15.591328519280562 ], [ 79.445231635309341, -15.598005746320732 ], [ 79.472775196850037, -15.61052554702105 ], [ 79.492806877970551, -15.586320599000436 ], [ 79.50783063881093, -15.572131491540075 ], [ 79.540382120631747, -15.573800798300118 ], [ 79.572098949072554, -15.562950304359841 ], [ 79.579610829492751, -15.542918623239332 ], [ 79.581280136252801, -15.512036448178547 ], [ 79.567925682172458, -15.476981006217656 ], [ 79.550397961192004, -15.468634472417444 ], [ 79.466097969809866, -15.476981006217656 ], [ 79.420192033908705, -15.488666153537952 ], [ 79.342569269566724, -15.493674073818081 ], [ 79.224883142983728, -15.486996846777911 ], [ 79.113874243440918, -15.496178033958143 ], [ 79.062125733879597, -15.522886942118824 ], [ 79.010377224318276, -15.566288917879927 ], [ 78.906045551815623, -15.616576784026202 ], [ 78.859304962534438, -15.619915397546286 ], [ 78.792532692132738, -15.594875796145651 ], [ 78.726595075111064, -15.604056983325883 ], [ 78.677350525689818, -15.628261931346499 ], [ 78.613082215428179, -15.64996291922705 ], [ 78.579696080227336, -15.687522321328006 ], [ 78.587207960647518, -15.735932217369236 ], [ 78.591381227547629, -15.78684607355053 ], [ 78.538505055391255, -15.833562003605559 ], [ 78.484962921594928, -15.851949037192185 ], [ 78.453663419844133, -15.876362648557803 ], [ 78.407757483942959, -15.884709182358014 ], [ 78.350166400721506, -15.8880477958781 ], [ 78.310103038480477, -15.898063636438355 ], [ 78.292575317500038, -15.933953731779267 ], [ 78.285898090459867, -15.979859667680433 ], [ 78.284228783699817, -16.025765603581601 ], [ 78.270039676239463, -16.043293324562047 ], [ 78.217873839988144, -16.064994312442597 ], [ 78.12856592832587, -16.078348766522936 ], [ 77.994186734142446, -16.103388367923575 ], [ 77.866251250970024, -16.119463046865167 ], [ 77.763405074566592, -16.11298688179382 ], [ 77.715829831905381, -16.121333415594034 ], [ 77.713325871765306, -16.151380937274798 ], [ 77.698302110924928, -16.185601725855665 ], [ 77.629860533763193, -16.192278952895837 ], [ 77.558914996461382, -16.188940339375751 ], [ 77.512174407180197, -16.180593805575541 ], [ 77.485465499019526, -16.196660883140947 ], [ 77.474615005079244, -16.225873751441689 ], [ 77.48212688549944, -16.272614340722875 ], [ 77.498819953099854, -16.341055917884617 ], [ 77.479622925359365, -16.377780666605549 ], [ 77.463764511138962, -16.438710363347099 ], [ 77.44748877022856, -16.469592538407884 ], [ 77.422449168827924, -16.46708857826782 ], [ 77.371535312646628, -16.469592538407884 ], [ 77.369031352506553, -16.48127768572818 ], [ 77.361519472086371, -16.539703422329666 ], [ 77.348165018006029, -16.562239063590237 ], [ 77.287235321264475, -16.571420250770473 ], [ 77.235486811703169, -16.572254904150494 ], [ 77.21879374410274, -16.567246983870366 ], [ 77.203769983262362, -16.552223223029984 ], [ 77.193754142702105, -16.522175701349219 ], [ 77.174679808490708, -16.498088752803568 ], [ 77.081910589779255, -16.509029910613883 ], [ 76.995941291637081, -16.502352683573712 ], [ 76.96756307671636, -16.484824962593269 ], [ 76.950870009115931, -16.456446747672548 ], [ 76.896617539414549, -16.460620014572651 ], [ 76.854050217033475, -16.47856506224311 ], [ 76.85571952379351, -16.519045751174136 ], [ 76.837357149433046, -16.525305651524299 ], [ 76.773923492551432, -16.495258129843535 ], [ 76.700473995109562, -16.485242289283281 ], [ 76.623685884147619, -16.501935356883703 ], [ 76.548567079945698, -16.530313571804424 ], [ 76.471778968983756, -16.543668025884767 ], [ 76.396660164781849, -16.541998719124724 ], [ 76.344911655220528, -16.578723467845656 ], [ 76.278341402595714, -16.613994581152056 ], [ 76.23724136919779, -16.610440296286463 ], [ 76.222217608357411, -16.563699707005274 ], [ 76.130405736555076, -16.563699707005274 ], [ 76.098688908114269, -16.588739308405909 ], [ 76.112043362194612, -16.638818511207184 ], [ 76.120389895994819, -16.677212566688159 ], [ 76.097019601354219, -16.727291769489433 ], [ 76.026908717432448, -16.735638303289644 ], [ 75.985176048431384, -16.764016518210365 ], [ 75.933427538870063, -16.757339291170197 ], [ 75.890025563108964, -16.73897691680973 ], [ 75.803221611586764, -16.760677904690283 ], [ 75.709740433024379, -16.770693745250536 ], [ 75.64296816262268, -16.750662064130026 ], [ 75.59956618686158, -16.762347211450322 ], [ 75.592888959821408, -16.815765027771683 ], [ 75.591219653061373, -16.885875911693464 ], [ 75.542809757020137, -16.925939273934482 ], [ 75.462683032538095, -16.927608580694525 ], [ 75.404257295936617, -16.902568979293889 ], [ 75.360855320175517, -16.915923433374228 ], [ 75.30743750385416, -16.94430164829495 ], [ 75.230649392892204, -16.98603431729601 ], [ 75.157918395226972, -16.977166176643991 ], [ 75.137168214329833, -16.94430164829495 ], [ 75.142176134609954, -16.884206604933421 ], [ 75.162207815730468, -16.800741266931301 ], [ 75.187247417131104, -16.718945235689219 ], [ 75.215625632051825, -16.633810590927055 ], [ 75.252350380772754, -16.577054161085613 ], [ 75.284067209213561, -16.506943277163831 ], [ 75.294083049773818, -16.450186847322389 ], [ 75.297421663293903, -16.406784871561285 ], [ 75.299090970053939, -16.386753190440775 ], [ 75.28573651597361, -16.356705668760014 ], [ 75.245673153732582, -16.336673987639504 ], [ 75.21228701853174, -16.314138346378925 ], [ 75.217294938811861, -16.284090824698165 ], [ 75.252350380772754, -16.244027462457144 ], [ 75.30743750385416, -16.212310634016337 ], [ 75.364193933695603, -16.198956179935998 ], [ 75.39591076213641, -16.155554204174894 ], [ 75.404257295936617, -16.112152228413791 ], [ 75.444320658177631, -16.042041344492009 ], [ 75.467000604156283, -15.995830163293446 ], [ 75.53028995631982, -15.971513133880215 ], [ 75.588715692921312, -15.978190360920385 ], [ 75.635456282202497, -15.944804225719537 ], [ 75.662165190363169, -15.891386409398178 ], [ 75.678858257963597, -15.822944832236439 ], [ 75.672181030923426, -15.787889390275549 ], [ 75.630448361922362, -15.784550776755463 ], [ 75.593723613201433, -15.759511175354827 ], [ 75.608330047351799, -15.703798062238409 ], [ 75.645889449452753, -15.687939648018007 ], [ 75.651732023112913, -15.652884206057117 ], [ 75.641716182552656, -15.624505991136393 ], [ 75.645054796072742, -15.59362381607561 ], [ 75.661330536983158, -15.575887431750157 ], [ 75.788615177436384, -15.576930748475185 ], [ 75.797796364616616, -15.538536692994208 ], [ 75.774843396666043, -15.515792388388631 ], [ 75.674684991063501, -15.499099320788206 ], [ 75.567849358420787, -15.435665663906594 ], [ 75.501077088019088, -15.375570620545068 ], [ 75.407595909456717, -15.372232007024984 ], [ 75.310776117374246, -15.365554779984814 ], [ 75.277389982173403, -15.332168644783966 ], [ 75.304098890334075, -15.288766669022863 ], [ 75.354178093135346, -15.268734987902354 ], [ 75.340823639055017, -15.218655785101081 ], [ 75.294083049773832, -15.17525380933998 ], [ 75.280728595693489, -15.108481538938282 ], [ 75.254019687532804, -15.058402336137011 ], [ 75.180570190090947, -15.058402336137011 ], [ 75.10378207912899, -15.055063722616925 ], [ 75.043687035767462, -15.055063722616925 ], [ 75.003623673526448, -15.081772630777603 ], [ 75.013639514086705, -15.148544901179301 ], [ 74.953544470725177, -15.178592422860063 ], [ 74.896788040883735, -15.16189935525964 ], [ 74.896788040883735, -15.06507956317718 ], [ 74.823338543441864, -15.055063722616925 ], [ 74.75990488656025, -14.998307292775484 ], [ 74.659746480957708, -14.991630065735315 ], [ 74.629698959276951, -14.941550862934042 ], [ 74.994208608306579, -14.176415000082098 ], [ 75.146398151911782, -13.402784820088986 ], [ 75.285905233549883, -12.806709107635275 ], [ 75.450777239122189, -11.804794612234357 ], [ 75.833010398143017, -10.82735905988878 ], [ 75.951734486822644, -9.880231008726897 ], [ 76.230748650098846, -9.322202682174487 ], [ 76.560492661243444, -8.561254964148473 ], [ 76.998037599108414, -7.844695863007311 ], [ 77.277051762384616, -7.083748144981297 ], [ 77.879468705821864, -6.348165350889484 ], [ 78.621392730897242, -5.929644105975177 ] ] ] } },
{ "type": "Feature", "properties": { "id": 49, "name": null, "type": "forest", "continent": "Sothoryos", "size": null }, "geometry": { "type": "Polygon", "coordinates": [ [ [ 57.536799710593101, -39.347931389284277 ], [ 57.371927705020795, -39.132329535843567 ], [ 57.359245243053692, -38.865997834534468 ], [ 57.397292628954993, -38.625031057159561 ], [ 57.409975090922096, -38.346016893883359 ], [ 57.371927705020795, -38.054320268640048 ], [ 57.24510308534979, -37.838718415199345 ], [ 56.877311688303884, -37.724576257495443 ], [ 56.610979986994785, -37.661163947659944 ], [ 56.306600899784378, -37.458244556186337 ], [ 56.141728894212072, -37.191912854877238 ], [ 56.103681508310771, -37.027040849304932 ], [ 55.86271473093587, -36.925581153568132 ], [ 55.748572573231968, -36.773391609962928 ], [ 55.596383029626764, -36.481694984719624 ], [ 55.532970719791265, -36.266093131278922 ], [ 55.477484948685216, -36.226460437631729 ], [ 55.391878330407295, -36.210607360172858 ], [ 55.179447092458361, -36.204266129189307 ], [ 55.081158012213336, -36.191583667222204 ], [ 55.052622472787363, -36.131341972878481 ], [ 55.089084550942758, -36.037808815871117 ], [ 55.119205398114637, -35.855498425094048 ], [ 55.101767012909853, -35.695382342759409 ], [ 55.030428164344933, -35.643067187145121 ], [ 54.873482697502048, -35.606605108989704 ], [ 54.733975615863947, -35.429050641450303 ], [ 54.626174689143589, -35.197595710550722 ], [ 54.600809765209384, -34.829804313504816 ], [ 54.66422207504489, -34.588837536129915 ], [ 54.791046694715888, -34.449330454491815 ], [ 54.87348269750207, -34.283665795046566 ], [ 55.019331010123722, -34.106111327507165 ], [ 55.146155629794727, -33.963433630377281 ], [ 55.304686404383482, -33.751002392428354 ], [ 55.539311950774831, -33.605154079806702 ], [ 55.631259800036311, -33.497353153086351 ], [ 55.666136570445808, -33.396686111222493 ], [ 55.754913804215505, -33.24449656761729 ], [ 55.754913804215541, -33.185047527146509 ], [ 55.701013340855361, -33.124805832802785 ], [ 55.701013340855361, -33.083587831409709 ], [ 55.72637826478956, -33.017004906082427 ], [ 55.88807965487009, -32.959933827230479 ], [ 55.913444578804288, -32.9060333638703 ], [ 55.897591501345417, -32.8045736681335 ], [ 55.846861653477013, -32.728478896330898 ], [ 55.907103347820744, -32.6016542766599 ], [ 55.986368735115114, -32.573118737233919 ], [ 56.062463506917716, -32.506535811906645 ], [ 56.097340277327241, -32.446294117562921 ], [ 56.198799973064048, -32.458976579530017 ], [ 56.274894744866614, -32.432819001722876 ], [ 56.357330747652796, -32.357516883793217 ], [ 56.465131674373119, -32.305994382051871 ], [ 56.506349675766224, -32.367028730268544 ], [ 56.515861522241522, -32.445501463689979 ], [ 56.509520291257999, -32.588971814692798 ], [ 56.465131674373119, -32.724515626966181 ], [ 56.522202753225102, -32.833109207559474 ], [ 56.531714599700429, -32.940910134279825 ], [ 56.40171936453762, -33.016212252209485 ], [ 56.350989516669216, -33.295226415485693 ], [ 56.224164896998218, -33.485463344992198 ], [ 56.262212282899519, -33.726430122367098 ], [ 56.389036902570517, -34.068856595478806 ], [ 56.490496598307317, -34.373235682689213 ], [ 56.617321217978322, -34.525425226294416 ], [ 56.883652919287428, -34.741027079735119 ], [ 57.111937234695233, -34.804439389570618 ], [ 57.454363707806934, -34.893216623340322 ], [ 57.695330485181842, -34.943946471208719 ], [ 58.037756958293549, -34.91858154727452 ], [ 58.405548355339455, -34.855169237439021 ], [ 58.684562518615657, -34.855169237439021 ], [ 59.039671453694467, -34.690297231866715 ], [ 59.407462850740373, -34.626884922031216 ], [ 59.686477014016575, -34.538107688261512 ], [ 59.825984095654682, -34.25909352498531 ], [ 60.01622102516118, -33.916667051873603 ], [ 60.282552726470286, -33.688382736465798 ], [ 60.447424732042592, -33.384003649255391 ], [ 60.510837041878091, -33.117671947946285 ], [ 60.548884427779392, -32.876705170571384 ], [ 60.548884427779392, -32.68646824106488 ], [ 60.57424935171359, -32.496231311558375 ], [ 60.726438895318793, -32.305994382051871 ], [ 60.891310900891099, -32.090392528611169 ], [ 60.992770596627899, -31.849425751236264 ], [ 61.183007526134404, -31.849425751236264 ], [ 61.398609379575106, -31.836743289269165 ], [ 61.677623542851315, -31.773330979433663 ], [ 61.893225396292017, -31.633823897795562 ], [ 61.982002630061714, -31.443586968289058 ], [ 62.00736755399592, -31.291397424683854 ], [ 62.108827249732713, -31.26523984687671 ], [ 62.24833433137082, -31.309628463761563 ], [ 62.333940949648742, -31.322310925728662 ], [ 62.368817720058267, -31.382552620072389 ], [ 62.378329566533594, -31.442794314416115 ], [ 62.349794027107627, -31.494316816157458 ], [ 62.24833433137082, -31.633823897795562 ], [ 62.21028694546952, -31.824060827302066 ], [ 62.235651869403725, -32.06502760467697 ], [ 62.324429103173422, -32.153804838446668 ], [ 62.413206336943126, -32.242582072216372 ], [ 62.533689725630587, -32.661103317130681 ], [ 62.64783188333449, -32.876705170571384 ], [ 62.914163584643596, -32.927435018439787 ], [ 63.117082976117196, -33.04157717614369 ], [ 63.3073199056237, -33.181084257781791 ], [ 63.510239297097307, -33.231814105650187 ], [ 63.611698992834107, -33.295226415485693 ], [ 63.700476226603811, -33.384003649255391 ], [ 63.700476226603811, -33.523510730893499 ], [ 63.586334068899909, -33.650335350564497 ], [ 63.560969144965703, -33.8025248941697 ], [ 63.446826987261801, -34.030809209577505 ], [ 63.396097139393405, -34.208363677116907 ], [ 63.218542671854003, -34.297140910886611 ], [ 62.990258356446198, -34.284458448919509 ], [ 62.825386350873892, -34.221046139084009 ], [ 62.711244193169989, -34.106903981380107 ], [ 62.609784497433189, -34.030809209577505 ], [ 62.482959877762184, -33.954714437774904 ], [ 62.368817720058281, -33.942031975807801 ], [ 62.178580790551784, -33.942031975807801 ], [ 62.013708784979478, -33.992761823676204 ], [ 61.912249089242678, -34.030809209577505 ], [ 61.798106931538776, -34.144951367281408 ], [ 61.734694621703269, -34.335188296787912 ], [ 61.798106931538776, -34.487377840393115 ], [ 61.861519241374275, -34.588837536129915 ], [ 61.886884165308473, -34.741027079735119 ], [ 61.874201703341377, -34.893216623340322 ], [ 61.77274200760457, -35.02004124301132 ], [ 61.722012159736174, -35.172230786616524 ], [ 61.798106931538776, -35.311737868254625 ], [ 62.013708784979478, -35.425880025958527 ], [ 62.08980355678208, -35.552704645629532 ], [ 62.140533404650483, -35.64148187939923 ], [ 62.285024679741781, -35.773158603354481 ], [ 62.432230029893788, -35.831718808905734 ], [ 62.482959877762184, -35.768306499070235 ], [ 62.521007263663485, -35.590752031530833 ], [ 62.432230029893788, -35.273690482353324 ], [ 62.584419573498991, -34.91858154727452 ], [ 62.774656503005488, -34.817121851537721 ], [ 63.053670666281697, -34.829804313504816 ], [ 63.231225133821098, -34.994676319077122 ], [ 63.320002367590803, -35.184913248583626 ], [ 63.434144525294705, -35.349785254155925 ], [ 63.560969144965703, -35.413197563991432 ], [ 63.687793764636709, -35.476609873826931 ], [ 63.814618384307707, -35.43856248792563 ], [ 63.827300846274809, -35.248325558419126 ], [ 63.76388853643931, -35.070771090879724 ], [ 63.713158688570907, -34.829804313504816 ], [ 63.675111302669606, -34.728344617768016 ], [ 63.76388853643931, -34.550790150228615 ], [ 64.017537775781307, -34.56347261219571 ], [ 64.195092243320715, -34.766392003669317 ], [ 64.296551939057522, -34.98199385711002 ], [ 64.334599324958816, -35.222960634484927 ], [ 64.512153792498225, -35.375150178090131 ], [ 64.727755645938927, -35.501974797761129 ], [ 64.829215341675734, -35.565387107596628 ], [ 64.94335749937963, -35.768306499070235 ], [ 65.158959352820332, -36.021955738412238 ], [ 65.374561206261035, -36.237557591852941 ], [ 65.514068287899136, -36.364382211523946 ], [ 65.729670141339838, -36.567301602997546 ], [ 65.755035065274043, -36.795585918405351 ], [ 65.666257831504339, -36.998505309878958 ], [ 65.526750749866238, -37.188742239385462 ], [ 65.387243668228137, -37.302884397089365 ], [ 65.222371662655831, -37.429709016760363 ], [ 64.94335749937963, -37.556533636431368 ], [ 64.789582648028585, -37.594581022332669 ], [ 64.721414414955419, -37.633421062106912 ], [ 64.675440490324689, -37.696040718069469 ], [ 64.684952336799995, -37.793537144441551 ], [ 64.74519403114374, -37.898960109543076 ], [ 64.94811342261734, -38.025784729214074 ], [ 65.095547042984833, -38.19065673478638 ], [ 65.235054124622934, -38.39357612625998 ], [ 65.336513820359741, -38.609177979700682 ], [ 65.184324276754538, -38.774049985272988 ], [ 65.006769809215129, -38.824779833141392 ], [ 64.753120569873133, -38.647225365601983 ], [ 64.499471330531122, -38.647225365601983 ], [ 64.271187015123317, -38.697955213470387 ], [ 64.149118318690029, -38.862827219042693 ], [ 64.118997471518114, -39.05306414854919 ], [ 64.157044857419422, -39.217936154121496 ], [ 64.157044857419422, -39.357443235759597 ], [ 57.536799710593101, -39.347931389284277 ] ] ] } },
{ "type": "Feature", "properties": { "id": 50, "name": null, "type": "forest", "continent": "Sothoryos", "size": null }, "geometry": { "type": "Polygon", "coordinates": [ [ [ 67.389487351284131, -39.362199158997264 ], [ 67.427534737185425, -39.07050253375396 ], [ 67.541676894889335, -38.728076060642252 ], [ 67.681183976527436, -38.372967125563441 ], [ 67.960198139803637, -38.144682810155643 ], [ 68.327989536849543, -38.132000348188541 ], [ 68.556273852257348, -38.360284663596346 ], [ 68.607003700125745, -38.525156669168645 ], [ 68.74651078176386, -38.563204055069946 ], [ 68.936747711270357, -38.55052159310285 ], [ 69.126984640776854, -38.537839131135748 ], [ 69.241126798480764, -38.690028674740951 ], [ 69.228444336513661, -38.867583142280353 ], [ 69.29185664634916, -39.045137609819754 ], [ 69.469411113888569, -39.095867457688158 ], [ 69.60891819552667, -38.930995452115852 ], [ 69.786472663066078, -38.639298826872547 ], [ 69.786472663066078, -38.423696973431845 ], [ 69.900614820769974, -38.09395296228724 ], [ 69.925979744704179, -37.688114179340033 ], [ 70.116216674210676, -37.345687706228325 ], [ 70.382548375519775, -37.193498162623122 ], [ 70.534737919124979, -37.01594369508372 ], [ 70.534737919124979, -36.838389227544319 ], [ 70.420595761421083, -36.660834760004917 ], [ 70.217676369947483, -36.45791536853131 ], [ 70.027439440440972, -36.254995977057703 ], [ 70.027439440440972, -35.975981813781502 ], [ 69.989392054539678, -35.785744884274997 ], [ 69.887932358802871, -35.570143030834295 ], [ 69.710377891263477, -35.430635949196194 ], [ 69.469411113888569, -35.417953487229092 ], [ 69.241126798480764, -35.44331841116329 ], [ 68.949430173237459, -35.379906101327791 ], [ 68.721145857829654, -35.202351633788389 ], [ 68.568956314224451, -34.840901467726027 ], [ 68.213847379145648, -34.726759310022132 ], [ 67.808008596198434, -34.676029462153728 ], [ 67.643136590626128, -34.435062684778821 ], [ 67.490947047020924, -34.168730983469722 ], [ 67.427534737185425, -33.661432504785708 ], [ 67.338757503415735, -33.331688493641103 ], [ 67.440217199152528, -33.192181412003002 ], [ 67.693866438494538, -33.141451564134599 ], [ 67.896785829968138, -33.255593721838501 ], [ 68.061657835540444, -33.445830651345005 ], [ 68.277259688981147, -33.496560499213409 ], [ 68.480179080454747, -33.445830651345005 ], [ 68.619686162092847, -33.255593721838501 ], [ 68.784558167665153, -33.141451564134599 ], [ 68.784558167665153, -32.913167248726793 ], [ 68.607003700125745, -32.849754938891294 ], [ 68.302624612915352, -32.837072476924192 ], [ 68.188482455211442, -32.596105699549291 ], [ 68.31530707488244, -32.45659861791119 ], [ 68.568956314224451, -32.228314302503385 ], [ 68.797240629632256, -32.228314302503385 ], [ 69.063572330941355, -32.266361688404686 ], [ 69.317221570283365, -32.114172144799483 ], [ 69.532823423724068, -32.00002998709558 ], [ 69.837202510934475, -31.987347525128481 ], [ 70.014756978473869, -32.050759834963984 ], [ 70.306453603717188, -31.987347525128481 ], [ 70.509372995190787, -31.961982601194279 ], [ 70.801069620434092, -32.012712449062683 ], [ 71.016671473874794, -32.139537068733681 ], [ 71.270320713216805, -32.114172144799483 ], [ 71.562017338460109, -32.025394911029778 ], [ 71.714206882065312, -31.885887829391677 ], [ 71.777619191900811, -31.721015823819375 ], [ 71.84103150173631, -31.44200166054317 ], [ 72.02492720025927, -31.213717345135365 ], [ 72.278576439601267, -31.112257649398565 ], [ 72.646367836647173, -30.896655795957862 ], [ 73.014159233693078, -30.807878562188158 ], [ 73.179031239265385, -30.88397333399076 ], [ 73.09025400549568, -31.074210263497264 ], [ 73.09025400549568, -31.315177040872168 ], [ 72.963429385824682, -31.619556128082575 ], [ 72.925381999923374, -31.797110595621977 ], [ 72.988794309758887, -31.89857029135878 ], [ 73.29317339696928, -31.873205367424578 ], [ 73.54682263631129, -31.860522905457479 ], [ 73.914614033357196, -31.835157981523277 ], [ 74.269722968436, -31.809793057589076 ], [ 74.574102055646406, -31.708333361852276 ], [ 74.891163604823916, -31.530778894312871 ], [ 75.157495306133015, -31.251764731036666 ], [ 75.411144545475025, -31.036162877595963 ], [ 75.721864863668969, -30.931532566367387 ], [ 75.810642097438674, -30.58910609325568 ], [ 75.97551410301098, -30.195949772275572 ], [ 75.97551410301098, -29.853523299163868 ], [ 76.038926412846479, -29.51109682605216 ], [ 76.06429133678067, -29.181352814907555 ], [ 76.305258114155578, -29.016480809335253 ], [ 76.52085996759628, -28.876973727697148 ], [ 76.850603978740892, -28.800878955894547 ], [ 77.307172609556503, -28.724784184091948 ], [ 77.548139386931396, -28.712101722124846 ], [ 77.992025555779904, -28.674054336223545 ], [ 78.309087104957413, -28.636006950322244 ], [ 78.61346619216782, -28.597959564420943 ], [ 78.917845279378227, -28.610642026388046 ], [ 79.184176980687326, -28.648689412289347 ], [ 79.349048986259632, -28.775514031960348 ], [ 79.450508681996439, -28.915021113598449 ], [ 79.437826220029336, -29.092575581137854 ], [ 79.361731448226735, -29.270130048677256 ], [ 79.260271752489928, -29.396954668348258 ], [ 79.146129594786032, -29.56182667392056 ], [ 78.993940051180829, -29.764746065394167 ], [ 78.867115431509831, -29.92961807096647 ], [ 78.727608349871716, -30.107172538505871 ], [ 78.689560963970422, -30.297409468012376 ], [ 78.689560963970422, -30.500328859485979 ], [ 78.689560963970422, -30.652518403091182 ], [ 78.702243425937525, -30.830072870630584 ], [ 78.664196040036217, -31.09640457193969 ], [ 78.550053882332321, -31.413466121117196 ], [ 78.676878502003319, -31.6544328984921 ], [ 78.61346619216782, -31.895399675867004 ], [ 78.473959110529719, -32.174413839143206 ], [ 78.41054680069422, -32.428063078485209 ], [ 78.347134490858721, -32.618300007991714 ], [ 78.182262485286415, -32.871949247333724 ], [ 77.992025555779904, -33.150963410609926 ], [ 77.776423702339201, -33.353882802083533 ], [ 77.535456924964294, -33.366565264050628 ], [ 77.459362153161706, -33.265105568313828 ], [ 77.370584919392002, -33.214375720445425 ], [ 77.269125223655195, -33.277788030280931 ], [ 77.18034798988549, -33.455342497820332 ], [ 77.129618142017094, -33.607532041425536 ], [ 77.015475984313198, -33.810451432899136 ], [ 76.875968902675083, -34.00068836240564 ], [ 76.711096897102792, -34.292384987648944 ], [ 76.432082733826576, -34.533351765023852 ], [ 76.267210728254284, -34.748953618464554 ], [ 76.279893190221372, -34.951873009938154 ], [ 76.292575652188475, -35.129427477477563 ], [ 76.241845804320079, -35.306981945016965 ], [ 76.153068570550374, -35.509901336490564 ], [ 76.013561488912273, -35.700138265997069 ], [ 75.916857716413091, -35.748490152246639 ], [ 75.848689483339967, -35.801597961733876 ], [ 75.831251098135169, -35.849949847983446 ], [ 75.836007021372865, -35.890375195503573 ], [ 75.932710793871962, -35.945068312736694 ], [ 76.051608874813567, -35.991834891240373 ], [ 76.292575652188475, -36.09329458697718 ], [ 76.508177505629178, -36.207436744681083 ], [ 76.660367049234381, -36.321578902384985 ], [ 76.698414435135689, -36.476939061481957 ], [ 76.714267512594532, -36.628335951214218 ], [ 76.647684587267278, -36.768635686725268 ], [ 76.571589815464648, -36.885155806047997 ], [ 76.470130119727884, -36.971555078198868 ], [ 76.371841039482817, -37.050027811620303 ], [ 76.267210728254284, -37.098379697869873 ], [ 76.267210728254241, -37.154658122848879 ], [ 76.305258114155578, -37.212521855573776 ], [ 76.413059040875893, -37.230752894651481 ], [ 76.571589815464677, -37.212521855573776 ], [ 76.685731973168558, -37.180023046783077 ], [ 76.825239054806687, -37.174474469672475 ], [ 76.904504442101029, -37.259288434077455 ], [ 76.901333826609289, -37.339346475244774 ], [ 76.758656129479377, -37.411477977682658 ], [ 76.673049511201484, -37.491536018849978 ], [ 76.673049511201484, -37.618360638520983 ], [ 76.739632436528723, -37.700003987434187 ], [ 76.83792151677379, -37.732502796224885 ], [ 77.091570756115786, -37.681772948356482 ], [ 77.383267381359104, -37.694455410323584 ], [ 77.586186772832704, -37.821280029994583 ], [ 77.7003289305366, -38.036881883435285 ], [ 77.763741240372099, -38.227118812941789 ], [ 77.877883398076008, -38.455403128349595 ], [ 78.017390479714109, -38.556862824086394 ], [ 78.068120327582506, -38.6836874437574 ], [ 78.098241174754349, -38.786732447240091 ], [ 78.093485251516711, -38.861241911296801 ], [ 77.999952094509325, -38.904045220435769 ], [ 77.877883398076008, -38.911971759165205 ], [ 77.70191423828247, -38.948433837320614 ], [ 77.560821848898499, -39.013431454902005 ], [ 77.433997229227501, -39.14025607457301 ], [ 77.383267381359104, -39.257568847768681 ], [ 77.383267381359104, -39.359028543505488 ], [ 67.389487351284131, -39.362199158997264 ] ] ] } },
{ "type": "Feature", "properties": { "id": 51, "name": null, "type": "forest", "continent": "Sothoryos", "size": null }, "geometry": { "type": "Polygon", "coordinates": [ [ [ 62.524177879155239, -31.802659172732582 ], [ 62.625637574892039, -31.954848716337786 ], [ 62.714414808661743, -32.056308412074586 ], [ 62.828556966365646, -32.284592727482391 ], [ 63.031476357839246, -32.411417347153396 ], [ 63.209030825378647, -32.436782271087594 ], [ 63.335855445049653, -32.614336738626996 ], [ 63.361220368983851, -32.791891206166397 ], [ 63.462680064720658, -32.893350901903204 ], [ 63.57682222242456, -32.945666057517492 ], [ 63.713158688570886, -32.996395905385889 ], [ 63.893883771602063, -32.994810597640004 ], [ 63.992172851847087, -32.952007288501044 ], [ 64.058755777174369, -32.855303516001904 ], [ 64.172897934878264, -32.791891206166397 ], [ 64.325087478483468, -32.780794051945186 ], [ 64.464594560121569, -32.8045736681335 ], [ 64.591419179792581, -32.867985977968999 ], [ 64.680196413562271, -32.956763211738703 ], [ 64.807021033233283, -32.956763211738703 ], [ 64.959210576838487, -32.867985977968999 ], [ 65.035305348641089, -32.715796434363803 ], [ 65.101888273968356, -32.680919663954271 ], [ 65.174812430279189, -32.7031139723967 ], [ 65.20017735421338, -32.763355666740424 ], [ 65.187494892246292, -32.829938592067698 ], [ 65.073352734542382, -33.020175521574203 ], [ 64.971893038805575, -33.12163521731101 ], [ 64.867262727577, -33.234192067269021 ], [ 64.807021033233283, -33.375284456653013 ], [ 64.807021033233283, -33.489426614356915 ], [ 64.819703495200386, -33.5924716178396 ], [ 64.794338571266181, -33.67966354386342 ], [ 64.727755645938899, -33.719296237510605 ], [ 64.65483148962808, -33.705028467797618 ], [ 64.65483148962808, -33.640030850216228 ], [ 64.670684567086951, -33.595642233331375 ], [ 64.65483148962808, -33.514791538291114 ], [ 64.578736717825478, -33.235777375014905 ], [ 64.489959484055774, -33.083587831409709 ], [ 64.40118225028607, -33.02493144481187 ], [ 64.299722554549277, -33.007493059607107 ], [ 64.19826285881247, -33.085173139155593 ], [ 64.141191779960522, -33.167609141941746 ], [ 64.08412070110856, -33.299189684850411 ], [ 64.109485625042765, -33.438696766488512 ], [ 64.096803163075663, -33.654298619929214 ], [ 63.995343467338863, -33.730393391731816 ], [ 63.919248695536261, -33.819170625501521 ], [ 63.88120130963496, -33.895265397304122 ], [ 63.843153923733659, -33.98404263107382 ], [ 63.843153923733659, -34.085502326810627 ], [ 63.919248695536261, -34.237691870415823 ], [ 64.122168087009868, -34.288421718284226 ], [ 64.299722554549277, -34.402563875988129 ], [ 64.426547174220275, -34.529388495659134 ], [ 64.553371793891273, -34.643530653363037 ], [ 64.718243799463579, -34.668895577297235 ], [ 64.971893038805575, -34.643530653363037 ], [ 65.162129968312087, -34.516706033692031 ], [ 65.390414283719892, -34.44061126188943 ], [ 65.606016137160594, -34.402563875988129 ], [ 65.72015829486449, -34.237691870415823 ], [ 65.885030300436796, -33.98404263107382 ], [ 65.910395224371001, -33.730393391731816 ], [ 66.151362001745909, -33.705028467797618 ], [ 66.328916469285303, -33.857218011402821 ], [ 66.506470936824712, -33.793805701567315 ], [ 66.645978018462813, -33.590886310093715 ], [ 66.557200784693109, -33.426014304521409 ], [ 66.468423550923404, -33.324554608784609 ], [ 66.417693703055008, -33.15968260321231 ], [ 66.519153398791815, -33.032857983541305 ], [ 66.722072790265415, -32.9060333638703 ], [ 66.798167562068016, -32.715796434363803 ], [ 66.684025404364107, -32.576289352725695 ], [ 66.544518322726006, -32.525559504857299 ], [ 66.392328779120803, -32.487512118955998 ], [ 66.1767269256801, -32.500194580923093 ], [ 66.062584767976205, -32.398734885186293 ], [ 66.087949691910396, -32.208497955679789 ], [ 66.024537382074897, -32.068990874041688 ], [ 65.897712762403899, -31.942166254370687 ], [ 65.7708881427329, -31.840706558633883 ], [ 65.618698599127697, -31.713881938962881 ], [ 65.365049359785687, -31.675834553061581 ], [ 65.124082582410779, -31.739246862897083 ], [ 64.971893038805575, -31.866071482568085 ], [ 64.870433343068783, -31.726564400929981 ], [ 64.705561337496476, -31.612422243226078 ], [ 64.553371793891273, -31.422185313719577 ], [ 64.40118225028607, -31.320725617982774 ], [ 64.236310244713763, -31.244630846180172 ], [ 64.046073315207266, -31.155853612410471 ], [ 63.868518847667865, -31.155853612410471 ], [ 63.716329304062661, -31.003664068805268 ], [ 63.632307993530617, -30.853059832945952 ], [ 63.551457298490355, -30.750014829463264 ], [ 63.437315140786453, -30.635872671759362 ], [ 63.335855445049653, -30.635872671759362 ], [ 63.234395749312853, -30.711967443561964 ], [ 63.158300977510251, -30.851474525200068 ], [ 63.128180130338386, -30.957690144174531 ], [ 63.077450282469982, -31.059149839911331 ], [ 62.910963243316452, -31.132410971851641 ], [ 62.714414808661743, -31.371455465851174 ], [ 62.579663650261303, -31.575960165070665 ], [ 62.524177879155239, -31.802659172732582 ] ] ] } },
{ "type": "Feature", "properties": { "id": 52, "name": null, "type": "forest", "continent": "Sothoryos", "size": null }, "geometry": { "type": "Polygon", "coordinates": [ [ [ 66.148191386254126, -36.706016030762711 ], [ 66.179897541171883, -36.813816957483063 ], [ 66.249651081990933, -36.883570498302113 ], [ 66.338428315760638, -36.946982808137612 ], [ 66.395499394612585, -37.067466196825066 ], [ 66.471594166415187, -37.168925892561866 ], [ 66.471594166415187, -37.25770312633157 ], [ 66.420864318546776, -37.378186515019017 ], [ 66.408181856579688, -37.49232867272292 ], [ 66.414523087563239, -37.612812061410374 ], [ 66.357452008711277, -37.733295450097827 ], [ 66.268674774941587, -37.796707759933327 ], [ 66.186238772155434, -37.891826224686582 ], [ 66.122826462319935, -38.01865084435758 ], [ 66.179897541171883, -38.126451771077932 ], [ 66.294039698875778, -38.196205311896982 ], [ 66.414523087563239, -38.183522849929886 ], [ 66.541347707234237, -38.132793002061483 ], [ 66.68719601985589, -38.139134233045034 ], [ 66.794996946576234, -38.189864080913438 ], [ 66.883774180345938, -38.234252697798283 ], [ 67.080352340836001, -38.227911466814739 ], [ 67.207176960506999, -38.177181618946335 ], [ 67.283271732309601, -38.082063154193079 ], [ 67.372048966079305, -37.898167455670126 ], [ 67.4861911237832, -37.77768406698268 ], [ 67.593992050503559, -37.644518216328123 ], [ 67.758864056075851, -37.625494523377476 ], [ 67.917394830664605, -37.644518216328123 ], [ 68.126655453121771, -37.555740982558426 ], [ 68.158361608039513, -37.454281286821619 ], [ 68.202750224924358, -37.378186515019017 ], [ 68.291527458694063, -37.333797898134172 ], [ 68.380304692463767, -37.295750512232871 ], [ 68.450058233282817, -37.206973278463167 ], [ 68.488105619184125, -37.086489889775713 ], [ 68.475423157217023, -36.966006501088266 ], [ 68.431034540332163, -36.864546805351459 ], [ 68.386645923447318, -36.807475726499511 ], [ 68.291527458694063, -36.769428340598211 ], [ 68.126655453121771, -36.763087109614659 ], [ 68.00617206443431, -36.782110802565306 ], [ 67.822276365911364, -36.80113449551596 ], [ 67.695451746240352, -36.794793264532409 ], [ 67.638380667388404, -36.680651106828506 ], [ 67.511556047717406, -36.62992125896011 ], [ 67.384731428046408, -36.585532642075258 ], [ 67.226200653457653, -36.579191411091706 ], [ 67.067669878868898, -36.496755408305553 ], [ 66.985233876082745, -36.395295712568753 ], [ 66.890115411329489, -36.357248326667452 ], [ 66.744267098707837, -36.3128597097826 ], [ 66.611101248053288, -36.293836016831953 ], [ 66.452570473464533, -36.281153554864851 ], [ 66.338428315760638, -36.325542171749703 ], [ 66.275016005925124, -36.363589557651004 ], [ 66.186238772155434, -36.420660636502951 ], [ 66.135508924287024, -36.496755408305553 ], [ 66.148191386254126, -36.706016030762711 ] ] ] } },
{ "type": "Feature", "properties": { "id": 53, "name": null, "type": "snow", "continent": "Westeros", "size": null }, "geometry": { "type": "Polygon", "coordinates": [ [ [ 8.334770433501076, 32.196350413190011 ], [ 8.243965522177749, 32.287155324513336 ], [ 8.278890488071337, 32.350020263121799 ], [ 8.285875481250052, 32.468765147159999 ], [ 8.334770433501076, 32.503690113053587 ], [ 8.498457903342015, 32.629208856901705 ], [ 8.525219586073449, 32.689254363300911 ], [ 8.657600781779186, 32.699418950329871 ], [ 8.713814401898825, 32.814984240517823 ], [ 8.788659622845092, 32.867923174557461 ], [ 8.905676445225366, 32.942813940880839 ], [ 9.055457977872114, 32.886645866138309 ], [ 9.28013027684224, 32.835158464290984 ], [ 9.528205940288419, 32.746225679281977 ], [ 9.706071510306435, 32.680696258749023 ], [ 9.701390837411223, 32.535595398997486 ], [ 9.418797878758689, 32.606496027305418 ], [ 9.019480548690755, 32.563006021060396 ], [ 8.758540511220621, 32.483933282433078 ], [ 8.505507747613217, 32.345555989835283 ], [ 8.334770433501076, 32.196350413190011 ] ] ] } },
{ "type": "Feature", "properties": { "id": 54, "name": null, "type": "snow", "continent": "Westeros", "size": null }, "geometry": { "type": "Polygon", "coordinates": [ [ [ 22.92200462764681, 35.026282361870798 ], [ 22.842807853500336, 35.150734435529543 ], [ 22.703270680004167, 35.128106785773404 ], [ 22.673100480329321, 35.170533629066163 ], [ 22.680643030248032, 35.252558859432149 ], [ 22.763611079353861, 35.391153214188471 ], [ 22.740983429597726, 35.489206363131721 ], [ 22.673100480329321, 35.575945687196906 ], [ 22.778696179191286, 35.692855210936941 ], [ 22.823951478703556, 35.787137084920836 ], [ 22.903148252850031, 35.77582326004277 ], [ 22.98611630195586, 35.802222184758264 ], [ 22.952174827321656, 35.866333859067311 ], [ 22.978573752037146, 35.911589158579581 ], [ 23.038914151386841, 35.90404660866087 ], [ 23.189765149761079, 35.97947210784799 ], [ 23.227477899354636, 35.907817883620226 ], [ 23.385871447647585, 35.843706209311179 ], [ 23.487695871550194, 35.772051985083415 ], [ 23.548036270899889, 35.696626485896296 ], [ 23.646089419843143, 35.67777011109952 ], [ 23.668717069599278, 35.545775487522057 ], [ 23.623461770087008, 35.492977638091077 ], [ 23.638546869924429, 35.410009588985247 ], [ 23.642318144883784, 35.304413890123286 ], [ 23.695115994314769, 35.293100065245213 ], [ 23.747913843745753, 35.406238314025892 ], [ 23.819568067973513, 35.466578713375583 ], [ 23.823339342932869, 35.59480206199369 ], [ 23.721514919030259, 35.719254135652434 ], [ 23.725286193989614, 35.836163659392462 ], [ 23.740371293827039, 35.994557207685411 ], [ 23.668717069599278, 36.137865656140953 ], [ 23.766770218542529, 36.295316385694051 ], [ 23.721514919030259, 36.449938659027637 ], [ 23.785626593339309, 36.521592883255401 ], [ 23.747913843745753, 36.76295448065418 ], [ 23.672488344558634, 36.824237698743708 ], [ 23.725286193989614, 37.001487621833434 ], [ 23.827110617892224, 37.073141846061198 ], [ 23.932706316754189, 37.076913121020553 ], [ 24.011903090900663, 37.012801446711507 ], [ 24.121270064721987, 37.012801446711507 ], [ 24.170296639193612, 36.978859972077302 ], [ 24.158982814315543, 36.861950448337268 ], [ 24.272121063096222, 36.756354749475307 ], [ 24.215551938705882, 36.6281314008572 ], [ 24.388751195620653, 36.462548514562037 ], [ 24.458601127407832, 36.420638555489738 ], [ 24.522476692835081, 36.289659049671307 ], [ 24.743530433015707, 36.215176792807746 ], [ 24.796328282446691, 36.139751293620627 ], [ 24.792557007487336, 36.003985395083809 ], [ 24.713360233340861, 35.954958820612184 ], [ 24.735987883096996, 35.860676946628288 ], [ 24.769929357731201, 35.758852522725675 ], [ 24.751072982934421, 35.702283398335346 ], [ 24.668104933828591, 35.660799373782424 ], [ 24.656791108950522, 35.577831324676595 ], [ 24.690732583584726, 35.45337925101785 ], [ 24.630392184235031, 35.438294151180422 ], [ 24.508506706477647, 35.36763995008058 ], [ 24.400344411714322, 35.272358052968762 ], [ 24.389030586836252, 35.185618728903577 ], [ 24.118419989576282, 35.249502315923372 ], [ 23.810036308929757, 35.241595042060638 ], [ 23.454208985106845, 35.202058672746986 ], [ 23.114196209009396, 35.130893207982403 ], [ 22.92200462764681, 35.026282361870798 ] ] ] } },
{ "type": "Feature", "properties": { "id": 55, "name": null, "type": "wasteland", "continent": "Essos", "size": null }, "geometry": { "type": "Polygon", "coordinates": [ [ [ 52.560360023580209, -9.616873131603583 ], [ 52.623442894440537, -9.579219014888546 ], [ 52.658651938641611, -9.544009970687471 ], [ 52.686036750798003, -9.504888810464054 ], [ 52.670388286708636, -9.438382838084244 ], [ 52.639091358529903, -9.375788981726778 ], [ 52.65473982261927, -9.332755705481018 ], [ 52.713421562954402, -9.285810313212918 ], [ 52.807312347490601, -9.258425501056527 ], [ 52.901203132026801, -9.223216456855452 ], [ 53.173697798182658, -9.232866798871893 ], [ 53.561154217456497, -9.3356613590874 ], [ 53.75092879016205, -9.430548645440176 ], [ 53.845023079233158, -9.523592371306774 ], [ 53.849811387504793, -9.633723461554361 ], [ 53.80671661306009, -9.71512470217214 ], [ 53.840234770961523, -9.858773950321165 ], [ 53.761227684479564, -9.898277493562148 ], [ 53.622366744602168, -9.917430726648684 ], [ 53.593636894972363, -9.99404365899483 ], [ 53.574483661885829, -10.08502151615588 ], [ 53.512235654354583, -10.152057831958757 ], [ 53.569695353614193, -10.233459072576538 ], [ 53.555330428799294, -10.357955087639027 ], [ 53.636731669417074, -10.401049862083735 ], [ 53.66977383885488, -10.473466545882646 ], [ 53.526600579169489, -10.515969260602954 ], [ 53.426046105465169, -10.611735426035636 ], [ 53.435622722008439, -10.688348358381784 ], [ 53.520261568962816, -10.707079467589006 ], [ 53.46914087990988, -10.784114523814466 ], [ 53.359009789662295, -10.798479448629369 ], [ 53.373374714477194, -10.889457305790419 ], [ 53.268031932501245, -10.918187155420224 ], [ 53.234513774599804, -10.990011779494736 ], [ 53.268031932501245, -11.076201328384151 ], [ 53.368586406205559, -11.152814260730297 ], [ 53.342715748465999, -11.27943112576955 ], [ 53.331035102380675, -11.426607266444565 ], [ 53.430834413736804, -11.459265990114883 ], [ 53.555330428799294, -11.483207531473054 ], [ 53.584060278429099, -11.612491854807176 ], [ 53.512235654354583, -11.74895864054875 ], [ 53.478717496453143, -11.868666347339603 ], [ 53.41168118065027, -11.988374054130457 ], [ 53.464352571638244, -12.09371683610641 ], [ 53.430834413736804, -12.189483001539092 ], [ 53.33027994003249, -12.242154392527068 ], [ 53.27282024077288, -12.318767324873214 ], [ 53.244090391143075, -12.396577334287272 ], [ 53.344644864847389, -12.473190266633418 ], [ 53.483505804724778, -12.564168123794467 ], [ 53.430834413736804, -12.645569364412248 ], [ 53.416469488921905, -12.707817371943491 ], [ 53.344644864847389, -12.861043236635785 ], [ 53.277608549044515, -12.908926319352126 ], [ 53.320703323489219, -12.990327559969908 ], [ 53.500264883675484, -12.908327780818148 ], [ 53.61757843633054, -12.827525078734345 ], [ 53.65349074836778, -12.726372066496049 ], [ 53.746862759664658, -12.722182296758394 ], [ 53.847417233368979, -12.784430304289637 ], [ 53.947971707073293, -12.722182296758394 ], [ 53.991066481518004, -12.645569364412248 ], [ 54.000643098061268, -12.5545915072512 ], [ 54.158657271025199, -12.602474589967541 ], [ 54.196963737198267, -12.521073349349759 ], [ 54.225693586828072, -12.420518875645442 ], [ 54.331036368804028, -12.434883800460344 ], [ 54.436379150779977, -12.5545915072512 ], [ 54.541721932755927, -12.535438274164662 ], [ 54.666217947818417, -12.521073349349759 ], [ 54.733254263621298, -12.473190266633418 ], [ 54.771560729794366, -12.535438274164662 ], [ 54.838597045597247, -12.583321356881005 ], [ 54.852961970412153, -12.650357672683882 ], [ 54.848173662140518, -12.726970605030028 ], [ 54.884605693497605, -12.794684930511508 ], [ 54.973378603746021, -12.827390739550395 ], [ 55.108874098335697, -12.827390739550395 ], [ 55.197720165969812, -12.880196469722321 ], [ 55.365310955477007, -12.942444477253565 ], [ 55.48980697053949, -12.952021093796834 ], [ 55.504171895354396, -13.009480793056444 ], [ 55.590361444243811, -13.057363875772785 ], [ 55.705280842763031, -13.038210642686249 ], [ 55.743587308936107, -13.095670341945858 ], [ 55.734010692392836, -13.17707158256364 ], [ 55.815411933010616, -13.201013123921809 ], [ 55.83456516609715, -13.263261131453055 ], [ 55.781893775109175, -13.325509138984298 ], [ 55.767528850294276, -13.402122071330444 ], [ 55.734010692392836, -13.45479346231842 ], [ 55.641511559826178, -13.467490145025792 ], [ 55.655003605910871, -13.551756704819011 ], [ 55.789076237516625, -13.590063170992085 ], [ 55.765134696158455, -13.671464411609866 ], [ 55.846535936776235, -13.786383810129086 ], [ 55.765134696158455, -13.84863181766033 ], [ 55.779499620973361, -13.949186291364647 ], [ 55.779499620973361, -14.073682306427136 ], [ 55.674156838997405, -14.155083547044915 ], [ 55.655003605910871, -14.255638020749233 ], [ 55.578390673564726, -14.231696479391063 ], [ 55.501777741218575, -14.231696479391063 ], [ 55.391646650970991, -14.274791253835771 ], [ 55.453894658502236, -14.327462644823745 ], [ 55.401223267514261, -14.418440501984795 ], [ 55.286303868995041, -14.384922344083355 ], [ 55.204902628377262, -14.375345727540088 ], [ 55.089983229858042, -14.456746968157868 ], [ 55.046888455413331, -14.365769110996819 ], [ 55.056465071956602, -14.231696479391063 ], [ 55.022946914055161, -14.159871855316551 ], [ 54.946333981709017, -14.121565389143477 ], [ 54.922392440350848, -14.054529073340598 ], [ 54.869721049362873, -13.968339524451183 ], [ 54.761984113251103, -13.976719063926543 ], [ 54.680582872633323, -13.928835981210202 ], [ 54.665059954392255, -13.862200178010157 ], [ 54.527228330585501, -13.761746621676425 ], [ 54.422102515817649, -13.701007262032777 ], [ 54.33800186400336, -13.719696295769284 ], [ 54.225867661584317, -13.717360166552213 ], [ 54.130086363684711, -13.654284677691495 ], [ 54.017952161265669, -13.705679520466903 ], [ 53.966557318490267, -13.813141464451819 ], [ 54.008607644397415, -13.911258891568481 ], [ 54.008607644397415, -14.023393093987538 ], [ 54.064674745606936, -14.079460195197059 ], [ 54.134758622118845, -14.140199554840708 ], [ 54.290335748495117, -14.134134698356492 ], [ 54.366948680841269, -14.23468917206081 ], [ 54.395678530471073, -14.435798119469444 ], [ 54.563269319978268, -14.555505826260298 ], [ 54.630305635781149, -14.632118758606444 ], [ 54.601575786151344, -14.737461540582396 ], [ 54.577634244793167, -14.818862781200176 ], [ 54.802684733559971, -14.895475713546324 ], [ 54.893662590721021, -15.005606803793908 ], [ 54.970275523067173, -15.120526202313128 ], [ 55.123501387759461, -15.115737894041494 ], [ 55.200114320105612, -15.182774209844373 ], [ 55.157019545660901, -15.288116991820324 ], [ 55.214479244920511, -15.382686080185099 ], [ 55.137866312574367, -15.526335328334124 ], [ 55.080406613314757, -15.593371644137001 ], [ 55.046888455413317, -15.674772884754782 ], [ 54.946333981708996, -15.698714426112954 ], [ 54.946333981708996, -15.765750741915831 ], [ 55.032523530598411, -15.808845516360538 ], [ 55.027735222326783, -15.928553223151393 ], [ 55.118713079487826, -16.019531080312444 ], [ 55.056465071956588, -16.124873862288393 ], [ 55.066041688499851, -16.24936987735088 ], [ 54.979852139610436, -16.325982809697027 ], [ 54.903239207264292, -16.416960666858078 ], [ 54.908027515535927, -16.493573599204222 ], [ 54.951122289980631, -16.5462449901922 ], [ 54.955910598252267, -16.728200704514297 ], [ 54.951122289980631, -16.871849952663322 ], [ 54.845779508004682, -17.005922584269079 ], [ 54.941545673437368, -17.106477057973397 ], [ 54.912815823807563, -17.187878298591176 ], [ 55.003793680968606, -17.235761381307519 ], [ 54.999005372696978, -17.302797697110396 ], [ 54.860144432819581, -17.384198937728176 ], [ 54.807473041831607, -17.460811870074323 ], [ 54.596787477879708, -17.460811870074323 ], [ 54.491444695903752, -17.494330027975764 ], [ 54.467503154545582, -17.590096193408446 ], [ 54.381313605656167, -17.604461118223348 ], [ 54.285547440223489, -17.70022728365603 ], [ 54.223299432692244, -17.657132509211323 ], [ 54.304700673310023, -17.556578035507005 ], [ 54.261605898865312, -17.479965103160861 ], [ 54.108380034173024, -17.451235253531056 ], [ 53.993460635653804, -17.398563862543078 ], [ 53.945577552937458, -17.288432772295494 ], [ 53.940789244665829, -17.154360140689736 ], [ 53.998248943925439, -17.039440742170516 ], [ 53.969519094295634, -16.871849952663322 ], [ 53.883008932892281, -16.8161574070512 ], [ 53.864176312319678, -16.742565629329199 ], [ 53.912059395036025, -16.646799463896517 ], [ 53.993460635653804, -16.57018653155037 ], [ 53.974307402567263, -16.479208674389319 ], [ 54.050920334913414, -16.440902208216247 ], [ 54.132321575531194, -16.43132559167298 ], [ 54.122744958987923, -16.34034773451193 ], [ 54.184992966519168, -16.30682957661049 ], [ 54.285547440223489, -16.330771117968663 ], [ 54.314277289853294, -16.25894649389415 ], [ 54.213722816148973, -16.220640027721075 ], [ 54.094015109358118, -16.196698486362905 ], [ 53.974307402567263, -16.206275102906172 ], [ 53.845023079233144, -16.235004952535977 ], [ 53.701373831084119, -16.244581569079248 ], [ 53.576877816021629, -16.31640619315376 ], [ 53.440355955603266, -16.40343262370186 ], [ 53.357084038367674, -16.493110073032494 ], [ 53.261001056942, -16.544354329792856 ], [ 53.235378928561815, -16.678870503788804 ], [ 53.126484882946045, -16.730114760549167 ], [ 53.030401901520371, -16.730114760549167 ], [ 52.947129984284778, -16.704492632168986 ], [ 52.831830406573964, -16.659653907503671 ], [ 52.729341893053245, -16.576381990268082 ], [ 52.742152957243334, -16.473893476747357 ], [ 52.620447847437475, -16.352188366941498 ], [ 52.48593167344152, -16.281727513896001 ], [ 52.325793371065394, -16.217672192945546 ], [ 52.184871664974395, -16.230483257135639 ], [ 52.063166555168536, -16.18564453247032 ], [ 51.915839316982499, -16.153616871995094 ], [ 51.768512078796455, -16.172833468280231 ], [ 51.666023565275729, -16.29453857808609 ], [ 51.557129519659966, -16.307349642276183 ], [ 51.454641006139241, -16.249699853420775 ], [ 51.35855802471356, -16.198455596660413 ], [ 51.262475043287886, -16.18564453247032 ], [ 51.15998652976716, -16.198455596660413 ], [ 51.115147805101842, -16.127994743614913 ], [ 51.083120144626612, -15.948639844953648 ], [ 50.974226099010849, -15.884584524003195 ], [ 50.85252098920499, -15.929423248668511 ], [ 50.737221411494176, -15.987073037523919 ], [ 50.564272044927954, -16.063939422664461 ], [ 50.397728210456776, -16.012695165904098 ], [ 50.340078421601369, -15.910206652383376 ], [ 50.215170545747966, -15.89018936458635 ], [ 50.163926288987604, -15.909405960871485 ], [ 50.12549309641733, -16.018300006487255 ], [ 50.029410114991656, -16.031111070677344 ], [ 49.923718835423408, -16.066341497200092 ], [ 49.850055216330382, -16.079152561390185 ], [ 49.81802755585516, -16.034313836724866 ], [ 49.840446918187816, -15.976664047869461 ], [ 49.798810959570027, -15.922217025061576 ], [ 49.872474578663045, -15.826134043635898 ], [ 49.856460748425434, -15.78129531897058 ], [ 49.773188831189842, -15.733253828257741 ], [ 49.693119680001779, -15.749267658495354 ], [ 49.561806272053353, -15.746064892447832 ], [ 49.516967547388035, -15.685212337544902 ], [ 49.427290098057398, -15.630765314737017 ], [ 49.420884565962353, -15.569912759834088 ], [ 49.353626478964379, -15.53468233331134 ], [ 49.244732433348609, -15.51226297097868 ], [ 49.177474346350635, -15.435396585838138 ], [ 49.097405195162573, -15.380949563030253 ], [ 48.991713915594325, -15.393760627220344 ], [ 48.886022636026077, -15.380949563030253 ], [ 48.886022636026077, -15.288069347652097 ], [ 48.892428168121121, -15.182378068083851 ], [ 48.873515771520431, -15.085771330656094 ], [ 48.82837284717067, -15.073484022468081 ], [ 48.775398344403762, -14.959620352934671 ], [ 48.667936400418846, -14.856830667383882 ], [ 48.686625434155353, -14.782074532437839 ], [ 48.625886074511698, -14.718999043577135 ], [ 48.679617046504163, -14.609200970375149 ], [ 48.729087099697466, -14.45134671773681 ], [ 48.882819869978555, -14.374480332596267 ], [ 48.844386677408281, -14.307222245598291 ], [ 48.729087099697466, -14.323236075835906 ], [ 48.642612416414359, -14.310425011645815 ], [ 48.551129939565669, -14.286815138420387 ], [ 48.444040921467952, -14.275194585123065 ], [ 48.344755173994756, -14.304019479550769 ], [ 48.210238999998801, -14.438535653546719 ], [ 48.027681335290012, -14.460955015879378 ], [ 47.982842610624701, -14.569849061495146 ], [ 47.862738883842603, -14.573852519054553 ], [ 47.779466966607018, -14.650718904195095 ], [ 47.683383985181337, -14.695557628860412 ], [ 47.574489939565566, -14.689152096765367 ], [ 47.536285025379236, -14.823892899136338 ], [ 47.510342090437106, -14.924346029357952 ], [ 47.433568233474574, -15.02223976570772 ], [ 47.465595893949796, -15.124728279228444 ], [ 47.523790092782306, -15.206754078607176 ], [ 47.369138065812493, -15.260546087987981 ], [ 47.362414064639893, -15.408474113785193 ], [ 47.260621777765742, -15.435958754006959 ], [ 47.295174052913886, -15.677434160689215 ], [ 47.254830045878286, -15.832086187659028 ], [ 47.093454017735873, -15.663986158344013 ], [ 47.093454017735873, -15.4891621278564 ], [ 47.019490004837266, -15.395026111439991 ], [ 47.012766003664666, -15.132790065708569 ], [ 47.039662008355066, -14.904174025840151 ], [ 47.140522025944072, -14.810038009423744 ], [ 47.160694029461872, -14.655385982453931 ], [ 47.086730016563273, -14.514181957829319 ], [ 47.220907581075657, -14.375356089460153 ], [ 47.292223209501813, -14.188601704946356 ], [ 47.241382043533079, -14.008200869591128 ], [ 47.342242061122093, -13.873720846139117 ], [ 47.508251474774475, -13.859071532489123 ], [ 47.584306103335713, -13.705620816824103 ], [ 47.557410098645306, -13.598036798062495 ], [ 47.71206212561512, -13.463556774610483 ], [ 47.806198142031526, -13.329076751158473 ], [ 48.014642178382147, -13.194596727706461 ], [ 48.063391186883479, -13.066420455353757 ], [ 48.139876700221805, -13.008425945240075 ], [ 48.222245714586158, -13.016830946705827 ], [ 48.287804726019019, -12.981529940549674 ], [ 48.346639736279272, -12.914289928823669 ], [ 48.422284749471025, -12.929418931462019 ], [ 48.502972763542232, -12.81679191182096 ], [ 48.612237782596992, -12.81679191182096 ], [ 48.727386302677807, -12.757536651487426 ], [ 48.739993804876406, -12.682311888368949 ], [ 48.633250286261401, -12.629780629208014 ], [ 48.623164284502494, -12.420496092710822 ], [ 48.717300300918907, -12.296102071017712 ], [ 48.858504325543514, -12.168346048738302 ], [ 48.915658335510621, -12.047314027631492 ], [ 48.875314328475021, -11.936368008283583 ], [ 48.989622348409227, -11.835507990694575 ], [ 48.935830339028421, -11.670769961965862 ], [ 49.121219943532836, -11.648538963936323 ], [ 49.305479492991992, -11.608873708729694 ], [ 49.411106625595217, -11.577576780550961 ], [ 49.49717317808674, -11.554104084416911 ], [ 49.548030686377182, -11.511070808171153 ], [ 49.548030686377182, -11.444564835791343 ], [ 49.555854918421865, -11.381970979433877 ], [ 49.630185122846356, -11.358498283299827 ], [ 49.661482051025089, -11.299816542964701 ], [ 49.696691095226164, -11.248959034674259 ], [ 49.771021299650656, -11.272431730808309 ], [ 49.935330172589005, -11.174628830249768 ], [ 49.931418056566663, -11.268519614785967 ], [ 49.860999968164514, -11.335025587165777 ], [ 49.712339559315531, -11.464125415903052 ], [ 49.739724371471922, -11.511070808171153 ], [ 49.810713843986697, -11.546203184620516 ], [ 49.819052606201687, -11.642098950092837 ], [ 49.782757647717681, -11.714500841332921 ], [ 49.743636487494264, -11.745797769511654 ], [ 49.718987459621886, -11.808874194392509 ], [ 49.760681270696807, -11.821382337714986 ], [ 49.755372835561289, -11.865117308193076 ], [ 49.739724371471922, -11.908150584438834 ], [ 49.735812255449581, -11.951183860684594 ], [ 49.782757647717681, -11.986392904885669 ], [ 49.794493995784705, -12.052898877265477 ], [ 49.798406111807047, -12.135053313734653 ], [ 49.771021299650656, -12.232856214293196 ], [ 49.716251675337872, -12.244592562360221 ], [ 49.677130515114456, -12.279801606561296 ], [ 49.649745702958064, -12.330659114851738 ], [ 49.645833586935723, -12.401077203253889 ], [ 49.638009354891039, -12.459758943589014 ], [ 49.610624542734648, -12.506704335857114 ], [ 49.622360890801673, -12.557561844147557 ], [ 49.626273006824015, -12.624067816527365 ], [ 49.583239730578256, -12.663188976750783 ], [ 49.575904513036349, -12.702554644225597 ], [ 49.590574948120128, -12.72309325334289 ], [ 49.614047644254178, -12.727005369365232 ], [ 49.651212746466427, -12.727983398370817 ], [ 49.67370741359489, -12.731895514393159 ], [ 49.681531645639573, -12.751456094504867 ], [ 49.674685442600477, -12.773950761633332 ], [ 49.657080920499936, -12.794489370750625 ], [ 49.628718079337965, -12.794489370750625 ], [ 49.615025673259765, -12.81698403787909 ], [ 49.622849905304449, -12.865396473655569 ], [ 49.62676202132679, -12.939726678080062 ], [ 49.556343932924641, -12.974935722281137 ], [ 49.474189496455466, -13.010144766482211 ], [ 49.438980452254391, -13.057090158750311 ], [ 49.411595640098, -13.131420363174804 ], [ 49.352913899762875, -13.190102103509929 ], [ 49.255110999204334, -13.213574799643979 ], [ 49.172956562735159, -13.272256539979105 ], [ 49.106450590355344, -13.366147324515307 ], [ 48.996911341729778, -13.432653296895115 ], [ 48.914756905260603, -13.518719849386633 ], [ 49.039944617975536, -13.487422921207898 ], [ 49.192517142846867, -13.409180600761065 ], [ 49.333353319651167, -13.350498860425938 ], [ 49.442892568276733, -13.303553468157839 ], [ 49.544607584857616, -13.244871727822714 ], [ 49.607201441215082, -13.143156711241829 ], [ 49.685443761661915, -13.119684015107779 ], [ 49.783246662220463, -13.123596131130121 ], [ 49.818455706421538, -13.014056882504553 ], [ 49.955379767203496, -12.974935722281137 ], [ 50.064919015829062, -12.955375142169428 ], [ 50.15489768434292, -12.91625398194601 ], [ 50.20184307661102, -12.865396473655569 ], [ 50.162721916387603, -12.716736064806584 ], [ 50.194018844566337, -12.626757396292726 ], [ 50.170546148432287, -12.462448523354373 ], [ 50.182282496499312, -12.364645622795832 ], [ 50.237052120812095, -12.298139650416022 ], [ 50.287909629102536, -12.231633678036214 ], [ 50.315294441258928, -12.122094429410646 ], [ 50.299645977169561, -12.008643064762737 ], [ 50.244876352856778, -11.989082484651028 ], [ 50.158809800365262, -11.977346136584003 ], [ 50.13142498820887, -11.89910381613717 ], [ 50.174458264454628, -11.820861495690336 ], [ 50.244876352856778, -11.596892853411275 ], [ 50.327030789325953, -11.38172647218248 ], [ 50.370064065571718, -11.217417599244129 ], [ 50.327030789325953, -11.178296439020713 ], [ 50.366151949549376, -11.064845074372803 ], [ 50.409185225795134, -10.935745245635527 ], [ 50.503076010331334, -10.92009678154616 ], [ 50.600878910889875, -10.865327157233377 ], [ 50.606747084923391, -10.786106807780957 ], [ 50.673253057303199, -10.758721995624565 ], [ 50.755407493772374, -10.719600835401149 ], [ 50.774968073884082, -10.543555614395773 ], [ 50.814089234107499, -10.418367901680838 ], [ 50.868858858420282, -10.312740769077612 ], [ 50.957293648546973, -10.237017516868065 ], [ 51.076201007604396, -10.191465172385019 ], [ 51.156399386062404, -10.091706213815307 ], [ 51.250290170598603, -10.025200241435499 ], [ 51.328532491045436, -9.935221572921639 ], [ 51.398950579447586, -9.896100412698223 ], [ 51.465456551827394, -9.860891368497148 ], [ 51.539786756251893, -9.868715600541831 ], [ 51.555435220341259, -9.782649048050313 ], [ 51.598468496587017, -9.743527887826897 ], [ 51.551523104318917, -9.70440672760348 ], [ 51.547610988296576, -9.590955362955571 ], [ 51.582820032497651, -9.540097854665129 ], [ 51.641501772832775, -9.547922086709812 ], [ 51.7001835131679, -9.465767650240636 ], [ 51.743216789413658, -9.391437445816145 ], [ 51.805810645771125, -9.35622840161507 ], [ 51.856668154061566, -9.301458777302285 ], [ 51.989680098821182, -9.26624973310121 ], [ 52.091395115402065, -9.227128572877794 ], [ 52.165725319826564, -9.180183180609692 ], [ 52.263528220385105, -9.188007412654375 ], [ 52.333946308787255, -9.207567992766085 ], [ 52.412188629234088, -9.223216456855452 ], [ 52.517815761837312, -9.211480108788427 ], [ 52.56084903808307, -9.258425501056527 ], [ 52.623442894440537, -9.26624973310121 ], [ 52.576497502172437, -9.321019357413993 ], [ 52.580409618194778, -9.383613213771461 ], [ 52.599970198306487, -9.465767650240636 ], [ 52.58432173421712, -9.524449390575763 ], [ 52.560360023580209, -9.616873131603583 ] ] ] } },
{ "type": "Feature", "properties": { "id": 56, "name": null, "type": "wasteland", "continent": "Essos", "size": null }, "geometry": { "type": "Polygon", "coordinates": [ [ [ 46.432721874743464, -15.667590422347333 ], [ 46.212459694248288, -15.725050121606943 ], [ 46.11669352881561, -15.887852602842504 ], [ 46.193306461161754, -16.017136926176626 ], [ 46.220802448637137, -16.22535733002092 ], [ 46.236401235606465, -16.371471738277553 ], [ 46.107116912272339, -16.443296362352065 ], [ 46.11669352881561, -16.539062527784751 ], [ 46.226824619063194, -16.606098843587628 ], [ 46.313014167952609, -16.740171475193385 ], [ 46.32259078449588, -16.845514257169334 ], [ 46.304622366781743, -16.937826634250108 ], [ 46.269919393507898, -17.041834896306337 ], [ 46.308225859680974, -17.190272452726994 ], [ 46.262712407709444, -17.51059607490496 ], [ 46.202883077705025, -17.635585121988971 ], [ 46.255554468692999, -17.693044821248581 ], [ 46.255554468692999, -17.860635610755779 ], [ 46.346532325854049, -17.831905761125974 ], [ 46.418356949928558, -17.740927903964923 ], [ 46.456663416101634, -17.616431888902436 ], [ 46.423145258200194, -17.515877415198119 ], [ 46.514172162143268, -17.356926224973158 ], [ 46.504546498817973, -17.276462001616409 ], [ 46.624254205608828, -17.271673693344777 ], [ 46.633830822152099, -17.132812753467384 ], [ 46.710443754498243, -17.046623204577969 ], [ 46.595524355979023, -16.926915497787117 ], [ 46.595524355979023, -16.773689633094822 ], [ 46.629042513880464, -16.62046376840253 ], [ 46.633830822152099, -16.50554436988331 ], [ 46.566794506349218, -16.400201587907357 ], [ 46.480604957459803, -16.352318505191018 ], [ 46.430352243998662, -16.253297302735795 ], [ 46.499758190546338, -16.079384933707871 ], [ 46.49496988227471, -15.911794144200675 ], [ 46.447086799558363, -15.801663053953089 ], [ 46.528474234638047, -15.707988316896659 ], [ 46.432721874743464, -15.667590422347333 ] ] ] } },
{ "type": "Feature", "properties": { "id": 57, "name": null, "type": "wasteland", "continent": "Essos", "size": null }, "geometry": { "type": "Polygon", "coordinates": [ [ [ 48.257067326236083, -16.327179886764906 ], [ 48.084688228457253, -16.322391578493271 ], [ 48.003286987839473, -16.475617443185563 ], [ 47.806966348702474, -16.571383608618248 ], [ 47.749506649442864, -16.638419924421125 ], [ 47.7542949577145, -16.738974398125443 ], [ 47.773448190801034, -16.853893796644662 ], [ 47.773448190801034, -16.959236578620612 ], [ 47.67289371709672, -16.95444827034898 ], [ 47.663317100553449, -17.074155977139831 ], [ 47.610645709565475, -17.165133834300882 ], [ 47.514879544132789, -17.203440300473954 ], [ 47.50051461931789, -17.361454473437881 ], [ 47.629798942652009, -17.394972631339321 ], [ 47.629798942652009, -17.548198496031613 ], [ 47.608834573129307, -17.662901659898491 ], [ 47.49093800277462, -17.653541278007562 ], [ 47.46699646141645, -17.81155545097149 ], [ 47.380806912527035, -17.931263157762345 ], [ 47.198851198204935, -17.964781315663782 ], [ 47.03126040869774, -18.007876090108489 ], [ 47.028866254561919, -18.187437650294772 ], [ 46.966618247030681, -18.340663514987064 ], [ 46.890005314684529, -18.460371221777915 ], [ 46.937888397400876, -18.556137387210601 ], [ 46.928311780857605, -18.642326936100016 ], [ 46.861275465054725, -18.723728176717795 ], [ 46.77508591616531, -18.714151560174525 ], [ 46.75114437480714, -18.838647575237015 ], [ 46.741567758263869, -19.020603289559112 ], [ 46.703261292090801, -19.183405770794671 ], [ 46.69368467554753, -19.327055018943696 ], [ 46.789450840980216, -19.384514718203306 ], [ 46.837333923696555, -19.465915958821085 ], [ 46.80860407406675, -19.652659981414818 ], [ 46.86606377332636, -19.786732613020575 ], [ 46.966618247030681, -19.772367688205673 ], [ 47.024077946290291, -19.858557237095088 ], [ 46.961829938759045, -19.95432340252777 ], [ 47.043231179376825, -20.040512951417185 ], [ 47.153362269624409, -20.16022065820804 ], [ 47.177303810982579, -20.337388064258501 ], [ 47.119844111722969, -20.375694530431574 ], [ 47.124632419994605, -20.447519154506086 ], [ 47.258705051600359, -20.686934568087796 ], [ 47.258705051600359, -20.801853966607013 ], [ 47.402354299749383, -20.82100719969355 ], [ 47.488543848638798, -20.911985056854601 ], [ 47.550791856170044, -20.701299492902699 ], [ 47.555580164441679, -20.600745019198381 ], [ 47.485680054380182, -20.531825637299765 ], [ 47.474178923823899, -20.375694530431574 ], [ 47.407142608021019, -20.346964680801769 ], [ 47.431084149379188, -20.232045282282552 ], [ 47.469390615552264, -20.064454492775354 ], [ 47.531638623083509, -19.949535094256134 ], [ 47.598674938886383, -19.853768928823452 ], [ 47.680076179504169, -19.892075394996528 ], [ 47.742324187035408, -19.863345545366723 ], [ 47.751900803578678, -19.748426146847503 ], [ 47.780630653208483, -19.633506748328283 ], [ 47.680076179504162, -19.465915958821089 ], [ 47.684864487775798, -19.350996560301869 ], [ 47.818937119381559, -19.279171936227357 ], [ 47.917097438950059, -19.190588233202124 ], [ 48.079899920185618, -19.248047932461734 ], [ 48.228337476606278, -19.224106391103565 ], [ 48.400716574385108, -19.190588233202124 ], [ 48.448599657101447, -19.123551917399247 ], [ 48.664073529324988, -19.13791684221415 ], [ 48.750263078214402, -19.11397530085598 ], [ 48.759839694757666, -19.018209135423294 ], [ 48.889124018091792, -18.903289736904075 ], [ 49.147692664760037, -18.864983270731003 ], [ 49.109386198586961, -18.769217105298321 ], [ 48.932218792536496, -18.654297706779101 ], [ 49.051926499327351, -18.529801691716614 ], [ 49.152480973031672, -18.414882293197394 ], [ 49.185999130933105, -18.242503195418564 ], [ 49.123751123401867, -18.146737029985882 ], [ 49.181210822661477, -17.964781315663782 ], [ 49.13332773994513, -17.940839774305612 ], [ 48.975313566981207, -18.007876090108489 ], [ 48.941795409079766, -17.912109924675807 ], [ 48.721533228584597, -17.825920375786392 ], [ 48.649708604510081, -17.940839774305612 ], [ 48.582672288707208, -17.940839774305612 ], [ 48.467752890187988, -17.955204699120515 ], [ 48.515786966071005, -18.040705517704279 ], [ 48.520424281175963, -18.175466879615687 ], [ 48.429446424014913, -18.228138270603662 ], [ 48.424658115743277, -18.304751202949809 ], [ 48.348147129781786, -18.375985190282716 ], [ 48.166089469075033, -18.419670601469026 ], [ 48.075111611913989, -18.481918609000271 ], [ 48.032016837469278, -18.323904436036344 ], [ 48.070323303642354, -18.175466879615687 ], [ 48.213972551791379, -18.050970864553197 ], [ 48.180454393889939, -17.95999300739215 ], [ 48.194819318704837, -17.840285300601295 ], [ 48.276220559322617, -17.773248984798418 ], [ 48.309738717224057, -17.620023120106126 ], [ 48.309738717224057, -17.490738796772003 ], [ 48.371986724755303, -17.327936315536441 ], [ 48.534789205990862, -17.270476616276831 ], [ 48.563519055620667, -17.184287067387416 ], [ 48.534789205990862, -17.069367668868196 ], [ 48.553942439077403, -16.949659962077344 ], [ 48.597037213522107, -16.86347041318793 ], [ 48.539577514262497, -16.734186089853807 ], [ 48.371986724755303, -16.676726390594197 ], [ 48.348045183397133, -16.557018683803346 ], [ 48.228337476606278, -16.456464210099028 ], [ 48.257067326236083, -16.327179886764906 ] ] ] } },
{ "type": "Feature", "properties": { "id": 58, "name": null, "type": "wasteland", "continent": "Essos", "size": null }, "geometry": { "type": "Polygon", "coordinates": [ [ [ 46.329773246903329, -20.012980178855333 ], [ 46.439904337150921, -20.094381419473113 ], [ 46.617071743201379, -20.162614812343897 ], [ 46.56918866048504, -20.277534210863116 ], [ 46.645801592831184, -20.445125000370314 ], [ 46.779874224436945, -20.459489925185217 ], [ 46.822968998881649, -20.521737932716459 ], [ 46.913946856042699, -20.722846880125093 ], [ 46.952253322215775, -20.823401353829411 ], [ 46.870852081597995, -20.957473985435168 ], [ 46.947465013944139, -21.043663534324583 ], [ 47.086325953821529, -21.038875226052948 ], [ 47.100690878636435, -21.101123233584193 ], [ 47.081537645549894, -21.211254323831778 ], [ 47.17231675138158, -21.279325750459737 ], [ 47.0959025703648, -21.335750338894265 ], [ 47.143785653081139, -21.388421729882243 ], [ 47.311376442588333, -21.412363271240412 ], [ 47.411930916292654, -21.402786654697145 ], [ 47.440660765922459, -21.48897620358656 ], [ 47.502908773453697, -21.60389560210578 ], [ 47.378412758391214, -21.766698083341339 ], [ 47.512485389996968, -21.872040865317292 ], [ 47.335317983946503, -21.995339803311875 ], [ 47.258705051600359, -22.111456278898999 ], [ 47.134209036537868, -22.144974436800439 ], [ 47.105479186908063, -22.058784887911024 ], [ 46.947465013944139, -22.030055038281219 ], [ 46.928311780857605, -21.953442105935071 ], [ 47.024077946290284, -21.923515179237363 ], [ 47.028866254561919, -21.822960705533045 ], [ 47.019289638018648, -21.684099765655656 ], [ 47.081537645549894, -21.621851758124411 ], [ 47.052807795920089, -21.502144051333556 ], [ 46.928311780857605, -21.425531118987411 ], [ 46.803815765795115, -21.248363712936946 ], [ 46.72720283344897, -21.123867697874459 ], [ 46.540458810855235, -21.080772923429752 ], [ 46.439904337150921, -20.994583374540337 ], [ 46.420751104064379, -20.83656920157641 ], [ 46.320196630360066, -20.72164980305719 ], [ 46.358503096533134, -20.654613487254309 ], [ 46.51172896122543, -20.68813164515575 ], [ 46.516517269497065, -20.587577171451432 ], [ 46.459057570237455, -20.525329163920187 ], [ 46.473422495052354, -20.396044840586065 ], [ 46.39680956270621, -20.362526682684628 ], [ 46.277101855915355, -20.386468224042797 ], [ 46.25794862282882, -20.314643599968285 ], [ 46.114299374679796, -20.290702058610115 ], [ 46.10951106640816, -20.209300817992332 ], [ 46.253160314557185, -20.156629427004358 ], [ 46.329773246903329, -20.012980178855333 ] ] ] } },
{ "type": "Feature", "properties": { "id": 59, "name": null, "type": "wasteland", "continent": "Essos", "size": null }, "geometry": { "type": "Polygon", "coordinates": [ [ [ 48.407899036792557, -19.567667509593313 ], [ 48.489300277410337, -19.677798599840898 ], [ 48.565913209756481, -19.68258690811253 ], [ 48.537183360126676, -19.893272472064435 ], [ 48.604219675929556, -19.984250329225482 ], [ 48.527606743583412, -20.099169727744702 ], [ 48.45720533833051, -20.224429688555883 ], [ 48.460570427780532, -20.305066983424972 ], [ 48.609007984201192, -20.396044840586018 ], [ 48.534040263296404, -20.48985942934716 ], [ 48.575489826299751, -20.702496569970606 ], [ 48.427052269879091, -20.745591344415313 ], [ 48.393534111977651, -20.855722434662898 ], [ 48.288191330001702, -20.908393825650872 ], [ 48.259461480371897, -21.013736607626825 ], [ 48.338460454292317, -21.062628870001998 ], [ 48.316921179631507, -21.176539088862384 ], [ 48.235519939013727, -21.463837585160434 ], [ 48.149330390124312, -21.526085592691679 ], [ 48.106235615679601, -21.387224652814286 ], [ 48.139753773581042, -21.181327397134019 ], [ 48.058352532963262, -21.032889840713359 ], [ 48.029622683333457, -20.903605517379237 ], [ 47.900338359999338, -20.803051043674923 ], [ 47.972162984073847, -20.630671945896093 ], [ 48.029622683333457, -20.520540855648505 ], [ 47.996104525432017, -20.439139615030726 ], [ 47.996104525432017, -20.367314990956213 ], [ 48.072717457778168, -20.252395592436994 ], [ 48.067929149506533, -20.080016494658164 ], [ 48.149330390124312, -20.041710028485092 ], [ 48.106235615679601, -19.926790629965872 ], [ 48.020046066790187, -19.907637396879338 ], [ 47.981739600617118, -19.840601081076457 ], [ 48.072717457778168, -19.768776457001945 ], [ 48.125388848766143, -19.649068750211093 ], [ 48.249884863828626, -19.582032434408212 ], [ 48.407899036792557, -19.567667509593313 ] ] ] } },
{ "type": "Feature", "properties": { "id": 60, "name": null, "type": "wasteland", "continent": "Essos", "size": null }, "geometry": { "type": "Polygon", "coordinates": [ [ [ 49.270386933372905, -16.499324730228484 ], [ 49.158627042513423, -16.506309723407202 ], [ 49.151642049334711, -16.625054607445396 ], [ 49.047138191055716, -16.694682546612828 ], [ 49.085444657228791, -16.833543486490218 ], [ 49.061503115870622, -16.96282780982434 ], [ 48.989678491796106, -17.063382283528657 ], [ 49.023196649697546, -17.173513373776242 ], [ 49.152480973031672, -17.125630291059899 ], [ 49.137672062977281, -17.058124184525884 ], [ 49.243458830192715, -16.96282780982434 ], [ 49.291341912909061, -16.828755178218582 ], [ 49.262612063279256, -16.718624087970998 ], [ 49.291341912909061, -16.618069614266677 ], [ 49.270386933372905, -16.499324730228484 ] ] ] } },
{ "type": "Feature", "properties": { "id": 61, "name": null, "type": "wasteland", "continent": "Essos", "size": null }, "geometry": { "type": "Polygon", "coordinates": [ [ [ 50.389456522638675, -17.089465332164199 ], [ 50.599747148133112, -17.031659741229142 ], [ 50.733819779738866, -17.031659741229142 ], [ 50.820009328628281, -17.055601282587311 ], [ 50.95887026850567, -17.108272673575289 ], [ 50.92535211060423, -17.199250530736336 ], [ 50.858315794801356, -17.237556996909412 ], [ 50.700301621837426, -17.266286846539217 ], [ 50.65488626342993, -17.354895072955475 ], [ 50.529156386213025, -17.410775018385198 ], [ 50.475251133070621, -17.524855493207461 ], [ 50.389061584181206, -17.658928124813215 ], [ 50.187952636772572, -17.644563199998313 ], [ 50.101763087883157, -17.577526884195436 ], [ 50.235835719488911, -17.524855493207461 ], [ 50.331601884921596, -17.409936094688241 ], [ 50.403426508996105, -17.271075154810848 ], [ 50.350755118008131, -17.151367448019997 ], [ 50.389456522638675, -17.089465332164199 ] ] ] } },
{ "type": "Feature", "properties": { "id": 62, "name": null, "type": "wasteland", "continent": "Essos", "size": null }, "geometry": { "type": "Polygon", "coordinates": [ [ [ 49.830026593467906, -18.149131184121696 ], [ 49.75820196939339, -18.211379191652942 ], [ 49.786931819023195, -18.321510281900526 ], [ 49.739048736306856, -18.378969981160136 ], [ 49.710318886677051, -18.43164137214811 ], [ 49.743837044578491, -18.522619229309161 ], [ 49.844391518282805, -18.575290620297135 ], [ 49.858756443097711, -18.651903552643283 ], [ 49.739048736306856, -18.71893986844616 ], [ 49.686377345318881, -18.814706033878842 ], [ 49.676800728775611, -18.915260507583159 ], [ 49.523574864083322, -19.082851297090357 ], [ 49.576246255071297, -19.145099304621599 ], [ 49.58582287161456, -19.283960244498989 ], [ 49.638494262602535, -19.346208252030234 ], [ 49.734260428035221, -19.283960244498989 ], [ 49.786931819023195, -19.341419943758599 ], [ 49.777355202479932, -19.470704267092721 ], [ 49.719895503220322, -19.590411973883576 ], [ 49.753413661121755, -19.696951832927432 ], [ 49.892274600999151, -19.711316757742335 ], [ 49.98804076643183, -19.763988148730313 ], [ 50.011982307789999, -19.850177697619728 ], [ 49.916216142357321, -19.826236156261555 ], [ 49.810873360381365, -19.83102446453319 ], [ 49.806085052109736, -19.97946202095385 ], [ 49.748625352850127, -20.065651569843261 ], [ 49.628917646059271, -20.194935893177384 ], [ 49.604976104701102, -20.309855291696604 ], [ 49.710318886677051, -20.434351306759091 ], [ 49.815661668653, -20.520540855648505 ], [ 49.815661668653, -20.745591344415313 ], [ 49.892274600999151, -20.788686118860021 ], [ 49.858756443097711, -20.923955827533682 ], [ 49.729472119763585, -21.005357068151461 ], [ 49.753413661121755, -21.144218008028854 ], [ 49.743837044578491, -21.3465240325054 ], [ 49.576246255071297, -21.509326513740959 ], [ 49.566669638528026, -21.643399145346716 ], [ 49.566669638528026, -21.796625010039008 ], [ 49.557093021984755, -21.911544408558228 ], [ 49.442173623465536, -21.954639183002936 ], [ 49.437385315193907, -22.208419521399545 ], [ 49.446961931737171, -22.390375235721642 ], [ 49.327254224946316, -22.538812792142302 ], [ 49.470903473095341, -22.653732190661522 ], [ 49.662435803960712, -22.648943882389887 ], [ 49.686377345318881, -22.759074972637471 ], [ 49.625326414855557, -22.83628644351765 ], [ 49.614552721244365, -22.893147604243229 ], [ 49.673209497571897, -22.908111067592163 ], [ 49.730669196831506, -22.960782458580137 ], [ 49.90663952581405, -22.979337153132644 ], [ 49.998814460043022, -22.927264300678701 ], [ 50.094580625475707, -22.888957834505625 ], [ 50.195135099180021, -22.922475992407065 ], [ 50.305266189427606, -22.946417533765235 ], [ 50.437449960614558, -22.921038530176073 ], [ 50.539893294737681, -22.879381217962358 ], [ 50.611717918812197, -22.884169526233993 ], [ 50.654812693256901, -22.932052608950332 ], [ 50.646999755976083, -23.004858448320686 ], [ 50.750578858689586, -23.018242157839747 ], [ 50.831980099307366, -23.104431706729162 ], [ 50.940369469482228, -23.158528298252474 ], [ 51.037877354987636, -23.133161556358967 ], [ 51.061818896345805, -23.051760315741188 ], [ 51.100125362518881, -23.00866554129648 ], [ 51.109701979062145, -22.946417533765235 ], [ 51.176738294865025, -22.865016293147455 ], [ 51.306022618199144, -22.884169526233993 ], [ 51.449671866348169, -22.83628644351765 ], [ 51.473613407706345, -22.702213811911893 ], [ 51.622050964126998, -22.702213811911893 ], [ 51.736970362646218, -22.683060578825359 ], [ 51.851889761165438, -22.577717796849406 ], [ 51.894984535610149, -22.453221781786919 ], [ 51.918926076968319, -22.376608849440771 ], [ 52.024268858944268, -22.323937458452797 ], [ 52.009903934129369, -22.237747909563382 ], [ 51.918926076968319, -22.218594676476844 ], [ 51.885407919066878, -22.285630992279721 ], [ 51.81358329499237, -22.247324526106649 ], [ 51.832736528078904, -22.156346668945599 ], [ 51.784853445362565, -22.079733736599454 ], [ 51.713028821288049, -22.103675277957624 ], [ 51.684298971658244, -21.964814338080235 ], [ 51.784853445362565, -21.921719563635527 ], [ 51.751335287461124, -21.829544629406573 ], [ 51.602897731040464, -21.819968012863303 ], [ 51.58374449795393, -21.714625230887354 ], [ 51.516708182151049, -21.647588915084473 ], [ 51.392212167088559, -21.638012298541206 ], [ 51.334752467828949, -21.556611057923426 ], [ 51.35390570091549, -21.460844892490741 ], [ 51.449671866348169, -21.475209817305643 ], [ 51.459248482891439, -21.412961809774401 ], [ 51.368270625730389, -21.331560569156618 ], [ 51.358694009187126, -21.259735945082106 ], [ 51.282081076840974, -21.125663313476352 ], [ 51.329964159557321, -21.082568539031644 ], [ 51.339540776100584, -20.977225757055692 ], [ 51.29644600165588, -20.867094666808107 ], [ 51.34432908437222, -20.76654019310379 ], [ 51.483190024249609, -20.76654019310379 ], [ 51.631627580670269, -20.838364817178302 ], [ 51.736970362646218, -20.910189441252815 ], [ 51.804006678449099, -20.910189441252815 ], [ 51.885407919066878, -20.900612824709544 ], [ 51.938079310054853, -20.857518050264837 ], [ 52.014692242401004, -20.847941433721569 ], [ 52.048210400302445, -20.905401132981179 ], [ 52.110458407833683, -20.914977749524446 ], [ 52.143976565735123, -20.857518050264837 ], [ 52.211012881538004, -20.785693426190324 ], [ 52.232560268760366, -20.665985719399472 ], [ 52.172706415364928, -20.589372787053325 ], [ 52.227771960488731, -20.488818313349007 ], [ 52.285231659748341, -20.38826383964469 ], [ 52.342691359007951, -20.244614591495665 ], [ 52.304384892834875, -20.172789967421153 ], [ 52.277170780266538, -20.085106680888778 ], [ 52.313961509378146, -19.995622561370691 ], [ 52.304384892834875, -19.895068087666374 ], [ 52.256501810118536, -19.813666847048591 ], [ 52.199042110858926, -19.914221320752908 ], [ 52.132005795056045, -19.933374553839446 ], [ 52.079334404068071, -20.024352411000496 ], [ 52.0697577875248, -20.15842504260625 ], [ 51.916531922832512, -20.244614591495665 ], [ 51.844707298757996, -20.244614591495665 ], [ 51.772882674683487, -20.239826283224033 ], [ 51.71183174422012, -20.173388505955035 ], [ 51.592124037429272, -20.13508203978196 ], [ 51.544240954712926, -19.977067866818032 ], [ 51.568182496071103, -19.876513393113715 ], [ 51.491569563724951, -19.819053693854109 ], [ 51.477204638910052, -19.699345987063253 ], [ 51.371861856934096, -19.646674596075279 ], [ 51.362285240390833, -19.550908430642593 ], [ 51.467628022366782, -19.550908430642593 ], [ 51.529876029898027, -19.483872114839716 ], [ 51.510722796811493, -19.330646250147424 ], [ 51.550731489679904, -19.218967526727802 ], [ 51.620853887059077, -19.148690535825327 ], [ 51.788444676566272, -19.115172377923887 ], [ 51.774079751751366, -18.9906763628614 ], [ 51.793232984837907, -18.84223880644074 ], [ 51.697466819405221, -18.775202490637863 ], [ 51.644795428417247, -18.650706475575376 ], [ 51.730984977306662, -18.588458468044131 ], [ 51.733526127698958, -18.492528236141162 ], [ 51.802809601381171, -18.329889821375886 ], [ 51.915135950345622, -18.199158522635024 ], [ 51.94167054125856, -18.10005102433745 ], [ 51.89998114861578, -17.975638740916061 ], [ 51.879422533727322, -17.75529282877979 ], [ 51.726196669035026, -17.635585121988935 ], [ 51.558605879527832, -17.669103279890376 ], [ 51.405380014835536, -17.889365460385545 ], [ 51.295248924587952, -17.999496550633133 ], [ 51.113293210265859, -18.013861475448035 ], [ 51.07575195352711, -18.101368618132973 ], [ 51.022315353104808, -18.211379191652942 ], [ 50.859512871869249, -18.225744116467844 ], [ 50.811629789152903, -18.378969981160136 ], [ 50.667980541003878, -18.422064755604843 ], [ 50.62967407483081, -18.54656077066733 ], [ 50.553061142484658, -18.690210018816355 ], [ 50.442930052237074, -18.66148016918655 ], [ 50.323222345446219, -18.666268477458186 ], [ 50.323222345446219, -18.819494342150477 ], [ 50.275339262729879, -18.876954041410087 ], [ 50.189149713840465, -18.80991772560721 ], [ 50.189149713840465, -18.647115244371648 ], [ 50.232244488285176, -18.541772462395699 ], [ 50.217879563470269, -18.469947838321186 ], [ 50.155631555939024, -18.450794605234648 ], [ 50.107748473222685, -18.359816748073598 ], [ 50.155631555939024, -18.273627199184183 ], [ 50.088595240136151, -18.158707800664967 ], [ 49.921004450628956, -18.206590883381306 ], [ 49.830026593467906, -18.149131184121696 ] ] ] } },
{ "type": "Feature", "properties": { "id": 63, "name": null, "type": "wasteland", "continent": "Essos", "size": null }, "geometry": { "type": "Polygon", "coordinates": [ [ [ 52.272063812001321, -22.171310132294426 ], [ 52.406136443607082, -22.228769831554036 ], [ 52.425289676693616, -22.358054154888158 ], [ 52.482749375953226, -22.439455395505941 ], [ 52.458807834595056, -22.62619941809967 ], [ 52.554574000027735, -22.77463697452033 ], [ 52.497114300768125, -22.83209667377994 ], [ 52.367829977434006, -22.879979756496283 ], [ 52.357290538138074, -22.950668611980415 ], [ 52.372618285705641, -23.018840696373672 ], [ 52.487537684224861, -23.047570546003477 ], [ 52.492325992496497, -23.124183478349625 ], [ 52.55936230829937, -23.196008102424138 ], [ 52.477961067681591, -23.320504117486625 ], [ 52.458807834595056, -23.425846899462577 ], [ 52.382194902248905, -23.445000132549112 ], [ 52.406136443607082, -23.334869042301527 ], [ 52.44444290978015, -23.263044418227015 ], [ 52.439654601508515, -23.196008102424138 ], [ 52.363041669162371, -23.196008102424138 ], [ 52.32952351126093, -23.08587701217655 ], [ 52.315158586446032, -23.009264079830405 ], [ 52.259500633636037, -22.971623591516572 ], [ 52.214604112741711, -23.057147162546745 ], [ 52.147567796938837, -23.08587701217655 ], [ 52.075743172864321, -23.047570546003477 ], [ 51.960823774345101, -23.09545362871982 ], [ 51.826431056555535, -23.153233414163221 ], [ 51.730984977306662, -23.258256109955379 ], [ 51.711831744220127, -23.368387200202967 ], [ 51.625642195330713, -23.406693666376039 ], [ 51.577759112614366, -23.344445658844794 ], [ 51.659160353232153, -23.224737952053943 ], [ 51.616065578787442, -23.15291332797943 ], [ 51.663948661503781, -23.076300395633282 ], [ 51.831539451010983, -22.956592688842427 ], [ 51.970400390888372, -22.841673290323207 ], [ 52.051801631506152, -22.875191448224648 ], [ 52.112815776882961, -22.824938734763489 ], [ 52.157144413482101, -22.71717727526072 ], [ 52.18108595484027, -22.630987726371306 ], [ 52.252910578914786, -22.635776034642941 ], [ 52.267275503729685, -22.544798177481891 ], [ 52.18108595484027, -22.439455395505941 ], [ 52.224180729284981, -22.386784004517963 ], [ 52.315158586446032, -22.396360621061234 ], [ 52.300793661631126, -22.314959380443451 ], [ 52.23854565409988, -22.262287989455476 ], [ 52.272063812001321, -22.171310132294426 ] ] ] } },
{ "type": "Feature", "properties": { "id": 64, "name": null, "type": "wasteland", "continent": "Essos", "size": null }, "geometry": { "type": "Polygon", "coordinates": [ [ [ 51.770488520547659, -21.360290418786423 ], [ 51.860454508174023, -21.330894591297376 ], [ 51.96202085141303, -21.326772260884987 ], [ 52.072151941660614, -21.384231960144596 ], [ 52.070004303535555, -21.456624468514288 ], [ 52.182283031908199, -21.590129215824863 ], [ 52.167918107093293, -21.657165531627744 ], [ 52.029057167215903, -21.63322399026957 ], [ 51.947655926598124, -21.618859065454668 ], [ 51.909349460425048, -21.561399366195058 ], [ 51.770488520547659, -21.360290418786423 ] ] ] } },
{ "type": "Feature", "properties": { "id": 65, "name": null, "type": "wasteland", "continent": "Essos", "size": null }, "geometry": { "type": "Polygon", "coordinates": [ [ [ 54.872115203498687, -18.226342655001858 ], [ 54.876225272215578, -18.311354801467257 ], [ 54.896056744856857, -18.393933444509052 ], [ 54.869240279036866, -18.492964624113906 ], [ 54.876903511770323, -18.566312542287882 ], [ 54.805078887695807, -18.690808557350369 ], [ 54.761984113251103, -18.767421489696517 ], [ 54.771450374534815, -18.863169262585938 ], [ 54.771560729794366, -18.973318745376787 ], [ 54.872115203498687, -19.030778444636397 ], [ 54.872115203498687, -19.126544610069079 ], [ 54.800290579424171, -19.241464008588299 ], [ 54.714101030534756, -19.342018482292616 ], [ 54.733254263621298, -19.428208031182031 ], [ 54.738042571892933, -19.562280662787789 ], [ 54.666217947818417, -19.643681903405568 ], [ 54.594393323743908, -19.614952053775763 ], [ 54.560875165842475, -19.677200061307008 ], [ 54.479473925224688, -19.729871452294983 ], [ 54.541721932755927, -19.792119459826228 ], [ 54.541721932755927, -19.863944083900741 ], [ 54.618334865102078, -19.897462241802177 ], [ 54.690159489176587, -19.878309008715643 ], [ 54.699736105719857, -19.950133632790156 ], [ 54.642276406460248, -20.0267465651363 ], [ 54.675794564361688, -20.09378288093918 ], [ 54.704524413991493, -20.170395813285324 ], [ 54.642276406460248, -20.227855512544934 ], [ 54.536933624484298, -20.285315211804544 ], [ 54.536933624484298, -20.419387843410302 ], [ 54.512992083126122, -20.577402016374229 ], [ 54.533960606458422, -20.658312509516374 ], [ 54.517780391397757, -20.736613266406064 ], [ 54.589605015472273, -20.808437890480576 ], [ 54.594393323743908, -20.894627439369991 ], [ 54.469897308681418, -20.999970221345944 ], [ 54.422014225965079, -21.090948078506994 ], [ 54.422014225965079, -21.191502552211311 ], [ 54.460320692138147, -21.287268717643993 ], [ 54.426802534236707, -21.335151800360336 ], [ 54.340612985347292, -21.35430503344687 ], [ 54.235270203371343, -21.44528289060792 ], [ 54.177810504111733, -21.41176473270648 ], [ 54.168233887568462, -21.205867477026214 ], [ 54.110774188308852, -21.172349319124773 ], [ 54.077256030407419, -21.282480409372358 ], [ 54.005431406332903, -21.368669958261773 ], [ 53.986278173246369, -21.44528289060792 ], [ 53.971913248431463, -21.5266841312257 ], [ 53.866570466455514, -21.569778905670407 ], [ 53.818687383739174, -21.684698304189627 ], [ 53.708556293491583, -21.780464469622313 ], [ 53.603213511515634, -21.804406010980482 ], [ 53.574483661885829, -21.737369695177605 ], [ 53.651096594231973, -21.646391838016555 ], [ 53.631943361145439, -21.550625672583873 ], [ 53.732497834849759, -21.464436123694458 ], [ 53.786566336335639, -21.314901868315825 ], [ 53.679826443861778, -21.210655785297845 ], [ 53.708556293491583, -21.100524695050261 ], [ 53.718132910034853, -21.014335146160846 ], [ 53.818687383739174, -20.942510522086334 ], [ 53.852205541640608, -20.851532664925283 ], [ 53.809110767195904, -20.794072965665674 ], [ 53.727709526578124, -20.789284657394042 ], [ 53.660673210775244, -20.731824958134432 ], [ 53.574483661885829, -20.770131424307504 ], [ 53.517023962626219, -20.731824958134432 ], [ 53.550542120527659, -20.612117251343577 ], [ 53.545753812256024, -20.478044619737819 ], [ 53.540965503984388, -20.382278454305137 ], [ 53.507447346082948, -20.320030446773892 ], [ 53.521812270897854, -20.248205822699379 ], [ 53.545753812256024, -20.171592890353235 ], [ 53.631943361145439, -20.162016273809964 ], [ 53.655884902503608, -20.056673491834015 ], [ 53.655884902503608, -19.898659318870088 ], [ 53.660673210775244, -19.831623003067207 ], [ 53.804322458924268, -19.802893153437402 ], [ 53.900088624356954, -19.644878980473475 ], [ 53.924030165715124, -19.534747890225891 ], [ 53.852205541640608, -19.534747890225891 ], [ 53.761227684479564, -19.601784206028768 ], [ 53.679826443861778, -19.620937439115306 ], [ 53.660673210775244, -19.534747890225891 ], [ 53.751651067936294, -19.434193416521573 ], [ 53.809110767195904, -19.348003867632158 ], [ 53.756439376207929, -19.257026010471112 ], [ 53.789957534109369, -19.166048153310062 ], [ 53.884356240837676, -19.121614010198495 ], [ 53.94023618626742, -19.037794092053883 ], [ 53.928818473986759, -18.925435662660444 ], [ 53.976701556703098, -18.796151339326322 ], [ 54.082044338679047, -18.848822730314296 ], [ 54.110774188308852, -18.75784487315325 ], [ 54.072467722135784, -18.64292547463403 ], [ 54.019796331147809, -18.580677467102785 ], [ 53.971913248431463, -18.508852843028272 ], [ 54.125139113123758, -18.465758068583565 ], [ 54.230481895099707, -18.480122993398467 ], [ 54.345401293618927, -18.465758068583565 ], [ 54.412437609421808, -18.37956851969415 ], [ 54.455532383866512, -18.341262053521078 ], [ 54.546510241027562, -18.384356827965785 ], [ 54.673660470032772, -18.339294774182118 ], [ 54.738042571892933, -18.29816727907637 ], [ 54.805078887695807, -18.202401113643688 ], [ 54.872115203498687, -18.226342655001858 ], [ 54.876225272215578, -18.311354801467257 ], [ 54.872115203498687, -18.226342655001858 ] ] ] } },
{ "type": "Feature", "properties": { "id": 66, "name": null, "type": "wasteland", "continent": "Essos", "size": null }, "geometry": { "type": "Polygon", "coordinates": [ [ [ 52.312764432310239, -18.202999652177652 ], [ 52.260093041322257, -18.191028881498568 ], [ 52.197845033791019, -18.183846419091118 ], [ 52.149961951074673, -18.214970422856737 ], [ 52.121232101444868, -18.29637166347452 ], [ 52.102078868358333, -18.37059044168485 ], [ 52.068560710456893, -18.447203374030995 ], [ 52.068560710456893, -18.507057227426422 ], [ 52.145173642803044, -18.547757847735312 ], [ 52.221290834836786, -18.653183079251683 ], [ 52.183480108976113, -18.724925253785777 ], [ 52.161932721753757, -18.79674987786029 ], [ 52.157144413482129, -18.952369896688399 ], [ 52.109261330765783, -19.024194520762912 ], [ 52.054195785641994, -19.131931456874682 ], [ 52.025465936012189, -19.198967772677559 ], [ 52.07460597808371, -19.295802451693696 ], [ 52.047013323234538, -19.349799483234033 ], [ 52.032648398419639, -19.404865028357825 ], [ 52.032648398419639, -19.443171494530901 ], [ 51.991947778110749, -19.467711574423031 ], [ 51.953641311937673, -19.431799262385773 ], [ 51.939276387122774, -19.391098642076884 ], [ 51.946458849530224, -19.333638942817274 ], [ 51.905758229221334, -19.328850634545642 ], [ 51.857875146504995, -19.362368792447079 ], [ 51.774079751751394, -19.340821405224727 ], [ 51.735773285578318, -19.357580484175447 ], [ 51.778868060023029, -19.455740803743947 ], [ 51.805203755517013, -19.515594657139374 ], [ 51.774079751751394, -19.563477739855713 ], [ 51.809992063788648, -19.616149130843688 ], [ 51.929699770579504, -19.632309671260451 ], [ 51.953641311937673, -19.764586687264348 ], [ 52.015889319468918, -19.750221762449446 ], [ 52.082925635271799, -19.646674596075353 ], [ 52.216998266877553, -19.527565427818459 ], [ 52.186365868943199, -19.407562342553184 ], [ 52.216998266877553, -19.309697401459104 ], [ 52.284155773445242, -19.218967526727802 ], [ 52.331917665396773, -19.204354619483151 ], [ 52.372618285705663, -19.158865690902626 ], [ 52.370224131569849, -19.077464450284847 ], [ 52.389377364656383, -18.991274901395432 ], [ 52.370224131569849, -18.929026893864187 ], [ 52.315158586446053, -18.876355502876212 ], [ 52.322341048853502, -18.806326494403557 ], [ 52.334311819532587, -18.744078486872315 ], [ 52.389377364656383, -18.662677246254532 ], [ 52.341494281940044, -18.633947396624727 ], [ 52.291217045087883, -18.56691108082185 ], [ 52.228969037556638, -18.463962452981715 ], [ 52.226574883420824, -18.392137828907202 ], [ 52.269669657865528, -18.349043054462495 ], [ 52.315158586446053, -18.305948280017788 ], [ 52.329523511260959, -18.253276889029813 ], [ 52.312764432310239, -18.202999652177652 ] ] ] } },
{ "type": "Feature", "properties": { "id": 67, "name": null, "type": "wasteland", "continent": "Essos", "size": null }, "geometry": { "type": "Polygon", "coordinates": [ [ [ 55.875265786406025, -16.935295037262442 ], [ 55.827382703689686, -16.887411954546099 ], [ 55.889630711220924, -16.829952255286489 ], [ 55.90399563603583, -16.729397781582172 ], [ 55.975820260110339, -16.662361465779295 ], [ 56.047644884184855, -16.595325149976418 ], [ 56.13383443307427, -16.681514698865833 ], [ 56.057221500728119, -16.820375638743222 ], [ 56.085951350357924, -16.89698857108937 ], [ 56.1098928917161, -16.983178119978785 ], [ 56.050680492788892, -17.037380218014601 ], [ 56.02972551325275, -17.100245156623057 ], [ 56.008770533716593, -17.198035061125108 ], [ 55.90399563603583, -17.260899999733564 ], [ 55.848115690606086, -17.21899004066125 ], [ 55.938920601929418, -17.163110095231513 ], [ 55.889630711220924, -17.069367668868196 ], [ 55.947090410480534, -16.935295037262442 ], [ 55.875265786406025, -16.935295037262442 ] ] ] } },
{ "type": "Feature", "properties": { "id": 68, "name": null, "type": "wasteland", "continent": "Essos", "size": null }, "geometry": { "type": "Polygon", "coordinates": [ [ [ 55.204902628377248, -17.347089548622979 ], [ 55.085194921586393, -17.457220638870563 ], [ 55.104348154672927, -17.543410187759978 ], [ 55.027735222326783, -17.620023120106126 ], [ 54.931969056894097, -17.591293270476321 ], [ 54.923528208941207, -17.7363493266175 ], [ 54.804783324903006, -17.750319312974923 ], [ 54.755888372651988, -17.841124224298255 ], [ 54.679053447686087, -17.91097415608543 ], [ 54.611152402694607, -17.979146240478684 ], [ 54.764378267386903, -18.01745270665176 ], [ 54.853678277154032, -17.883034183370569 ], [ 54.979408154370944, -17.924944142442868 ], [ 55.066041688499851, -17.888168383317637 ], [ 55.075618305043122, -17.778037293070053 ], [ 55.166596162204172, -17.763672368255151 ], [ 55.209690936648876, -17.682271127637367 ], [ 55.251822888340925, -17.56870949032826 ], [ 55.310245410353197, -17.481162180228733 ], [ 55.271938944180121, -17.380607706524419 ], [ 55.204902628377248, -17.347089548622979 ] ] ] } },
{ "type": "Feature", "properties": { "id": 69, "name": null, "type": "wasteland", "continent": "Essos", "size": null }, "geometry": { "type": "Polygon", "coordinates": [ [ [ 55.913572252579115, -18.027627861729041 ], [ 55.923148869122386, -18.111423256482638 ], [ 55.88484240294931, -18.130576489569176 ], [ 55.848930090912056, -18.16648880160643 ], [ 55.87526578640604, -18.195218651236235 ], [ 55.939907948073106, -18.18324788055715 ], [ 55.992579339061081, -18.147335568519892 ], [ 56.011732572147615, -18.0922700233961 ], [ 55.98300272251781, -18.004883397438778 ], [ 55.913572252579115, -18.027627861729041 ] ] ] } },
{ "type": "Feature", "properties": { "id": 70, "name": null, "type": "wasteland", "continent": "Essos", "size": null }, "geometry": { "type": "Polygon", "coordinates": [ [ [ 55.169187785568717, -18.281377545886834 ], [ 55.120292833317698, -18.295347532244257 ], [ 55.141247812853855, -18.407107423103746 ], [ 55.056465071956588, -18.510648458630076 ], [ 55.042100147141682, -18.659086015050736 ], [ 55.137866312574367, -18.687815864680541 ], [ 55.180961087019071, -18.615991240606029 ], [ 55.180961087019071, -18.534589999988246 ], [ 55.252785711093587, -18.467553684185368 ], [ 55.228844169735417, -18.352634285666149 ], [ 55.169187785568717, -18.281377545886834 ] ] ] } },
{ "type": "Feature", "properties": { "id": 71, "name": null, "type": "wasteland", "continent": "Essos", "size": null }, "geometry": { "type": "Polygon", "coordinates": [ [ [ 55.201508866402278, -18.994039470597702 ], [ 55.159598907329972, -19.014994450133859 ], [ 55.1677932392721, -19.060705371334116 ], [ 55.127092618963211, -19.122953378865361 ], [ 55.1677932392721, -19.156471536766801 ], [ 55.20849385958099, -19.091829375099739 ], [ 55.237223709210795, -19.031975521704311 ], [ 55.201508866402278, -18.994039470597702 ] ] ] } },
{ "type": "Feature", "properties": { "id": 72, "name": null, "type": "wasteland", "continent": "Essos", "size": null }, "geometry": { "type": "Polygon", "coordinates": [ [ [ 53.047769752006076, -19.375536640194056 ], [ 52.999886669289729, -19.471302805626738 ], [ 52.956791894845026, -19.591010512417594 ], [ 52.846660804597441, -19.586222204145958 ], [ 52.86154456692551, -19.747099039876197 ], [ 52.742799682887316, -19.747099039876197 ], [ 52.683858323361875, -19.921403783160351 ], [ 52.808354338424365, -19.97886348241996 ], [ 52.91848542867195, -19.916615474888715 ], [ 52.971156819659925, -19.844790850814203 ], [ 52.947215278301755, -19.720294835751716 ], [ 53.057124375929604, -19.621369162659285 ], [ 53.133959300895491, -19.50960927179981 ], [ 53.147929287252936, -19.425789353655198 ], [ 53.047769752006076, -19.375536640194056 ] ] ] } },
{ "type": "Feature", "properties": { "id": 73, "name": null, "type": "wasteland", "continent": "Essos", "size": null }, "geometry": { "type": "Polygon", "coordinates": [ [ [ 52.086516866475513, -16.629441846411872 ], [ 52.043422092030809, -16.744361244931092 ], [ 52.014692242401004, -16.830550793820507 ], [ 51.966809159684658, -16.916740342709922 ], [ 52.07694024993225, -16.935893575796459 ], [ 52.139805188540706, -16.869536140598644 ], [ 52.187071340179834, -16.768302786289265 ], [ 52.187071340179834, -16.662960004313312 ], [ 52.086516866475513, -16.629441846411872 ] ] ] } },
{ "type": "Feature", "properties": { "id": 74, "name": null, "type": "wasteland", "continent": "Essos", "size": null }, "geometry": { "type": "Polygon", "coordinates": [ [ [ 52.943624047098027, -16.983776658512799 ], [ 53.025025287715813, -16.978988350241167 ], [ 53.020458972063921, -17.060611583478693 ], [ 52.992518999349059, -17.158401487980743 ], [ 52.914894197468222, -17.189673914193069 ], [ 52.922669067561884, -17.067596576657412 ], [ 52.943624047098027, -16.983776658512799 ] ] ] } },
{ "type": "Feature", "properties": { "id": 75, "name": null, "type": "wasteland", "continent": "Essos", "size": null }, "geometry": { "type": "Polygon", "coordinates": [ [ [ 53.584652686115291, -16.765890239610158 ], [ 53.528772740685547, -16.814785191861176 ], [ 53.476323342317315, -16.886214877478224 ], [ 53.48111165058895, -16.972404426367639 ], [ 53.399710409971163, -17.082535516615224 ], [ 53.428440259600968, -17.159148448961371 ], [ 53.428440259600968, -17.288432772295494 ], [ 53.351827327254824, -17.403352170814713 ], [ 53.409287026514434, -17.432082020444518 ], [ 53.50505319194712, -17.360257396370006 ], [ 53.543359658120188, -17.183089990319541 ], [ 53.610395973923069, -17.092112133158494 ], [ 53.581666124293264, -16.981981042910906 ], [ 53.563697706579134, -16.870665137290928 ], [ 53.605607665651434, -16.828755178218614 ], [ 53.594760131373121, -16.796174248574438 ], [ 53.584652686115291, -16.765890239610158 ] ] ] } },
{ "type": "Feature", "properties": { "id": 76, "name": null, "type": "wasteland", "continent": "Essos", "size": null }, "geometry": { "type": "Polygon", "coordinates": [ [ [ 53.465549648706151, -17.668504741356486 ], [ 53.364995175001837, -17.77863583160407 ], [ 53.274017317840787, -17.80257737296224 ], [ 53.259652393025881, -17.874401997036752 ], [ 53.455973032162888, -17.864825380493485 ], [ 53.601917058783037, -17.916311956109052 ], [ 53.733694911917667, -17.888766921851655 ], [ 53.755586908714832, -17.783597085713421 ], [ 53.664781997391501, -17.804552065249577 ], [ 53.580469047225371, -17.797789064690608 ], [ 53.532585964509032, -17.711599515801193 ], [ 53.465549648706151, -17.668504741356486 ] ] ] } },
{ "type": "Feature", "properties": { "id": 77, "name": null, "type": "wasteland", "continent": "Essos", "size": null }, "geometry": { "type": "Polygon", "coordinates": [ [ [ 52.794964498057638, -18.453373966903765 ], [ 52.871799423023525, -18.502268919154783 ], [ 52.862222806480254, -18.583670159772566 ], [ 52.871799423023525, -18.634983789550414 ], [ 52.871799423023525, -18.729713562057409 ], [ 52.871799423023525, -18.808720648539371 ], [ 52.838281265122085, -18.847027114712443 ], [ 52.790398182405745, -18.868574501934798 ], [ 52.732938483146135, -18.847027114712443 ], [ 52.730544329010314, -18.815903110946824 ], [ 52.780821565862475, -18.77520249063793 ], [ 52.80194949123635, -18.704833721337589 ], [ 52.799974798949009, -18.631553242488906 ], [ 52.76885079518339, -18.590852622180016 ], [ 52.713785250059594, -18.547757847735308 ], [ 52.718573558331229, -18.485509840204067 ], [ 52.794964498057638, -18.453373966903765 ] ] ] } },
{ "type": "Feature", "properties": { "id": 78, "name": null, "type": "wasteland", "continent": "Essos", "size": null }, "geometry": { "type": "Polygon", "coordinates": [ [ [ 53.508224961302389, -18.295156193863352 ], [ 53.473299995408802, -18.392946098365403 ], [ 53.42724318253309, -18.441816527225406 ], [ 53.439213953212175, -18.508852843028283 ], [ 53.515826885558319, -18.499276226485016 ], [ 53.551739197595573, -18.429845756546321 ], [ 53.54216258105231, -18.36280944074344 ], [ 53.578074893089564, -18.358021132471809 ], [ 53.637928746484988, -18.331685436977821 ], [ 53.625957975805903, -18.302955587348016 ], [ 53.508224961302389, -18.295156193863352 ] ] ] } },
{ "type": "Feature", "properties": { "id": 79, "name": null, "type": "wasteland", "continent": "Essos", "size": null }, "geometry": { "type": "Polygon", "coordinates": [ [ [ 53.827066923214538, -18.137758951976636 ], [ 53.911849664111806, -18.081089129631952 ], [ 53.985081096178469, -18.082693406852844 ], [ 53.970716171363563, -18.137758951976636 ], [ 53.922833088647224, -18.144941414384089 ], [ 53.874950005930877, -18.178459572285526 ], [ 53.903679855560682, -18.245495888088406 ], [ 53.951562938277029, -18.295773124940563 ], [ 53.867767543523428, -18.317320512162919 ], [ 53.821044752788474, -18.346518870423214 ], [ 53.752848145004208, -18.377174365558343 ], [ 53.733694911917674, -18.348444515928538 ], [ 53.743271528460944, -18.307743895619648 ], [ 53.793104780073605, -18.283653931814758 ], [ 53.827066923214538, -18.137758951976636 ] ] ] } },
{ "type": "Feature", "properties": { "id": 80, "name": null, "type": "wasteland", "continent": "Essos", "size": null }, "geometry": { "type": "Polygon", "coordinates": [ [ [ 53.700176754016233, -18.665071400390346 ], [ 53.654687825435708, -18.679436325205248 ], [ 53.640322900620809, -18.753655103415579 ], [ 53.596784140936613, -18.796354939402821 ], [ 53.582863201361199, -18.835056344033358 ], [ 53.602016434447734, -18.880545272613883 ], [ 53.640322900620809, -18.899698505700421 ], [ 53.680604059081219, -18.887159850726153 ], [ 53.731300757781852, -18.835056344033358 ], [ 53.750453990868394, -18.782384953045383 ], [ 53.721724141238589, -18.715348637242506 ], [ 53.700176754016233, -18.665071400390346 ] ] ] } },
{ "type": "Feature", "properties": { "id": 81, "name": null, "type": "swamp", "continent": "Essos", "size": null }, "geometry": { "type": "Polygon", "coordinates": [ [ [ 49.857087852142172, -10.899802679680265 ], [ 49.906609609459011, -10.833239015239407 ], [ 49.99401191292413, -10.805911895144064 ], [ 50.021396725080521, -10.747230154808939 ], [ 50.021396725080521, -10.680724182429129 ], [ 50.07225423337097, -10.622042442094004 ], [ 50.115078664833611, -10.612261816542343 ], [ 50.189617714041219, -10.582921281870588 ], [ 50.197441946085902, -10.524239541535461 ], [ 50.224826758242294, -10.42643664097692 ], [ 50.267860034488052, -10.38340336473116 ], [ 50.346102354934885, -10.371667016664135 ], [ 50.38131139913596, -10.301248928261986 ], [ 50.420432559359377, -10.281688348150277 ], [ 50.486938531739185, -10.226918723837493 ], [ 50.467377951627476, -10.164324867480026 ], [ 50.423612866788005, -10.120274845858305 ], [ 50.441460182979448, -10.019087560150588 ], [ 50.474713169169348, -10.009307270094734 ], [ 50.509922213370423, -10.011263328105905 ], [ 50.551977460610601, -10.001483038050051 ], [ 50.576428185750231, -9.974098225893659 ], [ 50.593054678845185, -9.922262688597632 ], [ 50.617505403984822, -9.888031673402141 ], [ 50.654181491694288, -9.849644034932913 ], [ 50.707973087001484, -9.829105425815619 ], [ 50.752962421258417, -9.81834710675418 ], [ 50.795995697504175, -9.801720613659228 ], [ 50.791105552476246, -9.691203336028074 ], [ 50.795017668498588, -9.59829058049746 ], [ 50.792083581481833, -9.550367159223773 ], [ 50.776924131895264, -9.529339535603688 ], [ 50.753451435761214, -9.514669100519907 ], [ 50.740737058688602, -9.491196404385855 ], [ 50.755407493772381, -9.463811592229463 ], [ 50.781814276923193, -9.45598736018478 ], [ 50.813111205101926, -9.455009331179195 ], [ 50.83951798825273, -9.468701737257391 ], [ 50.885485351515243, -9.461855534218293 ], [ 50.902111844610197, -9.430558606039559 ], [ 50.903089873615784, -9.402195764877582 ], [ 50.90993607665488, -9.366986720676508 ], [ 50.943189062844787, -9.332755705481016 ], [ 50.951991323895051, -9.295590603268771 ], [ 50.951991323895051, -9.265271704095623 ], [ 50.940254975828026, -9.242777036967158 ], [ 50.911892134666047, -9.237397877436438 ], [ 50.894287612565513, -9.214903210307973 ], [ 50.877661119470559, -9.17089190505663 ], [ 50.825825582174531, -9.153287382956092 ], [ 50.817023321124267, -9.111232135715918 ], [ 50.83951798825273, -9.088737468587453 ], [ 50.880595206487314, -9.102429874665649 ], [ 50.920694395716318, -9.11710030974943 ], [ 50.969106831492795, -9.118078338755016 ], [ 51.011162078732966, -9.140573005883482 ], [ 51.02143138329162, -9.19436460119068 ], [ 51.059085500006653, -9.197298688207436 ], [ 51.136349791447905, -9.188496427157167 ], [ 51.220460285928247, -9.157199498978434 ], [ 51.27425188123545, -9.128836657816457 ], [ 51.320219244497963, -9.070154917481331 ], [ 51.369120694777237, -9.01049514814062 ], [ 51.382324086352646, -8.934942407459147 ], [ 51.441983855693358, -8.888975044196632 ], [ 51.521204205145786, -8.855477550755332 ], [ 51.589666235536768, -8.830048796610111 ], [ 51.62683133774901, -8.794839752409036 ], [ 51.62780936675459, -8.76965550551521 ], [ 51.636611627804868, -8.745938302129764 ], [ 51.66595249797242, -8.731512374297379 ], [ 51.707029716207018, -8.724421664006885 ], [ 51.728546354329893, -8.66573992367176 ], [ 51.802876558754384, -8.610970299358977 ], [ 51.881118879201225, -8.612926357370148 ], [ 52.012174765949666, -8.587497603224925 ], [ 51.574451659445266, -8.393707360189527 ], [ 51.1790879663087, -8.393707360189527 ], [ 50.704651534544816, -8.456965551091379 ], [ 50.451618770937415, -8.583481932895079 ], [ 50.164677974398757, -8.690435156062792 ], [ 49.898109600546221, -8.883958339678871 ], [ 49.687888834175858, -9.089715497593039 ], [ 49.471116811958723, -9.469096605520992 ], [ 49.392044073331412, -9.848645750932096 ], [ 49.392044073331412, -10.149122157715889 ], [ 49.431580442645064, -10.346804004284174 ], [ 49.59763319376242, -10.59588313096021 ], [ 49.857087852142172, -10.899802679680265 ] ] ] } },
{ "type": "Feature", "properties": { "id": 82, "name": null, "type": "swamp", "continent": "Essos", "size": 3 }, "geometry": { "type": "Polygon", "coordinates": [ [ [ 46.347757618800848, -4.768522790424108 ], [ 46.077526683468697, -4.662045200993671 ], [ 45.911787695846648, -4.545583625277073 ], [ 45.817657826117902, -4.312736052790171 ], [ 45.73343636372902, -4.005575425254256 ], [ 45.742754358955395, -3.766723867992982 ], [ 45.836179193703295, -3.284028888462175 ], [ 45.820608387911975, -2.894758743679266 ], [ 45.711612747372762, -2.614484239435571 ], [ 45.540333883668282, -2.392600256909313 ], [ 45.524763077876969, -2.221321393204833 ], [ 45.48846358410011, -1.976299810211037 ], [ 45.462479854711702, -1.800909636839291 ], [ 45.295093692455048, -1.532313236939084 ], [ 45.061531605585309, -1.399961387712894 ], [ 44.839647623059044, -1.333785463099801 ], [ 44.590514730397985, -1.318214657308484 ], [ 44.138961362449812, -1.38049788047375 ], [ 43.800296336488678, -1.579025654313033 ], [ 43.640695577127687, -1.72305560788271 ], [ 43.527807235140642, -1.89044177013936 ], [ 43.469416713423207, -2.159038170039568 ], [ 43.356528371436163, -2.388707555461483 ], [ 43.11518088167076, -2.653411253913861 ], [ 42.858262586114044, -2.95704196684453 ], [ 42.655842110826931, -3.143891636340326 ], [ 42.453421635539819, -3.29959969425349 ], [ 42.208181444326584, -3.342419410179611 ], [ 41.939585044426373, -3.393024529001388 ], [ 41.741057270587092, -3.51369827388409 ], [ 41.550314899643467, -3.743367659306006 ], [ 41.507495183717346, -4.000285954862727 ], [ 41.585349212673925, -4.264989653315105 ], [ 41.694344853213146, -4.545264157558799 ], [ 41.881194522708938, -4.794397050219861 ], [ 42.208181444326584, -5.074671554463555 ], [ 42.398923815270209, -5.294609186265898 ], [ 42.737588841231336, -5.463941699246464 ], [ 43.013970644027204, -5.652737719466175 ], [ 43.204713014970828, -5.884353455612007 ], [ 43.30203055116656, -6.042007864249084 ], [ 43.329279461301361, -6.258052794603599 ], [ 43.418811594601429, -6.439063411927651 ], [ 43.609553965545054, -6.631752133595191 ], [ 43.722442307532098, -6.859475168293192 ], [ 43.998824110327966, -7.036593084169417 ], [ 44.341381837736925, -7.170891284119519 ], [ 44.769578996998121, -7.155320478328203 ], [ 45.104351321511423, -7.093037255162938 ], [ 45.602617106833549, -6.9139729885628 ], [ 45.773895970538028, -6.742694124858319 ], [ 45.991887251616461, -6.586986066945157 ], [ 46.388942799295023, -6.413760852516761 ], [ 46.692573512225692, -6.304765211977548 ], [ 46.879423181721492, -6.219125780125307 ], [ 47.074058254112941, -6.11791554248175 ], [ 47.159697685965185, -5.938851275881612 ], [ 47.144126880173864, -5.713074591907526 ], [ 47.128556074382551, -5.495083310829096 ], [ 47.050702045425972, -5.323804447124617 ], [ 46.931757838963286, -5.152822150334512 ], [ 46.904503982430434, -5.138185145171446 ], [ 46.605376209637427, -4.932011511531933 ], [ 46.347757618800848, -4.768522790424108 ] ] ] } },
{ "type": "Feature", "properties": { "id": 83, "name": "The Dothraki Sea", "type": "steppe", "continent": "Essos", "size": 5 }, "geometry": { "type": "Polygon", "coordinates": [ [ [ 77.729949479131051, 11.318576611676574 ], [ 77.452189207800316, 11.429437070848051 ], [ 77.247523744714513, 11.478166943011338 ], [ 76.994128409465418, 11.497658891876652 ], [ 76.821137363285757, 11.473293955795008 ], [ 76.660328785146916, 11.385580185901093 ], [ 76.484901245359083, 11.395326160333749 ], [ 76.348457603301881, 11.429437070848049 ], [ 76.25099785897531, 11.385580185901093 ], [ 76.041459408673177, 11.385580185901093 ], [ 75.939126677130275, 11.258882518276547 ], [ 75.987856549293554, 11.146803812300989 ], [ 76.099935255269116, 11.074318127458099 ], [ 76.168157076297717, 10.991477344780513 ], [ 76.163284089081387, 10.801430843343697 ], [ 76.15353811464874, 10.664987201286495 ], [ 76.21688694846101, 10.532198299641541 ], [ 76.241251884542649, 10.442657159541501 ], [ 76.241251884542649, 10.359816376863915 ], [ 76.148665127432409, 10.288548938825109 ], [ 76.046332395889507, 10.269056989959795 ], [ 76.012221485375207, 10.137486335118922 ], [ 75.880650830534336, 10.137486335118922 ], [ 75.739334201260803, 10.152105296767907 ], [ 75.661366405799541, 10.010788667494378 ], [ 75.446954968281077, 9.921247527394339 ], [ 75.344622236738175, 9.918201910384134 ], [ 75.213051581897304, 9.786631255543261 ], [ 75.115591837570733, 9.825615153273889 ], [ 75.100972875921755, 9.932820872033119 ], [ 75.018132093244162, 10.040026590792349 ], [ 74.867069489537982, 10.093629450171964 ], [ 74.720879873048119, 10.203880785941399 ], [ 74.618547141505218, 10.369562351296572 ], [ 74.365151806256122, 10.501133006137445 ], [ 74.209216215333612, 10.471895082839474 ], [ 74.145867381521342, 10.457276121190487 ], [ 73.960693867300847, 10.291594555835314 ], [ 73.756028404215044, 10.208753773157728 ], [ 73.653695672672143, 10.023580258937239 ], [ 73.731663468133405, 9.921247527394339 ], [ 73.848615161325299, 10.004088310071925 ], [ 73.975312828949839, 10.062564156667868 ], [ 74.175105304819311, 10.038199220586225 ], [ 74.262819074713221, 9.950485450692311 ], [ 74.231144657807093, 9.804904957604494 ], [ 74.1483038751295, 9.681252906990153 ], [ 74.226271670590762, 9.608158098745225 ], [ 74.187287772860131, 9.457095495039036 ], [ 74.123938939047861, 9.364508737928793 ], [ 73.958257373692689, 9.364508737928793 ], [ 73.763337885039547, 9.398619648443093 ], [ 73.524561511439444, 9.471714456688023 ], [ 73.358879946084272, 9.393746661226764 ], [ 73.300404099488318, 9.257303019169562 ], [ 73.295531112271988, 9.072129504949075 ], [ 73.178579419080108, 8.882083003512259 ], [ 72.949549019912666, 8.755385335887715 ], [ 72.681534723014593, 8.726147412589743 ], [ 72.379409515602205, 8.740766374238728 ], [ 72.087030282622493, 8.755385335887715 ], [ 71.989570538295922, 8.847972092997958 ], [ 72.009062487161231, 8.940558850108202 ], [ 72.004189499944914, 9.106240415463375 ], [ 71.877491832320359, 9.164716262059319 ], [ 71.765413126344811, 9.003907683920474 ], [ 71.633842471503925, 8.867464041863272 ], [ 71.507144803879385, 8.847972092997958 ], [ 71.331717264091552, 8.945431837324531 ], [ 71.083194916058801, 9.120859377112362 ], [ 70.888275427405645, 9.23293808308792 ], [ 70.737212823699466, 9.432730558957394 ], [ 70.554475803087144, 9.575265435035005 ], [ 70.442397097111581, 9.580138422251334 ], [ 70.28646150618907, 9.516789588439062 ], [ 70.150017864131868, 9.414456856896161 ], [ 70.057431107021614, 9.360853997516546 ], [ 69.843019669503164, 9.321870099785917 ], [ 69.765051874041902, 9.312124125353259 ], [ 69.711449014662293, 9.248775291540987 ], [ 69.63348121920103, 9.13669658556543 ], [ 69.360593935086627, 9.092839700618471 ], [ 69.165674446433485, 9.083093726185814 ], [ 69.026794310768111, 9.080048109175614 ], [ 68.924461579225209, 9.123904994122572 ], [ 68.809946379641488, 9.151315547214415 ], [ 68.768525988302699, 9.045937198661314 ], [ 68.663756763151639, 8.975888007426585 ], [ 68.71492312892309, 8.875382646089811 ], [ 68.707613648098587, 8.805333454855083 ], [ 68.788017937168007, 8.777922901763239 ], [ 68.880604694278261, 8.80716082506121 ], [ 68.931771060049712, 8.751730595475468 ], [ 69.021921323551794, 8.719447055167295 ], [ 69.007302361902802, 8.636606272489709 ], [ 68.970754957780343, 8.542192145173336 ], [ 69.036540285200772, 8.485543668783521 ], [ 68.968318464172171, 8.436813796620235 ], [ 68.876589470434851, 8.372263763990265 ], [ 68.59875090988389, 8.384343701405523 ], [ 68.230416199968886, 8.504052482127898 ], [ 68.181331028735102, 8.595795004552951 ], [ 68.100926739665681, 8.695082119085653 ], [ 67.932808680702337, 8.746857608259139 ], [ 67.888951795755375, 8.878428263100012 ], [ 67.923062706269675, 9.035582100826611 ], [ 67.957173616783976, 9.191517691749128 ], [ 67.966919591216637, 9.391310167618601 ], [ 67.874332834106397, 9.425421078132901 ], [ 67.728143217616534, 9.284104448859372 ], [ 67.469874895151122, 9.235374576696085 ], [ 67.080035917844825, 9.269485487210385 ], [ 66.846132531461052, 9.342580295455315 ], [ 66.719434863836511, 9.469277963079859 ], [ 66.156604840350553, 8.980151871240876 ], [ 65.629827939913753, 8.773947760205459 ], [ 64.470544281149174, 8.684772094146645 ], [ 63.707596915979323, 8.754130945525722 ], [ 62.820794459061126, 8.882940240944009 ], [ 62.280786259038308, 8.962207499662954 ], [ 61.681327614976283, 9.15046723912045 ], [ 60.987739101185511, 9.457627866656363 ], [ 60.402945326340564, 9.695177495512155 ], [ 59.620378888283696, 10.101674343747796 ], [ 58.803836220694649, 10.266859183811741 ], [ 58.753757017893378, 10.240150275651061 ], [ 58.667787719751189, 10.224291861430654 ], [ 58.610196636529722, 10.183393845809618 ], [ 58.550101593168201, 10.190071072849788 ], [ 58.493345163326758, 10.193409686369874 ], [ 58.439927347005394, 10.186732459329704 ], [ 58.40987982532463, 10.226795821570722 ], [ 58.347280821823041, 10.26268591691163 ], [ 58.246287762840474, 10.260181956771572 ], [ 58.119420449077253, 10.213441367490383 ], [ 58.037624417835168, 10.22095324791057 ], [ 58.049309565155468, 10.273536410851911 ], [ 58.096050154436654, 10.330292840693353 ], [ 58.110239261897014, 10.417931445595578 ], [ 58.092711540916568, 10.510577970777936 ], [ 58.097719461196696, 10.618248256800669 ], [ 58.052648178675554, 10.680847260302263 ], [ 58.051813525295529, 10.736769036763681 ], [ 58.082695700356318, 10.807714574065489 ], [ 58.077687780076189, 10.866974964046991 ], [ 57.985875908273854, 10.874486844467185 ], [ 57.892394729711476, 10.931243274308628 ], [ 57.848992753950377, 10.984661090629986 ], [ 57.772204642988427, 10.934581887828713 ], [ 57.682062077946135, 10.994676931190241 ], [ 57.606943273744221, 11.071465042152187 ], [ 57.548517537142736, 11.148253153114144 ], [ 57.551856150662822, 11.218364037035927 ], [ 57.544344270242632, 11.303498681798086 ], [ 57.495099720821379, 11.361924418399576 ], [ 57.419980916619473, 11.422436788451108 ], [ 57.38492547465858, 11.445807083091703 ], [ 57.341523498897473, 11.440799162811576 ], [ 57.269743308215652, 11.432452629011363 ], [ 57.231349252734674, 11.457492230411999 ], [ 57.214656185134253, 11.502563512933145 ], [ 57.221333412174424, 11.559319942774588 ], [ 57.196293810773788, 11.614407065855989 ], [ 57.144545301212467, 11.669494188937389 ], [ 57.0986393653113, 11.727502598848865 ], [ 57.060245309830329, 11.743361013069267 ], [ 57.023520561109393, 11.714982798148545 ], [ 56.985126505628415, 11.719990718428672 ], [ 56.960086904227779, 11.748368933349393 ], [ 56.951740370427565, 11.783424375310284 ], [ 56.966764131267951, 11.84185011191177 ], [ 56.998480959708758, 11.887756047812939 ], [ 57.035205708429693, 11.917803569493703 ], [ 57.028528481389522, 11.974559999335145 ], [ 56.951740370427565, 12.018796628476268 ], [ 56.958417597467736, 12.075553058317711 ], [ 57.028528481389522, 12.085568898877966 ], [ 57.068591843630536, 12.128970874639069 ], [ 57.071930457150621, 12.202420372080935 ], [ 57.035205708429693, 12.275869869522802 ], [ 57.058576003070286, 12.345980753444584 ], [ 57.051898776030114, 12.402319856596018 ], [ 57.031867094909607, 12.414839657296335 ], [ 56.992638386048611, 12.421516884336505 ], [ 56.962590864367847, 12.412335697156271 ], [ 56.934212649447126, 12.403154509976037 ], [ 56.888306713545958, 12.414839657296335 ], [ 56.869109685805469, 12.43236737827678 ], [ 56.859093845245212, 12.46575351347763 ], [ 56.860763152005255, 12.489123808118222 ], [ 56.875786912845641, 12.501643608818542 ], [ 56.895818593966148, 12.512494102758817 ], [ 56.910007701426508, 12.532525783879326 ], [ 56.92670076902693, 12.565077265700154 ], [ 56.932543342687083, 12.59762874752098 ], [ 56.938385916347229, 12.625172309061682 ], [ 56.931291362617046, 12.652924533947388 ], [ 56.93087403592704, 12.671078244962848 ], [ 56.925866115646912, 12.689023292633308 ], [ 56.898322554106208, 12.71740150755403 ], [ 56.854085924965084, 12.769984670495367 ], [ 56.837810184054675, 12.80483144911125 ], [ 56.816109196174118, 12.816099269741537 ], [ 56.773541873793036, 12.821107190021666 ], [ 56.759352766332675, 12.854493325222514 ], [ 56.751006232532468, 12.908745794923892 ], [ 56.746832965632358, 12.969675491665441 ], [ 56.752675539292511, 13.02392796136682 ], [ 56.783557714353293, 13.055644789807626 ], [ 56.806093355613868, 13.101968052398803 ], [ 56.787730981253397, 13.14870864167999 ], [ 56.762691379852761, 13.177086856600711 ], [ 56.722628017611747, 13.182094776880838 ], [ 56.705934950011319, 13.238016553342263 ], [ 56.71261217705149, 13.283087835863409 ], [ 56.735982471692083, 13.324820504864469 ], [ 56.781053754213232, 13.346521492745021 ], [ 56.814439889414075, 13.379907627945869 ], [ 56.816109196174118, 13.450018511867651 ], [ 56.814439889414075, 13.518460089029391 ], [ 56.781053754213232, 13.555184837750325 ], [ 56.74599831225234, 13.570208598590707 ], [ 56.714281483811533, 13.565200678310578 ], [ 56.672548814810469, 13.566869985070621 ], [ 56.629146839049369, 13.555184837750325 ], [ 56.594091397088476, 13.561862064790494 ], [ 56.589083476808348, 13.602342753721523 ], [ 56.577398329488055, 13.649083343002712 ], [ 56.554028034847462, 13.699162545803985 ], [ 56.52898843344682, 13.710847693124281 ], [ 56.498940911766056, 13.702501159324068 ], [ 56.46388546980517, 13.655760570042881 ], [ 56.422152800804106, 13.632390275402287 ], [ 56.408798346723771, 13.588988299641183 ], [ 56.365396370962664, 13.523885335999529 ], [ 56.316986474921436, 13.492168507558723 ], [ 56.286938953240671, 13.487160587278595 ], [ 56.271915192400286, 13.507192268399105 ], [ 56.293616180280843, 13.537239790079868 ], [ 56.311978554641307, 13.580641765840971 ], [ 56.310309247881264, 13.629051661882203 ], [ 56.306970634361178, 13.677461557923433 ], [ 56.327002315481685, 13.704170466084111 ], [ 56.365396370962664, 13.72420214720462 ], [ 56.378750825043007, 13.762596202685597 ], [ 56.377081518282964, 13.795982337886445 ], [ 56.358719143922492, 13.819352632527039 ], [ 56.345364689842157, 13.842722927167634 ], [ 56.360388450682535, 13.861085301528099 ], [ 56.395443892643428, 13.867762528568271 ], [ 56.417144880523978, 13.884455596168694 ], [ 56.425491414324192, 13.921180344889628 ], [ 56.418814187284021, 13.952897173330435 ], [ 56.367065677722707, 13.979606081491113 ], [ 56.321994395201564, 14.046378351892811 ], [ 56.300293407321007, 14.099378841524159 ], [ 56.250214204519736, 14.139442203765176 ], [ 56.213489455798801, 14.196198633606619 ], [ 56.213489455798801, 14.296357039209164 ], [ 56.196796388198379, 14.349774855530523 ], [ 56.116669663716344, 14.356452082570692 ], [ 56.05323600683473, 14.379822377211287 ], [ 56.023188485153966, 14.42990158001256 ], [ 56.033204325714223, 14.483319396333917 ], [ 56.013172644593709, 14.563446120815954 ], [ 56.046558779794559, 14.610186710097143 ], [ 56.026527098674052, 14.666943139938581 ], [ 55.959754828272352, 14.696990661619349 ], [ 55.866273649709974, 14.696990661619349 ], [ 55.782808311707853, 14.730376796820197 ], [ 55.739406335946754, 14.783794613141552 ], [ 55.690996439905518, 14.803826294262061 ], [ 55.64258654386429, 14.792141146941763 ], [ 55.597515261343148, 14.818850055102443 ], [ 55.589168727542933, 14.85891341734346 ], [ 55.570806353182469, 14.900646086344521 ], [ 55.567467739662384, 14.954063902665879 ], [ 55.592507341063019, 14.985780731106686 ], [ 55.60920040866344, 15.015828252787449 ], [ 55.585830114022848, 15.034190627147916 ], [ 55.529073684181405, 15.034190627147916 ], [ 55.472317254339963, 15.02250547982762 ], [ 55.420568744778649, 15.017497559547492 ], [ 55.359639048037096, 15.034190627147916 ], [ 55.297112830675147, 15.049142548690991 ], [ 55.212740053153368, 15.065907455588722 ], [ 55.114250954310862, 15.060899535308595 ], [ 55.014092548708312, 15.040867854188086 ], [ 54.942312358026491, 15.020836173067577 ], [ 54.848831179464113, 14.987450037866727 ], [ 54.817114351023307, 14.999135185187026 ], [ 54.795413363142757, 15.032521320387874 ], [ 54.782058909062414, 15.050883694748341 ], [ 54.723633172460929, 15.037529240668 ], [ 54.668546049379529, 15.030852013627831 ], [ 54.641837141218851, 14.98911934462677 ], [ 54.550025269416516, 14.974095583786388 ], [ 54.504953986895373, 14.924016380985115 ], [ 54.426496569173381, 14.919008460704989 ], [ 54.349708458211424, 14.934032221545371 ], [ 54.286274801329817, 14.949055982385753 ], [ 54.197801543047568, 14.942378755345583 ], [ 54.157738180806547, 14.903984699864607 ], [ 54.146053033486247, 14.857244110583418 ], [ 54.077611456324512, 14.795479760461848 ], [ 53.977453050721962, 14.762093625261 ], [ 53.897326326239927, 14.740392637380449 ], [ 53.788821386837171, 14.696990661619346 ], [ 53.732064956995728, 14.62479314424751 ], [ 53.688662981234621, 14.596414929326789 ], [ 53.663623379833986, 14.548005033285557 ], [ 53.686993674474579, 14.512949591324666 ], [ 53.713702582635257, 14.46787830880352 ], [ 53.7387421840359, 14.431153560082587 ], [ 53.745419411076064, 14.378570397141251 ], [ 53.732064956995728, 14.326821887579936 ], [ 53.690332287994664, 14.27507337801862 ], [ 53.635245164913265, 14.231671402257517 ], [ 53.581827348591908, 14.206631800856879 ], [ 53.556787747191272, 14.174914972416074 ], [ 53.551779826911144, 14.128174383134885 ], [ 53.515055078190208, 14.09645755469408 ], [ 53.456629341588723, 14.059732805973146 ], [ 53.429920433428045, 14.056394192453061 ], [ 53.394864991467159, 14.024677364012256 ], [ 53.398203604987238, 13.979606081491109 ], [ 53.419904592867795, 13.949558559810345 ], [ 53.463306568628894, 13.904487277289199 ], [ 53.462889241939159, 13.824360552806764 ], [ 53.389439744497295, 13.710847693123879 ], [ 53.229186295533225, 13.597334833440996 ], [ 53.08228730064949, 13.517208108958961 ], [ 53.088964527689662, 13.316891297753871 ], [ 52.95541998688627, 13.256796254392345 ], [ 52.982128895046948, 13.16999230287014 ], [ 52.828552673123042, 13.069833897267594 ], [ 52.698346745839736, 13.054810136427212 ], [ 52.511384388714987, 12.947974503784499 ], [ 52.391194301991931, 12.801075508900768 ], [ 52.237618080068032, 12.794398281860598 ], [ 52.137459674465489, 12.680885422177713 ], [ 51.983883452541583, 12.694239876258052 ], [ 51.830307230617684, 12.74098046553924 ], [ 51.656699327573271, 12.747657692579409 ], [ 51.523154786769879, 12.700917103298222 ], [ 51.409641927086994, 12.7276260114589 ], [ 51.36957856484598, 12.801075508900768 ], [ 51.302806294444281, 12.7276260114589 ], [ 51.129198391399875, 12.634144832896526 ], [ 50.995653850596476, 12.533986427293982 ], [ 51.089135029158854, 12.493923065052964 ], [ 51.129198391399875, 12.38041020537008 ], [ 51.169261753640889, 12.286929026807705 ], [ 51.142552845480211, 12.173416167124822 ], [ 51.055748893958004, 12.146707258964142 ], [ 51.055748893958004, 11.999808264080411 ], [ 50.995653850596476, 11.866263723277019 ], [ 51.049071666917833, 11.752750863594134 ], [ 51.055748893958004, 11.632560776871081 ], [ 50.895495444993934, 11.619206322790742 ], [ 50.788659812351213, 11.505693463107855 ], [ 50.691840020268756, 11.535740984788619 ], [ 50.591681614666207, 11.509032076627941 ], [ 50.521570730744429, 11.455614260306584 ], [ 50.458137073862815, 11.375487535824547 ], [ 50.388026189941037, 11.398857830465142 ], [ 50.317915306019252, 11.412212284545481 ], [ 50.374671735860694, 11.472307327907007 ], [ 50.371333122340609, 11.525725144228364 ], [ 50.331269760099595, 11.575804347029637 ], [ 50.34462421417993, 11.635899390391163 ], [ 50.307899465459002, 11.675962752632181 ], [ 50.181032151695774, 11.719364728393284 ], [ 50.154323243535096, 11.749412250074048 ], [ 50.164339084095353, 11.859586496236846 ], [ 50.127614335374417, 11.946390447759052 ], [ 50.074196519053061, 11.933035993678713 ], [ 50.037471770332125, 11.859586496236846 ], [ 49.964022272890261, 11.78613699879498 ], [ 49.850509413207376, 11.732719182473623 ], [ 49.78707575632577, 11.659269685031758 ], [ 49.78707575632577, 11.549095438868958 ], [ 49.637122477999192, 11.502650591870124 ], [ 49.464899551637579, 11.447267726506372 ], [ 49.394788667715801, 11.323739026263233 ], [ 49.27793719451283, 11.256966755861537 ], [ 49.114345132028674, 11.146792509698738 ], [ 49.100990677948339, 11.013247968895344 ], [ 49.030458906070201, 10.640289173988441 ], [ 48.96110005469113, 10.372762175812001 ], [ 48.832290759272844, 10.134960399655164 ], [ 48.76950292629769, 9.903852325195185 ], [ 48.777317436648254, 9.868605648765687 ], [ 48.777429465027126, 9.865804939293884 ], [ 48.767124964678857, 9.843610630851458 ], [ 48.733040848142274, 9.813489783679595 ], [ 48.692615500622139, 9.784954244253619 ], [ 48.66090934570439, 9.764345243557081 ], [ 48.622069305930147, 9.74532155060643 ], [ 48.576888035172352, 9.743736242860543 ], [ 48.535670033779276, 9.746906858352318 ], [ 48.508719802099186, 9.738980319622881 ], [ 48.466709146833168, 9.71995662667223 ], [ 48.427076453185975, 9.691817414182726 ], [ 48.387840086475265, 9.653175537876717 ], [ 48.349000046701015, 9.613542844229528 ], [ 48.297477544959669, 9.566776265725846 ], [ 48.242784427726548, 9.51921703334922 ], [ 48.199981118587587, 9.481962301320863 ], [ 48.157177809448626, 9.451841454148999 ], [ 48.1151671541826, 9.431034289984224 ], [ 48.092972845740178, 9.403291404431192 ], [ 48.085046307010742, 9.372377903386385 ], [ 48.0771197682813, 9.322440709390927 ], [ 48.085046307010742, 9.275674130887245 ], [ 48.09733244204137, 9.239608379668303 ], [ 48.127453289213229, 9.201560993767002 ], [ 48.178975790954574, 9.148453184279768 ], [ 48.224157061712376, 9.101686605776086 ], [ 48.267753024724279, 9.06046860438301 ], [ 48.319275526465624, 9.026384487846428 ], [ 48.363664143350476, 9.000028746571047 ], [ 48.413601337345931, 8.965944630034466 ], [ 48.454819338739007, 8.936616436735546 ], [ 48.507927148226244, 8.917592743784896 ], [ 48.562620265459365, 8.907288243436627 ], [ 48.602252959106551, 8.894605781469526 ], [ 48.640300345007851, 8.870826165281212 ], [ 48.671213846052659, 8.831986125506967 ], [ 48.687066923511537, 8.785021383535049 ], [ 48.686274269638595, 8.753909719022007 ], [ 48.677555077036203, 8.721014583294838 ], [ 48.657738730212614, 8.681778216584123 ], [ 48.629995844659582, 8.648090426984012 ], [ 48.580058650664128, 8.608854060273295 ], [ 48.52774349504984, 8.573184635990826 ], [ 48.48890345527559, 8.54068582720013 ], [ 48.459575261976674, 8.501845787425886 ], [ 48.444514838390738, 8.47727351736463 ], [ 48.420735222202424, 8.461618603373989 ], [ 48.385462124856431, 8.450719612621013 ], [ 48.33076900762331, 8.4396224583998 ], [ 48.294306929467893, 8.443585727764519 ], [ 48.235650542870054, 8.444378381637462 ], [ 48.18095742563694, 8.438829804526856 ], [ 48.138946770370914, 8.43565918903508 ], [ 48.096143461231954, 8.426939996432699 ], [ 48.050169536601217, 8.417428149957374 ], [ 48.008555208271666, 8.404547524522037 ], [ 47.89243141588539, 8.35758278255012 ], [ 47.809995413099237, 8.319535396648819 ], [ 47.727559410313084, 8.287829241731067 ], [ 47.664147100477599, 8.262464317796866 ], [ 47.624514406830407, 8.219661008657903 ], [ 47.602320098387985, 8.168931160789501 ], [ 47.608661329371536, 8.11186008193755 ], [ 47.621343791338631, 8.054789003085597 ], [ 47.646708715272837, 7.997717924233646 ], [ 47.703779794124785, 7.932720306652256 ], [ 47.762436180722624, 7.894672920750955 ], [ 47.808410105353367, 7.848698996120216 ], [ 47.824263182812238, 7.767055647207008 ], [ 47.787801104656829, 7.651328181757217 ], [ 47.735485949042534, 7.564136255733402 ], [ 47.672073639207035, 7.516577023356775 ], [ 47.654635254002272, 7.475359021963699 ], [ 47.654635254002272, 7.435726328316511 ], [ 47.683963447301188, 7.403623846462288 ], [ 47.704572447997727, 7.357253594895078 ], [ 47.69981652476006, 7.319206208993776 ], [ 47.682378139555304, 7.291859650377217 ], [ 47.652257292383439, 7.256982879967691 ], [ 47.614209906482138, 7.236373879271152 ], [ 47.580918443818504, 7.226069378922883 ], [ 47.558724135376075, 7.205460378226345 ], [ 47.548419635027805, 7.182473415910976 ], [ 47.550797596646632, 7.163846049896797 ], [ 47.563480058613742, 7.143633376136731 ], [ 47.592808251912658, 7.126987644804911 ], [ 47.641160138162228, 7.117475798329586 ], [ 47.694267947649458, 7.122231721567249 ], [ 47.733107987423708, 7.130158260296687 ], [ 47.775911296562668, 7.141255414517899 ], [ 47.82584849055813, 7.148389299374394 ], [ 47.872615069061808, 7.153937876485 ], [ 47.915418378200776, 7.148389299374394 ], [ 47.948313513927943, 7.144426030009675 ], [ 47.983190284337468, 7.133328875788462 ], [ 48.022030324111711, 7.123024375440193 ], [ 48.063248325504787, 7.120646413821362 ], [ 48.117148788864966, 7.122231721567249 ], [ 48.171049252225139, 7.127780298677855 ], [ 48.228912984950036, 7.122231721567249 ], [ 48.274886909580772, 7.110341913473093 ], [ 48.312934295482073, 7.088742095435374 ], [ 48.371590682079912, 7.055648796239972 ], [ 48.428661760931867, 7.028698564559884 ], [ 48.485732839783822, 6.993821794150358 ], [ 48.538047995398109, 6.951018485011394 ], [ 48.587192535520622, 6.91455640685598 ], [ 48.629995844659582, 6.873338405462905 ], [ 48.660116691831448, 6.840046942799265 ], [ 48.668043230560883, 6.797045470192065 ], [ 48.660116691831448, 6.749684401283676 ], [ 48.641092998880801, 6.710051707636487 ], [ 48.598289689741833, 6.673589629481073 ], [ 48.547559841873429, 6.633956935833885 ], [ 48.458782608103725, 6.587784847734909 ], [ 48.371590682079912, 6.550728279174789 ], [ 48.298666525769086, 6.522192739748813 ], [ 48.209889291999382, 6.498413123560499 ], [ 48.114770827246133, 6.476218815118074 ], [ 48.033920132205864, 6.449268583437985 ], [ 47.960995975895038, 6.428659582741448 ], [ 47.907095512534859, 6.397547918228403 ], [ 47.897583666059539, 6.368417888397721 ], [ 47.911851435772526, 6.336711733479969 ], [ 47.93563105196084, 6.311346809545769 ], [ 48.002213977288115, 6.293908424341006 ], [ 48.065626287123621, 6.284396577865681 ], [ 48.121112058229684, 6.255861038439704 ], [ 48.136965135688556, 6.219398960284291 ], [ 48.127453289213236, 6.182936882128877 ], [ 48.100503057533146, 6.154401342702902 ], [ 48.089405903311935, 6.124280495531038 ], [ 48.10208836527903, 6.1036714948345 ], [ 48.13379452019678, 6.108427418072162 ], [ 48.175012521589856, 6.124280495531038 ], [ 48.249521985646574, 6.131216216919295 ], [ 48.305007756752637, 6.119128245356904 ], [ 48.362078835604592, 6.096933936914479 ], [ 48.403296836997669, 6.065227781996728 ], [ 48.460367915849616, 6.022424472857764 ], [ 48.514268379209796, 6.001815472161226 ], [ 48.57609538129941, 5.981206471464688 ], [ 48.634751767897249, 5.965353394005812 ], [ 48.671213846052659, 5.941573777817499 ], [ 48.682311000273877, 5.918784978970366 ], [ 48.661701999577339, 5.863299207864301 ], [ 48.610972151708935, 5.814154667741787 ], [ 48.555486380602872, 5.765010127619274 ], [ 48.51109776371802, 5.685744740324896 ], [ 48.484147532037923, 5.618369161124676 ], [ 48.48890345527559, 5.54782296643268 ], [ 48.528536148922782, 5.478069425613628 ], [ 48.582436612282955, 5.405937923175745 ], [ 48.631581152405474, 5.349659498196736 ], [ 48.674384461544435, 5.282283918996516 ], [ 48.70926123195396, 5.210152416558632 ], [ 48.721943693921055, 5.126923759899536 ], [ 48.693408154495081, 5.000099140228532 ], [ 48.634751767897235, 4.903395367729392 ], [ 48.564998227078185, 4.811447518467914 ], [ 48.473050377816705, 4.751205824124187 ], [ 48.409638067981206, 4.738523362157087 ], [ 48.339884527162155, 4.763888286091288 ], [ 48.276472217326649, 4.82730059592679 ], [ 48.238424831425348, 4.909736598712942 ], [ 48.155988828639195, 4.938272138138918 ], [ 48.032334824459966, 4.887542290270517 ], [ 47.92770451323139, 4.748035208632412 ], [ 47.892827742821865, 4.627551819944959 ], [ 47.883315896346538, 4.488044738306855 ], [ 47.88223938490129, 4.423454051592063 ], [ 47.880145280854762, 4.297807808800349 ], [ 47.883315896346538, 4.094888417326743 ], [ 47.883315896346538, 3.901480872328462 ], [ 47.892827742821865, 3.742950097739707 ], [ 47.953069437165588, 3.578078092167403 ], [ 47.997458054050441, 3.467106549955274 ], [ 48.011725823763442, 3.313331698604181 ], [ 47.954654744911487, 3.237236926801579 ], [ 47.872218742125334, 3.170654001474302 ], [ 47.764417815404983, 3.107241691638801 ], [ 47.675640581635278, 3.085047383196375 ], [ 47.637593195733977, 3.021635073360873 ], [ 47.640763811225753, 2.948710917050046 ], [ 47.662958119668183, 2.863104298772118 ], [ 47.647105042209304, 2.77115644951064 ], [ 47.590033963357349, 2.720426601642239 ], [ 47.485403652128774, 2.669696753773837 ], [ 47.425161957785051, 2.615796290413661 ], [ 47.39662641835907, 2.519092517914522 ], [ 47.415650111309724, 2.465192054554345 ], [ 47.491744883112325, 2.398609129227068 ], [ 47.5583278084396, 2.316173126440916 ], [ 47.615398887291555, 2.195689737753462 ], [ 47.61856950278333, 2.097400657508434 ], [ 47.577351501390254, 2.053012040623583 ], [ 47.494915498604101, 2.033988347672932 ], [ 47.390285187375518, 2.040329578656482 ], [ 47.269801798688071, 2.030817732181157 ], [ 47.168342102951264, 1.992770346279856 ], [ 47.07005302270624, 1.999111577263406 ], [ 46.990787635411863, 2.040329578656482 ], [ 46.91786347910103, 2.087888811033109 ], [ 46.803721321397127, 2.11325373496731 ], [ 46.711773472135654, 2.097400657508434 ], [ 46.657873008775475, 2.043500194148257 ], [ 46.648361162300148, 1.97057603783743 ], [ 46.705432241152103, 1.907163728001928 ], [ 46.797380090413576, 1.869116342100627 ], [ 46.940057787543459, 1.770827261855599 ], [ 47.041517483280259, 1.694732490052997 ], [ 47.142977179017066, 1.631320180217495 ], [ 47.181024564918367, 1.523519253497142 ], [ 47.147023016493307, 1.262163932284129 ], [ 47.092247331148663, 1.116095162804042 ], [ 47.025664405821388, 1.011464851575464 ], [ 46.959081480494106, 0.932199464281087 ], [ 46.882986708691504, 0.881469616412685 ], [ 46.803721321397127, 0.916346386822211 ], [ 46.727626549594525, 0.916346386822211 ], [ 46.654702393283699, 0.894152078379785 ], [ 46.610313776398847, 0.799033613626533 ], [ 46.610313776398847, 0.70391514887328 ], [ 46.607143160907079, 0.585017067931714 ], [ 46.603972545415303, 0.500995757399674 ], [ 46.619825622874181, 0.390024215187546 ], [ 46.653117085537815, 0.266370211008317 ], [ 46.697505702422667, 0.155398668796189 ], [ 46.765673935495833, 0.026592414442826 ], [ 46.830671553077224, -0.07328197354809 ], [ 46.884572016437403, -0.17632697703078 ], [ 46.921380880661985, -0.297990264035315 ], [ 46.935301864305799, -0.366960233473758 ], [ 46.941643095289351, -0.456133794179932 ], [ 46.976519865698876, -0.567105336392061 ], [ 46.998327486246509, -0.610720577487325 ], [ 47.035176252296715, -0.684418109587739 ], [ 47.093832638894554, -0.822339883479956 ], [ 47.116026947336984, -0.949164503150959 ], [ 47.103344485369881, -1.049038891141875 ], [ 47.077979561435683, -1.167936972083441 ], [ 47.067252168876209, -1.23027449566451 ], [ 47.035176252296715, -1.295554245627389 ], [ 46.984446404428311, -1.330431016036915 ], [ 46.922619402338704, -1.347869401241678 ], [ 46.840183399552551, -1.362137170954665 ], [ 46.765673935495833, -1.36530778644644 ], [ 46.700676317914443, -1.377990248413541 ], [ 46.670026034973368, -1.394494246920274 ], [ 46.61824031512829, -1.422378865298392 ], [ 46.562754544022226, -1.479449944150344 ], [ 46.513610003899714, -1.552374100461171 ], [ 46.462880156031311, -1.630054180009661 ], [ 46.399467846195812, -1.68236933562395 ], [ 46.343982075089748, -1.693466489845163 ], [ 46.288496303983685, -1.6887105666075 ], [ 46.215572147672852, -1.668101565910962 ], [ 46.148989222345577, -1.663741969609771 ], [ 46.095088758985398, -1.666912585101546 ], [ 46.025335218166347, -1.682765662560422 ], [ 45.936557984396643, -1.676424431576872 ], [ 45.87631629005292, -1.654230123134446 ], [ 45.831927673168067, -1.62569458370847 ], [ 45.462479854711702, -1.800909636839291 ], [ 45.48846358410011, -1.976299810211037 ], [ 45.524763077876969, -2.221321393204833 ], [ 45.540333883668282, -2.392600256909313 ], [ 45.711612747372762, -2.614484239435571 ], [ 45.820608387911975, -2.894758743679266 ], [ 45.836179193703295, -3.284028888462175 ], [ 45.742754358955395, -3.766723867992982 ], [ 45.73343636372902, -4.005575425254256 ], [ 45.817657826117902, -4.312736052790171 ], [ 45.911787695846648, -4.545583625277073 ], [ 46.077526683468697, -4.662045200993671 ], [ 46.347757618800848, -4.768522790424108 ], [ 46.605376209637427, -4.932011511531933 ], [ 46.904503982430434, -5.138185145171446 ], [ 46.931757838963286, -5.152822150334512 ], [ 47.050702045425972, -5.323804447124617 ], [ 47.128556074382551, -5.495083310829096 ], [ 47.398048796826885, -5.60826031247794 ], [ 47.952919607859499, -5.628077127157676 ], [ 48.666324936330014, -5.558718275778599 ], [ 49.316924971635466, -5.296032824464518 ], [ 49.69647411704657, -5.161609168798085 ], [ 50.471386955594241, -4.829503666563368 ], [ 50.961637935083587, -4.655543641583278 ], [ 51.910510798611348, -4.647636367720547 ], [ 52.400761778100694, -4.331345413211293 ], [ 52.985900043942813, -4.173199935956665 ], [ 53.567084672853575, -3.999239910976575 ], [ 54.144315664832966, -3.833187159859217 ], [ 54.595030275008654, -3.580154396251813 ], [ 54.863877586341516, -3.382472549683529 ], [ 55.389711298213157, -3.572247122389082 ], [ 55.879962277702496, -3.532710753075425 ], [ 56.132995041309904, -3.762021695094635 ], [ 56.64696784238744, -3.746207147369172 ], [ 56.979073344622158, -3.920167172349262 ], [ 57.43769522866058, -4.015054458702038 ], [ 57.927946208149919, -3.817372612133754 ], [ 58.362846270600144, -3.754114421231903 ], [ 58.671229951246666, -3.595968943977276 ], [ 58.924262714854073, -3.651319861016395 ], [ 59.042871822795043, -3.643412587153664 ], [ 59.280090038676981, -3.453638014448112 ], [ 59.722897374989941, -3.532710753075425 ], [ 60.122214705057878, -3.667134408741858 ], [ 60.501763850468983, -3.540618026938156 ], [ 61.280630325948025, -4.254249493049662 ], [ 62.510211411602754, -4.428209518029751 ], [ 62.984647843366631, -4.499374982794333 ], [ 63.17442241607219, -4.807758663440857 ], [ 63.965718033622586, -5.050587533795937 ], [ 67.294112098555232, -5.044976879322798 ], [ 67.507608492848973, -5.076605974773723 ], [ 67.744826708730912, -4.973811414558215 ], [ 67.800177625770033, -4.815665937303588 ], [ 68.211355866632061, -4.744500472539006 ], [ 68.503924999553135, -4.744500472539006 ], [ 68.598812285905908, -4.53891135210799 ], [ 68.725328667709604, -4.388673148716094 ], [ 68.891381418826967, -4.167269480559617 ], [ 69.255116016512602, -4.056567646481378 ], [ 70.583478538508459, -5.014024124067189 ], [ 70.481763521927576, -5.049233168268265 ], [ 70.606951234642466, -5.110848995620147 ], [ 70.708666251223349, -5.146058039821222 ], [ 70.790820687692516, -5.169530735955272 ], [ 70.896447820295748, -5.200827664134006 ], [ 70.982514372787264, -5.267333636513815 ], [ 71.103789969479863, -5.314279028781915 ], [ 71.236801914239479, -5.333839608893624 ], [ 71.381550207066113, -5.337751724915965 ], [ 71.510650035803394, -5.329927492871282 ], [ 71.62018928442896, -5.345575956960649 ], [ 71.717992184987509, -5.329927492871282 ], [ 71.815795085546043, -5.329927492871282 ], [ 71.913597986104591, -5.30254268071489 ], [ 72.003576654618442, -5.30254268071489 ], [ 72.105291671199325, -5.322103260826598 ], [ 72.222655151869574, -5.32601537684894 ], [ 72.324370168450471, -5.30254268071489 ], [ 72.437821533098372, -5.271245752536156 ], [ 72.504327505478187, -5.25559728844679 ], [ 72.637339450237803, -5.243860940379764 ], [ 72.750790814885704, -5.27906998458084 ], [ 72.864242179533619, -5.322103260826598 ], [ 72.981605660203869, -5.345575956960649 ], [ 73.102881256896467, -5.345575956960649 ], [ 73.208508389499684, -5.341663840938307 ], [ 73.282838593924183, -5.337751724915965 ], [ 73.376729378460382, -5.314279028781915 ], [ 73.447147466862532, -5.298630564692548 ], [ 73.54495036742108, -5.310366912759573 ], [ 73.63884115195728, -5.361224421050015 ], [ 73.68774260223654, -5.415994045362799 ], [ 73.777721270750391, -5.451203089563874 ], [ 73.879436287331274, -5.451203089563874 ], [ 73.992887651979188, -5.419906161385141 ], [ 74.110251132649438, -5.435554625474508 ], [ 74.196317685140954, -5.474675785697924 ], [ 74.227614613319687, -5.545093874100075 ], [ 74.262823657520769, -5.599863498412859 ], [ 74.32932962990057, -5.635072542613934 ], [ 74.415396182392087, -5.650721006703301 ], [ 74.49363850283892, -5.650721006703301 ], [ 74.567968707263418, -5.650721006703301 ], [ 74.657947375777283, -5.678105818859692 ], [ 74.740101812246451, -5.744611791239501 ], [ 74.796827494570394, -5.823832140691921 ], [ 74.88289404706191, -5.870777532960021 ], [ 74.965048483531092, -5.929459273295147 ], [ 75.058939268067292, -5.964668317496222 ], [ 75.160654284648174, -6.035086405898372 ], [ 75.238896605095007, -6.109416610322865 ], [ 75.270193533273741, -6.19157104679204 ], [ 75.293666229407791, -6.265901251216532 ], [ 75.311773964595417, -6.268451636454226 ], [ 75.432546348200916, -6.285461831328241 ], [ 75.545997712848816, -6.293286063372924 ], [ 75.620327917273315, -6.293286063372924 ], [ 75.706394469764831, -6.258077019171849 ], [ 75.784636790211664, -6.258077019171849 ], [ 75.882439690770212, -6.265901251216532 ], [ 75.952857779172362, -6.226780090993116 ], [ 76.003715287462796, -6.144625654523939 ], [ 76.101518188021345, -6.07420756612179 ], [ 76.183672624490512, -6.050734869987739 ], [ 76.324508801294812, -6.042910637943056 ], [ 76.465344978099125, -6.050734869987739 ], [ 76.535763066501275, -6.058559102032422 ], [ 76.842586752770984, -6.176247580767849 ], [ 77.271409627807898, -6.302945248392393 ], [ 77.593026784085595, -6.380913043853652 ], [ 77.879468705821864, -6.348165350889484 ], [ 78.621392730897242, -5.929644105975177 ], [ 79.414046603841015, -5.314544700570815 ], [ 79.997439854327624, -5.03553053729461 ], [ 80.606198028748437, -4.655056678281603 ], [ 81.468605442511247, -4.325312667136997 ], [ 82.128093464800457, -3.995568655992392 ], [ 82.300752873079261, -3.978010072099632 ], [ 82.876358720859358, -3.919473884189791 ], [ 83.348838538675281, -4.049813144276943 ], [ 83.61194151495117, -4.122393275663394 ], [ 83.983949518300591, -4.312329970522156 ], [ 84.255569498806977, -3.915092896244501 ], [ 84.607691881990647, -3.571635913640204 ], [ 84.852213710750206, -3.259909804811194 ], [ 85.484795619768718, -3.196651613909343 ], [ 85.777208813909525, -2.916219133044004 ], [ 85.959232051532609, -2.496857877057618 ], [ 86.167047791215808, -2.146287152864081 ], [ 86.29133755376732, -1.832646872588183 ], [ 86.293745458840348, -1.239911530626956 ], [ 86.101562981061761, -0.773072174982181 ], [ 85.874668558236095, -0.275060061793888 ], [ 85.500610167494187, -0.013973884159971 ], [ 85.017022808162253, 0.158635800459359 ], [ 84.599180947142813, 0.349760713525672 ], [ 84.461502265500798, 0.636188547659564 ], [ 84.520108208515495, 1.029786265720568 ], [ 84.393280444472197, 1.445104425570117 ], [ 84.567551851691888, 1.871910932101458 ], [ 84.931286449377524, 1.871910932101458 ], [ 85.263391951612249, 2.156572791159787 ], [ 85.59549745384696, 2.188201886610712 ], [ 85.674570192474278, 2.583565579747281 ], [ 85.279206499337704, 2.947300177432923 ], [ 85.475083606497151, 3.318768010248474 ], [ 85.757596568032952, 3.674769372804209 ], [ 86.018536605503087, 4.093854887528971 ], [ 86.157301816783146, 4.342095325677486 ], [ 86.152960261169525, 4.694807701096554 ], [ 86.196285714513778, 4.956091714934893 ], [ 86.409946661708275, 5.216687776036824 ], [ 86.722568333877277, 5.443390436567756 ], [ 86.907741848097757, 5.735769669547474 ], [ 87.05393146458762, 6.154846570151736 ], [ 87.08316938788559, 6.573923470755997 ], [ 87.050435844589543, 6.811980277842875 ], [ 86.751806257175247, 7.229340251352198 ], [ 86.654346512848676, 7.609433254225831 ], [ 86.765773985531212, 8.156216834507205 ], [ 87.034621296864074, 8.440878693565535 ], [ 87.092915362318251, 8.722910833156924 ], [ 86.923919462785847, 9.10508969803497 ], [ 86.449483031021956, 9.373937009367836 ], [ 86.293745458840348, 9.570810608798105 ], [ 86.370410292394652, 9.785115250229866 ], [ 86.508156896358813, 10.067855304863626 ], [ 86.51274122192379, 10.49083944247864 ], [ 86.449681049762873, 10.779311438447605 ], [ 86.425761209433745, 11.123421351497148 ], [ 86.357094292652619, 11.333613734304985 ], [ 86.156913898100882, 11.495063223045522 ], [ 85.832715669728898, 11.708559617339269 ], [ 85.811319724423811, 11.884261289750119 ], [ 85.919695682218943, 12.088108762750373 ], [ 86.04621206402264, 12.341141526357777 ], [ 86.201158701730108, 12.54455105756265 ], [ 86.274253509975026, 12.81012886085256 ], [ 86.279126497191371, 13.10981757465677 ], [ 86.255754821385025, 13.531186242698848 ], [ 86.216218452071374, 13.744682636992593 ], [ 86.082249567918311, 14.143081826941057 ], [ 85.965297874726431, 14.406223136622801 ], [ 85.731394488342644, 14.630380548573919 ], [ 85.39515837041597, 14.728449416302528 ], [ 85.36104745990167, 14.638299152800448 ], [ 85.342585259132633, 14.611354319245633 ], [ 85.270897196399602, 14.506728497959575 ], [ 85.18074693289752, 14.484800055486097 ], [ 85.119834592693408, 14.372721349510538 ], [ 85.224603817844468, 14.235059460649255 ], [ 85.188056413722009, 14.171710626836983 ], [ 85.241659273101618, 14.042576465604274 ], [ 85.351301485469023, 14.018211529522631 ], [ 85.390285383199654, 13.923188278804222 ], [ 85.390285383199654, 13.825728534477649 ], [ 85.263587715575099, 13.779435155922528 ], [ 85.132017060734228, 13.759943207057214 ], [ 85.083287188570949, 13.735578270975571 ], [ 85.095469656611769, 13.635682033040833 ], [ 85.058922252489296, 13.574769692836727 ], [ 84.971208482595387, 13.538222288714261 ], [ 84.885931206309635, 13.523603327065276 ], [ 84.734868602603441, 13.491928910159139 ], [ 84.64959132631769, 13.586952160877548 ], [ 84.642281845493201, 13.628372552216341 ], [ 84.617916909411562, 13.647864501081655 ], [ 84.571623530856442, 13.65030099468982 ], [ 84.48147326735436, 13.65030099468982 ], [ 84.40106897828494, 13.669792943555134 ], [ 84.325537676431836, 13.752633726232721 ], [ 84.313355208391016, 13.823292040869486 ], [ 84.254879361795076, 13.896386849114416 ], [ 84.159856111076664, 13.8427839897348 ], [ 84.137927668603183, 13.803800092004172 ], [ 84.172038579117483, 13.745324245408227 ], [ 84.223204944888934, 13.689284892420449 ], [ 84.223204944888934, 13.642991513865327 ], [ 84.191530527982806, 13.562587224795903 ], [ 84.108689745305213, 13.508984365416289 ], [ 84.035594937060281, 13.489492416550975 ], [ 83.916206750260244, 13.477309948510154 ], [ 83.801691550676509, 13.501674884591797 ], [ 83.728596742431591, 13.526039820673439 ], [ 83.65550193418666, 13.599134628918369 ], [ 83.572661151509067, 13.611317096959191 ], [ 83.528804266562105, 13.512639105828537 ], [ 83.314392829043655, 13.493147156963223 ], [ 83.138965289255822, 13.356703514906021 ], [ 82.895315928439388, 13.346957540473364 ], [ 82.710142414218907, 13.249497796146791 ], [ 82.437255130104504, 13.122800128522247 ], [ 82.096146024961499, 13.152038051820218 ], [ 81.823258740847095, 13.093562205224275 ], [ 81.745290945385833, 12.976610512032389 ], [ 81.794020817549125, 12.840166869975187 ], [ 81.910972510741004, 12.7914369978119 ], [ 82.144875897124777, 12.820674921109871 ], [ 82.252081615884009, 12.879150767705816 ], [ 82.408017206806534, 12.908388691003788 ], [ 82.563952797729044, 12.89864271657113 ], [ 82.563952797729044, 12.752453100081272 ], [ 82.447001104537151, 12.596517509158755 ], [ 82.330049411345271, 12.518549713697498 ], [ 82.047416152798206, 12.489311790399526 ], [ 81.813512766414433, 12.547787636995469 ], [ 81.725798996520524, 12.557533611428127 ], [ 81.530879507867368, 12.479565815966868 ], [ 81.287230147050948, 12.596517509158755 ], [ 81.072818709532484, 12.810928946677215 ], [ 80.985104939638575, 12.947372588734417 ], [ 81.014342862936545, 13.210513898416162 ], [ 81.170278453859055, 13.376195463771335 ], [ 81.219008326022347, 13.639336773453081 ], [ 81.345705993646888, 13.795272364375597 ], [ 81.45291171240612, 13.89273210870217 ], [ 81.355451968079549, 14.029175750759372 ], [ 81.199516377157025, 14.165619392816573 ], [ 81.082564683965145, 14.302063034873775 ], [ 80.868153246446681, 14.370284855902376 ], [ 80.575774013466969, 14.253333162710488 ], [ 80.351616601515843, 14.087651597355315 ], [ 80.224918933891303, 13.834256262106226 ], [ 80.107967240699409, 13.512639105828537 ], [ 80.234664908323964, 13.268989745012107 ], [ 80.185935036160672, 12.859658818840501 ], [ 80.000761521940191, 12.635501406889384 ], [ 79.708382288960465, 12.518549713697498 ], [ 79.323416298870512, 12.418653475762763 ], [ 79.113877848568379, 12.218860999893289 ], [ 78.979870700119335, 11.944755468974803 ], [ 78.977434206511177, 11.903335077636008 ], [ 78.938450308780546, 11.83024026939108 ], [ 78.933577321564215, 11.762627571764519 ], [ 78.960378751254026, 11.705979095374699 ], [ 79.011545117025477, 11.655421853005288 ], [ 79.032255312694872, 11.578672304348114 ], [ 78.998144402180571, 11.493395028062363 ], [ 78.915303619502978, 11.422736713425596 ], [ 78.84951829208255, 11.39593528373579 ], [ 78.778859977445777, 11.415427232601104 ], [ 78.744749066931476, 11.454411130331733 ], [ 78.703328675592687, 11.454411130331733 ], [ 78.661908284253897, 11.403244764560283 ], [ 78.622924386523266, 11.369133854045982 ], [ 78.509627433743631, 11.346596288170465 ], [ 78.459812307429459, 11.292096154640186 ], [ 78.456024574364008, 11.210152646113263 ], [ 78.378056778902746, 11.161422773949976 ], [ 78.295215996225167, 11.15167679951732 ], [ 78.191977824213822, 11.165598150794574 ], [ 78.106387741592428, 11.162031897352016 ], [ 78.043038907780158, 11.196142807866316 ], [ 77.946797410257673, 11.233299335390823 ], [ 77.824972729849449, 11.252791284256137 ], [ 77.729949479131051, 11.318576611676574 ] ] ] } },
{ "type": "Feature", "properties": { "id": 84, "name": null, "type": "forest", "continent": null, "size": 2 }, "geometry": { "type": "Polygon", "coordinates": [ [ [ 27.117276880135933, -22.937305272309473 ], [ 26.951595314780761, -22.956797221174789 ], [ 26.785913749425585, -23.064002939934017 ], [ 26.649470107368387, -23.258922428587162 ], [ 26.503280490878527, -23.502571789403593 ], [ 26.425312695417269, -23.71698322692205 ], [ 26.425312695417269, -23.941140638873168 ], [ 26.503280490878527, -24.10682220422834 ], [ 26.668962056233699, -24.2530118207182 ], [ 26.893119468184818, -24.408947411640714 ], [ 27.12702285456859, -24.564883002563231 ], [ 27.321942343221735, -24.584374951428543 ], [ 27.516861831874881, -24.564883002563231 ], [ 27.653305473932079, -24.506407155967288 ], [ 27.8433519753689, -24.401637930816221 ], [ 28.009033540724072, -24.503970662359123 ], [ 28.072382374536343, -24.611176381118351 ], [ 28.189334067728229, -24.747620023175553 ], [ 28.316031735352773, -24.820714831420482 ], [ 28.452475377409975, -24.815841844204154 ], [ 28.623029929981477, -24.825587818636812 ], [ 28.788711495336649, -24.903555614098067 ], [ 28.881298252446893, -25.0107613328573 ], [ 28.969012022340809, -25.122840038832855 ], [ 29.090836702749023, -25.215426795943099 ], [ 29.163931510993955, -25.322632514702331 ], [ 29.237026319238883, -25.459076156759529 ], [ 29.319867101916468, -25.546789926653446 ], [ 29.412453859026712, -25.722217466441275 ], [ 29.461183731189998, -25.917136955094421 ], [ 29.578135424381884, -26.116929430963893 ], [ 29.77792790025136, -26.277738009102737 ], [ 29.909498555092231, -26.258246060237422 ], [ 30.045942197149433, -26.360578791780323 ], [ 30.114164018178034, -26.44829256167424 ], [ 30.221369736937262, -26.472657497755883 ], [ 30.221369736937262, -26.345959830131338 ], [ 30.182385839206635, -26.233881124155779 ], [ 30.036196222716775, -26.09256449488225 ], [ 29.880260631794258, -25.975612801690364 ], [ 29.855895695712615, -25.829423185200504 ], [ 29.899752580659573, -25.722217466441275 ], [ 30.002085312202475, -25.73683642809026 ], [ 30.031323235500444, -25.829423185200504 ], [ 30.080053107663733, -25.902517993445436 ], [ 30.206750775288278, -25.931755916743406 ], [ 30.309083506831175, -26.019469686637322 ], [ 30.426035200023065, -26.112056443747566 ], [ 30.46989208497002, -26.194897226425152 ], [ 30.606335727027222, -26.316721906833365 ], [ 30.757398330733409, -26.399562689510955 ], [ 30.952317819386554, -26.516514382702841 ], [ 31.098507435876414, -26.516514382702841 ], [ 31.308045886178544, -26.428800612808924 ], [ 31.181348218554, -26.394689702294624 ], [ 31.040031589280471, -26.394689702294624 ], [ 30.913333921655926, -26.345959830131338 ], [ 30.723287420219108, -26.258246060237422 ], [ 30.591716765378237, -26.160786315910851 ], [ 30.528367931565963, -26.053580597151623 ], [ 30.489384033835336, -25.858661108498477 ], [ 30.426035200023065, -25.717344479224948 ], [ 30.274972596316879, -25.585773824384074 ], [ 30.114164018178034, -25.507806028922818 ], [ 29.958228427255516, -25.351870438000301 ], [ 29.836403746847303, -25.288521604188031 ], [ 29.782800887467687, -25.156950949347156 ], [ 29.802292836333002, -25.015634320073627 ], [ 29.685341143141116, -24.86457171636744 ], [ 29.548897501083914, -24.762238984824538 ], [ 29.392961910161397, -24.733001061526569 ], [ 29.339359050781784, -24.640414304416325 ], [ 29.339359050781784, -24.489351700710138 ], [ 29.285756191402168, -24.377272994734579 ], [ 29.183423459859267, -24.343162084220278 ], [ 29.129820600479654, -24.250575327110035 ], [ 29.129820600479654, -24.206718442163076 ], [ 29.21266138315724, -24.084893761754863 ], [ 29.237026319238883, -23.953323106913988 ], [ 29.173677485426609, -23.860736349803744 ], [ 28.944647086259167, -23.679217575995501 ], [ 28.774092533687664, -23.508663023423999 ], [ 28.627902917197805, -23.440441202395398 ], [ 28.476840313491618, -23.450187176828056 ], [ 28.330650697001762, -23.474552112909699 ], [ 28.121112246699631, -23.469679125693371 ], [ 27.945684706911798, -23.411203279097428 ], [ 27.7751301543403, -23.313743534770854 ], [ 27.609448588985124, -23.230902752093268 ], [ 27.448640010846283, -23.167553918280998 ], [ 27.365799228168694, -23.045729237872781 ], [ 27.263466496625796, -22.962888455195195 ], [ 27.117276880135933, -22.937305272309473 ] ] ] } },
{ "type": "Feature", "properties": { "id": 85, "name": null, "type": "forest", "continent": null, "size": 1 }, "geometry": { "type": "Polygon", "coordinates": [ [ [ 30.430908187239393, -26.583517956927356 ], [ 30.460146110537362, -26.807675368878471 ], [ 30.606335727027222, -26.992848883098958 ], [ 30.976682755468197, -27.197514346184761 ], [ 31.230078090717285, -27.178022397319445 ], [ 31.561441221427629, -27.168276422886791 ], [ 31.727122786782804, -27.10005460185819 ], [ 31.551695246994974, -27.002594857531616 ], [ 31.239824065149943, -26.973356934233646 ], [ 31.103380423092741, -26.973356934233646 ], [ 30.88896898557428, -26.92462706207036 ], [ 30.723287420219108, -26.778437445580501 ], [ 30.64531962475785, -26.671231726821272 ], [ 30.557605854863937, -26.573771982494698 ], [ 30.430908187239393, -26.583517956927356 ] ] ] } },
{ "type": "Feature", "properties": { "id": 87, "name": null, "type": "forest", "continent": null, "size": 1 }, "geometry": { "type": "Polygon", "coordinates": [ [ [ 27.653305473932079, -26.391034961882372 ], [ 27.750765218258653, -26.473875744559958 ], [ 27.804368077638269, -26.556716527237544 ], [ 27.818987039287254, -26.668795233213103 ], [ 27.83847898815257, -26.741890041458031 ], [ 27.887208860315855, -26.795492900837647 ], [ 27.979795617426099, -26.839349785784606 ], [ 28.082128348969, -26.878333683515233 ], [ 28.164969131646586, -26.96604745340915 ], [ 28.125985233915955, -27.136602005980652 ], [ 28.028525489589384, -27.23893473752355 ], [ 27.931065745262813, -27.312029545768482 ], [ 27.804368077638269, -27.341267469066452 ], [ 27.69228937166271, -27.351013443499109 ], [ 27.585083652903482, -27.351013443499109 ], [ 27.550972742389181, -27.268172660821524 ], [ 27.580210665687151, -27.185331878143938 ], [ 27.667924435581067, -27.117110057115337 ], [ 27.726400282177011, -27.082999146601036 ], [ 27.726400282177011, -27.00015836392345 ], [ 27.682543397230052, -26.897825632380549 ], [ 27.614321576201451, -26.834476798568275 ], [ 27.54609975517285, -26.761381990323347 ], [ 27.51198884465855, -26.634684322698803 ], [ 27.492496895793238, -26.54697055280489 ], [ 27.521734819091208, -26.430018859613 ], [ 27.580210665687151, -26.381288987449715 ], [ 27.653305473932079, -26.391034961882372 ] ] ] } },
{ "type": "Feature", "properties": { "id": 88, "name": null, "type": "forest", "continent": null, "size": 2 }, "geometry": { "type": "Polygon", "coordinates": [ [ [ 28.33796017782625, -29.441524959304083 ], [ 28.469530832667125, -29.577968601361285 ], [ 28.576736551426354, -29.694920294553171 ], [ 28.737545129565198, -29.748523153932794 ], [ 28.849623835540754, -29.748523153932794 ], [ 29.015305400895929, -29.646190422389886 ], [ 29.210224889549075, -29.602333537442927 ], [ 29.43438230150019, -29.616952499091912 ], [ 29.67803166231662, -29.670555358471528 ], [ 29.892443099835081, -29.748523153932787 ], [ 30.087362588488226, -29.919077706504286 ], [ 30.331011949304656, -29.992172514749218 ], [ 30.540550399606783, -29.997045501965552 ], [ 30.706231964961958, -29.928823680936951 ], [ 31.11556289113356, -29.948315629802259 ], [ 31.349466277517333, -29.875220821557335 ], [ 31.520020830088836, -29.821617962177722 ], [ 31.885494871313483, -29.729031205067471 ], [ 32.095033321615617, -29.641317435173555 ], [ 32.270460861403443, -29.588323699195985 ], [ 32.360611124905525, -29.473808499612264 ], [ 32.528729183868862, -29.361729793636705 ], [ 32.677355293966883, -29.383658236110186 ], [ 32.757759583036304, -29.334319240544854 ], [ 32.774815038293454, -29.222849657971341 ], [ 32.818671923240423, -29.104070594573333 ], [ 32.886893744269017, -28.923770067569173 ], [ 32.913695173958821, -28.804991004171164 ], [ 32.882020757052693, -28.684993693969069 ], [ 32.818671923240423, -28.553423039128198 ], [ 32.76994205107713, -28.392614460989353 ], [ 32.70659321726486, -28.275662767797467 ], [ 32.711466204481191, -28.168457049038235 ], [ 32.799179974375107, -28.036886394197364 ], [ 32.930750629215979, -27.890696777707504 ], [ 33.052575309624196, -27.890696777707504 ], [ 33.06232128405685, -28.027140419764706 ], [ 33.00384543746091, -28.148965100172923 ], [ 32.99897245024458, -28.309773678311767 ], [ 33.028210373542542, -28.397487448205684 ], [ 33.081813232922158, -28.460836282017958 ], [ 33.123233624260955, -28.477891737275108 ], [ 33.147598560342594, -28.541240571087378 ], [ 33.150035053950766, -28.602152911291483 ], [ 33.198764926114052, -28.680120706752742 ], [ 33.276732721575307, -28.831183310458929 ], [ 33.340081555387584, -28.953007990867142 ], [ 33.408303376416185, -29.084578645708017 ], [ 33.41804935084884, -29.206403326116231 ], [ 33.41804935084884, -29.420814763634692 ], [ 33.393684414767193, -29.571877367340878 ], [ 33.320589606522269, -29.718066983830738 ], [ 33.315716619305938, -29.800907766508324 ], [ 33.354700517036569, -29.942224395781853 ], [ 33.359573504252893, -30.068922063406397 ], [ 33.330335580954923, -30.215111679896257 ], [ 33.208510900546706, -30.371047270818771 ], [ 33.076940245705835, -30.444142079063703 ], [ 32.911258680350663, -30.492871951226988 ], [ 32.740704127779161, -30.522109874524958 ], [ 32.596951004897456, -30.596422929573972 ], [ 32.397158529027983, -30.654898776169915 ], [ 32.12914423212991, -30.640279814520927 ], [ 31.844074479974694, -30.63967069111888 ], [ 31.714940318741984, -30.705456018539319 ], [ 31.619917068023579, -30.746876409878112 ], [ 31.415251604937776, -30.731648324827091 ], [ 31.327537835043863, -30.682918452663802 ], [ 31.225205103500961, -30.648807542149502 ], [ 31.09363444866009, -30.65855351658216 ], [ 30.966936781035546, -30.760886248125061 ], [ 30.796382228464037, -30.859564239255711 ], [ 30.547859880431279, -31.034991779043541 ], [ 30.270099609100548, -31.064229702341514 ], [ 30.006958299418802, -31.083721651206826 ], [ 29.855895695712615, -31.1470704850191 ], [ 29.709706079222755, -31.264022178210986 ], [ 29.587881398814542, -31.278641139859971 ], [ 29.529405552218599, -31.205546331615043 ], [ 29.626865296545169, -31.093467625639484 ], [ 29.821784785198314, -30.971642945231267 ], [ 29.899752580659573, -30.849818264823053 ], [ 29.933863491173874, -30.723120597198509 ], [ 29.846149721279957, -30.630533840088265 ], [ 29.69508711757377, -30.620787865655608 ], [ 29.524532565002268, -30.537947082978022 ], [ 29.349105025214438, -30.474598249165751 ], [ 29.198042421508251, -30.37226551762285 ], [ 29.039670336977572, -30.294297722161598 ], [ 28.864242797189739, -30.221202913916667 ], [ 28.761910065646841, -30.133489144022754 ], [ 28.65957733410394, -29.997045501965552 ], [ 28.464657845450795, -29.884966795989993 ], [ 28.333087190609923, -29.821617962177722 ], [ 28.255119395148665, -29.719285230634821 ], [ 28.152786663605763, -29.62182548630825 ], [ 28.045580944846535, -29.568222626928634 ], [ 28.055326919279192, -29.47563586981839 ], [ 28.143040689173105, -29.417160023222447 ], [ 28.24050043349968, -29.402541061573462 ], [ 28.33796017782625, -29.441524959304083 ] ] ] } },
{ "type": "Feature", "properties": { "id": 89, "name": null, "type": "forest", "continent": null, "size": 2 }, "geometry": { "type": "Polygon", "coordinates": [ [ [ 34.457213874730911, -31.101386229866019 ], [ 34.476705823596227, -31.232956884706891 ], [ 34.540054657408497, -31.37914650119675 ], [ 34.491324785245212, -31.452241309441678 ], [ 34.429194198237013, -31.467469394492703 ], [ 34.40117452174313, -31.498534687996802 ], [ 34.393865040918641, -31.53751858572743 ], [ 34.443813159885998, -31.555183164386616 ], [ 34.499852512873773, -31.557619657994781 ], [ 34.555891865861554, -31.579548100468259 ], [ 34.604621738024839, -31.623404985415217 ], [ 34.648478622971801, -31.659952389537683 ], [ 34.68502602709426, -31.711118755309133 ], [ 34.675280052661606, -31.776904082729569 ], [ 34.599748750808509, -31.842689410150005 ], [ 34.409702249371712, -31.952331622517399 ], [ 34.24402068401654, -32.030299417978654 ], [ 33.902911578873535, -32.186235008901171 ], [ 33.581294422595846, -32.186235008901171 ], [ 33.0452658287997, -32.234964881064457 ], [ 32.72364867252201, -32.244710855497118 ], [ 32.353301644081036, -32.332424625391035 ], [ 32.109652283264609, -32.429884369717605 ], [ 31.856256948015517, -32.507852165178861 ], [ 31.563877715035801, -32.615057883938093 ], [ 31.398196149680629, -32.819723347023896 ], [ 31.163074516492767, -32.992105269801513 ], [ 30.800036968876288, -33.060327090830114 ], [ 30.512530723112899, -33.123675924642384 ], [ 30.348067404561814, -33.151086477734232 ], [ 30.292028051574032, -33.216871805154675 ], [ 30.274972596316882, -33.270474664534284 ], [ 30.274972596316882, -33.338696485562885 ], [ 30.416289225590411, -33.343569472779215 ], [ 30.613645207851722, -33.365497915252696 ], [ 30.652629105582349, -33.465394153187432 ], [ 30.618518195068049, -33.604274288852793 ], [ 30.440654161672054, -33.682242084314055 ], [ 30.197004800855627, -33.716352994828355 ], [ 29.981375116533084, -33.777874458434503 ], [ 29.936299984782043, -33.862542611318219 ], [ 29.907062061484073, -33.998986253375421 ], [ 29.801074589528927, -34.116547069969343 ], [ 29.686559389945206, -34.133602525226493 ], [ 29.477020939643076, -34.170149929348952 ], [ 29.332049569957295, -34.281619511922479 ], [ 29.263827748928694, -34.50577692387359 ], [ 29.161495017385796, -34.862723237469659 ], [ 29.037233843369417, -35.117336819522826 ], [ 28.98119449038164, -35.278145397661667 ], [ 28.908099682136708, -35.3853511164209 ], [ 28.866679290797915, -35.548596188167906 ], [ 28.864242797189753, -35.689912817441439 ], [ 28.89348072048772, -35.801991523417009 ], [ 28.990940464814294, -35.987165037637496 ], [ 29.088400209140865, -36.094370756396721 ], [ 29.103019170789853, -36.174775045466134 ], [ 29.076217741100045, -36.230814398453909 ], [ 29.03236085615309, -36.289290245049855 ], [ 28.981194490381636, -36.311218687523343 ], [ 28.905663188528546, -36.284417257833525 ], [ 28.854496822757092, -36.223504917629434 ], [ 28.82282240585096, -36.116299198870188 ], [ 28.827695393067287, -35.950617633515016 ], [ 28.786275001728495, -35.840975421147625 ], [ 28.739981623173374, -35.728896715172063 ], [ 28.708307206267236, -35.636309958061823 ], [ 28.715616687091728, -35.502302809612786 ], [ 28.713180193483566, -35.348803712298434 ], [ 28.774092533687671, -35.226979031890217 ], [ 28.786275001728491, -35.053987985710563 ], [ 28.805766950593807, -34.742116803865535 ], [ 28.78871149533666, -34.653184787167525 ], [ 28.683942270185593, -34.61663738304506 ], [ 28.581609538642692, -34.611764395828736 ], [ 28.523133692046748, -34.5459790684083 ], [ 28.525570185654914, -34.455828804906218 ], [ 28.564554083385541, -34.346186592538821 ], [ 28.635212398022308, -34.238980873779596 ], [ 28.737545129565206, -34.157358337906096 ], [ 28.837441367499945, -34.073299308424424 ], [ 28.864242797189753, -33.89482615162639 ], [ 28.932464618218354, -33.797366407299819 ], [ 29.185859953467439, -33.504378050918064 ], [ 29.36372398686343, -33.34722421319146 ], [ 29.449001263149182, -33.33016875793431 ], [ 29.52209607139411, -33.296057847420009 ], [ 29.544024513867591, -33.240018494432235 ], [ 29.580571917990053, -33.132812775673003 ], [ 29.647575492214571, -33.069463941860732 ], [ 29.820566538394235, -33.020734069697447 ], [ 29.900970827463659, -33.025607056913778 ], [ 29.99843057179023, -33.059717967428078 ], [ 30.088580835292312, -33.053017610005625 ], [ 30.134874213847432, -33.013424588872951 ], [ 30.149493175496417, -32.9281473125872 ], [ 30.227460970957676, -32.847743023517779 ], [ 30.334666689716904, -32.794749287540206 ], [ 30.472328578578189, -32.674751977338119 ], [ 30.646537871561936, -32.565109764970721 ], [ 30.748870603104837, -32.516379892807436 ], [ 30.880441257945709, -32.482268982293135 ], [ 30.980337495880445, -32.450594565387 ], [ 31.111908150721316, -32.440848590954346 ], [ 31.19840367381115, -32.406737680440045 ], [ 31.265407248035668, -32.355571314668595 ], [ 31.300736405354051, -32.277603519207332 ], [ 31.387231928443882, -32.209381698178731 ], [ 31.489564659986783, -32.163088319623611 ], [ 31.589460897921519, -32.133850396325641 ], [ 31.684484148639928, -32.165524813231777 ], [ 31.751487722864457, -32.23374663426037 ], [ 31.836764999150208, -32.27516702559916 ], [ 31.926915262652287, -32.277603519207325 ], [ 32.024375006978858, -32.224000659827716 ], [ 32.099906308831955, -32.111312830450117 ], [ 32.192493065942195, -32.055273477462336 ], [ 32.363047618513697, -32.026035554164366 ], [ 32.557967107166839, -31.996797630866396 ], [ 32.918568161175159, -31.974260064990879 ], [ 33.288915189616134, -31.954768116125564 ], [ 33.386374933942705, -31.835989052727552 ], [ 33.532564550432561, -31.769594601905077 ], [ 33.664135205273432, -31.723910346751993 ], [ 33.749412481559183, -31.755584763658131 ], [ 33.839562745061265, -31.784822686956101 ], [ 33.978442880726632, -31.767767231698951 ], [ 34.061283663404218, -31.6824899554132 ], [ 34.075902625053203, -31.560056151602947 ], [ 34.071029637836872, -31.460159913668207 ], [ 34.080775612269527, -31.384628611815117 ], [ 34.161179901338954, -31.316406790786516 ], [ 34.216001007522642, -31.279250263262014 ], [ 34.230619969171627, -31.193972986976263 ], [ 34.250111918036943, -31.137933633988485 ], [ 34.312242505045141, -31.104431846876221 ], [ 34.403611015351295, -31.062402332135392 ], [ 34.457213874730911, -31.101386229866019 ] ] ] } },
{ "type": "Feature", "properties": { "id": 90, "name": null, "type": "forest", "continent": null, "size": 2 }, "geometry": { "type": "Polygon", "coordinates": [ [ [ 35.035881106669926, -33.142558750105657 ], [ 35.111412408523016, -33.109666086395443 ], [ 35.216181633674083, -33.121848554436262 ], [ 35.352625275731278, -33.146213490517908 ], [ 35.408664628719059, -33.263165183709795 ], [ 35.433029564800705, -33.37524388968535 ], [ 35.428156577584375, -33.477576621228252 ], [ 35.428156577584375, -33.562853897514003 ], [ 35.440339045625194, -33.657877148232409 ], [ 35.484195930572156, -33.706607020395694 ], [ 35.559727232425246, -33.68467857792222 ], [ 35.640131521494666, -33.648131173799754 ], [ 35.727845291388583, -33.65056766740792 ], [ 35.88987211633151, -33.67980559070589 ], [ 36.014133290347893, -33.733408450085506 ], [ 36.089664592200982, -33.862542611318212 ], [ 36.111593034674463, -33.940510406779467 ], [ 36.133521477147944, -34.016041708632564 ], [ 36.13595797075611, -34.135429895432615 ], [ 36.155449919621425, -34.228016652542856 ], [ 36.204179791784711, -34.276746524706141 ], [ 36.332095706213337, -34.383952243465373 ], [ 36.412499995282758, -34.410753673155178 ], [ 36.527015194866479, -34.408317179547012 ], [ 36.62934792640938, -34.427809128412328 ], [ 36.706097475066564, -34.464965655936837 ], [ 36.767009815270669, -34.567298387479738 ], [ 36.788938257744149, -34.662321638198144 ], [ 36.818176181042119, -34.73297995283491 ], [ 36.85228709155642, -34.793892293039015 ], [ 36.91563592536869, -34.864550607675781 ], [ 36.993603720829952, -34.901098011798247 ], [ 37.132483856495313, -34.908407492622736 ], [ 37.22507061360556, -34.940081909528871 ], [ 37.342022306797446, -34.949827883961532 ], [ 37.434609063907686, -34.908407492622736 ], [ 37.517449846585272, -34.852368139634962 ], [ 37.605163616479189, -34.815820735512496 ], [ 37.688004399156775, -34.806074761079834 ], [ 37.786682390287432, -34.774400344173699 ], [ 37.879269147397679, -34.798765280255346 ], [ 37.942617981209949, -34.798765280255346 ], [ 37.998657334197731, -34.752471901700225 ], [ 38.066879155226324, -34.735416446443075 ], [ 38.147283444295752, -34.776836837781865 ], [ 38.210632278108022, -34.79632878664718 ], [ 38.281290592744789, -34.789019305822684 ], [ 38.347075920165224, -34.754908395308384 ], [ 38.422607222018314, -34.720797484794083 ], [ 38.534685927993877, -34.73297995283491 ], [ 38.595598268197982, -34.818257229120661 ], [ 38.551741383251027, -34.905970999014571 ], [ 38.481083068614261, -34.988811781692156 ], [ 38.403115273152999, -35.035105160247284 ], [ 38.332456958516239, -35.066779577153419 ], [ 38.305655528826428, -35.142310879006509 ], [ 38.225251239757007, -35.21053270003511 ], [ 38.108299546565121, -35.248298350961655 ], [ 38.020585776671204, -35.301901210341271 ], [ 37.893888109046664, -35.367686537761706 ], [ 37.806174339152747, -35.365250044153541 ], [ 37.720897062866996, -35.33113913363924 ], [ 37.59176290163429, -35.360377056937217 ], [ 37.567397965552644, -35.401797448276007 ], [ 37.477247702050569, -35.428598877965818 ], [ 37.379787957723991, -35.416416409924992 ], [ 37.345677047209698, -35.416416409924992 ], [ 37.277455226181097, -35.452963814047457 ], [ 37.240907822058631, -35.491947711778089 ], [ 37.162940026597369, -35.523622128684224 ], [ 37.080099243919783, -35.494384205386254 ], [ 37.024059890932008, -35.477328750129104 ], [ 36.970457031552392, -35.474892256520938 ], [ 36.929036640213596, -35.501693686210743 ], [ 36.858378325576837, -35.526058622292389 ], [ 36.790156504548236, -35.511439660643404 ], [ 36.765791568466589, -35.499257192602578 ], [ 36.673204811356349, -35.474892256520938 ], [ 36.619601951976733, -35.426162384357653 ], [ 36.480721816311366, -35.374996018586202 ], [ 36.416154735695009, -35.416416409924992 ], [ 36.294330055286792, -35.418852903533157 ], [ 36.174941868486741, -35.404233941884172 ], [ 36.079918617768335, -35.399360954667841 ], [ 35.941038482102968, -35.384741993018856 ], [ 35.894745103547848, -35.345758095288225 ], [ 35.797285359221277, -35.275099780651466 ], [ 35.789975878396781, -35.18738601075755 ], [ 35.816777308086593, -35.121600683337114 ], [ 35.755864967882481, -34.997339509320732 ], [ 35.70469860211103, -34.907189245818657 ], [ 35.591401649331388, -34.829221450357394 ], [ 35.489068917788487, -34.829221450357394 ], [ 35.345315794906796, -34.80242002066759 ], [ 35.240546569755729, -34.760999629328794 ], [ 35.162578774294474, -34.678158846651208 ], [ 35.099229940482203, -34.614810012838937 ], [ 35.076083251204636, -34.519177638718489 ], [ 35.032226366257682, -34.506995170677669 ], [ 34.92989363471478, -34.489939715420519 ], [ 34.847052852037194, -34.397352958310272 ], [ 34.788577005441248, -34.304766201200032 ], [ 34.769085056575932, -34.207306456873461 ], [ 34.725228171628977, -34.17319554635916 ], [ 34.618022452869745, -34.151267103885679 ], [ 34.505943746894189, -34.117156193371379 ], [ 34.415793483392108, -34.080608789248913 ], [ 34.367063611228822, -33.98741290873663 ], [ 34.425539457824769, -33.843659785854939 ], [ 34.58634803596361, -33.819294849773293 ], [ 34.747156614102458, -33.824167836989623 ], [ 34.859235320078014, -33.814421862556969 ], [ 34.868981294510668, -33.734017573487542 ], [ 34.878727268943329, -33.626811854728317 ], [ 34.9420761027556, -33.573208995348701 ], [ 35.046845327906667, -33.531788604009904 ], [ 35.083392732029132, -33.436156229889455 ], [ 35.046845327906667, -33.321641030305734 ], [ 34.9761870132699, -33.287530119791434 ], [ 34.9761870132699, -33.211998817938344 ], [ 35.035881106669926, -33.142558750105657 ] ] ] } },
{ "type": "Feature", "properties": { "id": 92, "name": null, "type": "forest", "continent": null, "size": 2 }, "geometry": { "type": "Polygon", "coordinates": [ [ [ 26.528863673764263, -32.769775228056517 ], [ 26.528863673764263, -32.911091857330042 ], [ 26.475260814384647, -33.00367861444029 ], [ 26.402166006139719, -33.140122256497492 ], [ 26.382674057274404, -33.252200962473047 ], [ 26.338817172327445, -33.403263566179234 ], [ 26.280341325731502, -33.554326169885421 ], [ 26.251103402433532, -33.715134748024262 ], [ 26.246230415217202, -33.84183241564881 ], [ 26.251103402433532, -33.997768006571327 ], [ 26.264504117278438, -34.0507617425489 ], [ 26.312015742637641, -34.070253691414216 ], [ 26.353436133976434, -34.089745640279531 ], [ 26.382674057274407, -34.134820772030572 ], [ 26.404602499747885, -34.182332397389779 ], [ 26.416784967788708, -34.210352073883662 ], [ 26.442368150674433, -34.243244737593884 ], [ 26.480742925003021, -34.259386507747969 ], [ 26.486834159023434, -34.311771120323506 ], [ 26.439322533664228, -34.356846252074547 ], [ 26.37841019346012, -34.370246966919446 ], [ 26.341862789337657, -34.406794371041912 ], [ 26.291305546968246, -34.493594455832763 ], [ 26.216992491919235, -34.633083714900174 ], [ 26.182881581404935, -34.730543459226745 ], [ 26.165826126147785, -34.798765280255346 ], [ 26.1853180750131, -34.884042556541097 ], [ 26.23161145356822, -34.959573858394187 ], [ 26.270595351298848, -35.027795679422788 ], [ 26.273031844907013, -35.096017500451389 ], [ 26.226738466351893, -35.179467406531018 ], [ 26.160953138931454, -35.242816240343288 ], [ 26.119532747592661, -35.225760785086138 ], [ 26.129278722025319, -35.157538964057537 ], [ 26.126842228417157, -35.074698181379951 ], [ 26.075675862645706, -35.0235318156085 ], [ 26.039128458523241, -34.96505596901256 ], [ 26.014763522441598, -34.894397654375794 ], [ 26.009890535225267, -34.784755442008397 ], [ 26.06836638182121, -34.701914659330811 ], [ 26.095167811511018, -34.60445491500424 ], [ 26.158516645323292, -34.499685689853173 ], [ 26.241357428000878, -34.414408413567422 ], [ 26.299833274596821, -34.353496073363317 ], [ 26.280341325731506, -34.282837758726551 ], [ 26.204810023878412, -34.229234899346935 ], [ 26.13415170924165, -34.163449571926499 ], [ 26.097604305119184, -34.06781719780605 ], [ 26.080548849862033, -33.885080177193728 ], [ 26.080548849862033, -33.777874458434503 ], [ 26.082985343470199, -33.71391650122019 ], [ 26.058620407388556, -33.565290391122169 ], [ 26.063493394604883, -33.494632076485402 ], [ 26.090294824294691, -33.445902204322117 ], [ 26.121969241200826, -33.365497915252696 ], [ 26.136588202849811, -33.316768043089411 ], [ 26.119532747592661, -33.26560167731796 ], [ 26.065929888213049, -33.243673234844479 ], [ 26.029382484090583, -33.168141932991382 ], [ 26.039128458523241, -33.085301150313796 ], [ 26.095167811511018, -33.009160725058663 ], [ 26.095167811511018, -32.933629423205574 ], [ 26.121969241200826, -32.904391499907604 ], [ 26.182881581404935, -32.887336044650453 ], [ 26.243793921609043, -32.865407602176973 ], [ 26.285214312947836, -32.806931755581026 ], [ 26.333944185111122, -32.777693832283056 ], [ 26.402166006139723, -32.772820845066725 ], [ 26.455768865519335, -32.743582921768756 ], [ 26.502062244074459, -32.726527466511605 ], [ 26.528863673764263, -32.769775228056517 ] ] ] } },
{ "type": "Feature", "properties": { "id": 93, "name": null, "type": "forest", "continent": "Essos", "size": 2 }, "geometry": { "type": "Polygon", "coordinates": [ [ [ 57.100767222205839, -12.174703881645705 ], [ 57.210409434573236, -12.160084919996718 ], [ 57.320051646940627, -12.157648426388555 ], [ 57.441876327348844, -12.196632324119184 ], [ 57.549082046108069, -12.230743234633485 ], [ 57.636795816001985, -12.303838042878413 ], [ 57.746438028369383, -12.384242331947835 ], [ 57.856080240736773, -12.467083114625421 ], [ 57.934048036198028, -12.530431948437693 ], [ 57.992523882793975, -12.647383641629579 ], [ 58.021761806091945, -12.735097411523494 ], [ 58.02419829970011, -12.815501700592916 ], [ 58.050999729389915, -12.881287028013352 ], [ 58.072928171863396, -12.949508849041953 ], [ 58.131404018459342, -13.015294176462389 ], [ 58.223990775569582, -13.078643010274661 ], [ 58.277593634949199, -13.139555350478769 ], [ 58.3458154559778, -13.180975741817562 ], [ 58.399418315357416, -13.178539248209397 ], [ 58.457894161953355, -13.190721716250218 ], [ 58.528552476590122, -13.241888082021669 ], [ 58.599210791226888, -13.336911332740076 ], [ 58.677178586688143, -13.439244064282978 ], [ 58.696670535553459, -13.539140302217714 ], [ 58.655250144214662, -13.609798616854478 ], [ 58.596774297618722, -13.668274463450421 ], [ 58.550480919063602, -13.702385373964722 ], [ 58.560226893496257, -13.76329771416883 ], [ 58.596774297618722, -13.793144760868842 ], [ 58.601647284835053, -13.907659960452564 ], [ 58.540734944630941, -14.017302172819958 ], [ 58.470076629994175, -14.073341525807736 ], [ 58.377489872883935, -14.129380878795516 ], [ 58.348251949585965, -14.170801270134309 ], [ 58.314141039071664, -14.20003919343228 ], [ 58.260538179692048, -14.221967635905759 ], [ 58.214244801136928, -14.163491789309816 ], [ 58.214244801136928, -14.080651006632229 ], [ 58.223990775569582, -14.005119704779137 ], [ 58.294649090206349, -13.946643858183192 ], [ 58.328760000720649, -13.905223466844399 ], [ 58.314141039071664, -13.841874633032127 ], [ 58.311704545463499, -13.756597356746378 ], [ 58.326323507112484, -13.683502548501448 ], [ 58.353124936802288, -13.622590208297341 ], [ 58.3458154559778, -13.586042804174877 ], [ 58.299522077422679, -13.539749425619755 ], [ 58.248355711651229, -13.539749425619755 ], [ 58.172824409798132, -13.498329034280962 ], [ 58.146022980108327, -13.410615264387046 ], [ 58.148459473716493, -13.318028507276804 ], [ 58.136277005675666, -13.266862141505353 ], [ 58.050999729389915, -13.237624218207381 ], [ 57.99496037640214, -13.22544175016656 ], [ 57.929175048981705, -13.164529409962451 ], [ 57.863389721561269, -13.108490056974674 ], [ 57.797604394140834, -13.067069665635879 ], [ 57.751311015585706, -12.984228882958293 ], [ 57.717200105071406, -12.861795079148038 ], [ 57.690398675381601, -12.713168969050015 ], [ 57.624613347961166, -12.620582211939771 ], [ 57.471114250646814, -12.510939999572379 ], [ 57.393146455185558, -12.496321037923392 ], [ 57.302996191683476, -12.450027659368271 ], [ 57.293250217250822, -12.403734280813149 ], [ 57.225028396222221, -12.364750383082521 ], [ 57.142187613544635, -12.340385447000877 ], [ 57.047164362826223, -12.29652856205392 ], [ 57.037418388393569, -12.235616221849812 ], [ 57.100767222205839, -12.174703881645705 ] ] ] } },
{ "type": "Feature", "properties": { "id": 94, "name": null, "type": "forest", "continent": "Westeros", "size": 1 }, "geometry": { "type": "Polygon", "coordinates": [ [ [ 8.74611507457703, 32.118313421173248 ], [ 8.677893253548429, 32.035472638495662 ], [ 8.57556052200553, 32.030599651279331 ], [ 8.497592726544271, 32.098821472307932 ], [ 8.443989867164657, 32.196281216634503 ], [ 8.42937090551567, 32.230392127148804 ], [ 8.405005969434027, 32.34734382034069 ], [ 8.443989867164657, 32.454549539099922 ], [ 8.560941560356543, 32.517898372912192 ], [ 8.677893253548429, 32.595866168373455 ], [ 8.731496112928046, 32.542263308993839 ], [ 8.736369100144373, 32.386327718071321 ], [ 8.71200416406273, 32.31810589704272 ], [ 8.74611507457703, 32.118313421173248 ] ] ] } },
{ "type": "Feature", "properties": { "id": 95, "name": null, "type": "forest", "continent": "Westeros", "size": 1 }, "geometry": { "type": "Polygon", "coordinates": [ [ [ 8.831392350862783, 32.485614832604014 ], [ 8.848447806119932, 32.566628245075478 ], [ 8.941034563230176, 32.70307188713268 ], [ 9.165191975181292, 32.73718279764698 ], [ 9.364984451050764, 32.70794487434901 ], [ 9.535539003622267, 32.634850066104079 ], [ 9.613506799083524, 32.474041487965238 ], [ 9.613024185206395, 32.391930222194105 ], [ 9.652490696814153, 32.298613948177405 ], [ 9.632998747948839, 32.181662254985518 ], [ 9.555030952487581, 32.108567446740587 ], [ 9.423460297646708, 32.064710561793632 ], [ 9.362547957442603, 32.066537931999754 ], [ 9.316254578887479, 32.093948485091602 ], [ 9.291889642805836, 32.215773165499819 ], [ 9.296762630022164, 32.303486935393735 ], [ 9.272397693940521, 32.371708756422336 ], [ 9.184683924046606, 32.405819666936637 ], [ 8.999510409826119, 32.430184603018276 ], [ 8.916669627148535, 32.421047751987658 ], [ 8.866721508181167, 32.428357232812154 ], [ 8.83504709127503, 32.450285675285635 ], [ 8.831392350862783, 32.485614832604014 ] ] ] } },
{ "type": "Feature", "properties": { "id": 96, "name": null, "type": "forest", "continent": null, "size": 2 }, "geometry": { "type": "Polygon", "coordinates": [ [ [ 76.864994248232719, 26.358442531472839 ], [ 76.972199966991937, 26.295093697660565 ], [ 77.142754519563439, 26.290220710444238 ], [ 77.274325174404325, 26.234181357456457 ], [ 77.435133752543166, 26.221998889415637 ], [ 77.693402075008578, 26.085555247358435 ], [ 77.83471870428211, 25.983222515815534 ], [ 77.888321563661719, 25.827286924893016 ], [ 77.868829614796411, 25.64698639788886 ], [ 77.80060779376781, 25.522725223872477 ], [ 77.693402075008578, 25.510542755831658 ], [ 77.410768816461513, 25.590947044901078 ], [ 77.264579199971664, 25.559272627994943 ], [ 77.186611404510401, 25.452066909235715 ], [ 76.972199966991937, 25.349734177692813 ], [ 76.699312682877533, 25.242528458933581 ], [ 76.455663322061113, 25.193798586770296 ], [ 76.30947370557125, 25.164560663472326 ], [ 76.231505910109988, 25.045172476672274 ], [ 76.33871162886922, 24.91847480904773 ], [ 76.553123066387684, 24.850252988019129 ], [ 76.621344887416285, 24.745483762868062 ], [ 76.748042555040826, 24.691880903488446 ], [ 76.782153465555126, 24.680916682251702 ], [ 76.782153465555126, 24.613913108027191 ], [ 76.826010350502088, 24.563964989059816 ], [ 76.818700869677585, 24.500616155247545 ], [ 76.805300154832693, 24.467723491537328 ], [ 76.773625737926551, 24.392192189684234 ], [ 76.6883484616408, 24.331279849480126 ], [ 76.605507678963221, 24.272804002884182 ], [ 76.50317494742032, 24.26549452205969 ], [ 76.387441501032512, 24.23625659876172 ], [ 76.339929875673306, 24.172907764949446 ], [ 76.330183901240645, 24.080321007839203 ], [ 76.281454029077366, 24.016972174026929 ], [ 76.203486233616104, 24.004789705986109 ], [ 76.114554216918108, 23.963369314647316 ], [ 75.997602523726215, 23.885401519186058 ], [ 75.97201934084049, 23.853727102279919 ], [ 75.981765315273151, 23.811697587539086 ], [ 76.123081944546684, 23.775150183416621 ], [ 76.254652599387555, 23.704491868779854 ], [ 76.303382471550833, 23.655761996616569 ], [ 76.299727731138589, 23.544292414043056 ], [ 76.319219680003911, 23.271405129928652 ], [ 76.512920921852967, 23.214756653538828 ], [ 76.624999627828529, 23.168463274983708 ], [ 76.663983525559161, 23.083185998697957 ], [ 76.640836836281593, 22.969279922516279 ], [ 76.576269755665237, 22.938823752414219 ], [ 76.573833262057079, 22.877911412210111 ], [ 76.656674044734658, 22.853546476128468 ], [ 76.661547031950988, 22.743904263761074 ], [ 76.720022878546942, 22.690301404381458 ], [ 76.656674044734658, 22.639135038610007 ], [ 76.581142742881568, 22.61720659613653 ], [ 76.561650794016259, 22.563603736756914 ], [ 76.522666896285628, 22.539238800675271 ], [ 76.437389619999877, 22.548984775107929 ], [ 76.377695526599851, 22.520965098614042 ], [ 76.235160650522232, 22.527056332634452 ], [ 76.171811816709962, 22.585532179230395 ], [ 76.09871700846503, 22.648881013042665 ], [ 75.97201934084049, 22.653754000258996 ], [ 75.767353877754687, 22.729285302112089 ], [ 75.733242967240386, 22.807253097573348 ], [ 75.760044396930198, 22.909585829116246 ], [ 75.769790371362859, 23.082576875295914 ], [ 75.79171881383634, 23.223893504569443 ], [ 75.755171409713867, 23.343281691369494 ], [ 75.721060499199567, 23.438304942087903 ], [ 75.568779648689301, 23.534546439610398 ], [ 75.377514900448404, 23.557693128887955 ], [ 75.301983598595299, 23.596677026618583 ], [ 75.219142815917721, 23.669771834863514 ], [ 75.206960347876901, 23.740430149500277 ], [ 75.208178594680973, 23.84641762145543 ], [ 75.148484501280947, 23.977988276296301 ], [ 75.139956773652386, 24.099812956704518 ], [ 74.993767157162523, 24.275240496492348 ], [ 74.935291310566583, 24.538381806174094 ], [ 75.013259106027832, 24.752793243692555 ], [ 75.217924569113634, 24.928220783480384 ], [ 75.412844057766776, 24.986696630076327 ], [ 75.461573929930069, 25.240091965325419 ], [ 75.578525623121962, 25.396027556247933 ], [ 75.773445111775104, 25.473995351709192 ], [ 75.987856549293554, 25.522725223872477 ], [ 76.026840447024185, 25.668914840362337 ], [ 76.036586421456846, 25.815104456852197 ], [ 76.173030063514048, 26.012460439113507 ], [ 76.33871162886922, 26.175705510860514 ], [ 76.523885143089714, 26.202506940550322 ], [ 76.674947746795894, 26.348696557040181 ], [ 76.864994248232719, 26.358442531472839 ] ] ] } },
{ "type": "Feature", "properties": { "id": 97, "name": null, "type": "forest", "continent": null, "size": 2 }, "geometry": { "type": "Polygon", "coordinates": [ [ [ 81.06916396912024, 27.944599870387801 ], [ 81.0106881225243, 27.95921883203679 ], [ 80.957085263144677, 28.095662474093988 ], [ 80.97657721201, 28.246725077800178 ], [ 81.03992604582227, 28.34905780934308 ], [ 81.215353585610089, 28.402660668722692 ], [ 81.327432291585652, 28.392914694290035 ], [ 81.405400087046914, 28.368549758208392 ], [ 81.507732818589815, 28.363676770992065 ], [ 81.585700614051078, 28.373422745424723 ], [ 81.697779320026626, 28.34905780934308 ], [ 81.81473101321852, 28.310073911612449 ], [ 81.887825821463451, 28.256471052232833 ], [ 82.009650501871661, 28.193122218420562 ], [ 82.072999335683932, 28.090789486877661 ], [ 82.087618297332924, 27.983583768118432 ], [ 82.146094143928863, 27.939726883171474 ], [ 82.146094143928863, 27.871505062142873 ], [ 82.204569990524803, 27.84714012606123 ], [ 82.306902722067704, 27.793537266681614 ], [ 82.326394670933027, 27.705823496787698 ], [ 82.331267658149358, 27.627855701326443 ], [ 82.428727402475928, 27.554760893081511 ], [ 82.526187146802499, 27.471920110403925 ], [ 82.487203249071868, 27.379333353293681 ], [ 82.360505581447327, 27.374460366077354 ], [ 82.253299862688095, 27.384206340510008 ], [ 82.185078041659494, 27.369587378861024 ], [ 82.072999335683932, 27.354968417212039 ], [ 81.946301668059391, 27.359841404428366 ], [ 81.839095949300159, 27.393952314942666 ], [ 81.702652307242957, 27.384206340510008 ], [ 81.610065550132717, 27.354968417212039 ], [ 81.473621908075515, 27.345222442779381 ], [ 81.351797227667291, 27.330603481130396 ], [ 81.229972547259081, 27.345222442779381 ], [ 81.142258777365171, 27.364714391644696 ], [ 81.030180071389609, 27.432936212673297 ], [ 81.049672020254917, 27.510904008134553 ], [ 81.093528905201879, 27.540141931432526 ], [ 81.088655917985548, 27.583998816379484 ], [ 81.142258777365171, 27.622982714110112 ], [ 81.215353585610089, 27.700950509571371 ], [ 81.234845534475411, 27.788664279465287 ], [ 81.220226572826419, 27.8422671388449 ], [ 81.13251280293251, 27.905615972657174 ], [ 81.06916396912024, 27.944599870387801 ] ] ] } },
{ "type": "Feature", "properties": { "id": 98, "name": null, "type": "forest", "continent": null, "size": 2 }, "geometry": { "type": "Polygon", "coordinates": [ [ [ 82.872169239161835, 26.817721576611813 ], [ 82.71623364823931, 26.75924573001587 ], [ 82.648011827210709, 26.661785985689296 ], [ 82.550552082884138, 26.61305611352601 ], [ 82.5602980573168, 26.525342343632094 ], [ 82.579790006182108, 26.349914803844264 ], [ 82.462838312990229, 26.281692982815663 ], [ 82.297156747635057, 26.232963110652378 ], [ 82.111983233414563, 26.19397921292175 ], [ 81.946301668059391, 26.07702751972986 ], [ 81.87807984703079, 25.999059724268605 ], [ 81.87807984703079, 25.882108031076715 ], [ 81.897571795896098, 25.765156337884829 ], [ 82.0340154379533, 25.68718854242357 ], [ 82.131475182279871, 25.648204644692942 ], [ 82.141221156712533, 25.521506977068398 ], [ 82.111983233414563, 25.375317360578538 ], [ 82.043761412385962, 25.248619692953994 ], [ 81.965793616924699, 25.160905923060078 ], [ 81.887825821463451, 25.073192153166165 ], [ 81.93655569362673, 24.936748511108963 ], [ 82.024269463520653, 24.907510587810989 ], [ 82.199697003308472, 24.907510587810989 ], [ 82.316648696500366, 24.927002536676305 ], [ 82.462838312990229, 24.917256562243647 ], [ 82.58953598061477, 24.87827266451302 ], [ 82.666285529271946, 24.94223062172733 ], [ 82.705269427002577, 25.020198417188588 ], [ 82.824657613802628, 25.027507898013081 ], [ 82.888006447614899, 25.044563353270231 ], [ 82.929426838953688, 25.129840629555982 ], [ 82.970847230292478, 25.183443488935598 ], [ 83.04881502575374, 25.246792322747869 ], [ 83.09510840430886, 25.300395182127485 ], [ 83.115818599978255, 25.424047232741824 ], [ 83.087798923484371, 25.458767266658164 ], [ 83.034196064104762, 25.453894279441837 ], [ 82.975720217508808, 25.52942558129493 ], [ 82.92699034534553, 25.519679606862272 ], [ 82.875823979574079, 25.473386228307149 ], [ 82.803947418133234, 25.540998925933714 ], [ 82.727197869476058, 25.519679606862272 ], [ 82.654103061231126, 25.468513241090822 ], [ 82.576135265769864, 25.449021292225506 ], [ 82.464056559794301, 25.488005189956137 ], [ 82.393398245157542, 25.548917530160246 ], [ 82.355632594230997, 25.638458670260285 ], [ 82.355632594230997, 25.80414023561546 ], [ 82.390961751549384, 25.894899622519578 ], [ 82.492076236288199, 26.028297647566575 ], [ 82.667503776076032, 26.096519468595176 ], [ 82.735725597104633, 26.262201033950348 ], [ 82.784455469267911, 26.437628573738181 ], [ 82.872169239161835, 26.486358445901466 ], [ 82.940391060190436, 26.505850394766782 ], [ 83.076834702247638, 26.583818190228037 ], [ 83.115818599978255, 26.720261832285239 ], [ 83.086580676680285, 26.827467551044471 ], [ 82.872169239161835, 26.817721576611813 ] ] ] } },
{ "type": "Feature", "properties": { "id": 99, "name": null, "type": "forest", "continent": null, "size": 1 }, "geometry": { "type": "Polygon", "coordinates": [ [ [ 79.508589813090992, 23.504090269508339 ], [ 79.596303582984902, 23.426122474047084 ], [ 79.691326833703314, 23.416376499614426 ], [ 79.805842033287036, 23.360337146626645 ], [ 79.866754373491148, 23.289678831989882 ], [ 79.922793726478929, 23.211711036528623 ], [ 79.998325028332019, 23.106941811377556 ], [ 80.064110355752462, 22.985117130969343 ], [ 80.044618406887139, 22.836491020871318 ], [ 79.983706066683041, 22.799943616748852 ], [ 79.920357232870757, 22.785324655099867 ], [ 79.786350084421727, 22.773142187059047 ], [ 79.701072808135976, 22.82674504643866 ], [ 79.579248127727752, 22.929077777981561 ], [ 79.464732928144031, 23.026537522308136 ], [ 79.381892145466452, 23.07039440725509 ], [ 79.328289286086829, 23.155671683540842 ], [ 79.294178375572528, 23.265313895908236 ], [ 79.286868894748039, 23.350591172193987 ], [ 79.340471754127663, 23.450487410128726 ], [ 79.403820587939933, 23.50896325672467 ], [ 79.469605915360361, 23.516272737549162 ], [ 79.508589813090992, 23.504090269508339 ] ] ] } },
{ "type": "Feature", "properties": { "id": 100, "name": null, "type": "forest", "continent": null, "size": 1 }, "geometry": { "type": "Polygon", "coordinates": [ [ [ 77.286507642445144, 24.145497211857595 ], [ 77.305999591310453, 24.062656429180009 ], [ 77.308436084918625, 24.016363050624889 ], [ 77.352292969865573, 23.987125127326916 ], [ 77.413205310069685, 23.989561620935081 ], [ 77.510665054396256, 23.991998114543243 ], [ 77.598378824290165, 23.972506165677931 ], [ 77.688529087792247, 23.896974863824838 ], [ 77.756750908820848, 23.821443561971744 ], [ 77.751877921604517, 23.70692836238802 ], [ 77.693402075008578, 23.589976669196133 ], [ 77.612997785939157, 23.502262899302217 ], [ 77.508228560788098, 23.451096533530766 ], [ 77.398586348420693, 23.463279001571589 ], [ 77.315745565743114, 23.504699392910382 ], [ 77.225595302241032, 23.526627835383859 ], [ 77.179301923685912, 23.53150082260019 ], [ 77.14762750677977, 23.57779420115531 ], [ 77.091588153791989, 23.614341605277776 ], [ 77.069659711318522, 23.648452515792076 ], [ 77.0842786729675, 23.699618881563527 ], [ 77.079405685751169, 23.762967715375797 ], [ 77.096461141008319, 23.821443561971744 ], [ 77.079405685751169, 23.879919408567687 ], [ 77.04285828162871, 23.9335222679473 ], [ 77.064786724102191, 24.004180582584066 ], [ 77.108643609049139, 24.043164480314694 ], [ 77.142754519563439, 24.11382279495146 ], [ 77.162246468428762, 24.152806692682088 ], [ 77.21097634059204, 24.179608122371896 ], [ 77.262142706363491, 24.189354096804554 ], [ 77.286507642445144, 24.145497211857595 ] ] ] } },
{ "type": "Feature", "properties": { "id": 101, "name": null, "type": "forest", "continent": "Essos", "size": 3 }, "geometry": { "type": "Polygon", "coordinates": [ [ [ 68.230416199968886, 8.504052482127898 ], [ 68.59875090988389, 8.384343701405523 ], [ 68.876589470434851, 8.372263763990265 ], [ 68.968318464172171, 8.436813796620235 ], [ 69.036540285200772, 8.485543668783521 ], [ 68.970754957780343, 8.542192145173336 ], [ 69.007302361902802, 8.636606272489709 ], [ 69.021921323551794, 8.719447055167295 ], [ 68.931771060049712, 8.751730595475468 ], [ 68.880604694278261, 8.80716082506121 ], [ 68.788017937168007, 8.777922901763239 ], [ 68.707613648098587, 8.805333454855083 ], [ 68.71492312892309, 8.875382646089811 ], [ 68.663756763151639, 8.975888007426585 ], [ 68.768525988302699, 9.045937198661314 ], [ 68.809946379641488, 9.151315547214415 ], [ 68.924461579225209, 9.123904994122572 ], [ 69.026794310768111, 9.080048109175614 ], [ 69.165674446433485, 9.083093726185814 ], [ 69.360593935086627, 9.092839700618471 ], [ 69.63348121920103, 9.13669658556543 ], [ 69.711449014662293, 9.248775291540987 ], [ 69.765051874041902, 9.312124125353259 ], [ 69.843019669503164, 9.321870099785917 ], [ 70.057431107021614, 9.360853997516546 ], [ 70.150017864131868, 9.414456856896161 ], [ 70.28646150618907, 9.516789588439062 ], [ 70.442397097111581, 9.580138422251334 ], [ 70.554475803087144, 9.575265435035005 ], [ 70.737212823699466, 9.432730558957394 ], [ 70.888275427405645, 9.23293808308792 ], [ 71.083194916058801, 9.120859377112362 ], [ 71.331717264091552, 8.945431837324531 ], [ 71.507144803879385, 8.847972092997958 ], [ 71.633842471503925, 8.867464041863272 ], [ 71.765413126344811, 9.003907683920474 ], [ 71.877491832320359, 9.164716262059319 ], [ 72.004189499944914, 9.106240415463375 ], [ 72.009062487161231, 8.940558850108202 ], [ 71.989570538295922, 8.847972092997958 ], [ 72.087030282622493, 8.755385335887715 ], [ 72.379409515602205, 8.740766374238728 ], [ 72.681534723014593, 8.726147412589743 ], [ 72.949549019912666, 8.755385335887715 ], [ 73.178579419080108, 8.882083003512259 ], [ 73.295531112271988, 9.072129504949075 ], [ 73.300404099488318, 9.257303019169562 ], [ 73.358879946084272, 9.393746661226764 ], [ 73.524561511439444, 9.471714456688023 ], [ 73.763337885039547, 9.398619648443093 ], [ 73.958257373692689, 9.364508737928793 ], [ 74.123938939047861, 9.364508737928793 ], [ 74.187287772860131, 9.457095495039036 ], [ 74.226271670590762, 9.608158098745225 ], [ 74.1483038751295, 9.681252906990153 ], [ 74.231144657807093, 9.804904957604494 ], [ 74.262819074713221, 9.950485450692311 ], [ 74.175105304819311, 10.038199220586225 ], [ 73.975312828949839, 10.062564156667868 ], [ 73.848615161325299, 10.004088310071925 ], [ 73.731663468133405, 9.921247527394339 ], [ 73.653695672672143, 10.023580258937239 ], [ 73.756028404215044, 10.208753773157728 ], [ 73.960693867300847, 10.291594555835314 ], [ 74.145867381521342, 10.457276121190487 ], [ 74.209216215333612, 10.471895082839474 ], [ 74.365151806256122, 10.501133006137445 ], [ 74.618547141505218, 10.369562351296572 ], [ 74.720879873048119, 10.203880785941399 ], [ 74.867069489537982, 10.093629450171964 ], [ 75.018132093244162, 10.040026590792349 ], [ 75.100972875921755, 9.932820872033119 ], [ 75.115591837570733, 9.825615153273889 ], [ 75.213051581897304, 9.786631255543261 ], [ 75.344622236738175, 9.918201910384134 ], [ 75.446954968281077, 9.921247527394339 ], [ 75.661366405799541, 10.010788667494378 ], [ 75.739334201260803, 10.152105296767907 ], [ 75.880650830534336, 10.137486335118922 ], [ 76.012221485375207, 10.137486335118922 ], [ 76.046332395889507, 10.269056989959795 ], [ 76.148665127432409, 10.288548938825109 ], [ 76.241251884542649, 10.359816376863915 ], [ 76.241251884542649, 10.442657159541501 ], [ 76.21688694846101, 10.532198299641541 ], [ 76.15353811464874, 10.664987201286495 ], [ 76.163284089081387, 10.801430843343697 ], [ 76.168157076297717, 10.991477344780513 ], [ 76.099935255269116, 11.074318127458099 ], [ 75.987856549293554, 11.146803812300989 ], [ 75.939126677130275, 11.258882518276547 ], [ 76.041459408673177, 11.385580185901093 ], [ 76.25099785897531, 11.385580185901093 ], [ 76.348457603301881, 11.429437070848049 ], [ 76.484901245359083, 11.395326160333749 ], [ 76.660328785146916, 11.385580185901093 ], [ 76.821137363285757, 11.473293955795008 ], [ 76.894232171530689, 11.619483572284866 ], [ 76.913724120395997, 11.775419163207383 ], [ 76.89910515874702, 11.88749786918294 ], [ 76.89910515874702, 11.985566736911553 ], [ 76.96245399255929, 12.106782293917728 ], [ 77.125699064306289, 12.167085510719794 ], [ 77.208539846983882, 12.259672267830039 ], [ 77.347419982649242, 12.287082820921889 ], [ 77.393713361204362, 12.318148114425982 ], [ 77.442443233367655, 12.425353833185211 ], [ 77.574013888208526, 12.522813577511783 ], [ 77.628236518846862, 12.543330248564127 ], [ 77.674415451879881, 12.560803358360403 ], [ 77.75431441521269, 12.591035398540384 ], [ 77.888321563661719, 12.613572964415907 ], [ 78.092987026747522, 12.532559551944441 ], [ 78.287906515400678, 12.552051500809755 ], [ 78.497444965702798, 12.742098002246573 ], [ 78.51206392735179, 12.849303721005802 ], [ 78.585158735596721, 12.930317133477267 ], [ 78.692364454355953, 12.917525542034403 ], [ 78.794697185898855, 12.871841286881324 ], [ 78.892156930225426, 12.740270632040451 ], [ 79.043219533931605, 12.740270632040451 ], [ 79.087076418878567, 13.057014801101811 ], [ 79.189409150421469, 13.188585455942684 ], [ 79.296614869180701, 13.13498259656307 ], [ 79.301487856397031, 12.993665967289539 ], [ 79.428185524021572, 12.676921798228179 ], [ 79.708382288960465, 12.518549713697498 ], [ 80.000761521940191, 12.635501406889384 ], [ 80.185935036160672, 12.859658818840501 ], [ 80.234664908323964, 13.268989745012107 ], [ 80.107967240699409, 13.512639105828537 ], [ 80.224918933891303, 13.834256262106226 ], [ 80.351616601515843, 14.087651597355315 ], [ 80.575774013466969, 14.253333162710488 ], [ 80.868153246446681, 14.370284855902376 ], [ 81.082564683965145, 14.302063034873775 ], [ 81.199516377157025, 14.165619392816573 ], [ 81.355451968079549, 14.029175750759372 ], [ 81.45291171240612, 13.89273210870217 ], [ 81.345705993646888, 13.795272364375597 ], [ 81.219008326022347, 13.639336773453081 ], [ 81.170278453859055, 13.376195463771335 ], [ 81.014342862936545, 13.210513898416162 ], [ 80.985104939638575, 12.947372588734417 ], [ 81.072818709532484, 12.810928946677215 ], [ 81.287230147050948, 12.596517509158755 ], [ 81.530879507867368, 12.479565815966868 ], [ 81.725798996520524, 12.557533611428127 ], [ 81.813512766414433, 12.547787636995469 ], [ 82.047416152798206, 12.489311790399526 ], [ 82.330049411345271, 12.518549713697498 ], [ 82.447001104537151, 12.596517509158755 ], [ 82.563952797729044, 12.752453100081272 ], [ 82.563952797729044, 12.89864271657113 ], [ 82.408017206806534, 12.908388691003788 ], [ 82.252081615884009, 12.879150767705816 ], [ 82.144875897124777, 12.820674921109871 ], [ 81.910972510741004, 12.7914369978119 ], [ 81.794020817549125, 12.840166869975187 ], [ 81.745290945385833, 12.976610512032389 ], [ 81.823258740847095, 13.093562205224275 ], [ 82.096146024961499, 13.152038051820218 ], [ 82.437255130104504, 13.122800128522247 ], [ 82.710142414218907, 13.249497796146791 ], [ 82.895315928439388, 13.346957540473364 ], [ 83.138965289255822, 13.356703514906021 ], [ 83.314392829043655, 13.493147156963223 ], [ 83.528804266562105, 13.512639105828537 ], [ 83.572661151509067, 13.611317096959191 ], [ 83.65550193418666, 13.599134628918369 ], [ 83.728596742431591, 13.526039820673439 ], [ 83.801691550676509, 13.501674884591797 ], [ 83.916206750260244, 13.477309948510154 ], [ 84.035594937060281, 13.489492416550975 ], [ 84.108689745305213, 13.508984365416289 ], [ 84.191530527982806, 13.562587224795903 ], [ 84.223204944888934, 13.642991513865327 ], [ 84.223204944888934, 13.689284892420449 ], [ 84.172038579117483, 13.745324245408227 ], [ 84.137927668603183, 13.803800092004172 ], [ 84.159856111076664, 13.8427839897348 ], [ 84.254879361795076, 13.896386849114416 ], [ 84.313355208391016, 13.823292040869486 ], [ 84.325537676431836, 13.752633726232721 ], [ 84.40106897828494, 13.669792943555134 ], [ 84.48147326735436, 13.65030099468982 ], [ 84.571623530856442, 13.65030099468982 ], [ 84.617916909411562, 13.647864501081655 ], [ 84.642281845493201, 13.628372552216341 ], [ 84.64959132631769, 13.586952160877548 ], [ 84.734868602603441, 13.491928910159139 ], [ 84.885931206309635, 13.523603327065276 ], [ 84.971208482595387, 13.538222288714261 ], [ 85.058922252489296, 13.574769692836727 ], [ 85.095469656611769, 13.635682033040833 ], [ 85.083287188570949, 13.735578270975571 ], [ 85.132017060734228, 13.759943207057214 ], [ 85.263587715575099, 13.779435155922528 ], [ 85.390285383199654, 13.825728534477649 ], [ 85.390285383199654, 13.923188278804222 ], [ 85.351301485469023, 14.018211529522631 ], [ 85.241659273101618, 14.042576465604274 ], [ 85.188056413722009, 14.171710626836983 ], [ 85.224603817844468, 14.235059460649255 ], [ 85.119834592693408, 14.372721349510538 ], [ 85.18074693289752, 14.484800055486097 ], [ 85.270897196399602, 14.506728497959575 ], [ 85.342585259132633, 14.611354319245633 ], [ 85.36104745990167, 14.638299152800448 ], [ 85.39515837041597, 14.728449416302528 ], [ 85.339119017428203, 14.842964615886251 ], [ 85.200238881762829, 14.867329551967893 ], [ 85.11739809908525, 14.889257994441373 ], [ 85.032120822799499, 14.830782147845429 ], [ 84.980954457028048, 14.799107730939292 ], [ 84.905423155174944, 14.86489305835973 ], [ 84.832328346930012, 14.88194851361688 ], [ 84.720249640954464, 14.884385007225044 ], [ 84.62035340301972, 14.857583577535237 ], [ 84.537512620342142, 14.869766045576059 ], [ 84.45223534405639, 14.838091628669922 ], [ 84.425433914366579, 14.784488769290308 ], [ 84.301172740350196, 14.728449416302528 ], [ 84.230514425713437, 14.830782147845429 ], [ 84.159856111076664, 14.872202539184222 ], [ 84.077015328399085, 14.896567475265865 ], [ 83.930825711909222, 14.95504332186181 ], [ 83.860167397272463, 14.940424360212823 ], [ 83.845548435623471, 14.945297347429152 ], [ 83.75296167851323, 14.979408257943453 ], [ 83.640882972537668, 15.093923457527175 ], [ 83.650628946970329, 15.154835797731282 ], [ 83.640882972537668, 15.197474435874161 ], [ 83.71885076799893, 15.253513788861941 ], [ 83.657938427794818, 15.329045090715034 ], [ 83.526367772953947, 15.375338469270156 ], [ 83.433781015843707, 15.346100545972185 ], [ 83.272972437704851, 15.321735609890542 ], [ 83.315611075847727, 15.397876035145673 ], [ 83.33997601192938, 15.53675617081104 ], [ 83.308301595023238, 15.653707864002927 ], [ 83.279063671725268, 15.824262416574429 ], [ 83.193786395439517, 15.843754365439743 ], [ 82.974501970704736, 15.821825922966264 ], [ 82.862423264729173, 15.809643454925443 ], [ 82.772273001227092, 15.848627352656072 ], [ 82.735725597104633, 15.972888526672453 ], [ 82.767400014010761, 16.094713207080666 ], [ 82.789328456484242, 16.148316066460282 ], [ 82.789328456484242, 16.216537887488883 ], [ 82.764963520402603, 16.253085291611349 ], [ 82.679686244116851, 16.267704253260334 ], [ 82.533496627626988, 16.284759708517484 ], [ 82.394616491961628, 16.279886721301157 ], [ 82.315430449696279, 16.348108542329758 ], [ 82.27401005835749, 16.404147895317536 ], [ 82.140002909908446, 16.365163997586908 ], [ 81.993813293418597, 16.374909972019562 ], [ 81.923154978781824, 16.313997631815457 ], [ 81.772092375075644, 16.193391198211327 ], [ 81.538188988691871, 16.193391198211327 ], [ 81.343269500038716, 16.271358993672585 ], [ 81.177587934683544, 16.310342891403213 ], [ 80.953430522732432, 16.25186704480727 ], [ 80.807240906242569, 16.144661326048041 ], [ 80.612321417589428, 16.134915351615383 ], [ 80.466131801099564, 16.154407300480699 ], [ 80.300450235744393, 16.193391198211327 ], [ 80.222482440283144, 16.173899249346011 ], [ 80.09578477265859, 16.086185479452098 ], [ 79.930103207303418, 16.212883147076642 ], [ 79.735183718650276, 16.320088865835871 ], [ 79.618232025458383, 16.407802635729787 ], [ 79.705945795352307, 16.61246809881559 ], [ 79.754675667515585, 16.802514600252401 ], [ 79.666961897621675, 16.938958242309603 ], [ 79.574375140511435, 17.085147858799463 ], [ 79.486661370617512, 17.167988641477049 ], [ 79.486661370617512, 17.299559296317923 ], [ 79.520772281131812, 17.421383976726137 ], [ 79.618232025458383, 17.513970733836381 ], [ 79.725437744217615, 17.596811516513966 ], [ 79.774167616380907, 17.665033337542567 ], [ 79.723001250609457, 17.732646035169125 ], [ 79.635287480715533, 17.761883958467095 ], [ 79.537827736388962, 17.74726499681811 ], [ 79.450113966495053, 17.805740843414053 ], [ 79.40138409433176, 17.869089677226327 ], [ 79.333162273303159, 17.937311498254928 ], [ 79.230829541760258, 17.917819549389613 ], [ 79.201591618462288, 17.873962664442654 ], [ 79.094385899703056, 17.849597728361012 ], [ 79.065147976405086, 17.805740843414053 ], [ 79.001799142592816, 17.708281099087483 ], [ 79.006672129809147, 17.625440316409893 ], [ 78.987180180943824, 17.493869661569022 ], [ 78.923831347131554, 17.474377712703706 ], [ 78.865355500535614, 17.557218495381292 ], [ 78.787387705074352, 17.591329405895593 ], [ 78.680181986315134, 17.527980572083322 ], [ 78.62170613971918, 17.425647840540421 ], [ 78.680181986315134, 17.386663942809793 ], [ 78.65094406301715, 17.284331211266892 ], [ 78.641198088584503, 17.21123640302196 ], [ 78.68505497353145, 17.172252505291333 ], [ 78.719165884045751, 17.133268607560701 ], [ 78.719165884045751, 17.069919773748431 ], [ 78.704546922396773, 16.957841067772872 ], [ 78.704546922396773, 16.875000285095286 ], [ 78.763022768992712, 16.806778464066685 ], [ 78.792260692290682, 16.7580485919034 ], [ 78.772768743425374, 16.660588847576825 ], [ 78.728911858478412, 16.597240013764555 ], [ 78.62170613971918, 16.548510141601266 ], [ 78.551047825082421, 16.469324099335925 ], [ 78.45358808075585, 16.337753444495053 ], [ 78.380493272510918, 16.235420712952152 ], [ 78.273287553751686, 16.152579930274566 ], [ 78.195319758290424, 16.108723045327608 ], [ 78.146589886127146, 15.977152390486735 ], [ 78.170954822208785, 15.869946671727504 ], [ 78.156335860559793, 15.81634381234789 ], [ 78.068622090665883, 15.704265106372331 ], [ 78.029638192935252, 15.621424323694745 ], [ 78.000400269637282, 15.514218604935515 ], [ 78.000400269637282, 15.397266911743628 ], [ 77.976035333555643, 15.290061192984398 ], [ 77.902940525310711, 15.192601448657825 ], [ 77.810353768200471, 15.109760665980239 ], [ 77.693402075008578, 15.109760665980239 ], [ 77.586196356249346, 15.158490538143525 ], [ 77.478990637490114, 15.202347423090483 ], [ 77.284071148836972, 15.168236512576183 ], [ 77.086715166575672, 15.113415406392484 ], [ 76.886922690706186, 15.015955662065911 ], [ 76.687130214836714, 14.976971764335282 ], [ 76.550686572779512, 14.928241892171997 ], [ 76.497083713399903, 14.845401109494409 ], [ 76.41911591793864, 14.752814352384165 ], [ 76.423988905154971, 14.699211493004551 ], [ 76.287545263097769, 14.509164991567735 ], [ 76.155974608256898, 14.509164991567735 ], [ 76.024403953416027, 14.587132787028992 ], [ 75.883087324142494, 14.601751748677978 ], [ 75.700350303530172, 14.553021876514691 ], [ 75.485938866011708, 14.55789486373102 ], [ 75.373860160036159, 14.528656940433049 ], [ 75.247162492411604, 14.377594336726862 ], [ 75.125337812003394, 14.207039784155359 ], [ 74.949910272215561, 14.153436924775745 ], [ 74.72575286026445, 14.153436924775745 ], [ 74.516214409962316, 14.119326014261445 ], [ 74.287184010794874, 14.031612244367528 ], [ 74.116629458223372, 13.978009384987914 ], [ 73.999677765031478, 13.880549640661341 ], [ 73.887599059055916, 13.763597947469455 ], [ 73.804758276378337, 13.744105998604139 ], [ 73.712171519268097, 13.763597947469455 ], [ 73.614711774941526, 13.875676653445012 ], [ 73.488014107316971, 14.0608501676655 ], [ 73.293094618663829, 14.129071988694101 ], [ 73.103048117227019, 14.129071988694101 ], [ 72.854525769194254, 14.075469129314486 ], [ 72.669352254973759, 14.046231206016515 ], [ 72.45981380467164, 13.914660551175642 ], [ 72.401337958075686, 13.836692755714383 ], [ 72.279513277667476, 13.724614049738825 ], [ 72.221037431071537, 13.680757164791867 ], [ 72.162561584475583, 13.73923301138781 ], [ 72.069974827365343, 13.880549640661341 ], [ 71.95789612138978, 13.963390423338927 ], [ 71.816579492116261, 13.963390423338927 ], [ 71.636278965112098, 13.943898474473613 ], [ 71.529073246352866, 13.88542262787767 ], [ 71.416994540377303, 13.817200806849069 ], [ 71.404812072336483, 13.683193658400032 ], [ 71.331717264091552, 13.566241965208144 ], [ 71.278114404711943, 13.522385080261188 ], [ 71.219638558116003, 13.429798323150944 ], [ 71.127051801005749, 13.259243770579442 ], [ 71.092940890491448, 13.15691103903654 ], [ 70.922386337919946, 13.078943243575283 ], [ 70.732339836483135, 13.025340384195667 ], [ 70.542293335046324, 12.996102460897696 ], [ 70.39123073134013, 12.932753627085424 ], [ 70.284025012580898, 12.859658818840494 ], [ 70.245041114850267, 12.650120368538364 ], [ 70.288897999797229, 12.552660624211791 ], [ 70.357119820825829, 12.469819841534203 ], [ 70.405849692989122, 12.421089969370918 ], [ 70.405849692989122, 12.372360097207631 ], [ 70.323008910311529, 12.240789442366758 ], [ 70.225549165984958, 12.182313595770815 ], [ 70.098851498360418, 12.226170480717773 ], [ 69.962407856303216, 12.250535416799416 ], [ 69.772361354866391, 12.265154378448402 ], [ 69.6286082319847, 12.254190157211664 ], [ 69.545767449307121, 12.215206259481036 ], [ 69.531148487658129, 12.112873527938135 ], [ 69.51165653879282, 12.000794821962575 ], [ 69.443434717764219, 11.922827026501318 ], [ 69.277753152409034, 11.913081052068661 ], [ 69.175420420866146, 11.883843128770689 ], [ 69.048722753241591, 11.810748320525759 ], [ 68.91715209840072, 11.664558704035901 ], [ 68.863549239021111, 11.494004151464399 ], [ 68.965881970564013, 11.386798432705168 ], [ 69.058468727674253, 11.367306483839855 ], [ 69.131563535919184, 11.352687522190868 ], [ 69.160801459217154, 11.303957650027582 ], [ 69.151055484784493, 11.196751931268352 ], [ 69.077960676539561, 11.13340309745608 ], [ 68.922025085617051, 11.138276084672409 ], [ 68.844057290155789, 11.055435301994821 ], [ 68.79045443077618, 10.933610621586606 ], [ 68.697867673665939, 10.860515813341676 ], [ 68.683248712016947, 10.77767503066409 ], [ 68.707613648098587, 10.724072171284476 ], [ 68.729542090572068, 10.537680410259908 ], [ 68.719796116139406, 10.386617806553719 ], [ 68.607717410163858, 10.308650011092462 ], [ 68.427416883159694, 10.376871832121063 ], [ 68.276354279453514, 10.56204534634155 ], [ 68.21300544564123, 10.644886129019136 ], [ 68.013212969771757, 10.698488988398752 ], [ 67.842658417200255, 10.67412405231711 ], [ 67.691595813494075, 10.713107950047737 ], [ 67.530787235355234, 10.722853924480395 ], [ 67.428454503812333, 10.649759116235465 ], [ 67.374851644432709, 10.479204563663965 ], [ 67.369978657216379, 10.396363780986377 ], [ 67.282264887322469, 10.308650011092462 ], [ 67.160440206914245, 10.255047151712846 ], [ 67.053234488155027, 10.230682215631203 ], [ 66.938719288571306, 10.156369160582196 ], [ 66.768164735999804, 10.044290454606637 ], [ 66.67557797888955, 9.956576684712722 ], [ 66.68045096610588, 9.737292259977934 ], [ 66.690196940538542, 9.591102643488075 ], [ 66.719434863836511, 9.469277963079859 ], [ 66.846132531461052, 9.342580295455315 ], [ 67.080035917844825, 9.269485487210385 ], [ 67.469874895151122, 9.235374576696085 ], [ 67.728143217616534, 9.284104448859372 ], [ 67.874332834106397, 9.425421078132901 ], [ 67.966919591216637, 9.391310167618601 ], [ 67.957173616783976, 9.191517691749128 ], [ 67.923062706269675, 9.035582100826611 ], [ 67.888951795755375, 8.878428263100012 ], [ 67.932808680702337, 8.746857608259139 ], [ 68.100926739665681, 8.695082119085653 ], [ 68.181331028735102, 8.595795004552951 ], [ 68.230416199968886, 8.504052482127898 ] ] ] } },
{ "type": "Feature", "properties": { "id": 102, "name": null, "type": "forest", "continent": "Essos", "size": 1 }, "geometry": { "type": "Polygon", "coordinates": [ [ [ 78.191977824213822, 11.165598150794574 ], [ 78.106387741592428, 11.162031897352016 ], [ 78.043038907780158, 11.196142807866316 ], [ 77.946797410257673, 11.233299335390823 ], [ 77.824972729849449, 11.252791284256137 ], [ 77.729949479131051, 11.318576611676574 ], [ 77.700711555833067, 11.394107913529668 ], [ 77.720203504698389, 11.455020253733775 ], [ 77.776242857686171, 11.508623113113391 ], [ 77.764060389645351, 11.537861036411362 ], [ 77.683656100575917, 11.552479998060347 ], [ 77.634926228412638, 11.606082857439963 ], [ 77.622743760371819, 11.686487146509386 ], [ 77.639799215628969, 11.786383384444122 ], [ 77.676346619751428, 11.844859231040065 ], [ 77.671473632535097, 11.944755468974803 ], [ 77.751877921604517, 12.010540796395238 ], [ 77.93948792943317, 12.054397681342197 ], [ 77.966289359122982, 12.159166906493262 ], [ 78.005273256853613, 12.263936131644327 ], [ 78.102733001180184, 12.285864574117806 ], [ 78.195319758290424, 12.239571195562684 ], [ 78.246486124061875, 12.23713470195452 ], [ 78.278160540968017, 12.302920029374956 ], [ 78.326890413131295, 12.380887824836215 ], [ 78.409731195808888, 12.427181203391337 ], [ 78.51206392735179, 12.456419126689308 ], [ 78.560793799515082, 12.439363671432158 ], [ 78.56323029312324, 12.390633799268871 ], [ 78.555920812298751, 12.312666003807614 ], [ 78.572976267555902, 12.201196421234094 ], [ 78.719165884045751, 12.07449875360955 ], [ 78.845863551670305, 12.025768881446265 ], [ 78.953069270429523, 12.00566780917891 ], [ 78.979870700119335, 11.944755468974803 ], [ 78.977434206511177, 11.903335077636008 ], [ 78.938450308780546, 11.83024026939108 ], [ 78.933577321564215, 11.762627571764519 ], [ 78.960378751254026, 11.705979095374699 ], [ 79.011545117025477, 11.655421853005288 ], [ 79.032255312694872, 11.578672304348114 ], [ 78.998144402180571, 11.493395028062363 ], [ 78.915303619502978, 11.422736713425596 ], [ 78.84951829208255, 11.39593528373579 ], [ 78.778859977445777, 11.415427232601104 ], [ 78.744749066931476, 11.454411130331733 ], [ 78.703328675592687, 11.454411130331733 ], [ 78.661908284253897, 11.403244764560283 ], [ 78.622924386523266, 11.369133854045982 ], [ 78.509627433743631, 11.346596288170465 ], [ 78.459812307429459, 11.292096154640186 ], [ 78.456024574364008, 11.210152646113263 ], [ 78.378056778902746, 11.161422773949976 ], [ 78.295215996225167, 11.15167679951732 ], [ 78.191977824213822, 11.165598150794574 ] ] ] } },
{ "type": "Feature", "properties": { "id": 103, "name": null, "type": "forest", "continent": null, "size": 3 }, "geometry": { "type": "Polygon", "coordinates": [ [ [ 89.010914884931822, -22.730203315615622 ], [ 89.079136705960423, -22.895884880970797 ], [ 89.137612552556362, -23.042074497460654 ], [ 89.049898782662453, -23.217502037248487 ], [ 88.952439038335868, -23.344199704873031 ], [ 88.893963191739928, -23.470897372497575 ], [ 88.913455140605251, -23.636578937852747 ], [ 89.069390731527761, -23.909466221967151 ], [ 89.283802169046226, -24.006925966293725 ], [ 89.398317368629947, -24.054437591652924 ], [ 89.442174253576894, -24.122659412681525 ], [ 89.432428279144247, -24.181135259277468 ], [ 89.349587496466654, -24.298086952469358 ], [ 89.364206458115646, -24.434530594526557 ], [ 89.400753862238105, -24.533208585657214 ], [ 89.527451529862645, -24.689144176579731 ], [ 89.722371018515801, -24.737874048743016 ], [ 89.890489077479131, -24.893809639665538 ], [ 89.927036481601604, -25.078983153886021 ], [ 89.953837911291401, -25.317759527486128 ], [ 89.973329860156724, -25.512679016139273 ], [ 89.829576737275033, -25.69297954314343 ], [ 89.819830762842372, -25.839169159633286 ], [ 89.975766353764882, -25.956120852825176 ], [ 90.226725195405805, -26.024342673853777 ], [ 90.4118987096263, -26.185151251992622 ], [ 90.443573126532428, -26.345959830131463 ], [ 90.277891561177256, -26.550625293217266 ], [ 90.014750251495514, -26.657831011976498 ], [ 89.956274404899574, -26.745544781870411 ], [ 90.063480123658806, -27.098836355054235 ], [ 90.024496225928175, -27.371723639168639 ], [ 89.86856063500565, -27.556897153389126 ], [ 89.6541491974872, -27.615372999985073 ], [ 89.537197504295307, -27.703086769878986 ], [ 89.449483734401397, -27.800546514205561 ], [ 89.381261913372796, -27.888260284099474 ], [ 89.381261913372796, -28.005211977291363 ], [ 89.527451529862645, -28.141655619348562 ], [ 89.673641146352509, -28.161147568213877 ], [ 89.74186296738111, -28.248861338107794 ], [ 89.800338813977049, -28.434034852328281 ], [ 89.71262504408314, -28.560732519952825 ], [ 89.761354916246432, -28.677684213144712 ], [ 89.771100890679079, -28.804381880769256 ], [ 89.83932271170768, -28.872603701797857 ], [ 89.944091936858754, -28.90305987189992 ], [ 89.956274404899574, -28.989555394989743 ], [ 89.985512328197544, -29.225895274981681 ], [ 89.878306609438312, -29.469544635798115 ], [ 89.897798558303634, -29.625480226720629 ], [ 89.86856063500565, -29.752177894345174 ], [ 89.732116992948448, -29.86912958753706 ], [ 89.644403223054539, -29.927605434133003 ], [ 89.507959580997337, -29.98608128072895 ], [ 89.254564245748242, -29.976335306296292 ], [ 89.147358526989024, -29.976335306296292 ], [ 88.952439038335868, -29.976335306296292 ], [ 88.806249421846019, -29.917859459700349 ], [ 88.757519549682726, -29.752177894345174 ], [ 88.650313830923494, -29.683956073316573 ], [ 88.523616163298954, -29.644972175585945 ], [ 88.328696674645812, -29.703448022181888 ], [ 88.09966627547837, -29.537766456826713 ], [ 88.002206531151785, -29.342846968173568 ], [ 87.826778991363966, -29.294117096010282 ], [ 87.680589374874103, -29.235641249414339 ], [ 87.651351451576133, -29.099197607357137 ], [ 87.524653783951592, -29.050467735193852 ], [ 87.349226244163759, -29.021229811895878 ], [ 87.183544678808587, -28.826310323242733 ], [ 87.125068832212634, -28.621644860156934 ], [ 87.232274550971866, -28.329265627177215 ], [ 87.339480269731098, -28.172111789450625 ], [ 87.35409923138009, -28.094143993989366 ], [ 87.319988320865789, -28.036886394197499 ], [ 87.056847011184033, -28.056378343062811 ], [ 86.842435573665583, -28.056378343062811 ], [ 86.696245957175719, -27.95891859873624 ], [ 86.647516085012427, -27.656793391323863 ], [ 86.705991931608381, -27.383906107209462 ], [ 86.754721803771659, -27.218224541854287 ], [ 86.686499982743058, -27.159748695258344 ], [ 86.433104647493977, -27.072034925364431 ], [ 86.208947235542851, -26.994067129903172 ], [ 86.150471388946912, -26.847877513413312 ], [ 85.95555190029377, -26.633466075894852 ], [ 85.98478982359174, -26.419054638376394 ], [ 86.199201261110204, -26.194897226425276 ], [ 86.423358673061315, -26.136421379829333 ], [ 86.515945430171556, -26.112056443747694 ], [ 86.530564391820548, -26.024342673853777 ], [ 86.413612698628654, -25.960993840041503 ], [ 86.189455286677543, -25.90251799344556 ], [ 86.11148749121628, -25.834296172416959 ], [ 86.023773721322371, -25.639376683763814 ], [ 85.965297874726431, -25.405473297380038 ], [ 85.780124360505937, -25.337251476351437 ], [ 85.692410590612027, -25.191061859861581 ], [ 85.702156565044675, -24.937666524612489 ], [ 85.828854232669229, -24.80122288255529 ], [ 85.916568002563139, -24.742747035959344 ], [ 85.965297874726431, -24.655033266065431 ], [ 85.975043849159078, -24.557573521738856 ], [ 85.89707605369783, -24.450367802979628 ], [ 85.624188769583427, -24.411383905249 ], [ 85.546220974122164, -24.226210391028509 ], [ 85.663172667314043, -24.060528825673337 ], [ 85.887330079265169, -24.041036876808022 ], [ 86.082249567918311, -24.089766748971311 ], [ 86.213820222759182, -24.111695191444788 ], [ 86.384374775330684, -24.02154492794271 ], [ 86.518381923779728, -24.062965319281503 ], [ 86.66700803387775, -24.138496621134596 ], [ 86.832689599232921, -24.323670135355083 ], [ 86.927712849951334, -24.384582475559192 ], [ 87.017863113453402, -24.352908058653053 ], [ 87.059283504792205, -24.296868705665275 ], [ 87.027609087886063, -24.206718442163197 ], [ 87.017863113453402, -24.05078285124068 ], [ 87.066592985616694, -23.90459323475082 ], [ 87.232274550971866, -23.775459073518114 ], [ 87.583129630547532, -23.794951022383426 ], [ 87.902310293217056, -23.765713099085456 ], [ 88.126467705168167, -23.8582998561957 ], [ 88.258038360009039, -23.775459073518114 ], [ 88.287276283307023, -23.629269457028254 ], [ 88.206871994237588, -23.522063738269026 ], [ 88.119158224343678, -23.210192556423991 ], [ 88.245855891968219, -22.976289170040218 ], [ 88.460267329486683, -22.732639809223787 ], [ 88.664932792572486, -22.57670421830127 ], [ 88.869598255658289, -22.596196167166585 ], [ 89.010914884931822, -22.730203315615622 ] ] ] } },
{ "type": "Feature", "properties": { "id": 104, "name": null, "type": "forest", "continent": null, "size": 2 }, "geometry": { "type": "Polygon", "coordinates": [ [ [ 85.458507204228255, -20.517867119402432 ], [ 85.733830981950817, -20.399697179406463 ], [ 86.084686061526483, -20.311983409512546 ], [ 86.250367626881655, -20.331475358377862 ], [ 86.425795166669474, -20.458173026002406 ], [ 86.455033089967458, -20.594616668059608 ], [ 86.620714655322629, -20.886995901039324 ], [ 86.757158297379831, -21.1208992874231 ], [ 86.864364016139064, -21.315818776076245 ], [ 86.952077786032973, -21.491246315864075 ], [ 86.991061683763604, -21.793371523276448 ], [ 86.922839862735003, -22.037020884092883 ], [ 86.844872067273741, -22.270924270476655 ], [ 86.669444527485908, -22.378129989235884 ], [ 86.279605550179625, -22.4658437591298 ], [ 86.06519411266116, -22.436605835831831 ], [ 85.933623457820289, -22.356810670164453 ], [ 85.882457092048838, -22.288588849135852 ], [ 85.811798777412079, -22.254477938621552 ], [ 85.707029552261005, -22.278842874703194 ], [ 85.480435646701721, -22.264223913054206 ], [ 85.358610966293512, -22.225240015323578 ], [ 85.270897196399602, -22.103415334915361 ], [ 85.188056413722009, -21.968799063064282 ], [ 84.993136925068868, -21.705657753382535 ], [ 84.866439257444313, -21.432770469268132 ], [ 84.866439257444313, -21.101407338557784 ], [ 84.924915104040267, -20.87724992660667 ], [ 85.1003426438281, -20.701822386818836 ], [ 85.25627823475061, -20.57877945960654 ], [ 85.458507204228255, -20.517867119402432 ] ] ] } },
{ "type": "Feature", "properties": { "id": 105, "name": null, "type": "forest", "continent": null, "size": 1 }, "geometry": { "type": "Polygon", "coordinates": [ [ [ 91.418170569798164, -32.836169678879166 ], [ 91.35969472320221, -32.901955006299602 ], [ 91.293909395781782, -33.040835141964969 ], [ 91.291472902173609, -33.177278784022171 ], [ 91.310964851038932, -33.264992553916088 ], [ 91.345075761553232, -33.345396842985508 ], [ 91.320710825471593, -33.467221523393725 ], [ 91.218378093928692, -33.581736722977446 ], [ 91.084370945479648, -33.669450492871363 ], [ 90.977165226720416, -33.674323480087686 ], [ 90.899197431259154, -33.703561403385663 ], [ 90.830975610230553, -33.754727769157114 ], [ 90.740825346728485, -33.774219718022422 ], [ 90.672603525699884, -33.801021147712234 ], [ 90.604381704671283, -33.827822577402038 ], [ 90.51666793477736, -33.822949590185715 ], [ 90.455755594573262, -33.796148160495903 ], [ 90.386315526740574, -33.762037249981603 ], [ 90.269363833548681, -33.735235820291798 ], [ 90.18895954447926, -33.737672313899964 ], [ 90.101245774585351, -33.798584654104069 ], [ 90.052515902422059, -33.88386193038982 ], [ 90.09149980015269, -34.037361027704172 ], [ 90.159721621181291, -34.112892329557269 ], [ 90.2474353910752, -34.142130252855239 ], [ 90.315657212103801, -34.168931682545043 ], [ 90.388752020348733, -34.245072107800176 ], [ 90.430172411687536, -34.349841332951243 ], [ 90.537378130446754, -34.420499647588009 ], [ 90.698186708585609, -34.420499647588009 ], [ 90.82488437621015, -34.420499647588009 ], [ 90.966201005483683, -34.352277826559408 ], [ 91.124573090014366, -34.279183018314477 ], [ 91.241524783206245, -34.225580158934861 ], [ 91.314619591451176, -34.113501452959305 ], [ 91.385277906087936, -33.918581964306156 ], [ 91.46080920794104, -33.777265335032631 ], [ 91.575324407524761, -33.674932603489729 ], [ 91.682530126283993, -33.560417403906001 ], [ 91.745878960096263, -33.41666428102431 ], [ 91.728823504839113, -33.333823498346725 ], [ 91.653292202986009, -33.236363754020154 ], [ 91.565578433092099, -33.209562324330342 ], [ 91.550959471443107, -33.067636571654774 ], [ 91.572887913916588, -32.948248384854722 ], [ 91.597252849998242, -32.855661627744482 ], [ 91.563141939483941, -32.772820845066896 ], [ 91.482737650414506, -32.767947857850565 ], [ 91.418170569798164, -32.836169678879166 ] ] ] } },
{ "type": "Feature", "properties": { "id": 106, "name": null, "type": "forest", "continent": null, "size": 2 }, "geometry": { "type": "Polygon", "coordinates": [ [ [ 81.505296324981643, -26.006678095194591 ], [ 81.719707762500107, -26.201597583847736 ], [ 81.900008289504271, -26.352660187553926 ], [ 82.065689854859443, -26.630420458884657 ], [ 82.202133496916645, -26.737626177643886 ], [ 82.406798960002448, -26.83508592197046 ], [ 82.509131691545349, -27.025132423407275 ], [ 82.426290908867756, -27.176195027113462 ], [ 82.289847266810554, -27.278527758656363 ], [ 82.280101292377907, -27.395479451848249 ], [ 82.163149599186013, -27.522177119472797 ], [ 82.055943880426781, -27.60989088936671 ], [ 81.992595046614511, -27.731715569774927 ], [ 81.943865174451219, -27.824302326885171 ], [ 81.948738161667549, -27.90227012234643 ], [ 82.026705957128812, -27.9656189561587 ], [ 82.070562842075773, -28.019221815538316 ], [ 82.119292714239052, -28.116681559864887 ], [ 82.114419727022721, -28.214141304191461 ], [ 82.085181803724751, -28.272617150787404 ], [ 82.114419727022721, -28.389568843979291 ], [ 82.041324918777804, -28.506520537171177 ], [ 81.98772205939818, -28.594234307065094 ], [ 81.929246212802241, -28.727023208710047 ], [ 81.900008289504271, -28.81473697860396 ], [ 81.943865174451219, -28.902450748497877 ], [ 81.997468033830842, -28.999910492824451 ], [ 81.973103097749203, -29.116862186016338 ], [ 81.885389327855279, -29.199702968693924 ], [ 81.89026231507161, -29.28741673858784 ], [ 81.86102439177364, -29.370257521265426 ], [ 81.73919971136543, -29.404368431779726 ], [ 81.714834775283776, -29.311781674669483 ], [ 81.695342826418468, -29.185084007044939 ], [ 81.651485941471506, -29.073005301069379 ], [ 81.583264120442905, -29.019402441689763 ], [ 81.505296324981643, -28.858593863550919 ], [ 81.519915286630635, -28.683166323763089 ], [ 81.602756069308228, -28.668547362114104 ], [ 81.646612954255176, -28.488246835109944 ], [ 81.558899184361266, -28.39078709078337 ], [ 81.446820478385703, -28.312819295322114 ], [ 81.310376836328501, -28.249470461509841 ], [ 81.261646964165223, -28.156883704399597 ], [ 81.130076309324338, -28.088661883370996 ], [ 80.974140718401827, -28.078915908938338 ], [ 80.876680974075256, -27.961964215746452 ], [ 80.842570063560956, -27.776790701525965 ], [ 80.920537859022218, -27.606236148954462 ], [ 81.047235526646759, -27.581871212872819 ], [ 81.14956825818966, -27.499030430195234 ], [ 81.183679168703961, -27.362586788138032 ], [ 81.164187219838638, -27.245635094946145 ], [ 81.100838386026368, -27.221270158864499 ], [ 81.037489552214097, -27.099445478456285 ], [ 81.037489552214097, -26.997112746913384 ], [ 80.99363266726715, -26.919144951452125 ], [ 80.901045910156896, -26.865542092072509 ], [ 80.788967204181347, -26.875288066505167 ], [ 80.691507459854762, -26.875288066505167 ], [ 80.603793689960852, -26.826558194341882 ], [ 80.559936805013891, -26.729098450015311 ], [ 80.481969009552643, -26.607273769607094 ], [ 80.574555766662883, -26.51468701249685 ], [ 80.691507459854762, -26.412354280953949 ], [ 80.847443050777287, -26.290529600545732 ], [ 80.959521756752849, -26.202815830651819 ], [ 81.11545734767536, -26.08951887787218 ], [ 81.281138913030532, -26.021297056843579 ], [ 81.398090606222425, -25.962821210247636 ], [ 81.505296324981643, -26.006678095194591 ] ] ] } },
{ "type": "Feature", "properties": { "id": 107, "name": null, "type": "forest", "continent": null, "size": 2 }, "geometry": { "type": "Polygon", "coordinates": [ [ [ 81.590573601267394, -31.712946125515419 ], [ 81.405400087046914, -31.683708202217446 ], [ 81.28844839385502, -31.730001580772576 ], [ 81.19098864952845, -31.817715350666493 ], [ 81.117893841283518, -31.851826261180793 ], [ 80.922974352630376, -31.827461325099151 ], [ 80.752419800058874, -31.783604440152192 ], [ 80.606230183569011, -31.861572235613451 ], [ 80.567246285838394, -32.012634839319638 ], [ 80.586738234703702, -32.105221596429885 ], [ 80.53800836254041, -32.21242731518911 ], [ 80.528262388107763, -32.290395110650373 ], [ 80.552627324189402, -32.402473816625928 ], [ 80.455167579862831, -32.514552522601484 ], [ 80.333342899454607, -32.612012266928062 ], [ 80.382072771617899, -32.689980062389317 ], [ 80.382072771617899, -32.767947857850572 ], [ 80.38694575883423, -32.845915653311835 ], [ 80.32359692502196, -32.992105269801691 ], [ 80.338215886670937, -33.084692026911938 ], [ 80.35283484831993, -33.157786835156863 ], [ 80.396691733266891, -33.240627617834456 ], [ 80.396691733266891, -33.308849438863056 ], [ 80.38694575883423, -33.425801132054943 ], [ 80.338215886670937, -33.645085556789731 ], [ 80.269994065642337, -33.713307377818332 ], [ 80.148169385234127, -33.732799326683647 ], [ 79.982487819878955, -33.791275173279587 ], [ 79.870409113903392, -33.825386083793887 ], [ 79.70472754854822, -33.898480892038819 ], [ 79.646251701952281, -34.010559598014375 ], [ 79.753457420711513, -34.104364601928701 ], [ 79.855790152254414, -34.250554218418564 ], [ 79.967868858229963, -34.343140975528804 ], [ 80.070201589772864, -34.406489809341075 ], [ 80.196899257397419, -34.450346694288037 ], [ 80.318723937805629, -34.460092668720691 ], [ 80.391818746050561, -34.489330592018668 ], [ 80.469786541511809, -34.542933451398277 ], [ 80.53800836254041, -34.664758131806494 ], [ 80.693943953462934, -34.757344888916741 ], [ 80.854752531601775, -34.78170982499838 ], [ 81.078909943552887, -34.762217876133064 ], [ 81.249464496124389, -34.669631119022824 ], [ 81.390781125397922, -34.606282285210554 ], [ 81.410273074263245, -34.445473707071706 ], [ 81.536970741887785, -34.274919154500203 ], [ 81.692906332810296, -34.177459410173633 ], [ 81.863460885381798, -34.114110576361362 ], [ 82.019396476304323, -34.050761742549085 ], [ 82.170459080010502, -33.982539921520484 ], [ 82.214315964957464, -33.865588228328598 ], [ 82.141221156712533, -33.811985368948989 ], [ 82.02914245073697, -33.802239394516327 ], [ 81.887825821463451, -33.826604330597974 ], [ 81.736763217757257, -33.807112381732658 ], [ 81.595446588483725, -33.758382509569373 ], [ 81.468748920859184, -33.743763547920388 ], [ 81.28357540663869, -33.782747445651012 ], [ 81.181242675095788, -33.792493420083673 ], [ 81.030180071389609, -33.797366407299997 ], [ 80.981450199226316, -33.729144586271396 ], [ 81.035053058605939, -33.578081982565209 ], [ 81.005815135307969, -33.500114187103954 ], [ 80.97657721201, -33.422146391642698 ], [ 80.952212275928346, -33.319813660099797 ], [ 81.025307084173278, -33.236972877422204 ], [ 81.07403695633657, -33.139513133095633 ], [ 81.078909943552887, -32.998196503822108 ], [ 81.127639815716179, -32.925101695577176 ], [ 81.229972547259081, -32.817895976817944 ], [ 81.307940342720343, -32.671706360328088 ], [ 81.356670214883621, -32.549881679919871 ], [ 81.337178266018313, -32.432929986727984 ], [ 81.264083457773381, -32.384200114564699 ], [ 81.176369687879472, -32.384200114564699 ], [ 81.152004751797818, -32.267248421372813 ], [ 81.200734623961111, -32.18928062591155 ], [ 81.332305278801982, -32.130804779315611 ], [ 81.439510997561214, -32.047963996638025 ], [ 81.507732818589815, -31.940758277878793 ], [ 81.575954639618416, -31.833552559119564 ], [ 81.605192562916386, -31.765330738090963 ], [ 81.590573601267394, -31.712946125515419 ] ] ] } },
{ "type": "Feature", "properties": { "id": 108, "name": null, "type": "forest", "continent": null, "size": 1 }, "geometry": { "type": "Polygon", "coordinates": [ [ [ 82.448219351341237, -32.285522123434042 ], [ 82.535933121235146, -32.368362906111628 ], [ 82.570044031749447, -32.431711739923898 ], [ 82.584662993398439, -32.519425509817815 ], [ 82.628519878345401, -32.607139279711731 ], [ 82.570044031749447, -32.777693832283234 ], [ 82.438473376908576, -32.880026563826135 ], [ 82.292283760418727, -32.92875643598942 ], [ 82.194824016092156, -32.909264487124105 ], [ 82.111983233414563, -32.787439806715888 ], [ 82.136348169496202, -32.646123177442362 ], [ 82.097364271765571, -32.50967953538516 ], [ 82.175332067226833, -32.402473816625928 ], [ 82.355632594230997, -32.285522123434042 ], [ 82.448219351341237, -32.285522123434042 ] ] ] } },
{ "type": "Feature", "properties": { "id": 109, "name": null, "type": "forest", "continent": null, "size": 1 }, "geometry": { "type": "Polygon", "coordinates": [ [ [ 86.256458860902057, -32.339124982813658 ], [ 86.349045618012298, -32.431711739923905 ], [ 86.358791592444959, -32.553536420332122 ], [ 86.46112432398786, -32.607139279711731 ], [ 86.578076017179754, -32.631504215793377 ], [ 86.665789787073663, -32.694853049605648 ], [ 86.729138620885934, -32.758201883417925 ], [ 86.826598365212504, -32.80205876836488 ], [ 86.787614467481887, -32.909264487124112 ], [ 86.626805889343032, -32.899518512691451 ], [ 86.500108221718492, -32.889772538258796 ], [ 86.383156528526598, -32.806931755581211 ], [ 86.261331848118388, -32.699726036821978 ], [ 86.158999116575487, -32.650996164658693 ], [ 86.139507167710178, -32.548663433115792 ], [ 86.144380154926509, -32.392727842193274 ], [ 86.178491065440809, -32.314760046732019 ], [ 86.256458860902057, -32.339124982813658 ] ] ] } },
{ "type": "Feature", "properties": { "id": 110, "name": null, "type": "forest", "continent": null, "size": 1 }, "geometry": { "type": "Polygon", "coordinates": [ [ [ 85.230695051864885, -30.207193075669885 ], [ 85.328154796191455, -30.241303986184185 ], [ 85.435360514950688, -30.275414896698486 ], [ 85.537693246493589, -30.280287883914816 ], [ 85.566931169791559, -30.343636717727087 ], [ 85.649771952469152, -30.343636717727087 ], [ 85.654644939685468, -30.40211256432303 ], [ 85.610788054738521, -30.504445295865931 ], [ 85.498709348762958, -30.577540104110863 ], [ 85.459725451032327, -30.650634912355791 ], [ 85.406122591652718, -30.645761925139464 ], [ 85.352519732273095, -30.54830218081289 ], [ 85.352519732273095, -30.441096462053661 ], [ 85.313535834542478, -30.368001653808729 ], [ 85.220949077432223, -30.270541909482159 ], [ 85.230695051864885, -30.207193075669885 ] ] ] } },
{ "type": "Feature", "properties": { "id": 111, "name": null, "type": "forest", "continent": null, "size": 1 }, "geometry": { "type": "Polygon", "coordinates": [ [ [ 83.240079773994637, -25.571763986137267 ], [ 83.337539518321208, -25.596128922218909 ], [ 83.396015364917162, -25.659477756031183 ], [ 83.454491211513101, -25.727699577059784 ], [ 83.449618224296771, -25.834905295819013 ], [ 83.469110173162079, -25.946984001794572 ], [ 83.366777441619178, -25.976221925092545 ], [ 83.303428607806907, -25.937238027361914 ], [ 83.264444710076276, -25.849524257468001 ], [ 83.215714837912998, -25.820286334170028 ], [ 83.157238991317058, -25.766683474790412 ], [ 83.142620029668066, -25.674096717680168 ], [ 83.166984965749705, -25.591255935002582 ], [ 83.240079773994637, -25.571763986137267 ] ] ] } },
{ "type": "Feature", "properties": { "id": 112, "name": null, "type": "forest", "continent": "Westeros", "size": 1 }, "geometry": { "type": "Polygon", "coordinates": [ [ [ 24.815399543822561, -0.261468384526375 ], [ 24.85925642876952, -0.212738512363089 ], [ 24.951843185879763, -0.178627601848788 ], [ 25.049302930206338, -0.178627601848788 ], [ 25.10290578958595, -0.266341371742703 ], [ 25.098032802369623, -0.368674103285605 ], [ 25.049302930206338, -0.432022937097877 ], [ 24.976208121961406, -0.461260860395849 ], [ 24.927478249798121, -0.524609694208121 ], [ 24.917732275365463, -0.617196451318365 ], [ 24.927478249798121, -0.700037233995951 ], [ 24.86412941598585, -0.763386067808223 ], [ 24.786161620524592, -0.763386067808223 ], [ 24.776415646091934, -0.70491022121228 ], [ 24.776415646091934, -0.622069438534693 ], [ 24.771542658875603, -0.583085540804064 ], [ 24.722812786712318, -0.622069438534693 ], [ 24.674082914549032, -0.573339566371407 ], [ 24.674082914549032, -0.49049878369382 ], [ 24.678955901765359, -0.378420077718262 ], [ 24.688701876198017, -0.290706307824347 ], [ 24.781288633308261, -0.276087346175361 ], [ 24.815399543822561, -0.261468384526375 ] ] ] } },
{ "type": "Feature", "properties": { "id": 113, "name": null, "type": "forest", "continent": "Ulthos", "size": 4 }, "geometry": { "type": "Polygon", "coordinates": [ [ [ 111.894762841769065, -36.614334816039388 ], [ 112.005315690668169, -36.577781051484038 ], [ 112.158663190754027, -36.577781051484038 ], [ 112.333408016433268, -36.620575702670791 ], [ 112.436828423467915, -36.617009481738556 ], [ 112.501020400247953, -36.539444176462588 ], [ 112.536682609570249, -36.35400068798667 ], [ 112.679331446859422, -36.28980871120654 ], [ 112.871907377199804, -36.28980871120654 ], [ 113.03595354008236, -36.225616734426417 ], [ 113.157205051778149, -36.061570571543868 ], [ 113.257059237880569, -35.947451501712528 ], [ 113.478164935678791, -35.890391966796862 ], [ 113.685005749748086, -35.868994641203486 ], [ 113.799124819579418, -35.762008013236603 ], [ 114.04162784297101, -35.64788894340527 ], [ 114.24846865704032, -35.56943208289622 ], [ 114.426779703651775, -35.583696966625141 ], [ 114.66215028517891, -35.540902315438387 ], [ 114.868991099248206, -35.469577896793801 ], [ 114.997375052808465, -35.383988594420302 ], [ 115.140023890097638, -35.291266850182339 ], [ 115.368262029760317, -35.234207315266673 ], [ 115.653559704338647, -35.234207315266673 ], [ 115.860400518407957, -35.291266850182339 ], [ 115.988784471968202, -35.291266850182339 ], [ 116.131433309257375, -35.248472198995586 ], [ 116.274082146546547, -35.155750454757623 ], [ 116.46665807688693, -35.155750454757623 ], [ 116.609306914176102, -35.19141266407992 ], [ 116.744823309600818, -35.184280222215463 ], [ 116.90886947248336, -35.170015338486543 ], [ 117.051518309772533, -35.105823361706413 ], [ 117.158504937739423, -35.070161152384124 ], [ 117.351080868079805, -35.020234059332914 ], [ 117.543656798420173, -35.020234059332914 ], [ 117.764762496218395, -35.02736650119737 ], [ 117.839653135795217, -35.155750454757623 ], [ 117.96090464749102, -35.148618012893166 ], [ 118.067891275457896, -35.212809989673296 ], [ 118.167745461560315, -35.255604640860049 ], [ 118.281864531391648, -35.255604640860049 ], [ 118.367453833765154, -35.362591268826925 ], [ 118.438778252409733, -35.433915687471512 ], [ 118.538632438512167, -35.419650803742591 ], [ 118.631354182750115, -35.262737082724506 ], [ 118.795400345632672, -35.262737082724506 ], [ 118.987976275973054, -35.248472198995586 ], [ 119.159154880720052, -35.291266850182339 ], [ 119.323201043602609, -35.291266850182339 ], [ 119.487247206485151, -35.326929059504629 ], [ 119.594233834452027, -35.376856152555845 ], [ 119.686955578689989, -35.433915687471512 ], [ 119.811773311318021, -35.433915687471512 ], [ 119.99008435792949, -35.369723710691382 ], [ 120.204057613863242, -35.298399292046795 ], [ 120.40376598606808, -35.326929059504629 ], [ 120.574944590815093, -35.248472198995586 ], [ 120.681931218781969, -35.12722068729979 ], [ 120.867374707257895, -35.020234059332914 ], [ 121.002891102682611, -34.941777198823871 ], [ 121.059950637598277, -34.763466152212402 ], [ 121.209731916751906, -34.670744407974439 ], [ 121.395175405227832, -34.64934708238107 ], [ 121.552089126245917, -34.663611966109983 ], [ 121.623413544890511, -34.806260803399155 ], [ 121.680473079806177, -34.934644756959408 ], [ 121.7446650565863, -35.048763826790747 ], [ 121.823121917095349, -34.984571850010617 ], [ 121.887313893875472, -34.770598594076866 ], [ 122.029962731164645, -34.742068826619025 ], [ 122.194008894047201, -34.733153274288455 ], [ 122.272465754556251, -34.626166646321579 ], [ 122.379452382523127, -34.533444902083616 ], [ 122.536366103541212, -34.46212048343903 ], [ 122.707544708288225, -34.36226629733661 ], [ 122.907253080493064, -34.290941878692024 ], [ 123.185418313206952, -34.176822808860685 ], [ 123.342332034225038, -34.091233506487178 ], [ 123.527775522700964, -34.034173971571512 ], [ 123.66329191812568, -33.941452227333549 ], [ 123.827338081008222, -33.834465599366673 ], [ 123.891530057788344, -33.720346529535334 ], [ 123.977119360161851, -33.641889669026291 ], [ 124.091238429993197, -33.506373273601575 ], [ 124.191092616095617, -33.342327110719033 ], [ 124.233887267282356, -33.199678273429861 ], [ 124.369403662707072, -33.135486296649731 ], [ 124.611906686098663, -33.128353854785274 ], [ 124.804482616439046, -33.178280947836484 ], [ 124.989926104914971, -33.256737808345527 ], [ 125.168237151526441, -33.34945955258349 ], [ 125.282356221357773, -33.492108389872662 ], [ 125.389342849324649, -33.492108389872662 ], [ 125.417872616782489, -33.406519087499156 ], [ 125.410740174918033, -33.29953245953228 ], [ 125.474932151698155, -33.171148505972027 ], [ 125.624713430851784, -33.078426761734065 ], [ 125.7602298262765, -33.049896994276232 ], [ 126.002732849668092, -33.014234784953935 ], [ 126.181043896279562, -33.014234784953935 ], [ 126.323692733568734, -32.971440133767182 ], [ 126.40214959407777, -32.935777924444892 ], [ 126.594725524418152, -32.871585947664762 ], [ 126.67674860585943, -32.869802837198655 ], [ 126.883589419928725, -32.777081092960692 ], [ 127.011973373488985, -32.63443225567152 ], [ 127.16888709450707, -32.513180743975724 ], [ 127.254476396880577, -32.456121209060058 ], [ 127.375727908576366, -32.477518534653434 ], [ 127.432787443492046, -32.491783418382347 ], [ 127.432787443492046, -39.101773916269323 ], [ 127.340065699254083, -39.158833451184996 ], [ 127.29727104806733, -39.230157869829583 ], [ 127.21881418755828, -39.230157869829583 ], [ 127.140357327049244, -39.251555195422959 ], [ 127.040503140946825, -39.301482288474169 ], [ 127.040503140946825, -39.351409381525379 ], [ 126.063358605516001, -39.351409381525379 ], [ 125.913577326362372, -39.230157869829583 ], [ 125.742398721615359, -39.294349846609705 ], [ 125.728133837886446, -39.358541823389835 ], [ 121.113443951581758, -39.351409381525379 ], [ 119.166287322584566, -39.351409381525379 ], [ 119.130625113262269, -39.18736321864283 ], [ 119.180552206313479, -39.058979265082577 ], [ 119.123492671397813, -38.930595311522318 ], [ 119.037903369024306, -38.873535776606651 ], [ 118.952314066650814, -38.709489613724102 ], [ 118.945181624786343, -38.552575892706017 ], [ 118.909519415464061, -38.431324381010221 ], [ 118.745473252581505, -38.331470194907801 ], [ 118.560029764105593, -38.267278218127672 ], [ 118.331791624442914, -38.217351125076462 ], [ 118.210540112747111, -38.131761822702963 ], [ 118.239069880204951, -37.960583217955957 ], [ 118.353188950036284, -37.896391241175827 ], [ 118.43877825240979, -37.768007287615575 ], [ 118.581427089698963, -37.625358450326402 ], [ 118.766870578174888, -37.539769147952903 ], [ 118.966578950379727, -37.518371822359526 ], [ 119.187684648177935, -37.546901589817359 ], [ 119.351730811060492, -37.525504264223983 ], [ 119.52290941580749, -37.48270961303723 ], [ 119.715485346147872, -37.468444729308317 ], [ 119.865266625301501, -37.454179845579397 ], [ 120.09350476496418, -37.454179845579397 ], [ 120.250418485982266, -37.51123938049507 ], [ 120.435861974458192, -37.56116647354628 ], [ 120.571378369882908, -37.632490892190866 ], [ 120.771086742087746, -37.668153101513155 ], [ 120.899470695647992, -37.575431357275193 ], [ 120.942265346834745, -37.454179845579397 ], [ 120.870940928190166, -37.347193217612521 ], [ 120.692629881578696, -37.290133682696855 ], [ 120.535716160560611, -37.325795892019144 ], [ 120.336007788355772, -37.261603915239014 ], [ 120.157696741744303, -37.133219961678762 ], [ 120.01504790445513, -37.097557752356472 ], [ 119.893796392759342, -37.183147054729972 ], [ 119.736882671741256, -37.197411938458892 ], [ 119.494379648349664, -37.190279496594428 ], [ 119.180552206313479, -37.183147054729972 ], [ 119.002241159702024, -37.254471473374558 ], [ 118.745473252581505, -37.240206589645645 ], [ 118.652751508343542, -37.133219961678762 ], [ 118.371020054697439, -37.190279496594428 ], [ 118.128517031305847, -37.176014612865515 ], [ 118.007265519610044, -37.090425310492009 ], [ 117.757630054353996, -37.033365775576343 ], [ 117.664908310116033, -36.926379147609467 ], [ 117.515127030962404, -36.90498182201609 ], [ 117.358213309944318, -36.969173798796213 ], [ 117.172769821468393, -37.033365775576343 ], [ 117.044385867908147, -37.076160426763096 ], [ 116.858942379432222, -37.047630659305263 ], [ 116.830412611974381, -36.962041356931756 ], [ 116.809015286381012, -36.869319612693793 ], [ 116.702028658414136, -36.876452054558257 ], [ 116.56651226298942, -36.962041356931756 ], [ 116.480922960615914, -37.033365775576343 ], [ 116.316876797733372, -37.069027984898639 ], [ 115.942423599849292, -37.01910089184743 ], [ 115.899628948662539, -36.926379147609467 ], [ 115.835436971882416, -36.862187170829337 ], [ 115.714185460186627, -36.969173798796213 ], [ 115.457417553066108, -37.01910089184743 ], [ 115.079398134249814, -37.097557752356472 ], [ 114.737040924755803, -37.183147054729972 ], [ 114.587259645602174, -37.261603915239014 ], [ 114.344756622210582, -37.290133682696855 ], [ 114.109386040683447, -37.297266124561311 ], [ 113.795558598647261, -37.368590543205897 ], [ 113.588717784577966, -37.389987868799274 ], [ 113.396141854237584, -37.46131228744386 ], [ 113.282022784406252, -37.418517636257107 ], [ 113.217830807626129, -37.340060775748064 ], [ 113.246360575083955, -37.211676822187805 ], [ 113.374744528644214, -37.076160426763096 ], [ 113.40327429610204, -36.912114263880547 ], [ 113.367612086779758, -36.790862752184751 ], [ 113.282022784406252, -36.712405891675708 ], [ 113.274890342541795, -36.619684147437745 ], [ 113.160771272710448, -36.641081473031122 ], [ 113.075181970336956, -36.762332984726918 ], [ 112.93966557491224, -36.833657403371504 ], [ 112.807715400419752, -36.962041356931756 ], [ 112.636536795672754, -37.01910089184743 ], [ 112.422563539738988, -37.011968449982966 ], [ 112.237120051263076, -36.962041356931756 ], [ 112.07307388838052, -36.997703566254053 ], [ 111.930425051091348, -37.054763101169719 ], [ 111.773511330073262, -37.004836008118509 ], [ 111.673657143970843, -36.90498182201609 ], [ 111.623730050919633, -36.769465426591374 ], [ 111.652259818377473, -36.612551705573289 ], [ 111.759246446344349, -36.555492170657622 ], [ 111.830570864988928, -36.576889496250992 ], [ 111.894762841769065, -36.614334816039388 ] ] ] } },
{ "type": "Feature", "properties": { "id": 114, "name": null, "type": "forest", "continent": "Ulthos", "size": 3 }, "geometry": { "type": "Polygon", "coordinates": [ [ [ 118.545764880376666, -39.31842183790225 ], [ 118.688413717665838, -39.147243233155244 ], [ 118.716943485123679, -39.004594395866071 ], [ 118.674148833936925, -38.819150907390146 ], [ 118.502970229189913, -38.633707418914227 ], [ 118.231937438340495, -38.519588349082888 ], [ 118.017964182406743, -38.405469279251548 ], [ 117.746931391557311, -38.305615093149129 ], [ 117.632812321725979, -38.191496023317796 ], [ 117.647077205454892, -38.020317418570791 ], [ 117.789726042744064, -37.820609046365952 ], [ 117.989434414948903, -37.67796020907678 ], [ 118.117818368509162, -37.506781604329774 ], [ 117.97516953121999, -37.364132767040601 ], [ 117.590017670539225, -37.278543464667095 ], [ 117.176336042400621, -37.326687447252191 ], [ 116.905303251551203, -37.406927418227355 ], [ 116.548681158328279, -37.421192301956268 ], [ 116.206323948834267, -37.392662534498434 ], [ 115.77837743696675, -37.378397650769521 ], [ 115.521609529846245, -37.439023406617416 ], [ 115.200649645945603, -37.488950499668626 ], [ 114.836895110858222, -37.595937127635509 ], [ 114.651451622382297, -37.688658871873471 ], [ 114.366153947803951, -37.660129104415631 ], [ 114.145048250005743, -37.667261546280095 ], [ 113.902545226614151, -37.738585964924681 ], [ 113.788426156782805, -37.895499685942767 ], [ 113.652909761358089, -38.045280965096396 ], [ 113.431804063559881, -38.130870267469902 ], [ 113.178602377371604, -38.166532476792192 ], [ 112.928966912115555, -38.123737825605438 ], [ 112.71499365618179, -38.173664918656648 ], [ 112.536682609570335, -38.237856895436778 ], [ 112.472490632790198, -38.330578639674741 ], [ 112.465358190925741, -38.437565267641617 ], [ 112.429695981603459, -38.544551895608492 ], [ 112.394033772281162, -38.558816779337413 ], [ 112.372636446687778, -38.501757244421746 ], [ 112.322709353636569, -38.351975965268117 ], [ 112.144398307025114, -38.294916430352444 ], [ 111.937557492955804, -38.36624084899703 ], [ 111.802041097531102, -38.359108407132574 ], [ 111.623730050919633, -38.36624084899703 ], [ 111.516743422952757, -38.323446197810277 ], [ 111.509610981088301, -38.202194686114481 ], [ 111.473948771766004, -37.988221430180729 ], [ 111.420455457782566, -37.925812563866714 ], [ 111.309902608883462, -37.93829433712952 ], [ 111.217180864645499, -38.045280965096396 ], [ 111.08879691108524, -38.166532476792192 ], [ 111.01747249244066, -38.302048872216908 ], [ 110.910485864473785, -38.423300383912697 ], [ 110.778535689981297, -38.487492360692826 ], [ 110.650151736421037, -38.38050573272595 ], [ 110.421913596758372, -38.41616794204824 ], [ 110.2792647594692, -38.458962593234993 ], [ 110.193675457095694, -38.551684337472956 ], [ 110.043894177942065, -38.615876314253079 ], [ 109.829920922008313, -38.658670965439832 ], [ 109.722934294041423, -38.824500238788488 ], [ 109.573153014887794, -38.845897564381865 ], [ 109.459033945056461, -38.931486866755371 ], [ 109.387709526411868, -39.045605936586711 ], [ 109.366312200818498, -39.159725006418043 ], [ 109.494696154378758, -39.19538721574034 ], [ 109.701536968448053, -39.159725006418043 ], [ 109.837053363872769, -39.138327680824666 ], [ 109.944039991839531, -39.226591648897347 ], [ 109.965437317432901, -39.276518741948557 ], [ 109.979702201161814, -39.31931339313531 ], [ 109.983268422094042, -39.351409381525372 ], [ 118.545764880376666, -39.31842183790225 ] ] ] } },
{ "type": "Feature", "properties": { "id": 115, "name": null, "type": "forest", "continent": "Ulthos", "size": 2 }, "geometry": { "type": "Polygon", "coordinates": [ [ [ 125.004190988643899, -29.914297239613642 ], [ 125.089780291017405, -29.978489216393768 ], [ 125.203899360848737, -29.992754100122685 ], [ 125.332283314408997, -30.056946076902811 ], [ 125.39647529118912, -30.121138053682937 ], [ 125.496329477291539, -30.121138053682937 ], [ 125.589051221529502, -30.163932704869691 ], [ 125.581918779665045, -30.228124681649817 ], [ 125.696037849496378, -30.235257123514277 ], [ 125.688905407631921, -30.349376193345613 ], [ 125.581918779665045, -30.399303286396822 ], [ 125.460667267969242, -30.420700611990199 ], [ 125.439269942375873, -30.534819681821535 ], [ 125.353680640002366, -30.620408984195038 ], [ 125.339415756273453, -30.713130728433001 ], [ 125.246694012035491, -30.81298491453542 ], [ 125.175369593390897, -30.919971542502299 ], [ 125.096912732881862, -31.062620379791468 ], [ 125.175369593390897, -31.176739449622808 ], [ 125.2966211050867, -31.212401658945097 ], [ 125.2966211050867, -31.262328751996311 ], [ 125.275223779493317, -31.347918054369813 ], [ 125.239561570171034, -31.454904682336689 ], [ 125.310885988815613, -31.547626426574652 ], [ 125.432137500511416, -31.526229100981276 ], [ 125.546256570342749, -31.476302007930066 ], [ 125.688905407631921, -31.454904682336689 ], [ 125.86721645424339, -31.476302007930066 ], [ 126.052659942719302, -31.554758868439109 ], [ 126.188176338144018, -31.547626426574652 ], [ 126.309427849839821, -31.454904682336689 ], [ 126.40928203594224, -31.40497758928548 ], [ 126.452076687128979, -31.276593635725227 ], [ 126.48060645458682, -31.162474565893888 ], [ 126.537665989502486, -31.098282589113762 ], [ 126.530533547638029, -31.005560844875802 ], [ 126.416414477806697, -30.955633751824589 ], [ 126.337957617297647, -30.841514681993253 ], [ 126.280898082381981, -30.727395612161917 ], [ 126.245235873059684, -30.613276542330581 ], [ 126.273765640517524, -30.492025030634785 ], [ 126.43067936153561, -30.377905960803446 ], [ 126.559063315095869, -30.306581542158863 ], [ 126.687447268656115, -30.242389565378733 ], [ 126.687447268656115, -30.135402937411857 ], [ 126.744506803571781, -30.042681193173895 ], [ 126.573328198824782, -29.957091890800392 ], [ 126.416414477806697, -29.850105262833512 ], [ 126.223838547466315, -29.800178169782303 ], [ 126.024130175261476, -29.807310611646763 ], [ 125.824421803056637, -29.785913286053386 ], [ 125.717435175089761, -29.7145888674088 ], [ 125.574786337800589, -29.7145888674088 ], [ 125.39647529118912, -29.707456425544343 ], [ 125.246694012035491, -29.72172130927326 ], [ 125.082647849152949, -29.785913286053386 ], [ 124.989926104914986, -29.835840379104596 ], [ 125.004190988643899, -29.914297239613642 ] ] ] } },
{ "type": "Feature", "properties": { "id": 116, "name": null, "type": "forest", "continent": "Ulthos", "size": 1 }, "geometry": { "type": "Polygon", "coordinates": [ [ [ 122.728942033881609, -32.669202909760763 ], [ 122.707544708288239, -32.804719305185479 ], [ 122.52923366167677, -32.890308607558978 ], [ 122.422247033709894, -32.890308607558978 ], [ 122.372319940658684, -32.925970816881275 ], [ 122.343790173200844, -33.025825002983694 ], [ 122.251068428962881, -33.090016979763824 ], [ 122.115552033538165, -33.125679189086114 ], [ 121.965770754384536, -33.111414305357194 ], [ 121.823121917095364, -33.161341398408403 ], [ 121.716135289128488, -33.139944072815034 ], [ 121.523559358788106, -33.225533375188533 ], [ 121.359513195905564, -33.289725351968663 ], [ 121.273923893532057, -33.275460468239743 ], [ 121.345248312176651, -33.13281163095057 ], [ 121.509294475059193, -33.011560119254774 ], [ 121.709002847264031, -32.883176165694522 ], [ 121.880181452011044, -32.818984188914392 ], [ 122.101287149809252, -32.783321979592102 ], [ 122.243935987098425, -32.711997560947516 ], [ 122.422247033709894, -32.669202909760763 ], [ 122.600558080321349, -32.619275816709553 ], [ 122.728942033881609, -32.669202909760763 ] ] ] } },
{ "type": "Feature", "properties": { "id": 117, "name": null, "type": "forest", "continent": "Essos", "size": 4 }, "geometry": { "type": "Polygon", "coordinates": [ [ [ 92.385501367227491, -15.865076685755957 ], [ 92.441911990287664, -16.169694050280874 ], [ 92.554733236407998, -16.451747165581725 ], [ 92.757811479424618, -16.835339402390883 ], [ 92.836786351708852, -17.1738031407519 ], [ 93.028582470113435, -17.59124175139716 ], [ 93.265507086966139, -17.670216623681398 ], [ 93.457303205370721, -17.7040629975175 ], [ 93.637817199163266, -17.862012742085977 ], [ 93.795766943731735, -18.031244611266484 ], [ 93.987563062136317, -18.144065857386824 ], [ 94.258334052825134, -18.177912231222926 ], [ 94.495258669677852, -18.177912231222926 ], [ 94.833722408038867, -18.256887103507164 ], [ 95.04808277566751, -18.347144100403437 ], [ 95.206032520235993, -18.561504468032084 ], [ 95.25116101868413, -18.787146960272764 ], [ 95.25116101868413, -18.978943078677339 ], [ 95.341418015580402, -19.103046449409714 ], [ 95.567060507821083, -19.069200075573612 ], [ 95.747574501613627, -18.978943078677339 ], [ 96.018345492302444, -18.922532455617173 ], [ 96.232705859931087, -18.956378829453275 ], [ 96.401937729111594, -19.080482200185646 ], [ 96.390655604499557, -19.328688941650395 ], [ 96.311680732215322, -19.464074436994803 ], [ 96.32296285682736, -19.633306306175314 ], [ 96.345527106051421, -19.836384549191926 ], [ 96.469630476783792, -20.016898542984467 ], [ 96.695272969024472, -20.10715553988074 ], [ 96.841940588980918, -20.186130412164978 ], [ 97.067583081221599, -20.355362281345489 ], [ 97.298866635768292, -20.606389553963243 ], [ 97.377841508052541, -20.820749921591887 ], [ 97.547073377233048, -21.001263915384431 ], [ 97.682458872577456, -21.125367286116806 ], [ 97.738869495637616, -21.260752781461214 ], [ 97.795280118697789, -21.418702526029691 ], [ 97.975794112490334, -21.554088021374099 ], [ 98.257847227791189, -21.6217807690463 ], [ 98.438361221583733, -21.599216519822232 ], [ 98.517336093867968, -21.452548899865793 ], [ 98.686567963048475, -21.24947065684918 ], [ 98.878364081453057, -21.24947065684918 ], [ 99.216827819814071, -21.260752781461214 ], [ 99.408623938218653, -21.429984650641725 ], [ 99.397341813606616, -21.520241647537997 ], [ 99.57785580739916, -21.700755641330538 ], [ 99.668112804295433, -21.858705385899015 ], [ 99.566573682787123, -22.061783628915627 ], [ 99.397341813606616, -22.287426121156308 ], [ 99.510163059726963, -22.546914987233091 ], [ 99.735805551967644, -22.761275354861734 ], [ 100.017858667268484, -22.828968102533938 ], [ 100.491707900973921, -22.874096600982075 ], [ 100.739914642438663, -22.727428981025632 ], [ 100.886582262395109, -22.501786488784955 ], [ 100.920428636231208, -22.298708245768342 ], [ 101.055814131575616, -22.050501504303593 ], [ 101.225046000756123, -21.937680258183253 ], [ 101.371713620712569, -21.79101263822681 ], [ 101.461970617608841, -21.67819139210647 ], [ 101.49581699144494, -21.565370145986133 ], [ 101.473252742220879, -21.441266775253759 ], [ 101.382995745324607, -21.328445529133418 ], [ 101.371713620712569, -21.19306003378901 ], [ 101.382995745324607, -21.035110289220533 ], [ 101.428124243772743, -20.888442669264091 ], [ 101.586073988341212, -20.764339298531716 ], [ 101.59735611295325, -20.583825304739175 ], [ 101.710177359073583, -20.482286183230869 ], [ 101.755305857521719, -20.482286183230869 ], [ 101.901973477478165, -20.696646550859512 ], [ 101.845562854417992, -20.899724793876125 ], [ 101.879409228254104, -21.080238787668669 ], [ 102.116333845106809, -21.147931535340874 ], [ 102.206590842003081, -21.114085161504772 ], [ 102.251719340451217, -21.159213659952908 ], [ 102.195308717391057, -21.294599155297316 ], [ 102.195308717391057, -21.407420401417657 ], [ 102.42659227193775, -21.6217807690463 ], [ 102.595824141118257, -21.869987510511049 ], [ 102.719927511850628, -22.219733373484104 ], [ 102.889159381031149, -22.411529491888682 ], [ 103.035827000987581, -22.434093741112751 ], [ 103.250187368616224, -22.355118868828512 ], [ 103.351726490124534, -22.219733373484104 ], [ 103.441983487020806, -22.073065753527661 ], [ 103.464547736244882, -21.892551759735117 ], [ 103.509676234693018, -21.73460201516664 ], [ 103.340290380583752, -21.608122910835064 ], [ 103.148648247107928, -21.802294762838844 ], [ 103.01326275176352, -21.802294762838844 ], [ 102.990698502539445, -21.486395273701895 ], [ 103.092237624047755, -21.317163404521384 ], [ 103.250187368616224, -21.24947065684918 ], [ 103.430701362408769, -21.091520912280703 ], [ 103.577368982365215, -20.967417541548329 ], [ 103.690190228485562, -20.865878420040023 ], [ 103.769165100769797, -20.730492924695614 ], [ 103.870704222278107, -20.640235927799342 ], [ 103.98352546839844, -20.628953803187308 ], [ 104.130193088354886, -20.561261055515107 ], [ 104.197885836027083, -20.471004058618835 ], [ 104.209167960639121, -20.267925815602222 ], [ 104.36711770520759, -20.098693946421712 ], [ 104.513785325164037, -20.031001198749507 ], [ 104.705581443568619, -19.940744201853235 ], [ 104.82968481430099, -19.906897828017133 ], [ 104.95378818503336, -19.850487204956963 ], [ 105.021480932705572, -19.794076581896793 ], [ 105.134302178825905, -19.737665958836622 ], [ 105.354303608760574, -19.748948083448656 ], [ 105.444560605656847, -19.918179952629167 ], [ 105.647638848673452, -19.952026326465269 ], [ 105.861999216302095, -19.805358706508827 ], [ 106.04251321009464, -19.647408961940354 ], [ 106.268155702335321, -19.512023466595945 ], [ 106.538926693024138, -19.478177092759843 ], [ 106.674312188368546, -19.478177092759843 ], [ 106.83226193293703, -19.399202220475605 ], [ 106.990211677505499, -19.286380974355264 ], [ 107.182007795910081, -19.117149105174754 ], [ 107.339957540478551, -18.993045734442379 ], [ 107.622010655779405, -18.925352986770175 ], [ 107.779960400347875, -18.880224488322039 ], [ 107.983038643364495, -18.846378114485937 ], [ 108.152270512545002, -18.74483899297763 ], [ 108.310220257113485, -18.74483899297763 ], [ 108.468170001681955, -18.789967491425767 ], [ 108.716376743146697, -18.74483899297763 ], [ 108.885608612327218, -18.485350126900851 ], [ 108.97586560922349, -18.316118257720341 ], [ 108.964583484611452, -18.113040014703728 ], [ 109.077404730731786, -17.898679647075081 ], [ 109.145097478403997, -17.808422650178809 ], [ 109.224072350688232, -17.582780157938132 ], [ 109.280482973748406, -17.436112537981689 ], [ 109.25791872452433, -17.210470045741008 ], [ 109.201508101464171, -16.973545428888293 ], [ 109.077404730731786, -16.781749310483715 ], [ 108.942019235387377, -16.635081690527276 ], [ 108.829197989267044, -16.465849821346765 ], [ 108.693812493922636, -16.296617952166255 ], [ 108.524580624742129, -16.262771578330153 ], [ 108.321502381725509, -16.364310699838459 ], [ 108.219963260217213, -16.556106818243038 ], [ 108.140988387932964, -16.680210188975412 ], [ 107.994320767976532, -16.736620812035582 ], [ 107.915345895692283, -16.725338687423548 ], [ 107.870217397244147, -16.601235316691174 ], [ 107.881499521856185, -16.420721322898629 ], [ 107.937910144916358, -16.240207329106084 ], [ 107.994320767976532, -16.082257584537608 ], [ 107.90406377108026, -15.822768718460827 ], [ 107.70098552806364, -15.653536849280316 ], [ 107.306111166642452, -15.60840835083218 ], [ 107.136879297461945, -15.698665347728452 ], [ 106.820979808324992, -15.630972600056248 ], [ 106.595337316084311, -15.642254724668282 ], [ 106.392259073067692, -15.845332967684895 ], [ 106.256873577723297, -15.969436338417269 ], [ 106.268155702335321, -16.149950332209812 ], [ 106.313284200783457, -16.296617952166255 ], [ 106.223027203887185, -16.420721322898629 ], [ 106.087641708542776, -16.465849821346765 ], [ 105.98610258703448, -16.296617952166255 ], [ 105.918409839362269, -16.17251458143388 ], [ 105.737895845569724, -15.980718463029303 ], [ 105.433278481044809, -15.834050843072861 ], [ 105.106096867295818, -15.743793846176589 ], [ 104.903018624279213, -15.743793846176589 ], [ 104.745068879710729, -15.845332967684895 ], [ 104.666094007426494, -15.980718463029303 ], [ 104.496862138245987, -16.070975459925574 ], [ 104.316348144453443, -16.00328271225337 ], [ 104.203526898333109, -15.867897216908963 ], [ 104.259937521393269, -15.551997727772012 ], [ 104.350194518289541, -15.394047983203535 ], [ 104.259937521393269, -15.168405490962854 ], [ 103.955320156868353, -15.033019995618448 ], [ 103.661984916955475, -14.999173621782345 ], [ 103.413778175490719, -15.078148494066584 ], [ 103.165571434025978, -15.292508861695229 ], [ 103.086596561741743, -15.495587104711841 ], [ 102.962493191009358, -15.57456197699608 ], [ 102.736850698768677, -15.642254724668282 ], [ 102.590183078812245, -15.822768718460827 ], [ 102.409669085019701, -16.00328271225337 ], [ 102.263001465063255, -16.161232456821846 ], [ 102.037358972822574, -16.296617952166255 ], [ 101.868127103642067, -16.285335827554221 ], [ 101.947101975926302, -16.025846961477438 ], [ 102.150180218942921, -15.867897216908963 ], [ 102.229155091227156, -15.642254724668282 ], [ 102.330694212735466, -15.461740730875739 ], [ 102.28556571428733, -15.151482304044809 ], [ 102.274283589675292, -14.790454316459721 ], [ 102.454797583467837, -14.497119076546838 ], [ 102.646593701872405, -14.282758708918191 ], [ 102.691722200320541, -14.068398341289546 ], [ 102.646593701872405, -13.820191599824797 ], [ 102.499926081915973, -13.707370353704457 ], [ 102.657875826484442, -13.549420609135982 ], [ 102.906082567949198, -13.425317238403608 ], [ 103.041468063293607, -13.244803244611063 ], [ 102.928646817173259, -13.075571375430554 ], [ 102.793261321828851, -12.996596503146316 ], [ 102.590183078812245, -12.996596503146316 ], [ 102.432233334243762, -13.019160752370384 ], [ 102.274283589675292, -13.019160752370384 ], [ 102.217872966615118, -12.793518260129703 ], [ 102.240437215839194, -12.61300426633716 ], [ 102.08248747127071, -12.534029394052922 ], [ 101.947101975926302, -12.50018302021682 ], [ 101.811716480581893, -12.376079649484446 ], [ 101.721459483685621, -12.285822652588173 ], [ 101.484534866832917, -12.251976278752071 ], [ 101.281456623816297, -12.297104777200207 ], [ 101.179917502307987, -12.364797524872412 ], [ 101.021967757739517, -12.421208147932582 ], [ 100.875300137783071, -12.409926023320548 ], [ 100.717350393214602, -12.432490272544616 ], [ 100.683504019378489, -12.579157892501058 ], [ 100.739914642438663, -12.748389761681567 ], [ 100.672221894766466, -12.849928883189873 ], [ 100.536836399422057, -12.962750129310214 ], [ 100.435297277913747, -13.075571375430554 ], [ 100.356322405629513, -13.131981998490724 ], [ 100.187090536449006, -13.177110496938861 ], [ 100.051705041104597, -13.188392621550895 ], [ 99.859908922700015, -13.12069987387869 ], [ 99.769651925803743, -13.06428925081852 ], [ 99.465034561278827, -12.906339506250044 ], [ 99.149135072141874, -12.883775257025976 ], [ 98.86708195684102, -12.985314378534282 ], [ 98.50605396925593, -13.041725001594452 ], [ 98.235282978567113, -13.109417749266656 ], [ 97.953229863266273, -13.233521119999029 ], [ 97.682458872577456, -13.233521119999029 ], [ 97.603484000293221, -13.131981998490724 ], [ 97.524509128008972, -12.793518260129703 ], [ 97.490662754172874, -12.646850640173263 ], [ 97.501944878784911, -12.353515400260378 ], [ 97.513227003396949, -12.173001406467835 ], [ 97.366559383440503, -12.003769537287324 ], [ 97.084506268139648, -11.981205288063256 ], [ 96.903992274347104, -12.015051661899358 ], [ 96.757324654390672, -12.071462284959528 ], [ 96.655785532882362, -12.263258403364105 ], [ 96.542964286762015, -12.353515400260378 ], [ 96.475271539089817, -12.488900895604786 ], [ 96.452707289865742, -12.770954010905635 ], [ 96.339886043745409, -12.917621630862078 ], [ 96.097320364586679, -13.199674746162929 ], [ 96.029627616914468, -13.425317238403608 ], [ 96.029627616914468, -13.560702733748016 ], [ 95.973216993854308, -13.707370353704457 ], [ 95.894242121570059, -13.876602222884967 ], [ 95.567060507821083, -14.192501712021919 ], [ 95.262443143296167, -14.181219587409885 ], [ 95.036800651055486, -14.057116216677512 ], [ 94.630644165022261, -13.989423469005308 ], [ 94.371155298945467, -14.113526839737682 ], [ 94.269616177437172, -14.294040833530225 ], [ 94.269616177437172, -14.47455482732277 ], [ 94.359873174333444, -14.53096545038294 ], [ 94.359873174333444, -14.632504571891246 ], [ 94.213205554376998, -14.64378669650328 ], [ 94.032691560584453, -14.666350945727347 ], [ 93.795766943731735, -14.745325818011585 ], [ 93.592688700715129, -14.891993437968027 ], [ 93.547560202266993, -15.049943182536504 ], [ 93.400892582310547, -15.117635930208708 ], [ 93.310635585414275, -15.309432048613285 ], [ 93.096275217785632, -15.354560547061421 ], [ 92.949607597829186, -15.253021425553115 ], [ 92.808581040178765, -15.219175051717013 ], [ 92.594220672550122, -15.343278422449387 ], [ 92.447553052593676, -15.501228167017864 ], [ 92.368578180309441, -15.681742160810407 ], [ 92.385501367227491, -15.865076685755957 ] ] ] } },
{ "type": "Feature", "properties": { "id": 118, "name": null, "type": "forest", "continent": "Essos", "size": 3 }, "geometry": { "type": "Polygon", "coordinates": [ [ [ 109.308688285278492, -19.599459932339208 ], [ 109.308688285278492, -19.413304876240645 ], [ 109.348175721420603, -19.10304644940971 ], [ 109.421509531398826, -18.832275458720897 ], [ 109.421509531398826, -18.719454212600557 ], [ 109.398945282174765, -18.572786592644114 ], [ 109.348175721420603, -18.43176003499369 ], [ 109.398945282174765, -18.273810290425214 ], [ 109.483561216765011, -18.166630106610889 ], [ 109.51740759060111, -18.03124461126648 ], [ 109.556895026743234, -17.878935929004022 ], [ 109.652793085945518, -17.692780872905463 ], [ 109.80510176820799, -17.529190066030967 ], [ 109.940487263552384, -17.444574131440714 ], [ 110.10407807042688, -17.35995819685046 ], [ 110.267668877301375, -17.405086695298596 ], [ 110.397413310339772, -17.484061567582831 ], [ 110.544080930296204, -17.636370249845292 ], [ 110.679466425640612, -17.777396807495716 ], [ 110.758441297924861, -17.884576991310041 ], [ 110.888185730963244, -17.997398237430378 ], [ 110.972801665553504, -18.065090985102582 ], [ 111.063058662449777, -18.166630106610889 ], [ 111.11946928550995, -18.256887103507161 ], [ 111.147674597040023, -18.369708349627501 ], [ 111.153315659346049, -18.522017031889959 ], [ 111.164597783958087, -18.69124890107047 ], [ 111.130751410121974, -18.792788022578776 ], [ 111.108187160897913, -18.91689139331115 ], [ 111.091263973979864, -18.99022520328937 ], [ 111.079981849367826, -19.069200075573608 ], [ 111.102546098591887, -19.136892823245812 ], [ 111.198444157794185, -19.193303446305983 ], [ 111.350752840056643, -19.283560443202255 ], [ 111.480497273095025, -19.373817440098527 ], [ 111.598959581521385, -19.379458502404546 ], [ 111.751268263783842, -19.317406817038357 ], [ 111.937423319882413, -19.255355131672172 ], [ 112.174347936735117, -19.289201505508274 ], [ 112.394349366669786, -19.458433374688781 ], [ 112.484606363566058, -19.610742056951242 ], [ 112.541016986626232, -19.79266631632029 ], [ 112.580504422768342, -19.995744559336902 ], [ 112.569222298156319, -20.20446386465953 ], [ 112.524093799708183, -20.345490422309954 ], [ 112.484606363566058, -20.486516979960378 ], [ 112.411272553587835, -20.582415039162669 ], [ 112.371785117445711, -20.68959522297699 ], [ 112.292810245161476, -20.768570095261229 ], [ 112.24768174671334, -20.824980718321399 ], [ 112.309733432079526, -20.892673465993603 ], [ 112.484606363566058, -20.875750279075554 ], [ 112.622812390063473, -20.853186029851486 ], [ 112.837172757692116, -20.909596652911656 ], [ 113.000763564566611, -21.073187459786148 ], [ 113.040251000708736, -21.264983578190726 ], [ 112.972558253036524, -21.456779696595301 ], [ 112.758197885407881, -21.620370503469797 ], [ 112.487426894719064, -21.716268562672084 ], [ 112.385887773210754, -21.693704313448016 ], [ 112.28998971400847, -21.693704313448016 ], [ 112.137681031746013, -21.64857581499988 ], [ 111.991013411789567, -21.609088378857763 ], [ 111.833063667221097, -21.620370503469797 ], [ 111.629985424204477, -21.642934752693865 ], [ 111.46075355502397, -21.637293690387846 ], [ 111.257675312007365, -21.609088378857763 ], [ 111.189982564335153, -21.456779696595301 ], [ 111.13357194127498, -21.298829952026828 ], [ 111.026391757460658, -21.264983578190726 ], [ 110.89100626211625, -21.191649768212503 ], [ 110.721774392935743, -21.028058961338012 ], [ 110.586388897591334, -20.898314528299622 ], [ 110.479208713777012, -20.796775406791316 ], [ 110.355105343044642, -20.774211157567247 ], [ 110.157668162334048, -20.785493282179281 ], [ 110.0448469162137, -20.802416469097331 ], [ 109.807922299360996, -20.796775406791316 ], [ 109.593561931732353, -20.757287970649195 ], [ 109.452535374081918, -20.604979288386737 ], [ 109.339714127961585, -20.413183169982158 ], [ 109.2776624425954, -20.210104926965546 ], [ 109.288944567207423, -19.973180310112834 ], [ 109.311508816431498, -19.803948440932324 ], [ 109.308688285278492, -19.599459932339208 ] ] ] } },
{ "type": "Feature", "properties": { "id": 119, "name": null, "type": "forest", "continent": "Essos", "size": 1 }, "geometry": { "type": "Polygon", "coordinates": [ [ [ 108.392015660550726, -19.056507685385071 ], [ 108.32996397518454, -19.01984078039596 ], [ 108.234065915982242, -18.991635468865876 ], [ 108.160732106004033, -19.011379186936935 ], [ 108.081757233719784, -19.067789809997105 ], [ 108.00278236143555, -19.101636183833207 ], [ 107.926628020304321, -19.115738839598247 ], [ 107.827909429949031, -19.118559370751257 ], [ 107.734831901899739, -19.110097777292232 ], [ 107.672780216533553, -19.13548255766931 ], [ 107.641754373850461, -19.186252118423461 ], [ 107.638933842697455, -19.24830380378965 ], [ 107.616369593473394, -19.341381331838928 ], [ 107.571241095025258, -19.414715141817151 ], [ 107.514830471965084, -19.471125764877321 ], [ 107.464060911210936, -19.524715856784482 ], [ 107.497907285047035, -19.606511260221726 ], [ 107.582523219637281, -19.631896040598804 ], [ 107.681241809992585, -19.567023824079609 ], [ 107.782780931500895, -19.451382046806259 ], [ 107.853294210326098, -19.355483987603971 ], [ 107.889961115315216, -19.293432302237782 ], [ 108.011243954894582, -19.239842210330622 ], [ 108.14662945023899, -19.211636898800538 ], [ 108.248168571747286, -19.186252118423461 ], [ 108.315861319419497, -19.163687869199393 ], [ 108.386374598244714, -19.127020964210281 ], [ 108.392015660550726, -19.056507685385071 ] ] ] } },
{ "type": "Feature", "properties": { "id": 120, "name": null, "type": "forest", "continent": "Essos", "size": 1 }, "geometry": { "type": "Polygon", "coordinates": [ [ [ 108.792531084277925, -19.045225560773037 ], [ 108.744582054676783, -19.112918308445241 ], [ 108.69099196276963, -19.197534243035495 ], [ 108.63176080855645, -19.259585928401684 ], [ 108.580991247802288, -19.327278676073885 ], [ 108.580991247802288, -19.43445885988821 ], [ 108.651504526627505, -19.507792669866429 ], [ 108.747402585829789, -19.479587358336346 ], [ 108.823556926961032, -19.423176735276176 ], [ 108.896890736939241, -19.335740269532913 ], [ 108.953301359999415, -19.276509115319733 ], [ 109.023814638824632, -19.200354774188504 ], [ 109.03227623228365, -19.101636183833207 ], [ 109.026635169977638, -19.000097062324901 ], [ 108.970224546917464, -18.966250688488799 ], [ 108.894070205786235, -18.974712281947824 ], [ 108.792531084277925, -19.045225560773037 ] ] ] } },
{ "type": "Feature", "properties": { "id": 121, "name": null, "type": "forest", "continent": null, "size": 3 }, "geometry": { "type": "Polygon", "coordinates": [ [ [ 105.249943956099258, -23.105380155528771 ], [ 105.283790329935357, -23.297176273933349 ], [ 105.419175825279765, -23.398715395441656 ], [ 105.622254068296385, -23.443843893889792 ], [ 105.723793189804681, -23.342304772381485 ], [ 105.881742934373165, -23.353586896993519 ], [ 106.050974803553672, -23.488972392337924 ], [ 106.163796049674005, -23.590511513846231 ], [ 106.28789942040639, -23.658204261518435 ], [ 106.400720666526723, -23.613075763070299 ], [ 106.479695538810958, -23.522818766174026 ], [ 106.547388286483169, -23.432561769277758 ], [ 106.648927407991479, -23.46640814311386 ], [ 106.716620155663676, -23.601793638458265 ], [ 106.682773781827578, -23.748461258414707 ], [ 106.581234660319268, -23.872564629147082 ], [ 106.423284915750799, -23.928975252207252 ], [ 106.28789942040639, -23.940257376819286 ], [ 106.118667551225869, -23.95153950143132 ], [ 105.971999931269437, -24.030514373715558 ], [ 105.938153557433324, -24.132053495223865 ], [ 105.938153557433324, -24.244874741344205 ], [ 106.039692678941634, -24.335131738240477 ], [ 106.152513925061982, -24.391542361300647 ], [ 106.265335171182315, -24.391542361300647 ], [ 106.34431004346655, -24.504363607420984 ], [ 106.299181545018413, -24.617184853541325 ], [ 106.276617295794352, -24.730006099661665 ], [ 106.310463669630451, -24.887955844230142 ], [ 106.423284915750799, -24.978212841126414 ], [ 106.513541912647071, -25.057187713410652 ], [ 106.660209532603503, -25.13616258569489 ], [ 106.784312903335874, -25.170008959530993 ], [ 106.784312903335874, -25.350522953323537 ], [ 106.705338031051639, -25.497190573279976 ], [ 106.547388286483169, -25.56488332095218 ], [ 106.333027918854526, -25.610011819400317 ], [ 106.073539052777733, -25.677704567072521 ], [ 105.836614435925028, -25.779243688580827 ], [ 105.746357439028756, -25.937193433149304 ], [ 105.554561320624174, -25.92591130853727 ], [ 105.396611576055705, -26.050014679269644 ], [ 105.328918828383493, -26.286939296122359 ], [ 105.182251208427047, -26.377196293018628 ], [ 105.046865713082639, -26.52386391297507 ], [ 104.990455090022479, -26.704377906767615 ], [ 105.035583588470615, -27.020277395904568 ], [ 105.249943956099258, -27.178227140473044 ], [ 105.498150697564, -27.257202012757283 ], [ 105.689946815968582, -27.268484137369317 ], [ 105.859178685149089, -27.133098642024908 ], [ 106.163796049674005, -26.918738274396262 ], [ 106.321745794242489, -26.918738274396262 ], [ 106.468413414198935, -26.828481277499989 ], [ 106.592516784931306, -26.670531532931513 ], [ 106.637645283379442, -26.444889040690832 ], [ 106.750466529499775, -26.286939296122359 ], [ 106.885852024844183, -26.275657171510325 ], [ 106.953544772516395, -26.377196293018628 ], [ 106.942262647904357, -26.490017539138968 ], [ 106.942262647904357, -26.58027453603524 ], [ 106.953544772516395, -26.749506405215751 ], [ 107.05508389402469, -26.851045526724057 ], [ 107.303290635489446, -26.851045526724057 ], [ 107.404829756997756, -26.726942155991683 ], [ 107.404829756997756, -26.58027453603524 ], [ 107.449958255445893, -26.4674532899149 ], [ 107.540215252342165, -26.399760542242696 ], [ 107.6191901246264, -26.399760542242696 ], [ 107.720729246134695, -26.298221420734393 ], [ 107.732011370746733, -26.03873255465761 ], [ 107.607908000014362, -25.92591130853727 ], [ 107.495086753894029, -25.914629183925236 ], [ 107.382265507773681, -25.846936436253031 ], [ 107.495086753894029, -25.756679439356759 ], [ 107.709447121522672, -25.700268816296589 ], [ 107.878678990703179, -25.587447570176248 ], [ 108.070475109107761, -25.463344199443874 ], [ 108.217142729064193, -25.260265956427265 ], [ 108.32996397518454, -25.07975196263472 ], [ 108.352528224408601, -24.91052009345421 ], [ 108.307399725960465, -24.730006099661665 ], [ 108.228424853676231, -24.459235108972848 ], [ 108.149449981391996, -24.278721115180307 ], [ 107.991500236823512, -24.109489245999796 ], [ 107.946371738375376, -23.917693127595218 ], [ 107.90124323992724, -23.703332759966571 ], [ 108.00278236143555, -23.455126018501826 ], [ 108.10432148294386, -23.252047775485213 ], [ 108.00278236143555, -22.981276784796396 ], [ 107.923807489151315, -22.913584037124192 ], [ 107.856114741479104, -22.800762791003852 ], [ 107.777139869194869, -22.710505794107579 ], [ 107.732011370746733, -22.608966672599273 ], [ 107.732011370746733, -22.4510169280308 ], [ 107.709447121522672, -22.338195681910459 ], [ 107.641754373850461, -22.157681688117915 ], [ 107.495086753894029, -22.03357831738554 ], [ 107.348419133937583, -21.97716769432537 ], [ 107.167905140145038, -21.898192822041132 ], [ 107.009955395576554, -21.830500074368928 ], [ 106.682773781827578, -21.853064323592996 ], [ 106.490977663422996, -21.9207570712652 ], [ 106.299181545018413, -22.056142566609608 ], [ 106.175078174286043, -22.180245937341983 ], [ 105.994564180493498, -22.304349308074357 ], [ 105.825332311312991, -22.315631432686391 ], [ 105.633536192908409, -22.383324180358596 ], [ 105.531997071400113, -22.439734803418766 ], [ 105.464304323727902, -22.620248797211307 ], [ 105.464304323727902, -22.710505794107579 ], [ 105.509432822176038, -22.812044915615886 ], [ 105.475586448339939, -22.99255890940843 ], [ 105.351483077607568, -23.037687407856566 ], [ 105.249943956099258, -23.105380155528771 ] ] ] } },
{ "type": "Feature", "properties": { "id": 122, "name": null, "type": "forest", "continent": null, "size": 1 }, "geometry": { "type": "Polygon", "coordinates": [ [ [ 98.001178892867415, -29.101829386824839 ], [ 97.989896768255377, -29.02849557684662 ], [ 97.882716584441056, -29.005931327622552 ], [ 97.73604896448461, -29.034136639152635 ], [ 97.59502240683419, -29.067983012988737 ], [ 97.499124347631906, -29.12721416720191 ], [ 97.431431599959694, -29.273881787158352 ], [ 97.510406472243929, -29.454395780950897 ], [ 97.442713724571732, -29.589781276295305 ], [ 97.363738852287497, -29.677217742038572 ], [ 97.329892478451384, -29.792859519311918 ], [ 97.35245672767546, -29.973373513104459 ], [ 97.420149475347657, -30.187733880733106 ], [ 97.555534970692065, -30.323119376077514 ], [ 97.657074092200375, -30.458504871421923 ], [ 97.657074092200375, -30.650300989826501 ], [ 97.657074092200375, -30.78568648517091 ], [ 97.758613213708685, -30.864661357455148 ], [ 97.882716584441056, -30.898507731291247 ], [ 98.018102079785464, -30.943636229739383 ], [ 98.119641201293774, -30.966200478963451 ], [ 98.198616073578009, -31.090303849695825 ], [ 98.367847942758516, -31.180560846592098 ], [ 98.661183182671408, -31.282099968100404 ], [ 98.852979301075976, -31.282099968100404 ], [ 99.078621793316657, -31.282099968100404 ], [ 99.326828534781413, -31.259535718876336 ], [ 99.518624653185981, -31.248253594264302 ], [ 99.699138646978525, -31.180560846592098 ], [ 99.766831394650737, -31.135432348143961 ], [ 99.913499014607169, -31.135432348143961 ], [ 100.060166634563615, -31.124150223531927 ], [ 100.251962752968197, -31.045175351247689 ], [ 100.376066123700568, -30.932354105127349 ], [ 100.511451619044976, -30.774404360558876 ], [ 100.579144366717188, -30.560043992930229 ], [ 100.646837114389385, -30.492351245258025 ], [ 100.658119239001422, -30.289273002241412 ], [ 100.691965612837521, -30.153887506897004 ], [ 100.646837114389385, -30.052348385388697 ], [ 100.500169494432939, -29.939527139268357 ], [ 100.443758871372779, -29.781577394699884 ], [ 100.387348248312605, -29.646191899355475 ], [ 100.263244877580235, -29.533370653235135 ], [ 100.257603815274209, -29.609524994366371 ], [ 100.268885939886246, -29.761833676628829 ], [ 100.336578687558458, -29.857731735831116 ], [ 100.387348248312605, -29.947988732727389 ], [ 100.460682058290828, -30.066451041153748 ], [ 100.494528432126927, -30.167990162662051 ], [ 100.545297992881075, -30.246965034946289 ], [ 100.56786224210515, -30.303375658006459 ], [ 100.528374805963026, -30.371068405678663 ], [ 100.426835684454716, -30.393632654902731 ], [ 100.32529656294642, -30.416196904126799 ], [ 100.274527002192258, -30.461325402574936 ], [ 100.353501874476507, -30.523377087941125 ], [ 100.426835684454716, -30.540300274859174 ], [ 100.409912497536666, -30.591069835613329 ], [ 100.359142936782519, -30.65876258328553 ], [ 100.280168064498284, -30.703891081733666 ], [ 100.167346818377936, -30.720814268651718 ], [ 100.088371946093702, -30.720814268651718 ], [ 100.020679198421504, -30.749019580181802 ], [ 99.975550699973368, -30.805430203241972 ], [ 99.941704326137256, -30.844917639384093 ], [ 99.84016520462896, -30.901328262444263 ], [ 99.693497584672514, -30.935174636280365 ], [ 99.575035276246155, -30.929533573974346 ], [ 99.490419341655894, -30.929533573974346 ], [ 99.422726593983697, -30.94081569858638 ], [ 99.326828534781413, -30.957738885504433 ], [ 99.25349472480319, -30.991585259340535 ], [ 99.146314540988868, -30.991585259340535 ], [ 99.016570107950471, -30.980303134728501 ], [ 98.943236297972248, -30.957738885504433 ], [ 98.802209740321828, -30.980303134728501 ], [ 98.66682424497742, -30.969021010116467 ], [ 98.582208310387159, -30.912610387056297 ], [ 98.497592375796913, -30.895687200138244 ], [ 98.452463877348777, -30.805430203241972 ], [ 98.429899628124701, -30.703891081733666 ], [ 98.328360506616406, -30.64183939636748 ], [ 98.300155195086319, -30.64183939636748 ], [ 98.187333948965971, -30.579787711001295 ], [ 98.102718014375725, -30.557223461777227 ], [ 98.051948453621563, -30.45568434026892 ], [ 98.040666329009525, -30.359786281066629 ], [ 98.068871640539612, -30.297734595700444 ], [ 98.046307391315551, -30.23004184802824 ], [ 97.995537830561389, -30.190554411886119 ], [ 97.877075522135044, -30.179272287274085 ], [ 97.798100649850795, -30.151066975744001 ], [ 97.741690026790636, -30.083374228071797 ], [ 97.707843652954523, -29.993117231175525 ], [ 97.67963834142445, -29.86901386044315 ], [ 97.702202590648511, -29.823885361995014 ], [ 97.690920466036474, -29.727987302792727 ], [ 97.685279403730462, -29.649012430508488 ], [ 97.6965615283425, -29.524909059776114 ], [ 97.764254276014697, -29.44029312518586 ], [ 97.826305961380882, -29.412087813655774 ], [ 97.831947023686908, -29.32747187906552 ], [ 97.831947023686908, -29.254138069087297 ], [ 97.843229148298931, -29.180804259109077 ], [ 97.905280833665131, -29.130034698354926 ], [ 98.001178892867415, -29.101829386824839 ] ] ] } },
{ "type": "Feature", "properties": { "id": 123, "name": null, "type": "forest", "continent": "Essos", "size": 4 }, "geometry": { "type": "Polygon", "coordinates": [ [ [ 113.068456312238823, 5.319932804490883 ], [ 113.124866935298982, 5.545575296731563 ], [ 113.305380929091527, 5.771217788972243 ], [ 113.587434044392381, 5.884039035092584 ], [ 113.869487159693236, 6.008142405824957 ], [ 114.162822399606114, 6.1548100257814 ], [ 114.354618518010696, 6.256349147289705 ], [ 114.399747016458832, 6.425581016470216 ], [ 114.490004013355104, 6.651223508710896 ], [ 114.614107384087475, 6.899430250175643 ], [ 114.715646505595785, 7.057379994744119 ], [ 114.79462137788002, 7.350715234657003 ], [ 114.930006873224428, 7.508664979225479 ], [ 115.008981745508663, 7.632768349957853 ], [ 115.121802991629011, 7.869692966810567 ], [ 115.121802991629011, 8.072771209827179 ], [ 115.099238742404935, 8.33226007590396 ], [ 115.065392368568837, 8.603031066592777 ], [ 115.020263870120701, 8.794827184997354 ], [ 114.941288997836466, 8.873802057281592 ], [ 114.783339253267982, 8.986623303401933 ], [ 114.670518007147649, 9.054316051074137 ], [ 114.557696761027302, 9.133290923358375 ], [ 114.580261010251377, 9.336369166374986 ], [ 114.681800131759672, 9.449190412495327 ], [ 114.851032000940194, 9.449190412495327 ], [ 114.963853247060527, 9.415344038659224 ], [ 115.051289712803793, 9.330728104068969 ], [ 115.133085116241034, 9.257394294090748 ], [ 115.313599110033579, 9.189701546418545 ], [ 115.471548854602062, 9.122008798746341 ], [ 115.685909222230705, 9.088162424910239 ], [ 115.821294717575114, 9.054316051074137 ], [ 116.013090835979696, 8.952776929565831 ], [ 116.193604829772241, 8.83995568344549 ], [ 116.340272449728673, 8.78354506038532 ], [ 116.532068568133255, 8.760980811161252 ], [ 116.814121683434109, 8.817391434221422 ], [ 116.960789303390541, 8.794827184997354 ], [ 117.118739047959025, 8.738416561937186 ], [ 117.242842418691396, 8.648159565040913 ], [ 117.400792163259865, 8.648159565040913 ], [ 117.570024032440386, 8.727134437325152 ], [ 117.727973777008856, 8.78354506038532 ], [ 117.840795023129203, 8.851237808057524 ], [ 118.032591141533771, 8.851237808057524 ], [ 118.235669384550391, 8.749698686549218 ], [ 118.495158250627171, 8.682005938877015 ], [ 118.912596861272434, 8.648159565040913 ], [ 119.160803602737175, 8.682005938877015 ], [ 119.363881845753781, 8.727134437325152 ], [ 119.702345584114809, 8.876622588434602 ], [ 120.052091447087861, 9.124829329899349 ], [ 120.243887565492443, 9.327907572915962 ], [ 120.322862437776678, 9.530985815932572 ], [ 120.446965808509049, 9.767910432785287 ], [ 120.469530057733124, 9.970988675801898 ], [ 120.51465855618126, 10.174066918818511 ], [ 120.616197677689556, 10.377145161835124 ], [ 120.638761926913631, 10.557659155627666 ], [ 120.593633428465495, 10.715608900196143 ], [ 120.593633428465495, 11.008944140109026 ], [ 120.717736799197866, 11.121765386229367 ], [ 120.932097166826509, 11.212022383125639 ], [ 121.191586032903302, 11.212022383125639 ], [ 121.38338215130787, 11.133047510841401 ], [ 121.665435266608725, 11.133047510841401 ], [ 121.891077758849406, 11.200740258513605 ], [ 122.13082290685513, 11.245868756961739 ], [ 122.362106461401822, 11.285356193103858 ], [ 122.635697983243645, 11.302279380021911 ], [ 122.962879596992636, 11.460229124590386 ], [ 123.14339359078518, 11.685871616831067 ], [ 123.199804213845354, 11.934078358295814 ], [ 123.233650587681453, 12.249977847432767 ], [ 123.225188994222421, 12.365619624706111 ], [ 123.287240679588606, 12.472799808520435 ], [ 123.380318207637885, 12.55741574311069 ], [ 123.481857329146195, 12.647672740006962 ], [ 123.518524234135313, 12.721006549985182 ], [ 123.448010955310096, 12.783058235351371 ], [ 123.290061210741612, 12.828186733799507 ], [ 123.132111466173143, 12.873315232247643 ], [ 123.01929022005281, 12.963572229143915 ], [ 122.940315347768561, 13.12152197371239 ], [ 122.861340475484326, 13.268189593668833 ], [ 122.725954980139917, 13.313318092116969 ], [ 122.646980107855683, 13.358446590565105 ], [ 122.500312487899237, 13.437421462849343 ], [ 122.477748238675176, 13.538960584357648 ], [ 122.601851609407547, 13.674346079702056 ], [ 122.827494101648227, 13.821013699658499 ], [ 123.120829341561105, 13.888706447330703 ], [ 123.380318207637885, 13.843577948882567 ], [ 123.617242824490603, 13.764603076598329 ], [ 123.921860189015518, 13.696910328926124 ], [ 124.136220556644176, 13.584089082805784 ], [ 124.294170301212645, 13.459985712073411 ], [ 124.395709422720955, 13.313318092116969 ], [ 124.440837921169091, 13.189214721384594 ], [ 124.497248544229251, 13.042547101428152 ], [ 124.700326787245871, 12.963572229143915 ], [ 124.914687154874514, 12.97485435375595 ], [ 125.151611771727232, 12.726647612291201 ], [ 125.230586644011467, 12.636390615394928 ], [ 125.3434078901318, 12.55741574311069 ], [ 125.54648613314842, 12.512287244662556 ], [ 125.727000126940965, 12.433312372378317 ], [ 125.952642619181646, 12.46715874621442 ], [ 126.144438737586214, 12.489722995438488 ], [ 126.313670606766735, 12.478440870826454 ], [ 126.347516980602833, 12.388183873930181 ], [ 126.302388482154697, 12.286644752421875 ], [ 126.155720862198251, 12.241516253973739 ], [ 126.065463865301979, 12.241516253973739 ], [ 125.975206868405706, 12.10613075862933 ], [ 125.783410750001138, 12.027155886345094 ], [ 125.557768257760458, 12.027155886345094 ], [ 125.535204008536383, 11.993309512508992 ], [ 125.54648613314842, 11.925616764836787 ], [ 125.64802525465673, 11.824077643328481 ], [ 125.851103497673336, 11.722538521820175 ], [ 126.076745989914016, 11.553306652639666 ], [ 126.223413609870462, 11.50817815419153 ], [ 126.41520972827503, 11.496896029579496 ], [ 126.528030974395378, 11.429203281907292 ], [ 126.663416469739786, 11.440485406519326 ], [ 126.866494712756392, 11.519460278803564 ], [ 127.024444457324876, 11.654845774147971 ], [ 127.182394201893345, 11.677410023372039 ], [ 127.351626071073852, 11.654845774147971 ], [ 127.430600943358101, 11.553306652639666 ], [ 127.430600943358101, 8.371747512046078 ], [ 127.317779697237754, 8.304054764373873 ], [ 127.080855080385049, 8.360465387434044 ], [ 126.911623211204528, 8.51841513200252 ], [ 126.753673466636059, 8.563543630450656 ], [ 126.629570095903688, 8.665082751958963 ], [ 126.573159472843514, 8.777903998079301 ], [ 126.51674884978334, 8.845596745751505 ], [ 126.471620351335204, 8.947135867259812 ], [ 126.449056102111143, 9.059957113380152 ], [ 126.41520972827503, 9.127649861052356 ], [ 126.324952731378758, 9.195342608724559 ], [ 126.178285111422326, 9.184060484112525 ], [ 126.076745989914016, 9.02611073954405 ], [ 126.054181740689955, 8.868160994975574 ], [ 125.997771117629782, 8.642518502734895 ], [ 125.828539248449275, 8.484568758166418 ], [ 125.636743130044692, 8.315336888985907 ], [ 125.241868768623505, 8.270208390537771 ], [ 125.06135477483096, 8.337901138209975 ], [ 124.779301659530105, 8.371747512046078 ], [ 124.519812793453326, 8.34918326282201 ], [ 124.249041802764509, 8.258926265925737 ], [ 124.045963559747904, 8.100976521357262 ], [ 123.854167441343321, 7.943026776788786 ], [ 123.763910444447049, 7.818923406056412 ], [ 123.538267952206368, 7.593280913815732 ], [ 123.357753958413824, 7.581998789203698 ], [ 123.154675715397218, 7.55943453997963 ], [ 123.008008095440772, 7.593280913815732 ], [ 122.81621197703619, 7.514306041531494 ], [ 122.635697983243645, 7.39020267079912 ], [ 122.55672311095941, 7.187124427782508 ], [ 122.387491241778903, 6.972764060153862 ], [ 122.150566624926185, 6.823275909044414 ], [ 121.947488381909579, 6.755583161372209 ], [ 121.812102886565171, 6.676608289087971 ], [ 121.620306768160589, 6.5863512921917 ], [ 121.405946400531946, 6.5863512921917 ], [ 121.349535777471772, 6.733018912148141 ], [ 121.349535777471772, 6.913532905940686 ], [ 121.259278780575499, 7.082764775121196 ], [ 121.236714531351438, 7.297125142749842 ], [ 121.15773965906719, 7.409946388870181 ], [ 121.033636288334819, 7.353535765810012 ], [ 120.932097166826509, 7.308407267361876 ], [ 120.920815042214485, 7.173021772017467 ], [ 120.965943540662622, 7.026354152061026 ], [ 121.044918412946856, 6.86840440749255 ], [ 120.965943540662622, 6.755583161372209 ], [ 120.864404419154312, 6.64276191525187 ], [ 120.695172549973805, 6.608915541415768 ], [ 120.616197677689556, 6.563787042967632 ], [ 120.650044051525668, 6.41711942301119 ], [ 120.729018923809903, 6.338144550726952 ], [ 120.683890425361767, 6.157630556934408 ], [ 120.537222805405321, 6.089937809262204 ], [ 120.322862437776678, 6.157630556934408 ], [ 120.097219945535997, 6.236605429218645 ], [ 119.894141702519391, 6.236605429218645 ], [ 119.758756207174983, 6.293016052278816 ], [ 119.600806462606499, 6.394555173787122 ], [ 119.465420967262091, 6.439683672235257 ], [ 119.330035471917682, 6.450965796847291 ], [ 119.18336785196125, 6.371990924563054 ], [ 119.047982356616842, 6.30429817689085 ], [ 118.811057739764124, 6.315580301502884 ], [ 118.664390119807678, 6.36070879995102 ], [ 118.607979496747504, 6.450965796847291 ], [ 118.540286749075307, 6.597633416803734 ], [ 118.438747627566997, 6.744301036760175 ], [ 118.348490630670724, 6.902250781328652 ], [ 118.258233633774452, 7.09404689973323 ], [ 118.16797663687818, 7.173021772017467 ], [ 118.077719639981908, 7.229432395077637 ], [ 118.043873266145809, 7.048918401285094 ], [ 117.908487770801401, 6.834558033656448 ], [ 117.739255901620893, 6.733018912148141 ], [ 117.637716780112584, 6.575069167579666 ], [ 117.491049160156138, 6.439683672235257 ], [ 117.355663664811743, 6.315580301502884 ], [ 117.287970917139532, 6.191476930770509 ], [ 117.175149671019199, 6.033527186202034 ], [ 117.175149671019199, 5.931988064693728 ], [ 117.208996044855297, 5.774038320125252 ], [ 117.254124543303433, 5.68378132322898 ], [ 117.265406667915471, 5.491985204824402 ], [ 117.163867546407161, 5.322753335643892 ], [ 117.163867546407161, 5.097110843403212 ], [ 117.073610549510889, 4.984289597282872 ], [ 116.802839558822072, 4.826339852714396 ], [ 116.690018312701724, 4.8940326003866 ], [ 116.599761315805452, 5.029418095731008 ], [ 116.61104344041749, 5.209932089523552 ], [ 116.644889814253588, 5.34531758486796 ], [ 116.667454063477663, 5.435574581764232 ], [ 116.656171938865626, 5.525831578660504 ], [ 116.543350692745292, 5.582242201720674 ], [ 116.385400948176809, 5.68378132322898 ], [ 116.227451203608339, 5.695063447841014 ], [ 116.035655085203757, 5.695063447841014 ], [ 115.956680212919522, 5.559677952496606 ], [ 115.883346402941299, 5.36506130293902 ], [ 115.770525156820966, 5.19582943375851 ], [ 115.736678782984853, 5.015315439965965 ], [ 115.612575412252482, 4.902494193845626 ], [ 115.52231841535621, 4.800955072337319 ], [ 115.307958047727567, 4.676851701604946 ], [ 115.03718705703875, 4.63172320315681 ], [ 114.788980315574008, 4.643005327768844 ], [ 114.597184197169426, 4.643005327768844 ], [ 114.337695331092647, 4.643005327768844 ], [ 114.179745586524163, 4.654287452380878 ], [ 114.089488589627891, 4.721980200053082 ], [ 114.078206465015853, 4.868647820009524 ], [ 113.96538521889552, 4.958904816905796 ], [ 113.751024851266877, 4.958904816905796 ], [ 113.502818109802121, 4.958904816905796 ], [ 113.311021991397553, 4.958904816905796 ], [ 113.153072246829069, 5.026597564577999 ], [ 113.085379499156872, 5.094290312250203 ], [ 113.068456312238823, 5.319932804490883 ] ] ] } },
{ "type": "Feature", "properties": { "id": 124, "name": null, "type": "forest", "continent": "Essos", "size": 3 }, "geometry": { "type": "Polygon", "coordinates": [ [ [ 95.299110048285272, 12.704083363067133 ], [ 95.457059792853741, 12.591262116946792 ], [ 95.558598914362051, 12.433312372378317 ], [ 95.626291662034262, 12.275362627809841 ], [ 95.637573786646286, 12.151259257077466 ], [ 95.615009537422225, 12.004591637121026 ], [ 95.524752540525952, 11.891770391000685 ], [ 95.423213419017642, 11.778949144880345 ], [ 95.242699425225098, 11.688692147984073 ], [ 95.141160303716788, 11.587153026475768 ], [ 95.073467556044591, 11.45176753113136 ], [ 94.971928434536281, 11.259971412726781 ], [ 94.994492683760356, 11.113303792770338 ], [ 95.118596054492727, 10.887661300529659 ], [ 95.220135176001037, 10.718429431349149 ], [ 95.287827923673234, 10.583043936004742 ], [ 95.197570926776962, 10.458940565272368 ], [ 95.096031805268652, 10.289708696091857 ], [ 95.096031805268652, 10.131758951523382 ], [ 95.118596054492727, 10.030219830015076 ], [ 95.242699425225098, 9.872270085446599 ], [ 95.33295642212137, 9.725602465490157 ], [ 95.468341917465779, 9.714320340878123 ], [ 95.682702285094422, 9.691756091654055 ], [ 95.840652029662905, 9.601499094757784 ], [ 95.829369905050868, 9.47739572402541 ], [ 95.772959281990694, 9.342010228681001 ], [ 95.671420160482398, 9.206624733336593 ], [ 95.558598914362051, 9.172778359500493 ], [ 95.513470415913915, 9.093803487216254 ], [ 95.479624042077816, 9.02611073954405 ], [ 95.547316789750013, 8.856878870363539 ], [ 95.660138035870361, 8.777903998079301 ], [ 95.784241406602732, 8.698929125795065 ], [ 95.953473275783239, 8.676364876570997 ], [ 96.190397892635957, 8.586107879674724 ], [ 96.212962141860018, 8.416876010494214 ], [ 96.100140895739685, 8.258926265925737 ], [ 95.897062652723079, 8.202515642865569 ], [ 95.648855911258323, 8.191233518253535 ], [ 95.411931294405605, 8.270208390537771 ], [ 95.186288802164924, 8.428158135106248 ], [ 95.028339057596455, 8.63123637812286 ], [ 94.94936418531222, 8.868160994975574 ], [ 94.892953562252046, 9.02611073954405 ], [ 94.735003817683577, 9.037392864156084 ], [ 94.475514951606783, 9.037392864156084 ], [ 94.396540079322548, 9.116367736440322 ], [ 94.351411580874412, 9.285599605620831 ], [ 94.46423282699476, 9.409702976353206 ], [ 94.610900446951192, 9.443549350189308 ], [ 94.610900446951192, 9.578934845533716 ], [ 94.554489823891032, 9.714320340878123 ], [ 94.340129456262375, 9.770730963938293 ], [ 94.15961546246983, 9.827141586998463 ], [ 93.990383593289323, 9.804577337774395 ], [ 93.685766228764408, 9.669191842429987 ], [ 93.595509231868135, 9.601499094757784 ], [ 93.493970110359825, 9.488677848637444 ], [ 93.302173991955257, 9.330728104068967 ], [ 93.178070621222872, 9.161496234888459 ], [ 92.941146004370168, 9.014828614932016 ], [ 92.738067761353548, 8.96970011648388 ], [ 92.478578895276769, 8.924571618035744 ], [ 92.309347026096262, 8.924571618035744 ], [ 92.21909002919999, 8.935853742647778 ], [ 92.264218527648126, 9.071239237992186 ], [ 92.410886147604572, 9.217906857948627 ], [ 92.580118016785079, 9.285599605620831 ], [ 92.749349885965586, 9.432267225577274 ], [ 92.839606882861858, 9.612781219369818 ], [ 93.020120876654403, 9.759448839326259 ], [ 93.0878136243266, 9.883552210058633 ], [ 93.053967250490501, 10.04150195462711 ], [ 92.92986387975813, 10.075348328463212 ], [ 92.749349885965586, 10.064066203851178 ], [ 92.433450396828633, 10.018937705403042 ], [ 92.21909002919999, 10.04150195462711 ], [ 92.140115156915755, 10.199451699195585 ], [ 92.422168272216595, 10.289708696091857 ], [ 92.726785636741525, 10.300990820703891 ], [ 92.986274502818304, 10.289708696091857 ], [ 93.178070621222872, 10.289708696091857 ], [ 93.437559487299666, 10.289708696091857 ], [ 93.651919854928309, 10.278426571479823 ], [ 93.888844471781027, 10.323555069927959 ], [ 94.091922714797633, 10.379965692988129 ], [ 94.249872459366102, 10.470222689884402 ], [ 94.317565207038314, 10.628172434452877 ], [ 94.486797076218821, 10.786122179021353 ], [ 94.565771948503055, 10.932789798977796 ], [ 94.588336197727131, 11.135868041994406 ], [ 94.735003817683577, 11.316382035786951 ], [ 94.84782506380391, 11.542024528027632 ], [ 94.859107188415948, 11.756384895656277 ], [ 94.926799936088145, 11.948181014060856 ], [ 95.017056932984417, 12.061002260181196 ], [ 95.005774808372379, 12.1625413816895 ], [ 94.94936418531222, 12.286644752421875 ], [ 94.960646309924257, 12.489722995438488 ], [ 95.073467556044591, 12.647672740006962 ], [ 95.299110048285272, 12.704083363067133 ] ] ] } },
{ "type": "Feature", "properties": { "id": 125, "name": null, "type": "forest", "continent": "Essos", "size": 2 }, "geometry": { "type": "Polygon", "coordinates": [ [ [ 91.643701673986257, 12.117412883241364 ], [ 91.643701673986257, 12.286644752421875 ], [ 91.801651418554727, 12.365619624706113 ], [ 91.948319038511173, 12.286644752421875 ], [ 92.016011786183384, 12.083566509405262 ], [ 92.140115156915755, 11.891770391000685 ], [ 92.207807904587952, 11.699974272596107 ], [ 92.173961530751853, 11.519460278803564 ], [ 92.072422409243543, 11.350228409623053 ], [ 91.937036913899135, 11.214842914278645 ], [ 91.733958670882529, 11.158432291218475 ], [ 91.587291050926083, 11.237407163502713 ], [ 91.587291050926083, 11.384074783459155 ], [ 91.654983798598295, 11.530742403415598 ], [ 91.767805044718628, 11.654845774147971 ], [ 91.779087169330666, 11.812795518716447 ], [ 91.779087169330666, 11.948181014060856 ], [ 91.643701673986257, 12.117412883241364 ] ] ] } },
{ "type": "Feature", "properties": { "id": 126, "name": null, "type": "forest", "continent": "Essos", "size": 2 }, "geometry": { "type": "Polygon", "coordinates": [ [ [ 95.547316789750013, 7.500203385766453 ], [ 95.81808778043883, 7.455074887318317 ], [ 96.032448148067473, 7.342253641197978 ], [ 96.212962141860018, 7.184303896629501 ], [ 96.416040384876638, 7.026354152061026 ], [ 96.551425880221046, 6.890968656716618 ], [ 96.641682877117319, 6.778147410596278 ], [ 96.596554378669182, 6.64276191525187 ], [ 96.438604634100699, 6.507376419907462 ], [ 96.269372764920192, 6.507376419907462 ], [ 96.043730272679511, 6.597633416803734 ], [ 95.964755400395276, 6.721736787536107 ], [ 96.009883898843412, 6.823275909044414 ], [ 96.088858771127647, 6.845840158268482 ], [ 96.009883898843412, 6.924815030552719 ], [ 95.863216278886966, 6.969943529000855 ], [ 95.705266534318497, 7.026354152061026 ], [ 95.490906166689854, 7.139175398181366 ], [ 95.423213419017642, 7.251996644301705 ], [ 95.502188291301877, 7.364817890422046 ], [ 95.547316789750013, 7.500203385766453 ] ] ] } },
{ "type": "Feature", "properties": { "id": 127, "name": null, "type": "wasteland", "continent": "Essos", "size": 4 }, "geometry": { "type": "Polygon", "coordinates": [ [ [ 113.942665212101346, -23.41842581155796 ], [ 113.989026084220328, -23.474593791240572 ], [ 114.08174782845829, -23.528978660457067 ], [ 114.163770909899554, -23.5575084279149 ], [ 114.224396665747463, -23.611001741898338 ], [ 114.22707133144695, -23.652013282618928 ], [ 114.235095328544148, -23.732253253594134 ], [ 114.242227770408604, -23.80357767223872 ], [ 114.210131782018536, -23.839239881561014 ], [ 114.142373584306185, -23.785746567577572 ], [ 114.078181607526062, -23.764349241984199 ], [ 114.042519398203765, -23.84637232342547 ], [ 114.067482944729363, -23.935527846731201 ], [ 114.056784281932678, -24.021117149104704 ], [ 114.010423409813697, -24.071044242155914 ], [ 113.907003002779049, -24.09244156774929 ], [ 113.775052828286576, -24.117405114274895 ], [ 113.778619049218804, -24.188729532919478 ], [ 113.746523060828736, -24.224391742241771 ], [ 113.828546142270014, -24.277885056225212 ], [ 113.903436781846821, -24.295716160886357 ], [ 113.924834107440205, -24.388437905124317 ], [ 113.928400328372433, -24.470460986565591 ], [ 113.867774572524525, -24.538219184277946 ], [ 113.91146077894463, -24.582796945930767 ], [ 114.010423409813697, -24.598844940125844 ], [ 114.072832276127713, -24.589929387795269 ], [ 114.090663380788854, -24.511472527286227 ], [ 114.129891811043379, -24.515038748218455 ], [ 114.144156694772292, -24.607760492456418 ], [ 114.204782450620201, -24.618459155253102 ], [ 114.247577101806939, -24.661253806439856 ], [ 114.290371752993693, -24.775372876271192 ], [ 114.361696171638286, -24.800336422796796 ], [ 114.42232192748618, -24.768240434406732 ], [ 114.454417915876249, -24.83599863211909 ], [ 114.429454369350637, -24.971515027543802 ], [ 114.418755706553952, -25.082067876442906 ], [ 114.350997508841601, -25.164090957884181 ], [ 114.341190401278283, -25.235415376528739 ], [ 114.404490822825039, -25.238981597460995 ], [ 114.515043671724143, -25.279101582948549 ], [ 114.536440997317513, -25.414617978373261 ], [ 114.536440997317513, -25.535869490069057 ], [ 114.50077878799523, -25.575989475556632 ], [ 114.457984136808477, -25.55994148136163 ], [ 114.456201026342356, -25.613434795345039 ], [ 114.433020590282865, -25.681192993057422 ], [ 114.490080125198531, -25.725770754710261 ], [ 114.538224107783634, -25.779264068693699 ], [ 114.56675387524146, -25.843456045473825 ], [ 114.547139660114198, -25.927262237381214 ], [ 114.490080125198531, -26.012851539754713 ], [ 114.418755706553952, -26.07347729560264 ], [ 114.424105037952287, -26.129645275285228 ], [ 114.413406375155603, -26.159512375592644 ], [ 114.479381462401847, -26.20052391631328 ], [ 114.536440997317513, -26.229499461387647 ], [ 114.588151200834844, -26.186704810200894 ], [ 114.625596520623247, -26.209885246260384 ], [ 114.648776956682738, -26.284775885837199 ], [ 114.63986140435216, -26.357883414947899 ], [ 114.609548526428213, -26.413159839397451 ], [ 114.591717421767072, -26.48983358944038 ], [ 114.618464078758791, -26.555808676686624 ], [ 114.63986140435216, -26.618217543000636 ], [ 114.630945852021597, -26.677060188382416 ], [ 114.56675387524146, -26.714505508170824 ], [ 114.559621433377004, -26.802769476243501 ], [ 114.531091665919178, -26.902623662345921 ], [ 114.490080125198531, -26.991779185651652 ], [ 114.42232192748618, -27.050621831033435 ], [ 114.35456372977383, -27.055971162431778 ], [ 114.274323758798673, -27.06845293569458 ], [ 114.186951345959045, -27.066669825228466 ], [ 114.165554020365676, -27.095199592686303 ], [ 114.161987799433447, -27.187921336924262 ], [ 114.122759369178922, -27.257462645102734 ], [ 114.056784281932678, -27.294907964891138 ], [ 113.985459863288099, -27.335919505611777 ], [ 113.914135444643506, -27.350184389340694 ], [ 113.825871476571123, -27.353750610272936 ], [ 113.834787028901417, -27.401003037624964 ], [ 113.866883017291471, -27.42240036321834 ], [ 113.890063453350962, -27.459845683006748 ], [ 113.861533685893136, -27.518688328388528 ], [ 113.775944383519629, -27.602494520295917 ], [ 113.775944383519629, -27.625674956355407 ], [ 113.825871476570839, -27.65420472381324 ], [ 113.850835023096437, -27.680951380804959 ], [ 113.866883017291471, -27.732661584322283 ], [ 113.865099906825364, -27.787938008771839 ], [ 113.919484776041855, -27.738010915720629 ], [ 113.933749659770768, -27.695216264533876 ], [ 113.951580764431924, -27.652421613347126 ], [ 113.997941636550905, -27.641722950550438 ], [ 114.051434950534343, -27.663120276143815 ], [ 114.085314049390519, -27.682734491271074 ], [ 114.149506026170641, -27.679168270338845 ], [ 114.199433119221851, -27.673818938940503 ], [ 114.240444659942483, -27.71126425872891 ], [ 114.25470954367141, -27.75405890991566 ], [ 114.317118409985412, -27.779022456441265 ], [ 114.390225939096112, -27.775456235509036 ], [ 114.412514819922549, -27.727758030540471 ], [ 114.417864151320899, -27.676047827023147 ], [ 114.423213482719234, -27.63147006537028 ], [ 114.455309471109302, -27.590458524649645 ], [ 114.510585895558847, -27.574410530454614 ], [ 114.542681883948916, -27.542314542064549 ], [ 114.567645430474528, -27.479905675750537 ], [ 114.596175197932354, -27.529832768801747 ], [ 114.651451622381913, -27.542314542064549 ], [ 114.694246273568666, -27.540531431598435 ], [ 114.733474703823177, -27.55836253625958 ], [ 114.715643599162036, -27.592241635115759 ], [ 114.683547610771967, -27.629686954904166 ], [ 114.624704965390194, -27.649301170031428 ], [ 114.578344093271213, -27.668915385158687 ], [ 114.571211651406756, -27.731324251472699 ], [ 114.624704965390194, -27.740239803803274 ], [ 114.663933395644719, -27.772335792193335 ], [ 114.701378715433123, -27.768769571261107 ], [ 114.737040924755405, -27.74737224566773 ], [ 114.788751128272736, -27.772335792193335 ], [ 114.840461331790067, -27.79729933871894 ], [ 114.872557320180121, -27.815130443380088 ], [ 114.874340430646242, -27.872189978295754 ], [ 114.895737756239612, -27.934598844609766 ], [ 114.943881738824714, -27.947080617872569 ], [ 115.000941273740381, -27.984525937660976 ], [ 115.016989267935415, -28.04336858304276 ], [ 115.002724384206488, -28.107560559822886 ], [ 114.997375052808152, -28.152138321475753 ], [ 114.967062174884205, -28.175318757535244 ], [ 114.895737756239612, -28.173535647069126 ], [ 114.861858657383436, -28.186017420331929 ], [ 114.858292436451208, -28.234161402917024 ], [ 114.842244442256174, -28.298353379697151 ], [ 114.810148453866105, -28.344714251816132 ], [ 114.754872029416561, -28.380376461138425 ], [ 114.710294267763686, -28.417821780926833 ], [ 114.694246273568666, -28.441002216986323 ], [ 114.697812494501221, -28.491375087654092 ], [ 114.749522698018211, -28.504302638533396 ], [ 114.772703134077702, -28.575627057177979 ], [ 114.817280895730576, -28.62912037116142 ], [ 114.842244442256174, -28.686179906077086 ], [ 114.847593773654523, -28.777118539848932 ], [ 114.845810663188402, -28.862707842222434 ], [ 114.790534238738857, -28.912634935273644 ], [ 114.781618686408279, -28.980393132986002 ], [ 114.751305808484332, -29.048151330698357 ], [ 114.687113831704195, -29.071331766757847 ], [ 114.660367174712789, -29.140427297319818 ], [ 114.701378715433123, -29.183667726123069 ], [ 114.77626935500993, -29.185896614205713 ], [ 114.842244442256174, -29.246522370053611 ], [ 114.926050634163559, -29.251871701451954 ], [ 114.918918192299103, -29.324979230562654 ], [ 114.924267523697452, -29.414134753868385 ], [ 114.844027552722295, -29.426616527131188 ], [ 114.795883570137192, -29.464061846919595 ], [ 114.795883570137192, -29.531820044631953 ], [ 114.760221360814896, -29.585313358615391 ], [ 114.697812494500894, -29.622758678403798 ], [ 114.651451622381913, -29.641481338298004 ], [ 114.626488075856301, -29.723504419739278 ], [ 114.63183740725465, -29.796611948849979 ], [ 114.638969849119107, -29.875068809359021 ], [ 114.617572523525737, -29.949959448935836 ], [ 114.537332552550581, -29.987404768724243 ], [ 114.449960139710953, -30.015934536182076 ], [ 114.369720168735796, -30.030199419910993 ], [ 114.361696171638286, -30.107764725186982 ], [ 114.372394834434971, -30.198703358958831 ], [ 114.383093497231656, -30.270027777603413 ], [ 114.384876607697777, -30.346701527646342 ], [ 114.361696171638286, -30.421592167223157 ], [ 114.301070415790392, -30.487567254469401 ], [ 114.231529107611919, -30.548193010317295 ], [ 114.172686462230132, -30.549976120783413 ], [ 114.161987799433447, -30.627095648442872 ], [ 114.138807363373957, -30.684155183358538 ], [ 114.08174782845829, -30.719817392680831 ], [ 113.994375415618663, -30.739431607808093 ], [ 113.940882101635225, -30.765732487183282 ], [ 113.948014543499696, -30.817888468317136 ], [ 113.955146985364152, -30.86246622997 ], [ 113.901653671380714, -30.885646666029491 ], [ 113.83567858413447, -30.901248882607995 ], [ 113.851726578329504, -30.959199972756721 ], [ 113.912352334177399, -30.991295961146786 ], [ 113.951580764431924, -31.032307501867422 ], [ 113.974761200491415, -31.078668373986403 ], [ 113.972978090025293, -31.11611369377481 ], [ 113.939098991169118, -31.148209682164872 ], [ 113.969411869093065, -31.178522560088823 ], [ 114.015772741212047, -31.191004333351625 ], [ 114.038953177271537, -31.240931426402835 ], [ 114.03003762494096, -31.297990961318501 ], [ 114.003290967949241, -31.344351833437482 ], [ 113.955146985364152, -31.346134943903596 ], [ 113.917701665575734, -31.363966048564741 ], [ 113.903436781846821, -31.433507356743213 ], [ 113.903436781846821, -31.505277553004333 ], [ 113.862425241126189, -31.589083744911719 ], [ 113.800016374812174, -31.6354446170307 ], [ 113.701945299175875, -31.651492611225731 ], [ 113.637753322395739, -31.676456157751335 ], [ 113.628837770065175, -31.699636593810826 ], [ 113.668066200319686, -31.764720125824017 ], [ 113.717993293370895, -31.814647218875226 ], [ 113.75722172362542, -31.889537858452041 ], [ 113.735824398032051, -31.960862277096627 ], [ 113.650235095658545, -32.000090707351148 ], [ 113.582476897946194, -32.050017800402358 ], [ 113.614572886336248, -32.124908439979173 ], [ 113.657367537523001, -32.189100416759295 ], [ 113.671632421251928, -32.24259373074274 ], [ 113.621705328200719, -32.274689719132802 ], [ 113.618139107268476, -32.335315474980696 ], [ 113.553947130488353, -32.378110126167449 ], [ 113.586043118878422, -32.417338556421974 ], [ 113.607440444471791, -32.467265649473184 ], [ 113.582476897946194, -32.517192742524394 ], [ 113.528983583962756, -32.545722509982227 ], [ 113.436261839724793, -32.563553614643368 ], [ 113.357804979215743, -32.567119835575603 ], [ 113.313227217562883, -32.642010475152418 ], [ 113.279348118706707, -32.741864661254837 ], [ 113.183060153536516, -32.82032152176388 ], [ 113.225854804723269, -32.859549952018398 ], [ 113.232987246587726, -32.913043266001836 ], [ 113.21515614192657, -33.009331231172027 ], [ 113.140265502349763, -33.041427219562088 ], [ 113.051109979044028, -33.073523207952157 ], [ 113.045760647645693, -33.138606739965333 ], [ 113.013664659255625, -33.188533833016542 ], [ 113.060025531374606, -33.27768935632227 ], [ 113.056459310442378, -33.388242205221381 ], [ 113.088555298832432, -33.470265286662652 ], [ 113.074290415103519, -33.52375860064609 ], [ 113.017230880187853, -33.530891042510547 ], [ 112.949472682475502, -33.552288368103923 ], [ 112.910244252220977, -33.627179007680738 ], [ 112.781860298660717, -33.687804763528639 ], [ 112.646343903236016, -33.744864298444305 ], [ 112.6570425660327, -33.83401982175004 ], [ 112.703403438151682, -33.876814472936786 ], [ 112.746198089338435, -33.965969996242521 ], [ 112.75689675213512, -34.030161973022643 ], [ 112.739065647473964, -34.090787728870545 ], [ 112.792558961457402, -34.108618833531686 ], [ 112.881714484763137, -34.126449938192835 ], [ 112.963737566204415, -34.179943252176272 ], [ 113.124217508154729, -34.176377031244044 ], [ 113.152747275612569, -34.126449938192835 ], [ 113.259733903579445, -34.094353949802773 ], [ 113.352455647817408, -34.11575127539615 ], [ 113.512935589767721, -34.137148600989526 ], [ 113.573561345615616, -34.130016159125063 ], [ 113.616355996802369, -34.072956624209397 ], [ 113.73404128756593, -34.047993077683792 ], [ 113.851726578329504, -34.062257961412712 ], [ 113.933749659770768, -34.097920170735001 ], [ 114.051434950534343, -34.01589708929373 ], [ 114.0585673923988, -33.951705112513601 ], [ 114.140590473840064, -33.912476682259083 ], [ 114.14772291570452, -33.85541714734341 ], [ 114.286805532061464, -33.776960286834367 ], [ 114.251143322739182, -33.737731856579849 ], [ 114.151289136636763, -33.723466972850929 ], [ 114.172686462230132, -33.641443891409658 ], [ 114.137024252907835, -33.58795057742622 ], [ 114.172686462230132, -33.548722147171695 ], [ 114.286805532061464, -33.570119472765072 ], [ 114.372394834434971, -33.577251914629528 ], [ 114.429454369350637, -33.470265286662652 ], [ 114.582801869436494, -33.462241289565135 ], [ 114.700487160200069, -33.426579080242846 ], [ 114.839569776556999, -33.423012859310617 ], [ 114.928725299862734, -33.472939952361827 ], [ 115.085639020880819, -33.476506173294055 ], [ 115.164095881389869, -33.447976405836222 ], [ 115.267516288424517, -33.444410184903994 ], [ 115.4493935559682, -33.444410184903994 ], [ 115.495754428087182, -33.362387103462716 ], [ 115.631270823511898, -33.31959245227597 ], [ 115.574211288596231, -33.216172045241315 ], [ 115.652668149105267, -33.109185417274439 ], [ 115.545681521138391, -33.077089428884378 ], [ 115.4493935559682, -33.034294777697625 ], [ 115.495754428087182, -32.995066347443107 ], [ 115.595608614189601, -32.95940413812081 ], [ 115.663366811901966, -32.916609486934057 ], [ 115.813148091055595, -32.895212161340687 ], [ 115.987892916734822, -32.841718847357249 ], [ 116.01998890512489, -32.773960649644891 ], [ 116.094879544701698, -32.720467335661453 ], [ 116.219697277329729, -32.709768672864762 ], [ 116.369478556483358, -32.77752687057712 ], [ 116.515693614704759, -32.79179175430604 ], [ 116.615547800807178, -32.770394428712663 ], [ 116.740365533435195, -32.77752687057712 ], [ 116.922242800978893, -32.823887742696101 ], [ 117.018530766149084, -32.902344603205144 ], [ 117.101445402823771, -32.906356601753963 ], [ 117.104120068522576, -32.820321521763873 ], [ 117.179010708099398, -32.748997103119287 ], [ 117.200408033692767, -32.670540242610244 ], [ 117.34305687098194, -32.570686056507824 ], [ 117.375152859372008, -32.4458683238798 ], [ 117.346623091914168, -32.420904777354195 ], [ 117.357321754710853, -32.370977684302986 ], [ 117.528500359457865, -32.313918149387312 ], [ 117.672932307213145, -32.206931521420437 ], [ 117.754955388654423, -32.267557277268338 ], [ 117.827171362532411, -32.260870613020451 ], [ 117.842327801494037, -32.183751085360939 ], [ 118.017072627173278, -32.080330678326291 ], [ 118.0812646039534, -31.937681841037122 ], [ 118.209648557513646, -31.891320968918141 ], [ 118.320201406412764, -31.855658759595851 ], [ 118.395092045989571, -31.755804573493432 ], [ 118.498512453024219, -31.663082829255469 ], [ 118.59747508389394, -31.533361542845672 ], [ 118.555571987939885, -31.459808236118402 ], [ 118.541307104210972, -31.388483817473816 ], [ 118.598366639126638, -31.345689166287066 ], [ 118.741015476415811, -31.338556724422606 ], [ 118.805207453195933, -31.313593177897001 ], [ 118.808773674128162, -31.23157009645573 ], [ 118.848002104382687, -31.142414573149999 ], [ 118.91932652302728, -31.04256038704758 ], [ 118.946964735252408, -30.962766193688982 ], [ 118.938940738154514, -30.895453773593115 ], [ 118.85691765671325, -30.884755110796426 ], [ 118.796291900865356, -30.856225343338593 ], [ 118.792725679933127, -30.802732029355155 ], [ 118.714268819424078, -30.777768482829551 ], [ 118.682172831034009, -30.745672494439486 ], [ 118.746364807814146, -30.713576506049424 ], [ 118.767762133407516, -30.645818308337066 ], [ 118.842652772984337, -30.63155342460815 ], [ 118.874748761374391, -30.695745401388276 ], [ 118.885447424171076, -30.752804936303946 ], [ 118.928242075357829, -30.795599587490695 ], [ 119.031662482392477, -30.734973831642797 ], [ 119.099420680104842, -30.767069820032862 ], [ 119.224238412732859, -30.749238715371714 ], [ 119.306261494174137, -30.699311622320504 ], [ 119.391850796547644, -30.702877843252736 ], [ 119.463175215192223, -30.752804936303946 ], [ 119.908952831720882, -30.777768482829551 ], [ 119.933916378246479, -30.663649412998215 ], [ 120.13005852951909, -30.606589878082545 ], [ 120.240611378418194, -30.553096564099107 ], [ 120.233478936553738, -30.453242377996688 ], [ 120.272707366808262, -30.374785517487645 ], [ 120.401091320368522, -30.317725982571975 ], [ 120.415356204097435, -30.214305575537328 ], [ 120.329766901723929, -30.185775808079494 ], [ 120.354730448249541, -30.118017610367136 ], [ 120.422488645961892, -30.078789180112615 ], [ 120.461717076216416, -29.989633656806884 ], [ 120.561571262318836, -29.911176796297841 ], [ 120.62219701816673, -29.875514586975548 ], [ 120.693521436811309, -29.893345691636693 ], [ 120.755038747892669, -29.876851919825157 ], [ 120.791592512447622, -29.823804383458228 ], [ 120.76662896592201, -29.741781302016953 ], [ 120.788026291515393, -29.659758220575682 ], [ 120.741665419396412, -29.634794674050077 ], [ 120.681039663548518, -29.638360894982306 ], [ 120.591884140242783, -29.631228453117849 ], [ 120.559788151852715, -29.581301360066639 ], [ 120.613281465836153, -29.559904034473263 ], [ 120.677473442616289, -29.506410720489825 ], [ 120.681039663548518, -29.463616069303072 ], [ 120.706003210074115, -29.420821418116322 ], [ 120.820122279905448, -29.381592987861801 ], [ 120.912844024143411, -29.335232115742819 ], [ 120.977036000923547, -29.263907697098233 ], [ 121.019830652110286, -29.206848162182567 ], [ 121.097395957386681, -29.177872617108214 ], [ 121.219539024315125, -29.174752173792502 ], [ 121.340790536010928, -29.142656185402441 ], [ 121.397850070926594, -29.121258859809064 ], [ 121.494138036096786, -29.124825080741292 ], [ 121.586859780334748, -29.149788627266897 ], [ 121.665316640843784, -29.121258859809064 ], [ 121.743773501352834, -29.082030429554543 ], [ 121.832929024658569, -29.053500662096706 ], [ 121.897121001438691, -29.04636822023225 ], [ 121.861458792116395, -29.121258859809064 ], [ 121.865025013048623, -29.206848162182567 ], [ 121.811531699065185, -29.271040138962693 ], [ 121.747339722285062, -29.281738801759381 ], [ 121.68938863213674, -29.334786338126303 ], [ 121.72237617575945, -29.438652522777467 ], [ 121.75090594321729, -29.549205371676575 ], [ 121.690280187369396, -29.645493336846766 ], [ 121.608257105928118, -29.748913743881413 ], [ 121.489680259931902, -29.834057268638407 ], [ 121.601124664063661, -29.845201709051604 ], [ 121.740207280420606, -29.781009732271475 ], [ 121.836495245590797, -29.784575953203706 ], [ 121.914952106099832, -29.731082639220265 ], [ 121.914952106099832, -29.638360894982306 ], [ 121.936349431693216, -29.552771592608803 ], [ 122.043336059660092, -29.470748511167532 ], [ 122.007673850337795, -29.41725519718409 ], [ 121.972011641015499, -29.349496999471736 ], [ 122.004107629405567, -29.288871243623838 ], [ 122.086130710846845, -29.231811708708172 ], [ 122.253743094661615, -29.189017057521419 ], [ 122.382127048221875, -29.17831839472473 ], [ 122.464150129663139, -29.128391301673521 ], [ 122.584510086126301, -29.090500204268597 ], [ 122.547956321570524, -29.001790458579386 ], [ 122.501595449451543, -28.966128249257093 ], [ 122.526558995977155, -28.869840284086902 ], [ 122.580052309960593, -28.784250981713399 ], [ 122.654942949537414, -28.730757667729961 ], [ 122.622846961147346, -28.695095458407668 ], [ 122.580052309960593, -28.684396795610979 ], [ 122.580052309960593, -28.63446970255977 ], [ 122.676340275130784, -28.616638597898625 ], [ 122.801158007758801, -28.548880400186267 ], [ 122.911710856657919, -28.377701795439265 ], [ 122.961637949709129, -28.274281388404617 ], [ 122.972336612505813, -28.195824527895571 ], [ 123.050793473014849, -28.185125865098883 ], [ 123.118551670727214, -28.174427202302198 ], [ 123.19700853123625, -28.120933888318756 ], [ 123.22553829869409, -28.174427202302198 ], [ 123.232670740558547, -28.242185400014552 ], [ 123.218405856829634, -28.306377376794678 ], [ 123.282597833609756, -28.3456058070492 ], [ 123.357488473186578, -28.342039586116972 ], [ 123.428812891831157, -28.320642260523595 ], [ 123.517968415136892, -28.313509818659139 ], [ 123.596425275645927, -28.324208481455827 ], [ 123.660617252426064, -28.370569353574805 ], [ 123.68914701988389, -28.470423539677224 ], [ 123.76760388039294, -28.463291097812768 ], [ 123.835362078105291, -28.445459993151619 ], [ 123.913818938614341, -28.520350632728434 ], [ 123.960179810733322, -28.605939935101937 ], [ 124.010106903784532, -28.54174795832181 ], [ 124.081431322429111, -28.491820865270601 ], [ 124.106394868954709, -28.431195109422703 ], [ 124.167020624802618, -28.377701795439265 ], [ 124.142057078277006, -28.292112493065762 ], [ 124.131358415480321, -28.142331213912133 ], [ 124.070732659632426, -28.074573016199778 ], [ 124.074298880564655, -28.010381039419649 ], [ 124.170586845734846, -27.935490399842838 ], [ 124.199116613192672, -27.810672667214813 ], [ 124.302537020227319, -27.782142899756977 ], [ 124.33106678768516, -27.700119818315706 ], [ 124.388126322600826, -27.621662957806659 ], [ 124.512944055228857, -27.561037201958765 ], [ 124.655592892518015, -27.564603422890993 ], [ 124.769711962349362, -27.575302085687682 ], [ 124.955155450825274, -27.471881678653034 ], [ 124.997950102012027, -27.389858597211759 ], [ 124.969420334554201, -27.322100399499405 ], [ 124.99081766014757, -27.225812434329214 ], [ 125.108502950911131, -27.175885341278004 ], [ 125.285030887056479, -27.134873800557365 ], [ 125.402716177820054, -27.031453393522717 ], [ 125.402716177820054, -26.928032986488066 ], [ 125.484739259261318, -26.785384149198897 ], [ 125.445510829006807, -26.742589498012148 ], [ 125.334957980107689, -26.714059730554311 ], [ 125.285030887056479, -26.539314904875077 ], [ 125.427679724345651, -26.503652695552788 ], [ 125.516835247651386, -26.467990486230494 ], [ 125.598858329092664, -26.364570079195843 ], [ 125.673748968669472, -26.307510544280177 ], [ 125.805699143161959, -26.275414555890112 ], [ 125.898420887399922, -26.293245660551261 ], [ 126.005407515366798, -26.257583451228967 ], [ 126.105261701469217, -26.175560369787693 ], [ 126.201549666639409, -26.100669730210878 ], [ 126.283572748080672, -26.100669730210878 ], [ 126.312102515538513, -26.161295486058776 ], [ 126.265741643419531, -26.278980776822344 ], [ 126.255042980622846, -26.396666067585908 ], [ 126.212248329436093, -26.44302693970489 ], [ 126.137357689859272, -26.432328276908201 ], [ 126.044635945621323, -26.439460718772658 ], [ 125.961721308947446, -26.563832673784134 ], [ 126.023238620027939, -26.653433974706413 ], [ 126.108827922401446, -26.714059730554311 ], [ 126.180152341046025, -26.710493509622083 ], [ 126.215814550368322, -26.753288160808832 ], [ 126.16945367824934, -26.810347695724502 ], [ 126.140923910791514, -26.878105893436857 ], [ 126.112394143333674, -26.931599207420298 ], [ 126.051768387485779, -26.960128974878131 ], [ 125.991142631637885, -26.910201881826922 ], [ 125.97331152697673, -26.849576125979024 ], [ 125.919818212993292, -26.796082811995586 ], [ 125.855626236213169, -26.760420602673292 ], [ 125.843144462950363, -26.832636576550939 ], [ 125.868108009475975, -26.871865006805461 ], [ 125.903770218798257, -26.925358320788899 ], [ 125.914468881594942, -27.028778727823546 ], [ 125.893071556001573, -27.110801809264821 ], [ 125.853843125747048, -27.142897797654882 ], [ 125.864541788543747, -27.224920879096157 ], [ 125.82887957922145, -27.328341286130804 ], [ 125.833337355387201, -27.448255464977002 ], [ 125.903770218798257, -27.435327914097684 ], [ 125.971528416510623, -27.417496809436535 ], [ 126.032154172358517, -27.460291460623289 ], [ 126.067816381680814, -27.517350995538955 ], [ 126.178369230579918, -27.556579425793476 ], [ 126.26395853295341, -27.631470065370291 ], [ 126.26395853295341, -27.73845669333717 ], [ 126.206898998037744, -27.852575763168506 ], [ 126.139140800325393, -27.952429949270925 ], [ 126.099912370070868, -28.07724768189895 ], [ 125.99649196303622, -28.134307216814616 ], [ 126.04641905608743, -28.202065414526974 ], [ 126.149839463122078, -28.180668088933597 ], [ 126.267524753885652, -28.123608554017931 ], [ 126.378077602784757, -28.155704542407992 ], [ 126.510919332510767, -28.140102325829488 ], [ 126.51537710867558, -28.02018814698328 ], [ 126.572436643591246, -27.973827274864302 ], [ 126.576002864523474, -27.884671751558571 ], [ 126.636628620371368, -27.816913553846213 ], [ 126.740049027406016, -27.806214891049525 ], [ 126.850601876305134, -27.734890472404942 ], [ 126.989684492662064, -27.734890472404942 ], [ 127.17512798113799, -27.602940297912458 ], [ 127.150164434612392, -27.570844309522396 ], [ 127.125200888086781, -27.485255007148893 ], [ 127.153730655544621, -27.399665704775391 ], [ 127.242886178850341, -27.392533262910931 ], [ 127.307078155630478, -27.413930588504307 ], [ 127.371270132410601, -27.378268379182014 ], [ 127.385535016139514, -27.26058308841845 ], [ 127.374836353342829, -27.189258669773864 ], [ 127.371270132410601, -27.132199134858197 ], [ 127.438136774890538, -27.131753357241841 ], [ 127.430600943358101, -20.056385979126578 ], [ 126.71910038961974, -19.737653855715564 ], [ 125.730075045816676, -19.479158595403401 ], [ 125.100695281578368, -19.27685795689823 ], [ 124.415120895533065, -19.130751940200049 ], [ 123.718307585126354, -19.018362696586067 ], [ 123.032733199081051, -18.928451301694878 ], [ 121.953796460386812, -18.838539906803693 ], [ 121.324416696148504, -18.804823133719495 ], [ 120.35786920106824, -18.86101775552649 ], [ 119.559905571408947, -19.007123772224666 ], [ 118.902428496267135, -19.156039520013195 ], [ 118.228093034583225, -19.369579082879767 ], [ 117.643668967790518, -19.526924023939344 ], [ 116.958094581745215, -19.717985738083115 ], [ 116.497298682927877, -19.954003149672484 ], [ 116.047741708471946, -20.246215183068841 ], [ 115.710573977629991, -20.538427216465202 ], [ 115.294733776258241, -21.044178812728127 ], [ 115.069955289030275, -21.549930408991056 ], [ 114.800221104356723, -21.898337064194408 ], [ 114.373141978623579, -22.145593400145174 ], [ 113.912346079806241, -22.359132963011742 ], [ 113.676328668216883, -22.561433601516914 ], [ 113.482622711843774, -22.836240244371535 ], [ 113.529875139196108, -22.872794008926828 ], [ 113.496887595572687, -22.939660651406182 ], [ 113.489755153708231, -23.018117511915225 ], [ 113.557513351420582, -23.057345942169746 ], [ 113.614572886336248, -23.060912163101978 ], [ 113.664499979387458, -23.075177046830895 ], [ 113.678764863116385, -23.146501465475477 ], [ 113.657367537523001, -23.214259663187836 ], [ 113.686788860214193, -23.332836509184407 ], [ 113.782185270151032, -23.360474721409233 ], [ 113.871340793456753, -23.37563116037121 ], [ 113.942665212101346, -23.41842581155796 ] ] ] } },
{ "type": "Feature", "properties": { "id": 128, "name": "The Grey Waste", "type": "wasteland", "continent": "Essos", "size": 4 }, "geometry": { "type": "Polygon", "coordinates": [ [ [ 119.228357302747682, -8.745985830267923 ], [ 119.340746546361672, -9.060675712387079 ], [ 119.509330411782642, -9.206781729085257 ], [ 119.498091487421249, -9.431560216313226 ], [ 119.756586747733408, -9.487754838120219 ], [ 120.104993402936771, -9.701294400986788 ], [ 120.318532965803328, -9.577666233011406 ], [ 120.5320725286699, -9.633860854818398 ], [ 120.678178545368084, -9.487754838120219 ], [ 121.082779822378427, -9.622621930456999 ], [ 121.353039816693069, -9.666893598466679 ], [ 121.600236228662126, -9.612925666985928 ], [ 121.897000874270759, -9.554349770735897 ], [ 121.776564194037292, -9.554349770735897 ], [ 121.58730655367043, -9.479793730591371 ], [ 121.386578753281327, -9.451118330535786 ], [ 121.191586032903331, -9.393767530424613 ], [ 121.168645712858861, -9.342151810324557 ], [ 121.180115872881103, -9.204509890057743 ], [ 121.260406993036739, -9.129953849913218 ], [ 121.340698113192389, -9.06113288977981 ], [ 121.472604953448084, -8.963636529590817 ], [ 121.472604953448084, -8.803054289279531 ], [ 121.392313833292434, -8.642472048968248 ], [ 121.271877153058981, -8.550710768790371 ], [ 121.128500152781044, -8.527770448745901 ], [ 120.967917912469758, -8.527770448745901 ], [ 120.864686472269653, -8.481889808656963 ], [ 120.881891712303002, -8.3614531284235 ], [ 120.939242512414168, -8.269691848245623 ], [ 121.002328392536469, -8.206605968123334 ], [ 121.013798552558697, -8.126314847967691 ], [ 120.996593312525349, -7.95999752764529 ], [ 120.924904812386373, -7.942792287611938 ], [ 120.80446813215292, -7.896911647523 ], [ 120.678296371908331, -7.765004807267302 ], [ 120.678296371908331, -7.610157646967135 ], [ 120.701236691952801, -7.47251572670032 ], [ 120.638150811830513, -7.288993166344566 ], [ 120.534919371630409, -7.191496806155572 ], [ 120.403012531374713, -7.116940766011048 ], [ 120.299781091174594, -7.157086326088868 ], [ 120.242430291063428, -7.168556486111103 ], [ 120.179344410941127, -7.116940766011048 ], [ 120.167874250918899, -7.053854885888757 ], [ 120.276840771130125, -6.956358525699764 ], [ 120.282575851141246, -6.801511365399596 ], [ 120.282575851141246, -6.640929125088313 ], [ 120.230960131041186, -6.56063800493267 ], [ 120.121993610829961, -6.537697684888201 ], [ 120.018762170629842, -6.440201324699207 ], [ 119.932735970463085, -6.417261004654738 ], [ 119.795094050196269, -6.417261004654738 ], [ 119.634511809884984, -6.381416754585255 ], [ 119.542750529707106, -6.283920394396262 ], [ 119.50834004964041, -6.197894194229502 ], [ 119.50834004964041, -6.05451719395157 ], [ 119.50834004964041, -5.957020833762575 ], [ 119.548485609718227, -5.859524473573582 ], [ 119.623041649862756, -5.836584153529112 ], [ 119.720538010051754, -5.767763193395705 ], [ 119.80082913020739, -5.69320715325118 ], [ 119.783623890174042, -5.635856353140007 ], [ 119.846709770296329, -5.584240633039951 ], [ 119.961411370518675, -5.521154752917662 ], [ 120.09331821077437, -5.469539032817606 ], [ 120.19654965097449, -5.463803952806488 ], [ 120.253900451085656, -5.446598712773136 ], [ 120.322721411219064, -5.417923312717551 ], [ 120.380072211330244, -5.389247912661964 ], [ 120.380072211330244, -5.326162032539673 ], [ 120.374337131319123, -5.297486632484087 ], [ 120.414482691396941, -5.234400752361797 ], [ 120.552124611663757, -5.199990272295093 ], [ 120.741382252030633, -5.228665672350679 ], [ 121.005195932542023, -5.194255192283975 ], [ 121.177248332875536, -5.217195512328445 ], [ 121.36077089323129, -5.222930592339562 ], [ 121.601644253698225, -5.222930592339562 ], [ 121.848252694176267, -5.148374552195038 ], [ 122.054715574576491, -5.091023752083864 ], [ 122.358674815165699, -5.073818512050512 ], [ 122.62822357568821, -5.056613272017161 ], [ 122.846156616110676, -4.987792311883753 ], [ 122.892037256199615, -4.924706431761463 ], [ 122.995268696399719, -4.850150391616938 ], [ 123.155850936711005, -4.86735563165029 ], [ 123.282022696955593, -4.873090711661408 ], [ 123.448340017277985, -4.832945151583586 ], [ 123.511425897400272, -4.781329431483531 ], [ 123.482750497344696, -4.689568151305654 ], [ 123.385254137155698, -4.67809799128342 ], [ 123.2877577769667, -4.632217351194481 ], [ 123.390989217166819, -4.603541951138895 ], [ 123.568776697511453, -4.67809799128342 ], [ 123.752299257867207, -4.71824355136124 ], [ 123.809650057978374, -4.701038311327888 ], [ 123.907146418167372, -4.672362911272303 ], [ 123.964497218278538, -4.655157671238951 ], [ 124.090668978523126, -4.615012111161129 ], [ 124.222575818778822, -4.643687511216716 ], [ 124.360217739045638, -4.666627831261185 ], [ 124.486389499290212, -4.666627831261185 ], [ 124.6125612595348, -4.626482271183364 ], [ 124.692852379690436, -4.580601631094425 ], [ 124.755938259812737, -4.511780670961018 ], [ 124.841964459979494, -4.483105270905432 ], [ 124.930858200151803, -4.475936420891535 ], [ 125.016884400318574, -4.567697701069412 ], [ 125.057029960396392, -4.682399301291758 ], [ 125.194671880663208, -4.693869461313993 ], [ 125.383929521030069, -4.670929141269523 ], [ 125.515836361285778, -4.642253741213937 ], [ 125.596127481441414, -4.665194061258406 ], [ 126.398286541356981, -4.715517037913355 ], [ 126.917264273510554, -4.715517037913355 ], [ 127.436242005664113, -4.715517037913355 ], [ 127.458806254888174, 5.782499913584279 ], [ 125.78905181230715, 5.692242916688008 ], [ 124.367504111190868, 5.489164673671395 ], [ 122.020822191887788, 5.083008187638171 ], [ 120.080296758617948, 4.721980200053084 ], [ 118.726441805173863, 4.287618402489775 ], [ 117.530536596298262, 3.858897667232483 ], [ 116.041296147509769, 3.272227187406715 ], [ 114.980776433978576, 2.730685206029083 ], [ 114.213591960360262, 2.369657218443995 ], [ 113.667161058317447, 2.076392491809977 ], [ 113.644220738272978, 2.034813161729376 ], [ 113.655690898295219, 1.971727281607086 ], [ 113.615545338217387, 1.971727281607086 ], [ 113.581134858150691, 1.897171241462561 ], [ 113.678631218339689, 1.868495841406975 ], [ 113.776127578528673, 1.862760761395858 ], [ 113.850683618673202, 1.879966001429209 ], [ 113.862153778695429, 1.782469641240215 ], [ 113.913769498795489, 1.770999481217981 ], [ 113.965385218895548, 1.753794241184629 ], [ 113.91950457880661, 1.610417240906697 ], [ 113.793332818562021, 1.467040240628765 ], [ 113.735982018450855, 1.398219280495357 ], [ 113.747452178473083, 1.352338640406419 ], [ 113.701571538384158, 1.272047520250777 ], [ 113.695836458373037, 1.186021320084017 ], [ 113.776127578528673, 1.122935439961727 ], [ 113.856418698684323, 1.05411447982832 ], [ 113.86788885870655, 0.973823359672677 ], [ 113.827743298628732, 0.859121759450332 ], [ 113.930974738828837, 0.790300799316924 ], [ 114.005530778973366, 0.824711279383628 ], [ 114.097292059151243, 0.807506039350276 ], [ 114.108762219173485, 0.738685079216868 ], [ 114.171848099295772, 0.664129039072344 ], [ 114.292284779529226, 0.658393959061226 ], [ 114.372575899684875, 0.704274599150165 ], [ 114.418456539773814, 0.773095559283572 ], [ 114.481542419896101, 0.796035879328041 ], [ 114.521687979973919, 0.744420159227986 ], [ 114.567568620062858, 0.681334279105695 ], [ 114.630654500185159, 0.681334279105695 ], [ 114.659329900240735, 0.572367758894467 ], [ 114.60771418014069, 0.486341558727708 ], [ 114.538893220007282, 0.473437628702693 ], [ 114.470072259873874, 0.416086828591521 ], [ 114.384046059707103, 0.312855388391409 ], [ 114.401251299740466, 0.175213468124594 ], [ 114.487277499907222, 0.112127588002304 ], [ 114.596244020118448, 0.008896147802193 ], [ 114.596244020118448, -0.059924812331215 ], [ 114.567568620062858, -0.117275612442388 ], [ 114.550363380029509, -0.231977212664733 ], [ 114.590508940107327, -0.32373849284261 ], [ 114.613449260151796, -0.398294532987135 ], [ 114.624919420174038, -0.531635143245611 ], [ 114.567568620062858, -0.548840383278963 ], [ 114.481542419896101, -0.594721023367901 ], [ 114.464337179862753, -0.715157703601365 ], [ 114.49874765992945, -0.761038343690303 ], [ 114.544628300018388, -0.858534703879297 ], [ 114.458602099851632, -1.019116944190581 ], [ 114.395516219729345, -1.110878224368458 ], [ 114.406986379751572, -1.173964104490748 ], [ 114.406986379751572, -1.311606024757563 ], [ 114.384046059707103, -1.399065994927101 ], [ 114.320960179584816, -1.404801074938219 ], [ 114.246404139440287, -1.427741394982688 ], [ 114.200523499351362, -1.479357115082744 ], [ 114.166113019284651, -1.594058715305089 ], [ 114.108762219173485, -1.662879675438497 ], [ 114.068616659095653, -1.748905875605256 ], [ 114.028471099017835, -1.777581275660843 ], [ 113.971120298906669, -1.817726835738664 ], [ 113.988325538940018, -1.892282875883189 ], [ 114.062881579084547, -1.961103836016596 ], [ 114.137437619229061, -2.035659876161121 ], [ 114.177583179306893, -2.150361476383467 ], [ 114.252139219451408, -2.213447356505757 ], [ 114.418456539773814, -2.236387676550226 ], [ 114.55609846004063, -2.236387676550226 ], [ 114.624919420174038, -2.328148956728103 ], [ 114.60771418014069, -2.404138766875407 ], [ 114.58477386009622, -2.432814166930994 ], [ 114.561833540051751, -2.513105287086636 ], [ 114.58477386009622, -2.593396407242278 ], [ 114.601979100129569, -2.667952447386802 ], [ 114.642124660207386, -2.73677340752021 ], [ 114.636389580196266, -2.817064527675852 ], [ 114.515952899962812, -2.908825807853729 ], [ 114.435661779807162, -2.966176607964902 ], [ 114.384046059707103, -3.063672968153896 ], [ 114.372575899684875, -3.189844728398476 ], [ 114.412721459762693, -3.229990288476297 ], [ 114.366840819673754, -3.304546328620822 ], [ 114.332430339607058, -3.407777768820933 ], [ 114.366840819673754, -3.533949529065514 ], [ 114.412721459762693, -3.5626249291211 ], [ 114.384046059707103, -3.642916049276742 ], [ 114.275079539495877, -3.683061609354563 ], [ 114.171848099295772, -3.734677329454619 ], [ 114.125967459206834, -3.855114009688082 ], [ 114.097292059151243, -3.946875289865959 ], [ 114.039941259040077, -3.975550689921545 ], [ 113.936709818839958, -4.021431330010484 ], [ 113.89656425876214, -4.107457530177243 ], [ 113.988325538940018, -4.141868010243947 ], [ 114.022736019006715, -4.222159130399588 ], [ 114.057146499073426, -4.302450250555231 ], [ 114.125967459206834, -4.319655490588582 ], [ 114.194788419340242, -4.319655490588582 ], [ 114.275079539495877, -4.308185330566348 ], [ 114.332430339607058, -4.342595810633052 ], [ 114.292284779529226, -4.405681690755342 ], [ 114.269344459484756, -4.497442970933219 ], [ 114.26360937947365, -4.594939331122212 ], [ 114.252139219451408, -4.66376029125562 ], [ 114.229198899406938, -4.761256651444614 ], [ 114.24066905942918, -4.824342531566904 ], [ 114.269344459484756, -4.898898571711429 ], [ 114.246404139440287, -4.967719531844836 ], [ 114.298019859540346, -5.013600171933775 ], [ 114.412721459762693, -5.093891292089417 ], [ 114.429926699796042, -5.162712252222825 ], [ 114.401251299740466, -5.255907302403481 ], [ 114.355370659651527, -5.290317782470184 ], [ 114.303754939551467, -5.353403662592474 ], [ 114.320960179584816, -5.387814142659178 ], [ 114.338165419618164, -5.416489542714764 ], [ 114.435485713191639, -5.718089101367576 ], [ 114.696833684044108, -6.110111057646288 ], [ 115.039852895787988, -6.395960400766181 ], [ 115.366537859353585, -6.632806999351236 ], [ 115.734058443364873, -6.828817977490591 ], [ 115.954570793771651, -7.045246765852796 ], [ 116.371094122317771, -7.306594736705271 ], [ 116.648776341348537, -7.494438590755487 ], [ 117.21230790349918, -7.968131787925596 ], [ 117.538992867064778, -8.286649627402049 ], [ 117.816675086095529, -8.556164722343663 ], [ 118.115703790969249, -8.813419376436315 ], [ 118.329243353835821, -8.678552284099533 ], [ 118.509066143618185, -8.689791208460932 ], [ 118.756322479568951, -8.599879813569745 ], [ 118.879950647544334, -8.734746905906524 ], [ 119.228357302747682, -8.745985830267923 ] ] ] } },
{ "type": "Feature", "properties": { "id": 129, "name": "Cannibal Sands", "type": "desert", "continent": "Essos", "size": 3 }, "geometry": { "type": "Polygon", "coordinates": [ [ [ 115.206418926219257, 3.729153234194092 ], [ 115.951039150613497, 3.593767738849684 ], [ 117.0792516118169, 3.390689495833072 ], [ 118.230028322244365, 3.007097259023916 ], [ 119.155162540431164, 2.442991028422216 ], [ 119.674140272584722, 1.811192050148312 ], [ 119.854654266377267, 1.179393071874408 ], [ 119.425933531119981, 0.570158342824572 ], [ 118.861827300518271, 0.36708009980796 ], [ 117.733614839314882, 0.209130355239484 ], [ 116.763352122679947, 0.073744859895077 ], [ 116.470016882767069, -0.106769133897467 ], [ 115.90591065216536, -0.264718878465943 ], [ 115.206418926219257, -0.264718878465943 ], [ 114.567568620062858, -0.117275612442388 ], [ 114.596244020118448, -0.059924812331215 ], [ 114.596244020118448, 0.008896147802193 ], [ 114.487277499907222, 0.112127588002304 ], [ 114.401251299740466, 0.175213468124594 ], [ 114.384046059707103, 0.312855388391409 ], [ 114.470072259873874, 0.416086828591521 ], [ 114.538893220007282, 0.473437628702693 ], [ 114.60771418014069, 0.486341558727708 ], [ 114.659329900240735, 0.572367758894467 ], [ 114.630654500185159, 0.681334279105695 ], [ 114.567568620062858, 0.681334279105695 ], [ 114.521687979973919, 0.744420159227986 ], [ 114.481542419896101, 0.796035879328041 ], [ 114.418456539773814, 0.773095559283572 ], [ 114.372575899684875, 0.704274599150165 ], [ 114.292284779529226, 0.658393959061226 ], [ 114.171848099295772, 0.664129039072344 ], [ 114.108762219173485, 0.738685079216868 ], [ 114.097292059151243, 0.807506039350276 ], [ 114.005530778973366, 0.824711279383628 ], [ 113.930974738828837, 0.790300799316924 ], [ 113.827743298628732, 0.859121759450332 ], [ 113.86788885870655, 0.973823359672677 ], [ 113.856418698684323, 1.05411447982832 ], [ 113.776127578528673, 1.122935439961727 ], [ 113.695836458373037, 1.186021320084017 ], [ 113.701571538384158, 1.272047520250777 ], [ 113.747452178473083, 1.352338640406419 ], [ 113.735982018450855, 1.398219280495357 ], [ 113.793332818562021, 1.467040240628765 ], [ 113.91950457880661, 1.610417240906697 ], [ 113.965385218895548, 1.753794241184629 ], [ 113.913769498795489, 1.770999481217981 ], [ 113.862153778695429, 1.782469641240215 ], [ 113.850683618673202, 1.879966001429209 ], [ 113.776127578528673, 1.862760761395858 ], [ 113.678631218339689, 1.868495841406975 ], [ 113.581134858150691, 1.897171241462561 ], [ 113.615545338217387, 1.971727281607086 ], [ 113.655690898295219, 1.971727281607086 ], [ 113.644220738272978, 2.034813161729376 ], [ 113.667161058317447, 2.076392491809977 ], [ 113.489373577972813, 2.093597731843329 ], [ 113.403347377806057, 2.059187251776625 ], [ 113.248500217505878, 2.001836451665453 ], [ 113.087917977194607, 2.001836451665453 ], [ 112.543837517779238, 2.442991028422216 ], [ 112.679223013123647, 3.029661508247984 ], [ 113.401278988293825, 3.63889623729782 ], [ 114.506927200273154, 3.819410231090364 ], [ 115.206418926219257, 3.729153234194092 ] ] ] } },
{ "type": "Feature", "properties": { "id": 130, "name": null, "type": "desert", "continent": "Essos", "size": 3 }, "geometry": { "type": "Polygon", "coordinates": [ [ [ 127.413677756440052, -1.28575115585502 ], [ 126.578800535149526, -1.353443903527224 ], [ 125.676230566186803, -1.330879654303156 ], [ 124.931610341792563, -1.263186906630952 ], [ 124.006476123605779, -1.376008152751292 ], [ 122.945956410074587, -1.556522146543836 ], [ 122.47210717636915, -1.985242881801128 ], [ 122.201336185680333, -2.436527866282488 ], [ 121.998257942663727, -2.955505598436051 ], [ 122.043386441111863, -3.31653358602114 ], [ 122.223900434904408, -3.587304576709955 ], [ 122.562364173265422, -3.925768315070975 ], [ 122.968520659298648, -4.173975056535723 ], [ 123.26185589921154, -4.377053299552335 ], [ 123.390989217166819, -4.603541951138895 ], [ 123.568776697511453, -4.67809799128342 ], [ 123.752299257867207, -4.71824355136124 ], [ 123.809650057978374, -4.701038311327888 ], [ 123.907146418167372, -4.672362911272303 ], [ 123.964497218278538, -4.655157671238951 ], [ 124.090668978523126, -4.615012111161129 ], [ 124.222575818778822, -4.643687511216716 ], [ 124.360217739045638, -4.666627831261185 ], [ 124.486389499290212, -4.666627831261185 ], [ 124.6125612595348, -4.626482271183364 ], [ 124.692852379690436, -4.580601631094425 ], [ 124.755938259812737, -4.511780670961018 ], [ 124.841964459979494, -4.483105270905432 ], [ 124.930858200151803, -4.475936420891535 ], [ 125.016884400318574, -4.567697701069412 ], [ 125.057029960396392, -4.682399301291758 ], [ 125.194671880663208, -4.693869461313993 ], [ 125.383929521030069, -4.670929141269523 ], [ 125.515836361285778, -4.642253741213937 ], [ 125.596127481441414, -4.665194061258406 ], [ 125.601862561452535, -4.802835981525221 ], [ 125.533041601319127, -4.877392021669746 ], [ 125.383929521030069, -4.894597261703098 ], [ 125.263492840796616, -4.940477901792036 ], [ 125.292168240852192, -5.009298861925443 ], [ 125.343783960952251, -5.049444422003265 ], [ 125.458485561174598, -5.043709341992147 ], [ 125.555981921363596, -5.026504101958795 ], [ 125.664948441574822, -5.026504101958795 ], [ 125.687888761619291, -5.089589982081086 ], [ 126.037258553771892, -5.189366271618783 ], [ 126.37572229213292, -5.211930520842851 ], [ 126.736750279718009, -5.234494770066919 ], [ 127.097778267303099, -5.234494770066919 ], [ 127.436242005664113, -5.189366271618783 ], [ 127.413677756440052, -1.28575115585502 ] ] ] } },
{ "type": "Feature", "properties": { "id": 131, "name": null, "type": "desert", "continent": "Essos", "size": 2 }, "geometry": { "type": "Polygon", "coordinates": [ [ [ 38.014510805234885, -8.99621577276392 ], [ 37.957004406719719, -8.718231090987615 ], [ 38.022341399432833, -8.505885864669979 ], [ 38.316357866641873, -8.4078803756003 ], [ 38.741048319277141, -8.44054887195686 ], [ 39.214741516447255, -8.636559850096218 ], [ 39.590429224547691, -8.783568083700734 ], [ 40.015119677182966, -9.044916054553211 ], [ 40.652155356135872, -9.387935266297085 ], [ 41.027843064236308, -9.632948988971281 ], [ 41.403530772336744, -9.894296959823757 ], [ 41.762884232258898, -10.188313427032792 ], [ 41.99156370675481, -10.547666886954946 ], [ 42.22024318125073, -10.858017602342262 ], [ 42.236577429429012, -11.086697076838178 ], [ 42.144787261003124, -11.262261113315505 ], [ 41.899163111901935, -11.234550385893401 ], [ 41.825199099003328, -11.187482377685198 ], [ 41.657099069688314, -11.046278353060586 ], [ 41.574107749531912, -10.993160077924257 ], [ 41.455379034510294, -11.026106349542784 ], [ 41.375536254585512, -11.054012632827188 ], [ 41.30745100871308, -11.005934346024983 ], [ 41.314683699682583, -10.916293692783714 ], [ 41.233486995814481, -10.898350327263374 ], [ 41.109706672641138, -10.820210711358037 ], [ 41.035125882897965, -10.717943005739714 ], [ 41.037644436571867, -10.627244056994797 ], [ 40.94168071421543, -10.533388797591693 ], [ 40.883911666290778, -10.531161075569118 ], [ 40.864695070005645, -10.588810864424525 ], [ 40.755801024389875, -10.601621928614616 ], [ 40.67252910715429, -10.572797034186912 ], [ 40.688542937391901, -10.454294690428576 ], [ 40.643704212726583, -10.332589580622717 ], [ 40.566837827586042, -10.300561920147491 ], [ 40.464349314065316, -10.294156388052444 ], [ 40.333035906116891, -10.255723195482174 ], [ 40.384280162877253, -10.169248512199063 ], [ 40.406699525209909, -10.108395957296134 ], [ 40.268980585166439, -10.028326806108067 ], [ 40.17610036978828, -9.961068719110093 ], [ 40.015962067412147, -9.855377439541845 ], [ 39.878243127368677, -9.845769141399279 ], [ 39.743726953372729, -9.781713820448825 ], [ 39.65084673799457, -9.746483393926077 ], [ 39.563364476147974, -9.669020987278197 ], [ 39.507297374938453, -9.584920335463915 ], [ 39.357785105046382, -9.496147425215499 ], [ 39.222289610456706, -9.435408065571851 ], [ 39.091466374301156, -9.449424840874231 ], [ 38.979332171882099, -9.479794520696055 ], [ 38.818139255904718, -9.498483554432577 ], [ 38.871870227897183, -9.4003661273159 ], [ 38.974659913447972, -9.323273863152808 ], [ 39.065787029931663, -9.266497853597246 ], [ 39.117163795688846, -9.169089334826618 ], [ 39.061096694479325, -9.103677716748843 ], [ 39.035399273091635, -9.014904806500434 ], [ 38.89055926163369, -8.963509963725032 ], [ 38.694324407400352, -8.984535126678596 ], [ 38.548487048469035, -8.963896323557089 ], [ 38.420997289003928, -9.000888031198047 ], [ 38.231770822421787, -9.000888031198047 ], [ 38.014510805234885, -8.99621577276392 ] ] ] } },
{ "type": "Feature", "properties": { "id": 132, "name": null, "type": "desert", "continent": "Essos", "size": 3 }, "geometry": { "type": "Polygon", "coordinates": [ [ [ 69.972333098758568, -17.197201622441337 ], [ 70.027420221839975, -17.225997164052067 ], [ 70.027420221839975, -17.292769434453763 ], [ 70.007388540719461, -17.35787239809542 ], [ 69.968994485238483, -17.389589226536224 ], [ 69.937277656797676, -17.444676349617623 ], [ 69.963986564958361, -17.488078325378726 ], [ 69.992364779879082, -17.49517287910891 ], [ 70.00238062043934, -17.553598615710392 ], [ 69.97901032579874, -17.581976830631113 ], [ 69.972333098758568, -17.618701579352049 ], [ 69.995703393399168, -17.687143156513788 ], [ 70.044113289440389, -17.715521371434509 ], [ 70.07416081112116, -17.707174837634295 ], [ 70.077499424641246, -17.672119395673406 ], [ 70.127605444902528, -17.684191729569775 ], [ 70.149279615323067, -17.728875825514848 ], [ 70.149279615323067, -17.773947108035991 ], [ 70.097531105761746, -17.821105024007185 ], [ 70.105877639561967, -17.876192147088585 ], [ 70.137594468002774, -17.899562441729177 ], [ 70.140933081522846, -17.939625803970195 ], [ 70.104208332801917, -17.957988178330663 ], [ 70.060806357040818, -17.993043620291555 ], [ 70.022412301559839, -18.066493117733419 ], [ 70.019073688039754, -18.119910934054776 ], [ 69.995703393399182, -18.202124291986866 ], [ 69.932269736517569, -18.242187654227884 ], [ 69.925592509477397, -18.298109430689308 ], [ 69.905560828356869, -18.307290617869537 ], [ 69.857150932315648, -18.292266857029155 ], [ 69.832111330915026, -18.322314378709919 ], [ 69.845465784995355, -18.379070808551361 ], [ 69.902222214836797, -18.402441103191954 ], [ 69.898883601316712, -18.499260895274414 ], [ 69.882190533716297, -18.596080687356874 ], [ 69.832111330915026, -18.706254933519674 ], [ 69.858820239075698, -18.799736112082048 ], [ 69.902222214836797, -18.846476701363233 ], [ 69.922253895957311, -18.93328065288544 ], [ 69.892206374276554, -19.036777672008068 ], [ 69.855481625555612, -19.070163807208917 ], [ 69.825434103874855, -19.123581623530274 ], [ 69.858820239075698, -19.176999439851631 ], [ 69.868836079635955, -19.243771710253327 ], [ 69.822095490354769, -19.28717368601443 ], [ 69.802063809234255, -19.340591502335787 ], [ 69.808741036274427, -19.400686545697315 ], [ 69.838806755934201, -19.457550903301669 ], [ 69.808741036274427, -19.507522178340029 ], [ 69.741968765872727, -19.520876632420368 ], [ 69.658503427870613, -19.537569700020793 ], [ 69.630176264906922, -19.593740251611148 ], [ 69.623898032538051, -19.623924061076899 ], [ 69.579467465004456, -19.636480525814655 ], [ 69.530207487956346, -19.633582880105941 ], [ 69.508475145141006, -19.621026415368188 ], [ 69.492055152791636, -19.600742895407201 ], [ 69.468873987121938, -19.621992297271092 ], [ 69.465010459510324, -19.648071108649503 ], [ 69.413818718656415, -19.660627573387256 ], [ 69.381944615860576, -19.650968754358214 ], [ 69.347172867356022, -19.644207581037886 ], [ 69.322059937880525, -19.633582880105941 ], [ 69.305639945531155, -19.606538186824626 ], [ 69.305639945531155, -19.578527611640407 ], [ 69.271834078929515, -19.565971146902655 ], [ 69.266038787512088, -19.542789981232957 ], [ 69.223539983784306, -19.545687626941671 ], [ 69.221608219978492, -19.578527611640407 ], [ 69.20905175524075, -19.616197005853667 ], [ 69.177177652444911, -19.655798163872735 ], [ 69.136610612522944, -19.678979329542432 ], [ 69.074311229785621, -19.678496388590982 ], [ 69.136127671571487, -19.782811634104625 ], [ 69.153996486775213, -19.839315725424509 ], [ 69.182490002910882, -19.840764548278869 ], [ 69.24478938564819, -19.822895733075143 ], [ 69.274731724638215, -19.826759260686757 ], [ 69.259760555143203, -19.856218658725336 ], [ 69.252033499919975, -19.925762155734429 ], [ 69.275214665589672, -20.010759763189988 ], [ 69.159308837241184, -20.107347953480396 ], [ 69.078174757397235, -20.173027922877875 ], [ 69.03181242605784, -20.269616113168283 ], [ 68.942951290990663, -20.323705499730909 ], [ 68.81159135219572, -20.343023137788993 ], [ 68.722730217128543, -20.343023137788993 ], [ 68.649323192507836, -20.312114916896061 ], [ 68.602960861168441, -20.371516653924672 ], [ 68.543076183188376, -20.396629583400181 ], [ 68.460010339538627, -20.390834291982756 ], [ 68.376944495888878, -20.385039000565332 ], [ 68.317059817908827, -20.392766055788563 ], [ 68.241721029482306, -20.400493111011794 ], [ 68.176041060084827, -20.379243709147907 ], [ 68.110361090687348, -20.365721362507248 ], [ 68.086214043114751, -20.39711252435163 ], [ 68.092009334532179, -20.452650733768618 ], [ 68.066896405056667, -20.48211013180719 ], [ 67.985762325212733, -20.495149537496395 ], [ 67.916218828203625, -20.451201910914261 ], [ 67.912355300592012, -20.419810749069878 ], [ 67.970308214766263, -20.393248996740013 ], [ 67.947127049096565, -20.346886665400618 ], [ 67.86985649686423, -20.335296082565769 ], [ 67.796449472243523, -20.312114916896071 ], [ 67.7423600856809, -20.261889057945059 ], [ 67.680543643895035, -20.234844364663743 ], [ 67.614863674497556, -20.23098083705213 ], [ 67.514411956595538, -20.242571419886978 ], [ 67.413960238693505, -20.258025530333445 ], [ 67.402369655858664, -20.165300867654651 ], [ 67.379188490188966, -20.060985622141011 ], [ 67.340553214072798, -20.010759763189998 ], [ 67.38305201780058, -19.89485393484151 ], [ 67.348280269296026, -19.829173965444031 ], [ 67.309644993179873, -19.763493996046552 ], [ 67.251692079005622, -19.697814026649077 ], [ 67.186012109608143, -19.643724640086447 ], [ 67.124195667822292, -19.597362308747051 ], [ 67.070106281259655, -19.547136449796039 ], [ 66.996699256638948, -19.539409394572807 ], [ 66.934882814853083, -19.512364701291492 ], [ 66.88079342829046, -19.485320008010177 ], [ 66.88079342829046, -19.427367093835933 ], [ 66.961927508134394, -19.365550652050072 ], [ 66.931019287241469, -19.315324793099059 ], [ 66.89624753873693, -19.28441657220613 ], [ 66.892384011125301, -19.222600130420268 ], [ 66.954200452911167, -19.2303271856435 ], [ 67.012153367085418, -19.222600130420268 ], [ 67.085560391706125, -19.191691909527339 ], [ 67.054652170813199, -19.133738995353092 ], [ 66.942609870076325, -19.133738995353092 ], [ 66.869202845455604, -19.10089901065442 ], [ 66.815113458892981, -19.008174347975626 ], [ 66.73784290666066, -18.992720237529163 ], [ 66.664435882039939, -19.042946096480176 ], [ 66.594892385030846, -18.988856709917545 ], [ 66.513758305186911, -18.919313212908452 ], [ 66.459668918624274, -18.842042660676125 ], [ 66.47125950145913, -18.757045053220565 ], [ 66.421033642508121, -18.648866280095309 ], [ 66.336036035052558, -18.65659333531854 ], [ 66.243311372373768, -18.629548642037228 ], [ 66.131269071636893, -18.633412169648842 ], [ 66.010597234788861, -18.636479825508335 ], [ 65.934229163444456, -18.65659333531854 ], [ 65.84536802837728, -18.61795805920238 ], [ 65.748779838086875, -18.606367476367531 ], [ 65.617419899291917, -18.598640421144296 ], [ 65.505377598555043, -18.594776893532682 ], [ 65.482196432885345, -18.544551034581669 ], [ 65.464810558633076, -18.458587545223207 ], [ 65.417181076935861, -18.403947308151057 ], [ 65.314132981780034, -18.307909968370172 ], [ 65.244307514873185, -18.287140847297888 ], [ 65.117093073587611, -18.358135827321181 ], [ 64.947097858676486, -18.346545244486332 ], [ 64.885281416890621, -18.261547637030773 ], [ 64.777102643765375, -18.230639416137844 ], [ 64.638015649747189, -18.253820581807542 ], [ 64.479611017670919, -18.238366471361076 ], [ 64.359841661710803, -18.292455857923706 ], [ 64.270980526643626, -18.311773495981786 ], [ 64.232345250527473, -18.230639416137844 ], [ 64.135757060237054, -18.1726865019636 ], [ 64.000533593830482, -18.161095919128751 ], [ 63.915535986374927, -18.103143004954504 ], [ 63.80349368563806, -18.095415949731272 ], [ 63.710769022959262, -18.072234784061575 ], [ 63.602590249834009, -18.052917146003495 ], [ 63.486684421485521, -18.052917146003495 ], [ 63.478957366262286, -17.991100704217633 ], [ 63.498275004320369, -17.902239569150456 ], [ 63.492210602075566, -17.805898228582816 ], [ 63.471230311039051, -17.736107881850955 ], [ 63.405773821044214, -17.672738863210196 ], [ 63.351460955078949, -17.59991853354148 ], [ 63.251009237176923, -17.603782061153094 ], [ 63.216237488672377, -17.530375036532387 ], [ 63.23169159911884, -17.464695067134908 ], [ 63.320552734186016, -17.426059791018744 ], [ 63.391757045741834, -17.392403357162575 ], [ 63.455776200592588, -17.329471600728336 ], [ 63.498275004320369, -17.248337520884395 ], [ 63.579409084164311, -17.167203441040449 ], [ 63.652816108785018, -17.13629522014752 ], [ 63.641225525950169, -17.078342305973276 ], [ 63.59099966699916, -17.031979974633881 ], [ 63.57554555655269, -16.965334123333498 ], [ 63.675997274454716, -16.965334123333498 ], [ 63.741677243852195, -16.918971791994103 ], [ 63.753267826687043, -16.853291822596628 ], [ 63.73395018862896, -16.7760212703643 ], [ 63.695314912512799, -16.694887190520358 ], [ 63.64508905356179, -16.621480165899648 ], [ 63.579409084164311, -16.563527251725404 ], [ 63.506002059543597, -16.493983754716307 ], [ 63.436458562534504, -16.439894368153681 ], [ 63.332143317020865, -16.436030840542063 ], [ 63.23169159911884, -16.354896760698121 ], [ 63.154421046886512, -16.277626208465794 ], [ 63.119649298381965, -16.200355656233469 ], [ 63.111922243158737, -16.130812159224373 ], [ 63.042378746149637, -16.107630993554675 ], [ 62.926472917801149, -16.119221576389524 ], [ 62.829884727510745, -16.088313355496595 ], [ 62.771931813336501, -16.123085104001142 ], [ 62.648298929764778, -16.088313355496595 ], [ 62.621254236483459, -16.034223968933965 ], [ 62.578755432755685, -15.96854399953649 ], [ 62.542051920445324, -15.909625203459338 ], [ 62.592277779396341, -15.836218178838628 ], [ 62.574116266092261, -15.757643552881985 ], [ 62.487962533882701, -15.646905325869428 ], [ 62.383647288369055, -15.600542994530032 ], [ 62.29378076004464, -15.584769990819295 ], [ 62.124790938390767, -15.561907718413869 ], [ 62.109336827944297, -15.503954804239624 ], [ 62.14024504883723, -15.43441130723053 ], [ 62.136381521225616, -15.380321920667901 ], [ 62.124790938390767, -15.264416092319411 ], [ 62.120927410779146, -15.18328201247547 ], [ 62.360371185069653, -14.806822099441391 ], [ 62.834064382239767, -14.79048785126311 ], [ 63.36084388598929, -15.138611515562689 ], [ 63.883539827694236, -15.644973209089359 ], [ 64.602246747538544, -16.184003398972592 ], [ 65.271950922848021, -16.478019866181626 ], [ 65.876318105444369, -16.788370581568941 ], [ 66.366345550792758, -17.033384304243139 ], [ 66.758367507071469, -17.180392537847656 ], [ 67.166723711528462, -17.360069267808733 ], [ 67.607748412342019, -17.490743253234971 ], [ 68.048773113155576, -17.523411749591531 ], [ 68.571469054860529, -17.53974599776981 ], [ 68.943073200916388, -17.387633311609587 ], [ 69.220755419947139, -17.305962070718191 ], [ 69.46576914262134, -17.142619588935393 ], [ 69.678114368938978, -17.109951092578832 ], [ 69.972333098758568, -17.197201622441337 ] ] ] } },
{ "type": "Feature", "properties": { "id": 133, "name": null, "type": "desert", "continent": "Essos", "size": 2 }, "geometry": { "type": "Polygon", "coordinates": [ [ [ 61.800254619014993, -12.253762200967396 ], [ 61.930901221495013, -12.524545383138456 ], [ 62.453719315507385, -12.894874866397217 ], [ 62.889401060517692, -13.047363477150826 ], [ 63.216162369275423, -13.090931651651855 ], [ 63.935037248542436, -12.698818081142578 ], [ 64.283582644550677, -12.480977208637425 ], [ 64.414287168053775, -12.0235113763766 ], [ 64.414287168053775, -11.457125107863201 ], [ 64.32715081905171, -11.021443362852892 ], [ 64.348934906302233, -10.672897966844644 ], [ 64.476718485534704, -10.398227026126873 ], [ 64.501423517055841, -9.997591262078666 ], [ 64.544991691556859, -9.452989080815781 ], [ 64.610343953308416, -9.082659597557019 ], [ 64.675696215059958, -8.712330114298258 ], [ 64.893537087565107, -8.450921067292072 ], [ 65.154946134571304, -7.840966624277641 ], [ 65.459923356078519, -7.448853053768363 ], [ 65.852036926587786, -6.882466785254962 ], [ 65.960957362840375, -6.533921389246715 ], [ 66.026309624591917, -5.749694248228161 ], [ 65.786684664836244, -5.531853375723006 ], [ 65.438139268827996, -5.488285201221975 ], [ 65.046025698318715, -5.597205637474553 ], [ 64.675696215059958, -5.793262422729192 ], [ 64.563642743223582, -6.073566845235601 ], [ 64.663582151194888, -6.16667736938628 ], [ 64.841816731259954, -6.197199728807325 ], [ 64.981295724715508, -6.157332852518026 ], [ 65.066867214636588, -6.186092086923973 ], [ 65.148001294480537, -6.17836503170074 ], [ 65.261975359023225, -6.170637976477508 ], [ 65.289985934207451, -6.204926784030558 ], [ 65.21754479148963, -6.278816749602765 ], [ 65.105502490752755, -6.290407332437614 ], [ 65.009329275320269, -6.297500605541837 ], [ 64.983801370986839, -6.346911423757502 ], [ 64.923916693006788, -6.38168317226205 ], [ 64.846646140774467, -6.375887880844624 ], [ 64.77517087995956, -6.346911423757502 ], [ 64.751989714289863, -6.375887880844624 ], [ 64.806079100852486, -6.435772558824678 ], [ 64.840850849357039, -6.505316055833772 ], [ 64.862100251220923, -6.611563065153221 ], [ 64.838919085551225, -6.72746889350171 ], [ 64.756819123804391, -6.769001815326548 ], [ 64.668923870640114, -6.80087591812242 ], [ 64.64960623258203, -6.883941761772172 ], [ 64.593585082213593, -6.951553494975457 ], [ 64.477679253865105, -7.050073449071673 ], [ 64.498928655728989, -7.098367544216877 ], [ 64.548188632777112, -7.132173410818487 ], [ 64.622561539300719, -7.157286340294027 ], [ 64.638015649747189, -7.211375726856655 ], [ 64.684377981086584, -7.263533349613476 ], [ 64.648640350679131, -7.340803901845771 ], [ 64.610005074562977, -7.441255619747796 ], [ 64.55688156990324, -7.50114029772788 ], [ 64.478645135768019, -7.518526171980124 ], [ 64.425521631108282, -7.526253227203386 ], [ 64.394613410215356, -7.47989089586399 ], [ 64.355012252196289, -7.534463223378071 ], [ 64.291264046604624, -7.561507916659385 ], [ 64.233311132430373, -7.580825554717467 ], [ 64.215925258178103, -7.642641996503328 ], [ 64.16569939922708, -7.66195963456141 ], [ 64.127064123110927, -7.667754925978834 ], [ 64.119337067887685, -7.737298422987928 ], [ 64.026612405208894, -7.750820769628586 ], [ 63.982181837675313, -7.739230186793736 ], [ 63.924228923501069, -7.694799619260149 ], [ 63.860480717909397, -7.698180205920284 ], [ 63.802527803735153, -7.725707840153079 ], [ 63.727189015308632, -7.719912548735655 ], [ 63.620942005989178, -7.698180205920284 ], [ 63.564920855620748, -7.785592518133132 ], [ 63.481855011971, -7.864794834171267 ], [ 63.397400115546446, -7.895412990013257 ], [ 63.311859797059874, -7.999535359626361 ], [ 63.192090441099772, -7.996637713917672 ], [ 63.155386928789419, -8.014023588169945 ], [ 63.132205763119721, -8.100952959431313 ], [ 63.11095636125583, -8.135724707935859 ], [ 63.080048140362898, -8.155042345993941 ], [ 63.056866974693193, -8.19271174020718 ], [ 63.109024597450023, -8.27287993814824 ], [ 63.189484615227798, -8.343949799689449 ], [ 63.209476315352049, -8.379126947467688 ], [ 63.226862189604319, -8.450602208282589 ], [ 63.211408079157849, -8.524975114806187 ], [ 63.280951576166949, -8.541395107155573 ], [ 63.355349789639305, -8.50280658644976 ], [ 63.44901502727226, -8.556849217602039 ], [ 63.551398508980085, -8.555883335699118 ], [ 63.580374966067211, -8.612870367970476 ], [ 63.566852619426555, -8.664062108824377 ], [ 63.435492680631597, -8.687243274494074 ], [ 63.443219735854832, -8.880419655074894 ], [ 63.319586852283102, -9.034960759539548 ], [ 63.383335057874781, -9.130100126975609 ], [ 63.420038570185135, -9.240210663906675 ], [ 63.39492564070963, -9.317481216139001 ], [ 63.400720932127051, -9.36915589794436 ], [ 63.439356208243218, -9.406342351206176 ], [ 63.562989091814934, -9.446426450176688 ], [ 63.611283186960144, -9.470090556797846 ], [ 63.653781990687925, -9.558951691865021 ], [ 63.704007849638934, -9.620768133650882 ], [ 63.792868984706111, -9.624631661262498 ], [ 63.899115994025557, -9.622699897456689 ], [ 63.980250073869506, -9.655056941203972 ], [ 64.00729476715081, -9.715424560135482 ], [ 63.995704184315969, -9.76323571432923 ], [ 63.938717152044624, -9.795592758076518 ], [ 63.863378363618111, -9.795592758076518 ], [ 63.820879559890329, -9.834228034192682 ], [ 63.772585464745127, -9.82456921516364 ], [ 63.753267826687043, -9.907635058813392 ], [ 63.763892527618985, -10.010501481472678 ], [ 63.778380756162548, -10.100811439394208 ], [ 63.766790173327699, -10.242796079121099 ], [ 63.689519621095371, -10.285294882848879 ], [ 63.708837259153455, -10.420518349255451 ], [ 63.786107811385783, -10.401200711197369 ], [ 63.817016032278715, -10.490061846264544 ], [ 63.801561921832246, -10.555741815662021 ], [ 63.820879559890329, -10.617558257447882 ], [ 63.747472535269623, -10.633012367894349 ], [ 63.681792565872144, -10.617558257447882 ], [ 63.66247492781406, -10.671647644010511 ], [ 63.604522013639816, -10.694828809680208 ], [ 63.604522013639816, -10.764372306689303 ], [ 63.616112596474665, -10.849369914144862 ], [ 63.554296154688807, -10.949821632046886 ], [ 63.51952440618426, -10.996183963386283 ], [ 63.431743852010428, -10.999376897959642 ], [ 63.380437412166067, -11.044478058531485 ], [ 63.361119774107991, -11.129475665987044 ], [ 63.407482105447386, -11.199019162996139 ], [ 63.442253853951932, -11.268562660005232 ], [ 63.356585310051102, -11.355731569237697 ], [ 63.345665663661521, -11.423103764469886 ], [ 63.249077473371116, -11.454011985362817 ], [ 63.148625755469091, -11.488783733867363 ], [ 63.139426444850912, -11.54833940223299 ], [ 63.164079865915554, -11.616280145050702 ], [ 63.218169252478184, -11.689687169671412 ], [ 63.264531583817579, -11.759230666680505 ], [ 63.314757442768588, -11.840364746524449 ], [ 63.314757442768588, -11.929225881591623 ], [ 63.260668056205965, -12.041268182328498 ], [ 63.16021633830394, -12.09149404127951 ], [ 63.102048377377912, -12.052943313118696 ], [ 63.024992871897368, -12.126265789784057 ], [ 62.92450255688108, -12.118354931196471 ], [ 62.820225908481703, -12.207399869627999 ], [ 62.731364773414526, -12.284670421860326 ], [ 62.578755432755685, -12.342623336034571 ], [ 62.414555509261987, -12.396712722597199 ], [ 62.321830846583197, -12.388985667373966 ], [ 62.244560294350869, -12.315578642753257 ], [ 62.120927410779146, -12.257625728579011 ], [ 62.02275667909457, -12.244505908917894 ], [ 61.896842809305397, -12.230581035297698 ], [ 61.800254619014993, -12.253762200967396 ] ] ] } },
{ "type": "Feature", "properties": { "id": 134, "name": null, "type": "desert", "continent": "Essos", "size": 2 }, "geometry": { "type": "Polygon", "coordinates": [ [ [ 63.400237991175601, -21.014552530783021 ], [ 63.450463850126617, -20.945009033773928 ], [ 63.469781488184694, -20.8677384815416 ], [ 63.473645015796315, -20.740242070358264 ], [ 63.450463850126617, -20.612745659174923 ], [ 63.431146212068533, -20.492976303214817 ], [ 63.496826181466012, -20.435023389040573 ], [ 63.512280291912475, -20.326844615915316 ], [ 63.57409673369834, -20.322981088303699 ], [ 63.608868482202887, -20.261164646517837 ], [ 63.581823788921568, -20.191621149508745 ], [ 63.512280291912475, -20.176167039062278 ], [ 63.508416764300861, -20.118214124888034 ], [ 63.562506150863491, -20.06026121071379 ], [ 63.66295786876551, -20.044807100267324 ], [ 63.747955476221073, -20.002308296539546 ], [ 63.817498973230165, -19.967536548034996 ], [ 63.902496580685728, -19.963673020423382 ], [ 63.96803240067905, -20.012531199207007 ], [ 64.087945906043302, -19.98685418609308 ], [ 64.172943513498865, -19.925037744307218 ], [ 64.199988206780176, -19.867084830132974 ], [ 64.261804648566041, -19.870948357744588 ], [ 64.288849341847353, -19.921174216695601 ], [ 64.381574004526144, -19.952082437588533 ], [ 64.489752777651404, -19.913447161472369 ], [ 64.578613912718581, -19.952082437588533 ], [ 64.655884464950901, -19.890265995802672 ], [ 64.75247265524132, -19.805268388347113 ], [ 64.84519731792011, -19.805268388347113 ], [ 64.891559649259506, -19.863221302521357 ], [ 64.961103146268599, -19.905720106249134 ], [ 65.011329005219608, -19.836176609240042 ], [ 65.073145447005473, -19.836176609240042 ], [ 65.057691336559003, -19.894129523414286 ], [ 65.077008974617087, -19.98685418609308 ], [ 65.123371305956482, -20.091169431606719 ], [ 65.080872502228701, -20.176167039062278 ], [ 65.073145447005473, -20.280482284575921 ], [ 65.015192532831222, -20.319117560692082 ], [ 64.957239618656985, -20.41570575098249 ], [ 65.030646643277692, -20.427296333817338 ], [ 65.119507778344868, -20.404115168147641 ], [ 65.177460692519105, -20.465931609933502 ], [ 65.200641858188803, -20.54320216216583 ], [ 65.231550079081742, -20.647517407679469 ], [ 65.289502993255979, -20.713197377076948 ], [ 65.301093576090835, -20.790467929309273 ], [ 65.25473124475144, -20.84842084348352 ], [ 65.200641858188803, -20.914100812880996 ], [ 65.181324220130733, -20.979780782278475 ], [ 65.173597164907491, -21.060914862122416 ], [ 65.177460692519105, -21.130458359131509 ], [ 65.25473124475144, -21.153639524801207 ], [ 65.304957103702449, -21.20386538375222 ], [ 65.316547686537305, -21.261818297926467 ], [ 65.266321827586282, -21.304317101654245 ], [ 65.266321827586282, -21.408632347167885 ], [ 65.339728852207003, -21.431813512837586 ], [ 65.39768176638124, -21.493629954623444 ], [ 65.316547686537305, -21.512947592681527 ], [ 65.301093576090835, -21.559309924020923 ], [ 65.208368913412045, -21.570900506855772 ], [ 65.173597164907491, -21.431813512837586 ], [ 65.104053667898398, -21.342952377770409 ], [ 64.999738422384766, -21.230910077033535 ], [ 64.957239618656985, -21.172957162859291 ], [ 64.876105538813036, -21.165230107636059 ], [ 64.852924373143338, -21.122731303908278 ], [ 64.876105538813036, -21.037733696452719 ], [ 64.825879679862027, -20.995234892724941 ], [ 64.833606735085255, -20.929554923327462 ], [ 64.887696121647892, -20.945009033773928 ], [ 64.949512563433743, -20.95273608899716 ], [ 64.941785508210515, -20.860011426318369 ], [ 64.887696121647892, -20.844557315871903 ], [ 64.802698514192329, -20.821376150202205 ], [ 64.690656213455455, -20.809785567367356 ], [ 64.567023329883739, -20.817512622590588 ], [ 64.493616305263018, -20.860011426318369 ], [ 64.393164587360999, -20.898646702434533 ], [ 64.323621090351907, -20.890919647211298 ], [ 64.37771047691453, -20.817512622590588 ], [ 64.366119894079688, -20.759559708416344 ], [ 64.277258759012511, -20.705470321853714 ], [ 64.180670568722107, -20.736378542746646 ], [ 64.080218850820074, -20.724787959911797 ], [ 64.033856519480679, -20.790467929309273 ], [ 63.925677746355426, -20.817512622590588 ], [ 63.933404801578654, -20.728651487523415 ], [ 63.832953083676628, -20.705470321853714 ], [ 63.793407571211119, -20.641180585291597 ], [ 63.728637838162989, -20.678425628572402 ], [ 63.716572646245226, -20.794850435223371 ], [ 63.775000169502384, -20.840693788260285 ], [ 63.682275506823594, -20.979780782278475 ], [ 63.682275506823594, -21.049324279287568 ], [ 63.744091948609459, -21.095686610626963 ], [ 63.693866089658442, -21.126594831519895 ], [ 63.624322592649349, -21.219319494198686 ], [ 63.496826181466012, -21.300453574042628 ], [ 63.400237991175601, -21.014552530783021 ] ] ] } },
{ "type": "Feature", "properties": { "id": 135, "name": null, "type": "desert", "continent": "Essos", "size": 1 }, "geometry": { "type": "Polygon", "coordinates": [ [ [ 62.927438799704042, -9.445460568273784 ], [ 62.834714137025244, -9.476368789166715 ], [ 62.747784765763882, -9.518867592894495 ], [ 62.674377741143168, -9.549775813787425 ], [ 62.622220118386345, -9.553639341399043 ], [ 62.577789550852756, -9.532389939535152 ], [ 62.512109581455285, -9.509208773865454 ], [ 62.434839029222957, -9.501481718642221 ], [ 62.415521391164873, -9.551707577593234 ], [ 62.40006728071841, -9.625114602213944 ], [ 62.440634320640378, -9.665681642135917 ], [ 62.485064888173966, -9.67340869735915 ], [ 62.539154274736596, -9.677272224970766 ], [ 62.550744857571445, -9.719771028698545 ], [ 62.52563192809594, -9.777723942872791 ], [ 62.483133124368159, -9.833745093241228 ], [ 62.430975501611336, -9.854994495105119 ], [ 62.413589627359066, -9.903288590250323 ], [ 62.369159059825478, -9.939992102560678 ], [ 62.388476697883554, -10.021126182404622 ], [ 62.442566084446185, -10.042375584268513 ], [ 62.458020194892654, -10.117714372695032 ], [ 62.446429612057806, -10.179530814480893 ], [ 62.475406069144924, -10.21430256298544 ], [ 62.533358983319168, -10.177599050675084 ], [ 62.568130731823722, -10.088737915607908 ], [ 62.583584842270184, -10.003740308152349 ], [ 62.628015409803773, -9.930333283531636 ], [ 62.670514213531554, -9.864653314134159 ], [ 62.707217725841907, -9.845335676076077 ], [ 62.685968323978017, -9.768065123843749 ], [ 62.674377741143168, -9.706248682057888 ], [ 62.678241268754782, -9.669545169747533 ], [ 62.734262419123219, -9.65215929549526 ], [ 62.790283569491656, -9.640568712660411 ], [ 62.86369059411237, -9.605796964155862 ], [ 62.911984689257572, -9.55557110520485 ], [ 62.904257634034344, -9.509208773865454 ], [ 62.948688201567933, -9.48699349009866 ], [ 62.927438799704042, -9.445460568273784 ] ] ] } },
{ "type": "Feature", "properties": { "id": 128, "name": null, "type": "swamp", "continent": "Essos", "size": 3 }, "geometry": { "type": "Polygon", "coordinates": [ [ [ 113.472168337939465, -5.896802493645838 ], [ 113.11922587299297, -5.855011623728786 ], [ 112.79204425924398, -5.888857997564888 ], [ 112.261784402478384, -6.012961368297263 ], [ 111.866910041057196, -6.159628988253704 ], [ 111.46075355502397, -6.31757873282218 ], [ 111.122289816662956, -6.791427966527608 ], [ 111.156136190499055, -7.152455954112696 ], [ 111.201264688947191, -7.502201817085751 ], [ 111.156136190499055, -7.7842549323866 ], [ 111.178700439723116, -8.088872296911518 ], [ 111.35921443351566, -8.404771786048469 ], [ 111.505882053472106, -8.562721530616946 ], [ 111.94588491334143, -8.901185268977965 ], [ 112.509991143943139, -9.115545636606612 ], [ 112.961276128424501, -9.092981387382544 ], [ 113.423843237517886, -9.036570764322374 ], [ 113.886410346611285, -8.878621019753897 ], [ 114.303848957256534, -8.844774645917795 ], [ 114.664876944841623, -8.788364022857627 ], [ 114.958212184754515, -8.506310907556776 ], [ 115.183854676995196, -8.269386290704063 ], [ 115.296675923115529, -8.055025923075416 ], [ 115.319240172339605, -7.72784430932643 ], [ 115.251547424667393, -7.502201817085751 ], [ 114.98909700087998, -7.254582686277867 ], [ 114.811544564798069, -6.983224084932186 ], [ 114.360259580316708, -6.59963184812303 ], [ 114.010513717343656, -6.20475748670184 ], [ 113.735982018450855, -6.030143103904315 ], [ 113.707306618395265, -6.156314864148896 ], [ 113.701571538384158, -6.248076144326772 ], [ 113.63275057825075, -6.282486624393475 ], [ 113.621280418228508, -6.397188224615822 ], [ 113.592605018172918, -6.425863624671408 ], [ 113.52378405803951, -6.408658384638056 ], [ 113.500843737995041, -6.345572504515766 ], [ 113.477903417950571, -6.240907294312875 ], [ 113.466433257928344, -6.137675854112764 ], [ 113.437757857872754, -6.074589973990474 ], [ 113.437757857872754, -5.994298853834832 ], [ 113.472168337939465, -5.896802493645838 ] ] ] } }
]
}
