{
"type": "FeatureCollection",
"name": "got_regions",
"features": [
{ "type": "Feature", "properties": { "id": 1, "name": "Barrowlands", "type": "region", "size": 2 }, "geometry": { "type": "MultiPolygon", "coordinates": [ [ [ [ 7.878738142533044, 20.507520523058748 ], [ 7.87971617153863, 20.610213568645218 ], [ 7.864067707449263, 20.696280121136738 ], [ 7.828858663248187, 20.768165253047265 ], [ 7.793649619047113, 20.840539399460585 ], [ 7.785825387002429, 20.923182850432553 ], [ 7.81125414114765, 20.989199808309571 ], [ 7.873358983002325, 21.092870882901625 ], [ 7.920304375270426, 21.165245029314946 ], [ 7.967249767538526, 21.233707059705928 ], [ 8.029843623895994, 21.319773612197444 ], [ 8.041579971963019, 21.393125787616352 ], [ 8.025931507873652, 21.475280224085527 ], [ 8.016640232320588, 21.577484255169203 ], [ 8.051849276521665, 21.737391997582421 ], [ 8.137915829013181, 21.866491826319695 ], [ 8.204910815895785, 21.937887943727432 ], [ 8.283153136342618, 21.982877277984361 ], [ 8.400516617012869, 22.043515076330657 ], [ 8.486094155001593, 22.148653194431091 ], [ 8.557001257906537, 22.244989051481255 ], [ 8.570204649481939, 22.344258995548177 ], [ 8.612259896722113, 22.415655112955911 ], [ 8.68756813015219, 22.479226998318964 ], [ 8.743315783470559, 22.568227637827238 ], [ 8.798085407783343, 22.630821494184705 ], [ 8.848942916073785, 22.695371408553342 ], [ 8.893932250330714, 22.789262193089545 ], [ 8.922784105995486, 22.895378340195563 ], [ 8.950168918151878, 22.991225182742934 ], [ 9.016674890531686, 23.094896257334987 ], [ 9.061664224788617, 23.182918867837678 ], [ 9.14186260324662, 23.251380898228657 ], [ 9.218148865682284, 23.321798986630807 ], [ 9.285445357799926, 23.40591960177786 ], [ 9.343825592900009, 23.52620704879816 ], [ 9.406419449257477, 23.594669079189142 ], [ 9.465101189592602, 23.657262935546608 ], [ 9.557035916117632, 23.735505255993441 ], [ 9.668531222754371, 23.788318822295054 ], [ 9.744817485190033, 23.817659692462616 ], [ 9.825015863648039, 23.82743998251847 ], [ 9.907170300117214, 23.856780852686033 ], [ 9.977955149396513, 23.908983150859168 ], [ 10.007296019564075, 23.873774106658093 ], [ 10.058153527854518, 23.895290744780972 ], [ 10.120747384211985, 23.926587672959705 ], [ 10.15791248642423, 23.983313355283659 ], [ 10.195077588636478, 24.024390573518247 ], [ 10.235981235477347, 24.056517768124177 ], [ 10.302660779250873, 24.047863269652296 ], [ 10.333771139979394, 24.007622815873155 ], [ 10.431141425048457, 24.005247138428999 ], [ 10.472837826222738, 24.028302689540588 ], [ 10.47674994224508, 24.067423849764005 ], [ 10.529563508546692, 24.086984429875713 ], [ 10.584333132859475, 24.098720777942738 ], [ 10.623454293082894, 24.075248081808688 ], [ 10.672355743362164, 24.071335965786346 ], [ 10.719301135630264, 24.067423849764005 ], [ 10.750598063808997, 24.098720777942738 ], [ 10.777982875965391, 24.135885880154984 ], [ 10.82492826823349, 24.114369242032105 ], [ 10.889478182602128, 24.077204139819859 ], [ 10.91490693674735, 24.112413184020934 ], [ 10.928599342825546, 24.135885880154984 ], [ 10.887522124590957, 24.176963098389574 ], [ 10.877741834535103, 24.210216084579478 ], [ 10.912950878736179, 24.239556954747041 ], [ 10.909038762713838, 24.268897824914603 ], [ 11.110290586179309, 24.503187638034081 ], [ 11.54671435717478, 24.736986086781656 ], [ 11.842859058921709, 24.861678592780361 ], [ 12.248109703417505, 24.97857781715415 ], [ 12.618690038615858, 24.996539400798721 ], [ 12.71380850336911, 24.901420936045469 ], [ 12.802585737138813, 24.885567858586594 ], [ 12.897704201892063, 24.904591551537244 ], [ 12.935751587793364, 24.948980168422096 ], [ 12.945263434268689, 25.021904324732922 ], [ 12.945263434268689, 25.113852173994399 ], [ 12.995993282137091, 25.199458792272324 ], [ 13.078429284923242, 25.243847409157176 ], [ 13.141841594758743, 25.27238294858315 ], [ 13.18305959615182, 25.319942180959778 ], [ 13.224277597544894, 25.383354490795277 ], [ 13.306713600331046, 25.402378183745927 ], [ 13.414514527051399, 25.411890030221254 ], [ 13.500121145329324, 25.456278647106103 ], [ 13.560362839673051, 25.529202803416929 ], [ 13.626945765000327, 25.627491883661957 ], [ 13.649821721915249, 25.677056456977621 ], [ 13.664993150901628, 25.70992788644811 ], [ 13.655481304426303, 25.754316503332959 ], [ 13.986529282414018, 25.720904137331853 ], [ 14.135189691263003, 25.701343557220145 ], [ 14.221256243754519, 25.66613451301907 ], [ 14.295586448179012, 25.599628540639259 ], [ 14.334707608402429, 25.529210452237109 ], [ 14.322971260335404, 25.423583319633885 ], [ 14.334707608402429, 25.267098678740215 ], [ 14.330795492380087, 25.181032126248699 ], [ 14.358180304536479, 25.110614037846549 ], [ 14.483368017251413, 24.997162673198638 ], [ 14.612467845988689, 24.929678671813246 ], [ 14.77677671892704, 24.827963655232359 ], [ 14.893622670799019, 24.710894430532601 ], [ 14.991943100155835, 24.628445738092935 ], [ 15.038888492423935, 24.55411553366844 ], [ 15.054536956513305, 24.471961097199266 ], [ 15.058449072535643, 24.381982428685408 ], [ 15.027152144356913, 24.33894915243965 ], [ 15.019327912312226, 24.233322019836422 ], [ 15.085833884692034, 24.162903931434272 ], [ 15.183636785250577, 24.112046423143831 ], [ 15.324472962054879, 24.088573727009781 ], [ 15.461397022836838, 24.057276798831047 ], [ 15.535727227261333, 23.990770826451236 ], [ 15.555287807373041, 23.838198301579911 ], [ 15.602233199641143, 23.71692270488732 ], [ 15.594408967596459, 23.576086528083017 ], [ 15.660914939976267, 23.490019975591501 ], [ 15.746981492467786, 23.435250351278718 ], [ 15.836960160981643, 23.360920146854223 ], [ 15.930850945517845, 23.30615052254144 ], [ 15.98953268585297, 23.231820318116949 ], [ 16.013005381987021, 23.151621939658945 ], [ 16.048214426188096, 23.049906923078058 ], [ 16.052126542210438, 22.98340095069825 ], [ 16.063862890277463, 22.873861702072684 ], [ 16.087335586411513, 22.799531497648189 ], [ 16.153841558791321, 22.72911340924604 ], [ 16.226360403638019, 22.701170726400079 ], [ 16.302501967640307, 22.643046856754523 ], [ 16.341623127863723, 22.572628768352374 ], [ 16.35727159195309, 22.513947028017245 ], [ 16.365095823997773, 22.455265287682121 ], [ 16.345535243886065, 22.388759315302313 ], [ 16.31032619968499, 22.298780646788455 ], [ 16.294677735595624, 22.212714094296935 ], [ 16.309255641733252, 22.120904059733412 ], [ 16.372920056042439, 22.01124011914634 ], [ 16.431601796377564, 21.956470494833557 ], [ 16.478547188645663, 21.90170087052077 ], [ 16.529404696936108, 21.839107014163304 ], [ 16.569870647042261, 21.767099628627097 ], [ 16.58943122715397, 21.704505772269627 ], [ 16.607647017382941, 21.635676981001538 ], [ 16.576350089204208, 21.557434660554701 ], [ 16.53331681295845, 21.537874080442993 ], [ 16.47072295660098, 21.537874080442993 ], [ 16.458986608533955, 21.48310445613021 ], [ 16.482992349153271, 21.424797207248794 ], [ 16.490283536712688, 21.368675062476715 ], [ 16.537228928980792, 21.325641786230957 ], [ 16.584174321248891, 21.360850830432032 ], [ 16.662416641695724, 21.337378134297982 ], [ 16.685889337829774, 21.243487349761782 ], [ 16.744571078164899, 21.157420797270262 ], [ 16.760219542254266, 21.114387521024504 ], [ 16.725010498053191, 21.063530012734063 ], [ 16.701537801919141, 20.969639228197863 ], [ 16.611559133405283, 20.946166532063813 ], [ 16.646768177606358, 20.899221139795713 ], [ 16.713274149986166, 20.87574844366166 ], [ 16.787604354410657, 20.836627283438244 ], [ 16.85802244281281, 20.738824382879702 ], [ 16.92844053121496, 20.656669946410528 ], [ 16.897143603036227, 20.582339741986033 ], [ 16.81890128258939, 20.500185305516858 ], [ 16.791516470432999, 20.421942985070025 ], [ 16.791516470432999, 20.343700664623192 ], [ 16.275231767338106, 20.601417732717621 ], [ 15.662922479443456, 20.777368677514936 ], [ 14.839472057792028, 20.974433735687924 ], [ 14.513233593475638, 21.016335923765258 ], [ 14.072325938475741, 21.072966264774422 ], [ 13.275708035905902, 21.174138058032877 ], [ 12.54155271873911, 21.127511057661589 ], [ 11.971471657595814, 21.007864415199414 ], [ 11.401390596452517, 20.803761319234532 ], [ 11.017917045072531, 20.546313820056568 ], [ 10.867370115077003, 20.53116722930584 ], [ 10.753725826644541, 20.561410461109595 ], [ 10.678057262107803, 20.473214315131596 ], [ 10.546697323312848, 20.442306094238663 ], [ 10.457836188245674, 20.484804897966445 ], [ 10.295384307388399, 20.513575791833631 ], [ 10.159888812798718, 20.476197724360617 ], [ 10.0010320260384, 20.34537448820506 ], [ 9.944964924828877, 20.279962870127282 ], [ 9.832830722409831, 20.251929319522521 ], [ 9.748730070595546, 20.289307386995535 ], [ 9.641268126610624, 20.279962870127282 ], [ 9.519870813905387, 20.263013271662395 ], [ 9.46118907357026, 20.208243647349608 ], [ 9.373166463067573, 20.159342197070337 ], [ 9.326221070799471, 20.174990661159704 ], [ 9.236242402285614, 20.167166429115021 ], [ 9.212769706151564, 20.122177094858092 ], [ 9.1364834437159, 20.073275644578821 ], [ 9.028900253101503, 20.055671122478284 ], [ 8.974130628788719, 20.104572572757554 ], [ 8.917404946464766, 20.149561907014483 ], [ 8.866848134255353, 20.135432695188825 ], [ 8.787419740875194, 20.079365593979301 ], [ 8.740697156533924, 20.112071403018184 ], [ 8.619106099761211, 20.098215384221248 ], [ 8.566292533459597, 20.068874514053686 ], [ 8.523259257213839, 20.027797295819099 ], [ 8.45903638658428, 20.010383062674073 ], [ 8.38633519643188, 20.061050282009003 ], [ 8.366774616320171, 20.111907790299444 ], [ 8.323166617107027, 20.15380115267784 ], [ 8.208333917415333, 20.156897124556377 ], [ 8.151992593833928, 20.135432695188822 ], [ 8.104662842823277, 20.115819906321786 ], [ 8.047937160499323, 20.131468370411152 ], [ 7.99512359419771, 20.162765298589889 ], [ 7.97911903177123, 20.196172054832473 ], [ 7.981431188119514, 20.262524257159601 ], [ 7.938397911873755, 20.30751359141653 ], [ 7.915557308675272, 20.357605806893716 ], [ 7.902210838667094, 20.46448724681299 ], [ 7.878738142533044, 20.507520523058748 ] ] ] ] } },
{ "type": "Feature", "properties": { "id": 2, "name": "The Rills", "type": "region", "size": 2 }, "geometry": { "type": "MultiPolygon", "coordinates": [ [ [ [ 8.016640232320588, 21.577484255169203 ], [ 8.025931507873652, 21.475280224085527 ], [ 8.041579971963019, 21.393125787616352 ], [ 8.029843623895994, 21.319773612197444 ], [ 7.967249767538526, 21.233707059705928 ], [ 7.920304375270426, 21.165245029314946 ], [ 7.873358983002325, 21.092870882901625 ], [ 7.81125414114765, 20.989199808309571 ], [ 7.785825387002429, 20.923182850432553 ], [ 7.793649619047113, 20.840539399460585 ], [ 7.828858663248187, 20.768165253047265 ], [ 7.864067707449263, 20.696280121136738 ], [ 7.87971617153863, 20.610213568645218 ], [ 7.878738142533044, 20.507520523058748 ], [ 7.812232170153235, 20.491872058969381 ], [ 7.696656013406365, 20.493475576370969 ], [ 7.677264167382447, 20.44101455067894 ], [ 7.681559372353337, 20.357605806893716 ], [ 7.632274833125518, 20.304090489896982 ], [ 7.530559816544633, 20.249320865584199 ], [ 7.381899407695649, 20.237584517517174 ], [ 7.251415957023028, 20.255417289538485 ], [ 7.171623171494783, 20.241496633539516 ], [ 7.122721721215512, 20.180858835193217 ], [ 7.069197878092075, 20.18533341302658 ], [ 6.973853461977304, 20.165079461363685 ], [ 6.957691248232477, 20.11982526287817 ], [ 6.883345065006269, 20.06810617889472 ], [ 6.817079988652475, 20.048711522400925 ], [ 6.697479606940751, 20.030933087281618 ], [ 6.636063194710405, 19.942040911685062 ], [ 6.497068156504886, 19.91133270556989 ], [ 6.432419301525576, 19.838602743718166 ], [ 6.382316438916609, 19.824056751347822 ], [ 6.340294683180058, 19.840218965092649 ], [ 6.282110713698677, 19.917797591067821 ], [ 6.199683423600056, 19.951738239931959 ], [ 6.017050408283503, 19.945273354434029 ], [ 5.971796209797986, 20.01477087353679 ], [ 5.907614446879681, 20.041438526215753 ], [ 5.753606324242811, 20.033357419343339 ], [ 5.688194706165033, 20.094096778986991 ], [ 5.674177930862653, 20.192214206103653 ], [ 5.611666907586033, 20.259590170142843 ], [ 5.599930559519008, 20.300667388377434 ], [ 5.625359313664229, 20.33783249058968 ], [ 5.644919893775938, 20.382821824846609 ], [ 5.568633631340274, 20.406294520980659 ], [ 5.545160935206225, 20.449327797226417 ], [ 5.51190794901632, 20.490405015461004 ], [ 5.410192932435436, 20.464976261315783 ], [ 5.310433973865722, 20.486492899438662 ], [ 5.30456579983221, 20.566691277896666 ], [ 5.32803849596626, 20.61363667016477 ], [ 5.267400697619964, 20.674274468511065 ], [ 5.187202319161959, 20.711439570723311 ], [ 5.057124461419098, 20.731000150835019 ], [ 4.99453060506163, 20.82880305139356 ], [ 4.926611596736561, 20.875353438528538 ], [ 4.823821911185767, 20.964126348776951 ], [ 4.795788360581006, 21.057571517459486 ], [ 4.794042904526827, 21.149186857400153 ], [ 4.831420971999843, 21.205253958609678 ], [ 4.882815814775239, 21.303371385726344 ], [ 4.892160331643493, 21.401488812843009 ], [ 4.864452747318769, 21.473324166074356 ], [ 4.75100138267086, 21.508533210275431 ], [ 4.616262200175421, 21.596355460132919 ], [ 4.496713841218649, 21.68849054730315 ], [ 4.492801725196307, 21.813678260018083 ], [ 4.54365923348675, 21.919305392621308 ], [ 4.563219813598458, 22.048405221358585 ], [ 4.449768448950549, 22.150120237939468 ], [ 4.394998824637765, 22.247923138498013 ], [ 4.312565401957169, 22.320555517422601 ], [ 4.331254435693677, 22.498101337919422 ], [ 4.394265783056493, 22.622101964847925 ], [ 4.382943302266722, 22.705133490639579 ], [ 4.359287986298439, 22.79712587770355 ], [ 4.379169142003465, 22.893841503802427 ], [ 4.315008417528095, 22.924034785908486 ], [ 4.437385330007502, 23.012163594167763 ], [ 4.701446209454526, 23.116299691169232 ], [ 4.798419491923493, 23.235900072880955 ], [ 4.908322545388321, 23.290851599613372 ], [ 5.024690484351081, 23.3070138133582 ], [ 5.111966438573151, 23.352268011843716 ], [ 5.146807623640476, 23.372810941715375 ], [ 5.273588576021428, 23.455706179810615 ], [ 5.361360004592859, 23.553229989334426 ], [ 5.441675598967636, 23.63995541650165 ], [ 5.575023708820185, 23.682142330354658 ], [ 5.716433232629708, 23.652885187497514 ], [ 5.8237094231059, 23.648008997021325 ], [ 5.903608565753281, 23.579998644105359 ], [ 5.954466074043723, 23.513492671725551 ], [ 5.974026654155431, 23.450898815368085 ], [ 6.013147814378849, 23.403953423099981 ], [ 6.060093206646949, 23.341359566742515 ], [ 6.114862830959733, 23.294414174474415 ], [ 6.197017267428908, 23.274853594362707 ], [ 6.275259587875742, 23.267029362318024 ], [ 6.38479883650131, 23.278765710385048 ], [ 6.463041156948144, 23.25920513027334 ], [ 6.556931941484344, 23.247468782206315 ], [ 6.646910609998203, 23.184874925848849 ], [ 6.705592350333329, 23.098808373357329 ], [ 6.717328698400354, 23.032302400977521 ], [ 6.725152930445037, 22.973620660642396 ], [ 6.752537742601429, 22.926675268374296 ], [ 6.803395250891871, 22.879729876106197 ], [ 7.06144924237408, 22.785887351006739 ], [ 7.310269914287332, 22.674347049804243 ], [ 7.490450400845205, 22.562806748601751 ], [ 7.564790831740123, 22.416633141961498 ], [ 7.704950980080768, 22.211025798655427 ], [ 7.805385967114137, 21.945223161269322 ], [ 7.854287417393409, 21.767221882252777 ], [ 8.016640232320588, 21.577484255169203 ] ] ] ] } },
{ "type": "Feature", "properties": { "id": 3, "name": "The Stone Shore", "type": "shore", "size": 2 }, "geometry": { "type": "MultiPolygon", "coordinates": [ [ [ [ 4.315008417528095, 22.924034785908486 ], [ 4.224428571209928, 22.852325740906601 ], [ 4.099881282522446, 22.807035817747519 ], [ 3.951181192977127, 22.705144230367591 ], [ 3.888528307780054, 22.62587612511118 ], [ 3.809270942251657, 22.539070439056271 ], [ 3.69887923753427, 22.53694292673902 ], [ 3.582072776681096, 22.550959702041407 ], [ 3.497972124866811, 22.434153241188227 ], [ 3.497972124866811, 22.359397106242199 ], [ 3.395182439316017, 22.298657746598547 ], [ 3.271243497220113, 22.294868530766113 ], [ 3.180258551346177, 22.29398548816442 ], [ 3.1148469332684, 22.336035814071565 ], [ 3.071725580080686, 22.404407779391679 ], [ 3.173440596661571, 22.467001635749146 ], [ 3.198947585082685, 22.593010027948544 ], [ 3.236325652555702, 22.714488747235848 ], [ 3.311081787501732, 22.80326165748426 ], [ 3.362476630277128, 22.887362309298545 ], [ 3.245670169423955, 22.915395859903306 ], [ 3.156897259175543, 22.999496511717595 ], [ 3.072796607361258, 23.050891354492986 ], [ 3.049435315190623, 23.125647489439022 ], [ 3.002712730849352, 23.223764916555687 ], [ 3.020471447230943, 23.335418254603496 ], [ 2.967633203545344, 23.448643062501208 ], [ 2.893548729502267, 23.541081262496515 ], [ 2.833086502717843, 23.634768268418142 ], [ 2.860471314874235, 23.713010588864975 ], [ 2.846826145160997, 23.807399993241752 ], [ 2.846826145160997, 23.896172903490164 ], [ 2.884204212634013, 23.942895487831436 ], [ 2.973922679522144, 23.979034478384211 ], [ 3.032604419857269, 23.986858710428894 ], [ 3.071725580080686, 24.061188914853389 ], [ 2.989571143611511, 24.069013146898072 ], [ 2.898220987936394, 24.111096791460007 ], [ 2.887856127030627, 24.241146251881105 ], [ 2.903504591119994, 24.29982799221623 ], [ 2.966098447477461, 24.366333964596041 ], [ 2.989571143611511, 24.464136865154583 ], [ 2.993483259633853, 24.518906489467366 ], [ 3.063901348036003, 24.542379185601416 ], [ 3.13650616807687, 24.615700702345716 ], [ 3.196913292795621, 24.659742666271669 ], [ 3.212561756884988, 24.745809218763185 ], [ 3.108472617472108, 24.807263298144925 ], [ 3.127161651208616, 24.910052983695714 ], [ 3.193001176773279, 24.981514209109271 ], [ 3.181264828706254, 25.075404993645474 ], [ 3.216473872907329, 25.134086733980599 ], [ 3.302540425398846, 25.126262501935916 ], [ 3.41216941569036, 25.311867209030634 ], [ 3.466849298337198, 25.36490157929876 ], [ 3.545091618784032, 25.38837427543281 ], [ 3.607685475141499, 25.431407551678568 ], [ 3.635070287297891, 25.544858916326476 ], [ 3.58812489502979, 25.58006796052755 ], [ 3.49423411049359, 25.6035406566616 ], [ 3.468236516899884, 25.662286591590156 ], [ 3.510286842807027, 25.713681434365554 ], [ 3.465822358295266, 25.777299944930782 ], [ 3.450725717242238, 25.849008989932663 ], [ 3.582821326456234, 25.939588836250831 ], [ 3.58659548671949, 26.003749560726202 ], [ 3.703594454880458, 26.041491163358771 ], [ 3.752658538302799, 26.090555246781111 ], [ 3.752658538302799, 26.154715971256483 ], [ 3.72623941646, 26.203780054678823 ], [ 3.748884378039542, 26.24529581757465 ], [ 3.975333993834962, 26.256618298364423 ], [ 4.01684975673079, 26.328327343366304 ], [ 4.216880250683412, 26.422681349947727 ], [ 4.231976891736439, 26.366068945998876 ], [ 4.394265783056491, 26.343423984419331 ], [ 4.477297308848144, 26.241521657311392 ], [ 4.514124434317633, 26.193035881895433 ], [ 4.221461573295228, 25.947625888938934 ], [ 4.101341248923313, 25.707385240195105 ], [ 4.075601179415045, 25.41566445243474 ], [ 4.084181202584467, 24.960923224455346 ], [ 4.0584411330762, 24.480441926967686 ], [ 4.015541017229087, 24.077180838004825 ], [ 3.929740785534862, 23.648179679533701 ], [ 3.946900831873708, 23.37361893811218 ], [ 4.0584411330762, 23.202018474723729 ], [ 4.255781665972918, 23.081898150351815 ], [ 4.315008417528095, 22.924034785908486 ] ] ] ] } },
{ "type": "Feature", "properties": { "id": 4, "name": "The Frozen Shore", "type": "shore", "size": 2 }, "geometry": { "type": "MultiPolygon", "coordinates": [ [ [ [ 10.463581737892493, 35.836730965943815 ], [ 10.514976580667891, 35.766647089431906 ], [ 10.500959805365508, 35.710579988222385 ], [ 10.374808827644081, 35.65918514544699 ], [ 10.379481086078208, 35.584429010500955 ], [ 10.402842378248842, 35.547050943027941 ], [ 10.356119793907574, 35.481639324950166 ], [ 10.249029566150902, 35.390805865076139 ], [ 10.089886687713731, 35.339318463228821 ], [ 10.024357267180777, 35.343999136124033 ], [ 10.000953902704723, 35.423570575342616 ], [ 9.865214388743606, 35.358041154809662 ], [ 9.720113528992067, 35.320595771647973 ], [ 9.640542089773481, 35.24102433242939 ], [ 9.686135744854946, 35.157661504974207 ], [ 9.727212963089533, 35.098979764639083 ], [ 9.735037195134217, 35.046166198337467 ], [ 9.670487280765579, 34.999220806069367 ], [ 9.607893424408111, 34.962055703857118 ], [ 9.600069192363428, 34.901417905510826 ], [ 9.537475336005961, 34.844692223186868 ], [ 9.446134289861632, 34.790366520426915 ], [ 9.46705724760381, 34.739065090583644 ], [ 9.469013305614981, 34.662778828147978 ], [ 9.433804261413906, 34.602141029801686 ], [ 9.367298289034098, 34.602141029801686 ], [ 9.291949761535442, 34.603476183061836 ], [ 9.22186588502354, 34.510031014379294 ], [ 9.124747095648912, 34.494557839187287 ], [ 9.054329007246762, 34.51607447731017 ], [ 9.069977471336129, 34.586492565712319 ], [ 9.05237294923559, 34.680383350248519 ], [ 9.007383614978661, 34.621701609913394 ], [ 8.929141294531828, 34.56301986957827 ], [ 8.927513603673543, 34.458636171603899 ], [ 8.845042978690989, 34.364689470584324 ], [ 8.795109024139503, 34.321198606942708 ], [ 8.716181160493607, 34.282540061483495 ], [ 8.646917933212514, 34.2970370160307 ], [ 8.651750251394915, 34.25032460693415 ], [ 8.690408796854129, 34.20522297056506 ], [ 8.65497179684985, 34.132738197829035 ], [ 8.635642524120241, 34.10052274327969 ], [ 8.558405187377513, 34.070838721571356 ], [ 8.488321310865604, 34.038132912532468 ], [ 8.403691251364954, 34.023205652361263 ], [ 8.381140433180411, 34.098911970552223 ], [ 8.397248160455085, 34.152067470558642 ], [ 8.373086569543075, 34.196363720563994 ], [ 8.300601796807047, 34.145624379648773 ], [ 8.273218660440104, 34.069918061457813 ], [ 8.237781660435823, 34.064280356911674 ], [ 8.161263220476719, 34.019443878795961 ], [ 8.121806024058179, 33.974077084173508 ], [ 8.150799933152589, 33.922532356894557 ], [ 8.112141387693375, 33.887095356890278 ], [ 8.034824296774945, 33.838772175066254 ], [ 7.93173484221704, 33.848436811431057 ], [ 7.928513296762104, 33.945083175079098 ], [ 7.918848660397301, 34.022400265997526 ], [ 7.983279569495992, 34.093274266006084 ], [ 7.983279569495992, 34.167369811469584 ], [ 8.04448893313975, 34.173812902379453 ], [ 8.079925933144029, 34.254351538752815 ], [ 8.108919842238441, 34.289788538757094 ], [ 8.105698296783507, 34.334890175126176 ], [ 8.038045842229881, 34.331668629671242 ], [ 7.973614933131189, 34.341333266036045 ], [ 7.893076296757824, 34.357440993310725 ], [ 7.789986842199919, 34.396904925133668 ], [ 7.680454296732143, 34.44844965241262 ], [ 7.651460387637732, 34.545096016060661 ], [ 7.561257114899564, 34.570868379700137 ], [ 7.467832296706462, 34.574089925155072 ], [ 7.393736751242967, 34.606305379704416 ], [ 7.396958296697902, 34.677179379712975 ], [ 7.390515205788033, 34.722281016082064 ], [ 7.419509114882444, 34.757718016086343 ], [ 7.429173751247247, 34.822148925185033 ], [ 7.374407478513359, 34.902687561558395 ], [ 7.300311933049865, 34.912352197923198 ], [ 7.163010688301017, 34.936481922248689 ], [ 7.015607853470023, 34.973964254748822 ], [ 6.998025842505022, 34.986436227289609 ], [ 7.002721671650285, 35.012622800208035 ], [ 7.05265562620177, 35.032757459301379 ], [ 7.113059603481793, 35.056113663849658 ], [ 7.121918853482863, 35.093161436581404 ], [ 7.110643444390592, 35.111685322947274 ], [ 7.091314171660985, 35.130209209313151 ], [ 7.047017921655635, 35.140679232041684 ], [ 6.994667808012948, 35.151954641133962 ], [ 6.923793808004388, 35.180948550228372 ], [ 6.840033626176089, 35.21235861841398 ], [ 6.735736092072583, 35.225647493415579 ], [ 6.626203546604807, 35.259473720692391 ], [ 6.617344296603737, 35.291689175241736 ], [ 6.589961160236793, 35.326320788882285 ], [ 6.578685751144523, 35.384308607071105 ], [ 6.469905667322757, 35.40710463373167 ], [ 6.329737914298947, 35.346365274088022 ], [ 6.198914678143395, 35.416449150599924 ], [ 6.113655063232044, 35.442293266923457 ], [ 6.024722278223036, 35.456335285609093 ], [ 6.001318913746982, 35.643562201417531 ], [ 5.832814689519388, 35.760579023797803 ], [ 5.809411325043333, 35.868234500387651 ], [ 5.818688526222916, 36.03693225722018 ], [ 5.771965941881646, 36.144394201205102 ], [ 5.4487003904979, 36.10118246763529 ], [ 5.380389732742193, 36.041370373110269 ], [ 5.174810361640605, 36.060059406846783 ], [ 4.945869698368385, 36.008664564071381 ], [ 4.787012911608068, 35.933908429125353 ], [ 4.618811607979497, 35.95259746286186 ], [ 4.609467091111243, 35.96661423816424 ], [ 4.553399989901721, 35.915219395388846 ], [ 4.455282562785051, 35.93858068755948 ], [ 4.357165135668389, 36.013336822505508 ], [ 4.329131585063625, 36.07874844058329 ], [ 4.268392225419975, 36.260966519514241 ], [ 4.287081259156482, 36.4618736321817 ], [ 4.240358674815212, 36.550646542430115 ], [ 4.132896730830293, 36.667453003283285 ], [ 3.912076711625041, 36.839433567287472 ], [ 3.767236700167105, 36.844105825721599 ], [ 3.496245710987741, 36.750660657039063 ], [ 3.440178609778218, 36.788038724512077 ], [ 3.379439250134567, 36.876811634760486 ], [ 3.416817317607583, 37.016979387784296 ], [ 3.393456025436948, 37.157147140808107 ], [ 3.416817317607583, 37.227231017320008 ], [ 3.566329587499646, 37.358054253475565 ], [ 3.58969087967028, 37.470188455894615 ], [ 3.617724430275043, 37.572978141445404 ], [ 3.556985070631391, 37.652406534825566 ], [ 3.552312812197265, 37.797246546283503 ], [ 3.491573452553614, 37.942086557741433 ], [ 3.538296036894883, 38.044876243292229 ], [ 3.608379913406789, 38.110287861370011 ], [ 3.734530891128216, 38.180371737881913 ], [ 4.633877382185837, 38.33507358147687 ], [ 5.408061539294017, 38.370263770436338 ], [ 6.358196641199511, 38.18727478784713 ], [ 7.34000291316852, 37.828334860460608 ], [ 8.20920058046725, 37.455318857490305 ], [ 8.92708043524029, 37.033036589976753 ], [ 9.715340667932255, 36.477031604417242 ], [ 10.463581737892493, 35.836730965943815 ] ] ] ] } },
{ "type": "Feature", "properties": { "id": 5, "name": "The Land of Always Winter", "type": "region", "size": 4 }, "geometry": { "type": "MultiPolygon", "coordinates": [ [ [ [ 19.595683895760427, 46.798380530738363 ], [ 19.549671976827725, 46.865864678506327 ], [ 19.343618162314375, 47.018052032719403 ], [ 18.579992059979801, 47.303901375839295 ], [ 17.816365957645228, 47.418241113087255 ], [ 17.24466727140544, 47.401906864908973 ], [ 16.695428176410786, 47.329423638617861 ], [ 16.30136443910979, 47.2222301349479 ], [ 15.931563485171484, 47.083779311076157 ], [ 15.54472974251139, 47.113535752819239 ], [ 15.326515836395439, 46.944915916275093 ], [ 15.128139558108211, 47.054022869333068 ], [ 14.959519721564067, 46.944915916275093 ], [ 14.979357349392791, 46.766377265816587 ], [ 14.741305815448117, 46.657270312758612 ], [ 14.661955304133226, 46.488650476214474 ], [ 14.404066142359829, 46.379543523156492 ], [ 14.156095794500795, 46.597757429272448 ], [ 13.997394771871011, 46.458894034471385 ], [ 13.878369004898675, 46.439056406642663 ], [ 13.799018493583784, 46.290274197927239 ], [ 13.441941192666773, 46.33986826749905 ], [ 13.441941192666773, 46.181167244869265 ], [ 13.432022378752412, 46.042303850068208 ], [ 13.228231325605751, 45.906846724938887 ], [ 13.025351008263595, 45.893521641352784 ], [ 12.801238537018259, 45.985919463566205 ], [ 12.70794896300403, 45.774495874380449 ], [ 12.57192759499905, 45.661721235194221 ], [ 12.36079047600138, 45.605876037836303 ], [ 12.192378449587945, 45.701257604507873 ], [ 11.854930966368951, 45.553802264785908 ], [ 11.676392315910444, 45.454614125642294 ], [ 11.557366548938107, 45.563721078700269 ], [ 11.547447735023747, 45.772016170901864 ], [ 11.269720945421627, 45.742259729158775 ], [ 11.160613992363652, 45.662909217843882 ], [ 11.041588225391315, 45.821610240473667 ], [ 10.922562458418978, 45.772016170901864 ], [ 10.744023807960474, 45.831529054388028 ], [ 10.119138531355706, 45.444695311727934 ], [ 10.109219717441343, 45.147130894297092 ], [ 9.891005811325392, 45.196724963868903 ], [ 9.891005811325392, 44.948754616009865 ], [ 9.801736486096141, 44.809891221208808 ], [ 9.871168183496671, 44.532164431606688 ], [ 10.109219717441343, 44.353625781148182 ], [ 8.904206812416644, 43.94790872051118 ], [ 7.609207858708417, 43.314485319240852 ], [ 6.444412604150198, 42.608922030603622 ], [ 5.019959359206886, 41.495778475670548 ], [ 4.967145792905273, 41.572064738106207 ], [ 4.94872807975038, 41.70203738703389 ], [ 4.818485384056289, 41.712900914910513 ], [ 4.648308337084424, 41.767670539223296 ], [ 4.527032740391832, 41.845912859670129 ], [ 4.480087348123733, 41.80874775745788 ], [ 4.350987519386456, 41.795055351379688 ], [ 4.204283168548643, 41.793099293368513 ], [ 4.147082278006924, 41.740826700021479 ], [ 4.241448270760889, 41.613141956340797 ], [ 4.239492212749719, 41.474261837547665 ], [ 4.1212227360152, 41.469301509108377 ], [ 3.98911678731985, 41.542723867938648 ], [ 3.888486858089681, 41.533950364087687 ], [ 3.785686754158082, 41.480130011581181 ], [ 3.727005013822956, 41.413624039201373 ], [ 3.691795969621881, 41.300172674553458 ], [ 3.616961667176575, 41.236565631182856 ], [ 3.535311328728213, 41.221930354106625 ], [ 3.455112950270208, 41.292348442508775 ], [ 3.378826687834545, 41.281101108944547 ], [ 3.27515561324249, 41.282568152452924 ], [ 3.216473872907365, 41.322178327179131 ], [ 3.138560140329674, 41.430512196120787 ], [ 2.995439317645059, 41.455190271938754 ], [ 2.867034949416568, 41.521020593091819 ], [ 2.703986673980602, 41.498223548184512 ], [ 2.53576568501991, 41.504091722218021 ], [ 2.498600582807664, 41.543212882441438 ], [ 2.505001361532427, 41.572739677075269 ], [ 2.557282323142789, 41.660576363111687 ], [ 2.686018155474498, 41.740826700021479 ], [ 2.776360820393924, 41.760335321681403 ], [ 2.934801519298763, 41.768159553726086 ], [ 2.971966621511009, 41.865962454284627 ], [ 2.934801519298763, 41.991150166999567 ], [ 2.829174386695537, 42.002886515066592 ], [ 2.69811849994709, 41.975501702910194 ], [ 2.524029336952884, 41.977457760921368 ], [ 2.471215770651272, 41.940292658709119 ], [ 2.391017392193267, 41.94420477473146 ], [ 2.326467477824629, 41.977457760921368 ], [ 2.259335712611046, 42.03821143292631 ], [ 2.091248689664837, 42.14164960089321 ], [ 1.96068462973568, 42.170129475021696 ], [ 1.780934185764145, 42.154579371889071 ], [ 1.634022941870149, 42.150568894909988 ], [ 1.470619681863452, 42.154579371889071 ], [ 1.338658182183351, 42.170129475021696 ], [ 1.29171278991525, 42.201426403200429 ], [ 1.254547687703004, 42.248371795468529 ], [ 1.258459803725346, 42.318789883870679 ], [ 1.299537021959934, 42.36964739216112 ], [ 1.317078651287584, 42.428528894863874 ], [ 1.266284035770029, 42.461582118686152 ], [ 1.252429796308273, 42.486712864345257 ], [ 1.246723455658321, 42.533956265099476 ], [ 1.276064325825883, 42.567209251289377 ], [ 1.33670212417218, 42.567209251289377 ], [ 1.385603574451451, 42.543736555155327 ], [ 1.450153488820089, 42.569165309300551 ], [ 1.469714068931797, 42.614154643557477 ], [ 1.454065604842431, 42.655231861792068 ], [ 1.502967055121702, 42.680660615937285 ], [ 1.556279414711034, 42.680659429283189 ], [ 1.59098966562439, 42.713913602127192 ], [ 1.600769955680244, 42.782375632518175 ], [ 1.632066883858978, 42.831277082797442 ], [ 1.714221320328153, 42.882134591087883 ], [ 1.812024220886696, 42.889958823132567 ], [ 1.931242773591038, 42.932789963702504 ], [ 2.09760869051764, 42.909030388741485 ], [ 2.175851010964474, 42.865997112495727 ], [ 2.258005447433649, 42.858172880451043 ], [ 2.324511419813458, 42.924678852830851 ], [ 2.449699132528392, 42.936415200897876 ], [ 2.547502033086935, 43.006833289300026 ], [ 2.719958804338631, 43.075017444656986 ], [ 2.821350154650853, 43.108548305880909 ], [ 2.888045827284839, 43.159060956130091 ], [ 2.868651170791046, 43.236639582105262 ], [ 2.881580941786908, 43.327147979076301 ], [ 2.888045827284839, 43.430586147043194 ], [ 2.852647082829587, 43.472375095958689 ], [ 2.810467201309666, 43.482305231026643 ], [ 2.791072544815873, 43.391796834055611 ], [ 2.804002315811735, 43.314218208080433 ], [ 2.797877458516803, 43.253296598707557 ], [ 2.765213002824149, 43.230174696607335 ], [ 2.668239720355182, 43.210780040113541 ], [ 2.584196208882078, 43.288358666088712 ], [ 2.506617582906905, 43.275428895092851 ], [ 2.500152697408974, 43.191385383619746 ], [ 2.454898498923456, 43.113806757644575 ], [ 2.385400979820697, 43.117847311080787 ], [ 2.332065674462765, 43.184920498121812 ], [ 2.246405941615178, 43.176031280562164 ], [ 2.170443537014488, 43.236639582105262 ], [ 2.139735330899315, 43.28593433402699 ], [ 2.172059758388971, 43.308561433269752 ], [ 2.249638384364144, 43.353815631755268 ], [ 2.217313956874488, 43.424929372232512 ], [ 2.235092391993799, 43.469375460030783 ], [ 2.275497926355868, 43.499275555458716 ], [ 2.383784758446214, 43.546954086005954 ], [ 2.416109185935869, 43.650392253972853 ], [ 2.500152697408974, 43.689181566960443 ], [ 2.461363384421387, 43.805549505923196 ], [ 2.485606705038629, 43.893633570832513 ], [ 2.429038956931732, 43.934847215881824 ], [ 2.338530559960696, 43.889593017396301 ], [ 2.215697735500006, 43.896057902894235 ], [ 2.034680941557935, 43.986566299865267 ], [ 1.911848117097244, 43.98010141436734 ], [ 1.698506895665518, 43.915452559388029 ], [ 1.575674071204828, 44.005960956359061 ], [ 1.388192391764826, 44.005960956359061 ], [ 1.220105368818618, 43.915452559388029 ], [ 1.129596971847582, 43.896057902894235 ], [ 1.000299261888961, 43.960706757873545 ], [ 1.05848323137034, 44.051215154844577 ], [ 1.000299261888961, 44.167583093807337 ], [ 1.052018345872408, 44.37122698699217 ], [ 0.909790864917925, 44.59426553667079 ], [ 0.774028269461372, 44.717098361131484 ], [ 0.664125215996544, 44.763160670304238 ], [ 0.56876815490206, 44.769625555802172 ], [ 0.478801924425929, 44.798310440881522 ], [ 0.457248880062749, 44.805182426040794 ], [ 0.437854223568956, 44.820536529098383 ], [ 0.439470444943438, 44.85851773139872 ], [ 0.440878235776365, 44.859221626815184 ], [ 0.458865101437232, 44.868215059645621 ], [ 0.507351742671715, 44.863366395522171 ], [ 0.50573552129723, 44.906196261945979 ], [ 0.47664353655654, 44.959531567303912 ], [ 0.449167773190333, 44.998320880291502 ], [ 0.411994681577229, 45.022564200908739 ], [ 0.410800525996578, 45.022066636083466 ], [ 0.373205368589642, 45.006401987163912 ], [ 0.336032276976539, 44.988623552044601 ], [ 0.327951170104125, 44.96761267417633 ], [ 0.348962047972401, 44.933672025312191 ], [ 0.344113383848953, 44.907812483320463 ], [ 0.289161857116538, 44.906196261945979 ], [ 0.251988765503435, 44.943369353559085 ], [ 0.245523880005503, 44.987815441357355 ], [ 0.271383421997228, 45.066202178019779 ], [ 0.245523880005503, 45.117113151315976 ], [ 0.10976128454895, 45.136507807809771 ], [ 0.064507086063433, 45.207621548287015 ], [ 0.142085712038607, 45.320757044500809 ], [ 0.258453651001367, 45.34661658649253 ], [ 0.342497162474471, 45.391870784978046 ], [ 0.374821589964126, 45.495308952944946 ], [ 0.303707849486885, 45.611676891907706 ], [ 0.316637620482747, 45.708650174376672 ], [ 0.39421624645792, 45.715115059874599 ], [ 0.484724643428955, 45.689255517882877 ], [ 0.57523304039999, 45.669860861389083 ], [ 0.659276551873094, 45.753904372862188 ], [ 0.672206322868956, 45.831482998837359 ], [ 0.756249834342061, 45.857342540829087 ], [ 0.820898689321371, 45.812088342343571 ], [ 0.821193097033738, 45.812088342343571 ], [ 1.001915483263442, 45.812088342343571 ], [ 1.221721590193099, 45.844412769833227 ], [ 1.331624643657927, 45.896131853816669 ], [ 1.428597926126893, 45.760369258360122 ], [ 1.422133040628962, 45.669860861389083 ], [ 1.370413956645514, 45.559957807924256 ], [ 1.486781895608273, 45.540563151430462 ], [ 1.570825407081377, 45.46298452545529 ], [ 1.687193346044137, 45.527633380434601 ], [ 1.725982659031723, 45.631071548401501 ], [ 1.816491056002759, 45.773299029355982 ], [ 1.725982659031723, 45.921991395808398 ], [ 1.596684949073102, 46.01249979277943 ], [ 1.544965865089653, 46.148262388235985 ], [ 1.758307086521379, 46.329279182178055 ], [ 1.932858994965518, 46.445647121140816 ], [ 1.894069681977931, 46.600804373091158 ], [ 1.803561285006896, 46.794750938029097 ], [ 1.713052888035861, 46.917583762489784 ], [ 1.674263575048275, 47.085670785435994 ], [ 1.738912430027586, 47.202038724398754 ], [ 1.835885712496552, 47.240828037386336 ], [ 1.784166628513103, 47.324871548859441 ], [ 1.680728460546206, 47.331336434357375 ], [ 1.616079605566895, 47.41537994583048 ], [ 1.52557120859586, 47.486493686307718 ], [ 1.422133040628962, 47.395985289336686 ], [ 1.325159758159996, 47.357195976349097 ], [ 1.318694872662065, 47.253757808382197 ], [ 1.247581132184823, 47.221433380892542 ], [ 1.096329073316705, 47.238719330477473 ], [ 1.021310139757235, 47.24729292288427 ], [ 0.98898571226758, 47.13092498392151 ], [ 0.904942200794475, 47.02748681595461 ], [ 0.788574261831716, 47.01455704495875 ], [ 0.659276551873094, 47.13092498392151 ], [ 0.348962047972402, 47.227898266390476 ], [ 0.051577315067572, 47.221433380892542 ], [ -0.032466196405531, 47.292547121369772 ], [ 0.019252887577917, 47.389520403838752 ], [ 0.200269681519987, 47.480028800809791 ], [ 0.439470444943437, 47.480028800809791 ], [ 0.452400215939299, 47.673975365747722 ], [ 0.361891818968264, 47.706299793237378 ], [ 0.129155941042745, 47.725694449731172 ], [ -0.116509707878636, 47.654580709253928 ], [ -0.413894440783465, 47.848527274191845 ], [ -0.698349402692433, 47.8808517016815 ], [ -0.85997154014071, 47.777413533714601 ], [ -0.97633947910347, 47.745089106224945 ], [ -1.144426502049679, 47.74508910622496 ], [ -1.222005128024852, 47.777413533714615 ], [ -1.196145586033127, 47.926105900167016 ], [ -1.196145586033127, 48.03600895363185 ], [ -1.183215815037264, 48.126517350602882 ], [ -1.105637189062092, 48.236420404067708 ], [ -1.066847876074505, 48.333393686536674 ], [ -1.112102074560023, 48.417437198009779 ], [ -1.144426502049678, 48.533805136972539 ], [ -1.079777647070367, 48.585524220955989 ], [ -1.040988334082781, 48.721286816412544 ], [ 21.877030756082917, 48.734216587408412 ], [ 21.786522359111881, 48.469156281993236 ], [ 21.618435336165671, 48.378647885022204 ], [ 21.59257579417395, 48.249350175063583 ], [ 21.730636192664591, 48.26591742288246 ], [ 21.754197931622226, 48.268744831557377 ], [ 21.805917015605672, 48.165306663590478 ], [ 21.689549076642916, 48.029544068133923 ], [ 21.683084191144982, 47.835597503195991 ], [ 21.611970450667741, 47.680440251245642 ], [ 21.506330852141787, 47.548390753088199 ], [ 21.48267274070912, 47.518818113797366 ], [ 21.398629229236015, 47.4218448313284 ], [ 21.321050603260844, 47.247292922884263 ], [ 21.266070506357838, 47.093146934060222 ], [ 21.238036955753078, 46.924945630431651 ], [ 21.157337748439978, 46.82451957985262 ], [ 21.096489000802237, 46.82451957985262 ], [ 21.040320926059707, 46.88068765459515 ], [ 20.927984776574643, 46.932175056442468 ], [ 20.764161225242262, 46.941536402232892 ], [ 20.745438533661417, 46.82451957985262 ], [ 20.717354496290152, 46.6887800658915 ], [ 20.590976328119456, 46.637292664044182 ], [ 20.380346047834966, 46.660696028520235 ], [ 20.19779980492174, 46.553040551930387 ], [ 20.249287206769058, 46.464107766921373 ], [ 20.165035094655263, 46.356452290331525 ], [ 20.052698945170199, 46.276880851112942 ], [ 19.976354419691177, 46.284024983692532 ], [ 19.924635335707727, 46.419787579149087 ], [ 19.856984477503797, 46.446847922430656 ], [ 19.763013198259451, 46.484436434128398 ], [ 19.64018037379876, 46.562015060103569 ], [ 19.64664525929669, 46.723637197551845 ], [ 19.595683895760427, 46.798380530738363 ] ] ] ] } },
{ "type": "Feature", "properties": { "id": 8, "name": "The Grey Cliffs", "type": "shore", "size": 2 }, "geometry": { "type": "MultiPolygon", "coordinates": [ [ [ [ 24.372125037797101, 29.049382652859542 ], [ 24.414722473661836, 29.448231237126553 ], [ 24.569559305083473, 29.849399391264427 ], [ 24.72439613650511, 30.243529507610411 ], [ 24.738472212088894, 30.693963926291534 ], [ 24.675129871961861, 31.031789740302376 ], [ 24.611787531834828, 31.334425365353756 ], [ 24.611787531834828, 31.700403330532168 ], [ 24.689205947545648, 31.953772691040299 ], [ 24.824072905402094, 32.104032700023907 ], [ 24.945551624689394, 32.05731011568264 ], [ 25.001618725898915, 31.973209463868358 ], [ 25.020307759635426, 31.856403003015181 ], [ 25.160475512659236, 31.753613317464389 ], [ 25.19785358013225, 31.627462339742962 ], [ 25.174492287961616, 31.505983620455659 ], [ 25.127769703620348, 31.445244260812011 ], [ 25.155803254225106, 31.333110058392961 ], [ 25.309987782551296, 31.211631339105661 ], [ 25.342693591590187, 31.146219721027883 ], [ 25.342693591590187, 31.076135844515978 ], [ 25.286626490380662, 31.010724226438203 ], [ 25.342693591590187, 30.954657125228678 ], [ 25.422121984970346, 30.847195181243759 ], [ 25.422121984970346, 30.608910001103283 ], [ 25.295971007248919, 30.538826124591377 ], [ 25.394088434365585, 30.295868686016778 ], [ 25.263265198210028, 30.071600281178682 ], [ 25.19785358013225, 29.856676393208843 ], [ 25.113752928317968, 29.781920258262808 ], [ 25.001618725898922, 29.590357662463603 ], [ 25.006290984333045, 29.473551201610434 ], [ 24.940879366255267, 29.398795066664398 ], [ 24.856778714440985, 29.281988605811225 ], [ 24.787592463933656, 29.147459785380317 ], [ 24.793703225580263, 29.090426010012017 ], [ 24.82640903461915, 28.894191155778689 ], [ 24.93455331961929, 28.84417233381631 ], [ 24.869950071031607, 28.669363543520227 ], [ 24.797746440257136, 28.566758383998611 ], [ 24.793946249163742, 28.418550931356279 ], [ 24.8167473957241, 28.304545198554482 ], [ 24.892751217591965, 28.209540421219653 ], [ 24.892751217591965, 28.133536599351793 ], [ 24.896551408685358, 28.042332013110357 ], [ 24.873750262125, 27.992929528896244 ], [ 24.892751217591965, 27.894124560468022 ], [ 24.839548542284462, 27.799119783133193 ], [ 24.793946249163742, 27.897924751561415 ], [ 24.81294720463071, 27.951127426868918 ], [ 24.748343956043026, 27.985329146709457 ], [ 24.751652899673118, 28.109251738845359 ], [ 24.69514128073552, 28.15633774591215 ], [ 24.641938605428017, 28.209540421219653 ], [ 24.554534210279975, 28.251342523246979 ], [ 24.516532299346043, 28.289344434180911 ], [ 24.543133636999794, 28.338746918395021 ], [ 24.58493573902712, 28.43375169572985 ], [ 24.466645135191374, 28.515738222614402 ], [ 24.516532299346043, 28.593359721652362 ], [ 24.489930961692291, 28.680764116800407 ], [ 24.334123126863172, 28.794769849602201 ], [ 24.315122171396204, 28.855572907096491 ], [ 24.375925228890495, 28.912575773497387 ], [ 24.391125993264069, 28.984779404271858 ], [ 24.372125037797101, 29.049382652859542 ] ] ] ] } },
{ "type": "Feature", "properties": { "id": 9, "name": "The Neck", "type": "region", "size": 2 }, "geometry": { "type": "MultiPolygon", "coordinates": [ [ [ [ 15.623566460298816, 16.207855017076394 ], [ 15.525045914462735, 16.132386487431258 ], [ 14.957750042483758, 15.773449284481586 ], [ 14.432476086947664, 15.577347007748111 ], [ 14.040271533480716, 15.3952520364956 ], [ 13.795143687563872, 15.241171676205013 ], [ 13.564023147127992, 15.073084010433464 ], [ 13.304887995730187, 14.982036524807206 ], [ 12.968712664187088, 14.904996344661914 ], [ 12.681562901827357, 14.848967122738063 ], [ 12.429431403170033, 14.855970775478545 ], [ 12.205314515474633, 14.869978080959507 ], [ 11.869139183931535, 14.911999997402395 ], [ 11.504949241426511, 14.862974428219026 ], [ 11.083727661327519, 14.697240535765198 ], [ 11.043677689274109, 14.748685653308421 ], [ 10.967821832979029, 14.770647560385909 ], [ 10.890551280746703, 14.774511087997524 ], [ 10.809417200902759, 14.809282836502073 ], [ 10.894414808358318, 14.905871026792481 ], [ 10.85990256946833, 14.985610836067167 ], [ 10.790099562844679, 15.037230965587435 ], [ 10.697374900165887, 15.048821548422284 ], [ 10.654876096438107, 15.19756736146951 ], [ 10.457836188245675, 15.328927300264464 ], [ 10.442382077799209, 15.402334324885175 ], [ 10.500920029719758, 15.506873154058246 ], [ 10.436991632230285, 15.565883982510066 ], [ 10.476332184531499, 15.654400225187796 ], [ 10.42223892511733, 15.723246191714919 ], [ 10.353392958590208, 15.69865834652666 ], [ 10.255041577837174, 15.762586744016133 ], [ 10.166525335159443, 15.900278677070379 ], [ 10.287840973334557, 15.977999939016007 ], [ 10.314052406288994, 16.042888179162279 ], [ 10.237615114383544, 16.051406963636719 ], [ 10.110118703200206, 16.001181104685706 ], [ 10.009666985298182, 16.008908159908938 ], [ 9.925564452314511, 15.998630057823412 ], [ 9.928532905454238, 15.931637607676612 ], [ 10.036711678579495, 15.889138803948832 ], [ 10.092761799594667, 15.752751605940828 ], [ 10.018998264029893, 15.747834036903177 ], [ 9.768202243109657, 15.821597572467953 ], [ 9.723944121770792, 15.885525969957424 ], [ 9.748531966959051, 15.998630057823412 ], [ 9.669850862356624, 16.02321790301167 ], [ 9.640345448130713, 16.1117341456894 ], [ 9.723944121770792, 16.185497681254176 ], [ 9.881306330975645, 16.229755802593044 ], [ 9.817377933486174, 16.288766631044862 ], [ 9.714108983695489, 16.298601769120165 ], [ 9.589789885679943, 16.224751920492093 ], [ 9.431348764030513, 16.170744974141243 ], [ 9.342832521352783, 16.219920664517758 ], [ 9.36742036654104, 16.31335447623314 ], [ 9.544452851896501, 16.421540995061477 ], [ 9.272076312159312, 16.509759684973833 ], [ 9.089858233228359, 16.631238404261136 ], [ 8.92165692959979, 16.75271712354844 ], [ 9.096433219607709, 17.418465141334217 ], [ 9.342764542323948, 18.03781246702076 ], [ 9.772084847629394, 18.790882510753264 ], [ 10.159176926183484, 19.403191798647914 ], [ 10.482926664610542, 19.846588179537147 ], [ 10.866574744061692, 20.186827537964216 ], [ 10.930067472404092, 20.265211404202017 ], [ 11.019000257413101, 20.316698806049338 ], [ 11.184179379229544, 20.291628517385629 ], [ 11.289656584027036, 20.319864204261147 ], [ 11.388946342645209, 20.337990848725024 ], [ 11.570532140391176, 20.341854376336638 ], [ 11.606686046140625, 20.402895730052801 ], [ 11.508715698605315, 20.422988456180583 ], [ 11.458138214949626, 20.426365187832804 ], [ 11.442062603653177, 20.427438452486758 ], [ 11.440205296420181, 20.427562452885123 ], [ 11.439756260775409, 20.42759243209257 ], [ 11.244366660867952, 20.440637332685373 ], [ 11.017917045072531, 20.546313820056568 ], [ 11.401390596452517, 20.803761319234532 ], [ 11.971471657595814, 21.007864415199414 ], [ 12.54155271873911, 21.127511057661589 ], [ 13.275708035905902, 21.174138058032877 ], [ 14.072325938475741, 21.072966264774422 ], [ 14.513233593475638, 21.016335923765258 ], [ 14.839472057792028, 20.974433735687924 ], [ 15.662922479443456, 20.777368677514936 ], [ 16.275231767338106, 20.601417732717621 ], [ 16.791516470432999, 20.343700664623192 ], [ 16.701537801919141, 20.335876432578509 ], [ 16.680330167978131, 20.267828537882377 ], [ 16.572868223993211, 20.146349818595073 ], [ 16.490283536712688, 20.093325239193323 ], [ 16.408129100243514, 20.06202831101459 ], [ 16.325974663774339, 19.999434454657123 ], [ 16.322062547751997, 19.932928482277312 ], [ 16.404216984221172, 19.932928482277312 ], [ 16.482459304668005, 19.889895206031554 ], [ 16.505932000802055, 19.799916537517696 ], [ 16.537228928980792, 19.725586333093204 ], [ 16.6037349013606, 19.694289404914468 ], [ 16.607647017382941, 19.631695548557001 ], [ 16.548965277047817, 19.623871316512318 ], [ 16.478547188645663, 19.631695548557001 ], [ 16.404216984221172, 19.631695548557001 ], [ 16.346513272891631, 19.558832387640887 ], [ 16.305436054657044, 19.543183923551521 ], [ 16.27218306846714, 19.515799111395129 ], [ 16.287831532556506, 19.488414299238737 ], [ 16.328908750791093, 19.459073429071175 ], [ 16.366073853003339, 19.416040152825417 ], [ 16.373898085048022, 19.367138702546146 ], [ 16.366073853003339, 19.302588788177506 ], [ 16.362161736980998, 19.236082815797698 ], [ 16.313260286701727, 19.224346467730673 ], [ 16.260446720400115, 19.239994931820039 ], [ 16.207633154098499, 19.243907047842381 ], [ 16.152863529785716, 19.228258583753014 ], [ 16.091625605278132, 19.21657039020381 ], [ 16.047236397182491, 19.216522235685989 ], [ 16.009848026803304, 19.197281004316025 ], [ 16.013983410992587, 19.153928379328523 ], [ 16.057016687238345, 19.110895103082765 ], [ 16.031587933093125, 19.089378464959886 ], [ 15.992466772869706, 19.097202697004569 ], [ 15.95334561264629, 19.089378464959886 ], [ 15.879015408221798, 19.089378464959886 ], [ 15.847718480043063, 19.050257304736469 ], [ 15.83989424799838, 19.003311912468366 ], [ 15.857498770098918, 18.970058926278462 ], [ 15.892707814299994, 18.932893824066216 ], [ 15.931828974523411, 18.89572872185397 ], [ 15.970950134746827, 18.87029996770875 ], [ 15.978774366791511, 18.800859908312184 ], [ 15.955301670657461, 18.757826632066426 ], [ 15.908356278389361, 18.759782690077596 ], [ 15.859454828110088, 18.755870574055255 ], [ 15.826201841920184, 18.716749413831838 ], [ 15.808597319819647, 18.67371613758608 ], [ 15.808597319819647, 18.620902571284468 ], [ 15.798817029763793, 18.57982535304988 ], [ 15.740135289428668, 18.532879960781777 ], [ 15.716662593294618, 18.49180274254719 ], [ 15.722530767328131, 18.440945234256748 ], [ 15.751871637495693, 18.411604364089186 ], [ 15.787080681696768, 18.386175609943965 ], [ 15.790251880399337, 18.346929969304924 ], [ 15.764586014568302, 18.321136681072534 ], [ 15.76067389854596, 18.278103404826776 ], [ 15.741113318434252, 18.235070128581018 ], [ 15.705904274233175, 18.21550954846931 ], [ 15.655046765942734, 18.258542824715068 ], [ 15.604189257652292, 18.274191288804435 ], [ 15.541595401294824, 18.282015520849118 ], [ 15.463353080847991, 18.23898224460336 ], [ 15.39293499244584, 18.188124736312915 ], [ 15.377286528356473, 18.12944299597779 ], [ 15.263835163708563, 18.125530879955448 ], [ 15.216889771440464, 18.078585487687349 ], [ 15.220801887462805, 18.019903747352224 ], [ 15.271659395753248, 17.972958355084124 ], [ 15.306868439954323, 17.918188730771341 ], [ 15.252098815641538, 17.847770642369188 ], [ 15.271659395753248, 17.800825250101088 ], [ 15.349901716200081, 17.796913134078746 ], [ 15.381198644378815, 17.753879857832988 ], [ 15.330341136088373, 17.703022349542547 ], [ 15.252098815641538, 17.68737388545318 ], [ 15.236450351552172, 17.597395216939319 ], [ 15.259923047686222, 17.507416548425461 ], [ 15.376743953101496, 17.450240040001137 ], [ 15.372071694667367, 17.328761320713841 ], [ 15.297315559721337, 17.310072286977327 ], [ 15.203870391038796, 17.258677444201933 ], [ 15.001505334003033, 17.27528662913689 ], [ 14.866009839413351, 17.237908561663875 ], [ 14.833304030374462, 17.125774359244826 ], [ 14.774287523439067, 17.026401986692612 ], [ 14.725111833062551, 16.903462760751321 ], [ 14.916897025530966, 16.834616794224196 ], [ 15.020165975321651, 16.770688396734727 ], [ 15.167693046451202, 16.652666739831083 ], [ 15.18736332260181, 16.578903204266311 ], [ 15.118517356074685, 16.406788287948501 ], [ 15.26380256087104, 16.348022770100204 ], [ 15.502087741011517, 16.352695028534331 ], [ 15.595532909694054, 16.31064470262719 ], [ 15.623566460298816, 16.207855017076394 ] ] ] ] } },
{ "type": "Feature", "properties": { "id": 10, "name": "The Flint Cliffs", "type": "shore", "size": 2 }, "geometry": { "type": "MultiPolygon", "coordinates": [ [ [ [ 8.437999818424874, 17.178846626859837 ], [ 7.951160483697358, 16.977226296316118 ], [ 7.638496940768785, 16.915034762146114 ], [ 7.526362738349738, 16.915034762146114 ], [ 7.456278861837835, 16.849623144068339 ], [ 7.330127884116407, 16.854295402502459 ], [ 7.232010456999741, 16.844950885634212 ], [ 7.101187220844184, 16.76552249225405 ], [ 7.003069793727518, 16.709455391044528 ], [ 6.86290204070371, 16.695438615742148 ], [ 6.778801388889424, 16.667405065137388 ], [ 6.652289769528959, 16.644550458247721 ], [ 6.519277824769342, 16.621077762113671 ], [ 6.335408371719282, 16.671935270404113 ], [ 6.171099498780931, 16.675847386426454 ], [ 6.073296598222389, 16.632814110180696 ], [ 6.014614857887263, 16.566308137800888 ], [ 5.940284653462771, 16.499802165421077 ], [ 5.865954449038279, 16.394175032817852 ], [ 5.817739526694469, 16.331512715478901 ], [ 5.6481148478307, 16.349691491616746 ], [ 5.599930559519043, 16.390262916795511 ], [ 5.57433728716264, 16.470599709497087 ], [ 5.481612624483849, 16.501507930390019 ], [ 5.349090308046574, 16.424447626562774 ], [ 5.29302320683705, 16.457153435601668 ], [ 5.199578038154512, 16.429119884996908 ], [ 5.073427060433084, 16.391741817523894 ], [ 4.998670925487052, 16.349691491616746 ], [ 4.919242532106894, 16.410430851260401 ], [ 4.84915865559499, 16.443136660299288 ], [ 4.811780588121974, 16.503876019942943 ], [ 4.74169671161007, 16.522565053679443 ], [ 5.062704045242042, 16.762510664083131 ], [ 5.803065799609363, 16.949549423081187 ], [ 6.434321611227815, 17.121001618829411 ], [ 7.166890083970215, 17.331420222702228 ], [ 7.813732458838506, 17.440526165451097 ], [ 8.367055454207765, 17.471699291950774 ], [ 8.756719535453723, 17.510665700075368 ], [ 9.096433219607709, 17.418465141334217 ], [ 8.92165692959979, 16.75271712354844 ], [ 8.497010646876694, 16.751018120584142 ], [ 8.344566006709492, 16.819864087111263 ], [ 8.31014302344593, 16.878874915563085 ], [ 8.329813299596536, 16.937885744014903 ], [ 8.595362027629728, 17.100165522257409 ], [ 8.560939044366165, 17.169011488784534 ], [ 8.437999818424874, 17.178846626859837 ] ] ] ] } },
{ "type": "Feature", "properties": { "id": 15, "name": "Cape Kraken", "type": "shore", "size": 2 }, "geometry": { "type": "MultiPolygon", "coordinates": [ [ [ [ 4.74169671161007, 16.522565053679443 ], [ 4.573495407981499, 16.475842469338176 ], [ 4.31184893567039, 16.443136660299288 ], [ 4.185697957948961, 16.433792143431035 ], [ 4.061363374914879, 16.422770387320877 ], [ 3.94825928704889, 16.501451491923305 ], [ 3.783520724287559, 16.508827845479782 ], [ 3.741721387467519, 16.535874475186866 ], [ 3.749097741023997, 16.582591381044558 ], [ 3.835278575389439, 16.686094098873888 ], [ 3.760522440443408, 16.751505716951669 ], [ 3.714674757760436, 16.74978872832472 ], [ 3.643370006714486, 16.791588065144758 ], [ 3.55239497951793, 16.821093479370667 ], [ 3.456502383283723, 16.830928617445974 ], [ 3.409785477426031, 16.892398230416617 ], [ 3.385197632237773, 16.909609722048398 ], [ 3.34585707993656, 16.919444860123701 ], [ 3.272093544371784, 16.88502187686014 ], [ 3.2450469146647, 16.904692153010746 ], [ 3.254882052740003, 16.93911513627431 ], [ 3.326186803785953, 17.044842870583821 ], [ 3.449126029727245, 17.084183422885033 ], [ 3.458961167802548, 17.121065190667419 ], [ 3.449126029727245, 17.153029389412158 ], [ 3.370444925124818, 17.19236994171337 ], [ 3.289305036003565, 17.197287510751025 ], [ 3.247505699183526, 17.20958143334515 ], [ 3.21554150043879, 17.234169278533411 ], [ 3.205706362363486, 17.283344968909926 ], [ 3.242588130145874, 17.325144305729967 ], [ 3.33356315734243, 17.339897012842922 ], [ 3.31635166571065, 17.379237565144138 ], [ 3.299140174078869, 17.455459885227736 ], [ 3.331104372823605, 17.484965299453648 ], [ 3.370444925124818, 17.438248393595956 ], [ 3.503219289141414, 17.465295023303042 ], [ 3.559771333074408, 17.443165962633607 ], [ 3.672875420940397, 17.475130161378345 ], [ 3.699922050647481, 17.551352481461944 ], [ 3.707298404203958, 17.647245077696152 ], [ 3.729427464873391, 17.743137673930359 ], [ 3.692545697091003, 17.777560657193924 ], [ 3.569606471149711, 17.821818778532787 ], [ 3.476172659434329, 17.83165391660809 ], [ 3.4638787368402, 17.866076899871654 ], [ 3.49338415106611, 17.898041098616389 ], [ 3.532724703367323, 17.915252590248169 ], [ 3.65320514478979, 17.920170159285821 ], [ 3.633534868639183, 17.944758004474078 ], [ 3.626158515082706, 18.011145186482377 ], [ 3.640911222195661, 18.052944523302415 ], [ 3.663040282865093, 18.072614799453024 ], [ 3.783520724287559, 18.07507358397185 ], [ 3.805649784956992, 18.052944523302415 ], [ 3.817943707551121, 18.025897893595332 ], [ 3.852366690814683, 18.016062755520029 ], [ 3.994976192906582, 18.013603971001203 ], [ 4.031513429622771, 18.059738078507216 ], [ 4.06136337491488, 18.07507358397185 ], [ 4.302324257759811, 18.076302976231261 ], [ 4.346582379098677, 18.094743860122456 ], [ 4.361335086211632, 18.140231373720731 ], [ 4.329370887466896, 18.156213473093104 ], [ 4.051528236839576, 18.169736787946643 ], [ 4.002352546463059, 18.22383004736081 ], [ 4.00727011550071, 18.292676013887935 ], [ 4.061363374914879, 18.346769273302105 ], [ 4.149879617592609, 18.381192256565665 ], [ 4.277736412571553, 18.351686842339756 ], [ 4.262983705458598, 18.410697670791574 ], [ 4.213808015082082, 18.469708499243396 ], [ 4.282653981609204, 18.53855446577052 ], [ 4.32691210294807, 18.597565294222338 ], [ 4.292489119684508, 18.65657612267416 ], [ 4.184302600856171, 18.676246398824766 ], [ 4.199055307969126, 18.740174796314239 ], [ 4.28198730107698, 18.763603346991371 ], [ 4.382439018979005, 18.748149236544908 ], [ 4.451982515988099, 18.74428570893329 ], [ 4.506071902550727, 18.813829205942383 ], [ 4.578167666415625, 18.769921360494511 ], [ 4.645158896568915, 18.763603346991371 ], [ 4.652923801361657, 18.844677495440546 ], [ 4.734020031636089, 18.945189144737338 ], [ 4.753337669694171, 19.014732641746434 ], [ 4.907878774158824, 19.018596169358048 ], [ 4.904015246547208, 18.933598561902489 ], [ 4.985149326391151, 18.898826813397942 ], [ 5.031376734525941, 18.783938135796891 ], [ 5.054738026696575, 18.657787158075465 ], [ 5.197643345030048, 18.585881076857021 ], [ 5.255596259204293, 18.51247405223631 ], [ 5.316384499007685, 18.517619405051654 ], [ 5.377123858651336, 18.573686506261179 ], [ 5.479913544202129, 18.592375539997686 ], [ 5.564014196016415, 18.550325214090542 ], [ 5.643442589396573, 18.433518753237372 ], [ 5.680820656869589, 18.326056809252449 ], [ 5.750904533381493, 18.255972932740544 ], [ 5.854443039004823, 18.284525923150948 ], [ 5.981939450188162, 18.26134475748125 ], [ 6.045256814731491, 18.204578089965153 ], [ 6.07852764047857, 18.141575401521145 ], [ 5.990104558607422, 17.814603683447217 ], [ 5.771892673109686, 17.378179912451742 ], [ 5.397815155113566, 17.011895676080542 ], [ 5.062704045242042, 16.762510664083131 ], [ 4.74169671161007, 16.522565053679443 ] ] ] ] } },
{ "type": "Feature", "properties": { "id": 16, "name": "Cape of Eagles", "type": "shore", "size": 2 }, "geometry": { "type": "MultiPolygon", "coordinates": [ [ [ [ 11.636212109788652, 13.752608034725009 ], [ 11.501559015818552, 13.706772022498107 ], [ 11.436147397740774, 13.725461056234614 ], [ 11.375408038097126, 13.702099764063981 ], [ 11.338029970624108, 13.641360404420332 ], [ 11.334447981601718, 13.580415483558188 ], [ 11.258225661518116, 13.479605318286328 ], [ 11.126226465055298, 13.457048172436359 ], [ 11.064410023269437, 13.511137558998987 ], [ 10.948504194920947, 13.464775227659592 ], [ 10.844188949407307, 13.495683448552521 ], [ 10.77850898000983, 13.449321117213126 ], [ 10.720556065835584, 13.414549368708579 ], [ 10.631694930768409, 13.399095258262113 ], [ 10.577605544205781, 13.360459982145951 ], [ 10.612377292710327, 13.294780012748474 ], [ 10.511040227783637, 13.234873920651282 ], [ 10.419200912129511, 13.221372988127763 ], [ 10.330339777062337, 13.225236515739379 ], [ 10.260796280053242, 13.244554153797461 ], [ 10.179662200209298, 13.186601239623215 ], [ 10.04381438437094, 13.141428751968746 ], [ 9.932396433065854, 13.144102435895437 ], [ 9.959441126347169, 13.232963570962612 ], [ 10.005803457686564, 13.294780012748474 ], [ 9.994212874851716, 13.348869399311102 ], [ 9.87444351889161, 13.360459982145951 ], [ 9.866716463668377, 13.44545758960151 ], [ 9.770128273377969, 13.464775227659592 ], [ 9.700584776368876, 13.499546976164138 ], [ 9.708311831592107, 13.553636362726767 ], [ 9.856924047005862, 13.585293303210811 ], [ 9.824218237966972, 13.67406621345922 ], [ 9.731492997261805, 13.781584491812129 ], [ 9.797172966659284, 13.843400933597991 ], [ 9.936352440386019, 13.926368168902073 ], [ 9.992419541595543, 13.926368168902073 ], [ 10.056029316637577, 13.963170289558096 ], [ 10.156481034539601, 13.994078510451027 ], [ 10.24147864199516, 13.963170289558096 ], [ 10.330339777062337, 13.967033817169714 ], [ 10.38021699162808, 14.043174629755249 ], [ 10.481017353915373, 14.090666700741435 ], [ 10.562151433759315, 14.059758479848504 ], [ 10.620104347933561, 14.125438449245982 ], [ 10.660552497675699, 14.21137593338382 ], [ 10.755327814340131, 14.25293486042932 ], [ 10.805553673291143, 14.283843081322251 ], [ 10.852115093474904, 14.360888203275884 ], [ 10.95623125014418, 14.334068940273264 ], [ 11.041228857599739, 14.372704216389428 ], [ 11.106908826997216, 14.465428879068218 ], [ 11.024988655537602, 14.519744990036202 ], [ 10.929186556862867, 14.558153541747011 ], [ 11.002593581483577, 14.64315114920257 ], [ 11.083727661327519, 14.697240535765198 ], [ 11.246956584907602, 14.57676452307159 ], [ 11.395873232434312, 14.457631205050221 ], [ 11.526175299020183, 14.308714557523512 ], [ 11.600633622783537, 14.1486291614323 ], [ 11.652754449417886, 13.943868771083075 ], [ 11.636212109788652, 13.752608034725009 ] ] ] ] } },
{ "type": "Feature", "properties": { "id": 28, "name": "Massey's Hook", "type": "shore", "size": 3 }, "geometry": { "type": "MultiPolygon", "coordinates": [ [ [ [ 22.817642188347666, 2.229258691298457 ], [ 22.549202581448313, 2.235218237412026 ], [ 22.274719107564504, 2.312636653122844 ], [ 22.084692087183406, 2.488587597920158 ], [ 21.915779180177985, 2.727880882844504 ], [ 21.838360764467168, 2.988288281144528 ], [ 21.81907457364494, 3.238462371436917 ], [ 21.822986689667282, 3.2932319957497 ], [ 21.860151791879531, 3.346045562051314 ], [ 21.883624488013581, 3.375386432218876 ], [ 21.893404778069435, 3.412551534431122 ], [ 21.920789590225827, 3.443848462609856 ], [ 21.971647098516268, 3.449716636643368 ], [ 22.006203298515523, 3.453452442048693 ], [ 22.044021244929588, 3.457540868688052 ], [ 22.09487875322003, 3.47710144879976 ], [ 22.135955971454617, 3.459496926699223 ], [ 22.172143044661272, 3.44494874524114 ], [ 22.219088436929372, 3.487982021486898 ], [ 22.264077771186301, 3.476245673419873 ], [ 22.289506525331522, 3.439080571207627 ], [ 22.342320091633134, 3.441036629218798 ], [ 22.375573077823038, 3.511454717620949 ], [ 22.414694238046454, 3.576004631989586 ], [ 22.42838664412465, 3.622950024257687 ], [ 22.437188905174931, 3.653146669805137 ], [ 22.455426761552168, 3.686967475091263 ], [ 22.569390418947034, 3.66624543734683 ], [ 22.720241417321269, 3.692644362062321 ], [ 22.841629330075499, 3.744970802123269 ], [ 22.88601578519966, 3.829071453937465 ], [ 22.98179708309916, 3.871121779844557 ], [ 23.104675758490558, 3.873665560111335 ], [ 23.151150079252297, 3.905600406871874 ], [ 23.176578833397517, 3.981886669307537 ], [ 23.2313484577103, 4.007315423452758 ], [ 23.266557501911375, 4.022963887542125 ], [ 23.303722604123621, 4.071865337821396 ], [ 23.317415010201817, 4.12467890412301 ], [ 23.35653617042523, 4.188006282234666 ], [ 23.407882693218465, 4.208544891351959 ], [ 23.447492867944675, 4.216369123396642 ], [ 23.458251187006116, 4.247299290698281 ], [ 23.467053448056383, 4.299623842497102 ], [ 23.48270191214575, 4.324563582139531 ], [ 23.513509825821693, 4.331409785178629 ], [ 23.546273797508803, 4.34070106073169 ], [ 23.556054087564657, 4.365640800374118 ], [ 23.557521131073035, 4.394492656038888 ], [ 23.567394178501754, 4.45904171321019 ], [ 23.563878319609341, 4.508188527938193 ], [ 23.57121353715123, 4.558679275351541 ], [ 23.600099987540606, 4.622570758404464 ], [ 23.604466523341134, 4.685456285200551 ], [ 23.595664262290867, 4.736436047116692 ], [ 23.582949885218255, 4.769689033306596 ], [ 23.560455218089793, 4.78484848289317 ], [ 23.53844956546412, 4.786315526401548 ], [ 23.520671594160532, 4.804788837335217 ], [ 23.540405623475291, 4.851598962524376 ], [ 23.580015798201501, 4.875071658658426 ], [ 23.596827140686504, 4.911237583304084 ], [ 23.600065392816003, 4.982654849272823 ], [ 23.580504812704294, 4.996836269853811 ], [ 23.543339710492045, 5.003682472892909 ], [ 23.519867014357995, 5.027644183529752 ], [ 23.510087816621319, 5.047003481840895 ], [ 23.543339710492045, 5.072144503283889 ], [ 23.577970765889724, 5.080944956475098 ], [ 23.564856348614928, 5.140851040926265 ], [ 23.567301421128889, 5.202466868278147 ], [ 23.58362767832876, 5.265737429483536 ], [ 23.646032756078522, 5.185351360680402 ], [ 23.659725162156718, 5.118845388300593 ], [ 23.709965389467182, 5.084716231434454 ], [ 23.708626612435989, 5.024954603764392 ], [ 23.732099308570039, 4.968228921440438 ], [ 23.786868932882822, 4.921283529172337 ], [ 23.85337490526263, 4.927151703205849 ], [ 23.878803659407851, 4.870426020881895 ], [ 23.903796785758541, 4.811797224986414 ], [ 23.91547743184384, 4.776755286730492 ], [ 23.982474733999908, 4.762353815764706 ], [ 24.007903488145129, 4.697803901396068 ], [ 24.019639836212153, 4.590220710781671 ], [ 23.986386850022249, 4.502198100278983 ], [ 23.931617225709466, 4.451340591988541 ], [ 23.931617225709466, 4.386790677619903 ], [ 23.851418847251459, 4.332021053307119 ], [ 23.810341629016872, 4.261602964904968 ], [ 23.777088642826968, 4.200965166558673 ], [ 23.739923540614722, 4.142283426223547 ], [ 23.696890264368964, 4.075777453843738 ], [ 23.677329684257256, 3.999491191408075 ], [ 23.60104342182159, 3.973573422760061 ], [ 23.534537449441782, 3.944232552592498 ], [ 23.471943593084315, 3.844473594022785 ], [ 23.397613388659824, 3.824913013911077 ], [ 23.368272518492262, 3.748626751475414 ], [ 23.393701272637482, 3.713906721777131 ], [ 23.38783309860397, 3.684076837106776 ], [ 23.370228576503433, 3.661093155475518 ], [ 23.313502894179475, 3.642999618872188 ], [ 23.258733269866692, 3.613658748704625 ], [ 23.194183355498055, 3.525636138201937 ], [ 23.138852937809773, 3.492766789216459 ], [ 23.136453624736461, 3.493073947262006 ], [ 23.080731990850147, 3.500207384056716 ], [ 23.035742656593218, 3.451305933777445 ], [ 23.035742656593218, 3.378931787364123 ], [ 23.094424396928343, 3.359371207252415 ], [ 23.100535086121003, 3.350687596294426 ], [ 23.131589499140588, 3.306557640950802 ], [ 23.164842485330492, 3.23222743652631 ], [ 23.172191614289627, 3.174955273160385 ], [ 23.087578193889229, 3.147627927543171 ], [ 23.06508352676078, 3.098237462761107 ], [ 23.018172139110384, 2.99495849458148 ], [ 23.022050250515019, 2.951533111923293 ], [ 23.061171410738439, 2.916324067722218 ], [ 23.061171410738439, 2.867422617442946 ], [ 22.973375046985367, 2.846606565736439 ], [ 22.938975364963913, 2.838450583768212 ], [ 22.908805165289063, 2.786595553077067 ], [ 22.829608391142589, 2.775281728198999 ], [ 22.727783967239979, 2.748882803483508 ], [ 22.648587193093508, 2.718712603808661 ], [ 22.601210551416557, 2.667800391857225 ], [ 22.633772735297605, 2.641986931655506 ], [ 22.667025721487509, 2.620470293532627 ], [ 22.710058997733267, 2.565700669219843 ], [ 22.753092273979028, 2.530491625018768 ], [ 22.801993724258299, 2.487458348773009 ], [ 22.796125550224787, 2.434644782471397 ], [ 22.837202768459374, 2.381831216169783 ], [ 22.854010352581138, 2.373427424108901 ], [ 22.872411812660449, 2.364226694069246 ], [ 22.895884508794499, 2.327061591857 ], [ 22.866543638626936, 2.264467735499533 ], [ 22.817642188347666, 2.229258691298457 ] ] ] ] } },
{ "type": "Feature", "properties": { "id": 33, "name": "Storrold's Point", "type": "shore", "size": 2 }, "geometry": { "type": "MultiPolygon", "coordinates": [ [ [ [ 20.533822206679897, 37.484759270139044 ], [ 20.567075192869801, 37.488671386161386 ], [ 20.60424029508205, 37.500407734228411 ], [ 20.6277129912161, 37.533660720418311 ], [ 20.635537223260783, 37.57082582263056 ], [ 20.639449339283125, 37.607990924842802 ], [ 20.680526557517705, 37.625595446943343 ], [ 20.737252239841659, 37.635375736999194 ], [ 20.780285516087417, 37.651024201088561 ], [ 20.766593110009222, 37.713618057446034 ], [ 20.733340123819318, 37.746871043635934 ], [ 20.743120413875172, 37.785992203859351 ], [ 20.78615369012093, 37.811420958004575 ], [ 20.813538502277321, 37.862278466295017 ], [ 20.825274850344346, 37.92682838066365 ], [ 20.813538502277321, 37.997246469065807 ], [ 20.83309908238903, 38.038323687300391 ], [ 20.868308126590104, 38.083313021557323 ], [ 20.870264184601275, 38.147862935925957 ], [ 20.837011198411371, 38.218281024328107 ], [ 20.807670328243809, 38.286743054719089 ], [ 20.776373400065076, 38.349336911076556 ], [ 20.705955311662926, 38.415842883456364 ], [ 20.643962267279701, 38.460400384106812 ], [ 20.629669049227264, 38.511689726003738 ], [ 20.64531751331663, 38.554723002249496 ], [ 20.748988587908684, 38.646657728774528 ], [ 20.760724935975709, 38.69751523706497 ], [ 20.837011198411371, 38.760109093422436 ], [ 20.873224175024063, 38.822313656905479 ], [ 20.901561112780012, 38.812922659724045 ], [ 20.919165634880549, 38.769889383478287 ], [ 20.909385344824695, 38.726856107232528 ], [ 20.938726214992258, 38.70729552712082 ], [ 20.977847375215674, 38.675998598942087 ], [ 21.032616999528457, 38.705339469109653 ], [ 21.08543056583007, 38.685778888997945 ], [ 21.11085931997529, 38.654481960819211 ], [ 21.198881930477981, 38.642745612752186 ], [ 21.247783380757252, 38.638833496729845 ], [ 21.253498902135092, 38.609842968896444 ], [ 21.251695496779593, 38.564503292305353 ], [ 21.208662220533835, 38.509733667992563 ], [ 21.179321350366269, 38.470612507769147 ], [ 21.1781042397185, 38.419601464366096 ], [ 21.239959148712568, 38.349336911076556 ], [ 21.286904540980668, 38.345424795054214 ], [ 21.331893875237597, 38.386502013288805 ], [ 21.382751383528039, 38.40801865141168 ], [ 21.408180137673259, 38.38454595527763 ], [ 21.402311963639747, 38.347380853065388 ], [ 21.378155454570781, 38.319338435369936 ], [ 21.345586281315793, 38.273050648640897 ], [ 21.345586281315793, 38.212412850294598 ], [ 21.355366571371647, 38.153731109959473 ], [ 21.333849933248768, 38.108741775702541 ], [ 21.296684831036522, 38.089181195590832 ], [ 21.298640889047693, 38.024631281222199 ], [ 21.314250910901944, 37.979058660023234 ], [ 21.365146861427501, 37.942476844753017 ], [ 21.394487731595063, 37.891619336462576 ], [ 21.394487731595063, 37.838805770160967 ], [ 21.372971093472184, 37.805552783971059 ], [ 21.331893875237597, 37.787948261870525 ], [ 21.300596947058864, 37.710683970429272 ], [ 21.306465121092376, 37.652002230094148 ], [ 21.33971810728228, 37.593320489759023 ], [ 21.378839267505697, 37.595276547770197 ], [ 21.406224079662088, 37.575715967658489 ], [ 21.402311963639747, 37.540506923457414 ], [ 21.367102919438672, 37.503341821245165 ], [ 21.390575615572722, 37.456396428977065 ], [ 21.415491452654521, 37.408331146995366 ], [ 21.421872543751455, 37.352725354385008 ], [ 21.398399847617405, 37.266658801893492 ], [ 21.384707441539209, 37.188416481446659 ], [ 21.406224079662088, 37.145383205200901 ], [ 21.378839267505697, 37.10430598696631 ], [ 21.324069643192914, 37.061272710720552 ], [ 21.286904540980668, 37.035843956575334 ], [ 21.286904540980668, 36.992810680329576 ], [ 21.281036366947156, 36.959557694139669 ], [ 21.214530394567348, 36.891095663748686 ], [ 21.187145582410956, 36.855886619547611 ], [ 21.142156248154024, 36.832413923413561 ], [ 21.122595668042315, 36.865666909603469 ], [ 21.136288074120511, 36.904788069826886 ], [ 21.148024422187536, 36.949777404083818 ], [ 21.116727494008803, 36.97716221624021 ], [ 21.114750243077324, 36.983423510856561 ], [ 21.104991145941778, 37.014327318452452 ], [ 21.083761103831502, 37.06258402286997 ], [ 21.030660941517286, 37.086212450362979 ], [ 21.005232187372066, 37.06665187025127 ], [ 20.993495839305041, 37.021662535994345 ], [ 20.975891317204503, 36.988409549804437 ], [ 20.932858040958745, 36.964936853670388 ], [ 20.899605054768841, 36.949288389581021 ], [ 20.878134200473703, 36.875116347470552 ], [ 20.8350551404002, 36.855397605044821 ], [ 20.776373400065076, 36.85148548902248 ], [ 20.754856761942197, 36.82801279288843 ], [ 20.533822206679897, 37.484759270139044 ] ] ] ] } },
{ "type": "Feature", "properties": { "id": 36, "name": "Lhazar", "type": "country", "size": 3, "active": true }, "geometry": { "type": "MultiPolygon", "coordinates": [ [ [ [ 75.964594127239394, -3.540134412649955 ], [ 76.101518188021345, -3.50492536844888 ], [ 76.218881668691594, -3.465804208225463 ], [ 76.316684569250114, -3.44722165711934 ], [ 76.371454193562897, -3.466782237231049 ], [ 76.453608630032079, -3.498079165409782 ], [ 76.52011460241188, -3.525463977566174 ], [ 76.614005386948079, -3.537200325633199 ], [ 76.692247707394912, -3.529376093588516 ], [ 76.770490027841745, -3.529376093588516 ], [ 76.864380812377945, -3.517639745521491 ], [ 76.942623132824778, -3.513727629499149 ], [ 77.059986613495042, -3.537200325633199 ], [ 77.161701630075925, -3.580233601878958 ], [ 77.220383370411042, -3.6310911101694 ], [ 77.267328762679142, -3.685860734482184 ], [ 77.314274154947242, -3.752366706861993 ], [ 77.36513166323769, -3.834521143331168 ], [ 77.443373983684523, -3.893202883666294 ], [ 77.533352652198374, -3.916675579800344 ], [ 77.646804016846289, -3.936236159912053 ], [ 77.713309989226104, -3.979269436157811 ], [ 77.764167497516539, -4.034039060470595 ], [ 77.811112889784638, -4.096632916828062 ], [ 77.873706746142105, -4.151402541140846 ], [ 77.91674002238787, -4.225732745565338 ], [ 78.231869326768063, -4.730271937189421 ], [ 78.394063427081349, -5.415091471845475 ], [ 78.621392730897242, -5.929644105975177 ], [ 77.879468705821864, -6.348165350889484 ], [ 77.277051762384616, -7.083748144981297 ], [ 76.998037599108414, -7.844695863007311 ], [ 76.560492661243444, -8.561254964148473 ], [ 76.230748650098846, -9.322202682174487 ], [ 75.951734486822644, -9.880231008726897 ], [ 75.833010398143017, -10.82735905988878 ], [ 74.802536034796731, -10.946259947967198 ], [ 73.970229818247802, -10.926443133287462 ], [ 73.33609174849623, -10.787725430529306 ], [ 72.239698398527565, -10.644724859029781 ], [ 71.514330338793215, -10.280914481243753 ], [ 70.649295137122408, -9.451922412975899 ], [ 69.645919650663572, -8.290119218128824 ], [ 69.622065835138329, -8.262499010678541 ], [ 69.137462653750333, -8.028554026532863 ], [ 69.115946015627458, -8.012905562443496 ], [ 69.070956681370532, -7.991388924320617 ], [ 69.024011289102432, -7.983564692275934 ], [ 68.977065896834333, -7.987476808298275 ], [ 68.939900794622076, -8.003125272387642 ], [ 68.904691750421009, -8.020729794488179 ], [ 68.863614532186418, -8.040290374599888 ], [ 68.808844907873635, -8.042246432611059 ], [ 68.769723747650218, -8.044202490622229 ], [ 68.718866239359784, -8.026597968521692 ], [ 68.677789021125193, -8.001169214376471 ], [ 68.615195164767727, -7.974273416722871 ], [ 68.581942178577819, -7.890162922242525 ], [ 68.52912861227621, -7.813876659806862 ], [ 68.460666581885221, -7.76106309350525 ], [ 68.405896957572438, -7.741502513393541 ], [ 68.321786463092096, -7.73954645538237 ], [ 68.255280490712281, -7.73954645538237 ], [ 68.190730576343654, -7.738568426376784 ], [ 68.118845444433219, -7.708494034455033 ], [ 68.075812168187454, -7.641010033069639 ], [ 68.062119762109191, -7.523646552399388 ], [ 67.995613789729376, -7.39063460763977 ], [ 67.913459353260208, -7.281095359014203 ], [ 67.901723005193176, -7.155907646299268 ], [ 67.897810889170842, -7.026807817561992 ], [ 67.831304916791026, -6.932917033025792 ], [ 67.729589900210144, -6.893795872802375 ], [ 67.663083927830343, -6.819465668377883 ], [ 67.577017375338826, -6.749047579975732 ], [ 67.528115925059623, -6.705036274724388 ], [ 67.402928212344676, -6.665915114500971 ], [ 67.336422239964875, -6.583760678031795 ], [ 67.281652615652092, -6.513342589629644 ], [ 67.230795107361644, -6.439012385205152 ], [ 67.179937599071209, -6.392066992937052 ], [ 67.093871046579693, -6.360770064758318 ], [ 67.035189306244561, -6.298176208400852 ], [ 67.023452958177543, -6.196461191819967 ], [ 66.96868333386476, -6.11039463932845 ], [ 66.88261678137323, -6.090834059216742 ], [ 66.879817212481598, -6.089649626224131 ], [ 66.780901764792347, -6.047800782970983 ], [ 66.655714052077414, -5.989119042635857 ], [ 66.76525330070298, -5.922613070256048 ], [ 66.866968317283863, -5.891316142077315 ], [ 66.972595449887095, -5.852194981853899 ], [ 67.089958930557344, -5.820898053675164 ], [ 67.203410295205259, -5.816985937652823 ], [ 67.320773775875509, -5.813073821630481 ], [ 67.352928104043386, -5.81521744350834 ], [ 67.438137256545758, -5.820898053675164 ], [ 67.539852273126641, -5.793513241518773 ], [ 67.641567289707524, -5.734831501183647 ], [ 67.711985378109674, -5.668325528803838 ], [ 67.82152462673524, -5.637028600625105 ], [ 67.907591179226756, -5.590083208357004 ], [ 68.005394079785304, -5.590083208357004 ], [ 68.111021212388536, -5.574434744267638 ], [ 68.220560461014102, -5.590083208357004 ], [ 68.310539129527953, -5.574434744267638 ], [ 68.396605682019469, -5.507928771887829 ], [ 68.474981130540158, -5.474429588245918 ], [ 68.517881278712039, -5.456093234591801 ], [ 68.611772063248239, -5.416972074368385 ], [ 68.725223427896154, -5.350466101988576 ], [ 68.846499024588752, -5.283960129608767 ], [ 68.913631445744727, -5.2595483400975 ], [ 68.975598853326019, -5.237014737340666 ], [ 69.089050217973934, -5.170508764960857 ], [ 69.175116770465451, -5.100090676558707 ], [ 69.304216599202732, -5.06096951633529 ], [ 69.433316427939999, -5.057057400312948 ], [ 69.554592024632598, -5.053145284290607 ], [ 69.699340317459232, -5.068793748379973 ], [ 69.828440146196513, -5.088354328491682 ], [ 69.981012671067845, -5.107914908603391 ], [ 70.102288267760429, -5.111827024625732 ], [ 70.243124444564728, -5.092266444514023 ], [ 70.37222427330201, -5.08444221246934 ], [ 70.481763521927576, -5.049233168268265 ], [ 70.583478538508459, -5.014024124067189 ], [ 70.693017787134025, -4.947518151687381 ], [ 70.845590312005356, -4.881012179307572 ], [ 70.986426488809627, -4.86438568621262 ], [ 71.185944405949058, -4.821352409966861 ], [ 71.307220002641657, -4.750934321564711 ], [ 71.471528875580006, -4.653131421006168 ], [ 71.577156008183223, -4.578801216581676 ], [ 71.70234372089817, -4.484910432045475 ], [ 71.804058737479053, -4.4027559955763 ], [ 71.897949522015253, -4.336250023196491 ], [ 71.991840306551452, -4.261919818771998 ], [ 72.089643207109987, -4.160204802191115 ], [ 72.19135822369087, -4.054577669587888 ], [ 72.293073240271767, -4.007632277319789 ], [ 72.469118461277134, -3.937214188917638 ], [ 72.645163682282515, -3.909829376761246 ], [ 72.774263511019782, -3.909829376761246 ], [ 72.883802759645363, -3.905917260738904 ], [ 73.032463168494345, -3.882444564604854 ], [ 73.216332621544396, -3.855059752448462 ], [ 73.329783986192311, -3.808114360180362 ], [ 73.419762654706147, -3.765081083934603 ], [ 73.548862483443429, -3.710311459621819 ], [ 73.658401732068995, -3.690750879510111 ], [ 73.767940980694561, -3.675102415420744 ], [ 73.854007533186078, -3.675102415420744 ], [ 73.936161969655245, -3.694662995532453 ], [ 74.037876986236142, -3.710311459621819 ], [ 74.159152582928726, -3.722047807688845 ], [ 74.280428179621325, -3.694662995532453 ], [ 74.413440124380941, -3.651629719286694 ], [ 74.534715721073525, -3.561651050772835 ], [ 74.632518621632073, -3.491232962370684 ], [ 74.742057870257639, -3.436463338057901 ], [ 74.890718279106622, -3.381693713745117 ], [ 75.004169643754537, -3.369957365678092 ], [ 75.125445240447121, -3.3895179457898 ], [ 75.207599676916303, -3.41299064192385 ], [ 75.324963157586552, -3.409078525901509 ], [ 75.430590290189784, -3.393430061812142 ], [ 75.512744726658951, -3.416902757946192 ], [ 75.6105476272175, -3.467760266236634 ], [ 75.712262643798383, -3.499057194415368 ], [ 75.845274588557999, -3.526442006571759 ], [ 75.964594127239394, -3.540134412649955 ] ] ] ] } },
{ "type": "Feature", "properties": { "id": 40, "name": "The Flatlands", "type": "region", "size": 3 }, "geometry": { "type": "MultiPolygon", "coordinates": [ [ [ [ 31.105671289449109, 4.229579634400612 ], [ 31.31159407155878, 4.662343358035623 ], [ 31.708068538991231, 4.878602158453325 ], [ 32.27487724245988, 5.052927903904552 ], [ 32.860015508301998, 5.124093368669135 ], [ 33.221950459618945, 5.035961388485473 ], [ 33.492597417320503, 4.942226069826313 ], [ 33.708892786766278, 4.86091676107957 ], [ 33.903775658182532, 4.760358770983493 ], [ 34.246757187340783, 4.453540173662193 ], [ 34.483389811018398, 4.117190965316003 ], [ 34.565020146260615, 3.894988680757901 ], [ 34.591519211227251, 3.653135622753017 ], [ 34.536376479957831, 3.376220057718586 ], [ 34.44734667761545, 3.107983230033397 ], [ 34.345418704605933, 2.952930322355219 ], [ 34.213066310496274, 2.824143554485163 ], [ 33.998512079383325, 2.704685214397756 ], [ 33.708462442854966, 2.607884754067462 ], [ 33.438369271684429, 2.523275327813455 ], [ 33.131772308407768, 2.463712220455661 ], [ 32.715912354936428, 2.408700662602318 ], [ 32.36900572971382, 2.383239625888732 ], [ 32.158952176826737, 2.415065921780715 ], [ 31.996638067777624, 2.481901143153878 ], [ 31.824776069960919, 2.602841067543411 ], [ 31.694288256803794, 2.747650713851932 ], [ 31.528791518165487, 3.040452636058171 ], [ 31.41421685295435, 3.33325455826441 ], [ 31.318204466206844, 3.805828369117305 ], [ 31.29484317403621, 3.983374189614129 ], [ 31.215038263270433, 3.993874949440869 ], [ 31.135841489123958, 4.071186086107665 ], [ 31.116985114327179, 4.161696685132206 ], [ 31.105671289449109, 4.229579634400612 ] ] ] ] } },
{ "type": "Feature", "properties": { "id": 41, "name": "The Disputed Lands", "type": "region", "size": 4 }, "geometry": { "type": "MultiPolygon", "coordinates": [ [ [ [ 29.08972569628871, -4.742161444671987 ], [ 29.057698035813484, -4.626861866961172 ], [ 29.076914632098621, -4.54999548182063 ], [ 28.987237182767988, -4.514765055297881 ], [ 28.878343137152218, -4.434695904109815 ], [ 28.91997909577001, -4.335410156636614 ], [ 29.016062077195691, -4.277760367781207 ], [ 29.057698035813484, -4.184880152403052 ], [ 29.124956122811458, -4.194488450545619 ], [ 29.195416975856958, -4.159258024022871 ], [ 29.166592081429254, -4.098405469119941 ], [ 29.13776718700155, -3.983105891409127 ], [ 29.227444636332184, -3.915847804411152 ], [ 29.221039104237136, -3.838981419270609 ], [ 29.249863998664839, -3.781331630415202 ], [ 29.34594698009052, -3.755709502035022 ], [ 29.371569108470702, -3.653220988514298 ], [ 29.474057621991424, -3.589165667563845 ], [ 29.589357199702238, -3.518704814518348 ], [ 29.650209754605168, -3.422621833092669 ], [ 29.749495502078368, -3.489879920090644 ], [ 29.906431038406975, -3.579557369421277 ], [ 30.037744446355404, -3.640409924324207 ], [ 30.199090094519413, -3.63774851243798 ], [ 30.185071684541445, -3.742898437844931 ], [ 30.242721473396852, -3.842184185318132 ], [ 30.319587858537393, -3.861400781603268 ], [ 30.411677853272192, -3.836319495888375 ], [ 30.536060733195818, -3.865369102693684 ], [ 30.652299162629731, -3.773244007027666 ], [ 30.811155949390049, -3.689143355213375 ], [ 30.960668219282113, -3.665782063042748 ], [ 31.012063062057507, -3.628403995569727 ], [ 31.072802421701162, -3.511597534716551 ], [ 31.236331466895603, -3.48356398411179 ], [ 31.362482444617029, -3.408807849165762 ], [ 31.474616647036076, -3.418152366034015 ], [ 31.638145692230523, -3.380774298560993 ], [ 31.782985703688457, -3.334051714219726 ], [ 31.857741838634485, -3.245278803971318 ], [ 31.91380893984401, -3.217245253366556 ], [ 32.037623788348384, -3.23827041632012 ], [ 32.152386136136634, -3.268348079989843 ], [ 32.37665454097472, -3.408515833013646 ], [ 32.37665454097472, -3.562700361339838 ], [ 32.414032608447748, -3.74024618183666 ], [ 32.470099709657269, -3.824346833650942 ], [ 32.535511327735044, -3.880413934860464 ], [ 32.675679080758847, -3.899102968596971 ], [ 32.863668990273148, -3.893322066003408 ], [ 32.94776964208743, -3.902666582871669 ], [ 33.055231586072345, -3.865288515398648 ], [ 33.794064884686975, -3.753728291553246 ], [ 34.623056952954833, -3.753728291553246 ], [ 35.118650037245395, -4.060094925478323 ], [ 35.536787152360404, -4.568287404771626 ], [ 35.530918978326888, -4.614743782536933 ], [ 35.558303790483286, -4.642128594693325 ], [ 35.58960071866202, -4.659733116793863 ], [ 35.624809762863094, -4.681249754916742 ], [ 35.570040138550311, -4.718414857128988 ], [ 35.538743210371578, -4.747755727296551 ], [ 35.532875036338062, -4.793234076056273 ], [ 35.519182630259863, -4.83773439581041 ], [ 35.521138688271037, -4.916465730760036 ], [ 35.55069549478069, -5.017245940741846 ], [ 35.571996196561479, -5.070994313642533 ], [ 35.607205240762553, -5.092510951765413 ], [ 35.601337066729045, -5.143368460055854 ], [ 35.571996196561479, -5.182489620279272 ], [ 35.536787152360404, -5.194225968346297 ], [ 35.507446282192838, -5.225522896525031 ], [ 35.493753876114646, -5.303765216971865 ], [ 35.468325121969421, -5.400101074022029 ], [ 35.495709934125813, -5.42748588617842 ], [ 35.517340445920752, -5.459200338135981 ], [ 35.523094746282204, -5.507684264636425 ], [ 35.515270514237521, -5.566366004971551 ], [ 35.480061470036446, -5.613311397239651 ], [ 35.468325121969421, -5.660256789507751 ], [ 35.505490224181671, -5.687641601664144 ], [ 35.538743210371578, -5.711114297798193 ], [ 35.544611384405087, -5.756103632055123 ], [ 35.548523500427429, -5.799136908300881 ], [ 35.36194118771531, -5.859998899788149 ], [ 35.235790220804986, -5.963622908321631 ], [ 35.100628470543924, -6.094279266907326 ], [ 34.985178793210238, -6.234848830289188 ], [ 34.932365226908622, -6.205507960121626 ], [ 34.932365226908622, -6.172254973931721 ], [ 34.921118947549417, -6.147148220872142 ], [ 34.881507718618181, -6.133133813708304 ], [ 34.856078964472957, -6.150738335808842 ], [ 34.829392563184598, -6.163825745302107 ], [ 34.781748760048465, -6.172254973931721 ], [ 34.73675942579154, -6.203551902110455 ], [ 34.73675942579154, -6.23876094631153 ], [ 34.764144237947932, -6.273969990512605 ], [ 34.762188179936757, -6.365904717037635 ], [ 34.732847309769198, -6.418718283339248 ], [ 34.685901917501099, -6.438278863450956 ], [ 34.672209511422899, -6.495004545774911 ], [ 34.672209511422899, -6.575202924232916 ], [ 34.666786699992414, -6.664151478201136 ], [ 34.623308061143625, -6.70234669495902 ], [ 34.613527771087774, -6.735599681148925 ], [ 34.619395945121283, -6.766896609327659 ], [ 34.621352003132458, -6.800149595517563 ], [ 34.593967190976066, -6.831446523696297 ], [ 34.584186900920209, -6.874479799942056 ], [ 34.650089303007043, -7.069696564624665 ], [ 34.704154003111469, -7.213869098236466 ], [ 34.789756444943478, -7.378315894387427 ], [ 34.852831928398643, -7.567542344752916 ], [ 34.938434370230645, -7.772537665982194 ], [ 34.983488286984333, -7.979785683049157 ], [ 35.00150985368581, -8.349227800429396 ], [ 34.955777439985859, -8.684985748762985 ], [ 34.813588578874608, -8.608963981436181 ], [ 34.71982838906245, -8.558834771041562 ], [ 34.523593534829111, -8.481742506878456 ], [ 34.362400618851744, -8.46538960235902 ], [ 34.210638359396391, -8.487892769118284 ], [ 34.07272059593587, -8.563507029475689 ], [ 33.857796707966024, -8.675641231894739 ], [ 33.766687668500559, -8.635927035204654 ], [ 33.691931533554516, -8.549490254173302 ], [ 33.67557862903508, -8.432683793320134 ], [ 33.505041196189445, -8.385961208978873 ], [ 33.402251510638642, -8.280835394211012 ], [ 33.287781179002543, -8.199070871613786 ], [ 33.142941167544599, -8.199070871613779 ], [ 33.007445672954923, -8.234112809869744 ], [ 32.897647599752936, -8.206079259264976 ], [ 32.727110166907302, -8.086936669194744 ], [ 32.610303706054133, -8.002836017380455 ], [ 32.53554757110809, -8.007508275814583 ], [ 32.488824986766822, -7.988819242078074 ], [ 32.395379818084287, -7.829962455317757 ], [ 32.27156496957992, -7.708483736030454 ], [ 32.269228840362864, -7.587005016743158 ], [ 32.206153351502145, -7.528601786316573 ], [ 32.068321727695405, -7.463190168238805 ], [ 31.974876559012859, -7.344047578168551 ], [ 31.911801070152148, -7.334703061300299 ], [ 31.715566215918816, -7.353392095036805 ], [ 31.603332947121078, -7.293049994054828 ], [ 31.531012007770798, -7.178182403757051 ], [ 31.425886193002942, -7.143140465501093 ], [ 31.276373923110878, -6.977275291089585 ], [ 31.120739010732816, -6.964988467130995 ], [ 31.015103468168668, -6.926628763176817 ], [ 30.768454590616528, -6.86205084829912 ], [ 30.658656517414542, -6.918117949508648 ], [ 30.543249666720683, -6.922058358612837 ], [ 30.47171924579472, -7.01292257236552 ], [ 30.385244562511609, -7.048152998888269 ], [ 30.337203071798768, -7.035341934698178 ], [ 30.321189241561157, -6.87840639836957 ], [ 30.247525622468135, -6.820756609514164 ], [ 30.276350516895839, -6.71826809599344 ], [ 30.266742218753272, -6.628590646662807 ], [ 30.234714558278046, -6.551724261522264 ], [ 30.205889663850343, -6.439627449858972 ], [ 30.261514550513752, -6.3387579036769 ], [ 30.191430674001843, -6.240640476560245 ], [ 30.071373489854391, -6.151378505581937 ], [ 29.888815825145603, -6.144972973486892 ], [ 29.8239049453517, -5.996891694162693 ], [ 29.667824967866544, -5.972023606920671 ], [ 29.472456238967663, -6.061701056251304 ], [ 29.38277878963703, -6.141770207439369 ], [ 29.337529995180418, -6.101199923292688 ], [ 29.251465381688604, -6.096931482774052 ], [ 29.200221124928241, -6.132161909296801 ], [ 29.197018358880719, -6.247461487007616 ], [ 29.156525430842724, -6.334085645242773 ], [ 28.971971222694709, -6.390152746452301 ], [ 28.882489509233412, -6.471356493585624 ], [ 28.783861538750301, -6.452438514049063 ], [ 28.678170259182057, -6.478060642429244 ], [ 28.633331534516739, -6.452438514049063 ], [ 28.65895366289692, -6.385180427051088 ], [ 28.735820048037464, -6.346747234480817 ], [ 28.787064304797823, -6.266678083292751 ], [ 28.82870026341562, -6.215433826532389 ], [ 28.80628090108296, -6.109742546964143 ], [ 28.894356967389832, -6.044085842989929 ], [ 28.961615054387806, -5.967219457849387 ], [ 29.025670375338258, -5.887150306661321 ], [ 29.172997613524299, -5.803878389425734 ], [ 29.217836338189613, -5.704592641952532 ], [ 29.249863998664839, -5.595698596336764 ], [ 29.329933149852906, -5.59249583028924 ], [ 29.339541447995472, -5.522034977243743 ], [ 29.352352512185565, -5.41954646372302 ], [ 29.23705293447475, -5.368302206962658 ], [ 29.278688893092543, -5.281827523679548 ], [ 29.29790548937768, -5.227380500871663 ], [ 29.272283360997498, -5.131297519445984 ], [ 29.221039104237136, -5.041620070115351 ], [ 29.169794847476776, -4.963152301951046 ], [ 29.099333994431277, -4.975963366141137 ], [ 29.05129250371844, -4.927921875428298 ], [ 29.02887314138578, -4.835041660050142 ], [ 29.08972569628871, -4.742161444671987 ] ] ] ] } },
{ "type": "Feature", "properties": { "id": 42, "name": "The Orange Shore", "type": "shore", "size": 2 }, "geometry": { "type": "MultiPolygon", "coordinates": [ [ [ [ 37.825284338652743, -9.056955132407575 ], [ 37.864686263382701, -8.738381006389378 ], [ 38.074186976287351, -8.486079072568728 ], [ 38.65200345865339, -8.408924240128037 ], [ 39.166744457564263, -8.453414982922304 ], [ 39.577861447941672, -8.65221539059795 ], [ 40.100486882284443, -8.949571241172288 ], [ 40.45190743296321, -9.210883958343677 ], [ 40.93848973390304, -9.634390775828344 ], [ 41.389028901439914, -10.039876026611532 ], [ 41.875611202379744, -10.409318143991772 ], [ 42.299118019864409, -10.751727911319799 ], [ 42.47032290352842, -10.93194357833455 ], [ 42.553609873989224, -11.136110135594068 ], [ 42.488198255911449, -11.178160461501216 ], [ 42.396739198674375, -11.395926414035815 ], [ 42.342771600937347, -11.499197113432832 ], [ 42.268983176394961, -11.523682436315227 ], [ 42.201849894846347, -11.53442753995558 ], [ 42.189038830656258, -11.483183283195219 ], [ 42.230674789274055, -11.358275407341836 ], [ 42.144787261003124, -11.262261113315505 ], [ 41.899163111901935, -11.234550385893401 ], [ 41.825199099003328, -11.187482377685198 ], [ 41.657099069688314, -11.046278353060586 ], [ 41.574107749531912, -10.993160077924257 ], [ 41.455379034510294, -11.026106349542784 ], [ 41.375536254585512, -11.054012632827188 ], [ 41.30745100871308, -11.005934346024983 ], [ 41.314683699682583, -10.916293692783714 ], [ 41.233486995814481, -10.898350327263374 ], [ 41.109706672641138, -10.820210711358037 ], [ 41.035125882897965, -10.717943005739714 ], [ 41.037644436571867, -10.627244056994797 ], [ 40.94168071421543, -10.533388797591693 ], [ 40.883911666290778, -10.531161075569118 ], [ 40.864695070005645, -10.588810864424525 ], [ 40.755801024389875, -10.601621928614616 ], [ 40.67252910715429, -10.572797034186912 ], [ 40.688542937391901, -10.454294690428576 ], [ 40.643704212726583, -10.332589580622717 ], [ 40.566837827586042, -10.300561920147491 ], [ 40.464349314065316, -10.294156388052444 ], [ 40.333035906116891, -10.255723195482174 ], [ 40.384280162877253, -10.169248512199063 ], [ 40.406699525209909, -10.108395957296134 ], [ 40.268980585166439, -10.028326806108067 ], [ 40.17610036978828, -9.961068719110093 ], [ 40.015962067412147, -9.855377439541845 ], [ 39.878243127368677, -9.845769141399279 ], [ 39.743726953372729, -9.781713820448825 ], [ 39.65084673799457, -9.746483393926077 ], [ 39.563364476147974, -9.669020987278197 ], [ 39.507297374938453, -9.584920335463915 ], [ 39.357785105046382, -9.496147425215499 ], [ 39.222289610456706, -9.435408065571851 ], [ 39.091466374301156, -9.449424840874231 ], [ 38.979332171882099, -9.479794520696055 ], [ 38.818139255904718, -9.498483554432577 ], [ 38.871870227897183, -9.4003661273159 ], [ 38.974659913447972, -9.323273863152808 ], [ 39.065787029931663, -9.266497853597246 ], [ 39.117163795688846, -9.169089334826618 ], [ 39.061096694479325, -9.103677716748843 ], [ 39.035399273091635, -9.014904806500434 ], [ 38.89055926163369, -8.963509963725032 ], [ 38.694324407400352, -8.984535126678596 ], [ 38.548487048469035, -8.963896323557089 ], [ 38.420997289003928, -9.000888031198047 ], [ 38.231770822421787, -9.000888031198047 ], [ 38.014510805234885, -8.99621577276392 ], [ 37.825284338652743, -9.056955132407575 ] ] ] ] } },
{ "type": "Feature", "properties": { "id": 45, "name": "Sea Dragon Point", "type": "shore", "size": 2 }, "geometry": { "type": "MultiPolygon", "coordinates": [ [ [ [ 7.807545687692894, 29.979332790097427 ], [ 7.822974996177044, 29.970211420849164 ], [ 7.751815398952794, 29.872835129910715 ], [ 7.729187749196659, 29.816266005520379 ], [ 7.631134600253406, 29.82380855543909 ], [ 7.751815398952794, 29.578675683080959 ], [ 7.710331374399879, 29.491936359015774 ], [ 7.763129223830862, 29.427824684706724 ], [ 7.823469623180555, 29.352399185519605 ], [ 7.853639822855403, 29.250574761616996 ], [ 7.808384523343132, 29.209090737064081 ], [ 7.778639673468096, 29.162272742477718 ], [ 7.759950639731589, 29.143583708741211 ], [ 6.552549961877626, 28.70751116746975 ], [ 6.529944760186726, 28.820163976839737 ], [ 6.480895737649864, 28.850819615925275 ], [ 6.469581912771797, 28.922473840153035 ], [ 6.446954263015661, 29.005441889258865 ], [ 6.433029244439532, 29.054810798492792 ], [ 6.462888087163681, 29.154340274239953 ], [ 6.475079570346676, 29.194978551516602 ], [ 6.394156413584679, 29.231718386820219 ], [ 6.379071313747255, 29.280744961291845 ], [ 6.42570870325, 29.339623383224883 ], [ 6.582541514331594, 29.409902439486437 ], [ 6.578948886593117, 29.49665045271497 ], [ 6.469581912771796, 29.575847226861441 ], [ 6.394156413584678, 29.628645076292425 ], [ 6.356443663991119, 29.685214200682761 ], [ 6.424326613259526, 29.768182249788591 ], [ 6.348901114072408, 29.866235398731845 ], [ 6.319278559315031, 29.870017001466831 ], [ 6.171651190982682, 29.88886304848798 ], [ 6.179193740901393, 29.990687472390587 ], [ 6.122624616511056, 30.084969346374486 ], [ 6.005715092771023, 30.092511896293196 ], [ 5.771896045290959, 30.032171496943501 ], [ 5.694812411847471, 30.115413463039612 ], [ 5.592022726296677, 30.124757979907866 ], [ 5.521938849784774, 30.213530890156278 ], [ 5.343856337404067, 30.257505175765019 ], [ 5.411739286672473, 30.340473224870848 ], [ 5.555047735127997, 30.400813624220543 ], [ 5.615388134477691, 30.513951873001218 ], [ 5.9424421088562, 30.507883171506279 ], [ 6.000058180331989, 30.627090121781894 ], [ 6.098111329275242, 30.679887971212874 ], [ 6.152794816185903, 30.699687164749491 ], [ 6.050970392283294, 30.790197763774035 ], [ 5.994401267892956, 30.839224338245661 ], [ 6.103768241714276, 30.907107287514066 ], [ 6.167879916023326, 30.907107287514066 ], [ 6.247076690169799, 30.895793462635996 ], [ 6.262161790007223, 30.839224338245661 ], [ 6.303645814560138, 30.801511588652101 ], [ 6.416784063340814, 30.801511588652101 ], [ 6.446954263015661, 30.756256289139831 ], [ 6.382842588706611, 30.711000989627561 ], [ 6.394156413584678, 30.665745690115291 ], [ 6.499752112446643, 30.62049039060302 ], [ 6.629264098672864, 30.615345115491202 ], [ 6.635518010983454, 30.563921266212681 ], [ 6.650603110820878, 30.484724492066206 ], [ 6.771283909520266, 30.458325567350716 ], [ 6.933448732772569, 30.394213893041666 ], [ 7.008874231959687, 30.341416043610685 ], [ 6.993789132122263, 30.262219269464211 ], [ 7.1899351107681, 30.092052170868982 ], [ 7.291719853911377, 30.121739277228205 ], [ 7.397315552773342, 30.06894142779722 ], [ 7.574565475863068, 30.102882902431425 ], [ 7.807545687692894, 29.979332790097427 ] ] ] ] } },
{ "type": "Feature", "properties": { "id": 51, "name": "The Fingers", "type": "shore", "size": 3 }, "geometry": { "type": "MultiPolygon", "coordinates": [ [ [ [ 21.124184965176468, 13.841030313737102 ], [ 20.805376504568056, 13.968379184134136 ], [ 20.718396492078011, 14.142339209114226 ], [ 20.730257402872109, 14.381534243461848 ], [ 20.777701046048495, 14.658288828657446 ], [ 20.809330141499423, 14.855970675225729 ], [ 20.722350129009378, 15.132725260421326 ], [ 20.682813759695719, 15.290870737675952 ], [ 20.682813759695719, 15.551810775146087 ], [ 20.659091938107526, 15.789028991028028 ], [ 20.56420465175475, 16.065783576223623 ], [ 20.485131913127436, 16.437425447771997 ], [ 20.43768826995105, 16.658829115928476 ], [ 20.279542792696422, 16.975120070437729 ], [ 20.14351780134135, 17.180137844828771 ], [ 20.166145451097485, 17.225393144341041 ], [ 20.322653361910756, 17.191451669706836 ], [ 20.399964498577553, 17.131111270357142 ], [ 20.441448523130468, 17.168824019950701 ], [ 20.462190535406926, 17.193337307186514 ], [ 20.511217109878551, 17.197108582145869 ], [ 20.528187847195653, 17.166938382471024 ], [ 20.568044436009536, 17.141401656516859 ], [ 20.65075428337472, 17.148082007674244 ], [ 20.73372233248055, 17.183909119788126 ], [ 20.748807432317971, 17.240478244178462 ], [ 20.786520181911531, 17.280076631251699 ], [ 20.84308930630187, 17.278190993772021 ], [ 20.931714267846733, 17.314018105885904 ], [ 21.050509429066445, 17.366815955316888 ], [ 21.127820565733241, 17.444127091983681 ], [ 21.222102439717137, 17.453555279382073 ], [ 21.217488358353176, 17.389031353525585 ], [ 21.291871026465223, 17.380015417674631 ], [ 21.305070488822967, 17.329103205723328 ], [ 21.24552190895794, 17.31661134779662 ], [ 21.203246064920357, 17.306475555967193 ], [ 21.214559889798426, 17.238592606698784 ], [ 21.139134390611307, 17.221621869381686 ], [ 21.069365803863224, 17.236706969219107 ], [ 21.050509429066445, 17.204651132064583 ], [ 21.112735465895817, 17.168824019950701 ], [ 21.101421641017748, 17.131111270357142 ], [ 21.046950925507545, 17.108695847477971 ], [ 20.978855204838684, 17.100941070682296 ], [ 20.955841886042069, 17.040948100183126 ], [ 20.946497369173816, 16.963855836020034 ], [ 20.844974943781548, 16.904834772795788 ], [ 20.854403131179939, 16.86523638572255 ], [ 20.882687693375107, 16.840723098486738 ], [ 20.986397754757395, 16.84638001092577 ], [ 21.065639959244052, 16.896108088725196 ], [ 21.154412869492464, 16.93348615619821 ], [ 21.254866425826197, 16.961519706802971 ], [ 21.352983852942859, 16.998897774275985 ], [ 21.439420633974212, 17.015250678795429 ], [ 21.51184063970318, 16.956847448368844 ], [ 21.544546448742068, 16.921805510112893 ], [ 21.586030473294983, 16.925576785072245 ], [ 21.648256510124355, 16.951975709787739 ], [ 21.665227247441457, 17.014201746617111 ], [ 21.710482546953727, 17.034943758893569 ], [ 21.81796388329537, 17.034943758893569 ], [ 21.872647370206032, 17.061342683609059 ], [ 21.944301594433792, 17.065113958568414 ], [ 21.976357431588319, 16.961403897186127 ], [ 22.014070181181875, 16.974603359543874 ], [ 22.042354743377047, 16.999116646779687 ], [ 22.115894605084485, 17.001002284259364 ], [ 22.174349366954502, 16.992516915600817 ], [ 22.230918491344841, 16.990631278121139 ], [ 22.321429090369381, 16.991574096860973 ], [ 22.372341302320688, 17.040600671332601 ], [ 22.404397139475211, 17.117911807999398 ], [ 22.481708276142008, 17.146196370194566 ], [ 22.483593913621686, 17.208422407023939 ], [ 22.543934312971381, 17.248020794097176 ], [ 22.598617799882042, 17.261220256454919 ], [ 22.649530011833345, 17.208422407023939 ], [ 22.717412961101751, 17.195222944666192 ], [ 22.785295910370159, 17.198994219625547 ], [ 22.809809197605972, 17.291390456129768 ], [ 22.855299166903546, 17.33398202615999 ], [ 22.919176171427292, 17.353616492959141 ], [ 22.928604358825684, 17.440355817024326 ], [ 22.943689458663105, 17.47429729165853 ], [ 23.077569719720241, 17.491268028975632 ], [ 23.147338306468324, 17.545951515886291 ], [ 23.211449980777374, 17.589321177918883 ], [ 23.286875479964493, 17.549722790845646 ], [ 23.375500441509356, 17.570464803122103 ], [ 23.400013728745169, 17.587435540439206 ], [ 23.381157353948389, 17.636462114910834 ], [ 23.396242453785813, 17.674174864504391 ], [ 23.49240996524939, 17.713773251577628 ], [ 23.616862038908135, 17.691145601821493 ], [ 23.721320995463028, 17.742920448762941 ], [ 23.833455197882074, 17.79197916232128 ], [ 23.985504166185173, 17.834454050277017 ], [ 24.040187653095835, 17.843882237675409 ], [ 24.08167167764875, 17.817483312959915 ], [ 24.080909279385029, 17.815323184546035 ], [ 24.059044027892615, 17.753371638650865 ], [ 24.000589266022597, 17.725087076455697 ], [ 23.930820679274511, 17.71188761409795 ], [ 23.898764842119988, 17.6477759397889 ], [ 23.854480360835645, 17.593408178870884 ], [ 23.815796793014158, 17.578007353040817 ], [ 23.746028206266072, 17.593092452878238 ], [ 23.670602707078956, 17.585549902959528 ], [ 23.581977745534093, 17.5195525911708 ], [ 23.544264995940534, 17.483725479056918 ], [ 23.55779195026858, 17.439223650544694 ], [ 23.544264995940534, 17.398871792471411 ], [ 23.499009696428264, 17.380015417674631 ], [ 23.402842184964687, 17.400757429951089 ], [ 23.380214535208552, 17.361159042877851 ], [ 23.329302323257245, 17.321560655804614 ], [ 23.24256299919206, 17.308361193446871 ], [ 23.174680049923655, 17.334760118162361 ], [ 23.144509850248806, 17.323446293284292 ], [ 23.121882200492671, 17.291390456129768 ], [ 23.12565347545203, 17.255563344015886 ], [ 23.121882200492671, 17.214079319462972 ], [ 23.08794072585847, 17.204651132064583 ], [ 23.035142876427486, 17.204651132064583 ], [ 22.984230664476183, 17.182023482308448 ], [ 22.95971737724037, 17.138653820275856 ], [ 22.961603014720048, 17.070770871007447 ], [ 22.906919527809386, 17.053800133690345 ], [ 22.85789295333776, 17.01231610913743 ], [ 22.778696179191286, 16.991574096860973 ], [ 22.701385042524489, 17.004773559218719 ], [ 22.576617679101926, 16.862199733930009 ], [ 22.513542190241207, 16.810804891154621 ], [ 22.382718954085654, 16.733712626991522 ], [ 22.310298948356689, 16.637931329091916 ], [ 22.235714930024294, 16.562396021778547 ], [ 22.190725595767365, 16.521318803543956 ], [ 22.151604435543948, 16.486109759342881 ], [ 22.11639539134287, 16.441120425085952 ], [ 22.087054521175308, 16.386350800773169 ], [ 22.161384725599802, 16.400043206851365 ], [ 22.196593769800877, 16.427428019007756 ], [ 22.247451278091319, 16.464593121220002 ], [ 22.292440612348248, 16.495890049398735 ], [ 22.36872687478391, 16.495890049398735 ], [ 22.445794442946369, 16.530469385107001 ], [ 22.526020756914441, 16.572019757632635 ], [ 22.612760080979626, 16.664415994136853 ], [ 22.708927592443199, 16.662530356657175 ], [ 22.773039266752253, 16.641788344380718 ], [ 22.854617055932479, 16.66129262126255 ], [ 22.914462077728096, 16.662530356657175 ], [ 22.974802477077791, 16.664415994136853 ], [ 23.040799788866519, 16.671958544055567 ], [ 23.060196427034064, 16.736048756208586 ], [ 23.108682738134927, 16.76812605551914 ], [ 23.110568375614605, 16.828466454868835 ], [ 23.118110925533315, 16.890692491698207 ], [ 23.249422893616202, 16.981342324000249 ], [ 23.444326209517602, 16.984974365682106 ], [ 23.483924596590839, 17.052857314950511 ], [ 23.580092108054412, 17.105655164381496 ], [ 23.678145256997666, 17.145253551454729 ], [ 23.764884581062852, 17.182966301048289 ], [ 23.800711693176734, 17.101883889422137 ], [ 23.730665512331282, 17.065442975814538 ], [ 23.683942927990014, 16.988350711651446 ], [ 23.659288882200887, 16.975546178283714 ], [ 23.576320833095057, 16.986860003161784 ], [ 23.527294258623431, 16.964232353405649 ], [ 23.500895333907941, 16.930290878771444 ], [ 23.504060978276126, 16.855191346278826 ], [ 23.399070910005332, 16.830352092348512 ], [ 23.380214535208552, 16.803953167633022 ], [ 23.395299635045976, 16.764354780559785 ], [ 23.323645410818212, 16.705900018689768 ], [ 23.30667467350111, 16.628588882022974 ], [ 23.28781829870433, 16.57579103259199 ], [ 23.214380955360255, 16.49542744685105 ], [ 23.130280303545966, 16.446368733292712 ], [ 23.104911463175572, 16.374027822266449 ], [ 23.006858314232318, 16.326886885274501 ], [ 22.965374289679403, 16.291059773160619 ], [ 22.952174827321656, 16.240147561209316 ], [ 22.875345899677161, 16.237690391924186 ], [ 22.823951478703556, 16.204320449095434 ], [ 22.747155111947556, 16.170705485679225 ], [ 22.705168852705295, 16.100766331142225 ], [ 22.646701555613827, 16.049226766391921 ], [ 22.583893256012704, 16.053820938874125 ], [ 22.521299399655238, 16.020567952684221 ], [ 22.50173881954353, 15.957974096326753 ], [ 22.472397949375967, 15.899292355991628 ], [ 22.405339958215052, 15.848406374806219 ], [ 22.347210236661031, 15.750631947142644 ], [ 22.429364673130205, 15.74280771509796 ], [ 22.499621832198947, 15.791837250415881 ], [ 22.559962231548642, 15.871034024562356 ], [ 22.631616455776406, 15.97662972342432 ], [ 22.756068529435151, 15.991714823261743 ], [ 22.854121678378402, 16.010571198058521 ], [ 22.925775902606166, 16.029427572855301 ], [ 23.00497267675264, 16.05959777253015 ], [ 23.080398175939756, 16.101081797083065 ], [ 23.185993874801721, 16.135023271717266 ], [ 23.265190648948195, 16.229305145701165 ], [ 23.438688144911794, 16.257930491120121 ], [ 23.585749020493449, 16.288702726311023 ], [ 23.619690495127649, 16.305673463628125 ], [ 23.625347407566686, 16.333958025823296 ], [ 23.591405932932481, 16.352814400620076 ], [ 23.559350095777955, 16.424468624847837 ], [ 23.580092108054412, 16.462181374441396 ], [ 23.700772906753802, 16.498008486555278 ], [ 23.757342031144141, 16.575319623222072 ], [ 23.89687920464031, 16.590404723059496 ], [ 23.951562691550969, 16.61020391659611 ], [ 24.008131815941308, 16.629060291392889 ], [ 24.125041339681342, 16.666773040986449 ], [ 24.196695563909103, 16.723342165376788 ], [ 24.268349788136867, 16.700714515620653 ], [ 24.377716761958187, 16.704485790580009 ], [ 24.415429511551746, 16.738427265214213 ], [ 24.475769910901441, 16.738427265214213 ], [ 24.490855010738862, 16.674315590905159 ], [ 24.419200786511102, 16.598890091718044 ], [ 24.216619174193937, 16.599005356811382 ], [ 24.177839189112323, 16.538549692368349 ], [ 24.143897714478122, 16.48198056797801 ], [ 24.151440264396832, 16.421640168628315 ], [ 24.07878755038719, 16.384081468841543 ], [ 23.985342381704651, 16.313997592329635 ], [ 24.049615840494223, 16.267017895294725 ], [ 24.015674365860018, 16.22553387074181 ], [ 23.781855318379954, 16.138794546676625 ], [ 23.687573444396058, 16.093539247164351 ], [ 23.683802169436699, 15.9954860982211 ], [ 23.525408621143754, 15.931374423912048 ], [ 23.438669297078569, 15.867262749602999 ], [ 23.419812922281789, 15.806922350253304 ], [ 23.521637346184399, 15.806922350253304 ], [ 23.657403244721209, 15.833321274968796 ], [ 23.758737847649495, 15.928536271514162 ], [ 23.82414946572727, 15.982267243506627 ], [ 23.91525850519275, 16.050014990801465 ], [ 23.974190341307104, 16.070911597408216 ], [ 24.068472215291003, 16.074682872367575 ], [ 24.155211539356188, 16.067140322448861 ], [ 24.174067914152968, 16.157650921473405 ], [ 24.207274657325684, 16.24157758660067 ], [ 24.286703050705839, 16.246249845034797 ], [ 24.375475960954255, 16.309325333895515 ], [ 24.457240483551477, 16.38174533962448 ], [ 24.675647483747301, 16.432953993506384 ], [ 24.766158082771845, 16.564948617083839 ], [ 24.988663305373841, 16.557406067165129 ], [ 25.030147329926756, 16.678086865864518 ], [ 25.257569176926552, 16.709215681560799 ], [ 25.322154773160616, 16.807072645551806 ], [ 25.334661441089647, 16.826022142413976 ], [ 25.423434351338059, 16.835366659282229 ], [ 25.498190486284091, 16.821349883979849 ], [ 25.523887907671789, 16.776963428855645 ], [ 25.486509840198771, 16.695198906258426 ], [ 25.428106609772186, 16.685854389390165 ], [ 25.353350474826154, 16.620442771312391 ], [ 25.3183085365702, 16.562039540885799 ], [ 25.150828128626145, 16.534778417408994 ], [ 25.094259004235806, 16.451810368303164 ], [ 24.785014457568622, 16.327358294644419 ], [ 24.835926669519928, 16.24439024553859 ], [ 24.730330970657963, 16.157650921473405 ], [ 24.669990571308269, 16.067140322448861 ], [ 24.536668876931635, 16.057023378452662 ], [ 24.451256623665625, 15.950230798708828 ], [ 24.270350146186395, 15.972922726638373 ], [ 24.20989502626685, 15.901204224237201 ], [ 24.194809926429425, 15.852177649765576 ], [ 24.296634350332035, 15.776752150578456 ], [ 24.270235425616544, 15.731496851066186 ], [ 24.142012076998444, 15.739039400984899 ], [ 24.164639726754579, 15.599502227488729 ], [ 24.08921422756746, 15.580645852691951 ], [ 23.947964314231633, 15.599142051908217 ], [ 23.874251554884175, 15.527848003260967 ], [ 23.855395180087395, 15.463736328951917 ], [ 23.734714381388006, 15.475050153829985 ], [ 23.616233965408618, 15.559427855218139 ], [ 23.508772021423699, 15.510369141659808 ], [ 23.476026078733405, 15.49945382742971 ], [ 23.389629431353463, 15.470654944969731 ], [ 23.383831876893797, 15.439186150185714 ], [ 23.368900710330482, 15.358140630089952 ], [ 23.276484936692182, 15.3690130740474 ], [ 23.240677361712383, 15.373225729927377 ], [ 23.076588116266958, 15.454302040450287 ], [ 22.897491340410998, 15.331741705374462 ], [ 22.751866155095129, 15.384218163938378 ], [ 22.65842098641259, 15.32114267507766 ], [ 22.576932968865744, 15.182776344479903 ], [ 22.452480895207, 15.118664670170853 ], [ 22.282773522035985, 15.043239170983735 ], [ 22.147007623499171, 15.016840246268243 ], [ 22.097981049027545, 14.820733948381738 ], [ 21.894332201222326, 14.741537174235264 ], [ 21.891413670840056, 14.738340688578489 ], [ 21.735938652929381, 14.568058526104892 ], [ 21.626571679108057, 14.526574501551977 ], [ 21.662589932751231, 14.450831398719615 ], [ 21.645428053904837, 14.420978802690012 ], [ 21.576523380259715, 14.407798122473856 ], [ 21.519797697935758, 14.380413310317465 ], [ 21.494577055530602, 14.33046820366547 ], [ 21.473830334673245, 14.274297163211445 ], [ 21.490945842271003, 14.241044177021541 ], [ 21.487522740751441, 14.207791190831637 ], [ 21.460635580896398, 14.172074655372523 ], [ 21.403412246271095, 14.160845798563537 ], [ 21.334950215880117, 14.164757914585879 ], [ 21.325169925824262, 14.111944348284265 ], [ 21.323213867813092, 14.068911072038507 ], [ 21.268444243500308, 14.037614143859773 ], [ 21.220007625912121, 13.952137181221277 ], [ 21.178954589489251, 13.913404460150424 ], [ 21.15156977733286, 13.893843880038716 ], [ 21.130053139209981, 13.873305270921422 ], [ 21.124184965176468, 13.841030313737102 ] ] ] ] } },
{ "type": "Feature", "properties": { "id": 55, "name": "Lands of the Long Summer", "type": "region", "size": 3 }, "geometry": { "type": "MultiPolygon", "coordinates": [ [ [ [ 53.66977383885488, -10.473466545882646 ], [ 53.526600579169489, -10.515969260602954 ], [ 53.426046105465169, -10.611735426035636 ], [ 53.435622722008439, -10.688348358381784 ], [ 53.520261568962816, -10.707079467589006 ], [ 53.46914087990988, -10.784114523814466 ], [ 53.359009789662295, -10.798479448629369 ], [ 53.373374714477194, -10.889457305790419 ], [ 53.268031932501245, -10.918187155420224 ], [ 53.234513774599804, -10.990011779494736 ], [ 53.268031932501245, -11.076201328384151 ], [ 53.368586406205559, -11.152814260730297 ], [ 53.342715748465999, -11.27943112576955 ], [ 53.331035102380675, -11.426607266444565 ], [ 53.430834413736804, -11.459265990114883 ], [ 53.555330428799294, -11.483207531473054 ], [ 53.584060278429099, -11.612491854807176 ], [ 53.512235654354583, -11.74895864054875 ], [ 53.478717496453143, -11.868666347339603 ], [ 53.41168118065027, -11.988374054130457 ], [ 53.464352571638244, -12.09371683610641 ], [ 53.430834413736804, -12.189483001539092 ], [ 53.33027994003249, -12.242154392527068 ], [ 53.27282024077288, -12.318767324873214 ], [ 53.244090391143075, -12.396577334287272 ], [ 53.344644864847389, -12.473190266633418 ], [ 53.483505804724778, -12.564168123794467 ], [ 53.430834413736804, -12.645569364412248 ], [ 53.416469488921905, -12.707817371943491 ], [ 53.344644864847389, -12.861043236635785 ], [ 53.277608549044515, -12.908926319352126 ], [ 53.320703323489219, -12.990327559969908 ], [ 53.500264883675484, -12.908327780818148 ], [ 53.61757843633054, -12.827525078734345 ], [ 53.65349074836778, -12.726372066496049 ], [ 53.746862759664658, -12.722182296758394 ], [ 53.847417233368979, -12.784430304289637 ], [ 53.947971707073293, -12.722182296758394 ], [ 53.991066481518004, -12.645569364412248 ], [ 54.000643098061268, -12.5545915072512 ], [ 54.158657271025199, -12.602474589967541 ], [ 54.196963737198267, -12.521073349349759 ], [ 54.225693586828072, -12.420518875645442 ], [ 54.331036368804028, -12.434883800460344 ], [ 54.436379150779977, -12.5545915072512 ], [ 54.541721932755927, -12.535438274164662 ], [ 54.666217947818417, -12.521073349349759 ], [ 54.733254263621298, -12.473190266633418 ], [ 54.771560729794366, -12.535438274164662 ], [ 54.838597045597247, -12.583321356881005 ], [ 54.852961970412153, -12.650357672683882 ], [ 54.848173662140518, -12.726970605030028 ], [ 54.884605693497605, -12.794684930511508 ], [ 54.973378603746021, -12.827390739550395 ], [ 55.108874098335697, -12.827390739550395 ], [ 55.197720165969812, -12.880196469722321 ], [ 55.365310955477007, -12.942444477253565 ], [ 55.48980697053949, -12.952021093796834 ], [ 55.504171895354396, -13.009480793056444 ], [ 55.590361444243811, -13.057363875772785 ], [ 55.705280842763031, -13.038210642686249 ], [ 55.743587308936107, -13.095670341945858 ], [ 55.734010692392836, -13.17707158256364 ], [ 55.815411933010616, -13.201013123921809 ], [ 55.83456516609715, -13.263261131453055 ], [ 55.781893775109175, -13.325509138984298 ], [ 55.767528850294276, -13.402122071330444 ], [ 55.734010692392836, -13.45479346231842 ], [ 55.641511559826178, -13.467490145025792 ], [ 55.655003605910871, -13.551756704819011 ], [ 55.789076237516625, -13.590063170992085 ], [ 55.765134696158455, -13.671464411609866 ], [ 55.846535936776235, -13.786383810129086 ], [ 55.765134696158455, -13.84863181766033 ], [ 55.779499620973361, -13.949186291364647 ], [ 55.779499620973361, -14.073682306427136 ], [ 55.674156838997405, -14.155083547044915 ], [ 55.655003605910871, -14.255638020749233 ], [ 55.578390673564726, -14.231696479391063 ], [ 55.501777741218575, -14.231696479391063 ], [ 55.391646650970991, -14.274791253835771 ], [ 55.453894658502236, -14.327462644823745 ], [ 55.401223267514261, -14.418440501984795 ], [ 55.286303868995041, -14.384922344083355 ], [ 55.204902628377262, -14.375345727540088 ], [ 55.089983229858042, -14.456746968157868 ], [ 55.046888455413331, -14.365769110996819 ], [ 55.056465071956602, -14.231696479391063 ], [ 55.022946914055161, -14.159871855316551 ], [ 54.946333981709017, -14.121565389143477 ], [ 54.922392440350848, -14.054529073340598 ], [ 54.869721049362873, -13.968339524451183 ], [ 54.761984113251103, -13.976719063926543 ], [ 54.680582872633323, -13.928835981210202 ], [ 54.665059954392255, -13.862200178010157 ], [ 54.527228330585501, -13.761746621676425 ], [ 54.422102515817649, -13.701007262032777 ], [ 54.33800186400336, -13.719696295769284 ], [ 54.225867661584317, -13.717360166552213 ], [ 54.130086363684711, -13.654284677691495 ], [ 54.017952161265669, -13.705679520466903 ], [ 53.966557318490267, -13.813141464451819 ], [ 54.008607644397415, -13.911258891568481 ], [ 54.008607644397415, -14.023393093987538 ], [ 54.064674745606936, -14.079460195197059 ], [ 54.134758622118845, -14.140199554840708 ], [ 54.290335748495117, -14.134134698356492 ], [ 54.366948680841269, -14.23468917206081 ], [ 54.395678530471073, -14.435798119469444 ], [ 54.563269319978268, -14.555505826260298 ], [ 54.630305635781149, -14.632118758606444 ], [ 54.601575786151344, -14.737461540582396 ], [ 54.577634244793167, -14.818862781200176 ], [ 54.802684733559971, -14.895475713546324 ], [ 54.893662590721021, -15.005606803793908 ], [ 54.970275523067173, -15.120526202313128 ], [ 55.123501387759461, -15.115737894041494 ], [ 55.200114320105612, -15.182774209844373 ], [ 55.157019545660901, -15.288116991820324 ], [ 55.214479244920511, -15.382686080185099 ], [ 55.137866312574367, -15.526335328334124 ], [ 55.080406613314757, -15.593371644137001 ], [ 55.046888455413317, -15.674772884754782 ], [ 54.946333981708996, -15.698714426112954 ], [ 54.946333981708996, -15.765750741915831 ], [ 55.032523530598411, -15.808845516360538 ], [ 55.027735222326783, -15.928553223151393 ], [ 55.118713079487826, -16.019531080312444 ], [ 55.056465071956588, -16.124873862288393 ], [ 55.066041688499851, -16.24936987735088 ], [ 54.979852139610436, -16.325982809697027 ], [ 54.903239207264292, -16.416960666858078 ], [ 54.908027515535927, -16.493573599204222 ], [ 54.951122289980631, -16.5462449901922 ], [ 54.955910598252267, -16.728200704514297 ], [ 54.951122289980631, -16.871849952663322 ], [ 54.845779508004682, -17.005922584269079 ], [ 54.941545673437368, -17.106477057973397 ], [ 54.912815823807563, -17.187878298591176 ], [ 55.003793680968606, -17.235761381307519 ], [ 54.999005372696978, -17.302797697110396 ], [ 54.860144432819581, -17.384198937728176 ], [ 54.807473041831607, -17.460811870074323 ], [ 54.596787477879708, -17.460811870074323 ], [ 54.491444695903752, -17.494330027975764 ], [ 54.467503154545582, -17.590096193408446 ], [ 54.381313605656167, -17.604461118223348 ], [ 54.285547440223489, -17.70022728365603 ], [ 54.223299432692244, -17.657132509211323 ], [ 54.304700673310023, -17.556578035507005 ], [ 54.261605898865312, -17.479965103160861 ], [ 54.108380034173024, -17.451235253531056 ], [ 53.993460635653804, -17.398563862543078 ], [ 53.945577552937458, -17.288432772295494 ], [ 53.940789244665829, -17.154360140689736 ], [ 53.964776666438581, -17.106385297144232 ], [ 53.998248943925439, -17.039440742170516 ], [ 53.969519094295634, -16.871849952663322 ], [ 53.883008932892281, -16.8161574070512 ], [ 53.864176312319678, -16.742565629329199 ], [ 53.912059395036025, -16.646799463896517 ], [ 53.993460635653804, -16.57018653155037 ], [ 53.974307402567263, -16.479208674389319 ], [ 54.050920334913414, -16.440902208216247 ], [ 54.132321575531194, -16.43132559167298 ], [ 54.122744958987923, -16.34034773451193 ], [ 54.184992966519168, -16.30682957661049 ], [ 54.285547440223489, -16.330771117968663 ], [ 54.314277289853294, -16.25894649389415 ], [ 54.213722816148973, -16.220640027721075 ], [ 54.094015109358118, -16.196698486362905 ], [ 53.974307402567263, -16.206275102906172 ], [ 53.845023079233144, -16.235004952535977 ], [ 53.701373831084119, -16.244581569079248 ], [ 53.576877816021629, -16.31640619315376 ], [ 53.440355955603266, -16.40343262370186 ], [ 53.357084038367674, -16.493110073032494 ], [ 53.261001056942, -16.544354329792856 ], [ 53.235378928561815, -16.678870503788804 ], [ 53.126484882946045, -16.730114760549167 ], [ 53.030401901520371, -16.730114760549167 ], [ 52.947129984284778, -16.704492632168986 ], [ 52.831830406573964, -16.659653907503671 ], [ 52.729341893053245, -16.576381990268082 ], [ 52.742152957243334, -16.473893476747357 ], [ 52.620447847437475, -16.352188366941498 ], [ 52.48593167344152, -16.281727513896001 ], [ 52.325793371065394, -16.217672192945546 ], [ 52.184871664974395, -16.230483257135639 ], [ 52.063166555168536, -16.18564453247032 ], [ 51.915839316982499, -16.153616871995094 ], [ 51.768512078796455, -16.172833468280231 ], [ 51.666023565275729, -16.29453857808609 ], [ 51.557129519659966, -16.307349642276183 ], [ 51.454641006139241, -16.249699853420775 ], [ 51.35855802471356, -16.198455596660413 ], [ 51.262475043287886, -16.18564453247032 ], [ 51.15998652976716, -16.198455596660413 ], [ 51.115147805101842, -16.127994743614913 ], [ 51.083120144626612, -15.948639844953648 ], [ 50.974226099010849, -15.884584524003195 ], [ 50.85252098920499, -15.929423248668511 ], [ 50.737221411494176, -15.987073037523919 ], [ 50.564272044927954, -16.063939422664461 ], [ 50.397728210456776, -16.012695165904098 ], [ 50.340078421601369, -15.910206652383376 ], [ 50.215170545747966, -15.89018936458635 ], [ 50.163926288987604, -15.909405960871485 ], [ 50.12549309641733, -16.018300006487255 ], [ 50.029410114991656, -16.031111070677344 ], [ 49.923718835423408, -16.066341497200092 ], [ 49.850055216330382, -16.079152561390185 ], [ 49.81802755585516, -16.034313836724866 ], [ 49.840446918187816, -15.976664047869461 ], [ 49.798810959570027, -15.922217025061576 ], [ 49.872474578663045, -15.826134043635898 ], [ 49.856460748425434, -15.78129531897058 ], [ 49.773188831189842, -15.733253828257741 ], [ 49.693119680001779, -15.749267658495354 ], [ 49.561806272053353, -15.746064892447832 ], [ 49.516967547388035, -15.685212337544902 ], [ 49.427290098057398, -15.630765314737017 ], [ 49.420884565962353, -15.569912759834088 ], [ 49.353626478964379, -15.53468233331134 ], [ 49.244732433348609, -15.51226297097868 ], [ 49.177474346350635, -15.435396585838138 ], [ 49.097405195162573, -15.380949563030253 ], [ 48.991713915594325, -15.393760627220344 ], [ 48.886022636026077, -15.380949563030253 ], [ 48.886022636026077, -15.288069347652097 ], [ 48.892428168121121, -15.182378068083851 ], [ 48.873515771520431, -15.085771330656094 ], [ 48.82837284717067, -15.073484022468081 ], [ 48.775398344403762, -14.959620352934671 ], [ 48.667936400418846, -14.856830667383882 ], [ 48.686625434155353, -14.782074532437839 ], [ 48.625886074511698, -14.718999043577135 ], [ 48.679617046504163, -14.609200970375149 ], [ 48.729087099697466, -14.45134671773681 ], [ 48.882819869978555, -14.374480332596267 ], [ 48.844386677408281, -14.307222245598291 ], [ 48.729087099697466, -14.323236075835906 ], [ 48.642612416414359, -14.310425011645815 ], [ 48.551129939565669, -14.286815138420387 ], [ 48.444040921467952, -14.275194585123065 ], [ 48.344755173994756, -14.304019479550769 ], [ 48.210238999998801, -14.438535653546719 ], [ 48.027681335290012, -14.460955015879378 ], [ 47.982842610624701, -14.569849061495146 ], [ 47.862738883842603, -14.573852519054553 ], [ 47.779466966607018, -14.650718904195095 ], [ 47.683383985181337, -14.695557628860412 ], [ 47.574489939565566, -14.689152096765367 ], [ 47.536285025379236, -14.823892899136338 ], [ 47.510342090437106, -14.924346029357952 ], [ 47.433568233474574, -15.02223976570772 ], [ 47.465595893949796, -15.124728279228444 ], [ 47.523790092782306, -15.206754078607176 ], [ 47.369138065812493, -15.260546087987981 ], [ 47.362414064639893, -15.408474113785193 ], [ 47.260621777765742, -15.435958754006959 ], [ 47.295174052913886, -15.677434160689215 ], [ 47.254830045878286, -15.832086187659028 ], [ 47.093454017735873, -15.663986158344013 ], [ 47.093454017735873, -15.4891621278564 ], [ 47.019490004837266, -15.395026111439991 ], [ 47.012766003664666, -15.132790065708569 ], [ 47.039662008355066, -14.904174025840151 ], [ 47.140522025944072, -14.810038009423744 ], [ 47.160694029461872, -14.655385982453931 ], [ 47.086730016563273, -14.514181957829319 ], [ 47.220907581075657, -14.375356089460153 ], [ 47.292223209501813, -14.188601704946356 ], [ 47.241382043533079, -14.008200869591128 ], [ 47.342242061122093, -13.873720846139117 ], [ 47.508251474774475, -13.859071532489123 ], [ 47.584306103335713, -13.705620816824103 ], [ 47.557410098645306, -13.598036798062495 ], [ 47.71206212561512, -13.463556774610483 ], [ 47.806198142031526, -13.329076751158473 ], [ 48.014642178382147, -13.194596727706461 ], [ 48.063391186883479, -13.066420455353757 ], [ 48.139876700221805, -13.008425945240075 ], [ 48.222245714586158, -13.016830946705827 ], [ 48.287804726019019, -12.981529940549674 ], [ 48.346639736279272, -12.914289928823669 ], [ 48.422284749471025, -12.929418931462019 ], [ 48.502972763542232, -12.81679191182096 ], [ 48.612237782596992, -12.81679191182096 ], [ 48.727386302677807, -12.757536651487426 ], [ 48.739993804876406, -12.682311888368949 ], [ 48.633250286261401, -12.629780629208014 ], [ 48.623164284502494, -12.420496092710822 ], [ 48.717300300918907, -12.296102071017712 ], [ 48.858504325543514, -12.168346048738302 ], [ 48.915658335510621, -12.047314027631492 ], [ 48.875314328475021, -11.936368008283583 ], [ 48.989622348409227, -11.835507990694575 ], [ 48.935830339028421, -11.670769961965862 ], [ 49.121219943532836, -11.648538963936323 ], [ 49.305479492991992, -11.608873708729694 ], [ 49.411106625595217, -11.577576780550961 ], [ 49.49717317808674, -11.554104084416911 ], [ 49.548030686377182, -11.511070808171153 ], [ 49.548030686377182, -11.444564835791343 ], [ 49.555854918421865, -11.381970979433877 ], [ 49.630185122846356, -11.358498283299827 ], [ 49.661482051025089, -11.299816542964701 ], [ 49.696691095226164, -11.248959034674259 ], [ 49.771021299650656, -11.272431730808309 ], [ 49.935330172589005, -11.174628830249768 ], [ 49.931418056566663, -11.268519614785967 ], [ 49.860999968164514, -11.335025587165777 ], [ 49.712339559315531, -11.464125415903052 ], [ 49.739724371471922, -11.511070808171153 ], [ 49.810713843986697, -11.546203184620516 ], [ 49.819052606201687, -11.642098950092837 ], [ 49.782757647717681, -11.714500841332921 ], [ 49.743636487494264, -11.745797769511654 ], [ 49.718987459621886, -11.808874194392509 ], [ 49.760681270696807, -11.821382337714986 ], [ 49.755372835561289, -11.865117308193076 ], [ 49.739724371471922, -11.908150584438834 ], [ 49.735812255449581, -11.951183860684594 ], [ 49.782757647717681, -11.986392904885669 ], [ 49.794493995784705, -12.052898877265477 ], [ 49.798406111807047, -12.135053313734653 ], [ 49.771021299650656, -12.232856214293196 ], [ 49.716251675337872, -12.244592562360221 ], [ 49.677130515114456, -12.279801606561296 ], [ 49.649745702958064, -12.330659114851738 ], [ 49.645833586935723, -12.401077203253889 ], [ 49.638009354891039, -12.459758943589014 ], [ 49.610624542734648, -12.506704335857114 ], [ 49.622360890801673, -12.557561844147557 ], [ 49.626273006824015, -12.624067816527365 ], [ 49.583239730578256, -12.663188976750783 ], [ 49.575904513036349, -12.702554644225597 ], [ 49.590574948120128, -12.72309325334289 ], [ 49.614047644254178, -12.727005369365232 ], [ 49.651212746466427, -12.727983398370817 ], [ 49.67370741359489, -12.731895514393159 ], [ 49.681531645639573, -12.751456094504867 ], [ 49.674685442600477, -12.773950761633332 ], [ 49.657080920499936, -12.794489370750625 ], [ 49.628718079337965, -12.794489370750625 ], [ 49.615025673259765, -12.81698403787909 ], [ 49.622849905304449, -12.865396473655569 ], [ 49.62676202132679, -12.939726678080062 ], [ 49.556343932924641, -12.974935722281137 ], [ 49.474189496455466, -13.010144766482211 ], [ 49.438980452254391, -13.057090158750311 ], [ 49.411595640098, -13.131420363174804 ], [ 49.352913899762875, -13.190102103509929 ], [ 49.255110999204334, -13.213574799643979 ], [ 49.172956562735159, -13.272256539979105 ], [ 49.106450590355344, -13.366147324515307 ], [ 48.996911341729778, -13.432653296895115 ], [ 48.914756905260603, -13.518719849386633 ], [ 49.039944617975536, -13.487422921207898 ], [ 49.192517142846867, -13.409180600761065 ], [ 49.333353319651167, -13.350498860425938 ], [ 49.442892568276733, -13.303553468157839 ], [ 49.544607584857616, -13.244871727822714 ], [ 49.607201441215082, -13.143156711241829 ], [ 49.685443761661915, -13.119684015107779 ], [ 49.783246662220463, -13.123596131130121 ], [ 49.818455706421538, -13.014056882504553 ], [ 49.955379767203496, -12.974935722281137 ], [ 50.064919015829062, -12.955375142169428 ], [ 50.15489768434292, -12.91625398194601 ], [ 50.20184307661102, -12.865396473655569 ], [ 50.162721916387603, -12.716736064806584 ], [ 50.194018844566337, -12.626757396292726 ], [ 50.170546148432287, -12.462448523354373 ], [ 50.182282496499312, -12.364645622795832 ], [ 50.237052120812095, -12.298139650416022 ], [ 50.287909629102536, -12.231633678036214 ], [ 50.315294441258928, -12.122094429410646 ], [ 50.299645977169561, -12.008643064762737 ], [ 50.244876352856778, -11.989082484651028 ], [ 50.158809800365262, -11.977346136584003 ], [ 50.13142498820887, -11.89910381613717 ], [ 50.174458264454628, -11.820861495690336 ], [ 50.244876352856778, -11.596892853411275 ], [ 50.327030789325953, -11.38172647218248 ], [ 50.370064065571718, -11.217417599244129 ], [ 50.327030789325953, -11.178296439020713 ], [ 50.366151949549376, -11.064845074372803 ], [ 50.409185225795134, -10.935745245635527 ], [ 50.503076010331334, -10.92009678154616 ], [ 50.600878910889875, -10.865327157233377 ], [ 50.606747084923391, -10.786106807780957 ], [ 50.673253057303199, -10.758721995624565 ], [ 50.755407493772374, -10.719600835401149 ], [ 50.774968073884082, -10.543555614395773 ], [ 50.814089234107499, -10.418367901680838 ], [ 50.868858858420282, -10.312740769077612 ], [ 50.957293648546973, -10.237017516868065 ], [ 51.076201007604396, -10.191465172385019 ], [ 51.156399386062404, -10.091706213815307 ], [ 51.250290170598603, -10.025200241435499 ], [ 51.328532491045436, -9.935221572921639 ], [ 51.398950579447586, -9.896100412698223 ], [ 51.465456551827394, -9.860891368497148 ], [ 51.539786756251893, -9.868715600541831 ], [ 51.555435220341259, -9.782649048050313 ], [ 51.598468496587017, -9.743527887826897 ], [ 51.551523104318917, -9.70440672760348 ], [ 51.547610988296576, -9.590955362955571 ], [ 51.582820032497651, -9.540097854665129 ], [ 51.641501772832775, -9.547922086709812 ], [ 51.7001835131679, -9.465767650240636 ], [ 51.743216789413658, -9.391437445816145 ], [ 51.805810645771125, -9.35622840161507 ], [ 51.856668154061566, -9.301458777302285 ], [ 51.989680098821182, -9.26624973310121 ], [ 52.091395115402065, -9.227128572877794 ], [ 52.165725319826564, -9.180183180609692 ], [ 52.263528220385105, -9.188007412654375 ], [ 52.333946308787255, -9.207567992766085 ], [ 52.412188629234088, -9.223216456855452 ], [ 52.517815761837312, -9.211480108788427 ], [ 52.56084903808307, -9.258425501056527 ], [ 52.623442894440537, -9.26624973310121 ], [ 52.576497502172437, -9.321019357413993 ], [ 52.580409618194778, -9.383613213771461 ], [ 52.599970198306487, -9.465767650240636 ], [ 52.58432173421712, -9.524449390575763 ], [ 52.560360023580209, -9.616873131603583 ], [ 52.623442894440537, -9.579219014888546 ], [ 52.658651938641611, -9.544009970687471 ], [ 52.686036750798003, -9.504888810464054 ], [ 52.670388286708636, -9.438382838084244 ], [ 52.639091358529903, -9.375788981726778 ], [ 52.65473982261927, -9.332755705481018 ], [ 52.713421562954402, -9.285810313212918 ], [ 52.807312347490601, -9.258425501056527 ], [ 52.901203132026801, -9.223216456855452 ], [ 53.173697798182658, -9.232866798871893 ], [ 53.561154217456497, -9.3356613590874 ], [ 53.75092879016205, -9.430548645440176 ], [ 53.845023079233158, -9.523592371306774 ], [ 53.849811387504793, -9.633723461554361 ], [ 53.80671661306009, -9.71512470217214 ], [ 53.840234770961523, -9.858773950321165 ], [ 53.761227684479564, -9.898277493562148 ], [ 53.622366744602168, -9.917430726648684 ], [ 53.593636894972363, -9.99404365899483 ], [ 53.574483661885829, -10.08502151615588 ], [ 53.512235654354583, -10.152057831958757 ], [ 53.569695353614193, -10.233459072576538 ], [ 53.555330428799294, -10.357955087639027 ], [ 53.636731669417074, -10.401049862083735 ], [ 53.66977383885488, -10.473466545882646 ] ] ] ] } },
{ "type": "Feature", "properties": { "id": 56, "name": "Three Sisters", "type": "region", "size": 2 }, "geometry": { "type": "MultiPolygon", "coordinates": [ [ [ [ 17.808862896815072, 17.74771472621169 ], [ 17.872974571124121, 17.860852974992365 ], [ 18.004969194701577, 17.898565724585925 ], [ 18.074819126488755, 18.003340622266688 ], [ 18.193564010526952, 18.094145533590019 ], [ 18.287814816653267, 18.090900747513075 ], [ 18.385867965596521, 18.1059858473505 ], [ 18.419809440230722, 18.056959272878871 ], [ 18.517862589173976, 18.056959272878871 ], [ 18.631000837954652, 18.03056034816338 ], [ 18.612144463157872, 17.932507199220129 ], [ 18.563117888686246, 17.909879549463994 ], [ 18.416130147587452, 17.909879549463994 ], [ 18.355697765921672, 17.87593807482979 ], [ 18.299128641531336, 17.815597675480095 ], [ 18.231245692262931, 17.823140225398806 ], [ 18.144506368197746, 17.823140225398806 ], [ 18.031368119417067, 17.77411365092718 ], [ 17.918229870636392, 17.732629626374266 ], [ 17.808862896815072, 17.74771472621169 ] ] ], [ [ [ 18.574431713564312, 18.230437921009241 ], [ 18.721511436979192, 18.309634695155715 ], [ 18.886394557426026, 18.358297470823114 ], [ 19.054034393715249, 18.358297470823114 ], [ 19.14483930503858, 18.337342491286961 ], [ 19.137854311859861, 18.225582600427479 ], [ 19.091096382996067, 18.13238477206599 ], [ 19.019442158768307, 18.155012421822125 ], [ 18.936474109662477, 18.19649644637504 ], [ 18.747910361694686, 18.20403899629375 ], [ 18.657399762670142, 18.200267721334395 ], [ 18.574431713564312, 18.230437921009241 ] ] ], [ [ [ 19.354389100400105, 18.16271766181902 ], [ 19.480118977617025, 18.204627620891326 ], [ 19.633788827548809, 18.155732668640304 ], [ 19.728441851127211, 18.090900747513075 ], [ 19.852893924785956, 18.08712947255372 ], [ 19.883064124460802, 18.019246523285315 ], [ 19.777468425598837, 18.000390148488535 ], [ 19.713356751289787, 17.94759229905755 ], [ 19.626803834370094, 17.967137852814925 ], [ 19.542983916225481, 17.974122845993652 ], [ 19.424239032187284, 18.016032805065951 ], [ 19.333434120863952, 18.120807702746717 ], [ 19.354389100400105, 18.16271766181902 ] ] ] ] } },
{ "type": "Feature", "properties": { "id": 57, "name": "The Summer Isles", "type": "country", "size": 4, "active": true }, "geometry": { "type": "MultiPolygon", "coordinates": [ [ [ [ 31.920955019685341, -36.162065855116801 ], [ 32.03152881863857, -36.114677084136844 ], [ 32.094713846611846, -36.046226637165795 ], [ 32.147368036589576, -35.983041609192519 ], [ 32.168429712580668, -35.940918257210335 ], [ 32.18949138857176, -35.882998648234832 ], [ 32.257941835542809, -35.867202391241513 ], [ 32.300065187524993, -35.86193697224374 ], [ 32.357984796500496, -35.793486525272691 ], [ 32.436966081467091, -35.793486525272691 ], [ 32.45276233846041, -35.846140715250421 ], [ 32.458027757458183, -35.91459116222147 ], [ 32.479089433449275, -35.940918257210335 ], [ 32.40010814848268, -36.051492056163568 ], [ 32.410638986478226, -36.114677084136844 ], [ 32.421169824473772, -36.188392950105666 ], [ 32.363250215498269, -36.235781721085623 ], [ 32.279003511533901, -36.267374235072261 ], [ 32.247410997547263, -36.330559263045529 ], [ 32.194756807569533, -36.393744291018805 ], [ 32.110510103605165, -36.42007138600767 ], [ 32.105244684607392, -36.488521832978719 ], [ 32.105244684607392, -36.541176022956449 ], [ 32.068386751622981, -36.609626469927498 ], [ 32.005201723649705, -36.609626469927498 ], [ 31.968343790665298, -36.662280659905228 ], [ 31.926220438683114, -36.720200268880731 ], [ 31.926220438683114, -36.793916134849553 ], [ 31.920955019685341, -36.867632000818375 ], [ 31.910424181689795, -36.94661328578497 ], [ 31.905158762692022, -36.9992674757627 ], [ 31.857769991712065, -36.94661328578497 ], [ 31.836708315720973, -36.84130490582951 ], [ 31.784054125743243, -36.783385296854007 ], [ 31.789319544741016, -36.699138592889639 ], [ 31.810381220732108, -36.57803395594086 ], [ 31.836708315720973, -36.493787251976492 ], [ 31.841973734718746, -36.388478872021032 ], [ 31.93675127667866, -36.356886358034394 ], [ 31.952547533671979, -36.28317049206558 ], [ 31.963078371667525, -36.193658369103439 ], [ 31.920955019685341, -36.162065855116801 ] ] ], [ [ [ 31.894627924696476, -37.15723004569589 ], [ 31.868300829707611, -37.120372112711479 ], [ 31.88409708670093, -37.072983341731522 ], [ 31.920955019685341, -37.130902950707025 ], [ 31.894627924696476, -37.15723004569589 ] ] ], [ [ [ 31.471311671733417, -32.048436772556286 ], [ 31.527280237206977, -32.013789565358373 ], [ 31.561927444404894, -31.98713786751382 ], [ 31.612565670309539, -31.989803037298273 ], [ 31.620561179662907, -32.016454735142823 ], [ 31.655208386860824, -32.045771602771829 ], [ 31.695185933627648, -32.061762621478564 ], [ 31.759150008454572, -32.075088470400836 ], [ 31.807123064574764, -32.05643228190965 ], [ 31.860426460263866, -32.05643228190965 ], [ 31.871087139401688, -32.08041880996975 ], [ 31.844435441557138, -32.109735677598756 ], [ 31.828444422850406, -32.160373903503405 ], [ 31.860426460263866, -32.189690771132412 ], [ 31.900404007030694, -32.213677299192504 ], [ 31.95637257250425, -32.211012129408047 ], [ 31.977693930779893, -32.189690771132412 ], [ 31.967033251642071, -32.14171771501222 ], [ 31.967033251642071, -32.099074998460935 ], [ 32.003013043732217, -32.050435649894631 ], [ 31.99768270416331, -32.021118782265624 ], [ 32.029664741576774, -31.975810895929886 ], [ 32.066977118559144, -31.949159198085333 ], [ 32.136271532954979, -31.949159198085333 ], [ 32.176249079721806, -31.930503009594148 ], [ 32.237547984764269, -31.946494028300879 ], [ 32.280190701315554, -31.925172670025237 ], [ 32.36014579484921, -31.914511990887416 ], [ 32.466752586227415, -31.911846821102962 ], [ 32.514725642347607, -31.885195123258409 ], [ 32.602676245234626, -31.893190632611777 ], [ 32.685296508552732, -31.85854342541386 ], [ 32.773247111439751, -31.869204104551681 ], [ 32.810559488422122, -31.839887236922674 ], [ 32.869193223680135, -31.813235539078121 ], [ 32.935822468291512, -31.810570369293668 ], [ 32.991791033765075, -31.837222067138217 ], [ 33.050424769023088, -31.8265613880004 ], [ 33.085071976221002, -31.847882746276039 ], [ 33.146370881263472, -31.86387376498277 ], [ 33.205004616521485, -31.866538934767224 ], [ 33.244982163288313, -31.834556897353764 ], [ 33.260973181995041, -31.791914180802483 ], [ 33.282294540270684, -31.759932143389019 ], [ 33.268968691348405, -31.693302898777642 ], [ 33.303615898546319, -31.698633238346552 ], [ 33.367579973373246, -31.693302898777642 ], [ 33.415553029493438, -31.661320861364182 ], [ 33.479517104320358, -31.669316370717546 ], [ 33.559472197854014, -31.642664672872993 ], [ 33.618105933112041, -31.600021956321712 ], [ 33.674074498585597, -31.560044409554884 ], [ 33.703391366214603, -31.573370258477162 ], [ 33.724712724490246, -31.597356786537258 ], [ 33.740703743196974, -31.621343314597354 ], [ 33.762025101472616, -31.642664672872993 ], [ 33.809998157592808, -31.655990521795271 ], [ 33.8819577417731, -31.637334333304086 ], [ 33.924600458324377, -31.600021956321712 ], [ 33.94592181660002, -31.55204890020152 ], [ 33.94592181660002, -31.512071353434692 ], [ 33.972573514444569, -31.461433127530047 ], [ 33.977903854013483, -31.408129731840944 ], [ 33.977903854013483, -31.360156675720752 ], [ 33.959247665522298, -31.314848789385014 ], [ 33.980569023797933, -31.256215054127001 ], [ 34.017881400780311, -31.256215054127001 ], [ 34.063189287116046, -31.258880223911458 ], [ 34.09783649431396, -31.21890267714463 ], [ 34.153805059787523, -31.173594790808892 ], [ 34.169796078494251, -31.136282413826521 ], [ 34.156470229571973, -31.088309357706329 ], [ 34.153805059787523, -31.035005962017227 ], [ 34.156470229571973, -30.971041887190303 ], [ 34.212438795045529, -30.981702566328124 ], [ 34.231094983536721, -30.957716038268028 ], [ 34.295059058363641, -30.947055359130207 ], [ 34.383009661250661, -30.949720528914661 ], [ 34.43364788715531, -30.963046377836939 ], [ 34.49761196198223, -30.925734000854565 ], [ 34.606883923144892, -30.918404783947313 ], [ 34.617544602282713, -30.934395802654045 ], [ 34.612214262713799, -30.963712670283051 ], [ 34.601553583575978, -31.003690217049879 ], [ 34.630870451204984, -31.04633293360116 ], [ 34.665517658402905, -31.059658782523435 ], [ 34.692169356247454, -31.088975650152442 ], [ 34.708160374954183, -31.126288027134812 ], [ 34.676178337540726, -31.131618366703723 ], [ 34.64952663969617, -31.155604894763819 ], [ 34.660187318833991, -31.195582441530647 ], [ 34.68417384689409, -31.219568969590743 ], [ 34.697499695816362, -31.25954651635757 ], [ 34.68417384689409, -31.310184742262216 ], [ 34.633535620989441, -31.344831949460133 ], [ 34.588227734653707, -31.376813986873596 ], [ 34.604218753360435, -31.427452212778242 ], [ 34.64952663969617, -31.464764589760616 ], [ 34.697499695816362, -31.478090438682891 ], [ 34.74813792172101, -31.523398325018629 ], [ 34.766794110212196, -31.568706211354364 ], [ 34.742807582152103, -31.608683758121192 ], [ 34.766794110212196, -31.632670286181288 ], [ 34.766794110212196, -31.691304021439301 ], [ 34.796110977841202, -31.731281568206128 ], [ 34.798776147625659, -31.765928775404046 ], [ 34.825427845470209, -31.81123666173978 ], [ 34.865405392237037, -31.843218699153244 ], [ 34.868070562021494, -31.893856925057889 ], [ 34.929369467063964, -31.928504132255807 ], [ 34.981340277860838, -31.967149094130406 ], [ 35.055965031825586, -31.969814263914863 ], [ 35.093277408807957, -31.993800791974959 ], [ 35.0906122390235, -32.031113168957326 ], [ 35.111933597299142, -32.047104187664061 ], [ 35.117263936868049, -32.087081734430889 ], [ 35.101272918161321, -32.129724450982167 ], [ 35.111933597299142, -32.156376148826723 ], [ 35.111933597299142, -32.196353695593544 ], [ 35.06396054117895, -32.18835818624018 ], [ 35.02664816419658, -32.193688525809094 ], [ 35.018652654843208, -32.220340223653643 ], [ 35.02664816419658, -32.268313279773835 ], [ 35.021317824627666, -32.294964977618385 ], [ 35.02931333398103, -32.340272863954127 ], [ 35.061295371394493, -32.390911089858768 ], [ 35.109268427514685, -32.409567278349954 ], [ 35.146580804497056, -32.441549315763417 ], [ 35.146580804497056, -32.473531353176881 ], [ 35.207879709539526, -32.508844852820907 ], [ 35.237196577168532, -32.543492060018828 ], [ 35.301160651995453, -32.572808927647834 ], [ 35.319816840486638, -32.607456134845748 ], [ 35.389111254882472, -32.663424700319311 ], [ 35.431753971433757, -32.679415719026039 ], [ 35.439749480787121, -32.727388775146231 ], [ 35.423758462080393, -32.748710133421874 ], [ 35.407767443373658, -32.78069217083533 ], [ 35.410432613158115, -32.836660736308893 ], [ 35.359794387253466, -32.863312434153443 ], [ 35.282504463504267, -32.857982094584528 ], [ 35.237196577168532, -32.900624811135813 ], [ 35.202549369970619, -32.937937188118184 ], [ 35.159906653419334, -32.956593376609369 ], [ 35.165236992988241, -33.009896772298475 ], [ 35.197219030401705, -33.039213639927482 ], [ 35.27717412393536, -33.025887791005204 ], [ 35.30382582177991, -33.009896772298475 ], [ 35.354464047684559, -33.023222621220746 ], [ 35.386446085098022, -33.057869828418667 ], [ 35.466401178631671, -33.057869828418667 ], [ 35.541025932596419, -33.073860847125395 ], [ 35.612985516776703, -33.100512544969945 ], [ 35.64230238440571, -33.135159752167866 ], [ 35.652963063543531, -33.17780246871915 ], [ 35.64230238440571, -33.244431713330528 ], [ 35.644967554190167, -33.300400278804084 ], [ 35.636972044836803, -33.340377825570911 ], [ 35.636972044836803, -33.383020542122189 ], [ 35.628976535483439, -33.428328428457931 ], [ 35.727587817508265, -33.500954305084328 ], [ 35.823533929748649, -33.548927361204527 ], [ 35.924810381557947, -33.602230756893626 ], [ 35.956792418971411, -33.580909398617983 ], [ 36.04740819164288, -33.591570077755804 ], [ 36.074059889487437, -33.639543133875996 ], [ 36.122032945607629, -33.666194831720546 ], [ 36.17000600172782, -33.714167887840745 ], [ 36.223309397416919, -33.762140943960937 ], [ 36.271282453537111, -33.847426377063499 ], [ 36.297934151381661, -33.906060112321512 ], [ 36.265952113968204, -33.975354526717346 ], [ 36.265952113968204, -34.055309620250995 ], [ 36.324585849226217, -34.081961318095551 ], [ 36.329916188795124, -34.167246751198114 ], [ 36.393880263622052, -34.231210826025034 ], [ 36.399210603190959, -34.28451422171414 ], [ 36.4738353571557, -34.353808636109974 ], [ 36.564451129827177, -34.273853542576319 ], [ 36.612424185947368, -34.257862523869584 ], [ 36.681718600343203, -34.337817617403239 ], [ 36.745682675170123, -34.353808636109974 ], [ 36.798986070859229, -34.433763729643623 ], [ 36.894932183099613, -34.444424408781444 ], [ 36.932244560081983, -34.508388483608371 ], [ 36.894932183099613, -34.577682898004205 ], [ 36.894932183099613, -34.641646972831126 ], [ 36.969556937064354, -34.716271726795867 ], [ 36.958896257926533, -34.780235801622794 ], [ 36.958896257926533, -34.817548178605165 ], [ 37.028190672322367, -34.812217839036251 ], [ 37.118806444993844, -34.806887499467344 ], [ 37.214752557234227, -34.806887499467344 ], [ 37.294707650767883, -34.806887499467344 ], [ 37.358671725594803, -34.796226820329522 ], [ 37.369332404732624, -34.77490546205388 ], [ 37.454617837835187, -34.77490546205388 ], [ 37.529242591799935, -34.742923424640416 ], [ 37.539903270937749, -34.668298670675675 ], [ 37.63584938317814, -34.673629010244589 ], [ 37.69981345800506, -34.700280708089139 ], [ 37.737125834987431, -34.748253764209331 ], [ 37.843732626365636, -34.737593085071509 ], [ 37.918357380330377, -34.689620028951317 ], [ 37.950339417743841, -34.625655954124397 ], [ 38.030294511277496, -34.668298670675675 ], [ 38.12624062351788, -34.700280708089139 ], [ 38.1902046983448, -34.678959349813496 ], [ 38.296811489723005, -34.673629010244589 ], [ 38.360775564549932, -34.614995274986576 ], [ 38.360775564549932, -34.56169187929747 ], [ 38.371436243687754, -34.524379502315099 ], [ 38.435400318514674, -34.471076106626001 ], [ 38.462052016359223, -34.396451352661252 ], [ 38.520685751617236, -34.359138975678881 ], [ 38.520685751617236, -34.279183882145226 ], [ 38.5526677890307, -34.225880486456127 ], [ 38.643283561702177, -34.215219807318306 ], [ 38.669935259546726, -34.177907430335935 ], [ 38.70191729696019, -34.199228788611578 ], [ 38.723238655235832, -34.268523203007405 ], [ 38.70191729696019, -34.34847829654106 ], [ 38.707247636529097, -34.412442371367987 ], [ 38.73922967394256, -34.460415427488179 ], [ 38.744560013511467, -34.519049162746192 ], [ 38.680595938684547, -34.567022218866384 ], [ 38.643283561702177, -34.630986293693304 ], [ 38.643283561702177, -34.68428968938241 ], [ 38.675265599115633, -34.705611047658046 ], [ 38.744560013511467, -34.732262745502602 ], [ 38.749890353080382, -34.780235801622794 ], [ 38.717908315666918, -34.822878518174072 ], [ 38.70191729696019, -34.870851574294264 ], [ 38.707247636529097, -34.918824630414456 ], [ 38.664604919977819, -35.030761761361575 ], [ 38.616631863857627, -35.078734817481767 ], [ 38.563328468168521, -35.100056175757409 ], [ 38.462052016359223, -35.094725836188495 ], [ 38.424739639376853, -35.142698892308687 ], [ 38.371436243687754, -35.206662967135614 ], [ 38.33945420627429, -35.259966362824713 ], [ 38.270159791878456, -35.318600098082726 ], [ 38.243508094033906, -35.371903493771832 ], [ 38.200865377482621, -35.398555191616381 ], [ 38.110249604811152, -35.419876549892024 ], [ 38.024964171708582, -35.45185858730548 ], [ 37.929018059468198, -35.478510285150037 ], [ 37.838402286796729, -35.446528247736573 ], [ 37.737125834987431, -35.425206889460931 ], [ 37.683822439298332, -35.446528247736573 ], [ 37.641179722747047, -35.542474359976957 ], [ 37.566554968782306, -35.547804699545871 ], [ 37.459948177404101, -35.510492322563493 ], [ 37.411975121283909, -35.515822662132408 ], [ 37.353341386025896, -35.574456397390421 ], [ 37.326689688181339, -35.617099113941698 ], [ 37.294707650767883, -35.670402509630804 ], [ 37.193431198958585, -35.697054207475354 ], [ 37.11347610542493, -35.697054207475354 ], [ 37.054842370166917, -35.659741830492983 ], [ 37.006869314046725, -35.611768774372791 ], [ 36.921583880944162, -35.606438434803877 ], [ 36.80964674999705, -35.590447416097149 ], [ 36.713700637756666, -35.579786736959328 ], [ 36.59643316724064, -35.590447416097149 ], [ 36.484496036293521, -35.585117076528242 ], [ 36.38321958448423, -35.53714402040805 ], [ 36.329916188795124, -35.494501303856765 ], [ 36.265952113968204, -35.45185858730548 ], [ 36.207318378710191, -35.45185858730548 ], [ 36.138023964314357, -35.457188926874394 ], [ 36.04740819164288, -35.467849606012216 ], [ 35.967453098109232, -35.467849606012216 ], [ 35.892828344144483, -35.446528247736573 ], [ 35.807542911041921, -35.446528247736573 ], [ 35.748909175783908, -35.398555191616381 ], [ 35.652963063543524, -35.398555191616381 ], [ 35.599659667854418, -35.371903493771832 ], [ 35.599659667854418, -35.32393043765164 ], [ 35.573007970009868, -35.254636023255806 ], [ 35.599659667854418, -35.206662967135614 ], [ 35.668954082250252, -35.158689911015422 ], [ 35.636972044836796, -35.11071685489523 ], [ 35.610320346992239, -35.036092100930482 ], [ 35.535695593027498, -34.982788705241383 ], [ 35.477061857769485, -34.982788705241383 ], [ 35.423758462080386, -35.057413459206124 ], [ 35.349133708115637, -35.014770742654839 ], [ 35.327812349839888, -34.949474082935694 ], [ 35.269178614581875, -34.906831366384409 ], [ 35.215875218892776, -34.864188649833125 ], [ 35.135920125359121, -34.864188649833125 ], [ 35.045304352687644, -34.864188649833125 ], [ 34.965349259153989, -34.837536951988575 ], [ 34.917376203033797, -34.805554914575119 ], [ 34.890724505189247, -34.746921179317106 ], [ 34.880063826051426, -34.661635746214536 ], [ 34.800108732517771, -34.650975067076715 ], [ 34.714823299415208, -34.629653708801079 ], [ 34.624207526743739, -34.603002010956523 ], [ 34.581564810192454, -34.539037936129603 ], [ 34.538922093641169, -34.469743521733768 ], [ 34.565573791485726, -34.384458088631206 ], [ 34.576234470623547, -34.320494013804286 ], [ 34.624207526743739, -34.261860278546273 ], [ 34.608216508037003, -34.197896203719345 ], [ 34.560243451916811, -34.192565864150438 ], [ 34.48561869795207, -34.235208580701716 ], [ 34.410993943987329, -34.229878241132809 ], [ 34.29905681304021, -34.229878241132809 ], [ 34.261744436057839, -34.139262468461332 ], [ 34.256414096488932, -34.059307374927677 ], [ 34.187119682093098, -34.059307374927677 ], [ 34.083178060499343, -34.021994997945306 ], [ 34.040535343948065, -33.947370243980565 ], [ 33.960580250414409, -33.947370243980565 ], [ 33.939258892138767, -33.99001296053185 ], [ 33.99789262739678, -34.016664658376399 ], [ 33.99789262739678, -34.128601789323511 ], [ 33.93392855256986, -34.171244505874796 ], [ 33.843312779898383, -34.181905185012617 ], [ 33.806000402916013, -34.251199599408451 ], [ 33.78467904464037, -34.347145711648835 ], [ 33.699393611537808, -34.384458088631206 ], [ 33.566135122315046, -34.363136730355563 ], [ 33.491510368350305, -34.30450299509755 ], [ 33.427546293523385, -34.30450299509755 ], [ 33.315609162576266, -34.320494013804286 ], [ 33.272966446024988, -34.368467069924478 ], [ 33.17168999421569, -34.379127749062292 ], [ 33.027770825855114, -34.384458088631206 ], [ 32.89451233663236, -34.373797409493385 ], [ 32.814557243098704, -34.320494013804286 ], [ 32.7079504517205, -34.341815372079921 ], [ 32.606673999911202, -34.363136730355563 ], [ 32.526718906377553, -34.437761484320305 ], [ 32.430772794137162, -34.528377256991782 ], [ 32.300179474698865, -34.610997520309894 ], [ 32.289518795561044, -34.674961595136814 ], [ 32.246876079009766, -34.706943632550278 ], [ 32.19357268332066, -34.744256009532648 ], [ 32.124278268924826, -34.744256009532648 ], [ 32.044323175391177, -34.760247028239377 ], [ 32.001680458839893, -34.813550423928483 ], [ 31.98035910056425, -34.866853819617582 ], [ 31.905734346599509, -34.904166196599952 ], [ 31.857761290479317, -34.96813027142688 ], [ 31.841770271772585, -35.0320943462538 ], [ 31.756484838670023, -35.053415704529442 ], [ 31.676529745136367, -35.048085364960535 ], [ 31.655208386860725, -34.978790950564701 ], [ 31.596574651602715, -34.957469592289058 ], [ 31.52194989763797, -35.000112308840336 ], [ 31.468646501948868, -35.048085364960535 ], [ 31.426003785397587, -35.117379779356362 ], [ 31.394021747984123, -35.219988816057885 ], [ 31.340718352295021, -35.283952890884812 ], [ 31.250102579623547, -35.305274249160455 ], [ 31.191468844365534, -35.369238323987375 ], [ 31.223450881778994, -35.427872059245388 ], [ 31.239441900485726, -35.529148511054679 ], [ 31.212790202641177, -35.598442925450513 ], [ 31.244772240054637, -35.66240700027744 ], [ 31.30340597531265, -35.705049716828718 ], [ 31.324727333588292, -35.779674470793466 ], [ 31.30340597531265, -35.848968885189301 ], [ 31.27142393789919, -35.891611601740578 ], [ 31.180808165227713, -35.891611601740578 ], [ 31.1221744299697, -35.950245336998591 ], [ 31.106183411262972, -36.019539751394426 ], [ 31.052880015573869, -36.083503826221346 ], [ 31.010237299022585, -36.163458919755001 ], [ 30.962264242902393, -36.232753334150836 ], [ 30.919621526351111, -36.318038767253398 ], [ 30.946273224195664, -36.360681483804683 ], [ 30.935612545057843, -36.435306237769424 ], [ 30.898300168075469, -36.483279293889616 ], [ 30.834336093248549, -36.477948954320709 ], [ 30.781032697559446, -36.531252350009808 ], [ 30.770372018421625, -36.611207443543464 ], [ 30.727729301870344, -36.680501857939298 ], [ 30.65843488747451, -36.712483895352761 ], [ 30.69041692488797, -36.755126611904039 ], [ 30.701077604025791, -36.819090686730966 ], [ 30.754380999714893, -36.856403063713337 ], [ 30.786363037128357, -36.888385101126794 ], [ 30.765041678852715, -36.989661552936091 ], [ 30.733059641439255, -37.133580721296667 ], [ 30.669095566612331, -37.213535814830323 ], [ 30.615792170923228, -37.293490908363978 ], [ 30.589140473078675, -37.389437020604362 ], [ 30.557158435665215, -37.448070755862375 ], [ 30.498524700407202, -37.496043811982567 ], [ 30.434560625580279, -37.480052793275831 ], [ 30.391917909028997, -37.40542803931109 ], [ 30.322623494633163, -37.40542803931109 ], [ 30.269320098944061, -37.442740416293461 ], [ 30.189365005410409, -37.496043811982567 ], [ 30.152052628428034, -37.549347207671666 ], [ 30.093418893170021, -37.607980942929679 ], [ 30.024124478774191, -37.607980942929679 ], [ 29.944169385240535, -37.693266376032241 ], [ 29.986812101791816, -37.794542827841539 ], [ 29.949499724809446, -37.853176563099552 ], [ 29.869544631275794, -37.901149619219744 ], [ 29.789589537742138, -38.002426071029042 ], [ 29.746946821190857, -37.921138392603154 ], [ 29.704304104639576, -37.857174317776234 ], [ 29.672322067226112, -37.761228205535851 ], [ 29.613688331968099, -37.734576507691301 ], [ 29.544393917572268, -37.713255149415659 ], [ 29.453778144900792, -37.675942772433288 ], [ 29.4058050887806, -37.638630395450917 ], [ 29.325849995246948, -37.595987678899633 ], [ 29.341841013953676, -37.553344962348348 ], [ 29.341841013953676, -37.484050547952521 ], [ 29.325849995246948, -37.430747152263415 ], [ 29.288537618264574, -37.404095454418865 ], [ 29.267216259988935, -37.350792058729759 ], [ 29.251225241282203, -37.292158323471746 ], [ 29.176600487317458, -37.29748866304066 ], [ 29.096645393783806, -37.329470700454117 ], [ 29.043341998094704, -37.313479681747388 ], [ 29.006029621112333, -37.249515606920468 ], [ 28.952726225423227, -37.185551532093541 ], [ 28.878101471458486, -37.153569494680085 ], [ 28.862110452751754, -37.078944740715336 ], [ 28.878101471458486, -37.025641345026237 ], [ 28.883431811027396, -36.940355911923675 ], [ 28.883431811027396, -36.892382855803476 ], [ 28.883431811027396, -36.812427762269827 ], [ 28.846119434045022, -36.743133347873993 ], [ 28.830128415338294, -36.647187235633609 ], [ 28.824798075769383, -36.572562481668861 ], [ 28.808807057062651, -36.492607388135212 ], [ 28.76616434051137, -36.433973652877199 ], [ 28.718191284391178, -36.407321955032643 ], [ 28.675548567839897, -36.332697201067901 ], [ 28.664887888702076, -36.231420749258611 ], [ 28.696869926115536, -36.220760070120789 ], [ 28.73418230309791, -36.178117353569505 ], [ 28.76616434051137, -36.092831920466942 ], [ 28.776825019649191, -36.012876826933287 ], [ 28.776825019649191, -35.948912752106366 ], [ 28.718191284391178, -35.890279016848353 ], [ 28.728851963528999, -35.826314942021426 ], [ 28.680878907408808, -35.7330339995655 ], [ 28.600923813875152, -35.7330339995655 ], [ 28.542290078617139, -35.70638230172095 ], [ 28.526299059910407, -35.626427208187295 ], [ 28.526299059910407, -35.541141775084732 ], [ 28.520968720341497, -35.461186681551077 ], [ 28.478326003790215, -35.34391921103505 ], [ 28.520968720341497, -35.349249550603957 ], [ 28.558281097323871, -35.397222606724156 ], [ 28.622245172150794, -35.402552946293063 ], [ 28.643566530426433, -35.349249550603957 ], [ 28.643566530426433, -35.295946154914859 ], [ 28.611584493012973, -35.226651740519024 ], [ 28.648896869995344, -35.152026986554283 ], [ 28.686209246977715, -35.09339325129627 ], [ 28.696869926115536, -35.045420195176078 ], [ 28.696869926115536, -34.960134762073515 ], [ 28.664887888702076, -34.896170687246588 ], [ 28.691539586546625, -34.800224575006204 ], [ 28.654227209564255, -34.789563895868383 ], [ 28.622245172150794, -34.842867291557489 ], [ 28.542290078617139, -34.869518989402039 ], [ 28.515638380772589, -34.826876272850754 ], [ 28.499647362065858, -34.762912198023834 ], [ 28.472995664221305, -34.677626764921271 ], [ 28.430352947670023, -34.634984048369986 ], [ 28.393040570687653, -34.597671671387616 ], [ 28.393040570687653, -34.523046917422874 ], [ 28.313085477153997, -34.507055898716139 ], [ 28.291764118878358, -34.427100805182491 ], [ 28.33440683542964, -34.347145711648835 ], [ 28.361058533274189, -34.256529938977359 ], [ 28.430352947670023, -34.192565864150438 ], [ 28.526299059910407, -34.155253487168068 ], [ 28.627575511719705, -34.107280431047869 ], [ 28.723521623960089, -34.059307374927677 ], [ 28.712860944822268, -33.995343300100757 ], [ 28.686209246977715, -33.947370243980565 ], [ 28.627575511719705, -33.899397187860373 ], [ 28.627575511719705, -33.808781415188896 ], [ 28.707530605253357, -33.77679937777544 ], [ 28.819467736200473, -33.696844284241784 ], [ 28.830128415338294, -33.611558851139222 ], [ 28.968717244129959, -33.584907153294665 ], [ 29.075324035508164, -33.547594776312295 ], [ 29.064663356370342, -33.467639682778639 ], [ 29.043341998094704, -33.339711533124799 ], [ 29.1979218455931, -33.291738477004607 ], [ 29.325849995246948, -33.198457534548673 ], [ 29.453778144900792, -33.081190064032647 ], [ 29.475099503176434, -32.963922593516621 ], [ 29.645670369381563, -32.9532619143788 ], [ 29.688313085932844, -32.878637160414058 ], [ 29.848223273000151, -32.835994443862774 ], [ 29.976151422653999, -32.878637160414058 ], [ 30.146722288859124, -32.835994443862774 ], [ 30.189365005410409, -32.718726973346755 ], [ 30.370596550753355, -32.622780861106364 ], [ 30.562488775234126, -32.558816786279444 ], [ 30.69041692488797, -32.441549315763417 ], [ 30.754380999714893, -32.292299807833935 ], [ 30.803686640727406, -32.240995289483173 ], [ 30.862320375985416, -32.222339100991981 ], [ 30.950270978872435, -32.20901325206971 ], [ 31.035556411975001, -32.201017742716346 ], [ 31.1128463357242, -32.198352572931888 ], [ 31.211457617749037, -32.187691893794067 ], [ 31.275421692575961, -32.155709856380604 ], [ 31.378030729277491, -32.107070507814299 ], [ 31.436664464535504, -32.091079489107571 ], [ 31.471311671733417, -32.048436772556286 ] ] ], [ [ [ 28.204608655737413, -35.932248717087298 ], [ 28.16120667997631, -35.878830900765941 ], [ 28.164545293496396, -35.802042789803991 ], [ 28.21462449629767, -35.765318041083056 ], [ 28.244672017978431, -35.685191316601021 ], [ 28.227978950378009, -35.585032910998478 ], [ 28.304767061339959, -35.598387365078814 ], [ 28.338153196540809, -35.658482408440342 ], [ 28.338153196540809, -35.745286359962549 ], [ 28.351507650621148, -35.822074470924498 ], [ 28.378216558781826, -35.888846741326198 ], [ 28.378216558781826, -35.962296238768062 ], [ 28.331475969500637, -36.019052668609504 ], [ 28.288073993739534, -36.109195233651796 ], [ 28.281396766699366, -35.968973465808233 ], [ 28.204608655737413, -35.932248717087298 ] ] ], [ [ [ 34.564667411499002, -30.757397760955826 ], [ 34.614746614300273, -30.703979944634469 ], [ 34.671503044141716, -30.703979944634469 ], [ 34.70155056582248, -30.627191833672519 ], [ 34.778338676784429, -30.61383737959218 ], [ 34.798370357904936, -30.667255195913537 ], [ 34.835095106625872, -30.703979944634469 ], [ 34.835095106625872, -30.744043306875486 ], [ 34.761645609184008, -30.767413601516083 ], [ 34.674841657661801, -30.760736374475911 ], [ 34.564667411499002, -30.757397760955826 ] ] ], [ [ [ 38.886502613248815, -34.351415215327116 ], [ 38.889841226768901, -34.308013239566009 ], [ 38.859793705088137, -34.251256809724566 ], [ 38.899857067329151, -34.234563742124145 ], [ 38.929904589009915, -34.284642944925416 ], [ 38.933243202530001, -34.334722147726687 ], [ 38.886502613248815, -34.351415215327116 ] ] ], [ [ [ 33.948693217043356, -35.938925944127469 ], [ 33.952031830563442, -35.865476446685605 ], [ 34.065544690246327, -35.865476446685605 ], [ 34.169041709368962, -35.902201195406533 ], [ 34.199089231049719, -35.932248717087298 ], [ 34.115623893047598, -35.965634852288147 ], [ 34.085576371366841, -36.012375441569333 ], [ 34.028819941525398, -36.049100190290268 ], [ 33.952031830563442, -36.045761576770182 ], [ 33.915307081842514, -36.002359601009083 ], [ 33.948693217043356, -35.938925944127469 ] ] ], [ [ [ 34.456162472096253, -35.982327919888576 ], [ 34.422776336895403, -35.922232876527048 ], [ 34.449485245056081, -35.892185354846283 ], [ 34.549643650658631, -35.895523968366369 ], [ 34.599722853459902, -35.942264557647555 ], [ 34.596384239939816, -35.999020987488997 ], [ 34.579691172339395, -36.095840779571454 ], [ 34.522934742497952, -36.095840779571454 ], [ 34.526273356018038, -36.05577741733044 ], [ 34.509580288417609, -35.995682373968911 ], [ 34.456162472096253, -35.982327919888576 ] ] ], [ [ [ 34.242491206810826, -36.155935822932982 ], [ 34.295909023132182, -36.152597209412896 ], [ 34.339310998893282, -36.206015025734253 ], [ 34.302586250172354, -36.246078387975274 ], [ 34.245829820330911, -36.289480363736374 ], [ 34.182396163449297, -36.319527885417138 ], [ 34.135655574168112, -36.309512044856888 ], [ 34.155687255288619, -36.269448682615867 ], [ 34.212443685130062, -36.246078387975274 ], [ 34.212443685130062, -36.192660571653917 ], [ 34.242491206810826, -36.155935822932982 ] ] ], [ [ [ 38.652799666842874, -33.5084153015057 ], [ 38.672831347963388, -33.468351939264686 ], [ 38.696201642603981, -33.398241055342901 ], [ 38.679508575003553, -33.31477571734078 ], [ 38.746280845405252, -33.291405422700187 ], [ 38.866470932128308, -33.264696514539509 ], [ 38.926565975489837, -33.274712355099766 ], [ 38.923227361969751, -33.341484625501458 ], [ 38.869809545648394, -33.351500466061715 ], [ 38.826407569887287, -33.408256895903158 ], [ 38.819730342847116, -33.481706393345021 ], [ 38.83976202396763, -33.518431142065957 ], [ 38.853116478047966, -33.565171731347142 ], [ 38.856455091568051, -33.611912320628328 ], [ 38.809714502286866, -33.675345977509942 ], [ 38.779666980606102, -33.73544102087147 ], [ 38.793021434686437, -33.775504383112484 ], [ 38.783005594126188, -33.868985561674862 ], [ 38.742942231885166, -33.952450899676982 ], [ 38.686185802043724, -33.97248258079749 ], [ 38.662815507403131, -33.942435059116725 ], [ 38.696201642603981, -33.85229249407444 ], [ 38.702878869644152, -33.778842996632569 ], [ 38.682847188523638, -33.708732112710791 ], [ 38.669492734443303, -33.66866875046977 ], [ 38.61273630460186, -33.631944001748842 ], [ 38.565995715320675, -33.578526185427485 ], [ 38.586027396441182, -33.525108369106128 ], [ 38.652799666842874, -33.5084153015057 ] ] ], [ [ [ 39.1101897190945, -33.254680673979252 ], [ 39.070126356853478, -33.241326219898916 ], [ 39.116866946134671, -33.181231176537388 ], [ 39.100173878534243, -33.11112029261561 ], [ 39.183639216536363, -33.074395543894674 ], [ 39.27044316805857, -33.017639114053232 ], [ 39.310506530299591, -33.051025249254081 ], [ 39.30382930325942, -33.117797519655774 ], [ 39.22704119229747, -33.147845041336538 ], [ 39.207009511176956, -33.191247017097645 ], [ 39.160268921895771, -33.227971765818573 ], [ 39.1101897190945, -33.254680673979252 ] ] ], [ [ [ 39.520839182064933, -32.997607432932725 ], [ 39.490791660384168, -33.020977727573317 ], [ 39.440712457582897, -33.007623273492975 ], [ 39.454066911663233, -32.977575751812211 ], [ 39.50748472798459, -32.967559911251961 ], [ 39.520839182064933, -32.997607432932725 ] ] ], [ [ [ 28.444988829183536, -29.348502855479996 ], [ 28.491729418464722, -29.428629579962035 ], [ 28.5852105970271, -29.47537016924322 ], [ 28.578533369986928, -29.548819666685088 ], [ 28.665337321509135, -29.635623618207294 ], [ 28.77885018119202, -29.622269164126955 ], [ 28.832267997513377, -29.548819666685088 ], [ 28.899040267915073, -29.542142439644916 ], [ 29.079325397999654, -29.568851347805598 ], [ 29.172806576562028, -29.535465212604748 ], [ 29.252933301044063, -29.50875630444407 ], [ 29.366446160726948, -29.568851347805598 ], [ 29.506667928570511, -29.555496893725259 ], [ 29.56676297193204, -29.462015715162881 ], [ 29.586794653052547, -29.388566217721017 ], [ 29.640212469373903, -29.441984034042374 ], [ 29.720339193855938, -29.555496893725259 ], [ 29.800465918337977, -29.648978072287633 ], [ 29.900624323940519, -29.655655299327801 ], [ 30.007459956583237, -29.70239588860899 ], [ 30.060877772904593, -29.789199840131197 ], [ 30.087586681065272, -29.849294883492721 ], [ 30.187745086667817, -29.909389926854249 ], [ 30.321289627471209, -29.89603547277391 ], [ 30.434802487154094, -29.889358245733739 ], [ 30.528283665716469, -29.86264933757306 ], [ 30.628442071319014, -29.842617656452553 ], [ 30.635119298359182, -29.782522613091025 ], [ 30.628442071319014, -29.729104796769668 ], [ 30.688537114680539, -29.729104796769668 ], [ 30.768663839162578, -29.795877067171364 ], [ 30.828758882524102, -29.842617656452553 ], [ 30.989012331488176, -29.889358245733739 ], [ 31.102525191171058, -29.889358245733739 ], [ 31.175974688612925, -29.842617656452553 ], [ 31.28948754829581, -29.802554294211536 ], [ 31.416354862059034, -29.735782023809836 ], [ 31.549899402862426, -29.735782023809836 ], [ 31.683443943665818, -29.742459250850008 ], [ 31.750216214067514, -29.675686980448312 ], [ 31.810311257429042, -29.615591937086784 ], [ 31.903792435991416, -29.582205801885937 ], [ 31.943855798232434, -29.50875630444407 ], [ 31.983919160473455, -29.502079077403899 ], [ 32.09743202015634, -29.535465212604748 ], [ 32.217622106879389, -29.522110758524409 ], [ 32.29107160432126, -29.47537016924322 ], [ 32.344489420642617, -29.401920671801356 ], [ 32.344489420642617, -29.341825628439828 ], [ 32.397907236963974, -29.2817305850783 ], [ 32.498065642566516, -29.214958314676604 ], [ 32.531451777767366, -29.128154363154398 ], [ 32.57151514000838, -29.114799909074058 ], [ 32.618255729289572, -29.148186044274908 ], [ 32.738445816012621, -29.08809100091338 ], [ 32.771831951213471, -29.001287049391177 ], [ 32.811895313454492, -28.89445141674846 ], [ 32.811895313454492, -28.787615784105746 ], [ 32.778509178253643, -28.7542296489049 ], [ 32.725091361932286, -28.747552421864729 ], [ 32.738445816012621, -28.674102924422861 ], [ 32.751800270092964, -28.593976199940826 ], [ 32.738445816012621, -28.520526702498959 ], [ 32.685027999691265, -28.447077205057095 ], [ 32.60490127520923, -28.407013842816077 ], [ 32.578192367048551, -28.326887118334039 ], [ 32.578192367048551, -28.266792074972514 ], [ 32.624932956329744, -28.17331089641014 ], [ 32.618255729289572, -28.10653862600844 ], [ 32.624932956329744, -28.046443582646916 ], [ 32.691705226731436, -28.039766355606744 ], [ 32.785186405293814, -27.993025766325559 ], [ 32.851958675695506, -27.892867360723013 ], [ 32.838604221615171, -27.812740636240978 ], [ 32.831926994574999, -27.712582230638432 ], [ 32.831926994574999, -27.632455506156397 ], [ 32.785186405293814, -27.55900600871453 ], [ 32.718414134892114, -27.518942646473512 ], [ 32.718414134892114, -27.445493149031645 ], [ 32.758477497133136, -27.412107013830799 ], [ 32.871990356816021, -27.445493149031645 ], [ 33.005534897619413, -27.425461467911138 ], [ 33.038921032820262, -27.518942646473512 ], [ 33.012212124659584, -27.55900600871453 ], [ 33.085661622101448, -27.632455506156397 ], [ 33.15243389250314, -27.699227776558093 ], [ 33.205851708824504, -27.766000046959789 ], [ 33.18582002770399, -27.872835679602503 ], [ 33.159111119543311, -28.013057447446066 ], [ 33.172465573623654, -28.126570307128951 ], [ 33.212528935864668, -28.166633669369968 ], [ 33.172465573623654, -28.246760393852004 ], [ 33.125724984342462, -28.273469302012682 ], [ 33.159111119543311, -28.33356434537421 ], [ 33.252592298105689, -28.346918799454549 ], [ 33.326041795547553, -28.407013842816077 ], [ 33.326041795547553, -28.487140567298113 ], [ 33.306010114427046, -28.533881156579302 ], [ 33.359427930748403, -28.627362335141676 ], [ 33.392814065949253, -28.70081183258354 ], [ 33.486295244511624, -28.707489059623711 ], [ 33.486295244511624, -28.787615784105746 ], [ 33.432877428190267, -28.821001919306596 ], [ 33.392814065949253, -28.867742508587781 ], [ 33.399491292989424, -28.941192006029649 ], [ 33.459586336350945, -29.014641503471516 ], [ 33.53971306083298, -28.981255368270666 ], [ 33.599808104194508, -28.981255368270666 ], [ 33.613162558274851, -29.068059319792873 ], [ 33.599808104194508, -29.134831590194569 ], [ 33.653225920515865, -29.188249406515926 ], [ 33.673257601636379, -29.261698903957793 ], [ 33.646548693475701, -29.328471174359489 ], [ 33.57309919603383, -29.355180082520167 ], [ 33.533035833792816, -29.408597898841524 ], [ 33.553067514913323, -29.47537016924322 ], [ 33.506326925632138, -29.542142439644916 ], [ 33.452909109310781, -29.595560255966276 ], [ 33.439554655230438, -29.682364207488479 ], [ 33.419522974109931, -29.775845386050857 ], [ 33.472940790431288, -29.815908748291875 ], [ 33.599808104194508, -29.802554294211536 ], [ 33.686612055716715, -29.722427569729497 ], [ 33.753384326118415, -29.762490931970518 ], [ 33.699966509797058, -29.869326564613232 ], [ 33.646548693475701, -29.909389926854249 ], [ 33.633194239395358, -29.989516651336285 ], [ 33.593130877154337, -30.056288921737981 ], [ 33.559744741953494, -30.129738419179848 ], [ 33.492972471551795, -30.189833462541376 ], [ 33.439554655230438, -30.28331464110375 ], [ 33.366105157788574, -30.376795819666125 ], [ 33.285978433306539, -30.45692254414816 ], [ 33.18582002770399, -30.537049268630195 ], [ 33.058952713940769, -30.563758176790873 ], [ 32.965471535378391, -30.563758176790873 ], [ 32.885344810896356, -30.623853220152402 ], [ 32.865313129775849, -30.677271036473758 ], [ 32.79854085937415, -30.724011625754947 ], [ 32.664996318570758, -30.717334398714776 ], [ 32.564837912968216, -30.744043306875454 ], [ 32.524774550727194, -30.770752215036133 ], [ 32.411261691044309, -30.770752215036133 ], [ 32.311103285441767, -30.730688852795115 ], [ 32.210944879839225, -30.730688852795115 ], [ 32.090754793116169, -30.744043306875454 ], [ 31.930501344152095, -30.737366079835287 ], [ 31.823665711509381, -30.744043306875454 ], [ 31.803634030388874, -30.810815577277154 ], [ 31.710152851826496, -30.904296755839528 ], [ 31.603317219183783, -30.944360118080546 ], [ 31.476449905420559, -30.937682891040374 ], [ 31.342905364617167, -30.931005664000207 ], [ 31.269455867175299, -30.87758784767885 ], [ 31.269455867175299, -30.770752215036133 ], [ 31.276133094215471, -30.724011625754947 ], [ 31.216038050853943, -30.730688852795115 ], [ 31.142588553412075, -30.770752215036133 ], [ 31.122556872291568, -30.817492804317322 ], [ 31.069139055970211, -30.884265074719018 ], [ 30.975657877407837, -30.890942301759189 ], [ 30.922240061086477, -30.957714572160885 ], [ 30.955626196287326, -31.031164069602752 ], [ 30.875499471805291, -31.097936340004448 ], [ 30.761986612122406, -31.111290794084788 ], [ 30.6751826606002, -31.111290794084788 ], [ 30.588378709077997, -31.104613567044616 ], [ 30.548315346836979, -31.117968021124955 ], [ 30.494897530515619, -31.171385837446312 ], [ 30.474865849395112, -31.238158107848012 ], [ 30.401416351953245, -31.26486701600869 ], [ 30.327966854511377, -31.271544243048858 ], [ 30.334644081551549, -31.218126426727501 ], [ 30.347998535631888, -31.164708610406144 ], [ 30.294580719310531, -31.151354156325805 ], [ 30.234485675949003, -31.178063064486484 ], [ 30.134327270346461, -31.184740291526651 ], [ 30.0809094540251, -31.171385837446312 ], [ 30.007459956583237, -31.178063064486484 ], [ 29.95404214026188, -31.24483533488818 ], [ 29.893947096900352, -31.284898697129197 ], [ 29.860560961699502, -31.344993740490725 ], [ 29.780434237217467, -31.378379875691571 ], [ 29.706984739775599, -31.4384749190531 ], [ 29.660244150494414, -31.505247189454796 ], [ 29.56676297193204, -31.592051140977002 ], [ 29.479959020409833, -31.585373913936831 ], [ 29.439895658168815, -31.525278870575306 ], [ 29.446572885208983, -31.411766010892421 ], [ 29.393155068887626, -31.338316513450554 ], [ 29.299673890325252, -31.324962059370215 ], [ 29.206192711762878, -31.351670967530893 ], [ 29.246256074003895, -31.278221470089029 ], [ 29.33973725256627, -31.198094745606994 ], [ 29.333060025526102, -31.104613567044616 ], [ 29.406509522967966, -31.07122743184377 ], [ 29.493313474490172, -31.077904658883938 ], [ 29.560085744891868, -31.017809615522413 ], [ 29.56676297193204, -30.977746253281392 ], [ 29.666921377534582, -30.991100707361735 ], [ 29.74704810201662, -30.971069026241224 ], [ 29.813820372418316, -30.884265074719018 ], [ 29.847206507619163, -30.837524485437832 ], [ 29.860560961699502, -30.730688852795115 ], [ 29.74704810201662, -30.724011625754947 ], [ 29.653566923454242, -30.730688852795115 ], [ 29.600149107132886, -30.68394826351393 ], [ 29.593471880092718, -30.637207674232741 ], [ 29.493313474490172, -30.577112630871216 ], [ 29.433218431128644, -30.643884901272912 ], [ 29.346414479606441, -30.65056212831308 ], [ 29.232901619923556, -30.637207674232741 ], [ 29.199515484722706, -30.577112630871216 ], [ 29.099357079120161, -30.557080949750706 ], [ 29.025907581678297, -30.49030867934901 ], [ 28.999198673517618, -30.403504727826803 ], [ 28.925749176075751, -30.370118592625953 ], [ 28.858976905674055, -30.403504727826803 ], [ 28.77885018119202, -30.423536408947314 ], [ 28.712077910790324, -30.383473046706296 ], [ 28.672014548549303, -30.310023549264429 ], [ 28.625273959268117, -30.236574051822561 ], [ 28.55182446182625, -30.209865143661883 ], [ 28.498406645504893, -30.163124554380694 ], [ 28.571856142946761, -30.109706738059337 ], [ 28.611919505187778, -30.056288921737981 ], [ 28.598565051107439, -29.989516651336285 ], [ 28.491729418464722, -29.956130516135435 ], [ 28.39157101286218, -29.956130516135435 ], [ 28.311444288380144, -29.86264933757306 ], [ 28.237994790938277, -29.855972110532893 ], [ 28.18457697461692, -29.775845386050857 ], [ 28.117804704215224, -29.695718661568819 ], [ 28.037677979733186, -29.675686980448312 ], [ 27.977582936371661, -29.628946391167123 ], [ 27.950874028210983, -29.548819666685088 ], [ 27.95755125525115, -29.462015715162881 ], [ 28.004291844532339, -29.401920671801356 ], [ 27.997614617492168, -29.288407812118471 ], [ 27.924165120050304, -29.255021676917622 ], [ 27.844038395568266, -29.214958314676604 ], [ 27.77726612516657, -29.188249406515926 ], [ 27.770588898126402, -29.101445454993719 ], [ 27.770588898126402, -29.027995957551855 ], [ 27.817329487407587, -28.921160324909138 ], [ 27.944196801170811, -28.94786923306982 ], [ 27.97090570933149, -29.101445454993719 ], [ 28.057709660853696, -29.141508817234737 ], [ 28.084418569014375, -29.228312768756943 ], [ 28.204608655737427, -29.288407812118471 ], [ 28.318121515420312, -29.355180082520167 ], [ 28.444988829183536, -29.348502855479996 ] ] ], [ [ [ 34.401075349014867, -29.321793947319318 ], [ 34.294239716372154, -29.355180082520167 ], [ 34.200758537809776, -29.368534536600507 ], [ 34.160695175568762, -29.468692942203052 ], [ 34.113954586287576, -29.568851347805598 ], [ 34.013796180685027, -29.635623618207294 ], [ 33.973732818444013, -29.582205801885937 ], [ 34.033827861805541, -29.482047396283392 ], [ 34.093922905167062, -29.388566217721017 ], [ 34.087245678126898, -29.288407812118471 ], [ 34.174049629649097, -29.234989995797115 ], [ 34.340980305653339, -29.194926633556097 ], [ 34.41442980309521, -29.261698903957793 ], [ 34.401075349014867, -29.321793947319318 ] ] ], [ [ [ 33.942850643383224, -29.718671629519402 ], [ 33.918645695362606, -29.727852816699638 ], [ 33.89110213382191, -29.712829055859256 ], [ 33.908629854802349, -29.680277574038428 ], [ 33.941181336623181, -29.690293414598681 ], [ 33.942850643383224, -29.718671629519402 ] ] ], [ [ [ 32.90370718525682, -37.383710944944156 ], [ 32.913723025817077, -37.467176282946276 ], [ 32.943770547497842, -37.507239645187298 ], [ 32.957125001578177, -37.574011915588997 ], [ 32.917061639337163, -37.587366369669333 ], [ 32.887014117656399, -37.654138640071032 ], [ 32.910384412296992, -37.690863388791961 ], [ 32.917061639337163, -37.75763565919366 ], [ 32.866982436535892, -37.794360407914589 ], [ 32.803548779654278, -37.824407929595353 ], [ 32.786855712053857, -37.897857427037223 ], [ 32.730099282212414, -37.901196040557309 ], [ 32.663327011810715, -37.957952470398745 ], [ 32.629940876609865, -38.031401967840615 ], [ 32.596554741409015, -38.094835624722222 ], [ 32.596554741409015, -38.161607895123922 ], [ 32.563168606208173, -38.268443527766635 ], [ 32.51642801692698, -38.298491049447399 ], [ 32.402915157244102, -38.275120754806807 ], [ 32.309433978681724, -38.308506890007656 ], [ 32.229307254199689, -38.365263319849099 ], [ 32.175889437878332, -38.428696976730706 ], [ 32.089085486356126, -38.455405884891384 ], [ 32.008958761874091, -38.452067271371298 ], [ 31.938847877952309, -38.435374203770877 ], [ 31.928832037392056, -38.351908865768756 ], [ 31.95887955907282, -38.285136595367057 ], [ 32.015635988914262, -38.2550890736863 ], [ 32.095762713396297, -38.241734619605957 ], [ 32.149180529717654, -38.198332643844857 ], [ 32.199259732518925, -38.15493066808375 ], [ 32.199259732518925, -38.094835624722222 ], [ 32.262693389400539, -38.034740581360701 ], [ 32.306095365161639, -38.001354446159851 ], [ 32.38956070316376, -37.977984151519259 ], [ 32.446317133005202, -37.954613856878666 ], [ 32.466348814125709, -37.901196040557309 ], [ 32.459671587085538, -37.841100997195781 ], [ 32.469687427645795, -37.79102179439451 ], [ 32.51642801692698, -37.794360407914589 ], [ 32.559829992688087, -37.744281205113317 ], [ 32.58320028732868, -37.670831707671454 ], [ 32.576523060288508, -37.604059437269754 ], [ 32.51642801692698, -37.570673302068911 ], [ 32.463010200605623, -37.497223804627041 ], [ 32.559829992688087, -37.457160442386026 ], [ 32.636618103650036, -37.393726785504413 ], [ 32.696713147011565, -37.357002036783477 ], [ 32.716744828132072, -37.276875312301442 ], [ 32.746792349812836, -37.256843631180935 ], [ 32.783517098533771, -37.280213925821528 ], [ 32.830257687814957, -37.323615901582635 ], [ 32.873659663576056, -37.296906993421956 ], [ 32.917061639337163, -37.33697035566297 ], [ 32.90370718525682, -37.383710944944156 ] ] ], [ [ [ 32.8202418472547, -37.059865433495929 ], [ 32.860305209495721, -37.003109003654487 ], [ 32.890352731176485, -37.036495138855337 ], [ 32.900368571736735, -37.119960476857457 ], [ 32.860305209495721, -37.153346612058307 ], [ 32.8202418472547, -37.126637703897629 ], [ 32.8202418472547, -37.059865433495929 ] ] ], [ [ [ 26.707240491979402, -32.591965890242442 ], [ 26.707240491979402, -32.65206093360397 ], [ 26.727272173099909, -32.705478749925327 ], [ 26.720594946059741, -32.825668836648383 ], [ 26.620436540457195, -32.832346063688547 ], [ 26.607082086376856, -32.932504469291096 ], [ 26.567018724135838, -32.999276739692789 ], [ 26.567018724135838, -33.106112372335502 ], [ 26.520278134854649, -33.106112372335502 ], [ 26.473537545573464, -33.166207415697031 ], [ 26.473537545573464, -33.299751956500423 ], [ 26.433474183332446, -33.3932331350628 ], [ 26.413442502211936, -33.486714313625171 ], [ 26.393410821091429, -33.580195492187549 ], [ 26.426796956292275, -33.580195492187549 ], [ 26.440151410372614, -33.680353897790091 ], [ 26.360024685890579, -33.700385578910605 ], [ 26.286575188448712, -33.787189530432805 ], [ 26.299929642529051, -33.847284573794333 ], [ 26.293252415488883, -33.940765752356711 ], [ 26.31328409660939, -34.027569703878918 ], [ 26.386733594051258, -34.014215249798575 ], [ 26.446828637412786, -34.040924157959253 ], [ 26.480214772613632, -34.101019201320781 ], [ 26.453505864452953, -34.227886515084002 ], [ 26.526955361894821, -34.227886515084002 ], [ 26.647145448617874, -34.281304331405359 ], [ 26.600404859336685, -34.301336012525873 ], [ 26.54030981597516, -34.388139964048072 ], [ 26.466860318533293, -34.421526099248922 ], [ 26.393410821091429, -34.441557780369429 ], [ 26.339993004770069, -34.528361731891636 ], [ 26.339993004770069, -34.615165683413842 ], [ 26.299929642529051, -34.668583499735199 ], [ 26.233157372127355, -34.768741905337741 ], [ 26.239834599167526, -34.862223083900119 ], [ 26.279897961408544, -34.935672581341983 ], [ 26.339993004770069, -34.955704262462497 ], [ 26.373379139970918, -35.082571576225718 ], [ 26.339993004770069, -35.176052754788095 ], [ 26.326638550689729, -35.329628976711994 ], [ 26.293252415488883, -35.463173517515386 ], [ 26.233157372127355, -35.483205198635893 ], [ 26.233157372127355, -35.429787382314537 ], [ 26.193094009886337, -35.369692338953008 ], [ 26.079581150203456, -35.34298343079233 ], [ 26.006131652761589, -35.289565614470973 ], [ 26.039517787962435, -35.202761662948774 ], [ 26.039517787962435, -35.089248803265889 ], [ 25.992777198681249, -35.015799305824018 ], [ 25.9593910634804, -34.982413170623175 ], [ 25.912650474199214, -34.90228644614114 ], [ 25.892618793078704, -34.808805267578762 ], [ 25.952713836440232, -34.768741905337741 ], [ 25.999454425721417, -34.688615180855706 ], [ 26.046195015002606, -34.615165683413842 ], [ 26.032840560922267, -34.541716185971978 ], [ 26.046195015002606, -34.468266688530107 ], [ 26.15303064764532, -34.4482350074096 ], [ 26.213125691006848, -34.401494418128415 ], [ 26.226480145087187, -34.348076601807058 ], [ 26.159707874685491, -34.328044920686551 ], [ 26.099612831323963, -34.301336012525873 ], [ 26.099612831323963, -34.227886515084002 ], [ 26.052872242042774, -34.154437017642138 ], [ 25.97942274460091, -34.154437017642138 ], [ 25.939359382359893, -34.06095583907976 ], [ 25.999454425721417, -33.987506341637896 ], [ 25.992777198681249, -33.827252892673826 ], [ 25.992777198681249, -33.74044894115162 ], [ 26.006131652761589, -33.620258854428563 ], [ 25.986099971641078, -33.520100448826021 ], [ 25.97942274460091, -33.373201453942293 ], [ 26.046195015002606, -33.353169772821779 ], [ 26.046195015002606, -33.266365821299573 ], [ 25.992777198681249, -33.266365821299573 ], [ 25.919327701239382, -33.146175734576524 ], [ 25.97942274460091, -33.019308420813296 ], [ 26.012808879801756, -32.925827242250925 ], [ 26.046195015002606, -32.818991609608211 ], [ 26.119644512444474, -32.758896566246683 ], [ 26.246511826207694, -32.745542112166348 ], [ 26.373379139970918, -32.712155976965498 ], [ 26.460183091493125, -32.598643117282613 ], [ 26.533632588934989, -32.61867479840312 ], [ 26.593727632296517, -32.58528866320227 ], [ 26.600404859336685, -32.525193619840749 ], [ 26.727272173099909, -32.538548073921085 ], [ 26.707240491979402, -32.591965890242442 ] ] ], [ [ [ 27.64872950464332, -33.553486584026871 ], [ 27.575280007201453, -33.586872719227721 ], [ 27.515184963839925, -33.673676670749927 ], [ 27.408349331197211, -33.666999443709756 ], [ 27.43505823935789, -33.600227173308056 ], [ 27.4550899204784, -33.466682632504664 ], [ 27.481798828639079, -33.379878680982458 ], [ 27.468444374558739, -33.31978363762093 ], [ 27.535216644960435, -33.279720275379916 ], [ 27.635375050562981, -33.31978363762093 ], [ 27.575280007201453, -33.453328178424329 ], [ 27.64872950464332, -33.553486584026871 ] ] ], [ [ [ 26.653822675658041, -31.328300672890332 ], [ 26.573695951176006, -31.408427397372368 ], [ 26.600404859336685, -31.488554121854403 ], [ 26.580373178216178, -31.595389754497116 ], [ 26.513600907814482, -31.595389754497116 ], [ 26.493569226693971, -31.481876894814235 ], [ 26.453505864452953, -31.381718489211689 ], [ 26.493569226693971, -31.308268991769822 ], [ 26.420119729252107, -31.301591764729654 ], [ 26.440151410372614, -31.228142267287787 ], [ 26.453505864452953, -31.134661088725412 ], [ 26.553664270055499, -31.054534364243377 ], [ 26.613759313417024, -31.114629407604902 ], [ 26.613759313417024, -31.181401678006601 ], [ 26.727272173099909, -31.201433359127108 ], [ 26.727272173099909, -31.321623445850161 ], [ 26.653822675658041, -31.328300672890332 ] ] ], [ [ [ 23.695811096862894, -32.249758004433744 ], [ 23.802646729505607, -32.249758004433744 ], [ 23.802646729505607, -32.316530274835436 ], [ 23.802646729505607, -32.403334226357643 ], [ 23.755906140224422, -32.483460950839678 ], [ 23.669102188702215, -32.523524313080699 ], [ 23.622361599421026, -32.590296583482392 ], [ 23.655747734621876, -32.717163897245619 ], [ 23.575621010139841, -32.763904486526805 ], [ 23.508848739738145, -32.84403121100884 ], [ 23.381981425974921, -32.897449027330197 ], [ 23.341918063733903, -32.84403121100884 ], [ 23.355272517814242, -32.750550032446462 ], [ 23.355272517814242, -32.65039162684392 ], [ 23.275145793332207, -32.61700549164307 ], [ 23.261791339251868, -32.510169859000356 ], [ 23.341918063733903, -32.476783723799507 ], [ 23.381981425974921, -32.42336590747815 ], [ 23.462108150456956, -32.356593637076458 ], [ 23.522203193818484, -32.443397588598664 ], [ 23.595652691260348, -32.436720361558493 ], [ 23.655747734621876, -32.376625318196965 ], [ 23.655747734621876, -32.303175820755101 ], [ 23.695811096862894, -32.249758004433744 ] ] ], [ [ [ 24.236666487116633, -31.448490759613385 ], [ 24.216634805996126, -31.521940257055252 ], [ 24.196603124875615, -31.595389754497116 ], [ 24.250020941196972, -31.675516478979151 ], [ 24.263375395277315, -31.755643203461187 ], [ 24.196603124875615, -31.862478836103904 ], [ 24.156539762634598, -31.975991695786785 ], [ 24.056381357032055, -31.975991695786785 ], [ 24.063058584072223, -31.875833290184243 ], [ 24.056381357032055, -31.782352111621869 ], [ 24.022995221831206, -31.695548160099662 ], [ 24.103121946313241, -31.648807570818473 ], [ 24.096444719273073, -31.575358073376609 ], [ 23.98960908663036, -31.508585802974913 ], [ 24.016317994791038, -31.448490759613385 ], [ 24.123153627433751, -31.401750170332196 ], [ 24.236666487116633, -31.448490759613385 ] ] ], [ [ [ 23.381981425974921, -30.747381920395572 ], [ 23.328563609653564, -30.820831417837439 ], [ 23.361949744854414, -30.880926461198968 ], [ 23.408690334135599, -30.907635369359646 ], [ 23.338579450213818, -30.947698731600664 ], [ 23.301854701492886, -31.01447100200236 ], [ 23.251775498691615, -31.074566045363884 ], [ 23.198357682370258, -31.07790465888397 ], [ 23.185003228289915, -31.024486842562613 ], [ 23.185003228289915, -30.941021504560492 ], [ 23.181664614769833, -30.87091062063871 ], [ 23.161632933649322, -30.810815577277186 ], [ 23.148278479568983, -30.74404330687549 ], [ 23.195019068850172, -30.680609649993876 ], [ 23.238421044611275, -30.657239355353283 ], [ 23.265129952771954, -30.600482925511841 ], [ 23.231743817571104, -30.573774017351163 ], [ 23.158294320129237, -30.570435403831077 ], [ 23.171648774209576, -30.523694814549891 ], [ 23.228405204051018, -30.500324519909295 ], [ 23.245098271651443, -30.443568090067856 ], [ 23.2985160879728, -30.436890863027685 ], [ 23.341918063733903, -30.393488887266582 ], [ 23.418706174695853, -30.363441365585818 ], [ 23.435399242296278, -30.333393843905057 ], [ 23.478801218057381, -30.333393843905057 ], [ 23.52554180733857, -30.346748297985396 ], [ 23.542234874938991, -30.396827500786667 ], [ 23.498832899177891, -30.423536408947346 ], [ 23.465446763977042, -30.466938384708449 ], [ 23.475462604537295, -30.51701758750972 ], [ 23.512187353258231, -30.547065109190484 ], [ 23.55558932901933, -30.547065109190484 ], [ 23.592314077740266, -30.547065109190484 ], [ 23.642393280541537, -30.523694814549891 ], [ 23.675779415742387, -30.537049268630231 ], [ 23.68579525630264, -30.590467084951587 ], [ 23.675779415742387, -30.630530447192605 ], [ 23.715842777983404, -30.637207674232773 ], [ 23.742551686144083, -30.670593809433623 ], [ 23.742551686144083, -30.713995785194726 ], [ 23.682456642782554, -30.740704693355404 ], [ 23.635716053501366, -30.727350239275065 ], [ 23.542234874938991, -30.673932422953708 ], [ 23.502171512697974, -30.707318558154554 ], [ 23.462108150456956, -30.747381920395572 ], [ 23.381981425974921, -30.747381920395572 ] ] ], [ [ [ 24.296761530478161, -29.675686980448354 ], [ 24.423628844241385, -29.662332526368015 ], [ 24.410274390161046, -29.702395888609033 ], [ 24.350179346799518, -29.789199840131236 ], [ 24.183248670795276, -29.829263202372253 ], [ 24.143185308554258, -29.876003791653442 ], [ 24.049704129991884, -29.909389926854292 ], [ 23.936191270308999, -29.902712699814121 ], [ 23.829355637666286, -29.91606715389446 ], [ 23.769260594304761, -29.842617656452596 ], [ 23.829355637666286, -29.762490931970557 ], [ 23.896127908067982, -29.709073115649201 ], [ 23.909482362148321, -29.608914710046658 ], [ 24.016317994791038, -29.602237483006487 ], [ 24.096444719273073, -29.655655299327844 ], [ 24.14986253559443, -29.735782023809879 ], [ 24.296761530478161, -29.675686980448354 ] ] ], [ [ [ 24.814246626091307, -29.540473132884919 ], [ 24.867664442412664, -29.540473132884919 ], [ 24.914405031693853, -29.503748384163984 ], [ 24.961145620975039, -29.503748384163984 ], [ 24.997870369695974, -29.557166200485341 ], [ 25.007886210256228, -29.610584016806701 ], [ 24.964484234495124, -29.633954311447294 ], [ 24.887696123533175, -29.620599857366955 ], [ 24.810908012571222, -29.657324606087887 ], [ 24.730781288089187, -29.697387968328904 ], [ 24.670686244727662, -29.740789944090007 ], [ 24.60057536080588, -29.770837465770772 ], [ 24.550496158004606, -29.747467171130179 ], [ 24.567189225605031, -29.687372127768651 ], [ 24.657331790647323, -29.642300845247505 ], [ 24.650654563607151, -29.54881966668513 ], [ 24.687379312328083, -29.513764224724241 ], [ 24.754151582729783, -29.523780065284495 ], [ 24.814246626091307, -29.540473132884919 ] ] ], [ [ [ 25.361779243385218, -29.684033514248565 ], [ 25.30168420002369, -29.670679060168226 ], [ 25.228234702581826, -29.670679060168226 ], [ 25.218218862021573, -29.630615697927208 ], [ 25.278313905383097, -29.617261243846869 ], [ 25.341747562264707, -29.633954311447294 ], [ 25.388488151545896, -29.650647379047719 ], [ 25.361779243385218, -29.684033514248565 ] ] ], [ [ [ 25.683955448073402, -22.851560945394993 ], [ 25.794129694236201, -22.901640148196268 ], [ 25.837531669997304, -22.931687669877029 ], [ 25.864240578157982, -22.884947080595843 ], [ 25.920997007999425, -22.864915399475333 ], [ 25.941028689119936, -22.925010442836861 ], [ 26.014478186561799, -22.9383648969172 ], [ 26.071234616403242, -22.975089645638132 ], [ 26.064557389363074, -23.008475780838982 ], [ 25.997785118961374, -23.011814394359067 ], [ 26.024494027122056, -23.075248051240678 ], [ 26.071234616403242, -23.115311413481695 ], [ 26.174731635525873, -23.108634186441527 ], [ 26.261535587048076, -23.115311413481695 ], [ 26.341662311530111, -23.115311413481695 ], [ 26.385064287291215, -23.055216370120167 ], [ 26.461852398253164, -23.021830234919321 ], [ 26.558672190335624, -23.065232210680424 ], [ 26.642137528337745, -23.048539143079999 ], [ 26.715587025779612, -23.021830234919321 ], [ 26.752311774500544, -22.958396578037711 ], [ 26.752311774500544, -22.884947080595843 ], [ 26.799052363781733, -22.864915399475333 ], [ 26.799052363781733, -22.811497583153976 ], [ 26.815745431382158, -22.768095607392873 ], [ 26.879179088263768, -22.724693631631773 ], [ 26.972660266826143, -22.731370858671941 ], [ 27.072818672428689, -22.754741153312533 ], [ 27.162961237470977, -22.734709472192026 ], [ 27.206363213232081, -22.751402539792451 ], [ 27.206363213232081, -22.811497583153976 ], [ 27.271466176873734, -22.854899558915079 ], [ 27.32488399319509, -22.854899558915079 ], [ 27.364947355436108, -22.818174810194147 ], [ 27.42170378527755, -22.861576785955251 ], [ 27.461767147518568, -22.9383648969172 ], [ 27.465105761038654, -22.991782713238557 ], [ 27.505169123279671, -23.055216370120167 ], [ 27.555248326080942, -23.065232210680424 ], [ 27.622020596482638, -23.065232210680424 ], [ 27.64872950464332, -23.101956959401356 ], [ 27.625359210002724, -23.155374775722713 ], [ 27.682115639844167, -23.198776751483816 ], [ 27.755565137286034, -23.198776751483816 ], [ 27.825676021207816, -23.22882427316458 ], [ 27.905802745689851, -23.22882427316458 ], [ 27.995945310732139, -23.235501500204748 ], [ 28.082749262254346, -23.248855954285087 ], [ 28.196262121937227, -23.275564862445766 ], [ 28.219632416577824, -23.315628224686783 ], [ 28.291412607259645, -23.359030200447886 ], [ 28.354846264141258, -23.392416335648736 ], [ 28.461681896783972, -23.395754949168822 ], [ 28.5217769401455, -23.372384654528226 ], [ 28.531792780705754, -23.328982678767122 ], [ 28.571856142946771, -23.282242089485937 ], [ 28.651982867428806, -23.275564862445766 ], [ 28.718755137830502, -23.322305451726955 ], [ 28.748802659511266, -23.372384654528226 ], [ 28.805559089352709, -23.405770789729075 ], [ 28.885685813834744, -23.392416335648736 ], [ 28.982505605917204, -23.395754949168822 ], [ 29.055955103359068, -23.415786630289329 ], [ 29.092679852080003, -23.472543060130771 ], [ 29.089341238559918, -23.512606422371789 ], [ 29.009214514077883, -23.515945035891875 ], [ 28.945780857196269, -23.542653944052553 ], [ 28.989182832957372, -23.592733146853824 ], [ 29.062632330399239, -23.592733146853824 ], [ 29.106034306160343, -23.619442055014503 ], [ 29.169467963041953, -23.682875711896113 ], [ 29.219547165843224, -23.729616301177302 ], [ 29.266287755124413, -23.736293528217473 ], [ 29.309689730885516, -23.696230165976456 ], [ 29.343075866086362, -23.642812349655095 ], [ 29.359768933686787, -23.729616301177302 ], [ 29.359768933686787, -23.786372731018744 ], [ 29.411517443248101, -23.826436093259762 ], [ 29.484966940689969, -23.863160841980694 ], [ 29.508337235330561, -23.913240044781968 ], [ 29.518353075890818, -23.966657861103325 ], [ 29.481628327169883, -24.000043996304171 ], [ 29.451580805489119, -24.020075677424682 ], [ 29.45825803252929, -24.073493493746039 ], [ 29.444903578448951, -24.130249923587481 ], [ 29.421533283808358, -24.183667739908838 ], [ 29.441564964928865, -24.277148918471212 ], [ 29.45825803252929, -24.333905348312655 ], [ 29.498321394770308, -24.370630097033587 ], [ 29.545061984051497, -24.404016232234437 ], [ 29.608495640933107, -24.41403207279469 ], [ 29.65189761669421, -24.4774657296763 ], [ 29.595141186852768, -24.511686518257168 ], [ 29.55507782461175, -24.528379585857593 ], [ 29.575109505732257, -24.60182908329946 ], [ 29.608495640933107, -24.651908286100731 ], [ 29.671929297814717, -24.691971648341749 ], [ 29.738701568216413, -24.69864887538192 ], [ 29.778764930457431, -24.685294421301581 ], [ 29.818828292698452, -24.66526274018107 ], [ 29.902293630700569, -24.66526274018107 ], [ 29.942356992941587, -24.728696397062681 ], [ 29.949034219981758, -24.785452826904123 ], [ 30.009129263343286, -24.83887064322548 ], [ 30.065885693184725, -24.875595391946415 ], [ 29.999113422783029, -24.918997367707515 ], [ 29.949034219981758, -24.918997367707515 ], [ 29.929002538861248, -24.962399343468618 ], [ 29.939018379421505, -25.005801319229722 ], [ 29.942356992941587, -25.055880522030993 ], [ 29.915648084780909, -25.072573589631418 ], [ 29.875584722539891, -25.089266657231843 ], [ 29.892277790140316, -25.150196353973389 ], [ 29.932341152381333, -25.210291397334917 ], [ 29.995774809262947, -25.213630010854999 ], [ 30.08257876078515, -25.280402281256698 ], [ 30.166044098787271, -25.360529005738734 ], [ 30.259525277349645, -25.390576527419494 ], [ 30.35300645591202, -25.397253754459665 ], [ 30.394739124913084, -25.343835938138309 ], [ 30.46151139531478, -25.347174551658394 ], [ 30.508251984595969, -25.417285435580173 ], [ 30.474865849395119, -25.470703251901533 ], [ 30.454834168274612, -25.49073493302204 ], [ 30.49489753051563, -25.580877498064332 ], [ 30.498236144035715, -25.674358676626706 ], [ 30.549984653597022, -25.728611146328081 ], [ 30.610079696958547, -25.772013122089184 ], [ 30.663497513279907, -25.812076484330202 ], [ 30.743624237761942, -25.798722030249863 ], [ 30.807057894643552, -25.862155687131473 ], [ 30.800380667603385, -25.922250730493001 ], [ 30.703560875520925, -25.922250730493001 ], [ 30.646804445679482, -25.945621025133594 ], [ 30.646804445679482, -25.992361614414783 ], [ 30.620095537518804, -26.022409136095547 ], [ 30.586709402317954, -26.059133884816479 ], [ 30.596725242878207, -26.102535860577582 ], [ 30.633449991599143, -26.145937836338685 ], [ 30.690206421440585, -26.169308130979278 ], [ 30.773671759442706, -26.212710106740381 ], [ 30.833766802804231, -26.209371493220296 ], [ 30.887184619125588, -26.179323971539532 ], [ 30.913893527286266, -26.149276449858768 ], [ 30.980665797687962, -26.179323971539532 ], [ 31.000697478808473, -26.242757628421145 ], [ 31.024067773449065, -26.286159604182245 ], [ 31.1041944979311, -26.309529898822841 ], [ 31.170966768332796, -26.339577420503602 ], [ 31.281141014495596, -26.342916034023688 ], [ 31.347913284897292, -26.319545739383095 ], [ 31.431378622899413, -26.299514058262584 ], [ 31.488135052740855, -26.299514058262584 ], [ 31.553238016382508, -26.320380392763113 ], [ 31.616671673264122, -26.37379820908447 ], [ 31.673428103105564, -26.400507117245152 ], [ 31.750216214067514, -26.39382989020498 ], [ 31.823665711509381, -26.39382989020498 ], [ 31.907131049511499, -26.420538798365659 ], [ 31.903792435991416, -26.460602160606676 ], [ 31.847036006149974, -26.473956614687015 ], [ 31.773586508708107, -26.483972455247269 ], [ 31.743538987027343, -26.510681363407947 ], [ 31.700137011266243, -26.530713044528458 ], [ 31.636703354384629, -26.514019976928033 ], [ 31.593301378623526, -26.477295228207101 ], [ 31.523190494701748, -26.480633841727187 ], [ 31.44974099725988, -26.483972455247269 ], [ 31.396323180938523, -26.524035817488286 ], [ 31.349582591657335, -26.564099179729308 ], [ 31.292826161815892, -26.564099179729308 ], [ 31.266117253655214, -26.607501155490407 ], [ 31.212699437333857, -26.607501155490407 ], [ 31.169297461572757, -26.610839769010493 ], [ 31.142588553412075, -26.634210063651086 ], [ 31.132572712851822, -26.670934812372021 ], [ 31.145927166932161, -26.717675401653207 ], [ 31.206022210293689, -26.724352628693378 ], [ 31.262778640135132, -26.717675401653207 ], [ 31.312857842936403, -26.6976437205327 ], [ 31.369614272777845, -26.680950652932275 ], [ 31.446402383739795, -26.674273425892103 ], [ 31.493142973020984, -26.680950652932275 ], [ 31.556576629902594, -26.700982334052785 ], [ 31.6433805814248, -26.690966493492528 ], [ 31.686782557185904, -26.68428926645236 ], [ 31.756893441107682, -26.717675401653207 ], [ 31.81698848446921, -26.731029855733546 ], [ 31.893776595431159, -26.737707082773717 ], [ 31.967226092873027, -26.737707082773717 ], [ 32.000612228073877, -26.717675401653207 ], [ 32.047352817355062, -26.704320947572867 ], [ 32.080738952555912, -26.657580358291682 ], [ 32.077400339035826, -26.604162541970325 ], [ 32.124140928317011, -26.594146701410068 ], [ 32.170881517598204, -26.600823928450239 ], [ 32.174220131118282, -26.667596198851935 ], [ 32.15084983647769, -26.690966493492528 ], [ 32.177558744638368, -26.704320947572867 ], [ 32.220960720399475, -26.694305107012614 ], [ 32.26770130968066, -26.687627879972442 ], [ 32.291071604321253, -26.714336788133124 ], [ 32.274378536720832, -26.76107737741431 ], [ 32.227637947439639, -26.777770445014735 ], [ 32.154188449997775, -26.787786285574988 ], [ 32.147511222957604, -26.817833807255752 ], [ 32.094093406636247, -26.841204101896345 ], [ 32.037336976794805, -26.87792885061728 ], [ 31.980580546953366, -26.85789716949677 ], [ 31.91380827655167, -26.831188261336091 ], [ 31.860390460230313, -26.85789716949677 ], [ 31.847036006149974, -26.89128330469762 ], [ 31.786940962788446, -26.911314985818127 ], [ 31.730184532947003, -26.904637758777959 ], [ 31.680105330145732, -26.914653599338212 ], [ 31.650057808464968, -26.941362507498891 ], [ 31.686782557185904, -26.978087256219823 ], [ 31.74020037350726, -26.978087256219823 ], [ 31.800295416868785, -26.961394188619398 ], [ 31.853713233190142, -26.961394188619398 ], [ 31.890437981911077, -26.968071415659569 ], [ 31.893776595431159, -27.001457550860419 ], [ 31.967226092873027, -27.004796164380501 ], [ 32.010628068634126, -26.991441710300162 ], [ 32.064045884955483, -26.991441710300162 ], [ 32.117463701276847, -27.021489231980926 ], [ 32.18590527843859, -27.032339725921204 ], [ 32.205936959559097, -27.069064474642136 ], [ 32.239323094759946, -27.092434769282729 ], [ 32.27938645700096, -27.095773382802815 ], [ 32.349497340922746, -27.07908031520239 ], [ 32.362851795003081, -27.012308044800694 ], [ 32.406253770764181, -27.005630817760526 ], [ 32.459671587085538, -26.998953590720355 ], [ 32.503073562846645, -27.032339725921204 ], [ 32.509750789886816, -27.069064474642136 ], [ 32.459671587085538, -27.082418928722475 ], [ 32.422946838364609, -27.089096155762647 ], [ 32.412930997804352, -27.115805063923325 ], [ 32.392899316683845, -27.149191199124171 ], [ 32.349497340922746, -27.155868426164343 ], [ 32.286063684041132, -27.172561493764764 ], [ 32.246000321800111, -27.212624856005785 ], [ 32.209275573079182, -27.246010991206632 ], [ 32.125810235077061, -27.239333764166464 ], [ 32.015635988914262, -27.19593178840536 ], [ 31.952202332032648, -27.202609015445528 ], [ 31.878752834590784, -27.212624856005785 ], [ 31.798626110108746, -27.229317923606207 ], [ 31.748546907307475, -27.266042672327142 ], [ 31.685113250425864, -27.27271989936731 ], [ 31.594970685383572, -27.27271989936731 ], [ 31.514843960901537, -27.269381285847224 ], [ 31.451410304019927, -27.262704058807056 ], [ 31.387976647138313, -27.27271989936731 ], [ 31.344574671377213, -27.312783261608327 ], [ 31.277802400975517, -27.312783261608327 ], [ 31.211030130573818, -27.286074353447649 ], [ 31.144257860172122, -27.266042672327142 ], [ 31.080824203290511, -27.302767421048074 ], [ 31.022398466689022, -27.336153556248934 ], [ 30.932255901646734, -27.339492169769017 ], [ 30.835436109564274, -27.329476329208763 ], [ 30.751970771562153, -27.329476329208763 ], [ 30.638457911879268, -27.292751580487831 ], [ 30.591717322598083, -27.239333764166474 ], [ 30.605071776678422, -27.162545653204521 ], [ 30.541638119796808, -27.099111996322911 ], [ 30.468188622354944, -27.09243476928274 ], [ 30.384723284352823, -27.082418928722486 ], [ 30.347998535631891, -27.029001112401129 ], [ 30.267871811149856, -26.988937750160112 ], [ 30.261194584109685, -26.928842706798584 ], [ 30.334644081551552, -26.882102117517398 ], [ 30.37470744379257, -26.835361528236209 ], [ 30.37470744379257, -26.75857341727426 ], [ 30.347998535631891, -26.681785306312307 ], [ 30.307935173390874, -26.641721944071289 ], [ 30.227808448908835, -26.621690262950782 ], [ 30.1476817244268, -26.618351649430696 ], [ 30.120972816266121, -26.581626900709765 ], [ 30.017475797143494, -26.574949673669593 ], [ 29.944026299701626, -26.551579379029 ], [ 29.903962937460609, -26.504838789747811 ], [ 29.897285710420441, -26.431389292305948 ], [ 29.863899575219591, -26.367955635424334 ], [ 29.797127304817895, -26.327892273183316 ], [ 29.71700058033586, -26.327892273183316 ], [ 29.638543162613868, -26.321215046143148 ], [ 29.498321394770304, -26.284490297422217 ], [ 29.411517443248098, -26.277813070382045 ], [ 29.374792694527166, -26.231072481100856 ], [ 29.374792694527166, -26.160961597179078 ], [ 29.388147148607505, -26.120898234938061 ], [ 29.358099626926741, -26.060803191576532 ], [ 29.294665970045131, -26.057464578056447 ], [ 29.247925380763942, -26.057464578056447 ], [ 29.227893699643435, -26.010723988775261 ], [ 29.247925380763942, -25.960644785973987 ], [ 29.294665970045131, -25.917242810212883 ], [ 29.294665970045131, -25.883856675012037 ], [ 29.271295675404538, -25.833777472210766 ], [ 29.241248153723774, -25.800391337009916 ], [ 29.241248153723774, -25.756989361248813 ], [ 29.318036264685723, -25.763666588288984 ], [ 29.318036264685723, -25.736957680128306 ], [ 29.298004583565216, -25.696894317887288 ], [ 29.251263994284027, -25.656830955646271 ], [ 29.221216472603263, -25.583381458204403 ], [ 29.151105588681482, -25.583381458204403 ], [ 29.0809947047597, -25.590058685244571 ], [ 29.047608569558854, -25.566688390603979 ], [ 28.984174912677243, -25.566688390603979 ], [ 28.970820458596904, -25.533302255403132 ], [ 28.987513526197326, -25.489900279642029 ], [ 29.050947183078939, -25.489900279642029 ], [ 29.070978864199446, -25.433143849800587 ], [ 29.064301637159279, -25.383064646999316 ], [ 29.050947183078939, -25.343001284758294 ], [ 28.990852139717411, -25.309615149557448 ], [ 28.977497685637072, -25.272055747456495 ], [ 28.927418482835801, -25.225315158175309 ], [ 28.853968985393934, -25.218637931135138 ], [ 28.790535328512323, -25.175235955374035 ], [ 28.763826420351645, -25.138511206653103 ], [ 28.763826420351645, -25.08175477681166 ], [ 28.74713335275122, -25.008305279369793 ], [ 28.707069990510202, -24.9849349847292 ], [ 28.633620493068335, -24.968241917128775 ], [ 28.558501688866436, -24.981596371209115 ], [ 28.515099713105332, -25.045030028090729 ], [ 28.511761099585247, -25.105125071452253 ], [ 28.5217769401455, -25.15854288777361 ], [ 28.495068031984822, -25.201944863534713 ], [ 28.451666056223722, -25.135172593133017 ], [ 28.408264080462619, -25.095109230892 ], [ 28.388232399342108, -25.031675574010389 ], [ 28.304767061339987, -24.994950825289454 ], [ 28.28473538021948, -24.958226076568522 ], [ 28.227978950378038, -24.974919144168947 ], [ 28.16788390701651, -24.954887463048436 ], [ 28.104450250134899, -24.908146873767251 ], [ 28.031000752693032, -24.818004308724959 ], [ 27.940858187650743, -24.730365703822734 ], [ 27.870747303728962, -24.700318182141974 ], [ 27.824006714447776, -24.727027090302652 ], [ 27.753895830525995, -24.757074611983413 ], [ 27.760573057566162, -24.800476587744516 ], [ 27.80063641980718, -24.827185495905194 ], [ 27.890778984849472, -24.883941925746637 ], [ 27.927503733570404, -24.947375582628247 ], [ 27.997614617492186, -24.977423104309011 ], [ 28.061048274373796, -24.994116171909436 ], [ 28.087757182534475, -25.060888442311132 ], [ 28.017646298612693, -25.08759735047181 ], [ 27.924165120050318, -25.084258736951725 ], [ 27.830683941487944, -25.020825080070114 ], [ 27.750557217005909, -24.960730036708586 ], [ 27.650398811403363, -24.870587471666298 ], [ 27.608666142402299, -24.920666674467569 ], [ 27.508507736799757, -24.920666674467569 ], [ 27.451751306958315, -24.92734390150774 ], [ 27.361608741916022, -24.917328060947487 ], [ 27.288159244474159, -24.887280539266722 ], [ 27.218048360552377, -24.840539949985533 ], [ 27.111212727909663, -24.803815201264602 ], [ 27.001038481746864, -24.803815201264602 ], [ 26.924250370784915, -24.820508268865026 ], [ 26.837446419262708, -24.833862722945366 ], [ 26.753981081260587, -24.833862722945366 ], [ 26.693886037899059, -24.827185495905194 ], [ 26.643806835097788, -24.76709045254367 ], [ 26.610420699896938, -24.720349863262481 ], [ 26.528624668654864, -24.703656795662056 ], [ 26.461852398253164, -24.690302341581717 ], [ 26.451836557692911, -24.610175617099681 ], [ 26.428466263052318, -24.5400647331779 ], [ 26.345000925050197, -24.520033052057393 ], [ 26.298260335769008, -24.466615235736036 ], [ 26.214794997766887, -24.44324494109544 ], [ 26.204779157206634, -24.383149897733915 ], [ 26.204779157206634, -24.289668719171541 ], [ 26.201440543686548, -24.196187540609163 ], [ 26.254858360007908, -24.182833086528824 ], [ 26.278228654648501, -24.092690521486535 ], [ 26.27155142760833, -24.008390530104396 ], [ 26.268212814088248, -23.9416182597027 ], [ 26.224810838327144, -23.88820044338134 ], [ 26.181408862566041, -23.88820044338134 ], [ 26.141345500325023, -23.938279646182615 ], [ 26.074573229923327, -23.914909351542022 ], [ 26.054541548802817, -23.868168762260833 ], [ 26.007800959521632, -23.838121240580069 ], [ 25.947705916160103, -23.804735105379223 ], [ 25.894288099838747, -23.784703424258712 ], [ 25.890949486318661, -23.711253926816845 ], [ 25.864240578157982, -23.63112720233481 ], [ 25.787452467196033, -23.607756907694217 ], [ 25.697309902153741, -23.607756907694217 ], [ 25.637214858792216, -23.61777274825447 ], [ 25.563765361350349, -23.574370772493367 ], [ 25.517024772069163, -23.527630183212182 ], [ 25.565434668110392, -23.510102462231742 ], [ 25.618852484431748, -23.500086621671485 ], [ 25.628868324992002, -23.443330191830047 ], [ 25.628868324992002, -23.376557921428347 ], [ 25.618852484431748, -23.299769810466398 ], [ 25.565434668110392, -23.273060902305719 ], [ 25.508678238268949, -23.273060902305719 ], [ 25.428551513786914, -23.273060902305719 ], [ 25.411858446186489, -23.219643085984362 ], [ 25.445244581387339, -23.152870815582666 ], [ 25.475292103068103, -23.146193588542495 ], [ 25.471953489548017, -23.072744091100631 ], [ 25.428551513786914, -23.029342115339528 ], [ 25.381810924505729, -22.992617366618596 ], [ 25.381810924505729, -22.955892617897661 ], [ 25.416866366466618, -22.925010442836861 ], [ 25.496993090948653, -22.911655988756522 ], [ 25.577119815430688, -22.848222331874911 ], [ 25.683955448073402, -22.851560945394993 ] ] ], [ [ [ 26.226480145087187, -22.820678770334233 ], [ 26.213125691006848, -22.87409658665559 ], [ 26.15303064764532, -22.900805494816268 ], [ 26.096274217803877, -22.904144108336354 ], [ 26.082919763723538, -22.880773813695761 ], [ 26.156369261165406, -22.840710451454743 ], [ 26.203109850446591, -22.760583726972708 ], [ 26.226480145087187, -22.820678770334233 ] ] ], [ [ [ 28.540139314505964, -25.451506224161065 ], [ 28.493398725224779, -25.458183451201233 ], [ 28.493398725224779, -25.411442861920044 ], [ 28.500075952264947, -25.334654750958094 ], [ 28.490060111704693, -25.284575548156823 ], [ 28.566848222666643, -25.307945842797416 ], [ 28.566848222666643, -25.381395340239283 ], [ 28.540139314505964, -25.451506224161065 ] ] ], [ [ [ 30.332974774791509, -24.174486552728624 ], [ 30.386392591112866, -24.22790436904998 ], [ 30.403085658713291, -24.274644958331169 ], [ 30.363022296472273, -24.30469248001193 ], [ 30.312943093670999, -24.334740001692694 ], [ 30.309604480150913, -24.398173658574308 ], [ 30.373038137032527, -24.431559793775154 ], [ 30.436471793914137, -24.494993450656768 ], [ 30.39640843167312, -24.528379585857614 ], [ 30.322958934231256, -24.484977610096511 ], [ 30.29958863959066, -24.451591474895665 ], [ 30.242832209749217, -24.464945928976004 ], [ 30.169382712307353, -24.438237020815325 ], [ 30.119303509506079, -24.384819204493969 ], [ 30.12598073654625, -24.348094455773033 ], [ 30.142673804146675, -24.284660798891423 ], [ 30.146012417666757, -24.221227142009813 ], [ 30.115964895985996, -24.14443903104786 ], [ 30.149351031186843, -24.127745963447435 ], [ 30.256186663829556, -24.14443903104786 ], [ 30.332974774791509, -24.174486552728624 ] ] ], [ [ [ 27.458428533998482, -26.387152663164827 ], [ 27.498491896239504, -26.293671484602452 ], [ 27.605327528882217, -26.273639803481945 ], [ 27.738872069685609, -26.266962576441774 ], [ 27.879093837529172, -26.313703165722963 ], [ 27.992606697212054, -26.373798209084487 ], [ 27.939188880890697, -26.467279387646865 ], [ 27.939188880890697, -26.5474061121289 ], [ 27.899125518649679, -26.607501155490425 ], [ 27.865739383448833, -26.654241744771614 ], [ 27.91915719977019, -26.727691242213481 ], [ 28.019315605372732, -26.761077377414328 ], [ 28.099442329854771, -26.787786285575006 ], [ 28.199600735457313, -26.794463512615177 ], [ 28.27305023289918, -26.841204101896363 ], [ 28.266373005859009, -26.91465359933823 ], [ 28.27305023289918, -26.974748642699755 ], [ 28.353176957381216, -26.974748642699755 ], [ 28.439980908903422, -26.981425869739926 ], [ 28.433303681863251, -27.054875367181793 ], [ 28.366531411461555, -27.094938729422811 ], [ 28.326468049220537, -27.094938729422811 ], [ 28.319790822180366, -27.195097135025353 ], [ 28.239664097698331, -27.228483270226203 ], [ 28.159537373216295, -27.228483270226203 ], [ 28.11279678393511, -27.228483270226203 ], [ 28.106119556894939, -27.295255540627899 ], [ 28.132828465055617, -27.368705038069766 ], [ 28.07941064873426, -27.44215453551163 ], [ 27.999283924252225, -27.44215453551163 ], [ 27.932511653850529, -27.435477308471462 ], [ 27.859062156408662, -27.455508989591969 ], [ 27.839030475288155, -27.495572351832987 ], [ 27.792289886006966, -27.508926805913326 ], [ 27.738872069685609, -27.495572351832987 ], [ 27.69213148040442, -27.462186216632141 ], [ 27.625359210002724, -27.448831762551801 ], [ 27.578618620721539, -27.502249578873158 ], [ 27.545232485520689, -27.562344622234683 ], [ 27.511846350319843, -27.63579411967655 ], [ 27.485137442159161, -27.709243617118418 ], [ 27.418365171757465, -27.822756476801299 ], [ 27.311529539114751, -27.869497066082488 ], [ 27.238080041672887, -27.869497066082488 ], [ 27.224725587592548, -27.796047568640621 ], [ 27.271466176873734, -27.749306979359435 ], [ 27.251434495753227, -27.6691802548774 ], [ 27.264788949833566, -27.562344622234683 ], [ 27.318206766154923, -27.488895124792819 ], [ 27.378301809516447, -27.428800081431291 ], [ 27.418365171757465, -27.355350583989427 ], [ 27.438396852877975, -27.255192178386881 ], [ 27.465105761038654, -27.155033772784336 ], [ 27.471782988078822, -27.061552594221961 ], [ 27.558586939601028, -27.068229821262133 ], [ 27.598650301842046, -26.988103096780094 ], [ 27.591973074801878, -26.887944691177552 ], [ 27.505169123279671, -26.854558555976702 ], [ 27.465105761038654, -26.827849647816024 ], [ 27.438396852877975, -26.767754604454499 ], [ 27.465105761038654, -26.714336788133142 ], [ 27.471782988078822, -26.654241744771614 ], [ 27.398333490636958, -26.607501155490425 ], [ 27.298175085034412, -26.634210063651103 ], [ 27.218048360552377, -26.600823928450257 ], [ 27.184662225351531, -26.52737443100839 ], [ 27.19801667943187, -26.453924933566526 ], [ 27.344915674315601, -26.440570479486187 ], [ 27.458428533998482, -26.387152663164827 ] ] ], [ [ [ 27.344915674315601, -28.062301996867387 ], [ 27.301513698554498, -28.122397040228915 ], [ 27.311529539114751, -28.209200991751121 ], [ 27.254773109273309, -28.242587126951967 ], [ 27.224725587592545, -28.169137629510104 ], [ 27.26145033631348, -28.102365359108404 ], [ 27.224725587592545, -28.058963383347304 ], [ 27.234741428152802, -27.992191112945608 ], [ 27.314868152634837, -27.955466364224673 ], [ 27.308190925594666, -28.012222794066115 ], [ 27.344915674315601, -28.062301996867387 ] ] ], [ [ [ 29.416525363528233, -27.568187195894836 ], [ 29.453250112249165, -27.604911944615768 ], [ 29.553408517851711, -27.644975306856786 ], [ 29.580117426012389, -27.685038669097803 ], [ 29.676937218094849, -27.721763417818735 ], [ 29.767079783137138, -27.695054509658057 ], [ 29.817158985938413, -27.671684215017464 ], [ 29.890608483380277, -27.671684215017464 ], [ 29.964057980822144, -27.654991147417039 ], [ 30.012467876863365, -27.647896593686855 ], [ 30.050861932344347, -27.67502282853755 ], [ 30.054200545864433, -27.718424804298653 ], [ 30.067554999944772, -27.758488166539671 ], [ 30.117634202746046, -27.778519847660178 ], [ 30.181067859627657, -27.775181234140092 ], [ 30.217792608348589, -27.798551528780688 ], [ 30.211115381308421, -27.828599050461449 ], [ 30.174390632587485, -27.848630731581959 ], [ 30.114295589225961, -27.858646572142213 ], [ 30.074232226984943, -27.882016866782809 ], [ 30.044184705304179, -27.925418842543909 ], [ 30.057539159384518, -27.978836658865266 ], [ 30.104279748665707, -28.038931702226794 ], [ 30.154358951466978, -28.022238634626369 ], [ 30.184406473147742, -28.002206953505862 ], [ 30.251178743549438, -28.002206953505862 ], [ 30.251178743549438, -28.048947542787047 ], [ 30.294580719310542, -28.085672291507983 ], [ 30.351337149151981, -28.068979223907558 ], [ 30.378046057312662, -28.045608929266965 ], [ 30.424786646593848, -28.04227031574688 ], [ 30.484881689955376, -28.052286156307133 ], [ 30.484881689955376, -28.092349518548151 ], [ 30.484881689955376, -28.122397040228915 ], [ 30.511590598116054, -28.145767334869507 ], [ 30.571685641477579, -28.145767334869507 ], [ 30.635119298359193, -28.142428721349425 ], [ 30.681859887640378, -28.165799015990018 ], [ 30.701891568760889, -28.209200991751121 ], [ 30.658489592999786, -28.252602967512221 ], [ 30.598394549638257, -28.275973262152817 ], [ 30.568347027957497, -28.316036624393835 ], [ 30.611749003718597, -28.33272969199426 ], [ 30.681859887640378, -28.33272969199426 ], [ 30.755309385082246, -28.366115827195106 ], [ 30.842113336604452, -28.399501962395956 ], [ 30.918901447566402, -28.382808894795531 ], [ 30.952287582767248, -28.342745532554513 ], [ 31.002366785568523, -28.306020783833581 ], [ 31.019059853168947, -28.275973262152817 ], [ 31.055784601889879, -28.255941581032307 ], [ 31.055784601889879, -28.219216832311375 ], [ 31.085832123570643, -28.205862378231036 ], [ 31.139249939892, -28.225894059351543 ], [ 31.145927166932168, -28.279311875672899 ], [ 31.175974688612932, -28.336068305514342 ], [ 31.222715277894121, -28.339406919034428 ], [ 31.266117253655221, -28.346084146074599 ], [ 31.262778640135139, -28.382808894795531 ], [ 31.229392504934289, -28.386147508315617 ], [ 31.159281621012507, -28.409517802956209 ], [ 31.11921825877149, -28.452919778717312 ], [ 31.092509350610811, -28.513014822078837 ], [ 31.052445988369794, -28.573109865440365 ], [ 30.985673717968098, -28.563094024880112 ], [ 30.918901447566402, -28.549739570799773 ], [ 30.872160858285213, -28.56977125192028 ], [ 30.765325225642499, -28.576448478960451 ], [ 30.695214341720717, -28.573109865440365 ], [ 30.628442071319022, -28.563094024880112 ], [ 30.581701482037836, -28.579787092480533 ], [ 30.565008414437411, -28.609834614161297 ], [ 30.508251984595969, -28.606496000641215 ], [ 30.454834168274612, -28.586464319520704 ], [ 30.388061897872916, -28.583125706000619 ], [ 30.337982695071641, -28.616511841201469 ], [ 30.261194584109692, -28.616511841201469 ], [ 30.211115381308421, -28.56977125192028 ], [ 30.211115381308421, -28.533046503199348 ], [ 30.197760927228082, -28.469612846317737 ], [ 30.161036178507146, -28.426210870556634 ], [ 30.107618362185789, -28.399501962395956 ], [ 30.044184705304179, -28.399501962395956 ], [ 29.950703526741805, -28.449581165197227 ], [ 29.867238188739684, -28.399501962395956 ], [ 29.877254029299937, -28.36277721367502 ], [ 29.847206507619173, -28.306020783833581 ], [ 29.803804531858074, -28.255941581032307 ], [ 29.750386715536713, -28.215878218791289 ], [ 29.690291672175189, -28.199185151190864 ], [ 29.623519401773493, -28.195846537670782 ], [ 29.56676297193205, -28.215878218791289 ], [ 29.50332931505044, -28.205862378231036 ], [ 29.473281793369676, -28.159121788949847 ], [ 29.486636247450015, -28.102365359108404 ], [ 29.443234271688912, -28.065640610387472 ], [ 29.393155068887641, -28.025577248146455 ], [ 29.376462001287216, -27.972159431825098 ], [ 29.443234271688912, -27.955466364224673 ], [ 29.493313474490183, -27.918741615503741 ], [ 29.499990701530354, -27.851969345102045 ], [ 29.479959020409844, -27.798551528780688 ], [ 29.403170909447894, -27.808567369340942 ], [ 29.359768933686791, -27.77184262062001 ], [ 29.316366957925688, -27.745133712459332 ], [ 29.262949141604331, -27.708408963738396 ], [ 29.222885779363313, -27.6416366933367 ], [ 29.282980822724841, -27.644975306856786 ], [ 29.346414479606452, -27.638298079816614 ], [ 29.346414479606452, -27.598234717575597 ], [ 29.416525363528233, -27.568187195894836 ] ] ], [ [ [ 30.028326291083768, -28.549739570799773 ], [ 30.051696585724361, -28.596480160080958 ], [ 30.014971837003429, -28.616511841201469 ], [ 29.978247088282497, -28.583125706000619 ], [ 29.981585701802583, -28.539723730239515 ], [ 30.028326291083768, -28.549739570799773 ] ] ], [ [ [ 31.362937045737677, -28.235492573221784 ], [ 31.429709316139373, -28.235492573221784 ], [ 31.469772678380391, -28.245508413782041 ], [ 31.499820200061155, -28.268878708422633 ], [ 31.484796439220773, -28.287241082783101 ], [ 31.426370702619291, -28.293918309823269 ], [ 31.371283579537891, -28.288910389543144 ], [ 31.329550910536831, -28.288910389543144 ], [ 31.304511309136196, -28.25886286786238 ], [ 31.362937045737677, -28.235492573221784 ] ] ], [ [ [ 31.604986525943829, -28.235492573221784 ], [ 31.615002366504083, -28.262201481382466 ], [ 31.606655832703868, -28.28056385574293 ], [ 31.578277617783151, -28.28056385574293 ], [ 31.574939004263065, -28.247177720542084 ], [ 31.604986525943829, -28.235492573221784 ] ] ], [ [ [ 26.275830498472022, -21.261286472103645 ], [ 26.31886377471778, -21.308231864371745 ], [ 26.350160702896513, -21.378649952773895 ], [ 26.361897050963538, -21.445155925153703 ], [ 26.357984934941197, -21.511661897533511 ], [ 26.397106095164613, -21.562519405823956 ], [ 26.475348415611446, -21.589904217980347 ], [ 26.557502852080624, -21.589904217980347 ], [ 26.627920940482774, -21.566431521846297 ], [ 26.604448244348724, -21.488189201399461 ], [ 26.592711896281699, -21.41385899697497 ], [ 26.530118039924233, -21.316056096416428 ], [ 26.447963603455054, -21.280847052215353 ], [ 26.401018211186955, -21.222165311880225 ], [ 26.334512238807147, -21.2104289638132 ], [ 26.287566846539047, -21.229989543924908 ], [ 26.275830498472022, -21.261286472103645 ] ] ] ] } },
{ "type": "Feature", "properties": { "id": 58, "name": "Shield Islands", "type": "region", "size": 2 }, "geometry": { "type": "MultiPolygon", "coordinates": [ [ [ [ 5.531716517172737, -1.422472954187396 ], [ 5.622691544369292, -1.374526656070292 ], [ 5.686619941858765, -1.352397595400859 ], [ 5.737025024494694, -1.370838479292053 ], [ 5.772677400017669, -1.374526656070292 ], [ 5.804641598762405, -1.39050875544266 ], [ 5.787179115815611, -1.453373694051109 ], [ 5.741776660153946, -1.490044908239383 ], [ 5.703359197671001, -1.512746136070213 ], [ 5.671867234745809, -1.555247318203991 ], [ 5.599333091440447, -1.556476710463404 ], [ 5.540322262988627, -1.509759804605713 ], [ 5.440741489976181, -1.519594942681016 ], [ 5.386648230562012, -1.49992466653041 ], [ 5.339414468669054, -1.501781537077356 ], [ 5.341160716963734, -1.45812532971037 ], [ 5.333784363407257, -1.424931738706221 ], [ 5.35222524729845, -1.391738147702073 ], [ 5.384189446043186, -1.385591186405008 ], [ 5.418612429306748, -1.412637816112092 ], [ 5.464099942905026, -1.423702346446809 ], [ 5.531716517172737, -1.422472954187396 ] ] ], [ [ [ 5.461641158386199, -0.682378814020819 ], [ 5.530487124913323, -0.679920029501993 ], [ 5.605480052737511, -0.722948758581445 ], [ 5.633756074704008, -0.751224780547942 ], [ 5.622296001496705, -0.781914966817549 ], [ 5.698913864452893, -0.864328868413931 ], [ 5.709978394787609, -0.908586989752796 ], [ 5.617773975331641, -0.903669420715145 ], [ 5.557684814593567, -0.881451119614273 ], [ 5.500981710687413, -0.912275166531035 ], [ 5.410006683490857, -0.860640691635692 ], [ 5.378042484746121, -0.813923785778001 ], [ 5.387877622821424, -0.780730194773853 ], [ 5.37607499194691, -0.755721242397361 ], [ 5.341160716963734, -0.745077819250878 ], [ 5.284608673030739, -0.715572405024968 ], [ 5.279691103993088, -0.688525775317884 ], [ 5.344848893741973, -0.671314283686103 ], [ 5.414924252528508, -0.676231852723755 ], [ 5.461641158386199, -0.682378814020819 ] ] ], [ [ [ 6.323445132234657, -1.144630303560076 ], [ 6.368932645832935, -1.176594502304812 ], [ 6.402126236837083, -1.239293507534871 ], [ 6.491871871774227, -1.245440468831936 ], [ 6.625875628050235, -1.203641132011896 ], [ 6.676280710686164, -1.217164446865439 ], [ 6.676280710686164, -1.276175275317259 ], [ 6.6320225893473, -1.336415496028492 ], [ 6.536129993113092, -1.351168203141447 ], [ 6.498018833071291, -1.386820578664421 ], [ 6.490642479514814, -1.433537484522112 ], [ 6.346803585163502, -1.447060799375655 ], [ 6.318527563197005, -1.407720247074441 ], [ 6.325903916753482, -1.353626987660273 ], [ 6.305004248343463, -1.332727319250253 ], [ 6.260746127004598, -1.326580357953188 ], [ 6.216488005665733, -1.349938810882034 ], [ 6.092725621248027, -1.3499239374768 ], [ 6.051749442904401, -1.363462125735576 ], [ 6.018555851900253, -1.33149792699084 ], [ 6.024621937755532, -1.252134032974742 ], [ 6.05490953349754, -1.229518362579588 ], [ 6.129396835436295, -1.201492832429037 ], [ 6.209111652109256, -1.197494170714832 ], [ 6.323445132234657, -1.144630303560076 ] ] ], [ [ [ 4.971113646880444, -1.089307651886495 ], [ 4.996930884328115, -1.09545461318356 ], [ 5.03258325985109, -1.09545461318356 ], [ 5.065776850855239, -1.086848867367669 ], [ 5.105117403156452, -1.091766436405321 ], [ 5.14761022030057, -1.094340025671235 ], [ 5.258791435583067, -1.139712734522425 ], [ 5.240350551691874, -1.174135717785987 ], [ 5.140769778679427, -1.164300579710683 ], [ 5.087905911524671, -1.152006657116554 ], [ 5.035042044369916, -1.2134762700872 ], [ 4.962507901064554, -1.206099916530723 ], [ 4.910873426169211, -1.201182347493071 ], [ 4.846945028679739, -1.169218148748335 ], [ 4.779328454412028, -1.107748535777689 ], [ 4.801457515081461, -1.067178591217063 ], [ 4.860468343533281, -1.080701906070605 ], [ 4.928084917800992, -1.079472513811192 ], [ 4.946525801692186, -1.088078259627082 ], [ 4.971113646880444, -1.089307651886495 ] ] ] ] } },
{ "type": "Feature", "properties": { "id": 60, "name": "Nunn's Deep", "type": "vale", "size": 2 }, "geometry": { "type": "MultiPolygon", "coordinates": [ [ [ [ 8.41026580519312, 10.426921609923008 ], [ 8.552185642967231, 10.406647347383849 ], [ 8.827014535164714, 10.381867693169323 ], [ 9.180687781681149, 10.388625780682375 ], [ 9.619963470029587, 10.465217439163641 ], [ 9.910561233090862, 10.541809097644908 ], [ 10.252971000418874, 10.636422322827649 ], [ 10.437692059108986, 10.713013981308913 ], [ 10.527799892616358, 10.814385294004706 ], [ 10.579611896883096, 10.879713473297551 ], [ 10.575106505207728, 10.94729434842808 ], [ 10.561590330181621, 10.978832090155661 ], [ 10.50060089882971, 11.006014146753536 ], [ 10.442069334617781, 10.994196649157505 ], [ 10.390674491842384, 10.952146323250364 ], [ 10.315318708691667, 10.958857726041007 ], [ 10.198489533904176, 10.967956932305729 ], [ 10.232912517167739, 11.039261683351677 ], [ 10.208324671979481, 11.093354942765846 ], [ 9.988596784643564, 11.143526071765415 ], [ 9.848429031619753, 11.050080903082872 ], [ 9.759656121371343, 11.031391869346372 ], [ 9.610143851479281, 11.059425419951125 ], [ 9.44194254785071, 11.040736386214625 ], [ 9.269068985788012, 11.045408644648745 ], [ 9.231690918314996, 10.95196347596621 ], [ 9.166279300237219, 10.919257666927322 ], [ 9.001061473235993, 10.803218369544396 ], [ 8.917462799595913, 10.803218369544396 ], [ 8.855993186625268, 10.808135938582048 ], [ 8.742889098759282, 10.918781241929212 ], [ 8.693713408382763, 10.840100137326784 ], [ 8.524057276583779, 10.749125110130228 ], [ 8.361777498341274, 10.65323251389602 ], [ 8.16999230587286, 10.581927762850071 ], [ 8.155711175534796, 10.535051010131854 ], [ 8.166974654723218, 10.483239005865116 ], [ 8.250324400717536, 10.447195872462167 ], [ 8.41026580519312, 10.426921609923008 ] ] ] ] } },
{ "type": "Feature", "properties": { "id": 61, "name": "The Prince's Pass", "type": "region", "size": 2 }, "geometry": { "type": "MultiPolygon", "coordinates": [ [ [ [ 12.602733123903374, -4.25567414497387 ], [ 12.458450500211658, -4.280128826955516 ], [ 12.403898025416005, -4.308295940336516 ], [ 12.336686197582788, -4.399229589757926 ], [ 12.309010739063229, -4.517838697698896 ], [ 12.348547108376884, -4.640401442571232 ], [ 12.388083477690541, -4.723427818129911 ], [ 12.399944388484638, -4.83412965220815 ], [ 12.409541136248366, -4.91961876077557 ], [ 12.45836022551179, -5.070499405426094 ], [ 12.451114095617164, -5.191065730771847 ], [ 12.404295525407367, -5.331812122597473 ], [ 12.316613344718109, -5.501640191938757 ], [ 12.260122991795573, -5.710265023328434 ], [ 12.228576489584182, -5.842783005582724 ], [ 12.218794616791524, -5.979729224679945 ], [ 12.209012743998864, -6.163139339542293 ], [ 12.218794616791524, -6.312312899630337 ], [ 12.218077089641818, -6.501576028011622 ], [ 12.248140235169499, -6.680355863454116 ], [ 12.285288917475034, -6.821820619452241 ], [ 12.344593471445519, -6.936476090461846 ], [ 12.423666210072833, -7.027409739883256 ], [ 12.538321681082436, -7.082760656922376 ], [ 12.716235342993892, -7.149972484755592 ], [ 12.905971180475788, -7.196349653266856 ], [ 13.095784488404997, -7.142065210892861 ], [ 13.226254507140064, -7.05113156147145 ], [ 13.285559061110549, -6.924615179667749 ], [ 13.333002704286937, -6.770423339344488 ], [ 13.348817252012399, -6.545066034256645 ], [ 13.348817252012399, -6.252496901335585 ], [ 13.333002704286937, -6.023185959316376 ], [ 13.309280882698744, -5.884808666718578 ], [ 13.304582496776627, -5.790205439322183 ], [ 13.275236878398651, -5.447839891579132 ], [ 13.253227664615169, -5.278491218856233 ], [ 13.201872832453711, -5.170890618136989 ], [ 13.118726913716115, -5.085910598250765 ], [ 13.028244590384022, -5.021717058048945 ], [ 12.981780694618895, -4.939182506360885 ], [ 12.998898972006046, -4.803459021362751 ], [ 13.057590208761997, -4.686076547850848 ], [ 13.108945040923455, -4.567471340239859 ], [ 13.118726913716113, -4.431747855241724 ], [ 13.079599422545479, -4.342488266008711 ], [ 12.976889758222564, -4.292356167946339 ], [ 12.861952752908826, -4.277683358757352 ], [ 12.602733123903374, -4.25567414497387 ] ] ] ] } },
{ "type": "Feature", "properties": { "id": 62, "name": "Cape Wrath", "type": "shore", "size": 3 }, "geometry": { "type": "MultiPolygon", "coordinates": [ [ [ [ 19.270819999592081, -3.030948061617048 ], [ 19.319232435368583, -2.956740110818254 ], [ 19.370089943659025, -2.882409906393761 ], [ 19.413123219904783, -2.784607005835219 ], [ 19.463980728195224, -2.706364685388385 ], [ 19.49136554035162, -2.592913320740476 ], [ 19.483541308306936, -2.483374072114908 ], [ 19.537332903614129, -2.422736273768612 ], [ 19.584278295882228, -2.385571171556366 ], [ 19.631223688150328, -2.354274243377632 ], [ 19.697729660530136, -2.346450011332949 ], [ 19.775971980976969, -2.315153083154216 ], [ 19.836609779323268, -2.283856154975482 ], [ 19.903115751703076, -2.238866820718552 ], [ 19.961797492038201, -2.182141138394598 ], [ 20.216896891406741, -1.941848898103174 ], [ 20.545944018423317, -1.757582506973891 ], [ 21.011066720464633, -1.613423876237689 ], [ 21.116405527302486, -1.71739555657741 ], [ 21.200506179116768, -1.766454270135749 ], [ 21.350018449008836, -1.771126528569875 ], [ 21.497194589683833, -1.750101365616305 ], [ 21.590639758366375, -1.69870652284091 ], [ 21.757095348468873, -1.677310784372618 ], [ 21.864557292453789, -1.693663688892068 ], [ 21.943985685833947, -1.745058531667463 ], [ 22.081817309640694, -1.731041756365083 ], [ 22.133212152416093, -1.768419823838097 ], [ 22.104659043275856, -1.831639993517921 ], [ 22.065537883052439, -1.882497501808363 ], [ 22.057713651007756, -1.941179242143489 ], [ 22.135955971454589, -1.980300402366906 ], [ 22.186813479745034, -2.027245794635006 ], [ 22.233269857510344, -2.054630606791398 ], [ 22.301731887901322, -2.05854272281374 ], [ 22.314446264973935, -2.084949505964546 ], [ 22.297819771878981, -2.106466144087426 ], [ 22.27288003223655, -2.10548811508184 ], [ 22.233758872013134, -2.164169855416965 ], [ 22.261143684169525, -2.254148523930825 ], [ 22.284616380303575, -2.316742380288292 ], [ 22.339386004616358, -2.340215076422342 ], [ 22.401894110659828, -2.306061266585242 ], [ 22.471419920370401, -2.304272510467078 ], [ 22.530101660705526, -2.307206597483834 ], [ 22.59112057724197, -2.317741912670566 ], [ 22.665849613906566, -2.308065672979754 ], [ 22.722773374805843, -2.305006032221267 ], [ 22.77754299911863, -2.305006032221267 ], [ 22.801993724258267, -2.302316452455907 ], [ 22.827422478403488, -2.311118713506175 ], [ 22.852851232548709, -2.318942945550859 ], [ 22.878279986693929, -2.326767177595543 ], [ 22.91055494387825, -2.32089900356203 ], [ 22.936961727029058, -2.313074771517346 ], [ 22.947720046090495, -2.289602075383296 ], [ 22.927181436973203, -2.274931640299515 ], [ 22.902730711833566, -2.268085437260417 ], [ 22.884148160727445, -2.26319529223249 ], [ 22.852851232548709, -2.26319529223249 ], [ 22.822532333375563, -2.257327118198977 ], [ 22.797103579230338, -2.246324291886141 ], [ 22.769718767073947, -2.183730435528674 ], [ 22.71494914276116, -2.152433507349941 ], [ 22.640618938336669, -2.12896081121589 ], [ 22.588294386537854, -2.126026724199134 ], [ 22.551379282270457, -2.116503077180549 ], [ 22.531568704213896, -2.072235128891936 ], [ 22.535026377751013, -2.018385650063886 ], [ 22.57006831600696, -1.950637902769048 ], [ 22.665849613906566, -1.906251447644837 ], [ 22.679251084057295, -1.861469878188277 ], [ 22.713482099252786, -1.815502514925762 ], [ 22.733042679364495, -1.771491209674418 ], [ 22.751625230470619, -1.732370049451001 ], [ 22.791724419699619, -1.721611730389561 ], [ 22.862142508101769, -1.716721585361634 ], [ 22.875834914179965, -1.692270860221998 ], [ 22.873878856168794, -1.656083787015338 ], [ 22.901263668325189, -1.64923758397624 ], [ 22.942340886559776, -1.656083787015338 ], [ 22.958967379654727, -1.687380715194071 ], [ 22.99026430783346, -1.711831440333707 ], [ 23.021072221509403, -1.735304136467757 ], [ 23.057259294716065, -1.762688948624149 ], [ 23.098336512950652, -1.77735938370793 ], [ 23.116919064056773, -1.776381354702345 ], [ 23.130611470134969, -1.801810108847566 ], [ 23.121809209084702, -1.832129008020714 ], [ 23.091490309911553, -1.846799443104496 ], [ 23.06214943974399, -1.861469878188277 ], [ 23.032808569576428, -1.883964545316742 ], [ 23.027949642551405, -1.913259835296027 ], [ 23.074672226892673, -1.950637902769041 ], [ 23.128655412123798, -1.967341518042899 ], [ 23.167776572347215, -2.017220997327756 ], [ 23.197117442514781, -2.047539896500904 ], [ 23.26753553091693, -2.052430041528831 ], [ 23.304700633129176, -2.053408070534416 ], [ 23.34479982235818, -2.036781577439464 ], [ 23.377074779542493, -2.0612323025791 ], [ 23.402503533687714, -2.097419375785761 ], [ 23.43282243286086, -2.141430681037105 ], [ 23.447492867944643, -2.188376073305205 ], [ 23.452383012972568, -2.220651030489524 ], [ 23.49541628921833, -2.243145697617988 ], [ 23.53551547844733, -2.249991900657087 ], [ 23.599087363810384, -2.236299494578891 ], [ 23.639186553039387, -2.232387378556549 ], [ 23.684175887296316, -2.247057813640331 ], [ 23.718406902491804, -2.259772190712941 ], [ 23.75752806271522, -2.274442625796722 ], [ 23.77787421951022, -2.299052878934059 ], [ 23.776110613821341, -2.346083250455854 ], [ 23.802517396972146, -2.371512004601076 ], [ 23.869023369351954, -2.382270323662515 ], [ 23.935529341731765, -2.361731714545221 ], [ 24.011815604167428, -2.376402149629003 ], [ 24.039200416323819, -2.40476499079098 ], [ 24.069519315496969, -2.433127831952957 ], [ 24.092013982625431, -2.447798267036739 ], [ 24.116464707765068, -2.449754325047909 ], [ 24.142871490915873, -2.445842209025568 ], [ 24.161454042021997, -2.434105860958543 ], [ 24.131135142848848, -2.401830903774224 ], [ 24.11353062074831, -2.372490033606661 ], [ 24.118420765776239, -2.325544641338561 ], [ 24.137981345887948, -2.272731075036948 ], [ 24.171234332077852, -2.23165385680236 ], [ 24.198350380300209, -2.200603728994838 ], [ 24.252410739541435, -2.166859435182325 ], [ 24.277839493686656, -2.171749580210253 ], [ 24.312070508882147, -2.193266218333132 ], [ 24.389334800323397, -2.179573812254936 ], [ 24.405961293418347, -2.149254913081788 ], [ 24.403027206401593, -2.087639085729906 ], [ 24.414763554468617, -2.045583838489733 ], [ 24.449674306737482, -1.993286186475889 ], [ 24.509632368010401, -1.971253634065241 ], [ 24.562786538162111, -1.962318548854365 ], [ 24.581028485418138, -1.932132473841824 ], [ 24.609391326580116, -1.916484009752457 ], [ 24.639710225753262, -1.925286270802726 ], [ 24.678831385976682, -1.964407431026143 ], [ 24.688611676032536, -1.985924069149022 ], [ 24.715996488188928, -1.995704359204876 ], [ 24.749703973808629, -1.99301995149874 ], [ 24.820645591786569, -1.997660417216047 ], [ 24.867590984054669, -1.968319547048484 ], [ 24.899850833928422, -1.978453781178181 ], [ 24.946322319004288, -2.027979316389195 ], [ 24.980553334199776, -2.071501607137747 ], [ 25.062875614153988, -2.096193900229979 ], [ 25.115521336970566, -2.077369781171259 ], [ 25.137037975093445, -2.042160736970184 ], [ 25.166238485251281, -2.029954980400763 ], [ 25.211368179517937, -2.057809201059551 ], [ 25.301733979840961, -2.072005306307912 ], [ 25.356116472344578, -2.094974303271797 ], [ 25.393281574556823, -2.094974303271797 ], [ 25.440226966824927, -2.096930361282968 ], [ 25.420666386713219, -2.145831811562239 ], [ 25.375677052456286, -2.184952971785656 ], [ 25.339112047313979, -2.19582015481227 ], [ 25.292389462972707, -2.270576289758299 ], [ 25.234840875651987, -2.33165732262347 ], [ 25.217236353551449, -2.396207236992108 ], [ 25.183983367361545, -2.439240513237866 ], [ 25.131169801059933, -2.431416281193183 ], [ 25.064663828680121, -2.419679933126158 ], [ 25.043147190557242, -2.462713209371916 ], [ 25.005982088344997, -2.572252457997484 ], [ 24.951212464032213, -2.595725154131534 ], [ 24.880794375630064, -2.633868285349366 ], [ 24.859277737507185, -2.674945503583953 ], [ 24.808420229216743, -2.676901561595124 ], [ 24.814288403250249, -2.647071676924769 ], [ 24.826024751317274, -2.620664893773963 ], [ 24.838739128389886, -2.602082342667839 ], [ 24.849497447451323, -2.585455849572887 ], [ 24.847541389440153, -2.564917240455593 ], [ 24.810376287227907, -2.563939211450008 ], [ 24.783969504077099, -2.581543733550546 ], [ 24.76929906899332, -2.617730806757206 ], [ 24.761474836948636, -2.643159560902427 ], [ 24.74582637285927, -2.675434518086746 ], [ 24.751694546892786, -2.708198489773858 ], [ 24.75413961940675, -2.752943316779391 ], [ 24.736826053702853, -2.776595934365855 ], [ 24.708172256144238, -2.799888709047491 ], [ 24.656336718848209, -2.810647028108931 ], [ 24.615259500613622, -2.801844767058662 ], [ 24.578094398401376, -2.795976593025149 ], [ 24.554621702267326, -2.826295492198298 ], [ 24.548753528233814, -2.859548478388202 ], [ 24.518434629060664, -2.878131029494325 ], [ 24.48518164287076, -2.879109058499911 ], [ 24.453884714692027, -2.907471899661888 ], [ 24.450950627675269, -2.933878682812694 ], [ 24.437258221597073, -2.956373349941159 ], [ 24.401071148390415, -2.967131669002599 ], [ 24.361949988166995, -2.956373349941159 ], [ 24.337499263027361, -2.962241523974672 ], [ 24.304246276837457, -2.987670278119892 ], [ 24.294465986781603, -3.021901293315382 ], [ 24.28664175473692, -3.066890627572312 ], [ 24.270015261641966, -3.099165584756631 ], [ 24.23285015942972, -3.117748135862754 ], [ 24.16976728856946, -3.142932382756579 ], [ 24.095437084144969, -3.185965659002338 ], [ 24.048491691876869, -3.223130761214584 ], [ 23.985897835519403, -3.266164037460342 ], [ 23.944820617284815, -3.293548849616734 ], [ 23.892007050983199, -3.289636733594393 ], [ 23.862666180815637, -3.254427689393317 ], [ 23.798116266447, -3.26029586342683 ], [ 23.784423860368804, -3.318977603761955 ], [ 23.784423860368804, -3.362010880007714 ], [ 23.749214816167729, -3.385483576141764 ], [ 23.704335778940926, -3.383410394094356 ], [ 23.655324031631533, -3.366412010532848 ], [ 23.600554407318747, -3.384016532633386 ], [ 23.553609015050647, -3.403577112745094 ], [ 23.496883332726693, -3.421181634845632 ], [ 23.46754246255913, -3.440742214957341 ], [ 23.492971216704351, -3.468127027113732 ], [ 23.541872666983622, -3.481819433191928 ], [ 23.604466523341088, -3.479863375180758 ], [ 23.663148263676216, -3.487687607225441 ], [ 23.717917887989, -3.526808767448858 ], [ 23.735522410089537, -3.560061753638762 ], [ 23.776599628324124, -3.556149637616421 ], [ 23.819632904569882, -3.585490507783983 ], [ 23.807896556502858, -3.618743493973887 ], [ 23.745302700145391, -3.642216190107938 ], [ 23.686620959810266, -3.651996480163792 ], [ 23.616202871408113, -3.665688886241988 ], [ 23.543828724994793, -3.673513118286671 ], [ 23.526224202894255, -3.710678220498917 ], [ 23.534048434938938, -3.743931206688822 ], [ 23.555565073061818, -3.781096308901068 ], [ 23.553609015050647, -3.807503092051874 ], [ 23.512531796816059, -3.823151556141241 ], [ 23.449041084428455, -3.881975087547965 ], [ 23.375607736034102, -3.922910514710955 ], [ 23.362604303397106, -3.956731222493993 ], [ 23.354091097911223, -3.991372545101934 ], [ 23.391256200123468, -4.024625531291838 ], [ 23.416684954268689, -4.053966401459402 ], [ 23.41864101227986, -4.087219387649306 ], [ 23.401036490179322, -4.130252663895065 ], [ 23.358003213933564, -4.186978346219019 ], [ 23.365827445978248, -4.228055564453607 ], [ 23.408860722224006, -4.239791912520632 ], [ 23.44211370841391, -4.267176724677023 ], [ 23.484083022684406, -4.286125442099945 ], [ 23.534048434938938, -4.298473652855757 ], [ 23.563389305106501, -4.331726639045661 ], [ 23.580993827207038, -4.390408379380787 ], [ 23.655324031631533, -4.404100785458983 ], [ 23.657280089642704, -4.425617423581863 ], [ 23.622071045441626, -4.449090119715913 ], [ 23.582949885218209, -4.468650699827621 ], [ 23.545839464832735, -4.488356126734312 ], [ 23.503729535765792, -4.554717252319138 ], [ 23.45091596946418, -4.589926296520214 ], [ 23.392234229129055, -4.599706586576068 ], [ 23.341376720838614, -4.607530818620751 ], [ 23.317904024704561, -4.636871688788314 ], [ 23.288563154536998, -4.664256500944706 ], [ 23.249441994313582, -4.658388326911194 ], [ 23.210320834090165, -4.625135340721289 ], [ 23.161419383810895, -4.609486876631922 ], [ 23.122298223587478, -4.623179282710118 ], [ 23.071440715297037, -4.640783804810655 ], [ 23.018627148995421, -4.652520152877681 ], [ 22.979505988772004, -4.664256500944706 ], [ 22.977549930760834, -4.691641313101098 ], [ 23.008846858939567, -4.69750948713461 ], [ 23.044055903140645, -4.728806415313344 ], [ 23.044055903140645, -4.762059401503248 ], [ 22.999066568883713, -4.769883633547932 ], [ 22.934516654515075, -4.769883633547932 ], [ 22.883659146224634, -4.760103343492077 ], [ 22.855664263294333, -4.779048706900334 ], [ 22.799548651744288, -4.799224503715495 ], [ 22.697833635163402, -4.785532097637298 ], [ 22.64502006886179, -4.767927575536761 ], [ 22.59807467659369, -4.744454879402711 ], [ 22.545261110292078, -4.758147285480907 ], [ 22.506139950068661, -4.777707865592615 ], [ 22.449414267744707, -4.756191227469736 ], [ 22.380952237353725, -4.71902612525749 ], [ 22.308578090940404, -4.728806415313344 ], [ 22.228379712482401, -4.732718531335686 ], [ 22.154049508057909, -4.760103343492077 ], [ 22.107104115789806, -4.781619981614956 ], [ 22.058202665510535, -4.756191227469736 ], [ 22.073851129599902, -4.734674589346857 ], [ 22.124708637890343, -4.707289777190464 ], [ 22.181434320214301, -4.695553429123439 ], [ 22.20295095833718, -4.660344384922364 ], [ 22.240116060549425, -4.62709139873246 ], [ 22.310490954249989, -4.606932443118328 ], [ 22.371171947297871, -4.584058122486701 ], [ 22.396600701443091, -4.548849078285626 ], [ 22.406380991498946, -4.488211279939329 ], [ 22.382910959978958, -4.445739527140947 ], [ 22.340860634071813, -4.389672425931419 ], [ 22.211315878915372, -4.387035946777089 ], [ 22.173610088169617, -4.376715973302591 ], [ 22.161873740102592, -4.335638755068003 ], [ 22.099279883745123, -4.288693362799903 ], [ 22.017125447275948, -4.288693362799903 ], [ 21.999079857599884, -4.323816706385242 ], [ 21.890496031021993, -4.328750774131629 ], [ 21.825022340229527, -4.284575151452353 ], [ 21.766152280703626, -4.248347422513338 ], [ 21.668910621026082, -4.220713824022178 ], [ 21.594154486080051, -4.164646722812649 ], [ 21.485387381426261, -4.076265710053017 ], [ 21.277077940026924, -4.157778100165801 ], [ 21.15480935485775, -4.157778100165801 ], [ 21.028012303571195, -4.117021905109409 ], [ 20.937442981223658, -4.221176625809077 ], [ 20.792532065467601, -4.184948896870062 ], [ 20.670263480298424, -4.203062761339569 ], [ 20.588751090185639, -4.112493438992032 ], [ 20.466482505016465, -4.139664235696293 ], [ 20.335156987612535, -4.089851108405147 ], [ 20.258173063617129, -3.963054057118595 ], [ 20.051146343694075, -4.088487016672352 ], [ 19.899297944584955, -4.137545730230691 ], [ 19.784827612948842, -4.072134112152909 ], [ 19.663348893661539, -4.006722494075134 ], [ 19.572239854196063, -3.892252162439021 ], [ 19.522173454027534, -3.847602281280877 ], [ 19.510437105960509, -3.775228134867556 ], [ 19.518508882203605, -3.728723117244578 ], [ 19.524129512038705, -3.66960100226433 ], [ 19.547602208172755, -3.597226855851008 ], [ 19.567162788284463, -3.550281463582908 ], [ 19.533909802094559, -3.505292129325978 ], [ 19.475228061759431, -3.507248187337149 ], [ 19.465447771703577, -3.419225576834461 ], [ 19.396985741312598, -3.39379682268924 ], [ 19.334391884955132, -3.380104416611044 ], [ 19.285490434675861, -3.34880748843231 ], [ 19.246369274452444, -3.282301516052502 ], [ 19.258105622519469, -3.23340006577323 ], [ 19.218984462296053, -3.202103137594497 ], [ 19.220940520307224, -3.164938035382251 ], [ 19.242457158430103, -3.131685049192346 ], [ 19.254193506497128, -3.086695714935417 ], [ 19.270819999592081, -3.030948061617048 ] ] ] ] } },
{ "type": "Feature", "properties": { "id": 65, "name": "The Axe", "type": "shore", "size": 2 }, "geometry": { "type": "MultiPolygon", "coordinates": [ [ [ [ 42.33361590860914, 11.024696345511817 ], [ 42.366091071057539, 11.141088359801277 ], [ 42.465557984969195, 11.176896448809471 ], [ 42.549110192654979, 11.220661890930597 ], [ 42.565024898880843, 11.266416671329957 ], [ 42.69337980803693, 11.286342817822931 ], [ 42.758985381008564, 11.502650591870125 ], [ 42.824633544190249, 11.544426695713019 ], [ 42.82420304419248, 11.618073166645946 ], [ 42.800841752021846, 11.730207369064988 ], [ 42.704278578357155, 11.674231018367724 ], [ 42.644598430010163, 11.684177709758888 ], [ 42.537174162985579, 11.743857858105878 ], [ 42.443675263908631, 11.785633961948772 ], [ 42.547120854376743, 11.869186169634558 ], [ 42.531206148150879, 11.978599774937374 ], [ 42.650566444844863, 11.994514481163238 ], [ 42.738097329087118, 12.054194629510228 ], [ 42.765948064982375, 12.163608234813044 ], [ 42.732129314252418, 12.2332350745512 ], [ 42.82420304419248, 12.281533864291969 ], [ 42.832590897303184, 12.343146014423574 ], [ 42.868398986311377, 12.410783515883496 ], [ 42.774900087234428, 12.458527634561088 ], [ 42.753017366173864, 12.488367708734582 ], [ 42.747049351339165, 12.542079842246874 ], [ 42.784846778625592, 12.589823960924466 ], [ 42.796782808294985, 12.641546756158524 ], [ 42.818665529355549, 12.75096036146134 ], [ 42.854473618363748, 12.693269551392584 ], [ 42.888292369093705, 12.61170668198503 ], [ 42.995716636118289, 12.536111827412176 ], [ 43.07330082896938, 12.528154474299244 ], [ 43.184703772550428, 12.528154474299244 ], [ 43.230458552949784, 12.554015871916272 ], [ 43.234437229506248, 12.642044090728083 ], [ 43.230458552949784, 12.701724239075073 ], [ 43.278202671627376, 12.763393725700297 ], [ 43.260298627123277, 12.848935271664317 ], [ 43.212554508445685, 12.894690052063677 ], [ 43.262287965401512, 12.944423509019501 ], [ 43.286160024740312, 13.033943731539987 ], [ 43.266266641957976, 13.081687850217579 ], [ 43.176746419437492, 13.163250719625132 ], [ 43.188682449106892, 13.191101455520394 ], [ 43.252341274010348, 13.19508013207686 ], [ 43.347829511365532, 13.121474615782239 ], [ 43.520901941571807, 13.073730497104647 ], [ 43.534827309519436, 12.962327553523599 ], [ 43.546763339188836, 12.904636743454841 ], [ 43.581108910521046, 12.865566168557837 ], [ 43.586550104753492, 12.807159167821423 ], [ 43.668112974161048, 12.737532328083269 ], [ 43.63031554687462, 12.63160006476736 ], [ 43.660537303901201, 12.566541628773717 ], [ 43.719835769395104, 12.534122489133942 ], [ 43.871025478540815, 12.504282414960446 ], [ 43.886940184766679, 12.444602266613456 ], [ 43.940872809948821, 12.356289999237998 ], [ 44.030172540799455, 12.343146014423574 ], [ 44.17448573165516, 12.346945482369744 ], [ 44.306690561473843, 12.333199323032408 ], [ 44.332551959090871, 12.284957869785259 ], [ 44.324594605977943, 12.101938748187822 ], [ 44.229106368622759, 11.97462109838091 ], [ 44.292765193526215, 11.74385785810588 ], [ 44.200260963588377, 11.582224122999445 ], [ 44.096815373120258, 11.554373387104183 ], [ 44.023209856825638, 11.431034413853737 ], [ 44.015252503712709, 11.255972645369233 ], [ 43.871025478540815, 11.15501372774891 ], [ 43.822286690724106, 11.15451639317935 ], [ 43.875998824236397, 11.246025953978068 ], [ 43.877988162514626, 11.379311618619679 ], [ 43.810350661054706, 11.454906473192533 ], [ 43.762606542377114, 11.520554636374223 ], [ 43.685022349526029, 11.574266769886513 ], [ 43.60447020269168, 11.571350582304678 ], [ 43.577598082501446, 11.405173016236708 ], [ 43.585555435614374, 11.335546176498553 ], [ 43.509960581041526, 11.299738087490359 ], [ 43.543779331771482, 11.212207203248106 ], [ 43.56367271455381, 11.102793597945292 ], [ 43.476141830311562, 10.955582565356048 ], [ 43.50200322792859, 10.822296900714436 ], [ 43.480120506868026, 10.696968589185756 ], [ 43.576436652086905, 10.562142760533252 ], [ 43.628326208596384, 10.472670698314984 ], [ 43.831238712976152, 10.393097167185664 ], [ 43.900865552714308, 10.367235769568634 ], [ 43.926726950331336, 10.321480989169276 ], [ 43.974471069008928, 10.259811502544052 ], [ 43.988396436956563, 10.202120692475294 ], [ 43.922748273774872, 10.108621793398342 ], [ 43.882961508210215, 10.02705892399079 ], [ 43.805377315359131, 9.95942142253087 ], [ 43.78946260913326, 9.91565598040974 ], [ 43.628599978636167, 9.968834482079361 ], [ 43.470657357668209, 10.044515321293174 ], [ 43.319295679240582, 10.110324746696488 ], [ 43.161353058272631, 10.192586528450633 ], [ 42.986958080953841, 10.284719724015273 ], [ 42.875082057768203, 10.370271977039584 ], [ 42.730301321880916, 10.46569564387439 ], [ 42.598682471074284, 10.557828839439033 ], [ 42.453901735186989, 10.659833448814172 ], [ 42.25976393024721, 10.8013237134313 ], [ 42.157759320872067, 10.877004552645111 ], [ 42.124854608170409, 10.936233035508096 ], [ 42.138016493251072, 11.005332932181577 ], [ 42.184103638717083, 11.066746671418965 ], [ 42.263532032097238, 11.020024087077697 ], [ 42.33361590860914, 11.024696345511817 ] ] ] ] } },
{ "type": "Feature", "properties": { "id": 66, "name": "Braavosian Coastlands", "type": "shore", "size": 2 }, "geometry": { "type": "MultiPolygon", "coordinates": [ [ [ [ 31.117377776788995, 13.353232525196358 ], [ 31.013932186320879, 13.259733626119406 ], [ 30.918443948965695, 13.092629210747832 ], [ 30.956241376252123, 12.997140973392648 ], [ 30.948284023139191, 12.895684721202764 ], [ 30.984872516551338, 12.78436991383294 ], [ 31.043275746977923, 12.67924409906508 ], [ 31.065654981554939, 12.620161369667493 ], [ 31.101463070563131, 12.528651808868773 ], [ 31.041782922216143, 12.453056954295919 ], [ 30.936347993469791, 12.425206218400657 ], [ 30.903460360035439, 12.38291416551052 ], [ 30.899287093135332, 12.296110213988314 ], [ 30.896783132995267, 12.213479529366214 ], [ 30.896783132995267, 12.116451073938746 ], [ 30.882594025534907, 12.014623361576158 ], [ 30.830845515973593, 11.858125852822178 ], [ 30.786608886832468, 11.80470803650082 ], [ 30.722340576570836, 11.782172395240247 ], [ 30.700639588690283, 11.733762499199017 ], [ 30.693127708270094, 11.68702190991783 ], [ 30.703978202210369, 11.656139734857044 ], [ 30.727243764210709, 11.624117538577075 ], [ 30.791616807112597, 11.583524890795198 ], [ 30.819971704193161, 11.544426695712991 ], [ 30.8350187828737, 11.432661292356361 ], [ 30.867715822870753, 11.329578161663825 ], [ 30.883428678914928, 11.230675174391227 ], [ 30.926830654676031, 11.224832600731078 ], [ 30.947289354000073, 11.190324482187515 ], [ 30.937342662608909, 11.132633672118757 ], [ 30.872738314132292, 11.09768461911311 ], [ 30.80007832141083, 11.021230728537709 ], [ 30.752334202733238, 10.925742491182525 ], [ 30.676739348160385, 10.89590241700903 ], [ 30.644909935708657, 10.83025425382734 ], [ 30.55538971318817, 10.806382194488544 ], [ 30.539475006962306, 10.716364637398501 ], [ 30.56135772802287, 10.638780444547413 ], [ 30.559368389744638, 10.531356177522831 ], [ 30.505656256232346, 10.483612058845237 ], [ 30.43006140165949, 10.445814631558811 ], [ 30.420114710268326, 10.350326394203625 ], [ 30.498957639402128, 10.284711651575023 ], [ 30.59517647875283, 10.243896796318159 ], [ 30.64093125915219, 10.202120692475265 ], [ 30.533506992127609, 10.160344588632373 ], [ 30.459901475832986, 10.076792380946586 ], [ 30.360434561921338, 10.027058923990761 ], [ 30.193330146549762, 10.005176202930198 ], [ 30.167468748932734, 9.925602671800878 ], [ 30.093863232638114, 9.859954508619188 ], [ 30.101815672501338, 9.747401931650423 ], [ 30.05742921737713, 9.576864498804788 ], [ 30.006332348395862, 9.492921596285196 ], [ 30.093863232638114, 9.427273433103508 ], [ 30.199298161384462, 9.393454682373546 ], [ 30.213223529332094, 9.220382252167274 ], [ 30.31070110496551, 9.176616810046148 ], [ 30.62465751894106, 9.312385463681288 ], [ 30.92738087579631, 9.70724201610118 ], [ 31.269589887893549, 10.233717419327702 ], [ 31.467018164103493, 10.747030937473562 ], [ 31.467018164103493, 11.234020685458095 ], [ 31.467018164103493, 11.799981743926606 ], [ 31.532827589506809, 12.365942802395118 ], [ 31.519665704426146, 12.734475584653685 ], [ 31.44069439394217, 13.050360826589598 ], [ 31.322237428216201, 13.221465332638218 ], [ 31.117377776788995, 13.353232525196358 ] ] ] ] } },
{ "type": "Feature", "properties": { "id": 68, "name": "Crackclaw Point", "type": "shore", "size": 3 }, "geometry": { "type": "MultiPolygon", "coordinates": [ [ [ [ 21.46605678865043, 7.003823776376711 ], [ 21.5113120881627, 6.996281226458 ], [ 21.538380249041911, 6.945314556231372 ], [ 21.571652487512395, 6.928398277189594 ], [ 21.699875836130495, 6.920855727270882 ], [ 21.790711732482951, 6.908149454019126 ], [ 21.83765712475105, 6.931622150153176 ], [ 21.866997994918616, 6.96291907833191 ], [ 21.915899445197887, 6.935534266175518 ], [ 21.992185707633549, 6.925753976119664 ], [ 22.06455985404687, 6.959006962309569 ], [ 22.125197652393165, 6.949226672253713 ], [ 22.140846116482532, 6.921841860097322 ], [ 22.234736901018735, 6.900325221974443 ], [ 22.264077771186297, 6.937490324186689 ], [ 22.291462583342689, 6.982479658443618 ], [ 22.418606354068793, 6.978567542421277 ], [ 22.487068384459775, 6.957050904298398 ], [ 22.532057718716704, 6.972699368387764 ], [ 22.524233486672021, 7.021600818667035 ], [ 22.586827343029487, 7.080282559002161 ], [ 22.552054331551115, 7.140310026074546 ], [ 22.46795367973683, 7.196377127284067 ], [ 22.477298196605084, 7.252444228493594 ], [ 22.584760140590006, 7.280477779098356 ], [ 22.672893895521007, 7.266108070063392 ], [ 22.823510362381164, 7.293492882219783 ], [ 22.987819235319513, 7.283712592163929 ], [ 23.023028279520588, 7.252415663985196 ], [ 23.00346769940888, 7.213294503761778 ], [ 22.995643467364197, 7.170261227516019 ], [ 23.038676743609958, 7.160480937460165 ], [ 23.109094832012108, 7.176129401549533 ], [ 23.171688688369574, 7.176129401549533 ], [ 23.277315820972799, 7.178085459560704 ], [ 23.326217271252069, 7.172217285527191 ], [ 23.406415649710077, 7.174173343538362 ], [ 23.449127078445834, 7.224738278153775 ], [ 23.467816112182341, 7.308838929968058 ], [ 23.444454820011703, 7.4022840986506 ], [ 23.492482202201597, 7.413301435403998 ], [ 23.576592696681942, 7.364399985124726 ], [ 23.574636638670771, 7.299850070756088 ], [ 23.666571365195804, 7.333103056945993 ], [ 23.703736467408049, 7.378092391202922 ], [ 23.758506091720832, 7.360487869102385 ], [ 23.79958330995542, 7.315498534845455 ], [ 23.836748412167665, 7.276377374622038 ], [ 23.903254384547473, 7.311586418823113 ], [ 23.950199776815577, 7.321366708878967 ], [ 24.024529981240068, 7.34875152103536 ], [ 24.061695083452314, 7.376136333191751 ], [ 24.069519315496997, 7.430905957504535 ], [ 24.087123837597535, 7.481763465794978 ], [ 24.13113514284888, 7.486164596320112 ], [ 24.183948709150492, 7.472472190241916 ], [ 24.234806217440937, 7.464647958197232 ], [ 24.256322855563816, 7.486164596320112 ], [ 24.238718333463279, 7.519417582510016 ], [ 24.185904767161663, 7.542890278644066 ], [ 24.174168419094638, 7.595703844945679 ], [ 24.13113514284888, 7.621132599090901 ], [ 24.127223026826538, 7.683726455448367 ], [ 24.201360686340276, 7.691964121566475 ], [ 24.277839493686695, 7.660253759314317 ], [ 24.345425220118642, 7.661911256784313 ], [ 24.426499902535678, 7.670034049370171 ], [ 24.438236250602703, 7.705243093571247 ], [ 24.451928656680899, 7.742408195783493 ], [ 24.496917990937828, 7.758056659872859 ], [ 24.526258861105394, 7.738496079761151 ], [ 24.624499567110977, 7.741108030930786 ], [ 24.707467616216807, 7.790134605402413 ], [ 24.70817225614428, 7.838255038330864 ], [ 24.649490515809156, 7.857815618442573 ], [ 24.596676949507543, 7.877376198554281 ], [ 24.559511847295298, 7.930189764855895 ], [ 24.552845342883217, 7.997554728166985 ], [ 24.432164544183827, 8.035267477760545 ], [ 24.383137969712202, 8.091836602150883 ], [ 24.377598452256407, 8.144378117079102 ], [ 24.412807496457482, 8.173718987246664 ], [ 24.448016540658557, 8.203059857414228 ], [ 24.493005874915486, 8.20697197343657 ], [ 24.526446418167726, 8.23137377564705 ], [ 24.54190732519476, 8.25587342371584 ], [ 24.53310506414449, 8.316511222062136 ], [ 24.575160311384664, 8.355632382285554 ], [ 24.579244267598707, 8.382224774021285 ], [ 24.557555789284127, 8.410402006598337 ], [ 24.549074067923861, 8.457650273208403 ], [ 24.561467905306468, 8.486688269034001 ], [ 24.598100642395487, 8.502905572720673 ], [ 24.673258788187102, 8.500264830670442 ], [ 24.732622981283914, 8.514073081190393 ], [ 24.760985822445893, 8.549282125391468 ], [ 24.767832025484989, 8.604051749704251 ], [ 24.836294055875971, 8.637304735894157 ], [ 24.862700839026779, 8.664689548050548 ], [ 24.860149125552176, 8.719860977074408 ], [ 24.818689533775434, 8.737063694463869 ], [ 24.773700199518501, 8.770316680653773 ], [ 24.77174414150733, 8.821174188944216 ], [ 24.805975156702821, 8.845135899581058 ], [ 24.822601649797775, 8.875943813256999 ], [ 24.812821359741921, 8.938537669614467 ], [ 24.794238808635797, 8.970323612295992 ], [ 24.741425242334184, 9.00748871450824 ], [ 24.747293416367697, 9.064214396832194 ], [ 24.784458518579942, 9.115071905122635 ], [ 24.835316026870387, 9.118984021144977 ], [ 24.870525071071462, 9.139033615759478 ], [ 24.893997767205512, 9.176198717971724 ], [ 24.935074985440099, 9.197715356094603 ], [ 25.00744913185342, 9.185979008027578 ], [ 25.032877885998641, 9.201627472116945 ], [ 25.034833944009812, 9.240748632340363 ], [ 25.079173904398385, 9.253389289632588 ], [ 25.118944438490161, 9.293562198641975 ], [ 25.105572829113875, 9.328814788819708 ], [ 25.060262698155032, 9.311166720742513 ], [ 25.028965769976299, 9.320947010798367 ], [ 25.023097595942787, 9.346375764943588 ], [ 25.044614234065666, 9.367892403066469 ], [ 25.062218756166203, 9.407013563289885 ], [ 25.025053653953957, 9.426574143401593 ], [ 25.001580957819908, 9.440266549479789 ], [ 25.017229421909274, 9.49112405777023 ], [ 25.050482408099178, 9.53415733401599 ], [ 25.087647510311424, 9.55763003015004 ], [ 25.120900496501331, 9.606531480429311 ], [ 25.168518182204551, 9.626279113295038 ], [ 25.210879165015189, 9.612399654462823 ], [ 25.248044267227435, 9.618267828496336 ], [ 25.273473021372656, 9.655432930708582 ], [ 25.234351861149239, 9.680861684853804 ], [ 25.214791281037531, 9.723894961099562 ], [ 25.159173665336294, 9.738413315714087 ], [ 25.120900496501331, 9.727807077121904 ], [ 25.075911162244399, 9.676949568831462 ], [ 25.021141537931616, 9.631960234574532 ], [ 24.974196145663516, 9.620223886507507 ], [ 24.927250753395416, 9.639784466619215 ], [ 24.8812833901329, 9.625603046038227 ], [ 24.867590984054704, 9.572789479736613 ], [ 24.846074345931825, 9.521931971446172 ], [ 24.797172895652551, 9.490635043267439 ], [ 24.77174414150733, 9.516063797412659 ], [ 24.730666923272743, 9.508239565367976 ], [ 24.701326053105181, 9.473030521166901 ], [ 24.729325889396616, 9.416027483759326 ], [ 24.67589729895996, 9.353710982485479 ], [ 24.607435268568981, 9.349798866463138 ], [ 24.544841412211515, 9.341974634418454 ], [ 24.49398390392107, 9.330238286351429 ], [ 24.484203613865215, 9.224122139245411 ], [ 24.430301349612492, 9.191759078921226 ], [ 24.32967503098272, 9.147835876809747 ], [ 24.162754089274902, 9.000713867355744 ], [ 24.042503899579952, 8.916095831307739 ], [ 23.819568067973513, 8.834777769144084 ], [ 23.785529685702969, 8.649777100562506 ], [ 23.626672898942655, 8.565676448748217 ], [ 23.532951171062464, 8.653756571095002 ], [ 23.382100172688229, 8.649985296135645 ], [ 23.201078974639145, 8.593416171745307 ], [ 23.03137160146813, 8.431251348493003 ], [ 22.95971737724037, 8.412394973696223 ], [ 22.707944449431178, 8.358446593266647 ], [ 22.710058997733256, 8.340472932698979 ], [ 22.655289373420473, 8.254406380207463 ], [ 22.584871285018323, 8.215285219984045 ], [ 22.557486472861932, 8.246582148162778 ], [ 22.549662240817248, 8.297439656453221 ], [ 22.48315626843744, 8.313088120542588 ], [ 22.477540841845421, 8.309077101548288 ], [ 22.373617019811871, 8.234845800095753 ], [ 22.311023163454404, 8.164427711693603 ], [ 22.260165655163963, 8.054888463068036 ], [ 22.148893260978848, 8.016411102963854 ], [ 22.047068837076242, 8.069208952394836 ], [ 21.869818913986514, 8.072980227354194 ], [ 21.715719199384736, 8.028366728823624 ], [ 21.538173378887912, 8.107795122203779 ], [ 21.318473508833932, 8.121559450482508 ], [ 21.207960158619553, 8.223831225728434 ], [ 21.064651710164028, 8.276629075159416 ], [ 21.037869473313098, 8.137687220232113 ], [ 21.051031358393761, 7.900773288780178 ], [ 21.077355128555087, 7.709925955110563 ], [ 21.162907381579398, 7.420364483335976 ], [ 21.25504057714404, 7.163707724263046 ], [ 21.405716389300739, 6.879371702717967 ], [ 21.428344039056874, 6.958568476864441 ], [ 21.46605678865043, 7.003823776376711 ] ] ] ] } },
{ "type": "Feature", "properties": { "id": 69, "name": "Kingdom of Sarnor", "type": "country", "size": 4, "active": false }, "geometry": { "type": "MultiPolygon", "coordinates": [ [ [ [ 51.055748893958004, 11.632560776871081 ], [ 51.049071666917833, 11.752750863594134 ], [ 50.995653850596476, 11.866263723277019 ], [ 51.055748893958004, 11.999808264080411 ], [ 51.055748893958004, 12.146707258964142 ], [ 51.142552845480211, 12.173416167124822 ], [ 51.169261753640889, 12.286929026807705 ], [ 51.129198391399875, 12.38041020537008 ], [ 51.089135029158854, 12.493923065052964 ], [ 50.995653850596476, 12.533986427293982 ], [ 51.129198391399875, 12.634144832896526 ], [ 51.302806294444281, 12.7276260114589 ], [ 51.36957856484598, 12.801075508900768 ], [ 51.409641927086994, 12.7276260114589 ], [ 51.523154786769879, 12.700917103298222 ], [ 51.656699327573271, 12.747657692579409 ], [ 51.830307230617684, 12.74098046553924 ], [ 51.983883452541583, 12.694239876258052 ], [ 52.137459674465489, 12.680885422177713 ], [ 52.237618080068032, 12.794398281860598 ], [ 52.391194301991931, 12.801075508900768 ], [ 52.511384388714987, 12.947974503784499 ], [ 52.698346745839736, 13.054810136427212 ], [ 52.828552673123042, 13.069833897267594 ], [ 52.982128895046948, 13.16999230287014 ], [ 52.95541998688627, 13.256796254392345 ], [ 53.088964527689662, 13.316891297753871 ], [ 53.08228730064949, 13.517208108958961 ], [ 53.229186295533225, 13.597334833440996 ], [ 53.389439744497295, 13.710847693123879 ], [ 53.462889241939159, 13.824360552806764 ], [ 53.463306568628894, 13.904487277289199 ], [ 53.419904592867795, 13.949558559810345 ], [ 53.398203604987238, 13.979606081491109 ], [ 53.394864991467159, 14.024677364012256 ], [ 53.429920433428045, 14.056394192453061 ], [ 53.456629341588723, 14.059732805973146 ], [ 53.515055078190208, 14.09645755469408 ], [ 53.551779826911144, 14.128174383134885 ], [ 53.556787747191272, 14.174914972416074 ], [ 53.581827348591908, 14.206631800856879 ], [ 53.635245164913265, 14.231671402257517 ], [ 53.690332287994664, 14.27507337801862 ], [ 53.732064956995728, 14.326821887579936 ], [ 53.745419411076064, 14.378570397141251 ], [ 53.7387421840359, 14.431153560082587 ], [ 53.713702582635257, 14.46787830880352 ], [ 53.686993674474579, 14.512949591324666 ], [ 53.663623379833986, 14.548005033285557 ], [ 53.688662981234621, 14.596414929326789 ], [ 53.732064956995728, 14.62479314424751 ], [ 53.788821386837171, 14.696990661619346 ], [ 53.897326326239927, 14.740392637380449 ], [ 53.977453050721962, 14.762093625261 ], [ 54.077611456324512, 14.795479760461848 ], [ 54.146053033486247, 14.857244110583418 ], [ 54.157738180806547, 14.903984699864607 ], [ 54.197801543047568, 14.942378755345583 ], [ 54.286274801329817, 14.949055982385753 ], [ 54.349708458211424, 14.934032221545371 ], [ 54.426496569173381, 14.919008460704989 ], [ 54.504953986895373, 14.924016380985115 ], [ 54.550025269416516, 14.974095583786388 ], [ 54.641837141218851, 14.98911934462677 ], [ 54.668546049379529, 15.030852013627831 ], [ 54.723633172460929, 15.037529240668 ], [ 54.782058909062414, 15.050883694748341 ], [ 54.795413363142757, 15.032521320387874 ], [ 54.817114351023307, 14.999135185187026 ], [ 54.848831179464113, 14.987450037866727 ], [ 54.942312358026491, 15.020836173067577 ], [ 55.014092548708312, 15.040867854188086 ], [ 55.114250954310862, 15.060899535308595 ], [ 55.212740053153368, 15.065907455588722 ], [ 55.297112830675147, 15.049142548690991 ], [ 55.359639048037096, 15.034190627147916 ], [ 55.420568744778649, 15.017497559547492 ], [ 55.472317254339963, 15.02250547982762 ], [ 55.529073684181405, 15.034190627147916 ], [ 55.585830114022848, 15.034190627147916 ], [ 55.60920040866344, 15.015828252787449 ], [ 55.592507341063019, 14.985780731106686 ], [ 55.567467739662384, 14.954063902665879 ], [ 55.570806353182469, 14.900646086344521 ], [ 55.589168727542933, 14.85891341734346 ], [ 55.597515261343148, 14.818850055102443 ], [ 55.64258654386429, 14.792141146941763 ], [ 55.690996439905518, 14.803826294262061 ], [ 55.739406335946754, 14.783794613141552 ], [ 55.782808311707853, 14.730376796820197 ], [ 55.866273649709974, 14.696990661619349 ], [ 55.959754828272352, 14.696990661619349 ], [ 56.026527098674052, 14.666943139938581 ], [ 56.046558779794559, 14.610186710097143 ], [ 56.013172644593709, 14.563446120815954 ], [ 56.033204325714223, 14.483319396333917 ], [ 56.023188485153966, 14.42990158001256 ], [ 56.05323600683473, 14.379822377211287 ], [ 56.116669663716344, 14.356452082570692 ], [ 56.196796388198379, 14.349774855530523 ], [ 56.213489455798801, 14.296357039209164 ], [ 56.213489455798801, 14.196198633606619 ], [ 56.250214204519736, 14.139442203765176 ], [ 56.300293407321007, 14.099378841524159 ], [ 56.321994395201564, 14.046378351892811 ], [ 56.367065677722707, 13.979606081491113 ], [ 56.418814187284021, 13.952897173330435 ], [ 56.425491414324192, 13.921180344889628 ], [ 56.417144880523978, 13.884455596168694 ], [ 56.395443892643428, 13.867762528568271 ], [ 56.360388450682535, 13.861085301528099 ], [ 56.345364689842157, 13.842722927167634 ], [ 56.358719143922492, 13.819352632527039 ], [ 56.377081518282964, 13.795982337886445 ], [ 56.378750825043007, 13.762596202685597 ], [ 56.365396370962664, 13.72420214720462 ], [ 56.327002315481685, 13.704170466084111 ], [ 56.306970634361178, 13.677461557923433 ], [ 56.310309247881264, 13.629051661882203 ], [ 56.311978554641307, 13.580641765840971 ], [ 56.293616180280843, 13.537239790079868 ], [ 56.271915192400286, 13.507192268399105 ], [ 56.286938953240671, 13.487160587278595 ], [ 56.316986474921436, 13.492168507558723 ], [ 56.365396370962664, 13.523885335999529 ], [ 56.408798346723771, 13.588988299641183 ], [ 56.422152800804106, 13.632390275402287 ], [ 56.46388546980517, 13.655760570042881 ], [ 56.498940911766056, 13.702501159324068 ], [ 56.52898843344682, 13.710847693124281 ], [ 56.554028034847462, 13.699162545803985 ], [ 56.577398329488055, 13.649083343002712 ], [ 56.589083476808348, 13.602342753721523 ], [ 56.594091397088476, 13.561862064790494 ], [ 56.629146839049369, 13.555184837750325 ], [ 56.672548814810469, 13.566869985070621 ], [ 56.714281483811533, 13.565200678310578 ], [ 56.74599831225234, 13.570208598590707 ], [ 56.781053754213232, 13.555184837750325 ], [ 56.814439889414075, 13.518460089029391 ], [ 56.816109196174118, 13.450018511867651 ], [ 56.814439889414075, 13.379907627945869 ], [ 56.781053754213232, 13.346521492745021 ], [ 56.735982471692083, 13.324820504864469 ], [ 56.71261217705149, 13.283087835863409 ], [ 56.705934950011319, 13.238016553342263 ], [ 56.722628017611747, 13.182094776880838 ], [ 56.762691379852761, 13.177086856600711 ], [ 56.787730981253397, 13.14870864167999 ], [ 56.806093355613868, 13.101968052398803 ], [ 56.783557714353293, 13.055644789807626 ], [ 56.752675539292511, 13.02392796136682 ], [ 56.746832965632358, 12.969675491665441 ], [ 56.751006232532468, 12.908745794923892 ], [ 56.759352766332675, 12.854493325222514 ], [ 56.773541873793036, 12.821107190021666 ], [ 56.816109196174118, 12.816099269741537 ], [ 56.837810184054675, 12.80483144911125 ], [ 56.854085924965084, 12.769984670495367 ], [ 56.898322554106208, 12.71740150755403 ], [ 56.925866115646912, 12.689023292633308 ], [ 56.93087403592704, 12.671078244962848 ], [ 56.931291362617046, 12.652924533947388 ], [ 56.938385916347229, 12.625172309061682 ], [ 56.932543342687083, 12.59762874752098 ], [ 56.92670076902693, 12.565077265700154 ], [ 56.910007701426508, 12.532525783879326 ], [ 56.895818593966148, 12.512494102758817 ], [ 56.875786912845641, 12.501643608818542 ], [ 56.860763152005255, 12.489123808118222 ], [ 56.859093845245212, 12.46575351347763 ], [ 56.869109685805469, 12.43236737827678 ], [ 56.888306713545958, 12.414839657296335 ], [ 56.934212649447126, 12.403154509976037 ], [ 56.962590864367847, 12.412335697156271 ], [ 56.992638386048611, 12.421516884336505 ], [ 57.031867094909607, 12.414839657296335 ], [ 57.051898776030114, 12.402319856596018 ], [ 57.058576003070286, 12.345980753444584 ], [ 57.035205708429693, 12.275869869522802 ], [ 57.071930457150621, 12.202420372080935 ], [ 57.068591843630536, 12.128970874639069 ], [ 57.028528481389522, 12.085568898877966 ], [ 56.958417597467736, 12.075553058317711 ], [ 56.951740370427565, 12.018796628476268 ], [ 57.028528481389522, 11.974559999335145 ], [ 57.035205708429693, 11.917803569493703 ], [ 56.998480959708758, 11.887756047812939 ], [ 56.966764131267951, 11.84185011191177 ], [ 56.951740370427565, 11.783424375310284 ], [ 56.960086904227779, 11.748368933349393 ], [ 56.985126505628415, 11.719990718428672 ], [ 57.023520561109393, 11.714982798148545 ], [ 57.060245309830329, 11.743361013069267 ], [ 57.0986393653113, 11.727502598848865 ], [ 57.144545301212467, 11.669494188937389 ], [ 57.196293810773788, 11.614407065855989 ], [ 57.221333412174424, 11.559319942774588 ], [ 57.214656185134253, 11.502563512933145 ], [ 57.231349252734674, 11.457492230411999 ], [ 57.269743308215652, 11.432452629011363 ], [ 57.341523498897473, 11.440799162811576 ], [ 57.38492547465858, 11.445807083091703 ], [ 57.419980916619473, 11.422436788451108 ], [ 57.495099720821379, 11.361924418399576 ], [ 57.544344270242632, 11.303498681798086 ], [ 57.551856150662822, 11.218364037035927 ], [ 57.548517537142736, 11.148253153114144 ], [ 57.606943273744221, 11.071465042152187 ], [ 57.682062077946135, 10.994676931190241 ], [ 57.772204642988427, 10.934581887828713 ], [ 57.848992753950377, 10.984661090629986 ], [ 57.892394729711476, 10.931243274308628 ], [ 57.985875908273854, 10.874486844467185 ], [ 58.077687780076189, 10.866974964046991 ], [ 58.082695700356318, 10.807714574065489 ], [ 58.051813525295529, 10.736769036763681 ], [ 58.052648178675554, 10.680847260302263 ], [ 58.097719461196696, 10.618248256800669 ], [ 58.092711540916568, 10.510577970777936 ], [ 58.110239261897014, 10.417931445595578 ], [ 58.096050154436654, 10.330292840693353 ], [ 58.049309565155468, 10.273536410851911 ], [ 58.037624417835168, 10.22095324791057 ], [ 58.119420449077253, 10.213441367490383 ], [ 58.246287762840474, 10.260181956771572 ], [ 58.347280821823041, 10.26268591691163 ], [ 58.40987982532463, 10.226795821570722 ], [ 58.439927347005394, 10.186732459329704 ], [ 58.493345163326758, 10.193409686369874 ], [ 58.550101593168201, 10.190071072849788 ], [ 58.610196636529722, 10.183393845809618 ], [ 58.667787719751189, 10.224291861430654 ], [ 58.753757017893378, 10.240150275651061 ], [ 58.803836220694649, 10.266859183811741 ], [ 59.368764147762576, 10.306946643403361 ], [ 59.893137703097892, 10.001062069457758 ], [ 60.402945326340564, 9.695177495512155 ], [ 61.30603311608472, 9.432990717844497 ], [ 61.946934128161224, 9.156238008084189 ], [ 62.442175819311245, 8.733825977397405 ], [ 62.675230732793608, 8.355111742988566 ], [ 63.345263609055401, 8.020095304857668 ], [ 64.321181059262798, 7.883539691489097 ], [ 65.201820681564669, 7.832079263173842 ], [ 65.559285287137854, 7.797964840444791 ], [ 65.996263249917291, 7.60860772324037 ], [ 66.258450027584942, 7.404684673943302 ], [ 66.581285676253628, 7.041332386657607 ], [ 66.739820193691514, 6.704446537102089 ], [ 66.898354711129414, 5.951407579272107 ], [ 67.076706043247029, 4.702948254448716 ], [ 66.997438784528086, 3.791374779180842 ], [ 66.79738951501291, 3.06403691033428 ], [ 66.535202737345259, 2.521455939883152 ], [ 66.141922570843761, 2.317532890586084 ], [ 64.932950207154008, 2.332098822678732 ], [ 63.898769028576019, 2.434060347327266 ], [ 62.951983442553917, 2.594285600346391 ], [ 61.786708875142097, 2.637983396624334 ], [ 60.679698036100866, 2.521455939883152 ], [ 59.587253129152288, 2.477758143605209 ], [ 58.259333297906416, 2.45178809645212 ], [ 57.074629843170555, 2.681681192902277 ], [ 55.781121675797301, 3.03833582135086 ], [ 54.750647312451008, 3.355404856226642 ], [ 53.700356134424986, 3.870642037899787 ], [ 53.066218064673421, 4.385879219572933 ], [ 52.650064956398957, 4.802032327847397 ], [ 52.174461404085285, 5.416353582919225 ], [ 51.659224222412135, 6.050491652670789 ], [ 51.540463603991974, 6.400175695796828 ], [ 51.302521558176885, 7.100782830696817 ], [ 51.244458646942896, 7.497546057462383 ], [ 51.183620670098463, 7.913272232566007 ], [ 51.005269337980835, 9.439166962905709 ], [ 50.952689930004631, 10.704074546238848 ], [ 51.055748893958004, 11.632560776871081 ] ] ] ] } },
{ "type": "Feature", "properties": { "id": 70, "name": "Omber", "type": "country", "size": 3, "active": true }, "geometry": { "type": "MultiPolygon", "coordinates": [ [ [ [ 58.803836220694649, 10.266859183811741 ], [ 58.837222355895499, 10.316938386613014 ], [ 58.830545128855327, 10.380372043494626 ], [ 58.928199574317809, 10.422939365875704 ], [ 59.020846099500162, 10.473853222057002 ], [ 59.030861940060419, 10.543964105978784 ], [ 59.064248075261268, 10.596964595610126 ], [ 59.147713413263389, 10.63076805750099 ], [ 59.247871818865931, 10.648713105171442 ], [ 59.317982702787717, 10.690863100862519 ], [ 59.361384678548816, 10.757635371264215 ], [ 59.378077746149245, 10.834423482226162 ], [ 59.444850016550944, 10.881164071507355 ], [ 59.52497674103298, 10.904534366147949 ], [ 59.595087624954758, 10.927904660788544 ], [ 59.622631186495461, 10.974645250069726 ], [ 59.661859895356457, 11.051433361031684 ], [ 59.658521281836371, 11.121544244953466 ], [ 59.5967569317148, 11.189985822115201 ], [ 59.571717330314165, 11.245072945196606 ], [ 59.615119306075272, 11.28179769391754 ], [ 59.668537122396629, 11.325199669678643 ], [ 59.64182821423595, 11.378617486 ], [ 59.65273149669693, 11.423077060740781 ], [ 59.711939098157728, 11.465421437522206 ], [ 59.815436117280363, 11.472098664562376 ], [ 59.885547001202141, 11.452066983441867 ], [ 59.94564204456367, 11.445389756401697 ], [ 59.970681645964305, 11.511327373423368 ], [ 60.022430155525626, 11.57058776340488 ], [ 60.09587965296749, 11.563910536364711 ], [ 60.196038058570039, 11.557233309324541 ], [ 60.252794488411482, 11.587280831005305 ], [ 60.252794488411482, 11.637360033806578 ], [ 60.206053899130289, 11.671580822387442 ], [ 60.232762807290968, 11.767565961089888 ], [ 60.259471715451646, 11.834338231491584 ], [ 60.211061819410418, 11.871897633592534 ], [ 60.209392512650375, 11.944512477654385 ], [ 60.236101420811053, 12.027977815656506 ], [ 60.295996972771668, 12.08353736911414 ], [ 60.339598439933688, 12.162357009839921 ], [ 60.418055857655681, 12.22495601334151 ], [ 60.469804367216994, 12.252499574882211 ], [ 60.479820207777252, 12.309256004723656 ], [ 60.436418232016145, 12.379366888645437 ], [ 60.423063777935809, 12.426107477926625 ], [ 60.429741004975973, 12.477021334107917 ], [ 60.456449913136659, 12.55965201873002 ], [ 60.536576637618694, 12.636440129691971 ], [ 60.583317226899879, 12.719070814314071 ], [ 60.643412270261408, 12.739937148814603 ], [ 60.666782564902, 12.810048032736384 ], [ 60.750247902904121, 12.840095554417148 ], [ 60.828705320626121, 12.82799308040684 ], [ 60.907162738348113, 12.883497530178252 ], [ 60.903824124828027, 12.933576732979525 ], [ 60.947226100589134, 12.976561382050615 ], [ 61.057400346751933, 12.970301481700458 ], [ 61.174251819954904, 12.986994549300883 ], [ 61.267732998517275, 12.960285641140203 ], [ 61.42882110086137, 12.976561382050615 ], [ 61.53148346660398, 12.983655935780797 ], [ 61.621626031646272, 13.037073752102156 ], [ 61.649169593186976, 13.098420775533713 ], [ 61.735138891329157, 13.120539090104277 ], [ 61.855328978052214, 13.140570771224786 ], [ 61.885376499732978, 13.190649974026059 ], [ 61.937959662674317, 13.225288089296937 ], [ 61.982196291815441, 13.200665814586314 ], [ 61.995550745895777, 13.153925225305125 ], [ 62.055645789257305, 13.143909384744871 ], [ 62.129095286699176, 13.197327201066228 ], [ 62.235930919341889, 13.180634133465805 ], [ 62.339427938464517, 13.180634133465805 ], [ 62.366136846625196, 13.147247998264955 ], [ 62.392845754785874, 13.110523249544022 ], [ 62.466295252227745, 13.090491568423513 ], [ 62.54642197670978, 13.103846022503852 ], [ 62.61319424711148, 13.150586611785041 ], [ 62.710014039193936, 13.177295519945719 ], [ 62.8068338312764, 13.175208886495664 ], [ 62.900315009838778, 13.207343041626483 ], [ 62.992126881641113, 13.193571260856132 ], [ 63.043875391202427, 13.150586611785041 ], [ 63.118994195404333, 13.121791070174307 ], [ 63.240853588887433, 13.137232157704702 ], [ 63.310964472809218, 13.113861863064107 ], [ 63.381075356730996, 13.120539090104277 ], [ 63.347689221530146, 13.060444046742749 ], [ 63.348523874910171, 13.008278210491422 ], [ 63.309295166049175, 12.980317322260714 ], [ 63.237514975367347, 12.986994549300883 ], [ 63.177419932005819, 12.950269800579949 ], [ 63.13652191638478, 12.889340103838398 ], [ 63.134017956244719, 12.846772781457318 ], [ 63.18409715904599, 12.816725259776554 ], [ 63.277578337608368, 12.833418327376979 ], [ 63.33433476744981, 12.830079713856893 ], [ 63.391925850671271, 12.797528232036065 ], [ 63.464540694733117, 12.753291602894942 ], [ 63.52547039147467, 12.663983691232669 ], [ 63.548006032735238, 12.613069835051377 ], [ 63.62813275721728, 12.576345086330445 ], [ 63.708259481699315, 12.576345086330445 ], [ 63.767519871680818, 12.540454990989529 ], [ 63.785047592661265, 12.445304505667115 ], [ 63.841804022502707, 12.398563916385926 ], [ 63.868512930663385, 12.321775805423975 ], [ 63.916088173324596, 12.281712443182952 ], [ 63.931946587544999, 12.221617399821429 ], [ 64.002057471466784, 12.221617399821429 ], [ 64.042120833707799, 12.18155403758041 ], [ 64.128924785230012, 12.171538197020157 ], [ 64.183163968438961, 12.1233241346788 ], [ 64.185263888381442, 12.074092414902667 ], [ 64.198618342461785, 12.020674598581309 ], [ 64.191941115421614, 11.978941929580248 ], [ 64.155216366700671, 11.95223302141957 ], [ 64.1051371638994, 11.948894407899484 ], [ 64.066743108418422, 11.918846886218722 ], [ 64.063404494898336, 11.860421149617236 ], [ 64.043372813777836, 11.820357787376217 ], [ 63.953230248735544, 11.807003333295878 ], [ 63.846394616092823, 11.796987492735623 ], [ 63.801323333571681, 11.750246903454435 ], [ 63.722865915849688, 11.723537995293757 ], [ 63.654424338687946, 11.705175620933289 ], [ 63.61644760989698, 11.670746169007426 ], [ 63.576801574345971, 11.604599888640733 ], [ 63.525053064784657, 11.579560287240097 ], [ 63.520045144504529, 11.514457323598442 ], [ 63.476643168743429, 11.459370200517041 ], [ 63.431571886222279, 11.425984065316193 ], [ 63.396516444261387, 11.380912782795047 ], [ 63.396516444261387, 11.335841500273901 ], [ 63.443257033542579, 11.305793978593139 ], [ 63.459532774452995, 11.286805614197666 ], [ 63.463288714663086, 11.243612301781557 ], [ 63.436579806502408, 11.19687171250037 ], [ 63.391508523981265, 11.160146963779436 ], [ 63.368138229340666, 11.125091521818545 ], [ 63.393177830741308, 11.101721227177951 ], [ 63.461619407903044, 11.103390533937993 ], [ 63.5267223715447, 11.101721227177951 ], [ 63.555100586465421, 11.07501231901727 ], [ 63.585148108146186, 11.053311331136721 ], [ 63.638565924467542, 11.058319251416847 ], [ 63.685306513748728, 11.021594502695914 ], [ 63.688645127268813, 10.984452427284971 ], [ 63.678629286708563, 10.939381144763825 ], [ 63.645243151507714, 10.927695997443529 ], [ 63.618534243347035, 10.897648475762765 ], [ 63.616864936586992, 10.864262340561917 ], [ 63.576801574345971, 10.849238579721534 ], [ 63.530060985064786, 10.817521751280728 ], [ 63.486659009303679, 10.772450468759581 ], [ 63.444926340302622, 10.704008891597843 ], [ 63.483320395783593, 10.69566235779763 ], [ 63.545084745905164, 10.69566235779763 ], [ 63.596833255466478, 10.73572572003865 ], [ 63.665274832628221, 10.769111855239498 ], [ 63.718692648949578, 10.785804922839922 ], [ 63.785464919351277, 10.792482149880092 ], [ 63.85641045665308, 10.762434628199328 ], [ 63.921513420294737, 10.74407225383886 ], [ 63.984947077176351, 10.730717799758521 ], [ 64.051719347578043, 10.727379186238437 ], [ 64.108893104109498, 10.745950223943918 ], [ 64.138523299100257, 10.717363345678182 ], [ 64.130176765300035, 10.673961369917079 ], [ 64.136853992340207, 10.648921768516443 ], [ 64.171909434301099, 10.648921768516443 ], [ 64.202374282671869, 10.607397762860396 ], [ 64.189437155281539, 10.566708410584353 ], [ 64.192775768801624, 10.504944060462782 ], [ 64.222823290482395, 10.451526244141425 ], [ 64.262886652723409, 10.388092587259813 ], [ 64.279579720323838, 10.33801338445854 ], [ 64.286256947364009, 10.307965862777776 ], [ 64.326320309605023, 10.31130447629786 ], [ 64.351359911005659, 10.250792106246321 ], [ 64.341344070445402, 10.194035676404878 ], [ 64.391423273246673, 10.143956473603604 ], [ 64.391423273246673, 10.083861430242077 ], [ 64.35803713804583, 10.050475295041227 ], [ 64.404777727327016, 9.977025797599362 ], [ 64.42480940844753, 9.916930754237834 ], [ 64.434825249007787, 9.860174324396391 ], [ 64.471549997728715, 9.823449575675458 ], [ 64.519542567079938, 9.806130518040028 ], [ 64.544999495170586, 9.75000007823359 ], [ 64.494920292369315, 9.716613943032742 ], [ 64.454856930128287, 9.676550580791723 ], [ 64.474888611248801, 9.62647137799045 ], [ 64.521629200529986, 9.629809991510536 ], [ 64.568369789811172, 9.673211967271639 ], [ 64.625126219652614, 9.693243648392148 ], [ 64.69774106371446, 9.694078301772171 ], [ 64.798734122697027, 9.686566421351978 ], [ 64.892215301259412, 9.669873353751553 ], [ 64.974845985881515, 9.635652565170686 ], [ 65.035775682623054, 9.599762469829772 ], [ 65.042452909663226, 9.52297435886782 ], [ 65.092532112464497, 9.512958518307565 ], [ 65.111729140204986, 9.463713968886315 ], [ 65.112563793585011, 9.386091204544341 ], [ 65.102547953024754, 9.309303093582388 ], [ 65.142611315265768, 9.28259418542171 ], [ 65.122579634145268, 9.209144687979842 ], [ 65.122579634145268, 9.162821425388664 ], [ 65.148453888925928, 9.134860537157955 ], [ 65.147198436217238, 9.01556124570147 ], [ 65.088934707846647, 8.939090102215069 ], [ 65.056161360638185, 8.822562645473887 ], [ 65.063444326684518, 8.720601120825354 ], [ 65.078010258777155, 8.636847011292629 ], [ 65.136273987147746, 8.534885486644095 ], [ 65.241876994819449, 8.440206928041885 ], [ 65.30014072319004, 8.320037988277541 ], [ 65.303782206213199, 8.14888828618893 ], [ 65.256442926912101, 8.068775659679368 ], [ 65.187254749472018, 7.930399304799215 ], [ 65.201820681564669, 7.832079263173842 ], [ 64.321181059262798, 7.883539691489097 ], [ 63.345263609055401, 8.020095304857668 ], [ 62.675230732793608, 8.355111742988566 ], [ 62.442175819311245, 8.733825977397405 ], [ 61.946934128161224, 9.156238008084189 ], [ 61.30603311608472, 9.432990717844497 ], [ 60.402945326340564, 9.695177495512155 ], [ 59.893137703097892, 10.001062069457758 ], [ 59.368764147762576, 10.306946643403361 ], [ 58.803836220694649, 10.266859183811741 ] ] ] ] } },
{ "type": "Feature", "properties": { "id": 73, "name": "Ibben", "type": "country", "size": 4, "active": true }, "geometry": { "type": "MultiPolygon", "coordinates": [ [ [ [ 77.711013156443371, 26.392839554036108 ], [ 77.53198891051909, 26.403370392031654 ], [ 77.395088016576992, 26.429697487020519 ], [ 77.289779636621532, 26.371777878045016 ], [ 77.173940418670526, 26.419166649024973 ], [ 77.068632038715066, 26.492882514993795 ], [ 77.015977848737336, 26.582394637955936 ], [ 76.926465725775188, 26.587660056953709 ], [ 76.815891926821962, 26.529740447978206 ], [ 76.710583546866502, 26.503413352989341 ], [ 76.589478909917716, 26.535005866975979 ], [ 76.505232205953348, 26.529740447978206 ], [ 76.53155930094222, 26.434962906018292 ], [ 76.447312596977852, 26.36124704004947 ], [ 76.342004217022392, 26.303327431073967 ], [ 76.257757513058024, 26.282265755082875 ], [ 76.173510809093656, 26.271734917087326 ], [ 76.094529524127054, 26.287531174080648 ], [ 76.04714075314709, 26.234876984102915 ], [ 76.073467848135962, 26.145364861140774 ], [ 76.083998686131508, 26.05058731918086 ], [ 76.041875334149324, 25.976871453212038 ], [ 75.990146749787215, 26.015237768637892 ], [ 75.897076311710563, 26.000565838702016 ], [ 75.833891283737287, 25.958442486719832 ], [ 75.812829607746195, 25.858399525762145 ], [ 75.728582903781827, 25.774152821797774 ], [ 75.712786646788516, 25.674109860840087 ], [ 75.612743685830822, 25.547739804893535 ], [ 75.444250277902086, 25.41610432994921 ], [ 75.333676478948846, 25.379246396964799 ], [ 75.206346154907834, 25.302543030257677 ], [ 75.180979328013436, 25.21075298903606 ], [ 75.175713909015656, 25.121240866073919 ], [ 75.144121395029018, 25.021197905116232 ], [ 75.06514011006243, 24.936951201151864 ], [ 74.970362568102516, 24.836908240194177 ], [ 74.870319607144822, 24.826377402198631 ], [ 74.786072903180454, 24.763192374225351 ], [ 74.712357037211632, 24.705272765249848 ], [ 74.770276646187142, 24.631556899281026 ], [ 74.728153294204958, 24.536779357321112 ], [ 74.680764523224994, 24.457798072354517 ], [ 74.622844914249498, 24.389347625383468 ], [ 74.664968266231682, 24.336693435405738 ], [ 74.575456143269534, 24.252446731441367 ], [ 74.559659886276222, 24.162934608479226 ], [ 74.670233685229448, 24.141872932488134 ], [ 74.733418713202724, 24.105014999503723 ], [ 74.80186916017378, 24.057626228523766 ], [ 74.886115864138148, 24.036564552532674 ], [ 74.949300892111424, 24.004972038546036 ], [ 74.95456631110919, 23.925990753579441 ], [ 74.928239216120332, 23.841744049615073 ], [ 74.892697637885348, 23.797317076821368 ], [ 74.838727093158184, 23.813113333814687 ], [ 74.817665417167092, 23.799620697632889 ], [ 74.805818224422097, 23.76572456283473 ], [ 74.812399998169326, 23.720639412666291 ], [ 74.90191212113146, 23.652188965695242 ], [ 74.928239216120303, 23.574194946790737 ], [ 74.99668966309136, 23.542602432804099 ], [ 75.075670948057947, 23.495213661824138 ], [ 75.170448490017876, 23.447824890844181 ], [ 75.259960612980009, 23.379374443873132 ], [ 75.281022288971101, 23.25826980692435 ], [ 75.286287707968881, 23.184553940955528 ], [ 75.244164355986698, 23.10030723699116 ], [ 75.302083964962193, 23.042387628015653 ], [ 75.360003573937703, 22.963406343049058 ], [ 75.381065249928795, 22.89495589607801 ], [ 75.354738154939923, 22.805443773115865 ], [ 75.328411059951065, 22.689604555164859 ], [ 75.386330668926561, 22.579030756211623 ], [ 75.365268992935469, 22.473722376256163 ], [ 75.454781115897617, 22.405271929285114 ], [ 75.549558657857531, 22.35261773930738 ], [ 75.707521227790721, 22.326290644318515 ], [ 75.695015857671066, 22.254878399161214 ], [ 75.655525215187765, 22.198933322309873 ], [ 75.616034572704464, 22.191035193813214 ], [ 75.560747673227851, 22.191035193813214 ], [ 75.531787868740096, 22.164708098824349 ], [ 75.52125703074455, 22.088359523356637 ], [ 75.518624321245667, 22.048868880873339 ], [ 75.489664516757912, 22.019909076385588 ], [ 75.484399097760132, 21.98041843390229 ], [ 75.518624321245667, 21.961989467410085 ], [ 75.555482254230071, 21.925131534425674 ], [ 75.560747673227851, 21.869844634949054 ], [ 75.552849544731188, 21.782965221485799 ], [ 75.518624321245667, 21.696085808022545 ], [ 75.471235550265703, 21.675024132031449 ], [ 75.450173874274611, 21.609206394559287 ], [ 75.460704712270157, 21.551286785583784 ], [ 75.444908455276845, 21.463749194745809 ], [ 75.402785103294661, 21.390033328776983 ], [ 75.368559879809126, 21.311052043810388 ], [ 75.376458008305789, 21.237336177841566 ], [ 75.368559879809126, 21.166253021371627 ], [ 75.418581360287973, 21.105700702897238 ], [ 75.476500969263483, 20.979330646950686 ], [ 75.534420578238979, 20.953003551961817 ], [ 75.57917663972006, 20.894425765611587 ], [ 75.62656541070001, 20.833873447137197 ], [ 75.658157924686648, 20.760157581168375 ], [ 75.644994377192219, 20.646951072716252 ], [ 75.658157924686648, 20.546908111758565 ], [ 75.723975662158807, 20.554806240255225 ], [ 75.781895271134317, 20.552173530756338 ], [ 75.834549461112047, 20.560071659252998 ], [ 75.860876556100919, 20.607460430232955 ], [ 75.845080299107593, 20.662747329709571 ], [ 75.916163455577532, 20.710136100689532 ], [ 75.99514474054412, 20.73383048617951 ], [ 76.016206416535226, 20.7943828046539 ], [ 75.968817645555262, 20.802280933150559 ], [ 75.979348483550808, 20.857567832627176 ], [ 76.039900802025201, 20.878629508618268 ], [ 76.108351248996243, 20.886527637114927 ], [ 76.147841891479544, 20.928650989097115 ], [ 76.155740019976207, 20.997759613442891 ], [ 76.224190466947263, 21.028693950054802 ], [ 76.284742785421642, 21.094511687526964 ], [ 76.324233427904943, 21.165594843996903 ], [ 76.313702589909397, 21.226147162471293 ], [ 76.266313818929447, 21.273535933451249 ], [ 76.197863371958391, 21.305128447437887 ], [ 76.196547017208943, 21.372262539659499 ], [ 76.213659628951703, 21.46440737212053 ], [ 76.271579237927213, 21.516403384723539 ], [ 76.326866137403826, 21.532199641716858 ], [ 76.379520327381556, 21.555894027206836 ], [ 76.395316584374882, 21.619079055180112 ], [ 76.397949293873765, 21.690162211650051 ], [ 76.445338064853729, 21.755979949122214 ], [ 76.471665159842587, 21.834961234088809 ], [ 76.561177282804735, 21.907360745308189 ], [ 76.603300634786919, 21.957382225787033 ], [ 76.626995020276894, 22.00740370626588 ], [ 76.600667925288036, 22.05215976774695 ], [ 76.63752585827244, 22.094283119729134 ], [ 76.555911863806955, 22.128508343214659 ], [ 76.548013735310306, 22.167998985697956 ], [ 76.640158567771323, 22.199591499684598 ], [ 76.734936109731251, 22.252245689662328 ], [ 76.827080942192268, 22.31016529863783 ], [ 76.890265970165544, 22.349655941121128 ], [ 76.995574350121018, 22.360186779116674 ], [ 77.058759378094294, 22.336492393626695 ], [ 77.058759378094294, 22.254878399161214 ], [ 77.111413568072024, 22.186427952190162 ], [ 77.33256116597849, 22.181162533192389 ], [ 77.401011612949546, 22.152202728704637 ], [ 77.416807869942858, 22.099548538726907 ], [ 77.395746193951766, 22.038996220252518 ], [ 77.445767674430613, 21.996872868270334 ], [ 77.419440579441741, 21.936320549795941 ], [ 77.424705998439521, 21.878400940820438 ], [ 77.456298512426159, 21.799419655853843 ], [ 77.514218121401655, 21.815215912847162 ], [ 77.564239601880502, 21.875768231321551 ], [ 77.59583211586714, 21.9442186782926 ], [ 77.645853596345987, 21.991607449272561 ], [ 77.727467590811472, 22.010036415764766 ], [ 77.790652618784748, 22.05215976774695 ], [ 77.753794685800329, 22.073221443738042 ], [ 77.690609657827054, 22.070588734239156 ], [ 77.661649853339313, 22.110079376722453 ], [ 77.614261082359349, 22.152202728704637 ], [ 77.60109753486492, 22.218020466176803 ], [ 77.611628372860466, 22.283838203648966 ], [ 77.693242367325951, 22.336492393626695 ], [ 77.764325523795875, 22.383881164606652 ], [ 77.788019909285865, 22.47865870656657 ], [ 77.861735775254687, 22.547109153537619 ], [ 77.988105831201239, 22.639253985998646 ], [ 78.067087116167841, 22.710337142468585 ], [ 78.16713007712552, 22.768256751444088 ], [ 78.27243845708098, 22.839339907914024 ], [ 78.314561809063164, 22.928852030876168 ], [ 78.285602004575424, 23.007833315842763 ], [ 78.243478652593225, 23.05522208682272 ], [ 78.253351313214054, 23.104256301239477 ], [ 78.282311117701795, 23.131899750977787 ], [ 78.331016243431208, 23.160859555465539 ], [ 78.356026983670631, 23.220095519190483 ], [ 78.373139595413392, 23.262218871172671 ], [ 78.436324623386668, 23.32277118964706 ], [ 78.516622263102704, 23.333302027642606 ], [ 78.516622263102704, 23.276698773416545 ], [ 78.568618275705688, 23.234575421434361 ], [ 78.641017786925076, 23.287229611412091 ], [ 78.634436013177861, 23.33066931814372 ], [ 78.610741627687872, 23.349098284635925 ], [ 78.619956110933984, 23.371476315376462 ], [ 78.650232270171173, 23.434661343349738 ], [ 78.675243010410597, 23.482050114329695 ], [ 78.714733652893898, 23.520224402063551 ], [ 78.768704197621062, 23.547867851801858 ], [ 78.80556213060548, 23.539969723305198 ], [ 78.850318192086547, 23.546551497052416 ], [ 78.902972382064277, 23.56103139929629 ], [ 78.94641208879591, 23.611052879775137 ], [ 79.026709728511946, 23.615001944023465 ], [ 79.112272787225763, 23.638696329513444 ], [ 79.17414146044959, 23.662390715003422 ], [ 79.212315748183457, 23.679503326746186 ], [ 79.238642843172315, 23.659758005504536 ], [ 79.258388164413958, 23.59657297753126 ], [ 79.254439100165641, 23.550500561300744 ], [ 79.200468555438462, 23.517591692564665 ], [ 79.147814365460732, 23.48336646907914 ], [ 79.130701753717972, 23.430712279101407 ], [ 79.16031973558043, 23.379045355185767 ], [ 79.197177668564848, 23.351401905447457 ], [ 79.21297392555816, 23.307962198715828 ], [ 79.199810378063731, 23.268142467545168 ], [ 79.176115992573756, 23.194755690263708 ], [ 79.170850573575976, 23.132557928352512 ], [ 79.140574414338786, 23.094712729306018 ], [ 79.147156188086001, 23.044362160139812 ], [ 79.237984665797583, 22.974595358419322 ], [ 79.302486048520308, 22.94300284443268 ], [ 79.424907040218528, 22.940370134933794 ], [ 79.526924533300374, 22.891665009204395 ], [ 79.59537498027143, 22.76529495325784 ], [ 79.709897843472987, 22.693553619413187 ], [ 79.741490357459625, 22.60140878695216 ], [ 79.807308094931798, 22.523743856735006 ], [ 79.837584254168988, 22.428966314775089 ], [ 79.894187508395049, 22.393424736540123 ], [ 79.950790762621111, 22.430282669524534 ], [ 80.028455692838264, 22.401322865036782 ], [ 80.054782787827122, 22.35261773930738 ], [ 80.057415497326019, 22.284167292336331 ], [ 80.071895399569897, 22.192680637250028 ], [ 80.094273430310423, 22.104484869037329 ], [ 80.099538849308203, 22.020238165072961 ], [ 80.069262690071, 21.989962005835764 ], [ 80.023190273840484, 21.98338023208855 ], [ 80.031088402337147, 21.905715301871396 ], [ 80.058731852075454, 21.846479338146448 ], [ 80.061364561574351, 21.776712536425954 ], [ 80.061364561574351, 21.71484386320212 ], [ 80.134422250168441, 21.693124009836296 ], [ 80.168647473653962, 21.723400169073507 ], [ 80.234465211126121, 21.723400169073507 ], [ 80.264741370363325, 21.690491300337428 ], [ 80.322660979338821, 21.625989917614707 ], [ 80.351620783826576, 21.557539470643654 ], [ 80.372682459817668, 21.479874540426504 ], [ 80.384529652562662, 21.414056802954324 ], [ 80.34635536482881, 21.362718967726053 ], [ 80.350304429077141, 21.307432068249433 ], [ 80.379264233564882, 21.298217585003314 ], [ 80.442449261538158, 21.314013841996633 ], [ 80.484572613520342, 21.414056802954324 ], [ 80.505634289511448, 21.508834344914238 ], [ 80.52143054650476, 21.603611886874152 ], [ 80.46877635652703, 21.708920266829615 ], [ 80.479307194522576, 21.808963227787302 ], [ 80.589880993475816, 21.898475350749447 ], [ 80.624106216961337, 22.051172501684864 ], [ 80.658331440446858, 22.167011719635873 ], [ 80.600411831471362, 22.277585518589106 ], [ 80.516165127506994, 22.351301384557932 ], [ 80.489838032518122, 22.546121887475536 ], [ 80.379264233564882, 22.556652725471082 ], [ 80.352937138576024, 22.635634010437677 ], [ 80.400325909555974, 22.735676971395364 ], [ 80.347671719578244, 22.972620826295152 ], [ 80.30554836759606, 23.109521720237254 ], [ 80.213403535135029, 23.183237586206076 ], [ 80.102829736181803, 23.22009551919049 ], [ 80.055440965201839, 23.320138480148177 ], [ 80.134422250168441, 23.372792670125907 ], [ 80.018583032217435, 23.467570212085825 ], [ 79.950132585246379, 23.570245882542395 ], [ 79.961979777991374, 23.749270128466691 ], [ 79.954081649494711, 23.820353284936626 ], [ 79.948816230496945, 23.923028955393203 ], [ 79.996205001476895, 23.97831585486982 ], [ 80.075186286443497, 23.928294374390976 ], [ 80.133105895418993, 23.891436441406562 ], [ 80.196290923392269, 23.854578508422151 ], [ 80.291068465352183, 23.854578508422151 ], [ 80.317395560341055, 23.794026189947761 ], [ 80.417438521298749, 23.767699094958896 ], [ 80.464827292278699, 23.794026189947761 ], [ 80.55170670574195, 23.815087865938853 ], [ 80.659647795196307, 23.812455156439967 ], [ 80.685974890185165, 23.865109346417697 ], [ 80.71493469467292, 23.933559793388749 ], [ 80.77285430364843, 24.02307191635089 ], [ 80.830773912623926, 24.070460687330847 ], [ 80.93081687358162, 24.088889653823053 ], [ 81.030859834539299, 24.086256944324166 ], [ 81.115106538503682, 24.049399011339755 ], [ 81.165128018982514, 23.988846692865366 ], [ 81.244109303949116, 23.959886888377614 ], [ 81.333621426911265, 23.965152307375387 ], [ 81.412602711877852, 23.909865407898771 ], [ 81.373112069394551, 23.833516832431059 ], [ 81.373112069394551, 23.728208452475599 ], [ 81.454726063860036, 23.717677614480053 ], [ 81.520543801332209, 23.649227167509 ], [ 81.565299862813276, 23.522857111562448 ], [ 81.644281147779864, 23.528122530560221 ], [ 81.71273159475092, 23.507060854569129 ], [ 81.778549332223079, 23.470202921584718 ], [ 81.82330539370416, 23.404385184112552 ], [ 81.852265198191901, 23.356996413132595 ], [ 81.839101650697472, 23.301709513655979 ], [ 81.873326874182993, 23.267484290170454 ], [ 81.989166092134013, 23.270116999669341 ], [ 81.989166092134013, 23.335934737141503 ], [ 82.107638019583902, 23.414916022108098 ], [ 82.157659500062749, 23.517591692564675 ], [ 82.226109947033791, 23.520224402063562 ], [ 82.318254779494822, 23.572878592041292 ], [ 82.307723941499276, 23.654492586506773 ], [ 82.363010840975889, 23.749270128466691 ], [ 82.436726706944725, 23.865109346417697 ], [ 82.510442572913547, 23.965152307375387 ], [ 82.578893019884589, 23.949356050382068 ], [ 82.636812628860099, 23.996744821362025 ], [ 82.647343466855645, 24.080991525326393 ], [ 82.644710757356748, 24.149441972297446 ], [ 82.710528494828921, 24.209994290771835 ], [ 82.715793913826687, 24.286342866239544 ], [ 82.702630366332258, 24.338997056217273 ], [ 82.636812628860099, 24.35216060371171 ], [ 82.568362181889043, 24.381120408199461 ], [ 82.478850058926909, 24.391651246195007 ], [ 82.428828578448062, 24.420611050682759 ], [ 82.476217349428012, 24.470632531161602 ], [ 82.476217349428012, 24.539082978132651 ], [ 82.539402377401288, 24.557511944624856 ], [ 82.607852824372344, 24.544348397130424 ], [ 82.710528494828921, 24.528552140137105 ], [ 82.756600911059436, 24.620038795223419 ], [ 82.819785939032712, 24.638467761715624 ], [ 82.872440129010442, 24.670060275702262 ], [ 82.961952251972576, 24.70955091818556 ], [ 82.993544765959228, 24.772735946158839 ], [ 83.019871860948086, 24.822757426637683 ], [ 83.122547531404663, 24.830655555134342 ], [ 83.230488620859006, 24.812226588642137 ], [ 83.27261197284119, 24.841186393129888 ], [ 83.27787739183897, 24.891207873608732 ], [ 83.233121330357903, 24.949127482584238 ], [ 83.206794235369031, 25.007047091559741 ], [ 83.222590492362357, 25.041272315045266 ], [ 83.27787739183897, 25.091293795524109 ], [ 83.306837196326725, 25.175540499488481 ], [ 83.327898872317817, 25.233460108463984 ], [ 83.367389514801118, 25.230827398965097 ], [ 83.391083900291093, 25.178173208987367 ], [ 83.438472671271043, 25.159744242495158 ], [ 83.485861442251007, 25.188704046982913 ], [ 83.483228732752124, 25.251889074956189 ], [ 83.527984794233191, 25.320339521927238 ], [ 83.578006274712038, 25.367728292907195 ], [ 83.559577308219829, 25.430913320880475 ], [ 83.554311889222049, 25.509894605847069 ], [ 83.551679179723166, 25.578345052818118 ], [ 83.570108146215375, 25.638897371292511 ], [ 83.591169822206467, 25.70734781826356 ], [ 83.65172214068086, 25.782380038981831 ], [ 83.658303914428075, 25.856095904950653 ], [ 83.59380253170535, 25.871892161943972 ], [ 83.596435241204233, 25.902168321181168 ], [ 83.575373565213141, 25.927179061420588 ], [ 83.533250213230957, 25.921913642422815 ], [ 83.487177797000442, 25.917964578174487 ], [ 83.463483411510467, 25.891637483185622 ], [ 83.455585283013804, 25.848197776453993 ], [ 83.397665674038308, 25.862677678697871 ], [ 83.362124095803338, 25.887688418937291 ], [ 83.335797000814466, 25.928495416170033 ], [ 83.329215227067252, 25.969302413402776 ], [ 83.323949808069486, 26.000894927389414 ], [ 83.322633453320037, 26.046967343619926 ], [ 83.352909612557241, 26.071978083859349 ], [ 83.350276903058344, 26.115417790590978 ], [ 83.397665674038308, 26.120683209588751 ], [ 83.426625478526063, 26.162806561570935 ], [ 83.423992769027166, 26.227307944293656 ], [ 83.423992769027166, 26.274038537898885 ], [ 83.438472671271043, 26.334590856373275 ], [ 83.410829221532737, 26.389877755849888 ], [ 83.412145576282185, 26.464909976568158 ], [ 83.462167056761032, 26.470175395565935 ], [ 83.521403020485977, 26.495186135805355 ], [ 83.537199277479289, 26.542574906785308 ], [ 83.495075925497105, 26.605759934758584 ], [ 83.442421735519375, 26.658414124736314 ], [ 83.416094640530517, 26.742660828700682 ], [ 83.405563802534971, 26.826907532665054 ], [ 83.352909612557241, 26.89009256063833 ], [ 83.337113355563915, 26.963808426607152 ], [ 83.258132070597313, 27.005931778589339 ], [ 83.173885366632945, 27.005931778589339 ], [ 83.052780729684173, 26.995400940593793 ], [ 82.958003187724259, 27.021728035582658 ], [ 82.857960226766565, 27.026993454580431 ], [ 82.973799444717571, 27.09544390155148 ], [ 83.105434919661903, 27.137567253533664 ], [ 83.115965757657449, 27.31659149945795 ], [ 83.100169500664123, 27.500881164380008 ], [ 83.036984472690847, 27.548269935359965 ], [ 82.944839640229787, 27.626263954264449 ], [ 82.818469584283235, 27.721041496224363 ], [ 82.8790219027576, 27.836880714175358 ], [ 82.850062098269873, 27.942189094130828 ], [ 82.800040617791012, 28.01590496009964 ], [ 82.692099528336669, 27.994843284108562 ], [ 82.555198634394571, 28.005374122104108 ], [ 82.534136958403479, 28.18439836802839 ], [ 82.418297740452473, 28.268645071992758 ], [ 82.2182118185371, 28.279175909988304 ], [ 82.091841762590548, 28.373953451948218 ], [ 81.933879192657358, 28.426607641925951 ], [ 81.765385784728622, 28.510854345890319 ], [ 81.449460644862242, 28.510854345890319 ], [ 81.312559750920144, 28.521385183885865 ], [ 81.10194299100921, 28.563508535868049 ], [ 80.922918745084928, 28.447669317917043 ], [ 80.754425337156192, 28.331830099966034 ], [ 80.62805528120964, 28.205460044019482 ], [ 80.585931929227456, 28.058028312081838 ], [ 80.691240309182916, 27.942189094130828 ], [ 80.807079527133922, 27.868473228162006 ], [ 80.975572935062658, 27.773695686202093 ], [ 81.0440233820337, 27.731572334219894 ], [ 80.954511259071566, 27.705245239231029 ], [ 80.83867204112056, 27.705245239231029 ], [ 80.759690756153958, 27.657856468251072 ], [ 80.749159918158412, 27.547282669297839 ], [ 80.633320700207406, 27.494628479320109 ], [ 80.496419806265308, 27.53148641230452 ], [ 80.41217310230094, 27.463035965333471 ], [ 80.312130141343246, 27.368258423373558 ], [ 80.19629092339224, 27.315604233395828 ], [ 80.027797515463504, 27.299807976402509 ], [ 79.864569526532549, 27.278746300411413 ], [ 79.696076118603813, 27.252419205422548 ], [ 79.696076118603813, 27.16817250145818 ], [ 79.632891090630537, 27.073394959498266 ], [ 79.559175224661715, 26.994413674531671 ], [ 79.453866844706255, 26.941759484553941 ], [ 79.31959866026304, 26.945708548802276 ], [ 79.182697766320942, 26.861461844837908 ], [ 79.082654805363248, 26.845665587844589 ], [ 79.00367352039666, 26.898319777822319 ], [ 78.924692235430058, 26.919381453813411 ], [ 78.89309972144342, 26.798276816864629 ], [ 78.798322179483506, 26.750888045884672 ], [ 78.714075475519138, 26.740357207889126 ], [ 78.656155866543628, 26.692968436909169 ], [ 78.745667989505776, 26.629783408935893 ], [ 78.782525922490194, 26.545536704971525 ], [ 78.850976369461236, 26.529740447978206 ], [ 78.919426816432292, 26.498147933991568 ], [ 78.866772626454562, 26.419166649024973 ], [ 78.771995084494648, 26.4139012300272 ], [ 78.67721754253472, 26.450759163011611 ], [ 78.603501676565898, 26.4139012300272 ], [ 78.550847486588168, 26.36124704004947 ], [ 78.483789314589387, 26.329562461680187 ], [ 78.300740084193961, 26.292796593078421 ], [ 78.190166285240721, 26.20854988911405 ], [ 78.042734553303077, 26.271734917087326 ], [ 78.011142039316439, 26.371777878045016 ], [ 77.937426173347617, 26.424432068022746 ], [ 77.711013156443371, 26.392839554036108 ] ] ], [ [ [ 87.22532733774608, 21.878393270305068 ], [ 87.151366010237325, 21.835573554378946 ], [ 87.135795204446026, 21.766478103679979 ], [ 87.019014161011143, 21.687650899361444 ], [ 86.913911221919761, 21.617582273300517 ], [ 86.676456433602183, 21.566977154478742 ], [ 86.575246195958641, 21.517345211018917 ], [ 86.594709703197765, 21.446303409596037 ], [ 86.571353494510802, 21.376234783535114 ], [ 86.454572451075919, 21.380127484982943 ], [ 86.388396526462842, 21.346066347314437 ], [ 86.380611123567178, 21.263346441548073 ], [ 86.419538138045482, 21.174787483609958 ], [ 86.458465152523758, 21.095960279291422 ], [ 86.462357853971582, 21.002535444543522 ], [ 86.419538138045482, 20.972367008322845 ], [ 86.326113303297575, 20.972367008322845 ], [ 86.322220601849736, 20.846827386630359 ], [ 86.279400885923636, 20.738804921453099 ], [ 86.174297946832226, 20.667763120030219 ], [ 86.076980410636523, 20.660950892496519 ], [ 85.975770172992952, 20.656085015686735 ], [ 85.936843158514677, 20.598667669331252 ], [ 85.925165054171174, 20.428361980988733 ], [ 85.91737965127551, 20.315473639001688 ], [ 85.84731102521458, 20.22594150570162 ], [ 85.84341832376677, 20.147114301383077 ], [ 86.014697187471256, 20.084831078217814 ], [ 86.119800126562623, 20.028386907224291 ], [ 86.10422932077131, 19.969996385506857 ], [ 85.99523368023209, 19.950532878267712 ], [ 85.905701546932036, 19.960264631887281 ], [ 85.839525622318931, 19.953452404353584 ], [ 85.781135100601503, 19.851268991348068 ], [ 85.500860596357811, 19.757844156600168 ], [ 85.500860596357796, 19.677070601557716 ], [ 85.352937941340286, 19.634250885631598 ], [ 85.345152538444651, 19.586565292895688 ], [ 85.434684671744705, 19.556396856675015 ], [ 85.47750438767082, 19.474650126270603 ], [ 85.532002207940451, 19.461998846565159 ], [ 85.605963535449177, 19.45907932047929 ], [ 85.695495668749246, 19.49022093206192 ], [ 85.749993489018877, 19.461998846565159 ], [ 85.858989129558068, 19.378305765436835 ], [ 85.921272352723335, 19.334512874148757 ], [ 85.971877471545113, 19.276122352431322 ], [ 86.11201472366696, 19.300451736480252 ], [ 86.310542497506248, 19.354949556749862 ], [ 86.458465152523758, 19.401661974123808 ], [ 86.497392167002047, 19.45907932047929 ], [ 86.590817001749954, 19.493140458147792 ], [ 86.618065911884742, 19.540826050883698 ], [ 86.699812642289174, 19.570994487104372 ], [ 86.777666671245754, 19.493140458147792 ], [ 86.902233117576287, 19.477569652356475 ], [ 87.18250762181998, 19.508711263939109 ], [ 87.244790844985246, 19.695560933434905 ], [ 87.342108381180964, 19.748112402980599 ], [ 87.322644873941826, 19.835698185556751 ], [ 87.349893784076613, 19.91549856523725 ], [ 87.307074068150513, 19.991406243469914 ], [ 87.213649233402592, 20.00113799708949 ], [ 87.178614920372141, 20.051743115911268 ], [ 87.18250762181998, 20.17825591296571 ], [ 87.318752172493987, 20.160738756450481 ], [ 87.416069708689719, 20.209397524548343 ], [ 87.525065349228939, 20.318393165087556 ], [ 87.758627436098678, 20.333963970878873 ], [ 87.867623076637898, 20.598667669331252 ], [ 87.961047911385791, 20.676521698287832 ], [ 88.003867627311905, 20.779678286655308 ], [ 87.945477105594478, 20.878942173574945 ], [ 87.883193882429197, 20.939279046016299 ], [ 87.789769047681318, 20.878942173574945 ], [ 87.719700421620374, 20.912030135881498 ], [ 87.665202601350785, 21.034650231488111 ], [ 87.731378525963862, 21.130021416959924 ], [ 87.820910659263944, 21.159216677818641 ], [ 87.817017957816105, 21.259453740100241 ], [ 87.824803360711769, 21.341200470504653 ], [ 87.89876468822051, 21.407376395117748 ], [ 88.019438433103218, 21.438518006700381 ], [ 88.116755969298964, 21.439491182062334 ], [ 88.132326775090263, 21.543620945791766 ], [ 88.171253789568553, 21.640938481987494 ], [ 88.210180804046843, 21.707114406600589 ], [ 88.295820235899086, 21.73436331673539 ], [ 88.194609998255544, 21.844332132636559 ], [ 88.182931893912041, 21.979603507948624 ], [ 88.159575685225064, 22.131418864413959 ], [ 88.042794641790195, 22.073028342696521 ], [ 87.96883331428144, 22.034101328218231 ], [ 87.883193882429211, 22.046752607923672 ], [ 87.813125256368281, 22.041886731113891 ], [ 87.793661749129129, 21.952354597813819 ], [ 87.665202601350771, 21.944569194918163 ], [ 87.602919378185518, 21.875473744219192 ], [ 87.381035395659254, 21.835573554378946 ], [ 87.322644873941826, 21.859902938427876 ], [ 87.22532733774608, 21.878393270305068 ] ] ], [ [ [ 81.018414879182615, 22.974188727868956 ], [ 81.018414879182615, 22.908012803255861 ], [ 81.057341893660904, 22.861300385881911 ], [ 81.119625116826171, 22.853514982986255 ], [ 81.193586444334926, 22.83405147574711 ], [ 81.224728055917552, 22.79512446126882 ], [ 81.259762368948017, 22.725055835207893 ], [ 81.310367487769796, 22.70948502941658 ], [ 81.31426018921762, 22.66277261204263 ], [ 81.31426018921762, 22.577133180190391 ], [ 81.298689383426307, 22.530420762816441 ], [ 81.325938293561109, 22.507064554129467 ], [ 81.396006919622039, 22.510957255577296 ], [ 81.419363128309016, 22.581025881638219 ], [ 81.438826635548153, 22.627738299012169 ], [ 81.466075545682955, 22.717270432312237 ], [ 81.427148531204665, 22.791231759820988 ], [ 81.368758009487237, 22.83405147574711 ], [ 81.333723696456772, 22.88076389312106 ], [ 81.360972606591574, 22.939154414838494 ], [ 81.349294502248085, 23.005330339451589 ], [ 81.279225876187169, 23.020901145242906 ], [ 81.232513458813216, 23.001437638003761 ], [ 81.178015638543613, 22.985866832212444 ], [ 81.045663789317416, 22.997544936555933 ], [ 81.018414879182615, 22.974188727868956 ] ] ], [ [ [ 82.684491098853471, 23.215536217634359 ], [ 82.715632710436097, 23.157145695916924 ], [ 82.719525411883922, 23.087077069856001 ], [ 82.684491098853471, 23.028686548138563 ], [ 82.680598397405632, 22.981974130764616 ], [ 82.69227650174912, 22.950832519181983 ], [ 82.738988919123074, 22.950832519181983 ], [ 82.774023232153539, 23.028686548138563 ], [ 82.80905754518399, 23.114325979990802 ], [ 82.875233469797095, 23.137682188677779 ], [ 82.805164843736165, 23.176609203156069 ], [ 82.7701305307057, 23.219428919082191 ], [ 82.719525411883922, 23.25057053066482 ], [ 82.684491098853471, 23.215536217634359 ] ] ], [ [ [ 81.446612038443817, 22.390283510694594 ], [ 81.380436113830726, 22.351356496216301 ], [ 81.411577725413352, 22.292965974498866 ], [ 81.454397441339481, 22.261824362916233 ], [ 81.493324455817771, 22.261824362916233 ], [ 81.489431754369932, 22.328000287529328 ], [ 81.446612038443817, 22.390283510694594 ] ] ], [ [ [ 79.928458473790471, 21.535835542896109 ], [ 79.944029279581784, 21.446303409596037 ], [ 79.998527099851401, 21.438518006700381 ], [ 80.049132218673179, 21.434625305252553 ], [ 80.049132218673179, 21.399590992222091 ], [ 80.080273830255805, 21.360663977743798 ], [ 80.095844636047119, 21.310058858922019 ], [ 80.095844636047119, 21.275024545891558 ], [ 80.142557053421072, 21.275024545891558 ], [ 80.185376769347187, 21.337307769056824 ], [ 80.19316217224285, 21.391805589326431 ], [ 80.16202056066021, 21.457981513939526 ], [ 80.103630038942782, 21.493015826969987 ], [ 80.025776009986203, 21.496908528417816 ], [ 79.963492786820936, 21.535835542896109 ], [ 79.928458473790471, 21.535835542896109 ] ] ], [ [ [ 81.01452217773479, 21.098879805377294 ], [ 80.956131656017348, 21.114450611168611 ], [ 80.917204641539058, 21.056060089451172 ], [ 80.870492224165105, 21.028811179316367 ], [ 80.780960090865037, 20.993776866285906 ], [ 80.777067389417212, 20.915922837329326 ], [ 80.835457911134654, 20.841961509820571 ], [ 80.886063029956432, 20.791356390998793 ], [ 80.886063029956432, 20.72128776493787 ], [ 80.82767250823899, 20.659004541772607 ], [ 80.796530896656364, 20.612292124398657 ], [ 80.839350612582479, 20.522759991098589 ], [ 80.854921418373792, 20.441013260694177 ], [ 80.819887105343327, 20.363159231737594 ], [ 80.765389285073724, 20.304768710020159 ], [ 80.730354972043258, 20.199665770928775 ], [ 80.738140374938922, 20.129597144867848 ], [ 80.722569569147609, 20.036172310119952 ], [ 80.675857151773656, 19.973889086954685 ], [ 80.633037435847541, 19.899927759445934 ], [ 80.555183406890947, 19.767575910219744 ], [ 80.477329377934367, 19.681936478367504 ], [ 80.543505302547473, 19.611867852306581 ], [ 80.629144734399702, 19.658580269680531 ], [ 80.668071748877992, 19.724756194293622 ], [ 80.710891464804121, 19.7753613131154 ], [ 80.734247673491097, 19.814288327593694 ], [ 80.851028716925967, 19.899927759445934 ], [ 80.93666814877821, 19.966103684059028 ], [ 80.952238954569523, 20.043957713015608 ], [ 80.94445355167386, 20.121811741972191 ], [ 80.901633835747745, 20.184094965137458 ], [ 80.924990044434722, 20.277519799885354 ], [ 80.998951371943477, 20.304768710020159 ], [ 81.033985684973928, 20.378730037528911 ], [ 81.041771087869591, 20.444905962142006 ], [ 81.111839713930507, 20.472154872276811 ], [ 81.170230235647949, 20.526652692546417 ], [ 81.178015638543613, 20.63564833308563 ], [ 81.174122937095774, 20.717395063490041 ], [ 81.224728055917552, 20.81471259968577 ], [ 81.224728055917552, 20.912030135881498 ], [ 81.166337534200125, 20.919815538777154 ], [ 81.100161609587033, 20.989884164838077 ], [ 81.104054311034858, 21.071630895242489 ], [ 81.088483505243545, 21.118343312616439 ], [ 81.01452217773479, 21.098879805377294 ] ] ], [ [ [ 81.251976966052368, 19.82985913338501 ], [ 81.224728055917552, 19.876571550758957 ], [ 81.146874026960973, 19.82985913338501 ], [ 81.088483505243545, 19.767575910219744 ], [ 81.123517818273996, 19.728648895741454 ], [ 81.162444832752286, 19.771468611667572 ], [ 81.232513458813216, 19.771468611667572 ], [ 81.251976966052368, 19.82985913338501 ] ] ], [ [ [ 78.955283111833197, 19.621599605926153 ], [ 78.881321784324442, 19.644955814613127 ], [ 78.803467755367862, 19.687775530539248 ], [ 78.721721024963458, 19.687775530539248 ], [ 78.663330503246016, 19.652741217508787 ], [ 78.643866996006878, 19.609921501582665 ], [ 78.608832682976413, 19.567101785656547 ], [ 78.636081593111214, 19.535960174073914 ], [ 78.760648039441747, 19.524282069730425 ], [ 78.842394769846152, 19.481462353804307 ], [ 78.908570694459243, 19.465891548012991 ], [ 78.908570694459243, 19.395822921952064 ], [ 78.822931262607014, 19.349110504578118 ], [ 78.784004248128724, 19.275149177069363 ], [ 78.780111546680885, 19.189509745217123 ], [ 78.721721024963458, 19.138904626395345 ], [ 78.655545100350352, 19.08051410467791 ], [ 78.694472114828656, 19.022123582960472 ], [ 78.729506427859107, 18.944269554003892 ], [ 78.764540740889572, 18.924806046764747 ], [ 78.834609366950502, 18.94816225545172 ], [ 78.916356097354907, 19.010445478616987 ], [ 78.959175813281021, 19.064943298886593 ], [ 78.986424723415837, 19.185617043769295 ], [ 78.982532021967998, 19.271256475621534 ], [ 79.037029842237615, 19.337432400234629 ], [ 79.122669274089844, 19.411393727743381 ], [ 79.11877657264202, 19.493140458147792 ], [ 79.044815245133265, 19.524282069730425 ], [ 78.990317424863662, 19.559316382760887 ], [ 78.955283111833197, 19.621599605926153 ] ] ], [ [ [ 77.252226228407977, 20.460476767933322 ], [ 77.365114570395022, 20.573365109920367 ], [ 77.302831347229755, 20.639541034533458 ], [ 77.232762721168825, 20.670682646116092 ], [ 77.201621109586199, 20.736858570729186 ], [ 77.201621109586199, 20.810819898237941 ], [ 77.154908692212246, 20.86142501705972 ], [ 77.034234947329537, 20.845854211268403 ], [ 76.968059022716446, 20.884781225746693 ], [ 76.933024709685981, 20.857532315611888 ], [ 76.956380918372957, 20.81471259968577 ], [ 77.006986037194736, 20.756322077968331 ], [ 76.995307932851247, 20.670682646116092 ], [ 76.940810112581644, 20.659004541772607 ], [ 76.909668500999018, 20.59672131860734 ], [ 76.839599874938088, 20.592828617159512 ], [ 76.808458263355462, 20.526652692546417 ], [ 76.839599874938088, 20.433227857798517 ], [ 76.93691741113382, 20.402086246215884 ], [ 77.038127648777376, 20.382622738976739 ], [ 77.108196274838292, 20.281412501333183 ], [ 77.123767080629605, 20.176309562241798 ], [ 77.100410871942643, 20.08677742894173 ], [ 77.080947364703491, 19.985567191298173 ], [ 77.151015990764421, 19.985567191298173 ], [ 77.189943005242711, 20.032279608672123 ], [ 77.244440825512314, 20.098455533285218 ], [ 77.298938645781917, 20.176309562241798 ], [ 77.310616750125405, 20.238592785407064 ], [ 77.287260541438428, 20.308661411467988 ], [ 77.256118929855802, 20.394300843320227 ], [ 77.252226228407977, 20.460476767933322 ] ] ], [ [ [ 78.546549459811146, 22.108062655726982 ], [ 78.507622445332856, 22.088599148487837 ], [ 78.421983013480613, 22.057457536905204 ], [ 78.365538842487098, 21.989335261568197 ], [ 78.414197610584949, 21.967925403605136 ], [ 78.513461497504593, 21.958193649985564 ], [ 78.583530123565524, 21.880339621028984 ], [ 78.544603109087234, 21.818056397863717 ], [ 78.560173914878547, 21.732416966011478 ], [ 78.48426623664588, 21.699329003704928 ], [ 78.48426623664588, 21.644831183435322 ], [ 78.573798369945948, 21.590333363165715 ], [ 78.651652398902527, 21.496908528417816 ], [ 78.651652398902527, 21.426839902356893 ], [ 78.601047280080749, 21.360663977743798 ], [ 78.519300549676345, 21.306166157474191 ], [ 78.472588132302391, 21.255561038652413 ], [ 78.468695430854567, 21.201063218382806 ], [ 78.402519506241461, 21.154350801008857 ], [ 78.402519506241461, 21.076496772052277 ], [ 78.495944340989368, 21.080389473500105 ], [ 78.577691071393772, 21.142672696665368 ], [ 78.639974294559039, 21.18549241259149 ], [ 78.741184532202595, 21.18549241259149 ], [ 78.869643679980953, 21.193277815487146 ], [ 78.935819604594059, 21.275024545891558 ], [ 78.943605007489708, 21.348985873400313 ], [ 78.998102827759325, 21.434625305252553 ], [ 79.091527662507218, 21.438518006700381 ], [ 79.18884519870295, 21.457981513939526 ], [ 79.181059795807286, 21.520264737104792 ], [ 79.192737900150775, 21.621474974748349 ], [ 79.22777221318124, 21.691543600809272 ], [ 79.235557616076889, 21.746041421078878 ], [ 79.146025482776821, 21.757719525422367 ], [ 79.072064155268066, 21.753826823974538 ], [ 79.068171453820241, 21.823895450035462 ], [ 79.005888230654975, 21.839466255826778 ], [ 78.974746619072349, 21.86671516596158 ], [ 78.966961216176685, 21.91342758333553 ], [ 79.048707946581104, 21.944569194918163 ], [ 79.025351737894127, 22.006852418083426 ], [ 79.021459036446288, 22.111955357174814 ], [ 78.943605007489708, 22.127526162966131 ], [ 78.885214485772281, 22.096384551383498 ], [ 78.819038561159175, 22.123633461518299 ], [ 78.710042920619969, 22.139204267309616 ], [ 78.612725384424238, 22.139204267309616 ], [ 78.546549459811146, 22.108062655726982 ] ] ], [ [ [ 77.784793067429632, 15.53665196192075 ], [ 78.324665477284881, 15.589734081337172 ], [ 78.869643679980953, 15.620875692919803 ], [ 79.445763494259666, 15.807725362415599 ], [ 79.944029279581784, 16.025716643494029 ], [ 80.146862132889666, 16.297021191120091 ], [ 80.150200746409752, 16.327068712800852 ], [ 80.171901734290302, 16.355446927721573 ], [ 80.21029578977128, 16.370470688561955 ], [ 80.237004697931965, 16.398848903482676 ], [ 80.252028458772344, 16.425557811643358 ], [ 80.260374992572551, 16.453936026564079 ], [ 80.238674004692001, 16.47647166782464 ], [ 80.206957176251194, 16.46228256036429 ], [ 80.186925495130694, 16.435573652203612 ], [ 80.136846292329409, 16.423888504883315 ], [ 80.108468077408688, 16.44058157248374 ], [ 80.085097782768102, 16.46228256036429 ], [ 80.02834135292666, 16.465621173884376 ], [ 79.981600763645474, 16.435573652203612 ], [ 79.948214628444617, 16.413872664323058 ], [ 79.904812652683518, 16.393840983202551 ], [ 79.846386916082039, 16.382155835882255 ], [ 79.814670087641232, 16.397179596722637 ], [ 79.813000780881183, 16.42889642516344 ], [ 79.829693848481611, 16.46228256036429 ], [ 79.848056222842075, 16.497338002325183 ], [ 79.869757210722625, 16.525716217245904 ], [ 79.834701768761732, 16.584141953847389 ], [ 79.828024541721561, 16.630882543128575 ], [ 79.814670087641232, 16.679292439169807 ], [ 79.82301662144144, 16.727702335211038 ], [ 79.859741370162368, 16.76442708393197 ], [ 79.878103744522832, 16.814923613423254 ], [ 79.899804732403396, 16.864585489534516 ], [ 79.894796812123261, 16.908404791985628 ], [ 79.906481959443553, 16.982271616117512 ], [ 79.846386916082039, 17.013988444558318 ], [ 79.82301662144144, 17.065736954119632 ], [ 79.80131563356089, 17.114146850160864 ], [ 79.744559203719447, 17.119154770440993 ], [ 79.697818614438262, 17.169233973242264 ], [ 79.739551283439312, 17.200950801683071 ], [ 79.742889896959397, 17.244352777444174 ], [ 79.706165148238469, 17.299439900525574 ], [ 79.709503761758555, 17.384574545287737 ], [ 79.787961179480547, 17.464701269769776 ], [ 79.844717609321989, 17.499756711730655 ], [ 79.874765131002761, 17.565694328752347 ], [ 79.888119585083089, 17.595741850433111 ], [ 79.893127505363225, 17.642482439714296 ], [ 79.93819878788436, 17.67252996139506 ], [ 79.98327007040551, 17.682545801955317 ], [ 80.038357193486917, 17.697569562795696 ], [ 80.083428476008052, 17.70591609659591 ], [ 80.091775009808273, 17.745979458836928 ], [ 80.086767089528138, 17.796058661638202 ], [ 80.103460157128566, 17.854484398239688 ], [ 80.148531439649716, 17.889539840200577 ], [ 80.200279949211023, 17.901224987520873 ], [ 80.20153192928106, 17.9400363696918 ], [ 80.108468077408688, 17.940453696381859 ], [ 80.021664125886488, 17.983855672142962 ], [ 79.964907696045046, 17.940453696381859 ], [ 79.893127505363225, 17.906232907800987 ], [ 79.836371075521782, 17.890374493580584 ], [ 79.746228510479483, 17.900390334140837 ], [ 79.696149307678212, 17.937115082861773 ], [ 79.722858215838897, 17.980517058622876 ], [ 79.759582964559826, 18.027257647904065 ], [ 79.816339394401268, 18.040612101984404 ], [ 79.846386916082025, 18.077336850705336 ], [ 79.841378995801904, 18.124912093366547 ], [ 79.854733449882247, 18.159967535327436 ], [ 79.836371075521782, 18.1900150570082 ], [ 79.776276032160254, 18.193353670528285 ], [ 79.719519602318812, 18.178329909687903 ], [ 79.649408718397027, 18.178329909687903 ], [ 79.59599090207567, 18.195022977288328 ], [ 79.570951300675034, 18.226739805729135 ], [ 79.560518133424765, 18.26388188114003 ], [ 79.467454281552406, 18.248440793609685 ], [ 79.387327557070364, 18.213385351648796 ], [ 79.337248354269093, 18.166644762367607 ], [ 79.332240433988957, 18.109888332526165 ], [ 79.293846378507993, 18.069824970285147 ], [ 79.203703813465694, 18.081510117605443 ], [ 79.130254316023823, 18.103211105485993 ], [ 79.081844419982602, 18.084431404435517 ], [ 79.056804818581966, 18.05271457599471 ], [ 79.020080069861024, 18.017659134033817 ], [ 78.986693934660181, 18.009312600233606 ], [ 78.95664641297941, 18.020997747553903 ], [ 78.936197405168897, 18.043533388814431 ], [ 78.866503847937125, 18.044368042194495 ], [ 78.801400884295475, 18.024336361073988 ], [ 78.75299098825424, 18.034352201634242 ], [ 78.706250398973054, 18.059391803034877 ], [ 78.671194957012162, 18.087770017955599 ], [ 78.606091993370498, 18.087770017955599 ], [ 78.535981109448727, 18.062730416554963 ], [ 78.477555372847235, 18.034352201634242 ], [ 78.467539532286978, 17.980934385312885 ], [ 78.419129636245756, 17.949217556872078 ], [ 78.370719740204521, 17.934193796031696 ], [ 78.302278163042786, 17.902476967590889 ], [ 78.278907868402186, 17.864082912109915 ], [ 78.283915788682322, 17.823602223178884 ], [ 78.332325684723543, 17.811917075858588 ], [ 78.370719740204521, 17.828610143459009 ], [ 78.409113795685499, 17.850311131339563 ], [ 78.442499930886342, 17.835287370499181 ], [ 78.46086230524682, 17.803570542058374 ], [ 78.473799432637136, 17.758916586227194 ], [ 78.512610814808127, 17.730121044616507 ], [ 78.556012790569227, 17.668356694494936 ], [ 78.554343483809191, 17.609930957893454 ], [ 78.562690017609398, 17.531473540171458 ], [ 78.517618735088263, 17.461362656249676 ], [ 78.487571213407492, 17.407527513238307 ], [ 78.457523691726735, 17.339085936076565 ], [ 78.402436568645328, 17.314046334675929 ], [ 78.354026672604093, 17.307369107635758 ], [ 78.33357766479358, 17.271479012294805 ], [ 78.377396967244692, 17.243935450754147 ], [ 78.402436568645328, 17.207210702033212 ], [ 78.452515771446599, 17.210549315553298 ], [ 78.537650416208763, 17.188848327672748 ], [ 78.581052391969862, 17.13709981811143 ], [ 78.607761300130548, 17.066988934189649 ], [ 78.617777140690805, 17.026925571948631 ], [ 78.596076152810255, 16.995208743507824 ], [ 78.572705858169655, 16.958483994786892 ], [ 78.542658336488898, 16.928436473106128 ], [ 78.503846954317908, 16.887538457485046 ], [ 78.490909826927577, 16.854152322284232 ], [ 78.50426428100792, 16.824104800603468 ], [ 78.544327643248934, 16.824104800603468 ], [ 78.589398925770084, 16.810750346523129 ], [ 78.601084073090377, 16.775694904562236 ], [ 78.589398925770084, 16.715599861200708 ], [ 78.567697937889534, 16.678875112479776 ], [ 78.534311802688677, 16.655504817839184 ], [ 78.477555372847235, 16.623787989398377 ], [ 78.420798943005792, 16.560354332516763 ], [ 78.379066274004728, 16.530306810835999 ], [ 78.3423415252838, 16.480227608034728 ], [ 78.3423415252838, 16.423471178193285 ], [ 78.310624696842993, 16.363376134831757 ], [ 78.268892027841929, 16.329572672940905 ], [ 78.225490052080829, 16.284501390419759 ], [ 78.178749462799644, 16.246107334938785 ], [ 78.133678180278494, 16.214390506497978 ], [ 78.085268284237273, 16.179335064537089 ], [ 78.076921750437052, 16.137602395536028 ], [ 78.038527694956073, 16.120909327935603 ], [ 78.005141559755231, 16.11924002117556 ], [ 77.96799948434429, 16.104216260335129 ], [ 77.973424731314424, 16.074168738654414 ], [ 78.003472252995181, 16.062483591334118 ], [ 78.036858388196038, 16.067491511614243 ], [ 78.045204921996245, 16.03577468317344 ], [ 78.031850467915902, 15.994042014172377 ], [ 78.030181161155866, 15.932277664050808 ], [ 78.020165320595609, 15.883867768009576 ], [ 77.988448492154802, 15.853820246328812 ], [ 77.960070277234081, 15.852150939568771 ], [ 77.926684142033238, 15.842135099008516 ], [ 77.896636620352467, 15.822103417888007 ], [ 77.898305927112517, 15.7903865894472 ], [ 77.921676221753103, 15.762008374526479 ], [ 77.923345528513153, 15.720275705525419 ], [ 77.894967313592431, 15.70024402440491 ], [ 77.858242564871489, 15.675204423004272 ], [ 77.828195043190732, 15.650164821603637 ], [ 77.818179202630475, 15.61844799316283 ], [ 77.811501975590303, 15.586731164722023 ], [ 77.818179202630475, 15.556683643041261 ], [ 77.784793067429632, 15.53665196192075 ] ] ] ] } },
{ "type": "Feature", "properties": { "id": 74, "name": "Kingdoms of the Ifeqevron", "type": "country", "size": 4, "active": false }, "geometry": { "type": "MultiPolygon", "coordinates": [ [ [ [ 84.612257716003171, 15.043371814328216 ], [ 84.676978308257048, 15.023506053257966 ], [ 84.978038910431607, 14.931096546759559 ], [ 85.177831386301079, 14.843382776865644 ], [ 85.319148015574612, 14.648463288212499 ], [ 85.494575555362445, 14.370703016881766 ], [ 85.612734537805011, 14.142083631719931 ], [ 85.691407008334807, 13.838632673962174 ], [ 85.657690235250612, 13.563279027107914 ], [ 85.584637226901506, 13.221896699630433 ], [ 85.438531210203323, 12.761100800813098 ], [ 84.764195748519427, 12.727384027728903 ], [ 84.179771681726706, 12.626233708476319 ], [ 83.395048186740667, 12.657160885977524 ], [ 82.658496995459203, 12.460492028080944 ], [ 81.917802938577253, 12.265572539427799 ], [ 80.977316405825817, 12.007304216962382 ], [ 80.21713040007856, 11.773400830578607 ], [ 79.196023145296962, 11.539823750486068 ], [ 78.490929348101787, 11.16812893726814 ], [ 77.661937279833921, 10.843740736641587 ], [ 77.165369238847006, 10.600141320308383 ], [ 76.584323053029934, 10.315099795190571 ], [ 76.581895246927814, 10.313908795970661 ], [ 75.751651209477572, 9.906619268164883 ], [ 74.382012140165457, 9.329929133717679 ], [ 73.084459337659254, 8.645109599061625 ], [ 70.778663720668177, 8.306489672448942 ], [ 69.673136509484721, 8.337631284031575 ], [ 68.59875090988389, 8.384343701405523 ], [ 67.975918678231238, 8.586764176692636 ], [ 66.636829380178028, 8.835897069353697 ], [ 66.605687768595402, 9.194025602553975 ], [ 66.590116962804089, 9.676720582084782 ], [ 66.590116962804089, 10.128273950032955 ], [ 66.808108243882515, 10.579827317981129 ], [ 67.204622490608187, 10.896396495692741 ], [ 67.249693773129337, 10.903073722732911 ], [ 67.299772975930608, 10.899735109212827 ], [ 67.323143270571208, 10.888049961892529 ], [ 67.33232445775144, 10.871356894292106 ], [ 67.379899700412651, 10.864679667251936 ], [ 67.435821476874068, 10.868852934152041 ], [ 67.464199691794789, 10.878868774712297 ], [ 67.484231372915289, 10.899735109212827 ], [ 67.500924440515718, 10.928113324133548 ], [ 67.516782854736121, 10.968176686374566 ], [ 67.547247703106905, 10.975062576759742 ], [ 67.589815025487979, 10.975897230139763 ], [ 67.645319475259384, 10.974019260034714 ], [ 67.699571944960766, 10.969011339754587 ], [ 67.755493721422198, 10.960664805954375 ], [ 67.819762031683823, 10.957326192434291 ], [ 67.874014501385204, 10.962334112714418 ], [ 67.930770931226647, 10.973184606654694 ], [ 67.967495679947575, 10.987373714115055 ], [ 67.985023400928029, 11.001562821575416 ], [ 67.993369934728236, 11.031610343256178 ], [ 67.995873894868296, 11.061657864936942 ], [ 68.003803101978505, 11.08628013964757 ], [ 68.033850623659262, 11.101929890522968 ], [ 68.074748639280301, 11.113615037843264 ], [ 68.113977348141304, 11.129473452063667 ], [ 68.120654575181476, 11.161190280504472 ], [ 68.152371403622283, 11.173710081204792 ], [ 68.181584271923029, 11.201253642745492 ], [ 68.209127833463725, 11.218781363725936 ], [ 68.242096641974555, 11.231509827771262 ], [ 68.287167924495705, 11.243194975091559 ], [ 68.343089700957123, 11.240691014951494 ], [ 68.375641182777954, 11.234013787911325 ], [ 68.434066919379447, 11.234848441291346 ], [ 68.475799588380497, 11.246533588611644 ], [ 68.530052058081878, 11.261557349452026 ], [ 68.592651061583467, 11.289100910992726 ], [ 68.635218383964556, 11.309132592113235 ], [ 68.65358075832502, 11.329164273233744 ], [ 68.682793626625767, 11.33417219351387 ], [ 68.710337188166463, 11.344188034074126 ], [ 68.71868372196667, 11.364219715194634 ], [ 68.713675801686549, 11.385086049695165 ], [ 68.691140160425974, 11.392597930115356 ], [ 68.67528174620557, 11.404283077435654 ], [ 68.663596598885277, 11.431826638976354 ], [ 68.665265905645313, 11.465212774177202 ], [ 68.661927292125227, 11.50798875990329 ], [ 68.681958973245742, 11.529689747783841 ], [ 68.712006494926499, 11.53469766806397 ], [ 68.743723323367306, 11.543044201864182 ], [ 68.757077777447648, 11.560571922844627 ], [ 68.757912430827673, 11.578934297205095 ], [ 68.747061936887391, 11.596462018185539 ], [ 68.725360949006841, 11.602304591845687 ], [ 68.707833228026402, 11.617328352686069 ], [ 68.69698273408612, 11.639029340566621 ], [ 68.709502534786438, 11.660313001757164 ], [ 68.728699562526927, 11.678675376117631 ], [ 68.751235203787502, 11.687021909917844 ], [ 68.772101538288027, 11.706218937658331 ], [ 68.793802526168591, 11.71957339173867 ], [ 68.809660940388994, 11.748786260039413 ], [ 68.815503514049141, 11.775495168200091 ], [ 68.810495593769005, 11.80804665002092 ], [ 68.832196581649555, 11.842267438601789 ], [ 68.849724302630008, 11.87064565352251 ], [ 68.855566876290155, 11.923228816463848 ], [ 68.846385689109923, 11.959953565184781 ], [ 68.852228262770069, 11.98666247334546 ], [ 68.904394099021403, 11.999599600735788 ], [ 68.962819835622881, 11.99375702707564 ], [ 69.010395078284091, 11.996260987215704 ], [ 69.053797054045191, 11.994591680455661 ], [ 69.086348535866023, 12.012119401436108 ], [ 69.114726750786744, 12.020465935236318 ], [ 69.121403977826915, 12.045505536636956 ], [ 69.113892097406719, 12.079726325217825 ], [ 69.135593085287269, 12.123128300978928 ], [ 69.158963379927869, 12.149002555759587 ], [ 69.191514861748701, 12.171538197020158 ], [ 69.211129216179188, 12.193447848245718 ], [ 69.241176737859959, 12.206802302326059 ], [ 69.277901486580888, 12.212644875986207 ], [ 69.308783661641669, 12.198455768525847 ], [ 69.343004450222551, 12.188439927965591 ], [ 69.388910386123712, 12.188439927965591 ], [ 69.412280680764312, 12.200959728665909 ], [ 69.428973748364726, 12.219322103026377 ], [ 69.428973748364726, 12.248534971327119 ], [ 69.409776720624237, 12.274409226107776 ], [ 69.390579692883747, 12.303622094408519 ], [ 69.388075732743687, 12.348693376929665 ], [ 69.392248999643797, 12.400441886490981 ], [ 69.417288601044433, 12.443009208872063 ], [ 69.451926716315313, 12.475769354037894 ], [ 69.498667305596499, 12.480777274318022 ], [ 69.542903934737623, 12.473265393897831 ], [ 69.581297990218602, 12.492462421638319 ], [ 69.602998978099151, 12.51416340951887 ], [ 69.607172244999262, 12.553392118379866 ], [ 69.607172244999262, 12.602636667801118 ], [ 69.614684125419444, 12.641030723282094 ], [ 69.639723726820094, 12.66523567130271 ], [ 69.671440555260887, 12.679424778763071 ], [ 69.763252427063222, 12.712810913963919 ], [ 69.797473215644104, 12.762890116765197 ], [ 69.842544498165239, 12.794606945206002 ], [ 69.902639541526767, 12.804622785766258 ], [ 69.957726664608174, 12.822985160126724 ], [ 70.001128640369274, 12.866387135887827 ], [ 70.062892990490838, 12.894765350808548 ], [ 70.091271205411559, 12.884749510248295 ], [ 70.094609818931644, 12.859709908847657 ], [ 70.141350408212844, 12.831331693926936 ], [ 70.188090997494029, 12.829662387166893 ], [ 70.224815746214958, 12.851363375047445 ], [ 70.233162280015165, 12.878072283208125 ], [ 70.224815746214958, 12.911458418408973 ], [ 70.233162280015165, 12.946513860369864 ], [ 70.221477132694872, 12.981569302330755 ], [ 70.239839507055336, 13.016624744291645 ], [ 70.249855347615593, 13.051680186252538 ], [ 70.309115737597097, 13.064199986952854 ], [ 70.367541474198589, 13.060861373432768 ], [ 70.414282063479774, 13.054184146392599 ], [ 70.454345425720788, 13.064199986952854 ], [ 70.472707800081267, 13.107601962713957 ], [ 70.526125616402624, 13.152673245235103 ], [ 70.571196898923759, 13.192736607476121 ], [ 70.617937488204959, 13.226122742676969 ], [ 70.673024611286351, 13.229461356197055 ], [ 70.734788961407929, 13.236138583237224 ], [ 70.769844403368808, 13.262847491397903 ], [ 70.793214698009407, 13.311257387439134 ], [ 70.789876084489322, 13.346312829400025 ], [ 70.803230538569665, 13.386376191641043 ], [ 70.843293900810679, 13.421431633601934 ], [ 70.913404784732464, 13.421431633601934 ], [ 70.971830521333942, 13.428108860642103 ], [ 71.03359487145552, 13.454817768802783 ], [ 71.073658233696534, 13.489873210763674 ], [ 71.118729516217684, 13.54162172032499 ], [ 71.158792878458698, 13.600047456926475 ], [ 71.165470105498869, 13.651795966487789 ], [ 71.12039882297772, 13.685182101688639 ], [ 71.110382982417477, 13.733591997729869 ], [ 71.141265157478259, 13.782419220461113 ], [ 71.182997826479323, 13.880908319303618 ], [ 71.224730495480372, 13.930987522104891 ], [ 71.259785937441265, 13.969381577585866 ], [ 71.268132471241486, 14.029476620947394 ], [ 71.229738415760508, 14.07454790346854 ], [ 71.186336439999394, 14.117949879229643 ], [ 71.176320599439151, 14.160099874920713 ], [ 71.188005746759444, 14.209761751031976 ], [ 71.19134436027953, 14.265266200803385 ], [ 71.209706734639994, 14.315762730294669 ], [ 71.214714654920115, 14.394220148016664 ], [ 71.241423563080801, 14.4192597494173 ], [ 71.281486925321815, 14.429275589977555 ], [ 71.323219594322879, 14.476016179258743 ], [ 71.334904741643172, 14.524426075299974 ], [ 71.356605729523736, 14.564489437540992 ], [ 71.361613649803857, 14.614568640342265 ], [ 71.366621570083979, 14.698033978344386 ], [ 71.390826518104603, 14.753538428115798 ], [ 71.430055226965592, 14.783168623106551 ], [ 71.475961162866767, 14.821980005277537 ], [ 71.526040365668038, 14.867051287798683 ], [ 71.536056206228295, 14.917130490599956 ], [ 71.581127488749431, 14.963871079881145 ], [ 71.631206691550716, 14.987241374521737 ], [ 71.697978961952401, 14.98891068128178 ], [ 71.768089845874186, 14.977225533961484 ], [ 71.8315235027558, 14.972217613681355 ], [ 71.881602705557071, 14.985572067761696 ], [ 71.911650227237843, 14.973886920441398 ], [ 71.931681908358343, 14.935492864960423 ], [ 71.925004681318171, 14.878736435118979 ], [ 71.891618546117328, 14.857035447238427 ], [ 71.828184889235715, 14.838673072877961 ], [ 71.798137367554958, 14.830326539077749 ], [ 71.789790833754736, 14.81029485795724 ], [ 71.804814594595115, 14.790263176836731 ], [ 71.849885877116265, 14.783585949796562 ], [ 71.8982957731575, 14.771900802476264 ], [ 71.916658147517964, 14.745191894315585 ], [ 71.916658147517964, 14.716813679394864 ], [ 71.905807653577696, 14.706589175489604 ], [ 71.886610625837207, 14.698451305034396 ], [ 71.877012111966962, 14.681549574088969 ], [ 71.878264092036986, 14.666108486558576 ], [ 71.894957159637414, 14.658387942793379 ], [ 71.928760621528269, 14.659013932828396 ], [ 71.964650716869187, 14.659848586208417 ], [ 72.004296752420188, 14.655466655963304 ], [ 72.017859869845537, 14.646076805438067 ], [ 72.043316797936185, 14.620202550657408 ], [ 72.044986104696221, 14.583269138591469 ], [ 72.067521745956796, 14.547587706595563 ], [ 72.081710853417164, 14.491665930134142 ], [ 72.078372239897078, 14.451602567893124 ], [ 72.050828678356382, 14.416547125932231 ], [ 72.013269276255414, 14.415712472552212 ], [ 71.989898981614829, 14.378987723831278 ], [ 71.964859380214193, 14.354782775810662 ], [ 71.95150492613385, 14.327239214269962 ], [ 71.944827699093679, 14.290514465549029 ], [ 71.957347499793997, 14.2579629837282 ], [ 72.047072738146284, 14.265892190838402 ], [ 72.11801827544808, 14.27173476449855 ], [ 72.188129159369865, 14.276742684778679 ], [ 72.254066776391539, 14.275908031398657 ], [ 72.320004393413214, 14.267561497598445 ], [ 72.360067755654242, 14.240852589437766 ], [ 72.401591761310286, 14.233966699052591 ], [ 72.47483259540715, 14.234175362397597 ], [ 72.599195949030317, 14.236679322537659 ], [ 72.72355930265347, 14.249199123237979 ], [ 72.806607313965586, 14.25754565703819 ], [ 72.91761621350841, 14.264222884078361 ], [ 73.007341451860682, 14.25671100365817 ], [ 73.044483527271638, 14.282585258438827 ], [ 73.086216196272687, 14.2775773381587 ], [ 73.124610251753666, 14.295105059139145 ], [ 73.154657773434437, 14.320144660539782 ], [ 73.155492426814462, 14.354365449120651 ], [ 73.17928004814506, 14.367719903200991 ], [ 73.204736976235708, 14.357704062640734 ], [ 73.213500836725927, 14.341010995040309 ], [ 73.231028557706381, 14.333499114620118 ], [ 73.281942413887663, 14.336420401450193 ], [ 73.311155282188409, 14.334333768000139 ], [ 73.335777556899032, 14.327239214269962 ], [ 73.356643891399571, 14.308876839909491 ], [ 73.379596859350158, 14.299695652729259 ], [ 73.402967153990744, 14.299278326039248 ], [ 73.431345368911465, 14.302616939559332 ], [ 73.466400810872358, 14.30011297941927 ], [ 73.492692392343031, 14.292183772309071 ], [ 73.498534966003177, 14.271213106136038 ], [ 73.503960212973311, 14.243252217905326 ], [ 73.500621599453225, 14.21821261650469 ], [ 73.500204272763213, 14.202354202284287 ], [ 73.508550806563434, 14.19025172827398 ], [ 73.538181001554179, 14.192755688414042 ], [ 73.561968622884791, 14.198598262074192 ], [ 73.583252284075328, 14.210283409394489 ], [ 73.602449311815818, 14.219881923264733 ], [ 73.617473072656196, 14.226976476994913 ], [ 73.634583466946637, 14.228750115427459 ], [ 73.651067871202059, 14.22488984354486 ], [ 73.666300295387444, 14.219255933229714 ], [ 73.682367372952854, 14.214456676294594 ], [ 73.701355737348337, 14.206736132529397 ], [ 73.720344101743819, 14.19734628200416 ], [ 73.739749792829301, 14.186495788063883 ], [ 73.753104246909643, 14.181487867783757 ], [ 73.767815012732527, 14.177679761737407 ], [ 73.783464763607924, 14.175175801597344 ], [ 73.799427509500831, 14.173141333983544 ], [ 73.81246896856365, 14.168446408720923 ], [ 73.827388397731539, 14.168550740393428 ], [ 73.840429856794373, 14.164690468510827 ], [ 73.854931959272236, 14.165316458545846 ], [ 73.872564011925178, 14.168863735410934 ], [ 73.893847673115729, 14.171785022241007 ], [ 73.914296680926242, 14.172619675621029 ], [ 73.936832322186817, 14.172619675621029 ], [ 73.966879843867574, 14.171367695550996 ], [ 73.988998158438136, 14.175958289141114 ], [ 74.004439245968541, 14.188060763151421 ], [ 74.020714986878943, 14.209761751031973 ], [ 74.033652114269273, 14.229793432152482 ], [ 74.033652114269273, 14.245234519682874 ], [ 74.036573401099346, 14.256919667003173 ], [ 74.041894316396991, 14.268813477668477 ], [ 74.058065725634904, 14.275386373036138 ], [ 74.081853346965502, 14.277473006486192 ], [ 74.10480631491609, 14.280811620006276 ], [ 74.130263243006738, 14.284150233526361 ], [ 74.159058784617471, 14.293331420706593 ], [ 74.182011752568044, 14.306685874786934 ], [ 74.204547393828619, 14.315867061967166 ], [ 74.219571154668998, 14.314615081897136 ], [ 74.232090955369316, 14.313780428517115 ], [ 74.237933529029476, 14.321292308937306 ], [ 74.238350855719474, 14.330890822807548 ], [ 74.242941449309598, 14.34549725695792 ], [ 74.254835259974897, 14.361042676160816 ], [ 74.277370901235471, 14.368971883271017 ], [ 74.314930303336425, 14.371893170101092 ], [ 74.357080299027501, 14.371893170101092 ], [ 74.395891681198492, 14.368971883271017 ], [ 74.414671382248969, 14.352278815670592 ], [ 74.439710983649604, 14.334751094690148 ], [ 74.478522365820581, 14.322648620679839 ], [ 74.519003054751622, 14.316806047019691 ], [ 74.56449166396277, 14.314302086879628 ], [ 74.606224332963833, 14.313884760189618 ], [ 74.64670502189486, 14.319727333849766 ], [ 74.684264423995813, 14.338507034900243 ], [ 74.713685955641566, 14.358225721003244 ], [ 74.744150804012335, 14.370745521703562 ], [ 74.76668644527291, 14.371162848393572 ], [ 74.78838743315346, 14.372414828463604 ], [ 74.802159213923815, 14.379926708883794 ], [ 74.802159213923815, 14.402045023454356 ], [ 74.812383717829078, 14.414147497464665 ], [ 74.844487008738312, 14.420633142065356 ], [ 74.884372571855906, 14.420720392832381 ], [ 74.933617121277152, 14.425728313112508 ], [ 74.967003256478009, 14.427397619872551 ], [ 75.002893351818912, 14.45452385472324 ], [ 75.070082948910624, 14.466209002043486 ], [ 75.131429972342175, 14.476224842603791 ], [ 75.174831948103289, 14.482902069643961 ], [ 75.209887390064182, 14.504603057524513 ], [ 75.201540856263961, 14.537989192725362 ], [ 75.194863629223789, 14.576383248206337 ], [ 75.216981943794352, 14.591407009046668 ], [ 75.273321046945782, 14.591407009046719 ], [ 75.323400249747067, 14.609769383407187 ], [ 75.381825986348545, 14.636478291567865 ], [ 75.391841826908802, 14.676541653808883 ], [ 75.431905189149816, 14.713266402529817 ], [ 75.497425479481478, 14.728290163370147 ], [ 75.535402208272444, 14.718274322809945 ], [ 75.597166558394022, 14.706589175489647 ], [ 75.623875466554694, 14.668195120008672 ], [ 75.6789625896361, 14.679880267328969 ], [ 75.707340804556821, 14.709927789009733 ], [ 75.7657665411583, 14.709927789009733 ], [ 75.817515050719621, 14.713266402529817 ], [ 75.850901185920463, 14.758337685050963 ], [ 75.909326922521956, 14.761676298571048 ], [ 75.977768499683691, 14.765014912091132 ], [ 76.046210076845441, 14.768353525611218 ], [ 76.082934825566369, 14.751660458010793 ], [ 76.116320960767212, 14.714935709289859 ], [ 76.138021948647776, 14.696573334929393 ], [ 76.166400163568497, 14.70158125520952 ], [ 76.164730856808447, 14.738306003930454 ], [ 76.153045709488154, 14.79005451349177 ], [ 76.187266498069022, 14.830535202422798 ], [ 76.210636792709622, 14.878945098464028 ], [ 76.218983326509829, 14.914000540424921 ], [ 76.199368972079327, 14.954481229355897 ], [ 76.235676394110257, 14.972426277026404 ], [ 76.280747676631393, 14.982442117586659 ], [ 76.320811038872421, 15.012489639267423 ], [ 76.329157572672628, 15.077592602909078 ], [ 76.335834799712799, 15.1059708178298 ], [ 76.354614500763276, 15.129758439160353 ], [ 76.382575388993985, 15.15438071387103 ], [ 76.444339739115549, 15.157719327391115 ], [ 76.481064487836491, 15.137687646270606 ], [ 76.519458543317469, 15.104301511069757 ], [ 76.571207052878776, 15.084269829949248 ], [ 76.653003084120854, 15.09929359078963 ], [ 76.732295155222872, 15.122663885430224 ], [ 76.797398118864535, 15.139356953030648 ], [ 76.847477321665806, 15.151042100350946 ], [ 76.855823855466014, 15.201121303152219 ], [ 76.867091676096294, 15.231586151522942 ], [ 76.911745631927431, 15.244940605603334 ], [ 76.976848595569095, 15.238263378563165 ], [ 77.041951559210744, 15.239932685323206 ], [ 77.093700068772065, 15.253287139403547 ], [ 77.145448578333372, 15.264972286723843 ], [ 77.215559462255158, 15.300027728684734 ], [ 77.27398519885665, 15.333413863885582 ], [ 77.322395094897871, 15.360122772046262 ], [ 77.342426776018385, 15.403524747807365 ], [ 77.334080242218178, 15.455273257368681 ], [ 77.347852022988519, 15.505769786859913 ], [ 77.395009938959717, 15.539155922060814 ], [ 77.450097062041124, 15.544163842340941 ], [ 77.490160424282138, 15.567534136981536 ], [ 77.530223786523152, 15.585896511342002 ], [ 77.530223786523152, 15.612605419502682 ], [ 77.493499037802223, 15.622621260062935 ], [ 77.443419835000952, 15.622621260062935 ], [ 77.426726767400524, 15.647660861463573 ], [ 77.465120822881502, 15.676039076384294 ], [ 77.506853491882566, 15.702747984544972 ], [ 77.543578240603495, 15.724448972425524 ], [ 77.565279228484044, 15.7628430279065 ], [ 77.560271308203923, 15.801237083387477 ], [ 77.568200515314118, 15.837961832108357 ], [ 77.614523777905305, 15.848812326048686 ], [ 77.676288128026869, 15.847143019288643 ], [ 77.699658422667468, 15.82377272464805 ], [ 77.758084159268947, 15.812087577327752 ], [ 77.769769306589239, 15.775362828606818 ], [ 77.769769306589239, 15.731960852845715 ], [ 77.746399011948654, 15.696905410884824 ], [ 77.761422772789032, 15.66685788920406 ], [ 77.786462374189668, 15.636810367523298 ], [ 77.764761386309118, 15.598416312042321 ], [ 77.723028717308054, 15.5700380971216 ], [ 77.713012876747797, 15.539990575440836 ], [ 77.72636733082814, 15.519958894320327 ], [ 77.784793067429632, 15.53665196192075 ], [ 78.324665477284881, 15.589734081337172 ], [ 78.869643679980953, 15.620875692919803 ], [ 79.445763494259666, 15.807725362415599 ], [ 79.944029279581784, 16.025716643494029 ], [ 80.146862132889666, 16.297021191120091 ], [ 80.181917574850559, 16.280328123519666 ], [ 80.226988857371708, 16.278658816759624 ], [ 80.267052219612722, 16.280328123519666 ], [ 80.300438354813579, 16.307037031680345 ], [ 80.307115581853751, 16.343761780401277 ], [ 80.3488482508548, 16.372139995321998 ], [ 80.394754186755975, 16.360454848001702 ], [ 80.448172003077332, 16.338753860121152 ], [ 80.521621500519203, 16.350439007441448 ], [ 80.600078918241195, 16.350439007441448 ], [ 80.651827427802502, 16.32373009928077 ], [ 80.648488814282416, 16.29034396407992 ], [ 80.673528415683052, 16.265304362679284 ], [ 80.720269004964251, 16.258627135639113 ], [ 80.793718502406108, 16.292013270839963 ], [ 80.858821466047772, 16.322060792520727 ], [ 80.863829386327893, 16.362124154761744 ], [ 80.927263043209507, 16.38716375616238 ], [ 80.994035313611207, 16.42054989136323 ], [ 81.004051154171464, 16.46228256036429 ], [ 81.048287783312588, 16.496503348945151 ], [ 81.135926388214813, 16.487322161764926 ], [ 81.199360045096427, 16.463951867124333 ], [ 81.232746180297269, 16.437242958963655 ], [ 81.299518450698969, 16.42889642516344 ], [ 81.361282800820533, 16.447258799523908 ], [ 81.418873884042, 16.453101373184047 ], [ 81.48815011458376, 16.467290480644419 ], [ 81.55659169174551, 16.468959787404462 ], [ 81.620025348627124, 16.467290480644419 ], [ 81.691805539308945, 16.490660775285011 ], [ 81.743554048870251, 16.530724137526029 ], [ 81.773601570551023, 16.569118193007007 ], [ 81.827019386872379, 16.579134033567261 ], [ 81.915492645154629, 16.580803340327304 ], [ 81.997288676396707, 16.585811260607429 ], [ 82.075746094118699, 16.587480567367471 ], [ 82.14752628480052, 16.582472647087346 ], [ 82.224314395762477, 16.585811260607429 ], [ 82.291086666164176, 16.5924884876476 ], [ 82.324472801365019, 16.619197395808278 ], [ 82.360362896705936, 16.630047889748543 ], [ 82.41962328668744, 16.612520168768111 ], [ 82.466363875968625, 16.564110272726879 ], [ 82.473041103008796, 16.522377603725818 ], [ 82.46719852934865, 16.49566869556514 ], [ 82.473875756388821, 16.472298400924544 ], [ 82.518947038909971, 16.453936026564079 ], [ 82.579042082271499, 16.443920186003822 ], [ 82.62745197831272, 16.452266719804037 ], [ 82.682539101394127, 16.44308553262379 ], [ 82.714255929834934, 16.42054989136323 ], [ 82.749311371795827, 16.408864744042933 ], [ 82.797721267837048, 16.418880584603187 ], [ 82.839453936838112, 16.465621173884376 ], [ 82.904556900479776, 16.477306321204672 ], [ 82.994699465522061, 16.450597413043994 ], [ 83.058967775783699, 16.410534050802976 ], [ 83.096527177884653, 16.366297421661841 ], [ 83.132417273225556, 16.316218218860573 ], [ 83.164134101666363, 16.286170697179809 ], [ 83.187504396306963, 16.212721199737942 ], [ 83.187504396306963, 16.135933088775992 ], [ 83.224229145027891, 16.092531113014889 ], [ 83.21922122474777, 16.059144977814039 ], [ 83.212543997707598, 16.022420229093107 ], [ 83.220890531507806, 16.002388547972597 ], [ 83.244260826148405, 15.979018253332002 ], [ 83.292670722189641, 15.980687560092045 ], [ 83.306025176269969, 16.027428149373232 ], [ 83.338576658090801, 16.039113296693522 ], [ 83.391159821032133, 16.024089535853147 ], [ 83.417868729192818, 15.97067171953179 ], [ 83.482971692834468, 15.955647958691408 ], [ 83.521365748315446, 15.937285584330942 ], [ 83.534720202395789, 15.902230142370051 ], [ 83.548074656476132, 15.851733612878766 ], [ 83.566437030836596, 15.783292035717025 ], [ 83.533050895635739, 15.738220753195879 ], [ 83.523869708455507, 15.703582637924994 ], [ 83.556421190276339, 15.646408881393546 ], [ 83.558090497036375, 15.59466037183223 ], [ 83.516357828035325, 15.564612850151466 ], [ 83.487979613114604, 15.531226714950618 ], [ 83.509680600995154, 15.494501966229684 ], [ 83.553082576756253, 15.476139591869218 ], [ 83.634878607998331, 15.529557408190575 ], [ 83.698312264879945, 15.551258396071127 ], [ 83.759241961621498, 15.526636121360497 ], [ 83.800974630622548, 15.462367811098867 ], [ 83.846045913143698, 15.390587620417042 ], [ 83.88277066186464, 15.343847031135853 ], [ 83.90447164974519, 15.287090601294411 ], [ 83.901133036225104, 15.216145063992604 ], [ 83.914487490305447, 15.181924275411738 ], [ 83.977921147187047, 15.130175765850423 ], [ 84.049701337868882, 15.123498538810253 ], [ 84.12982806235091, 15.090112403609403 ], [ 84.178237958392145, 15.048379734608343 ], [ 84.240002308513709, 15.023340133207707 ], [ 84.263372603154309, 14.981607464206645 ], [ 84.318459726235716, 14.964914396606222 ], [ 84.368538929036987, 14.956567862806009 ], [ 84.438649812958758, 14.976599543926518 ], [ 84.503752776600422, 14.99830053180707 ], [ 84.612257716003171, 15.043371814328216 ] ] ] ] } },
{ "type": "Feature", "properties": { "id": 75, "name": "Ghiscar", "type": "country", "size": 4, "active": false }, "geometry": { "type": "MultiPolygon", "coordinates": [ [ [ [ 76.218881668691594, -3.465804208225463 ], [ 76.30494822118311, -3.383649771756287 ], [ 76.391014773674641, -3.313231683354137 ], [ 76.516202486389574, -3.254549943019012 ], [ 76.629653851037475, -3.238901478929645 ], [ 76.758753679774756, -3.215428782795595 ], [ 76.864380812377973, -3.223253014840278 ], [ 77.005216989182287, -3.191956086661544 ], [ 77.114756237807853, -3.156747042460469 ], [ 77.243856066545121, -3.101977418147686 ], [ 77.341658967103669, -3.039383561790218 ], [ 77.443373983684552, -2.965053357365726 ], [ 77.537264768220751, -2.886811036918892 ], [ 77.654628248891001, -2.78900813636035 ], [ 77.728958453315499, -2.738150628069908 ], [ 77.811112889784667, -2.722502163980541 ], [ 77.897179442276183, -2.691205235801807 ], [ 77.991070226812383, -2.632523495466682 ], [ 78.045839851125166, -2.562105407064531 ], [ 78.112345823504981, -2.483863086617697 ], [ 78.214060840085864, -2.456478274461305 ], [ 78.34707278484548, -2.425181346282572 ], [ 78.429227221314662, -2.386060186059155 ], [ 78.519205889828513, -2.307817865612321 ], [ 78.585711862208328, -2.217839197098462 ], [ 78.648305718565794, -2.135684760629287 ], [ 78.710899574923261, -2.057442440182452 ], [ 78.800878243437126, -1.98311223575796 ], [ 78.894769027973325, -1.940078959512202 ], [ 79.004308276598891, -1.91269414735581 ], [ 79.102111177157425, -1.897045683266443 ], [ 79.207738309760657, -1.857924523043026 ], [ 79.30945332634154, -1.807067014752584 ], [ 79.286389841759785, -1.431176278867887 ], [ 78.994010608780073, -1.041337301561597 ], [ 78.682139426935038, -0.632006375389993 ], [ 78.331284347359372, -0.495562733332791 ], [ 77.95119134448575, -0.17881856427143 ], [ 77.288465083065049, -0.003391024483599 ], [ 76.664722719374993, 0.025846898814372 ], [ 76.294375690934018, -0.159326615406115 ], [ 75.943520611358352, -0.412721950655204 ], [ 75.582919557350039, -0.870782748990095 ], [ 74.793495628304797, -1.260621726296385 ], [ 74.335434829969898, -1.56274693370876 ], [ 73.974833775961585, -1.77715837122722 ], [ 73.536264926492009, -2.011061757610994 ], [ 72.970998409397893, -2.254711118427425 ], [ 72.522683585495656, -2.478868530378542 ], [ 71.781989528613707, -2.878453482117489 ], [ 71.167993139356298, -3.239054536125808 ], [ 70.631964545560152, -3.589909615701469 ], [ 70.086189977331344, -3.872542874248529 ], [ 69.613510217347468, -3.962693137750608 ], [ 69.262655137771802, -3.904217291154665 ], [ 68.882562134898166, -3.845741444558722 ], [ 68.405009387697959, -3.680059879203548 ], [ 68.093138205852938, -3.585036628485141 ], [ 67.493760778244507, -3.511941820240211 ], [ 67.235492455779095, -3.390117139831996 ], [ 66.743320746929896, -3.092864919635949 ], [ 66.23653007643172, -2.703025942329659 ], [ 65.963642792317316, -2.05979162977428 ], [ 65.681009533770265, -1.56274693370876 ], [ 65.603041738309003, -0.909766646720724 ], [ 65.544565891713063, -0.432213899520519 ], [ 65.378884326357891, -0.217802462002059 ], [ 65.081632106161834, -0.159326615406115 ], [ 64.672301179990228, -0.441959873953176 ], [ 64.02906686743485, -0.929258595586039 ], [ 63.629481915695912, -1.611476805872046 ], [ 63.327356708283531, -2.703025942329659 ], [ 63.073961373034443, -3.823813002085243 ], [ 62.984647843366631, -4.499374982794333 ], [ 63.17442241607219, -4.807758663440857 ], [ 62.802780544523813, -4.871016854342708 ], [ 62.541840507053678, -5.195215082714693 ], [ 62.532266879989947, -5.240134375646736 ], [ 62.42233669416774, -5.755924910012725 ], [ 62.37398846934002, -5.982773946362665 ], [ 62.399101398815525, -6.013682167255594 ], [ 62.399101398815525, -6.044590388148525 ], [ 62.370124941728399, -6.067771553818223 ], [ 62.401033162621331, -6.108338593740195 ], [ 62.430975501611343, -6.112202121351765 ], [ 62.495689589105929, -6.112202121351811 ], [ 62.565233086115022, -6.083225664264688 ], [ 62.600970716522461, -6.104475066128533 ], [ 62.58841425178472, -6.148905633662166 ], [ 62.45415666728104, -6.235835004923489 ], [ 62.477337832950738, -6.328559667602282 ], [ 62.655060103085091, -6.452192551174005 ], [ 62.817328262772975, -6.413557275057842 ], [ 62.855963538889142, -6.328559667602282 ], [ 62.956415256791168, -6.282197336262885 ], [ 63.124478707896486, -6.324696139990709 ], [ 63.176636330653309, -6.347877305660407 ], [ 63.246179827662402, -6.338218486631366 ], [ 63.296405686613404, -6.313105557155816 ], [ 63.321518616088923, -6.287992627680354 ], [ 63.317655088477302, -6.224244422088685 ], [ 63.375608002651546, -6.170155035526056 ], [ 63.543671453756858, -6.119929176574998 ], [ 63.713666668667976, -6.019477458672972 ], [ 63.777414874259648, -6.031068041507869 ], [ 63.852753662686162, -6.0967480109053 ], [ 63.856617190297783, -6.179813854555096 ], [ 63.821845441793236, -6.26674322581642 ], [ 63.834401906530985, -6.296202623855038 ], [ 63.905877167345892, -6.325179080942161 ], [ 63.968659491034657, -6.313105557155816 ], [ 64.00632888524791, -6.238249709680794 ], [ 64.124166477402213, -6.188023850729781 ], [ 64.149633723440914, -6.138643818781519 ], [ 64.200555903053839, -6.102182224674457 ], [ 64.334728732235305, -6.085640369021949 ], [ 64.442907505360552, -6.077913313798716 ], [ 64.563642743223582, -6.073566845235601 ], [ 64.663582151194888, -6.16667736938628 ], [ 64.841816731259954, -6.197199728807325 ], [ 64.981295724715508, -6.157332852518026 ], [ 65.066867214636588, -6.186092086923973 ], [ 65.261975359023225, -6.170637976477508 ], [ 65.289985934207451, -6.204926784030558 ], [ 65.21754479148963, -6.278816749602765 ], [ 65.105502490752755, -6.290407332437614 ], [ 65.009329275320269, -6.297500605541837 ], [ 64.983801370986839, -6.346911423757502 ], [ 64.923916693006788, -6.38168317226205 ], [ 64.846646140774467, -6.375887880844624 ], [ 64.77517087995956, -6.346911423757502 ], [ 64.751989714289863, -6.375887880844624 ], [ 64.806079100852486, -6.435772558824678 ], [ 64.840850849357039, -6.505316055833772 ], [ 64.862100251220923, -6.611563065153221 ], [ 64.838919085551225, -6.72746889350171 ], [ 64.756819123804391, -6.769001815326548 ], [ 64.668923870640114, -6.80087591812242 ], [ 64.64960623258203, -6.883941761772172 ], [ 64.593585082213593, -6.951553494975457 ], [ 64.477679253865105, -7.050073449071673 ], [ 64.498928655728989, -7.098367544216877 ], [ 64.548188632777112, -7.132173410818487 ], [ 64.622561539300719, -7.157286340294027 ], [ 64.638015649747189, -7.211375726856655 ], [ 64.684377981086584, -7.263533349613476 ], [ 64.648640350679131, -7.340803901845771 ], [ 64.610005074562977, -7.441255619747796 ], [ 64.55688156990324, -7.50114029772788 ], [ 64.478645135768019, -7.518526171980124 ], [ 64.425521631108282, -7.526253227203386 ], [ 64.394613410215356, -7.47989089586399 ], [ 64.355012252196289, -7.534463223378071 ], [ 64.291264046604624, -7.561507916659385 ], [ 64.233311132430373, -7.580825554717467 ], [ 64.215925258178103, -7.642641996503328 ], [ 64.16569939922708, -7.66195963456141 ], [ 64.127064123110927, -7.667754925978834 ], [ 64.119337067887685, -7.737298422987928 ], [ 64.026612405208894, -7.750820769628586 ], [ 63.982181837675313, -7.739230186793736 ], [ 63.924228923501069, -7.694799619260149 ], [ 63.860480717909397, -7.698180205920284 ], [ 63.802527803735153, -7.725707840153079 ], [ 63.727189015308632, -7.719912548735655 ], [ 63.620942005989178, -7.698180205920284 ], [ 63.564920855620748, -7.785592518133132 ], [ 63.481855011971, -7.864794834171267 ], [ 63.397400115546446, -7.895412990013257 ], [ 63.311859797059874, -7.999535359626361 ], [ 63.192090441099772, -7.996637713917672 ], [ 63.155386928789419, -8.014023588169945 ], [ 63.132205763119721, -8.100952959431313 ], [ 63.11095636125583, -8.135724707935859 ], [ 63.080048140362898, -8.155042345993941 ], [ 63.056866974693193, -8.19271174020718 ], [ 63.109024597450023, -8.27287993814824 ], [ 63.189484615227798, -8.343949799689449 ], [ 63.209476315352049, -8.379126947467688 ], [ 63.226862189604319, -8.450602208282589 ], [ 63.211408079157849, -8.524975114806187 ], [ 63.280951576166949, -8.541395107155573 ], [ 63.355349789639305, -8.50280658644976 ], [ 63.44901502727226, -8.556849217602039 ], [ 63.551398508980085, -8.555883335699118 ], [ 63.580374966067211, -8.612870367970476 ], [ 63.566852619426555, -8.664062108824377 ], [ 63.435492680631597, -8.687243274494074 ], [ 63.443219735854832, -8.880419655074894 ], [ 63.319586852283102, -9.034960759539548 ], [ 63.383335057874781, -9.130100126975609 ], [ 63.420038570185135, -9.240210663906675 ], [ 63.39492564070963, -9.317481216139001 ], [ 63.400720932127051, -9.36915589794436 ], [ 63.439356208243218, -9.406342351206176 ], [ 63.562989091814934, -9.446426450176688 ], [ 63.611283186960144, -9.470090556797846 ], [ 63.653781990687925, -9.558951691865021 ], [ 63.704007849638934, -9.620768133650882 ], [ 63.792868984706111, -9.624631661262498 ], [ 63.899115994025557, -9.622699897456689 ], [ 63.980250073869506, -9.655056941203972 ], [ 64.00729476715081, -9.715424560135482 ], [ 63.995704184315969, -9.76323571432923 ], [ 63.938717152044624, -9.795592758076518 ], [ 63.863378363618111, -9.795592758076518 ], [ 63.820879559890329, -9.834228034192682 ], [ 63.772585464745127, -9.82456921516364 ], [ 63.753267826687043, -9.907635058813392 ], [ 63.763892527618985, -10.010501481472678 ], [ 63.778380756162548, -10.100811439394208 ], [ 63.766790173327699, -10.242796079121099 ], [ 63.689519621095371, -10.285294882848879 ], [ 63.708837259153455, -10.420518349255451 ], [ 63.786107811385783, -10.401200711197369 ], [ 63.817016032278715, -10.490061846264544 ], [ 63.801561921832246, -10.555741815662021 ], [ 63.820879559890329, -10.617558257447882 ], [ 63.747472535269623, -10.633012367894349 ], [ 63.681792565872144, -10.617558257447882 ], [ 63.66247492781406, -10.671647644010511 ], [ 63.604522013639816, -10.694828809680208 ], [ 63.604522013639816, -10.764372306689303 ], [ 63.616112596474665, -10.849369914144862 ], [ 63.554296154688807, -10.949821632046886 ], [ 63.51952440618426, -10.996183963386283 ], [ 63.431743852010428, -10.999376897959642 ], [ 63.380437412166067, -11.044478058531485 ], [ 63.361119774107991, -11.129475665987044 ], [ 63.407482105447386, -11.199019162996139 ], [ 63.442253853951932, -11.268562660005232 ], [ 63.356585310051102, -11.355731569237697 ], [ 63.345665663661521, -11.423103764469886 ], [ 63.249077473371116, -11.454011985362817 ], [ 63.148625755469091, -11.488783733867363 ], [ 63.139426444850912, -11.54833940223299 ], [ 63.164079865915554, -11.616280145050702 ], [ 63.218169252478184, -11.689687169671412 ], [ 63.264531583817579, -11.759230666680505 ], [ 63.314757442768588, -11.840364746524449 ], [ 63.314757442768588, -11.929225881591623 ], [ 63.260668056205965, -12.041268182328498 ], [ 63.16021633830394, -12.09149404127951 ], [ 63.102048377377912, -12.052943313118696 ], [ 63.024992871897368, -12.126265789784057 ], [ 62.92450255688108, -12.118354931196471 ], [ 62.820225908481703, -12.207399869627999 ], [ 62.731364773414526, -12.284670421860326 ], [ 62.578755432755685, -12.342623336034571 ], [ 62.414555509261987, -12.396712722597199 ], [ 62.321830846583197, -12.388985667373966 ], [ 62.244560294350869, -12.315578642753257 ], [ 62.120927410779146, -12.257625728579011 ], [ 62.02275667909457, -12.244505908917894 ], [ 61.896842809305397, -12.230581035297698 ], [ 61.800254619014993, -12.253762200967396 ], [ 61.707529956336202, -12.265352783802244 ], [ 61.591624127987714, -12.234444562909314 ], [ 61.537534741425084, -12.137856372618906 ], [ 61.406174802630126, -12.072176403221428 ], [ 61.406174802630126, -11.979451740542636 ], [ 61.336631305621033, -11.97558821293102 ], [ 61.242912280275235, -12.049704712965237 ], [ 61.128000814593754, -12.006496433823951 ], [ 60.969596182517485, -11.998769378600718 ], [ 60.838236243722527, -11.971724685319403 ], [ 60.699149249704341, -11.979451740542636 ], [ 60.587106948967467, -11.960134102484554 ], [ 60.571652838521004, -11.809456525631518 ], [ 60.548471672851306, -11.751503611457274 ], [ 60.451883482560895, -11.766957721903738 ], [ 60.359158819882104, -11.685823642059795 ], [ 60.30120590570786, -11.608553089827469 ], [ 60.200754187805835, -11.59696250699262 ], [ 60.162118911689674, -11.689687169671412 ], [ 60.077121304234112, -11.736049501010807 ], [ 60.011441334836633, -11.67036953161333 ], [ 59.922580199769456, -11.654915421166866 ], [ 59.827217974734751, -11.554445318947799 ], [ 59.721676763965412, -11.581508396546155 ], [ 59.594180352782075, -11.577644868934538 ], [ 59.505319217714899, -11.627870727885551 ], [ 59.38941338936641, -11.620143672662318 ], [ 59.299252771678404, -11.531084026777151 ], [ 59.169192315504276, -11.477193151032514 ], [ 59.018514738651241, -11.376741433130491 ], [ 58.964425352088611, -11.434694347304735 ], [ 58.999197100593157, -11.504237844313828 ], [ 58.952834769253762, -11.569917813711307 ], [ 58.97601593492346, -11.627870727885551 ], [ 59.057150014767402, -11.662642476390097 ], [ 59.130557039388115, -11.678096586836563 ], [ 59.154412760220467, -11.783385982220011 ], [ 59.211691119232057, -11.817183580854751 ], [ 59.223281702066906, -11.90218118831031 ], [ 59.165328787892662, -11.979451740542636 ], [ 59.103512346106797, -12.041268182328498 ], [ 59.126693511776494, -12.103084624114359 ], [ 59.200100536397208, -12.095357568891126 ], [ 59.273507561017915, -12.149446955453755 ], [ 59.316006364745697, -12.238308090520929 ], [ 59.343051058027008, -12.319442170364873 ], [ 59.327596947580545, -12.38512213976235 ], [ 59.277371088629536, -12.416030360655281 ], [ 59.24259934012499, -12.481710330052758 ], [ 59.28123461624115, -12.547390299450235 ], [ 59.277371088629536, -12.640114962129028 ], [ 59.269644033406301, -12.726078451487492 ], [ 59.231008757290141, -12.787894893273354 ], [ 59.312142837134083, -12.807212531331436 ], [ 59.397140444589638, -12.78016783805012 ], [ 59.451229831152268, -12.826530169389518 ], [ 59.516909800549747, -12.930845414903157 ], [ 59.616966345199039, -12.937433815449367 ], [ 59.705739255447455, -12.965467366054128 ], [ 59.79894731619774, -13.039024188028414 ], [ 59.872354340818447, -13.085386519367811 ], [ 59.829855537090666, -13.181974709658219 ], [ 59.850579266905399, -13.301869973311284 ], [ 59.938034310215926, -13.345208751249006 ], [ 59.992123696778556, -13.407025193034867 ], [ 60.030758972894716, -13.480432217655578 ], [ 60.061667193787649, -13.534521604218206 ], [ 60.042349555729565, -13.611792156450532 ], [ 60.038486028117951, -13.692926236294475 ], [ 60.061667193787649, -13.754742678080337 ], [ 60.127347163185128, -13.797241481808117 ], [ 60.1930271325826, -13.75087915046872 ], [ 60.278024740038163, -13.770196788526802 ], [ 60.370749402716953, -13.804968537031348 ], [ 60.482791703453827, -13.801105009419732 ], [ 60.571652838521004, -13.789514426584883 ], [ 60.625742225083627, -13.835876757924279 ], [ 60.583243421355853, -13.901556727321756 ], [ 60.455747010172509, -13.924737892991455 ], [ 60.517563451958374, -13.998144917612164 ], [ 60.514039964551422, -14.06111196885692 ], [ 60.570107065760951, -14.119515199283498 ], [ 60.556198728074534, -14.179730715358131 ], [ 60.509836396735139, -14.223195400988814 ], [ 60.621878697472013, -14.281148315163058 ], [ 60.687558666869492, -14.327510646502454 ], [ 60.730057470597274, -14.412508253958013 ], [ 60.772556274325048, -14.489778806190341 ], [ 60.818918605664443, -14.524550554694887 ], [ 60.770624510519241, -14.598923461218503 ], [ 60.822782133276064, -14.686818714382772 ], [ 60.869144464615459, -14.733181045722167 ], [ 60.892325630285157, -14.814315125566111 ], [ 60.911643268343241, -14.860677456905506 ], [ 60.985050292963948, -14.891585677798437 ], [ 61.064976791869235, -14.851225416661348 ], [ 61.089365538477587, -14.907039788244903 ], [ 61.205271366826082, -14.914766843468135 ], [ 61.243906642942243, -14.976583285253996 ], [ 61.259360753388705, -15.046126782263091 ], [ 61.259360753388705, -15.117602043077992 ], [ 61.286405446670024, -15.191009067698703 ], [ 61.379130109348814, -15.206463178145167 ], [ 61.487308882474068, -15.221917288591632 ], [ 61.525944158590235, -15.272143147542645 ], [ 61.595487655599328, -15.318505478882042 ], [ 61.665031152608421, -15.376458393056286 ], [ 61.765482870510446, -15.361004282609819 ], [ 61.842753422742774, -15.380321920667901 ], [ 61.912296919751867, -15.395776031114368 ], [ 61.92775103019833, -15.337823116940122 ], [ 62.016612165265506, -15.322369006493657 ], [ 62.062974496604902, -15.25668903709618 ], [ 62.059110968993288, -15.171691429640621 ], [ 62.120927410779146, -15.18328201247547 ], [ 62.124790938390767, -15.264416092319411 ], [ 62.136381521225616, -15.380321920667901 ], [ 62.14024504883723, -15.43441130723053 ], [ 62.109336827944297, -15.503954804239624 ], [ 62.124790938390767, -15.561907718413869 ], [ 62.29378076004464, -15.584769990819295 ], [ 62.383647288369055, -15.600542994530032 ], [ 62.487962533882701, -15.646905325869428 ], [ 62.574116266092261, -15.757643552881985 ], [ 62.592277779396341, -15.836218178838628 ], [ 62.542051920445324, -15.909625203459338 ], [ 62.578755432755685, -15.96854399953649 ], [ 62.621254236483459, -16.034223968933965 ], [ 62.648298929764778, -16.088313355496595 ], [ 62.771931813336501, -16.123085104001142 ], [ 62.829884727510745, -16.088313355496595 ], [ 62.926472917801149, -16.119221576389524 ], [ 63.042378746149637, -16.107630993554675 ], [ 63.111922243158737, -16.130812159224373 ], [ 63.119649298381965, -16.200355656233469 ], [ 63.154421046886512, -16.277626208465794 ], [ 63.23169159911884, -16.354896760698121 ], [ 63.332143317020865, -16.436030840542063 ], [ 63.436458562534504, -16.439894368153681 ], [ 63.506002059543597, -16.493983754716307 ], [ 63.579409084164311, -16.563527251725404 ], [ 63.64508905356179, -16.621480165899648 ], [ 63.695314912512799, -16.694887190520358 ], [ 63.73395018862896, -16.7760212703643 ], [ 63.753267826687043, -16.853291822596628 ], [ 63.741677243852195, -16.918971791994103 ], [ 63.675997274454716, -16.965334123333498 ], [ 63.57554555655269, -16.965334123333498 ], [ 63.59099966699916, -17.031979974633881 ], [ 63.641225525950169, -17.078342305973276 ], [ 63.652816108785018, -17.13629522014752 ], [ 63.579409084164311, -17.167203441040449 ], [ 63.498275004320369, -17.248337520884395 ], [ 63.455776200592588, -17.329471600728336 ], [ 63.391757045741834, -17.392403357162575 ], [ 63.320552734186016, -17.426059791018744 ], [ 63.23169159911884, -17.464695067134908 ], [ 63.216237488672377, -17.530375036532387 ], [ 63.251009237176923, -17.603782061153094 ], [ 63.351460955078949, -17.59991853354148 ], [ 63.405773821044214, -17.672738863210196 ], [ 63.471230311039051, -17.736107881850955 ], [ 63.492210602075566, -17.805898228582816 ], [ 63.498275004320369, -17.902239569150456 ], [ 63.478957366262286, -17.991100704217633 ], [ 63.486684421485521, -18.052917146003495 ], [ 63.602590249834009, -18.052917146003495 ], [ 63.710769022959262, -18.072234784061575 ], [ 63.80349368563806, -18.095415949731272 ], [ 63.915535986374927, -18.103143004954504 ], [ 64.000533593830482, -18.161095919128751 ], [ 64.135757060237054, -18.1726865019636 ], [ 64.232345250527473, -18.230639416137844 ], [ 64.270980526643626, -18.311773495981786 ], [ 64.359841661710803, -18.292455857923706 ], [ 64.479611017670919, -18.238366471361076 ], [ 64.638015649747189, -18.253820581807542 ], [ 64.777102643765375, -18.230639416137844 ], [ 64.885281416890621, -18.261547637030773 ], [ 64.947097858676486, -18.346545244486332 ], [ 65.117093073587611, -18.358135827321181 ], [ 65.244307514873185, -18.287140847297888 ], [ 65.314132981780034, -18.307909968370172 ], [ 65.417181076935861, -18.403947308151057 ], [ 65.464810558633076, -18.458587545223207 ], [ 65.482196432885345, -18.544551034581669 ], [ 65.505377598555043, -18.594776893532682 ], [ 65.617419899291917, -18.598640421144296 ], [ 65.748779838086875, -18.606367476367531 ], [ 65.84536802837728, -18.61795805920238 ], [ 65.934229163444456, -18.65659333531854 ], [ 66.010597234788861, -18.636479825508335 ], [ 66.131269071636893, -18.633412169648842 ], [ 66.243311372373768, -18.629548642037228 ], [ 66.336036035052558, -18.65659333531854 ], [ 66.421033642508121, -18.648866280095309 ], [ 66.47125950145913, -18.757045053220565 ], [ 66.459668918624274, -18.842042660676125 ], [ 66.513758305186911, -18.919313212908452 ], [ 66.594892385030846, -18.988856709917545 ], [ 66.664435882039939, -19.042946096480176 ], [ 66.73784290666066, -18.992720237529163 ], [ 66.815113458892981, -19.008174347975626 ], [ 66.869202845455604, -19.10089901065442 ], [ 66.942609870076325, -19.133738995353092 ], [ 67.054652170813199, -19.133738995353092 ], [ 67.085560391706125, -19.191691909527339 ], [ 67.012153367085418, -19.222600130420268 ], [ 66.954200452911167, -19.2303271856435 ], [ 66.892384011125301, -19.222600130420268 ], [ 66.89624753873693, -19.28441657220613 ], [ 66.931019287241469, -19.315324793099059 ], [ 66.961927508134394, -19.365550652050072 ], [ 66.88079342829046, -19.427367093835933 ], [ 66.88079342829046, -19.485320008010177 ], [ 66.934882814853083, -19.512364701291492 ], [ 66.996699256638948, -19.539409394572807 ], [ 67.070106281259655, -19.547136449796039 ], [ 67.124195667822292, -19.597362308747051 ], [ 67.186012109608143, -19.643724640086447 ], [ 67.251692079005622, -19.697814026649077 ], [ 67.309644993179873, -19.763493996046552 ], [ 67.348280269296026, -19.829173965444031 ], [ 67.38305201780058, -19.89485393484151 ], [ 67.340553214072798, -20.010759763189998 ], [ 67.379188490188966, -20.060985622141011 ], [ 67.402369655858664, -20.165300867654651 ], [ 67.413960238693505, -20.258025530333445 ], [ 67.514411956595538, -20.242571419886978 ], [ 67.614863674497556, -20.23098083705213 ], [ 67.680543643895035, -20.234844364663743 ], [ 67.7423600856809, -20.261889057945059 ], [ 67.796449472243523, -20.312114916896071 ], [ 67.86985649686423, -20.335296082565769 ], [ 67.947127049096565, -20.346886665400618 ], [ 67.970308214766263, -20.393248996740013 ], [ 67.912355300592012, -20.419810749069878 ], [ 67.916218828203625, -20.451201910914261 ], [ 67.985762325212733, -20.495149537496395 ], [ 68.066896405056667, -20.48211013180719 ], [ 68.092009334532179, -20.452650733768618 ], [ 68.086214043114751, -20.39711252435163 ], [ 68.110361090687348, -20.365721362507248 ], [ 68.176041060084827, -20.379243709147907 ], [ 68.241721029482306, -20.400493111011794 ], [ 68.317059817908827, -20.392766055788563 ], [ 68.376944495888878, -20.385039000565332 ], [ 68.460010339538627, -20.390834291982756 ], [ 68.543076183188376, -20.396629583400181 ], [ 68.602960861168441, -20.371516653924672 ], [ 68.649323192507836, -20.312114916896061 ], [ 68.722730217128543, -20.343023137788993 ], [ 68.81159135219572, -20.343023137788993 ], [ 68.942951290990663, -20.323705499730909 ], [ 69.03181242605784, -20.269616113168283 ], [ 69.078174757397235, -20.173027922877875 ], [ 69.159308837241184, -20.107347953480396 ], [ 69.275214665589672, -20.010759763189988 ], [ 69.252033499919975, -19.925762155734429 ], [ 69.259760555143203, -19.856218658725336 ], [ 69.274731724638215, -19.826759260686757 ], [ 69.24478938564819, -19.822895733075143 ], [ 69.182490002910882, -19.840764548278869 ], [ 69.153996486775213, -19.839315725424509 ], [ 69.136127671571487, -19.782811634104625 ], [ 69.074311229785621, -19.678496388590982 ], [ 69.136610612522944, -19.678979329542432 ], [ 69.177177652444911, -19.655798163872735 ], [ 69.20905175524075, -19.616197005853667 ], [ 69.221608219978492, -19.578527611640407 ], [ 69.223539983784306, -19.545687626941671 ], [ 69.266038787512088, -19.542789981232957 ], [ 69.271834078929515, -19.565971146902655 ], [ 69.305639945531155, -19.578527611640407 ], [ 69.305639945531155, -19.606538186824626 ], [ 69.322059937880525, -19.633582880105941 ], [ 69.347172867356022, -19.644207581037886 ], [ 69.381944615860576, -19.650968754358214 ], [ 69.413818718656415, -19.660627573387256 ], [ 69.465010459510324, -19.648071108649503 ], [ 69.468873987121938, -19.621992297271092 ], [ 69.492055152791636, -19.600742895407201 ], [ 69.508475145141006, -19.621026415368188 ], [ 69.530207487956346, -19.633582880105941 ], [ 69.579467465004456, -19.636480525814655 ], [ 69.623898032538051, -19.623924061076899 ], [ 69.630176264906922, -19.593740251611148 ], [ 69.658503427870613, -19.537569700020793 ], [ 69.741968765872727, -19.520876632420368 ], [ 69.808741036274427, -19.507522178340029 ], [ 69.838806755934201, -19.457550903301669 ], [ 69.808741036274427, -19.400686545697315 ], [ 69.802063809234255, -19.340591502335787 ], [ 69.822095490354769, -19.28717368601443 ], [ 69.868836079635955, -19.243771710253327 ], [ 69.858820239075698, -19.176999439851631 ], [ 69.825434103874855, -19.123581623530274 ], [ 69.855481625555612, -19.070163807208917 ], [ 69.892206374276554, -19.036777672008068 ], [ 69.922253895957311, -18.93328065288544 ], [ 69.902222214836797, -18.846476701363233 ], [ 69.858820239075698, -18.799736112082048 ], [ 69.832111330915026, -18.706254933519674 ], [ 69.882190533716297, -18.596080687356874 ], [ 69.898883601316712, -18.499260895274414 ], [ 69.902222214836797, -18.402441103191954 ], [ 69.845465784995355, -18.379070808551361 ], [ 69.832111330915026, -18.322314378709919 ], [ 69.857150932315648, -18.292266857029155 ], [ 69.905560828356869, -18.307290617869537 ], [ 69.925592509477397, -18.298109430689308 ], [ 69.932269736517569, -18.242187654227884 ], [ 69.995703393399182, -18.202124291986866 ], [ 70.019073688039754, -18.119910934054776 ], [ 70.022412301559839, -18.066493117733419 ], [ 70.060806357040818, -17.993043620291555 ], [ 70.104208332801917, -17.957988178330663 ], [ 70.140933081522846, -17.939625803970195 ], [ 70.137594468002774, -17.899562441729177 ], [ 70.105877639561967, -17.876192147088585 ], [ 70.097531105761746, -17.821105024007185 ], [ 70.149279615323067, -17.773947108035991 ], [ 70.149279615323067, -17.728875825514848 ], [ 70.127605444902528, -17.684191729569775 ], [ 70.077499424641246, -17.672119395673406 ], [ 70.07416081112116, -17.707174837634295 ], [ 70.044113289440389, -17.715521371434509 ], [ 69.995703393399168, -17.687143156513788 ], [ 69.972333098758568, -17.618701579352049 ], [ 69.97901032579874, -17.581976830631113 ], [ 70.00238062043934, -17.553598615710392 ], [ 69.992364779879082, -17.49517287910891 ], [ 69.963986564958361, -17.488078325378726 ], [ 69.937277656797676, -17.444676349617623 ], [ 69.968994485238483, -17.389589226536224 ], [ 70.007388540719461, -17.35787239809542 ], [ 70.027420221839975, -17.292769434453763 ], [ 70.027420221839975, -17.225997164052067 ], [ 69.972333098758568, -17.197201622441337 ], [ 69.905560828356869, -17.167154100760573 ], [ 69.907230135116919, -17.100381830358877 ], [ 69.967325178478447, -17.030270946437096 ], [ 70.007388540719461, -17.015247185596714 ], [ 70.065814277320939, -17.011908572076631 ], [ 70.080838038161332, -16.976853130115739 ], [ 70.104208332801917, -16.938459074634764 ], [ 70.13926377476281, -16.903403632673875 ], [ 70.187673670804045, -16.930112540834553 ], [ 70.269469702046123, -16.968506596315528 ], [ 70.362950880608494, -16.960160062515314 ], [ 70.423045923970022, -16.918427393514254 ], [ 70.485644927471611, -16.920096700274296 ], [ 70.545739970833139, -16.943466994914893 ], [ 70.615850854754925, -16.935120461114678 ], [ 70.669268671076281, -16.881702644793322 ], [ 70.709332033317295, -16.849985816352515 ], [ 70.766088463158738, -16.854993736632643 ], [ 70.826183506520266, -16.849985816352515 ], [ 70.896294390442051, -16.794898693271119 ], [ 70.954720127043529, -16.741480876949758 ], [ 71.014815170405058, -16.736472956669633 ], [ 71.061555759686243, -16.73480364990959 ], [ 71.1149735760076, -16.719779889069208 ], [ 71.1149735760076, -16.763181864830312 ], [ 71.091603281367014, -16.78989077299099 ], [ 71.089933974606964, -16.819938294671754 ], [ 71.038185465045657, -16.839969975792261 ], [ 70.998122102804643, -16.86667888395294 ], [ 70.969743887883922, -16.915088779994171 ], [ 71.001460716324715, -16.961829369275357 ], [ 70.993114182524508, -17.013577878836674 ], [ 70.943034979723237, -17.033609559957181 ], [ 70.928011218882858, -17.083688762758452 ], [ 70.924672605362773, -17.130429352039641 ], [ 70.919664685082637, -17.172162021040702 ], [ 70.961397354083701, -17.175500634560787 ], [ 71.023161704205279, -17.187185781881084 ], [ 71.041524078565743, -17.215563996801805 ], [ 71.023161704205279, -17.258965972562908 ], [ 71.018153783925143, -17.320730322684476 ], [ 71.008137943364886, -17.377486752525918 ], [ 70.988106262244386, -17.427565955327189 ], [ 71.013145863645022, -17.455944170247911 ], [ 71.0715716002465, -17.450936249967782 ], [ 71.146690404448407, -17.450936249967782 ], [ 71.216801288370192, -17.454274863487868 ], [ 71.271053758071574, -17.420888728287022 ], [ 71.316125040592723, -17.379156059285961 ], [ 71.307778506792516, -17.285674880723587 ], [ 71.336156721713238, -17.22057191708193 ], [ 71.386235924514509, -17.183847168360998 ], [ 71.432976513795694, -17.182177861600955 ], [ 71.496410170677308, -17.163815487240491 ], [ 71.509764624757636, -17.103720443878963 ], [ 71.549827986998665, -17.063657081637945 ], [ 71.604915110080057, -17.04696401403752 ], [ 71.654994312881328, -17.040286786997353 ], [ 71.668348766961671, -16.993546197716164 ], [ 71.644978472321071, -16.956821448995232 ], [ 71.626616097960607, -16.875025417753154 ], [ 71.648317085841157, -16.799906613551244 ], [ 71.686711141322149, -16.745654143849869 ], [ 71.741798264403556, -16.759008597930208 ], [ 71.810239841565291, -16.769024438490462 ], [ 71.858649737606527, -16.748992757369955 ], [ 71.878681418727027, -16.698913554568684 ], [ 71.861988351126598, -16.663858112607791 ], [ 71.855311124086441, -16.620456136846688 ], [ 71.890366566047319, -16.588739308405884 ], [ 71.960477449969105, -16.531982878564442 ], [ 71.975501210809483, -16.476895755483042 ], [ 72.050620015011404, -16.448517540562321 ], [ 72.122400205693225, -16.406784871561261 ], [ 72.172479408494496, -16.403446258041175 ], [ 72.19084178285496, -16.453525460842449 ], [ 72.227566531575889, -16.456864074362532 ], [ 72.271803160717027, -16.443092293592183 ], [ 72.270133853956978, -16.408036851631291 ], [ 72.318543749998213, -16.381327943470612 ], [ 72.376969486599691, -16.381327943470612 ], [ 72.422040769120841, -16.346272501509723 ], [ 72.463773438121905, -16.312886366308874 ], [ 72.48714373276249, -16.284508151388152 ], [ 72.478797198962283, -16.247783402667221 ], [ 72.450418984041562, -16.214397267466371 ], [ 72.458765517841769, -16.176003211985396 ], [ 72.46544274488194, -16.120916088903996 ], [ 72.527207095003519, -16.105892328063614 ], [ 72.57561699104474, -16.084191340183065 ], [ 72.625696193846011, -16.029104217101665 ], [ 72.612341739765668, -15.960662639939926 ], [ 72.627365500606061, -15.91559135741878 ], [ 72.662079558122826, -15.887651390168189 ], [ 72.683287277067492, -15.821275525476388 ], [ 72.760075388029449, -15.751164641554606 ], [ 72.823509044911063, -15.73947949423431 ], [ 72.823509044911063, -15.669368610312528 ], [ 72.866911020672163, -15.630974554831553 ], [ 72.911982303193312, -15.637651781871723 ], [ 72.982093187115083, -15.610942873711044 ], [ 73.06055060483709, -15.615950793991171 ], [ 73.130661488758861, -15.600927033150789 ], [ 73.159039703679582, -15.57254881823007 ], [ 73.144015942839204, -15.529146842468966 ], [ 73.167386237479803, -15.505776547828372 ], [ 73.24250504168171, -15.51746169514867 ], [ 73.305938698563324, -15.509115161348458 ], [ 73.359356514884681, -15.479067639667694 ], [ 73.347671367564374, -15.418972596306171 ], [ 73.260867416042174, -15.398940915185662 ], [ 73.274221870122517, -15.332168644783966 ], [ 73.297592164763103, -15.275412214942524 ], [ 73.357687208124631, -15.23201023918142 ], [ 73.457845613727173, -15.258719147342099 ], [ 73.524617884128872, -15.228671625661336 ], [ 73.55407670997333, -13.918782149927655 ], [ 73.316274933816501, -12.749590083823207 ], [ 72.860488196182558, -11.540764388359289 ], [ 72.239698398527565, -10.644724859029781 ], [ 71.514330338793215, -10.280914481243753 ], [ 70.649295137122408, -9.451922412975899 ], [ 69.645919650663572, -8.290119218128824 ], [ 69.622065835138329, -8.262499010678541 ], [ 69.137462653750333, -8.028554026532863 ], [ 69.115946015627458, -8.012905562443496 ], [ 69.070956681370532, -7.991388924320617 ], [ 69.024011289102432, -7.983564692275934 ], [ 68.977065896834333, -7.987476808298275 ], [ 68.939900794622076, -8.003125272387642 ], [ 68.904691750421009, -8.020729794488179 ], [ 68.863614532186418, -8.040290374599888 ], [ 68.808844907873635, -8.042246432611059 ], [ 68.769723747650218, -8.044202490622229 ], [ 68.718866239359784, -8.026597968521692 ], [ 68.677789021125193, -8.001169214376471 ], [ 68.615195164767727, -7.974273416722871 ], [ 68.581942178577819, -7.890162922242525 ], [ 68.52912861227621, -7.813876659806862 ], [ 68.460666581885221, -7.76106309350525 ], [ 68.405896957572438, -7.741502513393541 ], [ 68.321786463092096, -7.73954645538237 ], [ 68.255280490712281, -7.73954645538237 ], [ 68.190730576343654, -7.738568426376784 ], [ 68.118845444433219, -7.708494034455033 ], [ 68.075812168187454, -7.641010033069639 ], [ 68.062119762109191, -7.523646552399388 ], [ 67.995613789729376, -7.39063460763977 ], [ 67.913459353260208, -7.281095359014203 ], [ 67.901723005193176, -7.155907646299268 ], [ 67.897810889170842, -7.026807817561992 ], [ 67.831304916791026, -6.932917033025792 ], [ 67.729589900210144, -6.893795872802375 ], [ 67.663083927830343, -6.819465668377883 ], [ 67.577017375338826, -6.749047579975732 ], [ 67.528115925059623, -6.705036274724388 ], [ 67.402928212344676, -6.665915114500971 ], [ 67.336422239964875, -6.583760678031795 ], [ 67.281652615652092, -6.513342589629644 ], [ 67.230795107361644, -6.439012385205152 ], [ 67.179937599071209, -6.392066992937052 ], [ 67.093871046579693, -6.360770064758318 ], [ 67.035189306244561, -6.298176208400852 ], [ 67.023452958177543, -6.196461191819967 ], [ 66.96868333386476, -6.11039463932845 ], [ 66.88261678137323, -6.090834059216742 ], [ 66.879817212481598, -6.089649626224131 ], [ 66.780901764792347, -6.047800782970983 ], [ 66.655714052077414, -5.989119042635857 ], [ 66.76525330070298, -5.922613070256048 ], [ 66.866968317283863, -5.891316142077315 ], [ 66.972595449887095, -5.852194981853899 ], [ 67.089958930557344, -5.820898053675164 ], [ 67.203410295205259, -5.816985937652823 ], [ 67.320773775875509, -5.813073821630481 ], [ 67.352928104043386, -5.81521744350834 ], [ 67.438137256545758, -5.820898053675164 ], [ 67.539852273126641, -5.793513241518773 ], [ 67.641567289707524, -5.734831501183647 ], [ 67.711985378109674, -5.668325528803838 ], [ 67.82152462673524, -5.637028600625105 ], [ 67.907591179226756, -5.590083208357004 ], [ 68.005394079785304, -5.590083208357004 ], [ 68.111021212388536, -5.574434744267638 ], [ 68.220560461014102, -5.590083208357004 ], [ 68.310539129527953, -5.574434744267638 ], [ 68.396605682019469, -5.507928771887829 ], [ 68.474981130540158, -5.474429588245918 ], [ 68.517881278712039, -5.456093234591801 ], [ 68.611772063248239, -5.416972074368385 ], [ 68.725223427896154, -5.350466101988576 ], [ 68.846499024588752, -5.283960129608767 ], [ 68.913631445744727, -5.2595483400975 ], [ 68.975598853326019, -5.237014737340666 ], [ 69.089050217973934, -5.170508764960857 ], [ 69.175116770465451, -5.100090676558707 ], [ 69.304216599202732, -5.06096951633529 ], [ 69.433316427939999, -5.057057400312948 ], [ 69.554592024632598, -5.053145284290607 ], [ 69.699340317459232, -5.068793748379973 ], [ 69.828440146196513, -5.088354328491682 ], [ 69.981012671067845, -5.107914908603391 ], [ 70.102288267760429, -5.111827024625732 ], [ 70.243124444564728, -5.092266444514023 ], [ 70.37222427330201, -5.08444221246934 ], [ 70.481763521927576, -5.049233168268265 ], [ 70.583478538508459, -5.014024124067189 ], [ 70.693017787134025, -4.947518151687381 ], [ 70.845590312005356, -4.881012179307572 ], [ 70.986426488809627, -4.86438568621262 ], [ 71.185944405949058, -4.821352409966861 ], [ 71.307220002641657, -4.750934321564711 ], [ 71.471528875580006, -4.653131421006168 ], [ 71.577156008183223, -4.578801216581676 ], [ 71.70234372089817, -4.484910432045475 ], [ 71.804058737479053, -4.4027559955763 ], [ 71.897949522015253, -4.336250023196491 ], [ 71.991840306551452, -4.261919818771998 ], [ 72.089643207109987, -4.160204802191115 ], [ 72.19135822369087, -4.054577669587888 ], [ 72.293073240271767, -4.007632277319789 ], [ 72.469118461277134, -3.937214188917638 ], [ 72.645163682282515, -3.909829376761246 ], [ 72.774263511019782, -3.909829376761246 ], [ 72.883802759645363, -3.905917260738904 ], [ 73.032463168494345, -3.882444564604854 ], [ 73.216332621544396, -3.855059752448462 ], [ 73.329783986192311, -3.808114360180362 ], [ 73.419762654706147, -3.765081083934603 ], [ 73.548862483443429, -3.710311459621819 ], [ 73.658401732068995, -3.690750879510111 ], [ 73.767940980694561, -3.675102415420744 ], [ 73.854007533186078, -3.675102415420744 ], [ 73.936161969655245, -3.694662995532453 ], [ 74.037876986236142, -3.710311459621819 ], [ 74.159152582928726, -3.722047807688845 ], [ 74.280428179621325, -3.694662995532453 ], [ 74.413440124380941, -3.651629719286694 ], [ 74.534715721073525, -3.561651050772835 ], [ 74.632518621632073, -3.491232962370684 ], [ 74.742057870257639, -3.436463338057901 ], [ 74.890718279106622, -3.381693713745117 ], [ 75.004169643754537, -3.369957365678092 ], [ 75.125445240447121, -3.3895179457898 ], [ 75.207599676916303, -3.41299064192385 ], [ 75.324963157586552, -3.409078525901509 ], [ 75.430590290189784, -3.393430061812142 ], [ 75.512744726658951, -3.416902757946192 ], [ 75.6105476272175, -3.467760266236634 ], [ 75.712262643798383, -3.499057194415368 ], [ 75.845274588557999, -3.526442006571759 ], [ 75.964594127239394, -3.540134412649955 ], [ 76.101518188021345, -3.50492536844888 ], [ 76.218881668691594, -3.465804208225463 ] ] ], [ [ [ 57.511256029169424, -12.122643732648086 ], [ 57.4590984064126, -12.049236708027378 ], [ 57.389554909403508, -12.031850833775103 ], [ 57.31228435717118, -12.058895527056418 ], [ 57.227286749715624, -12.055031999444802 ], [ 57.13263032323102, -12.074349637502882 ], [ 57.047632715775464, -12.097530803172582 ], [ 56.966498635931522, -12.122643732648086 ], [ 56.929795123621162, -12.196050757268797 ], [ 56.976157454960564, -12.255935435248849 ], [ 56.976157454960564, -12.317751877034711 ], [ 56.947180997873438, -12.352523625539257 ], [ 56.887296319893387, -12.400817720684463 ], [ 56.95683981690248, -12.447180052023858 ], [ 57.051496243387078, -12.44524828821805 ], [ 57.144220906065868, -12.462634162470323 ], [ 57.223423222104003, -12.514791785227144 ], [ 57.337397286646684, -12.563085880372348 ], [ 57.461051250653654, -12.589610859234815 ], [ 57.602048928042407, -12.709899929613767 ], [ 57.625230093712105, -12.83353281318549 ], [ 57.667728897439886, -12.903076310194585 ], [ 57.706364173556047, -12.984210390038527 ], [ 57.677387716468921, -13.030572721377924 ], [ 57.654206550799223, -13.080798580328935 ], [ 57.689944181206677, -13.115570328833481 ], [ 57.741135922060593, -13.102047982192826 ], [ 57.808747655263879, -13.111706801221866 ], [ 57.827099411419056, -13.164347364930135 ], [ 57.869598215146837, -13.218436751492764 ], [ 58.101077918771082, -13.166547742591298 ], [ 58.322596827608848, -13.090940340309425 ], [ 58.183509833590662, -12.976966275766744 ], [ 58.13521573844546, -12.905491014951842 ], [ 58.113966336581569, -12.816629879884667 ], [ 58.100443989940914, -12.743222855263957 ], [ 58.096580462329293, -12.590613514605112 ], [ 58.071467532853788, -12.524450604256185 ], [ 57.951698176893686, -12.460702398664516 ], [ 57.826133529516149, -12.385363610237997 ], [ 57.744999449672207, -12.340933042704409 ], [ 57.644547731770182, -12.232754269579152 ], [ 57.511256029169424, -12.122643732648086 ] ] ], [ [ [ 65.011329005219608, -19.836176609240042 ], [ 64.961103146268599, -19.905720106249134 ], [ 64.891559649259506, -19.863221302521357 ], [ 64.84519731792011, -19.805268388347113 ], [ 64.75247265524132, -19.805268388347113 ], [ 64.655884464950901, -19.890265995802672 ], [ 64.578613912718581, -19.952082437588533 ], [ 64.489752777651404, -19.913447161472369 ], [ 64.381574004526144, -19.952082437588533 ], [ 64.288849341847353, -19.921174216695601 ], [ 64.261804648566041, -19.870948357744588 ], [ 64.199988206780176, -19.867084830132974 ], [ 64.172943513498865, -19.925037744307218 ], [ 64.087945906043302, -19.98685418609308 ], [ 63.96803240067905, -20.012531199207007 ], [ 63.902496580685728, -19.963673020423382 ], [ 63.817498973230165, -19.967536548034996 ], [ 63.747955476221073, -20.002308296539546 ], [ 63.66295786876551, -20.044807100267324 ], [ 63.562506150863491, -20.06026121071379 ], [ 63.508416764300861, -20.118214124888034 ], [ 63.512280291912475, -20.176167039062278 ], [ 63.581823788921568, -20.191621149508745 ], [ 63.608868482202887, -20.261164646517837 ], [ 63.57409673369834, -20.322981088303699 ], [ 63.512280291912475, -20.326844615915316 ], [ 63.496826181466012, -20.435023389040573 ], [ 63.431146212068533, -20.492976303214817 ], [ 63.450463850126617, -20.612745659174923 ], [ 63.473645015796315, -20.740242070358264 ], [ 63.469781488184694, -20.8677384815416 ], [ 63.450463850126617, -20.945009033773928 ], [ 63.400237991175601, -21.014552530783021 ], [ 63.462054432961466, -21.049324279287568 ], [ 63.450463850126617, -21.126594831519895 ], [ 63.508416764300861, -21.142048941966358 ], [ 63.473645015796315, -21.242500659868384 ], [ 63.496826181466012, -21.300453574042628 ], [ 63.624322592649349, -21.219319494198686 ], [ 63.693866089658442, -21.126594831519895 ], [ 63.744091948609459, -21.095686610626963 ], [ 63.682275506823594, -21.049324279287568 ], [ 63.682275506823594, -20.979780782278475 ], [ 63.775000169502384, -20.840693788260285 ], [ 63.716572646245226, -20.794850435223371 ], [ 63.728637838162989, -20.678425628572402 ], [ 63.793407571211119, -20.641180585291597 ], [ 63.832953083676628, -20.705470321853714 ], [ 63.933404801578654, -20.728651487523415 ], [ 63.925677746355426, -20.817512622590588 ], [ 64.033856519480679, -20.790467929309273 ], [ 64.080218850820074, -20.724787959911797 ], [ 64.180670568722107, -20.736378542746646 ], [ 64.277258759012511, -20.705470321853714 ], [ 64.366119894079688, -20.759559708416344 ], [ 64.37771047691453, -20.817512622590588 ], [ 64.323621090351907, -20.890919647211298 ], [ 64.393164587360999, -20.898646702434533 ], [ 64.493616305263018, -20.860011426318369 ], [ 64.567023329883739, -20.817512622590588 ], [ 64.690656213455455, -20.809785567367356 ], [ 64.802698514192329, -20.821376150202205 ], [ 64.887696121647892, -20.844557315871903 ], [ 64.941785508210515, -20.860011426318369 ], [ 64.949512563433743, -20.95273608899716 ], [ 64.887696121647892, -20.945009033773928 ], [ 64.833606735085255, -20.929554923327462 ], [ 64.825879679862027, -20.995234892724941 ], [ 64.876105538813036, -21.037733696452719 ], [ 64.852924373143338, -21.122731303908278 ], [ 64.876105538813036, -21.165230107636059 ], [ 64.957239618656985, -21.172957162859291 ], [ 64.999738422384766, -21.230910077033535 ], [ 65.104053667898398, -21.342952377770409 ], [ 65.173597164907491, -21.431813512837586 ], [ 65.208368913412045, -21.570900506855772 ], [ 65.301093576090835, -21.559309924020923 ], [ 65.316547686537305, -21.512947592681527 ], [ 65.39768176638124, -21.493629954623444 ], [ 65.339728852207003, -21.431813512837586 ], [ 65.266321827586282, -21.408632347167885 ], [ 65.266321827586282, -21.304317101654245 ], [ 65.316547686537305, -21.261818297926467 ], [ 65.304957103702449, -21.20386538375222 ], [ 65.25473124475144, -21.153639524801207 ], [ 65.177460692519105, -21.130458359131509 ], [ 65.173597164907491, -21.060914862122416 ], [ 65.181324220130733, -20.979780782278475 ], [ 65.200641858188803, -20.914100812880996 ], [ 65.25473124475144, -20.84842084348352 ], [ 65.301093576090835, -20.790467929309273 ], [ 65.289502993255979, -20.713197377076948 ], [ 65.231550079081742, -20.647517407679469 ], [ 65.200641858188803, -20.54320216216583 ], [ 65.177460692519105, -20.465931609933502 ], [ 65.119507778344868, -20.404115168147641 ], [ 65.030646643277692, -20.427296333817338 ], [ 64.957239618656985, -20.41570575098249 ], [ 65.015192532831222, -20.319117560692082 ], [ 65.073145447005473, -20.280482284575921 ], [ 65.080872502228701, -20.176167039062278 ], [ 65.123371305956482, -20.091169431606719 ], [ 65.077008974617087, -19.98685418609308 ], [ 65.057691336559003, -19.894129523414286 ], [ 65.073145447005473, -19.836176609240042 ], [ 65.011329005219608, -19.836176609240042 ] ] ], [ [ [ 64.493616305263018, -21.31252709782893 ], [ 64.489752777651404, -21.467068202293582 ], [ 64.504440801152668, -21.570310926083945 ], [ 64.567305739761125, -21.668100830585981 ], [ 64.613385661223134, -21.787740994057735 ], [ 64.597931550776664, -21.892056239571378 ], [ 64.659747992562529, -21.907510350017844 ], [ 64.779517348522631, -21.834103325397134 ], [ 64.779517348522631, -21.756832773164806 ], [ 64.72156443434838, -21.695016331378945 ], [ 64.694519741067069, -21.555929337360759 ], [ 64.659747992562529, -21.467068202293582 ], [ 64.636566826892832, -21.358889429168325 ], [ 64.570886857495353, -21.327981208275393 ], [ 64.493616305263018, -21.31252709782893 ] ] ], [ [ [ 75.788806133568897, -29.729698371962353 ], [ 76.184733478566613, -29.720085316459638 ], [ 76.399144916085078, -29.622625572133064 ], [ 76.964411433179194, -29.310754390288032 ], [ 77.432218205946739, -28.920915412981742 ], [ 77.576415883312819, -28.515361115600957 ], [ 77.510598145840646, -28.517993825099843 ], [ 77.471107503357359, -28.546953629587595 ], [ 77.426351441876278, -28.578546143574233 ], [ 77.355268285406353, -28.599607819565325 ], [ 77.284185128936414, -28.586444272070892 ], [ 77.231530938958684, -28.533790082093162 ], [ 77.170978620484291, -28.510095696603184 ], [ 77.081466497522158, -28.52062653459873 ], [ 77.013016050551101, -28.531157372594276 ], [ 76.949831022577825, -28.507462987104301 ], [ 76.907707670595642, -28.465339635122117 ], [ 76.89191141360233, -28.41795086414216 ], [ 76.828726385629054, -28.404787316647727 ], [ 76.726050715172477, -28.415318154643273 ], [ 76.633905882711446, -28.425848992638819 ], [ 76.594415240228145, -28.478503182616549 ], [ 76.535179276503172, -28.509026158369128 ], [ 76.398278382561116, -28.51272840610207 ], [ 76.287704583607891, -28.557484467583141 ], [ 76.198192460645743, -28.620669495556417 ], [ 76.137640142171364, -28.649629300044168 ], [ 76.084985952193634, -28.689119942527466 ], [ 76.021800924220358, -28.739141423006309 ], [ 75.945452348752639, -28.768101227494061 ], [ 75.88490003027826, -28.778632065489607 ], [ 75.865154709036602, -28.834577142340947 ], [ 75.883583675528811, -28.871435075325358 ], [ 75.917808899014332, -28.895129460815337 ], [ 75.944135994003204, -28.926721974801975 ], [ 75.957299541497633, -28.966212617285272 ], [ 75.938870575005424, -29.010968678766339 ], [ 75.867787418535499, -29.060990159245183 ], [ 75.809867809559989, -29.05572474024741 ], [ 75.754580910083376, -29.076786416238502 ], [ 75.746682781586713, -29.145236863209551 ], [ 75.730886524593402, -29.221585438677259 ], [ 75.749315491085596, -29.274239628654989 ], [ 75.812500519058872, -29.292668595147195 ], [ 75.828296776052198, -29.324261109133833 ], [ 75.783540714571132, -29.347955494623811 ], [ 75.730886524593402, -29.395344265603768 ], [ 75.670334206119009, -29.397976975102655 ], [ 75.626894499387319, -29.425867241356375 ], [ 75.620312725640161, -29.498019936060341 ], [ 75.620312725640161, -29.571735802029163 ], [ 75.620312725640161, -29.629655411004666 ], [ 75.662436077622345, -29.674411472485737 ], [ 75.701926720105646, -29.687575019980169 ], [ 75.736151943591167, -29.719167533966807 ], [ 75.788806133568897, -29.729698371962353 ] ] ], [ [ [ 63.446826987261801, -34.030809209577505 ], [ 63.246952419214111, -33.972984909510451 ], [ 63.130000726022224, -34.031460756106398 ], [ 63.110508777156909, -34.119174526000315 ], [ 63.110508777156909, -34.216634270326885 ], [ 63.164111636536525, -34.333585963518772 ], [ 63.246952419214111, -34.357950899600418 ], [ 63.339539176324358, -34.328712976302441 ], [ 63.451617882299914, -34.26049115527384 ], [ 63.581891141148041, -34.219070513479238 ], [ 63.700140230332671, -34.172777385379923 ], [ 63.843153923733659, -34.085502326810627 ], [ 63.843153923733659, -33.98404263107382 ], [ 63.88120130963496, -33.895265397304122 ], [ 63.919248695536261, -33.819170625501521 ], [ 63.995343467338863, -33.730393391731816 ], [ 64.096803163075663, -33.654298619929214 ], [ 64.109485625042765, -33.438696766488512 ], [ 64.08412070110856, -33.299189684850411 ], [ 64.012011412177699, -33.115339159436616 ], [ 63.893883771602063, -32.994810597640004 ], [ 63.713158688570886, -32.996395905385889 ], [ 63.57682222242456, -32.945666057517492 ], [ 63.462680064720658, -32.893350901903204 ], [ 63.361220368983851, -32.791891206166397 ], [ 63.335855445049653, -32.614336738626996 ], [ 63.209030825378647, -32.436782271087594 ], [ 63.031476357839246, -32.411417347153396 ], [ 62.828556966365646, -32.284592727482391 ], [ 62.714414808661743, -32.056308412074586 ], [ 62.625637574892039, -31.954848716337786 ], [ 62.524177879155239, -31.802659172732582 ], [ 62.579663650261303, -31.575960165070665 ], [ 62.714414808661743, -31.371455465851174 ], [ 62.910963243316452, -31.132410971851641 ], [ 63.077450282469982, -31.059149839911331 ], [ 63.128180130338386, -30.957690144174531 ], [ 63.098326309116089, -30.888993124976462 ], [ 63.043975188076068, -30.862474966310064 ], [ 63.032238840009043, -30.795968993930256 ], [ 63.016590375919677, -30.729463021550448 ], [ 63.043975188076068, -30.678605513260003 ], [ 63.080059205068842, -30.635268167407329 ], [ 63.024772305592222, -30.630002748409556 ], [ 62.964219987117836, -30.590512105926258 ], [ 62.924729344634535, -30.479938306973025 ], [ 62.95368914912229, -30.440447664489724 ], [ 62.974750825113382, -30.400957022006427 ], [ 62.961587277618946, -30.350935541527583 ], [ 62.929994763632308, -30.332506575035378 ], [ 62.885238702151241, -30.329873865536491 ], [ 62.835217221672394, -30.343037413030924 ], [ 62.772032193699111, -30.34567012252981 ], [ 62.695683618231406, -30.350935541527583 ], [ 62.63249859025813, -30.335139284534264 ], [ 62.565364498036523, -30.323950269163984 ], [ 62.528506565052112, -30.276561498184027 ], [ 62.486383213069928, -30.244968984197389 ], [ 62.475852375074382, -30.184416665722996 ], [ 62.433729023092198, -30.184416665722996 ], [ 62.375809414116695, -30.189682084720769 ], [ 62.309991676644529, -30.200212922716315 ], [ 62.265235615163462, -30.216009179709637 ], [ 62.233643101176817, -30.2818269171818 ], [ 62.183621620697977, -30.347644654653962 ], [ 62.178356201700197, -30.2818269171818 ], [ 62.165192654205768, -30.22127459870741 ], [ 62.144130978214676, -30.17388582772745 ], [ 62.075680531243627, -30.194947503718542 ], [ 62.02829176026367, -30.17388582772745 ], [ 61.967739441789277, -30.176518537226336 ], [ 61.896656285319345, -30.202845632215205 ], [ 61.833471257346069, -30.266030660188481 ], [ 61.830838547847179, -30.392400716135032 ], [ 61.831996265146927, -30.483005755294606 ], [ 61.772918938871676, -30.461509340480802 ], [ 61.737377360636707, -30.411487860001959 ], [ 61.718948394144505, -30.353568251026456 ], [ 61.713682975146732, -30.295648642050953 ], [ 61.69262129915564, -30.271954256560974 ], [ 61.645232528175676, -30.266688837563201 ], [ 61.618905433186811, -30.308812189545385 ], [ 61.655763366171222, -30.377262636516434 ], [ 61.682090461160087, -30.44044766448971 ], [ 61.695254008654523, -30.498367273465217 ], [ 61.703152137151186, -30.561552301438493 ], [ 61.708417556148959, -30.648431714901747 ], [ 61.663661494667885, -30.616839200915109 ], [ 61.624170852184584, -30.572083139434039 ], [ 61.616272723687928, -30.500999982964103 ], [ 61.58468020970129, -30.432549535993051 ], [ 61.542556857719106, -30.393058893509753 ], [ 61.505698924734695, -30.33513928453425 ], [ 61.400390544779228, -30.34303741303091 ], [ 61.350369064300388, -30.451636679859973 ], [ 61.26348965083713, -30.485861903345498 ], [ 61.229264427351602, -30.533250674325458 ], [ 61.195039203866081, -30.638559054280918 ], [ 61.171344818376099, -30.749132853234155 ], [ 61.094996242908394, -30.825481428701863 ], [ 61.063403728921756, -30.962382322643961 ], [ 60.981789734456271, -31.030832769615014 ], [ 61.021280376939572, -31.109814054581609 ], [ 60.958095348966289, -31.171024550430719 ], [ 60.921237415981878, -31.244740416399541 ], [ 60.94229909197297, -31.31582357286948 ], [ 61.068669147919529, -31.381641310341642 ], [ 61.10289437140505, -31.447459047813805 ], [ 61.118690628398369, -31.523807623281517 ], [ 61.15554856138278, -31.584359941755906 ], [ 61.221366298854946, -31.610687036744771 ], [ 61.226631717852719, -31.660708517223615 ], [ 61.287435094044646, -31.672282982934796 ], [ 61.338292602335088, -31.687931447024162 ], [ 61.373501646536162, -31.691843563046504 ], [ 61.428271270848946, -31.687931447024162 ], [ 61.447831850960654, -31.640986054756063 ], [ 61.459568199027679, -31.578392198398593 ], [ 61.518249939362804, -31.554919502264543 ], [ 61.573019563675587, -31.570567966353909 ], [ 61.608228607876661, -31.597952778510304 ], [ 61.65908611616711, -31.629249706689038 ], [ 61.70603150843521, -31.633161822711379 ], [ 61.749064784680968, -31.590128546465621 ], [ 61.893225396292017, -31.633823897795562 ], [ 61.982002630061714, -31.443586968289058 ], [ 62.00736755399592, -31.291397424683854 ], [ 62.108827249732713, -31.26523984687671 ], [ 62.24833433137082, -31.309628463761563 ], [ 62.333940949648742, -31.322310925728662 ], [ 62.368817720058267, -31.382552620072389 ], [ 62.378329566533594, -31.442794314416115 ], [ 62.349794027107627, -31.494316816157458 ], [ 62.24833433137082, -31.633823897795562 ], [ 62.21028694546952, -31.824060827302066 ], [ 62.235651869403725, -32.06502760467697 ], [ 62.324429103173422, -32.153804838446668 ], [ 62.413206336943126, -32.242582072216372 ], [ 62.533689725630587, -32.661103317130681 ], [ 62.64783188333449, -32.876705170571384 ], [ 62.914163584643596, -32.927435018439787 ], [ 63.117082976117196, -33.04157717614369 ], [ 63.3073199056237, -33.181084257781791 ], [ 63.510239297097307, -33.231814105650187 ], [ 63.611698992834107, -33.295226415485693 ], [ 63.700476226603811, -33.384003649255391 ], [ 63.700476226603811, -33.523510730893499 ], [ 63.586334068899909, -33.650335350564497 ], [ 63.560969144965703, -33.8025248941697 ], [ 63.446826987261801, -34.030809209577505 ] ] ], [ [ [ 58.040065958137916, -32.072727553799403 ], [ 58.074291181623437, -32.156974257763778 ], [ 58.034800539140143, -32.225424704734827 ], [ 58.005840734652388, -32.257017218721465 ], [ 57.982146349162406, -32.309671408699195 ], [ 57.950553835175768, -32.357060179679152 ], [ 57.905797773694701, -32.399183531661336 ], [ 57.871572550209173, -32.436041464645747 ], [ 57.811020231734787, -32.467633978632385 ], [ 57.763631460754823, -32.509757330614569 ], [ 57.737304365765958, -32.565044230091189 ], [ 57.710977270777093, -32.609800291572263 ], [ 57.750467913260394, -32.638760096060011 ], [ 57.818918360231443, -32.649290934055557 ], [ 57.871572550209173, -32.65455635305333 ], [ 57.908430483193584, -32.688781576538858 ], [ 58.000575315654615, -32.686148867039968 ], [ 58.009211822574969, -32.734840117984042 ], [ 57.979513639663523, -32.770395571004336 ], [ 57.934757578182449, -32.786191827997655 ], [ 57.91896132118913, -32.852009565469821 ], [ 57.874205259708063, -32.875703950959803 ], [ 57.858409002714744, -32.925725431438643 ], [ 57.821551069730333, -32.952052526427508 ], [ 57.800489393739241, -32.994175878409692 ], [ 57.797856684240351, -33.046830068387429 ], [ 57.871572550209173, -33.062626325380748 ], [ 57.926859449685793, -33.067891744378521 ], [ 58.033659298700478, -33.091074770098651 ], [ 58.090087438616756, -33.125811353354024 ], [ 58.18749769007556, -33.13634219134957 ], [ 58.255948137046609, -33.110015096360705 ], [ 58.361256517002069, -33.131076772351797 ], [ 58.532382634429695, -33.115280515358478 ], [ 58.608731209897407, -33.117913224857361 ], [ 58.627160176389609, -33.036299230391876 ], [ 58.742999394340622, -32.999441297407465 ], [ 58.777224617826143, -32.949419816928625 ], [ 58.671916237870683, -32.92309272193976 ], [ 58.650854561879591, -32.844111436973165 ], [ 58.642956433382928, -32.783559118498772 ], [ 58.571215099538271, -32.779280965563075 ], [ 58.572531454287713, -32.750979338450044 ], [ 58.615312983644621, -32.733866726707284 ], [ 58.640897137589938, -32.710392641858554 ], [ 58.701205131045796, -32.681541625416926 ], [ 58.768339223267404, -32.692072463412472 ], [ 58.840738734486784, -32.680225270667478 ], [ 58.88417844121841, -32.632836499687521 ], [ 58.932883566947815, -32.605193049949214 ], [ 58.996068594921091, -32.574916890712018 ], [ 59.036875592153834, -32.547273440973711 ], [ 59.113224167621539, -32.532793538729834 ], [ 59.186940033590368, -32.544640731474821 ], [ 59.238936046193373, -32.531148095293027 ], [ 59.258681367435024, -32.470595776818634 ], [ 59.224456143949496, -32.413992522592572 ], [ 59.246834174690036, -32.352123849368738 ], [ 59.256048657936134, -32.306051433138229 ], [ 59.259997722184465, -32.262611726406597 ], [ 59.229721562947269, -32.206008472180535 ], [ 59.229721562947269, -32.173099603444456 ], [ 59.228405208197827, -32.133608960961155 ], [ 59.215241660703398, -32.095434673227302 ], [ 59.141525794734569, -32.095434673227302 ], [ 59.123096828242367, -32.120445413466726 ], [ 59.132311311488472, -32.146772508455591 ], [ 59.119147763994036, -32.170466893945573 ], [ 59.066493574016306, -32.17968137719167 ], [ 59.02552833007838, -32.162070677329218 ], [ 59.027002931533005, -32.12702718721394 ], [ 58.973032386805833, -32.098067382726192 ], [ 58.884836618593134, -32.079638416233983 ], [ 58.867065829475649, -32.038502330313882 ], [ 58.814411639497919, -31.999011687830585 ], [ 58.701205131045796, -31.968735528593388 ], [ 58.613009362833097, -31.908183210118995 ], [ 58.555089753857594, -31.954255626349511 ], [ 58.418188859915496, -31.939775724105637 ], [ 58.314618555347714, -31.96684073952915 ], [ 58.195724907259581, -32.01744065432279 ], [ 58.076923891122327, -32.020073363821673 ], [ 58.040065958137916, -32.072727553799403 ] ] ] ] } },
{ "type": "Feature", "properties": { "id": 79, "name": "Golden Head", "type": "shore", "size": 2 }, "geometry": { "type": "MultiPolygon", "coordinates": [ [ [ [ 35.165236992988241, -33.009896772298475 ], [ 35.197219030401705, -33.039213639927482 ], [ 35.27717412393536, -33.025887791005204 ], [ 35.30382582177991, -33.009896772298475 ], [ 35.354464047684559, -33.023222621220746 ], [ 35.386446085098022, -33.057869828418667 ], [ 35.466401178631671, -33.057869828418667 ], [ 35.541025932596419, -33.073860847125395 ], [ 35.612985516776703, -33.100512544969945 ], [ 35.64230238440571, -33.135159752167866 ], [ 35.652963063543531, -33.17780246871915 ], [ 35.64230238440571, -33.244431713330528 ], [ 35.644967554190167, -33.300400278804084 ], [ 35.636972044836803, -33.340377825570911 ], [ 35.636972044836803, -33.383020542122189 ], [ 35.628976535483439, -33.428328428457931 ], [ 35.727587817508265, -33.500954305084328 ], [ 35.823533929748649, -33.548927361204527 ], [ 35.924810381557947, -33.602230756893626 ], [ 35.956792418971411, -33.580909398617983 ], [ 36.04740819164288, -33.591570077755804 ], [ 36.074059889487437, -33.639543133875996 ], [ 36.122032945607629, -33.666194831720546 ], [ 36.17000600172782, -33.714167887840745 ], [ 36.223309397416919, -33.762140943960937 ], [ 36.271282453537111, -33.847426377063499 ], [ 36.297934151381661, -33.906060112321512 ], [ 36.265952113968204, -33.975354526717346 ], [ 36.265952113968204, -34.055309620250995 ], [ 36.324585849226217, -34.081961318095551 ], [ 36.329916188795124, -34.167246751198114 ], [ 36.393880263622052, -34.231210826025034 ], [ 36.399210603190959, -34.28451422171414 ], [ 36.4738353571557, -34.353808636109974 ], [ 36.564451129827177, -34.273853542576319 ], [ 36.612424185947368, -34.257862523869584 ], [ 36.681718600343203, -34.337817617403239 ], [ 36.745682675170123, -34.353808636109974 ], [ 36.798986070859229, -34.433763729643623 ], [ 36.894932183099613, -34.444424408781444 ], [ 36.932244560081983, -34.508388483608371 ], [ 36.894932183099613, -34.577682898004205 ], [ 36.894932183099613, -34.641646972831126 ], [ 36.969556937064354, -34.716271726795867 ], [ 36.958896257926533, -34.780235801622794 ], [ 36.958896257926533, -34.817548178605165 ], [ 37.028190672322367, -34.812217839036251 ], [ 37.118806444993844, -34.806887499467344 ], [ 37.214752557234227, -34.806887499467344 ], [ 37.294707650767883, -34.806887499467344 ], [ 37.358671725594803, -34.796226820329522 ], [ 37.369332404732624, -34.77490546205388 ], [ 37.454617837835187, -34.77490546205388 ], [ 37.529242591799935, -34.742923424640416 ], [ 37.539903270937749, -34.668298670675675 ], [ 37.63584938317814, -34.673629010244589 ], [ 37.69981345800506, -34.700280708089139 ], [ 37.737125834987431, -34.748253764209331 ], [ 37.843732626365636, -34.737593085071509 ], [ 37.918357380330377, -34.689620028951317 ], [ 37.950339417743841, -34.625655954124397 ], [ 38.030294511277496, -34.668298670675675 ], [ 38.12624062351788, -34.700280708089139 ], [ 38.1902046983448, -34.678959349813496 ], [ 38.296811489723005, -34.673629010244589 ], [ 38.360775564549932, -34.614995274986576 ], [ 38.360775564549932, -34.56169187929747 ], [ 38.371436243687754, -34.524379502315099 ], [ 38.435400318514674, -34.471076106626001 ], [ 38.462052016359223, -34.396451352661252 ], [ 38.520685751617236, -34.359138975678881 ], [ 38.520685751617236, -34.279183882145226 ], [ 38.5526677890307, -34.225880486456127 ], [ 38.643283561702177, -34.215219807318306 ], [ 38.669935259546726, -34.177907430335935 ], [ 38.70191729696019, -34.199228788611578 ], [ 38.723238655235832, -34.268523203007405 ], [ 38.70191729696019, -34.34847829654106 ], [ 38.707247636529097, -34.412442371367987 ], [ 38.73922967394256, -34.460415427488179 ], [ 38.744560013511467, -34.519049162746192 ], [ 38.680595938684547, -34.567022218866384 ], [ 38.643283561702177, -34.630986293693304 ], [ 38.643283561702177, -34.68428968938241 ], [ 38.675265599115633, -34.705611047658046 ], [ 38.744560013511467, -34.732262745502602 ], [ 38.749890353080382, -34.780235801622794 ], [ 38.717908315666918, -34.822878518174072 ], [ 38.70191729696019, -34.870851574294264 ], [ 38.707247636529097, -34.918824630414456 ], [ 38.664604919977819, -35.030761761361575 ], [ 38.616631863857627, -35.078734817481767 ], [ 38.563328468168521, -35.100056175757409 ], [ 38.462052016359223, -35.094725836188495 ], [ 38.424739639376853, -35.142698892308687 ], [ 38.371436243687754, -35.206662967135614 ], [ 38.33945420627429, -35.259966362824713 ], [ 38.270159791878456, -35.318600098082726 ], [ 38.243508094033906, -35.371903493771832 ], [ 38.200865377482621, -35.398555191616381 ], [ 38.110249604811152, -35.419876549892024 ], [ 38.024964171708582, -35.45185858730548 ], [ 37.929018059468198, -35.478510285150037 ], [ 37.838402286796729, -35.446528247736573 ], [ 37.737125834987431, -35.425206889460931 ], [ 37.683822439298332, -35.446528247736573 ], [ 37.641179722747047, -35.542474359976957 ], [ 37.566554968782306, -35.547804699545871 ], [ 37.459948177404101, -35.510492322563493 ], [ 37.411975121283909, -35.515822662132408 ], [ 37.353341386025896, -35.574456397390421 ], [ 37.326689688181339, -35.617099113941698 ], [ 37.294707650767883, -35.670402509630804 ], [ 37.193431198958585, -35.697054207475354 ], [ 37.11347610542493, -35.697054207475354 ], [ 37.054842370166917, -35.659741830492983 ], [ 37.006869314046725, -35.611768774372791 ], [ 36.921583880944162, -35.606438434803877 ], [ 36.80964674999705, -35.590447416097149 ], [ 36.713700637756666, -35.579786736959328 ], [ 36.59643316724064, -35.590447416097149 ], [ 36.484496036293521, -35.585117076528242 ], [ 36.38321958448423, -35.53714402040805 ], [ 36.329916188795124, -35.494501303856765 ], [ 36.265952113968204, -35.45185858730548 ], [ 36.207318378710191, -35.45185858730548 ], [ 36.138023964314357, -35.457188926874394 ], [ 36.04740819164288, -35.467849606012216 ], [ 35.967453098109232, -35.467849606012216 ], [ 35.892828344144483, -35.446528247736573 ], [ 35.807542911041921, -35.446528247736573 ], [ 35.748909175783908, -35.398555191616381 ], [ 35.652963063543524, -35.398555191616381 ], [ 35.599659667854418, -35.371903493771832 ], [ 35.599659667854418, -35.32393043765164 ], [ 35.573007970009868, -35.254636023255806 ], [ 35.599659667854418, -35.206662967135614 ], [ 35.668954082250252, -35.158689911015422 ], [ 35.636972044836796, -35.11071685489523 ], [ 35.610320346992239, -35.036092100930482 ], [ 35.535695593027498, -34.982788705241383 ], [ 35.477061857769485, -34.982788705241383 ], [ 35.423758462080386, -35.057413459206124 ], [ 35.349133708115637, -35.014770742654839 ], [ 35.327812349839888, -34.949474082935694 ], [ 35.269178614581875, -34.906831366384409 ], [ 35.215875218892776, -34.864188649833125 ], [ 35.135920125359121, -34.864188649833125 ], [ 35.045304352687644, -34.864188649833125 ], [ 34.965349259153989, -34.837536951988575 ], [ 34.917376203033797, -34.805554914575119 ], [ 34.890724505189247, -34.746921179317106 ], [ 34.880063826051426, -34.661635746214536 ], [ 34.800108732517771, -34.650975067076715 ], [ 34.714823299415208, -34.629653708801079 ], [ 34.624207526743739, -34.603002010956523 ], [ 34.581564810192454, -34.539037936129603 ], [ 34.538922093641169, -34.469743521733768 ], [ 34.565573791485726, -34.384458088631206 ], [ 34.576234470623547, -34.320494013804286 ], [ 34.624207526743739, -34.261860278546273 ], [ 34.608216508037003, -34.197896203719345 ], [ 34.560243451916811, -34.192565864150438 ], [ 34.48561869795207, -34.235208580701716 ], [ 34.410993943987329, -34.229878241132809 ], [ 34.29905681304021, -34.229878241132809 ], [ 34.261744436057839, -34.139262468461332 ], [ 34.256414096488932, -34.059307374927677 ], [ 34.187119682093098, -34.059307374927677 ], [ 34.083178060499343, -34.021994997945306 ], [ 34.040535343948065, -33.947370243980565 ], [ 33.960580250414409, -33.947370243980565 ], [ 34.320770232673702, -33.819294849773293 ], [ 34.515689721326844, -33.721835105446722 ], [ 34.730101158845308, -33.565899514524212 ], [ 34.934766621931104, -33.419709898034348 ], [ 35.110194161718937, -33.234536383813861 ], [ 35.165236992988241, -33.009896772298475 ] ] ] ] } },
{ "type": "Feature", "properties": { "id": 80, "name": "Red Flower Vale", "type": "vale", "size": 2 }, "geometry": { "type": "MultiPolygon", "coordinates": [ [ [ [ 34.825427845470209, -31.81123666173978 ], [ 34.462086861947235, -32.055273477462343 ], [ 33.926058268151088, -32.279430889413455 ], [ 33.477743444248851, -32.318414787144086 ], [ 33.097650441375222, -32.386636608172687 ], [ 32.80527120839551, -32.406128557038002 ], [ 32.483654052117821, -32.659523892287091 ], [ 32.181528844705447, -32.864189355372886 ], [ 31.859911688427758, -33.01037897186275 ], [ 31.67473817420727, -33.370980025871063 ], [ 31.655246225341955, -33.731581079879383 ], [ 31.937879483889017, -33.829040824205954 ], [ 32.233791632600557, -33.771397446259471 ], [ 32.947196961071072, -33.662404965520921 ], [ 33.383166884025272, -33.394877967344485 ], [ 33.974788140314374, -33.312504179275123 ], [ 34.501070759677859, -33.117584690621975 ], [ 35.165236992988241, -33.009896772298475 ], [ 35.159906653419334, -32.956593376609369 ], [ 35.202549369970619, -32.937937188118184 ], [ 35.237196577168532, -32.900624811135813 ], [ 35.282504463504267, -32.857982094584528 ], [ 35.359794387253466, -32.863312434153443 ], [ 35.410432613158115, -32.836660736308893 ], [ 35.407767443373658, -32.78069217083533 ], [ 35.423758462080393, -32.748710133421874 ], [ 35.439749480787121, -32.727388775146231 ], [ 35.431753971433757, -32.679415719026039 ], [ 35.389111254882472, -32.663424700319311 ], [ 35.319816840486638, -32.607456134845748 ], [ 35.301160651995453, -32.572808927647834 ], [ 35.237196577168532, -32.543492060018828 ], [ 35.207879709539526, -32.508844852820907 ], [ 35.146580804497056, -32.473531353176881 ], [ 35.146580804497056, -32.441549315763417 ], [ 35.109268427514685, -32.409567278349954 ], [ 35.061295371394493, -32.390911089858768 ], [ 35.02931333398103, -32.340272863954127 ], [ 35.021317824627666, -32.294964977618385 ], [ 35.02664816419658, -32.268313279773835 ], [ 35.018652654843208, -32.220340223653643 ], [ 35.02664816419658, -32.193688525809094 ], [ 35.06396054117895, -32.18835818624018 ], [ 35.111933597299142, -32.196353695593544 ], [ 35.111933597299142, -32.156376148826723 ], [ 35.101272918161321, -32.129724450982167 ], [ 35.117263936868049, -32.087081734430889 ], [ 35.111933597299142, -32.047104187664061 ], [ 35.0906122390235, -32.031113168957326 ], [ 35.093277408807957, -31.993800791974959 ], [ 35.055965031825586, -31.969814263914863 ], [ 34.981340277860838, -31.967149094130406 ], [ 34.929369467063964, -31.928504132255807 ], [ 34.868070562021494, -31.893856925057889 ], [ 34.865405392237037, -31.843218699153244 ], [ 34.825427845470209, -31.81123666173978 ] ] ] ] } },
{ "type": "Feature", "properties": { "id": 81, "name": "Sweet Lotus Vale", "type": "vale", "size": 2 }, "geometry": { "type": "MultiPolygon", "coordinates": [ [ [ [ 30.69041692488797, -36.755126611904039 ], [ 30.52958617837005, -36.709585392458187 ], [ 30.398015523529178, -36.709585392458187 ], [ 30.305428766418935, -36.665728507511233 ], [ 30.227460970957676, -36.602379673698962 ], [ 30.164112137145402, -36.543903827103016 ], [ 30.159239149929075, -36.446444082776445 ], [ 30.081271354467816, -36.353857325666205 ], [ 30.042287456737188, -36.217413683609003 ], [ 29.99843057179023, -36.027367182172185 ], [ 29.949700699626945, -35.890923540114983 ], [ 29.949700699626945, -35.783717821355758 ], [ 29.959446674059603, -35.652147166514887 ], [ 30.056906418386173, -35.56443339662097 ], [ 30.17385811157806, -35.486465601159708 ], [ 30.261571881471976, -35.27388153384738 ], [ 30.300555779202604, -35.020486198598292 ], [ 30.309083506831165, -34.769669485751187 ], [ 30.125128239414774, -34.708615016753264 ], [ 29.949700699626945, -34.79632878664718 ], [ 29.823003032002401, -34.932772428704382 ], [ 29.618337568916601, -35.234897636116756 ], [ 29.540369773455343, -35.585752715692415 ], [ 29.530623799022685, -36.05355948845996 ], [ 29.676813415512544, -36.540858210092821 ], [ 29.881478878598344, -36.940443161831766 ], [ 30.134874213847432, -37.330282139138056 ], [ 30.269320098944061, -37.442740416293461 ], [ 30.322623494633163, -37.40542803931109 ], [ 30.391917909028997, -37.40542803931109 ], [ 30.434560625580279, -37.480052793275831 ], [ 30.498524700407202, -37.496043811982567 ], [ 30.557158435665215, -37.448070755862375 ], [ 30.589140473078675, -37.389437020604362 ], [ 30.615792170923228, -37.293490908363978 ], [ 30.669095566612331, -37.213535814830323 ], [ 30.733059641439255, -37.133580721296667 ], [ 30.765041678852715, -36.989661552936091 ], [ 30.786363037128357, -36.888385101126794 ], [ 30.754380999714893, -36.856403063713337 ], [ 30.701077604025791, -36.819090686730966 ], [ 30.69041692488797, -36.755126611904039 ] ] ] ] } },
{ "type": "Feature", "properties": { "id": 86, "name": "The Shadow Lands", "type": "region", "size": 4 }, "geometry": { "type": "MultiPolygon", "coordinates": [ [ [ [ 113.942665212101346, -23.41842581155796 ], [ 113.989026084220328, -23.474593791240572 ], [ 114.08174782845829, -23.528978660457067 ], [ 114.163770909899554, -23.5575084279149 ], [ 114.224396665747463, -23.611001741898338 ], [ 114.22707133144695, -23.652013282618928 ], [ 114.235095328544148, -23.732253253594134 ], [ 114.242227770408604, -23.80357767223872 ], [ 114.210131782018536, -23.839239881561014 ], [ 114.142373584306185, -23.785746567577572 ], [ 114.078181607526062, -23.764349241984199 ], [ 114.042519398203765, -23.84637232342547 ], [ 114.067482944729363, -23.935527846731201 ], [ 114.056784281932678, -24.021117149104704 ], [ 114.010423409813697, -24.071044242155914 ], [ 113.907003002779049, -24.09244156774929 ], [ 113.775052828286576, -24.117405114274895 ], [ 113.778619049218804, -24.188729532919478 ], [ 113.746523060828736, -24.224391742241771 ], [ 113.828546142270014, -24.277885056225212 ], [ 113.903436781846821, -24.295716160886357 ], [ 113.924834107440205, -24.388437905124317 ], [ 113.928400328372433, -24.470460986565591 ], [ 113.867774572524525, -24.538219184277946 ], [ 113.91146077894463, -24.582796945930767 ], [ 114.010423409813697, -24.598844940125844 ], [ 114.072832276127713, -24.589929387795269 ], [ 114.090663380788854, -24.511472527286227 ], [ 114.129891811043379, -24.515038748218455 ], [ 114.144156694772292, -24.607760492456418 ], [ 114.204782450620201, -24.618459155253102 ], [ 114.247577101806939, -24.661253806439856 ], [ 114.290371752993693, -24.775372876271192 ], [ 114.361696171638286, -24.800336422796796 ], [ 114.42232192748618, -24.768240434406732 ], [ 114.454417915876249, -24.83599863211909 ], [ 114.429454369350637, -24.971515027543802 ], [ 114.418755706553952, -25.082067876442906 ], [ 114.350997508841601, -25.164090957884181 ], [ 114.341190401278283, -25.235415376528739 ], [ 114.404490822825039, -25.238981597460995 ], [ 114.515043671724143, -25.279101582948549 ], [ 114.536440997317513, -25.414617978373261 ], [ 114.536440997317513, -25.535869490069057 ], [ 114.50077878799523, -25.575989475556632 ], [ 114.457984136808477, -25.55994148136163 ], [ 114.456201026342356, -25.613434795345039 ], [ 114.433020590282865, -25.681192993057422 ], [ 114.490080125198531, -25.725770754710261 ], [ 114.538224107783634, -25.779264068693699 ], [ 114.56675387524146, -25.843456045473825 ], [ 114.547139660114198, -25.927262237381214 ], [ 114.490080125198531, -26.012851539754713 ], [ 114.418755706553952, -26.07347729560264 ], [ 114.424105037952287, -26.129645275285228 ], [ 114.413406375155603, -26.159512375592644 ], [ 114.479381462401847, -26.20052391631328 ], [ 114.536440997317513, -26.229499461387647 ], [ 114.588151200834844, -26.186704810200894 ], [ 114.625596520623247, -26.209885246260384 ], [ 114.648776956682738, -26.284775885837199 ], [ 114.63986140435216, -26.357883414947899 ], [ 114.609548526428213, -26.413159839397451 ], [ 114.591717421767072, -26.48983358944038 ], [ 114.618464078758791, -26.555808676686624 ], [ 114.63986140435216, -26.618217543000636 ], [ 114.630945852021597, -26.677060188382416 ], [ 114.56675387524146, -26.714505508170824 ], [ 114.559621433377004, -26.802769476243501 ], [ 114.531091665919178, -26.902623662345921 ], [ 114.490080125198531, -26.991779185651652 ], [ 114.42232192748618, -27.050621831033435 ], [ 114.35456372977383, -27.055971162431778 ], [ 114.274323758798673, -27.06845293569458 ], [ 114.186951345959045, -27.066669825228466 ], [ 114.165554020365676, -27.095199592686303 ], [ 114.161987799433447, -27.187921336924262 ], [ 114.122759369178922, -27.257462645102734 ], [ 114.056784281932678, -27.294907964891138 ], [ 113.985459863288099, -27.335919505611777 ], [ 113.914135444643506, -27.350184389340694 ], [ 113.825871476571123, -27.353750610272936 ], [ 113.834787028901417, -27.401003037624964 ], [ 113.866883017291471, -27.42240036321834 ], [ 113.890063453350962, -27.459845683006748 ], [ 113.861533685893136, -27.518688328388528 ], [ 113.775944383519629, -27.602494520295917 ], [ 113.775944383519629, -27.625674956355407 ], [ 113.825871476570839, -27.65420472381324 ], [ 113.850835023096437, -27.680951380804959 ], [ 113.866883017291471, -27.732661584322283 ], [ 113.865099906825364, -27.787938008771839 ], [ 113.919484776041855, -27.738010915720629 ], [ 113.933749659770768, -27.695216264533876 ], [ 113.951580764431924, -27.652421613347126 ], [ 113.997941636550905, -27.641722950550438 ], [ 114.051434950534343, -27.663120276143815 ], [ 114.085314049390519, -27.682734491271074 ], [ 114.149506026170641, -27.679168270338845 ], [ 114.199433119221851, -27.673818938940503 ], [ 114.240444659942483, -27.71126425872891 ], [ 114.25470954367141, -27.75405890991566 ], [ 114.317118409985412, -27.779022456441265 ], [ 114.390225939096112, -27.775456235509036 ], [ 114.412514819922549, -27.727758030540471 ], [ 114.417864151320899, -27.676047827023147 ], [ 114.423213482719234, -27.63147006537028 ], [ 114.455309471109302, -27.590458524649645 ], [ 114.510585895558847, -27.574410530454614 ], [ 114.542681883948916, -27.542314542064549 ], [ 114.567645430474528, -27.479905675750537 ], [ 114.596175197932354, -27.529832768801747 ], [ 114.651451622381913, -27.542314542064549 ], [ 114.694246273568666, -27.540531431598435 ], [ 114.733474703823177, -27.55836253625958 ], [ 114.715643599162036, -27.592241635115759 ], [ 114.683547610771967, -27.629686954904166 ], [ 114.624704965390194, -27.649301170031428 ], [ 114.578344093271213, -27.668915385158687 ], [ 114.571211651406756, -27.731324251472699 ], [ 114.624704965390194, -27.740239803803274 ], [ 114.663933395644719, -27.772335792193335 ], [ 114.701378715433123, -27.768769571261107 ], [ 114.737040924755405, -27.74737224566773 ], [ 114.788751128272736, -27.772335792193335 ], [ 114.840461331790067, -27.79729933871894 ], [ 114.872557320180121, -27.815130443380088 ], [ 114.874340430646242, -27.872189978295754 ], [ 114.895737756239612, -27.934598844609766 ], [ 114.943881738824714, -27.947080617872569 ], [ 115.000941273740381, -27.984525937660976 ], [ 115.016989267935415, -28.04336858304276 ], [ 115.002724384206488, -28.107560559822886 ], [ 114.997375052808152, -28.152138321475753 ], [ 114.967062174884205, -28.175318757535244 ], [ 114.895737756239612, -28.173535647069126 ], [ 114.861858657383436, -28.186017420331929 ], [ 114.858292436451208, -28.234161402917024 ], [ 114.842244442256174, -28.298353379697151 ], [ 114.810148453866105, -28.344714251816132 ], [ 114.754872029416561, -28.380376461138425 ], [ 114.710294267763686, -28.417821780926833 ], [ 114.694246273568666, -28.441002216986323 ], [ 114.697812494501221, -28.491375087654092 ], [ 114.749522698018211, -28.504302638533396 ], [ 114.772703134077702, -28.575627057177979 ], [ 114.817280895730576, -28.62912037116142 ], [ 114.842244442256174, -28.686179906077086 ], [ 114.847593773654523, -28.777118539848932 ], [ 114.845810663188402, -28.862707842222434 ], [ 114.790534238738857, -28.912634935273644 ], [ 114.781618686408279, -28.980393132986002 ], [ 114.751305808484332, -29.048151330698357 ], [ 114.687113831704195, -29.071331766757847 ], [ 114.660367174712789, -29.140427297319818 ], [ 114.701378715433123, -29.183667726123069 ], [ 114.77626935500993, -29.185896614205713 ], [ 114.842244442256174, -29.246522370053611 ], [ 114.926050634163559, -29.251871701451954 ], [ 114.918918192299103, -29.324979230562654 ], [ 114.924267523697452, -29.414134753868385 ], [ 114.844027552722295, -29.426616527131188 ], [ 114.795883570137192, -29.464061846919595 ], [ 114.795883570137192, -29.531820044631953 ], [ 114.760221360814896, -29.585313358615391 ], [ 114.697812494500894, -29.622758678403798 ], [ 114.651451622381913, -29.641481338298004 ], [ 114.626488075856301, -29.723504419739278 ], [ 114.63183740725465, -29.796611948849979 ], [ 114.638969849119107, -29.875068809359021 ], [ 114.617572523525737, -29.949959448935836 ], [ 114.537332552550581, -29.987404768724243 ], [ 114.449960139710953, -30.015934536182076 ], [ 114.369720168735796, -30.030199419910993 ], [ 114.361696171638286, -30.107764725186982 ], [ 114.372394834434971, -30.198703358958831 ], [ 114.383093497231656, -30.270027777603413 ], [ 114.384876607697777, -30.346701527646342 ], [ 114.361696171638286, -30.421592167223157 ], [ 114.301070415790392, -30.487567254469401 ], [ 114.231529107611919, -30.548193010317295 ], [ 114.172686462230132, -30.549976120783413 ], [ 114.161987799433447, -30.627095648442872 ], [ 114.138807363373957, -30.684155183358538 ], [ 114.08174782845829, -30.719817392680831 ], [ 113.994375415618663, -30.739431607808093 ], [ 113.940882101635225, -30.765732487183282 ], [ 113.948014543499696, -30.817888468317136 ], [ 113.955146985364152, -30.86246622997 ], [ 113.901653671380714, -30.885646666029491 ], [ 113.83567858413447, -30.901248882607995 ], [ 113.851726578329504, -30.959199972756721 ], [ 113.912352334177399, -30.991295961146786 ], [ 113.951580764431924, -31.032307501867422 ], [ 113.974761200491415, -31.078668373986403 ], [ 113.972978090025293, -31.11611369377481 ], [ 113.939098991169118, -31.148209682164872 ], [ 113.969411869093065, -31.178522560088823 ], [ 114.015772741212047, -31.191004333351625 ], [ 114.038953177271537, -31.240931426402835 ], [ 114.03003762494096, -31.297990961318501 ], [ 114.003290967949241, -31.344351833437482 ], [ 113.955146985364152, -31.346134943903596 ], [ 113.917701665575734, -31.363966048564741 ], [ 113.903436781846821, -31.433507356743213 ], [ 113.903436781846821, -31.505277553004333 ], [ 113.862425241126189, -31.589083744911719 ], [ 113.800016374812174, -31.6354446170307 ], [ 113.701945299175875, -31.651492611225731 ], [ 113.637753322395739, -31.676456157751335 ], [ 113.628837770065175, -31.699636593810826 ], [ 113.668066200319686, -31.764720125824017 ], [ 113.717993293370895, -31.814647218875226 ], [ 113.75722172362542, -31.889537858452041 ], [ 113.735824398032051, -31.960862277096627 ], [ 113.650235095658545, -32.000090707351148 ], [ 113.582476897946194, -32.050017800402358 ], [ 113.614572886336248, -32.124908439979173 ], [ 113.657367537523001, -32.189100416759295 ], [ 113.671632421251928, -32.24259373074274 ], [ 113.621705328200719, -32.274689719132802 ], [ 113.618139107268476, -32.335315474980696 ], [ 113.553947130488353, -32.378110126167449 ], [ 113.586043118878422, -32.417338556421974 ], [ 113.607440444471791, -32.467265649473184 ], [ 113.582476897946194, -32.517192742524394 ], [ 113.528983583962756, -32.545722509982227 ], [ 113.436261839724793, -32.563553614643368 ], [ 113.357804979215743, -32.567119835575603 ], [ 113.313227217562883, -32.642010475152418 ], [ 113.279348118706707, -32.741864661254837 ], [ 113.183060153536516, -32.82032152176388 ], [ 113.225854804723269, -32.859549952018398 ], [ 113.232987246587726, -32.913043266001836 ], [ 113.21515614192657, -33.009331231172027 ], [ 113.140265502349763, -33.041427219562088 ], [ 113.051109979044028, -33.073523207952157 ], [ 113.045760647645693, -33.138606739965333 ], [ 113.013664659255625, -33.188533833016542 ], [ 113.060025531374606, -33.27768935632227 ], [ 113.056459310442378, -33.388242205221381 ], [ 113.088555298832432, -33.470265286662652 ], [ 113.074290415103519, -33.52375860064609 ], [ 113.017230880187853, -33.530891042510547 ], [ 112.949472682475502, -33.552288368103923 ], [ 112.910244252220977, -33.627179007680738 ], [ 112.781860298660717, -33.687804763528639 ], [ 112.646343903236016, -33.744864298444305 ], [ 112.6570425660327, -33.83401982175004 ], [ 112.703403438151682, -33.876814472936786 ], [ 112.746198089338435, -33.965969996242521 ], [ 112.75689675213512, -34.030161973022643 ], [ 112.739065647473964, -34.090787728870545 ], [ 112.792558961457402, -34.108618833531686 ], [ 112.881714484763137, -34.126449938192835 ], [ 112.963737566204415, -34.179943252176272 ], [ 113.124217508154729, -34.176377031244044 ], [ 113.152747275612569, -34.126449938192835 ], [ 113.259733903579445, -34.094353949802773 ], [ 113.352455647817408, -34.11575127539615 ], [ 113.512935589767721, -34.137148600989526 ], [ 113.573561345615616, -34.130016159125063 ], [ 113.616355996802369, -34.072956624209397 ], [ 113.73404128756593, -34.047993077683792 ], [ 113.851726578329504, -34.062257961412712 ], [ 113.933749659770768, -34.097920170735001 ], [ 114.051434950534343, -34.01589708929373 ], [ 114.0585673923988, -33.951705112513601 ], [ 114.140590473840064, -33.912476682259083 ], [ 114.14772291570452, -33.85541714734341 ], [ 114.286805532061464, -33.776960286834367 ], [ 114.251143322739182, -33.737731856579849 ], [ 114.151289136636763, -33.723466972850929 ], [ 114.172686462230132, -33.641443891409658 ], [ 114.137024252907835, -33.58795057742622 ], [ 114.172686462230132, -33.548722147171695 ], [ 114.286805532061464, -33.570119472765072 ], [ 114.372394834434971, -33.577251914629528 ], [ 114.429454369350637, -33.470265286662652 ], [ 114.582801869436494, -33.462241289565135 ], [ 114.700487160200069, -33.426579080242846 ], [ 114.839569776556999, -33.423012859310617 ], [ 114.928725299862734, -33.472939952361827 ], [ 115.085639020880819, -33.476506173294055 ], [ 115.164095881389869, -33.447976405836222 ], [ 115.267516288424517, -33.444410184903994 ], [ 115.4493935559682, -33.444410184903994 ], [ 115.495754428087182, -33.362387103462716 ], [ 115.631270823511898, -33.31959245227597 ], [ 115.574211288596231, -33.216172045241315 ], [ 115.652668149105267, -33.109185417274439 ], [ 115.545681521138391, -33.077089428884378 ], [ 115.4493935559682, -33.034294777697625 ], [ 115.495754428087182, -32.995066347443107 ], [ 115.595608614189601, -32.95940413812081 ], [ 115.663366811901966, -32.916609486934057 ], [ 115.813148091055595, -32.895212161340687 ], [ 115.987892916734822, -32.841718847357249 ], [ 116.01998890512489, -32.773960649644891 ], [ 116.094879544701698, -32.720467335661453 ], [ 116.219697277329729, -32.709768672864762 ], [ 116.369478556483358, -32.77752687057712 ], [ 116.515693614704759, -32.79179175430604 ], [ 116.615547800807178, -32.770394428712663 ], [ 116.740365533435195, -32.77752687057712 ], [ 116.922242800978893, -32.823887742696101 ], [ 117.018530766149084, -32.902344603205144 ], [ 117.101445402823771, -32.906356601753963 ], [ 117.104120068522576, -32.820321521763873 ], [ 117.179010708099398, -32.748997103119287 ], [ 117.200408033692767, -32.670540242610244 ], [ 117.34305687098194, -32.570686056507824 ], [ 117.375152859372008, -32.4458683238798 ], [ 117.346623091914168, -32.420904777354195 ], [ 117.357321754710853, -32.370977684302986 ], [ 117.528500359457865, -32.313918149387312 ], [ 117.672932307213145, -32.206931521420437 ], [ 117.754955388654423, -32.267557277268338 ], [ 117.827171362532411, -32.260870613020451 ], [ 117.842327801494037, -32.183751085360939 ], [ 118.017072627173278, -32.080330678326291 ], [ 118.0812646039534, -31.937681841037122 ], [ 118.209648557513646, -31.891320968918141 ], [ 118.320201406412764, -31.855658759595851 ], [ 118.395092045989571, -31.755804573493432 ], [ 118.498512453024219, -31.663082829255469 ], [ 118.59747508389394, -31.533361542845672 ], [ 118.555571987939885, -31.459808236118402 ], [ 118.541307104210972, -31.388483817473816 ], [ 118.598366639126638, -31.345689166287066 ], [ 118.741015476415811, -31.338556724422606 ], [ 118.805207453195933, -31.313593177897001 ], [ 118.808773674128162, -31.23157009645573 ], [ 118.848002104382687, -31.142414573149999 ], [ 118.91932652302728, -31.04256038704758 ], [ 118.946964735252408, -30.962766193688982 ], [ 118.938940738154514, -30.895453773593115 ], [ 118.85691765671325, -30.884755110796426 ], [ 118.796291900865356, -30.856225343338593 ], [ 118.792725679933127, -30.802732029355155 ], [ 118.714268819424078, -30.777768482829551 ], [ 118.682172831034009, -30.745672494439486 ], [ 118.746364807814146, -30.713576506049424 ], [ 118.767762133407516, -30.645818308337066 ], [ 118.842652772984337, -30.63155342460815 ], [ 118.874748761374391, -30.695745401388276 ], [ 118.885447424171076, -30.752804936303946 ], [ 118.928242075357829, -30.795599587490695 ], [ 119.031662482392477, -30.734973831642797 ], [ 119.099420680104842, -30.767069820032862 ], [ 119.224238412732859, -30.749238715371714 ], [ 119.306261494174137, -30.699311622320504 ], [ 119.391850796547644, -30.702877843252736 ], [ 119.463175215192223, -30.752804936303946 ], [ 119.908952831720882, -30.777768482829551 ], [ 119.933916378246479, -30.663649412998215 ], [ 120.13005852951909, -30.606589878082545 ], [ 120.240611378418194, -30.553096564099107 ], [ 120.233478936553738, -30.453242377996688 ], [ 120.272707366808262, -30.374785517487645 ], [ 120.401091320368522, -30.317725982571975 ], [ 120.415356204097435, -30.214305575537328 ], [ 120.329766901723929, -30.185775808079494 ], [ 120.354730448249541, -30.118017610367136 ], [ 120.422488645961892, -30.078789180112615 ], [ 120.461717076216416, -29.989633656806884 ], [ 120.561571262318836, -29.911176796297841 ], [ 120.62219701816673, -29.875514586975548 ], [ 120.693521436811309, -29.893345691636693 ], [ 120.755038747892669, -29.876851919825157 ], [ 120.791592512447622, -29.823804383458228 ], [ 120.76662896592201, -29.741781302016953 ], [ 120.788026291515393, -29.659758220575682 ], [ 120.741665419396412, -29.634794674050077 ], [ 120.681039663548518, -29.638360894982306 ], [ 120.591884140242783, -29.631228453117849 ], [ 120.559788151852715, -29.581301360066639 ], [ 120.613281465836153, -29.559904034473263 ], [ 120.677473442616289, -29.506410720489825 ], [ 120.681039663548518, -29.463616069303072 ], [ 120.706003210074115, -29.420821418116322 ], [ 120.820122279905448, -29.381592987861801 ], [ 120.912844024143411, -29.335232115742819 ], [ 120.977036000923547, -29.263907697098233 ], [ 121.019830652110286, -29.206848162182567 ], [ 121.097395957386681, -29.177872617108214 ], [ 121.219539024315125, -29.174752173792502 ], [ 121.340790536010928, -29.142656185402441 ], [ 121.397850070926594, -29.121258859809064 ], [ 121.494138036096786, -29.124825080741292 ], [ 121.586859780334748, -29.149788627266897 ], [ 121.665316640843784, -29.121258859809064 ], [ 121.743773501352834, -29.082030429554543 ], [ 121.832929024658569, -29.053500662096706 ], [ 121.897121001438691, -29.04636822023225 ], [ 121.861458792116395, -29.121258859809064 ], [ 121.865025013048623, -29.206848162182567 ], [ 121.811531699065185, -29.271040138962693 ], [ 121.747339722285062, -29.281738801759381 ], [ 121.68938863213674, -29.334786338126303 ], [ 121.72237617575945, -29.438652522777467 ], [ 121.75090594321729, -29.549205371676575 ], [ 121.690280187369396, -29.645493336846766 ], [ 121.608257105928118, -29.748913743881413 ], [ 121.489680259931902, -29.834057268638407 ], [ 121.601124664063661, -29.845201709051604 ], [ 121.740207280420606, -29.781009732271475 ], [ 121.836495245590797, -29.784575953203706 ], [ 121.914952106099832, -29.731082639220265 ], [ 121.914952106099832, -29.638360894982306 ], [ 121.936349431693216, -29.552771592608803 ], [ 122.043336059660092, -29.470748511167532 ], [ 122.007673850337795, -29.41725519718409 ], [ 121.972011641015499, -29.349496999471736 ], [ 122.004107629405567, -29.288871243623838 ], [ 122.086130710846845, -29.231811708708172 ], [ 122.253743094661615, -29.189017057521419 ], [ 122.382127048221875, -29.17831839472473 ], [ 122.464150129663139, -29.128391301673521 ], [ 122.584510086126301, -29.090500204268597 ], [ 122.547956321570524, -29.001790458579386 ], [ 122.501595449451543, -28.966128249257093 ], [ 122.526558995977155, -28.869840284086902 ], [ 122.580052309960593, -28.784250981713399 ], [ 122.654942949537414, -28.730757667729961 ], [ 122.622846961147346, -28.695095458407668 ], [ 122.580052309960593, -28.684396795610979 ], [ 122.580052309960593, -28.63446970255977 ], [ 122.676340275130784, -28.616638597898625 ], [ 122.801158007758801, -28.548880400186267 ], [ 122.911710856657919, -28.377701795439265 ], [ 122.961637949709129, -28.274281388404617 ], [ 122.972336612505813, -28.195824527895571 ], [ 123.050793473014849, -28.185125865098883 ], [ 123.118551670727214, -28.174427202302198 ], [ 123.19700853123625, -28.120933888318756 ], [ 123.22553829869409, -28.174427202302198 ], [ 123.232670740558547, -28.242185400014552 ], [ 123.218405856829634, -28.306377376794678 ], [ 123.282597833609756, -28.3456058070492 ], [ 123.357488473186578, -28.342039586116972 ], [ 123.428812891831157, -28.320642260523595 ], [ 123.517968415136892, -28.313509818659139 ], [ 123.596425275645927, -28.324208481455827 ], [ 123.660617252426064, -28.370569353574805 ], [ 123.68914701988389, -28.470423539677224 ], [ 123.76760388039294, -28.463291097812768 ], [ 123.835362078105291, -28.445459993151619 ], [ 123.913818938614341, -28.520350632728434 ], [ 123.960179810733322, -28.605939935101937 ], [ 124.010106903784532, -28.54174795832181 ], [ 124.081431322429111, -28.491820865270601 ], [ 124.106394868954709, -28.431195109422703 ], [ 124.167020624802618, -28.377701795439265 ], [ 124.142057078277006, -28.292112493065762 ], [ 124.131358415480321, -28.142331213912133 ], [ 124.070732659632426, -28.074573016199778 ], [ 124.074298880564655, -28.010381039419649 ], [ 124.170586845734846, -27.935490399842838 ], [ 124.199116613192672, -27.810672667214813 ], [ 124.302537020227319, -27.782142899756977 ], [ 124.33106678768516, -27.700119818315706 ], [ 124.388126322600826, -27.621662957806659 ], [ 124.512944055228857, -27.561037201958765 ], [ 124.655592892518015, -27.564603422890993 ], [ 124.769711962349362, -27.575302085687682 ], [ 124.955155450825274, -27.471881678653034 ], [ 124.997950102012027, -27.389858597211759 ], [ 124.969420334554201, -27.322100399499405 ], [ 124.99081766014757, -27.225812434329214 ], [ 125.108502950911131, -27.175885341278004 ], [ 125.285030887056479, -27.134873800557365 ], [ 125.402716177820054, -27.031453393522717 ], [ 125.402716177820054, -26.928032986488066 ], [ 125.484739259261318, -26.785384149198897 ], [ 125.445510829006807, -26.742589498012148 ], [ 125.334957980107689, -26.714059730554311 ], [ 125.285030887056479, -26.539314904875077 ], [ 125.427679724345651, -26.503652695552788 ], [ 125.516835247651386, -26.467990486230494 ], [ 125.598858329092664, -26.364570079195843 ], [ 125.673748968669472, -26.307510544280177 ], [ 125.805699143161959, -26.275414555890112 ], [ 125.898420887399922, -26.293245660551261 ], [ 126.005407515366798, -26.257583451228967 ], [ 126.105261701469217, -26.175560369787693 ], [ 126.201549666639409, -26.100669730210878 ], [ 126.283572748080672, -26.100669730210878 ], [ 126.312102515538513, -26.161295486058776 ], [ 126.265741643419531, -26.278980776822344 ], [ 126.255042980622846, -26.396666067585908 ], [ 126.212248329436093, -26.44302693970489 ], [ 126.137357689859272, -26.432328276908201 ], [ 126.044635945621323, -26.439460718772658 ], [ 125.961721308947446, -26.563832673784134 ], [ 126.023238620027939, -26.653433974706413 ], [ 126.108827922401446, -26.714059730554311 ], [ 126.180152341046025, -26.710493509622083 ], [ 126.215814550368322, -26.753288160808832 ], [ 126.16945367824934, -26.810347695724502 ], [ 126.140923910791514, -26.878105893436857 ], [ 126.112394143333674, -26.931599207420298 ], [ 126.051768387485779, -26.960128974878131 ], [ 125.991142631637885, -26.910201881826922 ], [ 125.97331152697673, -26.849576125979024 ], [ 125.919818212993292, -26.796082811995586 ], [ 125.855626236213169, -26.760420602673292 ], [ 125.843144462950363, -26.832636576550939 ], [ 125.868108009475975, -26.871865006805461 ], [ 125.903770218798257, -26.925358320788899 ], [ 125.914468881594942, -27.028778727823546 ], [ 125.893071556001573, -27.110801809264821 ], [ 125.853843125747048, -27.142897797654882 ], [ 125.864541788543747, -27.224920879096157 ], [ 125.82887957922145, -27.328341286130804 ], [ 125.833337355387201, -27.448255464977002 ], [ 125.903770218798257, -27.435327914097684 ], [ 125.971528416510623, -27.417496809436535 ], [ 126.032154172358517, -27.460291460623289 ], [ 126.067816381680814, -27.517350995538955 ], [ 126.178369230579918, -27.556579425793476 ], [ 126.26395853295341, -27.631470065370291 ], [ 126.26395853295341, -27.73845669333717 ], [ 126.206898998037744, -27.852575763168506 ], [ 126.139140800325393, -27.952429949270925 ], [ 126.099912370070868, -28.07724768189895 ], [ 125.99649196303622, -28.134307216814616 ], [ 126.04641905608743, -28.202065414526974 ], [ 126.149839463122078, -28.180668088933597 ], [ 126.267524753885652, -28.123608554017931 ], [ 126.378077602784757, -28.155704542407992 ], [ 126.510919332510767, -28.140102325829488 ], [ 126.51537710867558, -28.02018814698328 ], [ 126.572436643591246, -27.973827274864302 ], [ 126.576002864523474, -27.884671751558571 ], [ 126.636628620371368, -27.816913553846213 ], [ 126.740049027406016, -27.806214891049525 ], [ 126.850601876305134, -27.734890472404942 ], [ 126.989684492662064, -27.734890472404942 ], [ 127.17512798113799, -27.602940297912458 ], [ 127.150164434612392, -27.570844309522396 ], [ 127.125200888086781, -27.485255007148893 ], [ 127.153730655544621, -27.399665704775391 ], [ 127.242886178850341, -27.392533262910931 ], [ 127.307078155630478, -27.413930588504307 ], [ 127.371270132410601, -27.378268379182014 ], [ 127.385535016139514, -27.26058308841845 ], [ 127.374836353342829, -27.189258669773864 ], [ 127.371270132410601, -27.132199134858197 ], [ 127.438136774890538, -27.131753357241841 ], [ 127.430600943358101, -20.056385979126578 ], [ 127.024444457324876, -19.977411106842339 ], [ 126.392645479050969, -20.067668103738612 ], [ 125.681871628492829, -20.282028471367259 ], [ 125.354690014743838, -20.394849717487595 ], [ 124.722891036469932, -20.406131842099629 ], [ 124.102374182808063, -20.349721219039463 ], [ 123.481857329146195, -20.327156969815395 ], [ 123.002367033134746, -20.315874845203361 ], [ 122.742878167057967, -20.157925100634884 ], [ 122.625826124208146, -19.818756229485615 ], [ 122.642749311126195, -19.728499232589343 ], [ 122.68223674726832, -19.63824223569307 ], [ 122.744288432634505, -19.536703114184764 ], [ 122.783775868776615, -19.373112307310272 ], [ 122.772493744164592, -19.249008936577898 ], [ 122.738647370328479, -19.124905565845523 ], [ 122.654031435738233, -19.005032991842665 ], [ 122.529928065005862, -18.89785280802834 ], [ 122.388901507355428, -18.852724309580204 ], [ 122.259157074317045, -18.818877935744101 ], [ 122.151976890502723, -18.785031561907999 ], [ 122.010950332852289, -18.666569253481644 ], [ 121.937616522874066, -18.587594381197405 ], [ 121.841718463671782, -18.46913207277105 ], [ 121.802231027529658, -18.361951888956725 ], [ 121.706332968327374, -18.266053829754437 ], [ 121.564366233625961, -18.175608797447968 ], [ 121.398048913303555, -18.146933397392381 ], [ 121.237466672992269, -18.037966877181152 ], [ 121.082619512692105, -17.934735436981043 ], [ 120.916302192369699, -17.888854796892105 ], [ 120.744249792036186, -17.923265276958809 ], [ 120.595137711747142, -18.009291477125569 ], [ 120.503376431569265, -18.118257997336794 ], [ 120.405880071380267, -18.221489437536906 ], [ 120.31411879120239, -18.307515637703666 ], [ 120.153536550891104, -18.405011997892661 ], [ 119.929868430457532, -18.445157557970482 ], [ 119.688995069990597, -18.422217237926013 ], [ 119.551353149723795, -18.422217237926013 ], [ 119.402241069434737, -18.502508358081656 ], [ 119.241658829123452, -18.605739798281764 ], [ 119.104016908856636, -18.726176478515228 ], [ 118.983580228623183, -18.852348238759809 ], [ 118.868878628400836, -18.944109518937687 ], [ 118.714031468100657, -19.047340959137795 ], [ 118.573522007828288, -19.104691759248968 ], [ 118.384264367461427, -19.104691759248968 ], [ 118.24088736718349, -19.047340959137795 ], [ 118.086040206883325, -18.972784918993273 ], [ 117.977073686672085, -18.863818398782044 ], [ 117.850901926427511, -18.766322038593049 ], [ 117.684584606105105, -18.726176478515228 ], [ 117.449446325649305, -18.708971238481876 ], [ 117.242983445249081, -18.754851878570815 ], [ 116.990639924759918, -18.840878078737575 ], [ 116.798514744387489, -18.921169198893217 ], [ 116.597786943998386, -19.007195399059977 ], [ 116.385588983587041, -19.047340959137795 ], [ 116.236476903297998, -19.053076039148912 ], [ 116.064424502964471, -19.093221599226734 ], [ 115.875166862597609, -19.127632079293438 ], [ 115.708849542275203, -19.127632079293438 ], [ 115.485181421841631, -19.265273999560254 ], [ 115.318864101519225, -19.357035279738131 ], [ 115.109533681113447, -19.421554929863202 ], [ 114.880130480668754, -19.496110970007727 ], [ 114.719548240357469, -19.599342410207839 ], [ 114.62205188016847, -19.714044010430182 ], [ 114.501615199935017, -19.857421010708116 ], [ 114.415588999768261, -20.035208491052753 ], [ 114.318092639579262, -20.167115331308448 ], [ 114.194788419340242, -20.306191021578037 ], [ 114.143172699240182, -20.455303101867088 ], [ 114.160377939273531, -20.633090582211725 ], [ 114.223463819395832, -20.753527262445186 ], [ 114.320960179584816, -20.816613142567476 ], [ 114.458602099851632, -20.896904262723119 ], [ 114.58477386009622, -20.971460302867644 ], [ 114.693740380307446, -21.063221583045522 ], [ 114.722415780363036, -21.246744143401273 ], [ 114.722415780363036, -21.355710663612502 ], [ 114.688005300296325, -21.580812554048855 ], [ 114.642124660207386, -21.712719394304553 ], [ 114.55609846004063, -21.827420994526896 ], [ 114.424191619784935, -21.909145884685316 ], [ 114.280814619506998, -21.960761604785372 ], [ 114.171848099295772, -21.989437004840958 ], [ 114.085821899129016, -22.023847484907662 ], [ 113.908034418784368, -22.081198285018836 ], [ 113.781862658539794, -22.161489405174478 ], [ 113.649955818284099, -22.339276885519116 ], [ 113.581134858150691, -22.482653885797045 ], [ 113.518048978028403, -22.677646606175035 ], [ 113.500843737995041, -22.775142966364029 ], [ 113.482622711843774, -22.836240244371535 ], [ 113.529875139196108, -22.872794008926828 ], [ 113.496887595572687, -22.939660651406182 ], [ 113.489755153708231, -23.018117511915225 ], [ 113.557513351420582, -23.057345942169746 ], [ 113.614572886336248, -23.060912163101978 ], [ 113.664499979387458, -23.075177046830895 ], [ 113.678764863116385, -23.146501465475477 ], [ 113.657367537523001, -23.214259663187836 ], [ 113.686788860214193, -23.332836509184407 ], [ 113.782185270151032, -23.360474721409233 ], [ 113.871340793456753, -23.37563116037121 ], [ 113.942665212101346, -23.41842581155796 ] ] ] ] } },
{ "type": "Feature", "properties": { "id": 87, "name": "Yi Ti", "type": "country", "size": 5, "active": true }, "geometry": { "type": "MultiPolygon", "coordinates": [ [ [ [ 112.743813176527567, -3.376234828759788 ], [ 111.625224972261634, -3.307751304896269 ], [ 110.018058788581655, -3.285273456173472 ], [ 108.916644201164615, -3.262795607450676 ], [ 107.759034991940581, -3.206600985643683 ], [ 106.477797614741107, -3.040826851313057 ], [ 105.662423132800484, -2.794124207631384 ], [ 105.501840892489199, -2.667952447386803 ], [ 105.295378012088975, -2.599131487253396 ], [ 105.203616731911112, -2.438549246942111 ], [ 105.100385291710992, -2.243556526564123 ], [ 104.893922411310768, -2.151795246386247 ], [ 104.641578890821606, -2.128854926341778 ], [ 104.458056330465851, -2.071504126230605 ], [ 104.435116010421382, -1.899451725897086 ], [ 104.607168410754909, -1.761809805630271 ], [ 104.767750651066194, -1.612697725341221 ], [ 104.870982091266299, -1.520936445163345 ], [ 104.859511931244072, -1.38329452489653 ], [ 104.756280491043952, -1.348884044829826 ], [ 104.653049050843848, -1.280063084696418 ], [ 104.56128777066597, -1.165361484474073 ], [ 104.171302329909992, -1.062130044273961 ], [ 103.678085448953908, -1.050659884251727 ], [ 103.356920968331337, -1.073600204296196 ], [ 103.127517767886644, -1.257122764651949 ], [ 103.127517767886644, -1.452115485029937 ], [ 103.161928247953355, -1.371824364874295 ], [ 103.138987927908886, -1.475055805074406 ], [ 102.955465367553131, -1.520936445163345 ], [ 102.749002487152907, -1.624167885363456 ], [ 102.59989040686385, -1.738869485585802 ], [ 102.714592007086196, -1.761809805630271 ], [ 102.645771046952788, -1.956802526008259 ], [ 102.473718646619275, -2.037093646163901 ], [ 102.496658966663745, -2.071504126230605 ], [ 102.496658966663745, -2.20914604649742 ], [ 102.347546886374687, -2.277967006630827 ], [ 102.0493227257966, -2.346787966764235 ], [ 101.774038885262968, -2.461489566986581 ], [ 101.808449365329665, -2.530310527119988 ], [ 101.877270325463073, -2.599131487253396 ], [ 101.946091285596481, -2.633541967320099 ], [ 102.0493227257966, -2.771183887586914 ], [ 102.0493227257966, -2.977646767987137 ], [ 101.900210645507542, -3.149699168320656 ], [ 101.70521792512956, -3.16116932834289 ], [ 101.384053444506989, -3.287341088587471 ], [ 100.599840173729774, -3.452452456049271 ], [ 100.127805350551043, -3.519886002217661 ], [ 99.644271170805425, -3.646525906436752 ], [ 99.18373570419358, -3.767142338168426 ], [ 98.711700881014835, -3.850029405333742 ], [ 98.284621755281691, -3.973657573309125 ], [ 98.37453315017288, -5.426288547019869 ], [ 98.183471436029109, -6.373167924467683 ], [ 98.026126494969532, -7.452104663161931 ], [ 97.902498326994149, -8.30907264571856 ], [ 97.767631234657358, -9.062080577932253 ], [ 97.666480915404776, -9.983672375566922 ], [ 97.396746730731209, -10.542808862546492 ], [ 96.834800512661289, -11.040131265538372 ], [ 95.913208715026656, -11.295816794760185 ], [ 94.834271976332403, -11.520595281988154 ], [ 93.946396951781935, -11.700418071770528 ], [ 93.487713500067343, -11.7577749184012 ], [ 92.665159574582489, -12.03758580261248 ], [ 92.193124751403758, -12.352275684731636 ], [ 91.631178533333838, -12.779354810464774 ], [ 91.191067219711655, -13.66926933807612 ], [ 91.091710163986704, -14.397759918506145 ], [ 91.202159146288167, -15.731550287124126 ], [ 91.198820532768082, -15.791645330485652 ], [ 91.21718290712856, -15.835047306246755 ], [ 91.242222508529196, -15.848401760327095 ], [ 91.252238349089453, -15.876779975247818 ], [ 91.230537361208889, -15.913504723968749 ], [ 91.245561122049281, -15.938544325369387 ], [ 91.28478983091027, -15.946890859169599 ], [ 91.334869033711541, -15.935205711849301 ], [ 91.35323140807202, -15.90015026988841 ], [ 91.371593782432484, -15.868433441447605 ], [ 91.418334371713669, -15.855078987367266 ], [ 91.476760108315148, -15.838385919766841 ], [ 91.488445255635455, -15.811677011606163 ], [ 91.526839311116433, -15.794983944005738 ], [ 91.571910593637568, -15.796653250765781 ], [ 91.603627422078375, -15.823362158926459 ], [ 91.640352170799318, -15.850071067087137 ], [ 91.696273947260735, -15.855078987367266 ], [ 91.750526416962117, -15.843393840046968 ], [ 91.773896711602703, -15.821692852166416 ], [ 91.777235325122788, -15.794983944005738 ], [ 91.813960073843731, -15.781629489925399 ], [ 91.852354129324695, -15.784968103445483 ], [ 91.892417491565723, -15.753251275004677 ], [ 91.934432949789453, -15.741337128530965 ], [ 91.979202045734425, -15.7510508072649 ], [ 92.058725172209734, -15.671977335847135 ], [ 92.093265755688265, -15.683490863673315 ], [ 92.162969634010395, -15.815153744948457 ], [ 92.139735007903013, -15.939071750854472 ], [ 92.139735007903013, -16.086224382867865 ], [ 92.155224758641268, -16.210142388773882 ], [ 92.170714509379522, -16.3650398961564 ], [ 92.162338651555132, -16.491459641514545 ], [ 92.207298218395351, -16.58887341031696 ], [ 92.177816256660961, -16.609931954412954 ], [ 92.143248208616981, -16.687629579591626 ], [ 92.121850883023598, -16.735773562176721 ], [ 92.155729981879787, -16.766977995333729 ], [ 92.184259749337613, -16.809772646520482 ], [ 92.189609080735963, -16.865049070970038 ], [ 92.186042859803734, -16.911409943089016 ], [ 92.227054400524366, -16.9702525884708 ], [ 92.276981493575576, -17.038010786183158 ], [ 92.307294371499523, -17.112901425759972 ], [ 92.362570795949082, -17.257779151131789 ], [ 92.389317452940801, -17.351838228219336 ], [ 92.41606410993252, -17.430295088728382 ], [ 92.428545883195326, -17.510535059703539 ], [ 92.423196551796977, -17.580076367882011 ], [ 92.394666784339151, -17.603256803941502 ], [ 92.362570795949082, -17.599690583009274 ], [ 92.326908586626786, -17.628220350467107 ], [ 92.303728150567295, -17.665665670255514 ], [ 92.310860592431752, -17.720496317088539 ], [ 92.350089022686262, -17.746351418847294 ], [ 92.400016115737472, -17.780230517703469 ], [ 92.458858761119245, -17.81945894795799 ], [ 92.512352075102697, -17.82659138982245 ], [ 92.558712947221665, -17.889000256136462 ], [ 92.617555592603452, -17.922879354992642 ], [ 92.663916464722433, -17.962107785247163 ], [ 92.694229342646381, -18.020950430628943 ], [ 92.769119982223202, -18.074443744612385 ], [ 92.829745738071125, -18.127937058595737 ], [ 92.881455941588413, -18.110105953934678 ], [ 92.988442569555303, -18.010251767832258 ], [ 93.036586552140392, -17.962107785247163 ], [ 93.104344749852743, -17.953192232916589 ], [ 93.157838063836181, -17.956758453848817 ], [ 93.209548267353512, -17.91931313406041 ], [ 93.24164425574358, -17.881867814272002 ], [ 93.275523354599756, -17.880084703805888 ], [ 93.300486901125396, -17.892566477068605 ], [ 93.304053122057582, -17.931794907323212 ], [ 93.279089575531984, -17.958541564314931 ], [ 93.245210476675808, -17.971023337577734 ], [ 93.222030040616318, -18.007131324516557 ], [ 93.214897598751861, -18.058841528033881 ], [ 93.220246930150196, -18.101636179220634 ], [ 93.264824691803071, -18.11590106294955 ], [ 93.280872685998091, -18.139081499009041 ], [ 93.220246930150196, -18.135515278076809 ], [ 93.166753616166758, -18.147997051339612 ], [ 93.123958964980005, -18.137298388542927 ], [ 93.098995418454408, -18.117684173415665 ], [ 93.074031871928796, -18.098069958288406 ], [ 93.027670999809814, -18.101636179220634 ], [ 93.006273674216445, -18.124816615280125 ], [ 92.993791900953639, -18.160478824602414 ], [ 92.943864807902429, -18.178309929263563 ], [ 92.924250592775167, -18.217538359518084 ], [ 92.950997249766885, -18.244730794126333 ], [ 92.999141232351988, -18.250080125524679 ], [ 93.049068325403198, -18.267911230185824 ], [ 93.107910970784971, -18.287525445313086 ], [ 93.175669168497336, -18.31605521277092 ], [ 93.222030040616318, -18.344584980228753 ], [ 93.273740244133634, -18.376680968618818 ], [ 93.284438906930319, -18.433740503534484 ], [ 93.288005127862561, -18.467619602390663 ], [ 93.321884226718765, -18.484559151818669 ], [ 93.375377540702175, -18.464053381458434 ], [ 93.411039750024457, -18.437306724466715 ], [ 93.457400622143439, -18.430174282602255 ], [ 93.514460157059119, -18.464053381458434 ], [ 93.526941930321911, -18.506848032645184 ], [ 93.551905476847523, -18.521112916374101 ], [ 93.608965011763189, -18.531811579170789 ], [ 93.614314343161539, -18.490800038450153 ], [ 93.662458325746627, -18.476535154721237 ], [ 93.719517860662293, -18.464053381458434 ], [ 93.781035171743255, -18.475197821871649 ], [ 93.839877817125029, -18.521558693990631 ], [ 93.900503572972923, -18.576835118440187 ], [ 93.923684009032414, -18.626762211491396 ], [ 93.977177323015852, -18.667773752212032 ], [ 94.012839532338148, -18.724833287127698 ], [ 94.00927331140592, -18.803290147636744 ], [ 94.049393296893541, -18.869711012499433 ], [ 94.122500826004199, -18.855446128770598 ], [ 94.172427919055409, -18.801952814787157 ], [ 94.238403006301652, -18.773423047329324 ], [ 94.302594983081775, -18.776989268261552 ], [ 94.354305186599106, -18.782338599659898 ], [ 94.397099837785859, -18.859012349702827 ], [ 94.484472250625473, -18.942818541610215 ], [ 94.578977105329542, -18.965998977669706 ], [ 94.619988646050189, -19.007010518390342 ], [ 94.627121087914645, -19.09081671029773 ], [ 94.652084634440243, -19.12647891962002 ], [ 94.646735303041908, -19.167490460340659 ], [ 94.616422425117946, -19.185321565001804 ], [ 94.612856204185775, -19.204935780128988 ], [ 94.650301523974136, -19.242381099917473 ], [ 94.68774684376254, -19.286958861570337 ], [ 94.751938820542662, -19.286958861570337 ], [ 94.815239242089731, -19.318163294727349 ], [ 94.874081887471519, -19.360957945914098 ], [ 94.9204427595905, -19.437631695957027 ], [ 94.96502052124336, -19.508956114601613 ], [ 94.982851625904516, -19.533919661127218 ], [ 94.972152963107817, -19.566015649517279 ], [ 95.029212498023483, -19.601677858839572 ], [ 95.136199125990373, -19.603460969305686 ], [ 95.180776887643233, -19.574931201847853 ], [ 95.259233748152283, -19.569581870449511 ], [ 95.335907498195212, -19.587412975110656 ], [ 95.40544880637367, -19.626641405365177 ], [ 95.48390566688272, -19.590979196042884 ], [ 95.55701319599342, -19.580280533246196 ], [ 95.594458515781824, -19.53926899252556 ], [ 95.594458515781824, -19.467944573880974 ], [ 95.55701319599342, -19.418017480829768 ], [ 95.526700318069473, -19.378789050575243 ], [ 95.523134097137245, -19.352042393583524 ], [ 95.580193632052911, -19.332428178456265 ], [ 95.610506509976858, -19.294982858667858 ], [ 95.640819387900805, -19.261103759811679 ], [ 95.687180260019787, -19.241489544684416 ], [ 95.737107353070996, -19.237923323752188 ], [ 95.829829097308959, -19.23435710281996 ], [ 95.879756190360169, -19.187996230700978 ], [ 95.917201510148573, -19.155900242310917 ], [ 95.959996161335326, -19.113105591124164 ], [ 95.993875260191501, -19.145201579514229 ], [ 96.034886800912147, -19.159466463243145 ], [ 96.125825434683989, -19.145201579514229 ], [ 96.168620085870742, -19.155900242310917 ], [ 96.173969417269078, -19.191562451633207 ], [ 96.159704533540165, -19.232573992353846 ], [ 96.122259213751761, -19.243272655150534 ], [ 96.084813893963343, -19.23435710281996 ], [ 96.059850347437745, -19.266453091210021 ], [ 96.075898341632779, -19.311030852862888 ], [ 96.077681452098886, -19.344909951719067 ], [ 96.040236132310483, -19.353825504049638 ], [ 96.004573922988186, -19.335994399388493 ], [ 95.965345492733675, -19.319946405193463 ], [ 95.906502847351888, -19.321729515659577 ], [ 95.846768646737118, -19.354717059282621 ], [ 95.854792643834557, -19.40018637616862 ], [ 95.867274417097363, -19.451896579685943 ], [ 95.945731277606413, -19.507173004135499 ], [ 95.995658370657623, -19.537485882059446 ], [ 96.034886800912147, -19.553533876254477 ], [ 96.038453021844376, -19.614159632102375 ], [ 96.074115231166658, -19.649821841424668 ], [ 96.115126771887304, -19.673002277484159 ], [ 96.125825434683989, -19.724712481001482 ], [ 96.115126771887304, -19.77820579498492 ], [ 96.088380114895585, -19.821000446171674 ], [ 96.045585463708832, -19.829915998502244 ], [ 95.990309039259273, -19.824566667103902 ], [ 95.92611706247915, -19.829915998502244 ], [ 95.872623748495712, -19.881626202019568 ], [ 95.85300953336845, -19.927987074138549 ], [ 95.831612207775066, -19.965432393926957 ], [ 95.738890463537118, -19.961866172994728 ], [ 95.692529591418136, -19.990395940452562 ], [ 95.610506509976858, -19.988612829986447 ], [ 95.573061190188454, -19.99396216138479 ], [ 95.630120725104121, -20.062611914330208 ], [ 95.630120725104121, -20.10897278644919 ], [ 95.687180260019787, -20.169598542297084 ], [ 95.738890463537118, -20.182080315559887 ], [ 95.783468225189978, -20.178514094627658 ], [ 95.811997992647818, -20.183863426026001 ], [ 95.858358864766785, -20.237356740009442 ], [ 95.835178428707309, -20.292633164458994 ], [ 95.795949998452784, -20.342560257510204 ], [ 95.783468225189978, -20.40675223429033 ], [ 95.817347324046153, -20.446426442161382 ], [ 95.874406858961819, -20.469161100604342 ], [ 95.967128603199782, -20.471389988686987 ], [ 96.034886800912147, -20.444643331695268 ], [ 96.061633457903866, -20.400065570042404 ], [ 96.072332120700551, -20.351921587457309 ], [ 96.106211219556727, -20.335873593262278 ], [ 96.166836975404621, -20.339439814194506 ], [ 96.232812062650865, -20.343006035126734 ], [ 96.275606713837618, -20.364403360720111 ], [ 96.3219675859566, -20.394716238644058 ], [ 96.332666248753284, -20.494570424746477 ], [ 96.362979126677232, -20.56411173292495 ], [ 96.416472440660669, -20.578376616653866 ], [ 96.464616423245772, -20.58729216898444 ], [ 96.510977295364739, -20.628303709705076 ], [ 96.553771946551493, -20.683580134154628 ], [ 96.587651045407682, -20.754904552799214 ], [ 96.605482150068823, -20.817313419113226 ], [ 96.61261459193328, -20.892204058690041 ], [ 96.596566597738246, -20.949263593605707 ], [ 96.544856394220929, -20.983142692461886 ], [ 96.541290173288701, -21.024154233182522 ], [ 96.573386161678755, -21.058033332038701 ], [ 96.593000376806017, -21.134707082081629 ], [ 96.594783487272139, -21.197561726012172 ], [ 96.580518603543211, -21.229657714402236 ], [ 96.543073283754808, -21.252838150461727 ], [ 96.560012833182981, -21.269777699889751 ], [ 96.653626132653912, -21.267548811807174 ], [ 96.687505231510102, -21.246151486213797 ], [ 96.696420783840665, -21.206923055959276 ], [ 96.753480318756331, -21.196224393162588 ], [ 96.765962092019137, -21.155212852441952 ], [ 96.794491859476977, -21.128466195450233 ], [ 96.849768283926522, -21.126683084984119 ], [ 96.906827818842189, -21.148080410577492 ], [ 96.937140696766136, -21.165911515238641 ], [ 96.95318869096117, -21.210489276891504 ], [ 96.999549563080151, -21.222971050154307 ], [ 97.054825987529711, -21.219404829222078 ], [ 97.101186859648692, -21.203356835027048 ], [ 97.12971662710649, -21.225645715853478 ], [ 97.101186859648664, -21.279139029836919 ], [ 97.136849068970946, -21.354029669413734 ], [ 97.193908603886626, -21.403956762464944 ], [ 97.240269476005608, -21.482413622973986 ], [ 97.233137034141137, -21.553738041618573 ], [ 97.181426830623849, -21.590291806173919 ], [ 97.283064127192375, -21.652700672487931 ], [ 97.382918313294766, -21.671423332382137 ], [ 97.40431563888815, -21.614363797466467 ], [ 97.468507615668273, -21.592966471873094 ], [ 97.514868487787254, -21.646459785856532 ], [ 97.589759127364061, -21.639327343992072 ], [ 97.653951104144198, -21.635761123059844 ], [ 97.735974185585462, -21.721350425433346 ], [ 97.821563487958969, -21.860433041790287 ], [ 97.892887906603562, -21.93888990229933 ], [ 97.957079883383685, -21.960287227892707 ], [ 98.031970522960492, -21.94602234416379 ], [ 98.067632732282789, -22.017346762808376 ], [ 98.14252337185961, -22.085104960520731 ], [ 98.167486918385208, -22.13503205357194 ], [ 98.106861162537314, -22.163561821029774 ], [ 98.064066511350561, -22.202790251284295 ], [ 98.061391845651514, -22.246922235320582 ], [ 98.11399360440177, -22.295511995522258 ], [ 98.151438924190174, -22.335631981009836 ], [ 98.140740261393489, -22.392691515925502 ], [ 98.144306482325717, -22.474714597366777 ], [ 98.20849845910584, -22.521075469485758 ], [ 98.279822877750433, -22.592399888130341 ], [ 98.333316191733871, -22.674422969571616 ], [ 98.361845959191697, -22.745747388216202 ], [ 98.325292194636475, -22.867444677528482 ], [ 98.490229912751957, -22.856300237115306 ], [ 98.629312529108901, -22.856300237115306 ], [ 98.764828924533603, -22.888396225505371 ], [ 98.793358691991443, -22.845601574318621 ], [ 98.82902090131374, -22.788542039402952 ], [ 98.911043982755004, -22.781409597538492 ], [ 99.000199506060738, -22.79924070219964 ], [ 99.067957703773089, -22.831336690589701 ], [ 99.135715901485455, -22.881263783640911 ], [ 99.103619913095386, -22.924058434827664 ], [ 99.100053692163158, -22.963286865082186 ], [ 99.164245668943281, -22.98825041160779 ], [ 99.207040320130034, -23.08810459771021 ], [ 99.248943416083875, -23.125995695115105 ], [ 99.333641163224172, -23.125549917498621 ], [ 99.397833140004309, -23.089887708176327 ], [ 99.472723779581116, -23.064924161650723 ], [ 99.58327662848022, -23.082755266311867 ], [ 99.693829477379325, -23.079189045379639 ], [ 99.768720116956146, -23.114851254701932 ], [ 99.832912093736269, -23.154079684956454 ], [ 99.961296047296528, -23.157645905888682 ], [ 100.018355582212195, -23.132682359363077 ], [ 100.075415117127861, -23.171910789617598 ], [ 100.12623376541228, -23.190187671895231 ], [ 100.207365291620349, -23.16834456868537 ], [ 100.221630175349262, -23.11841747563416 ], [ 100.239461280010403, -23.068490382582951 ], [ 100.328616803316137, -23.072056603515179 ], [ 100.364279012638434, -23.022129510463969 ], [ 100.432037210350785, -22.993599743006136 ], [ 100.52119273365652, -22.990033522073908 ], [ 100.596083373233327, -22.98646730114168 ], [ 100.642444245352308, -23.036394394192889 ], [ 100.69682911456897, -23.040406392741602 ], [ 100.731599768658043, -22.97220241741276 ], [ 100.781526861709253, -22.925841545293782 ], [ 100.877814826879444, -22.904444219700405 ], [ 100.988367675778548, -22.900877998768177 ], [ 101.038294768829758, -22.840252242920279 ], [ 101.020463664168616, -22.783192708004609 ], [ 101.106052966542123, -22.704735847495567 ], [ 101.184509827051158, -22.68333852190219 ], [ 101.248701803831281, -22.63341142885098 ], [ 101.234436920102368, -22.547822126477481 ], [ 101.155980059593332, -22.544255905545249 ], [ 101.084655640948739, -22.508593696222956 ], [ 101.088221861880967, -22.419438172917225 ], [ 100.981235233914092, -22.369511079866015 ], [ 101.120317850271036, -22.373077300798247 ], [ 101.163112501457789, -22.326716428679266 ], [ 101.20947337357677, -22.294620440289201 ], [ 101.296845786416384, -22.304427547852832 ], [ 101.361037763196506, -22.286596443191687 ], [ 101.371736425993191, -22.229536908276017 ], [ 101.343206658535365, -22.172477373360351 ], [ 101.311110670145297, -22.143947605902518 ], [ 101.343206658535365, -22.097586733783537 ], [ 101.428795960908872, -22.086888070986848 ], [ 101.532216367943519, -22.101152954715765 ], [ 101.638311440677498, -22.084659182904147 ], [ 101.721226077351659, -22.06727385585959 ], [ 101.828212705318535, -22.102936065181879 ], [ 101.935199333285425, -22.117200948910799 ], [ 102.006523751930004, -22.138598274504172 ], [ 102.027921077523374, -22.224187576877675 ], [ 102.106377938032423, -22.245584902471052 ], [ 102.184834798541473, -22.202790251284299 ], [ 102.234761891592683, -22.252717344335508 ], [ 102.313218752101719, -22.266982228064428 ], [ 102.384543170746312, -22.259849786199968 ], [ 102.448735147526435, -22.266982228064428 ], [ 102.420205380068595, -22.329836871994967 ], [ 102.425554711466944, -22.390462627842865 ], [ 102.382760060280191, -22.411859953436242 ], [ 102.377410728881841, -22.467136377885794 ], [ 102.400591164941332, -22.525979023267578 ], [ 102.455867589390891, -22.573677228236143 ], [ 102.507577792908222, -22.603098550927037 ], [ 102.52719200803547, -22.679772300969965 ], [ 102.516493345238786, -22.76179538241124 ], [ 102.509360903374329, -22.836686021988054 ], [ 102.500445351043751, -22.884830004573146 ], [ 102.457650699857012, -22.913359772030983 ], [ 102.48796357778096, -22.964178420315253 ], [ 102.51114401384045, -23.046201501756524 ], [ 102.536107560366048, -23.119309030867225 ], [ 102.541456891764398, -23.197765891376267 ], [ 102.52719200803547, -23.263740978622511 ], [ 102.489746688247067, -23.29048763561423 ], [ 102.512927124306557, -23.319017403072063 ], [ 102.509360903374329, -23.370727606589387 ], [ 102.546806223162733, -23.474148013624035 ], [ 102.575335990620573, -23.525858217141362 ], [ 102.62704619413789, -23.559737315997538 ], [ 102.680539508121328, -23.574002199726454 ], [ 102.741165263969236, -23.563303536929766 ], [ 102.7500808162998, -23.625712403243778 ], [ 102.782176804689868, -23.663157723032185 ], [ 102.792875467486553, -23.709518595151167 ], [ 102.785743025622097, -23.75231324633792 ], [ 102.764345700028727, -23.782626124261867 ], [ 102.72868349070643, -23.80224033938913 ], [ 102.755430147698149, -23.840131436794067 ], [ 102.792875467486553, -23.874010535650243 ], [ 102.842802560537763, -23.891841640311391 ], [ 102.905211426851778, -23.882480310364286 ], [ 102.952463854203813, -23.838348326327949 ], [ 103.004174057721144, -23.816951000734576 ], [ 103.000607836788916, -23.767023907683367 ], [ 102.997041615856688, -23.722446146030499 ], [ 103.005957168187251, -23.670735942513176 ], [ 103.046968708907897, -23.645772395987571 ], [ 103.057667371704767, -23.611001741898292 ], [ 103.016655830983936, -23.600748856718173 ], [ 102.979210511195532, -23.568652868328112 ], [ 102.970294958864955, -23.524075106675244 ], [ 102.975644290263304, -23.475931124090152 ], [ 102.991692284458338, -23.433136472903399 ], [ 103.020222051916164, -23.40638981591168 ], [ 103.066582924035146, -23.39034182171665 ], [ 103.096895801959093, -23.354679612394357 ], [ 103.096895801959093, -23.302969408877033 ], [ 103.116510017086355, -23.270873420486968 ], [ 103.16108777873923, -23.245909873961363 ], [ 103.225279755519352, -23.249476094893591 ], [ 103.271640627638519, -23.240114764946444 ], [ 103.256484188676353, -23.193308115210979 ], [ 103.244002415413561, -23.138031690761427 ], [ 103.252917967744125, -23.080972155845757 ], [ 103.245785525879668, -23.023912620930091 ], [ 103.249351746811897, -22.979334859277223 ], [ 103.245785525879668, -22.925841545293785 ], [ 103.256484188676353, -22.87769756270869 ], [ 103.308194392193684, -22.847384684784743 ], [ 103.359904595711001, -22.843818463852511 ], [ 103.41518102016056, -22.850950905716971 ], [ 103.450843229482857, -22.863432678979773 ], [ 103.525733869059664, -22.793891370801301 ], [ 103.614889392365399, -22.747530498682323 ], [ 103.673732037747186, -22.713651399826144 ], [ 103.75575511918845, -22.710085178893916 ], [ 103.764670671519028, -22.65480875444436 ], [ 103.762887561052921, -22.613797213723725 ], [ 103.782501776180169, -22.58170122533366 ], [ 103.839561311095849, -22.563870120672515 ], [ 103.869874189019797, -22.51572613808742 ], [ 103.830645758765272, -22.424341726699044 ], [ 103.818163985502466, -22.347667976656115 ], [ 103.853826194824762, -22.253163121952038 ], [ 103.880572851816481, -22.22641646496032 ], [ 103.871657299485904, -22.153308935849619 ], [ 103.874331965185277, -22.070394299175231 ], [ 103.848476863426413, -22.048105418348857 ], [ 103.816380875036359, -22.062370302077774 ], [ 103.786067997112397, -22.106948063730641 ], [ 103.75575511918845, -22.128345389324014 ], [ 103.720092909866167, -22.114080505595098 ], [ 103.720092909866167, -22.058804081145546 ], [ 103.686213811009978, -22.042756086950511 ], [ 103.663033374950501, -22.016009429958793 ], [ 103.577444072576995, -22.016009429958793 ], [ 103.556046746983611, -21.996395214831534 ], [ 103.554263636517504, -21.966082336907583 ], [ 103.581010293509223, -21.926853906653061 ], [ 103.620238723763748, -21.909022801991917 ], [ 103.636286717958768, -21.847059713294424 ], [ 103.686213811009978, -21.790000178378754 ], [ 103.743273345925658, -21.743639306259777 ], [ 103.775369334315712, -21.686579771344107 ], [ 103.788742662811771, -21.640664676841599 ], [ 103.753972008722343, -21.576026922444999 ], [ 103.71117735753559, -21.540364713122706 ], [ 103.668382706348837, -21.547497154987166 ], [ 103.636286717958768, -21.540364713122706 ], [ 103.614889392365399, -21.48330517820704 ], [ 103.564962299314189, -21.465474073545895 ], [ 103.479372996940683, -21.48330517820704 ], [ 103.433012124821701, -21.529666050326021 ], [ 103.39378369456719, -21.579593143377231 ], [ 103.340290380583752, -21.608122910835064 ], [ 103.293929508464771, -21.629520236428441 ], [ 103.219038868887949, -21.608122910835064 ], [ 103.122750903717758, -21.608122910835064 ], [ 103.16911177583674, -21.540364713122706 ], [ 103.251134857278018, -21.497570061935956 ], [ 103.304628171261456, -21.461907852613663 ], [ 103.333157938719282, -21.404848317697997 ], [ 103.336724159651524, -21.362053666511244 ], [ 103.368820148041578, -21.304994131595578 ], [ 103.450843229482857, -21.276464364137741 ], [ 103.547131194653048, -21.294295468798889 ], [ 103.654117822619924, -21.233669712950991 ], [ 103.767345337218401, -21.198453281245168 ], [ 103.786067997112397, -21.1373817477808 ], [ 103.860958636689219, -21.062491108203986 ], [ 103.800332880841324, -20.991166689559403 ], [ 103.818163985502466, -20.923408491847045 ], [ 103.871657299485904, -20.862782735999147 ], [ 103.896620846011515, -20.808397866782652 ], [ 103.971511485588323, -20.765603215595902 ], [ 104.103461660080811, -20.765603215595902 ], [ 104.252351384001585, -20.720579676326441 ], [ 104.342398462540174, -20.619388157374502 ], [ 104.387867779426301, -20.506606420392682 ], [ 104.363795788133544, -20.476739320085333 ], [ 104.388759334659142, -20.430378447966351 ], [ 104.47078241610042, -20.416113564237435 ], [ 104.520709509151629, -20.369752692118453 ], [ 104.513577067287173, -20.326958040931704 ], [ 104.542106834745013, -20.269898506016034 ], [ 104.631262358050733, -20.227103854829284 ], [ 104.723984102288696, -20.212838971100368 ], [ 104.830079175022732, -20.178514094627584 ], [ 104.864849829111748, -20.090695904171518 ], [ 104.914776922162957, -20.005106601798015 ], [ 105.00749866640092, -20.005106601798015 ], [ 105.114485294367796, -20.040768811120309 ], [ 105.214339480470215, -19.990841718069099 ], [ 105.321326108437106, -20.019371485526932 ], [ 105.399782968946141, -20.104960787900435 ], [ 105.422071849772792, -20.24983851327217 ], [ 105.657442431299927, -20.358608251705164 ], [ 105.692213085388943, -20.219079857731771 ], [ 105.813464597084732, -20.104960787900435 ], [ 105.992667198929482, -20.114322117847458 ], [ 106.055967620476324, -20.040768811120309 ], [ 105.977510759967288, -19.962311950611266 ], [ 105.991775643696201, -19.876722648237763 ], [ 106.170086690307656, -19.79113334586426 ], [ 106.262808434545619, -19.784000903999804 ], [ 106.348397736919125, -19.79113334586426 ], [ 106.34928929215242, -19.964540838693829 ], [ 106.466083027682686, -19.931999072687322 ], [ 106.565937213785105, -19.846409770313819 ], [ 106.580202097514032, -19.753688026075856 ], [ 106.651526516158611, -19.653833839973437 ], [ 106.801307795312241, -19.675231165566814 ], [ 106.944848187834708, -19.586521419877521 ], [ 107.093737911755042, -19.404198374717392 ], [ 107.150797446670708, -19.297211746750513 ], [ 107.301470281057647, -19.251296652247966 ], [ 107.321976051417707, -19.375668607259556 ], [ 107.372794699701998, -19.421583701762003 ], [ 107.3933004700623, -19.468390351497519 ], [ 107.367445368303649, -19.521437887864423 ], [ 107.300578725824337, -19.532582328277645 ], [ 107.272940513599806, -19.629316071064274 ], [ 107.350505818875547, -19.682363607431274 ], [ 107.400432911926757, -19.78935023539815 ], [ 107.408456909024522, -19.886083978184782 ], [ 107.514551981758089, -19.882071979636113 ], [ 107.593008842267139, -19.832144886584903 ], [ 107.67948969987394, -19.836156885133573 ], [ 107.664333260911718, -19.725158258618023 ], [ 107.757055005149681, -19.632436514380064 ], [ 107.821246981929804, -19.546847212006561 ], [ 107.880981182544659, -19.441197916889262 ], [ 107.934474496528097, -19.416234370363657 ], [ 107.936257606994218, -19.494691230872704 ], [ 107.895246066273586, -19.562449428585058 ], [ 107.87741496161243, -19.62485829489907 ], [ 107.909510950002499, -19.669436056551937 ], [ 107.961221153519816, -19.67478538795028 ], [ 107.979052258180971, -19.772856463586585 ], [ 108.007582025639039, -19.800494675811279 ], [ 108.045027345427215, -19.671219167018052 ], [ 108.107436211741216, -19.615942742568496 ], [ 108.126158871635425, -19.55175076578837 ], [ 108.131508203033775, -19.498257451804932 ], [ 108.152905528627144, -19.455462800618179 ], [ 108.192133958881669, -19.455462800618179 ], [ 108.227796168203966, -19.462595242482639 ], [ 108.258109046127913, -19.432282364558692 ], [ 108.291988144984089, -19.400186376168627 ], [ 108.311602360111351, -19.439414806423148 ], [ 108.30981924964523, -19.476860126211555 ], [ 108.334782796170842, -19.50182367273716 ], [ 108.38292677875593, -19.507173004135506 ], [ 108.423938319476562, -19.507173004135506 ], [ 108.390059220620387, -19.578497422780089 ], [ 108.391842331086508, -19.63199073676353 ], [ 108.382035223522877, -19.694399603077542 ], [ 108.348156124666701, -19.760374690323783 ], [ 108.317843246742754, -19.845963992697286 ], [ 108.257217490895087, -19.914613745642615 ], [ 108.310710804878283, -19.935119516003017 ], [ 108.35172234559893, -19.960083062528621 ], [ 108.383818333988984, -19.976131056723652 ], [ 108.415914322379052, -19.954733731130275 ], [ 108.460492084031912, -19.944035068333587 ], [ 108.526467171278156, -19.952950620664161 ], [ 108.553213828269875, -19.910155969477412 ], [ 108.54786449687154, -19.854879545027856 ], [ 108.549647607337647, -19.810301783374992 ], [ 108.571044932931031, -19.783555126383273 ], [ 108.612056473651663, -19.776422684518813 ], [ 108.651284903906188, -19.801386231044418 ], [ 108.692296444627075, -19.793362233946819 ], [ 108.71547688068631, -19.738977364730406 ], [ 108.688730223694591, -19.689050271679196 ], [ 108.64236935157561, -19.660520504221363 ], [ 108.624538246914469, -19.61772585303461 ], [ 108.679814671364014, -19.607027190237925 ], [ 108.742223537678029, -19.582063643712321 ], [ 108.799283072593695, -19.533919661127225 ], [ 108.833162171449871, -19.469727684347099 ], [ 108.85990882844159, -19.432282364558692 ], [ 108.913402142425028, -19.430499254092577 ], [ 108.970461677340708, -19.423366812228117 ], [ 109.01147321806134, -19.405535707566973 ], [ 109.0560509797142, -19.362741056380219 ], [ 109.075665194841463, -19.401969486634741 ], [ 109.064966532044778, -19.467944573880981 ], [ 109.070315863443128, -19.505389893669388 ], [ 109.102411851833182, -19.530353440194993 ], [ 109.095279409968725, -19.553533876254484 ], [ 109.068532752977006, -19.566015649517286 ], [ 109.027521212256374, -19.580280533246203 ], [ 108.975811008739043, -19.605244079771808 ], [ 108.977594119205165, -19.646255620492447 ], [ 108.997208334332427, -19.680134719348622 ], [ 108.981160340137393, -19.728278701933718 ], [ 108.957979904077902, -19.746109806594866 ], [ 108.991859002934078, -19.774639574052699 ], [ 109.043569206451409, -19.838831550832825 ], [ 109.084580747172041, -19.894107975282378 ], [ 109.122026066960444, -19.981480388121994 ], [ 109.118459846028216, -20.042106143969892 ], [ 109.081014526239812, -20.093816347487216 ], [ 109.015039438993568, -20.144634995771487 ], [ 108.959763014544009, -20.199911420221042 ], [ 108.927667026153955, -20.267669617933397 ], [ 108.911619031958921, -20.338994036577983 ], [ 108.902703479628343, -20.406752234290337 ], [ 108.854559497043255, -20.440631333146516 ], [ 108.818897287720958, -20.474510432002695 ], [ 108.76540397373752, -20.503040199460528 ], [ 108.867041270306046, -20.552967292511738 ], [ 108.979377229671272, -20.583280170435685 ], [ 109.091713189036497, -20.60824371696129 ], [ 109.149664279185217, -20.644797481516644 ], [ 109.22098869782981, -20.698290795500082 ], [ 109.274482011813248, -20.76604899321244 ], [ 109.292313116474389, -20.865903179314859 ], [ 109.401082854907386, -20.926528935162757 ], [ 109.486672157280893, -20.937227597959442 ], [ 109.557996575925472, -20.908697830501609 ], [ 109.60614055851056, -20.908697830501609 ], [ 109.670332535290697, -20.94792626075613 ], [ 109.752355616731961, -20.965757365417279 ], [ 109.848643581902152, -21.015684458468488 ], [ 109.903920006351711, -21.056695999189124 ], [ 109.921751111012853, -21.167248848088231 ], [ 109.965437317432929, -21.221633717304655 ], [ 110.039436401776427, -21.226091493470012 ], [ 110.080447942497059, -21.176164400418795 ], [ 110.108977709954885, -21.094141318977524 ], [ 110.173169686735022, -21.072743993384147 ], [ 110.251626547244058, -21.062045330587459 ], [ 110.280156314701898, -21.019250679400709 ], [ 110.344348291482021, -21.029949342197398 ], [ 110.376444279872089, -21.090575098045296 ], [ 110.469166024110052, -21.119104865503129 ], [ 110.551189105551316, -21.111972423638669 ], [ 110.640344628857051, -21.147634632960962 ], [ 110.683139280043804, -21.272452365588986 ], [ 110.729500152162785, -21.308114574911279 ], [ 110.793692128942908, -21.308114574911279 ], [ 110.836486780129661, -21.333078121436884 ], [ 110.861450326655259, -21.407968761013699 ], [ 110.929208524367624, -21.468594516861597 ], [ 110.98626805928329, -21.450763412200448 ], [ 111.0361951523345, -21.489991842454973 ], [ 111.068291140724568, -21.582713586692932 ], [ 111.078989803521253, -21.675435330930892 ], [ 111.0361951523345, -21.785988179829999 ], [ 111.146748001233604, -21.810951726355604 ], [ 111.235903524539339, -21.785988179829999 ], [ 111.328625268777301, -21.796686842626688 ], [ 111.446310559540862, -21.860878819406814 ], [ 111.514068757253227, -21.885842365932419 ], [ 111.560429629372194, -21.960733005509233 ], [ 111.629970937550667, -21.92507079618694 ], [ 111.687030472466333, -21.882276145000191 ], [ 111.747656228314241, -21.857312598474586 ], [ 111.761921112043154, -21.796686842626688 ], [ 111.872473960942258, -21.800253063558916 ], [ 111.936665937722381, -21.761024633304395 ], [ 111.993725472638062, -21.711097540253185 ], [ 112.043652565689271, -21.79312062169446 ], [ 112.157771635520604, -21.807385505423376 ], [ 112.225529833232955, -21.771723296101083 ], [ 112.268324484419708, -21.803819284491148 ], [ 112.289721810013077, -21.843047714745669 ], [ 112.350347565860986, -21.832349051948981 ], [ 112.414539542641108, -21.828782831016753 ], [ 112.471599077556775, -21.853746377542357 ], [ 112.492996403150158, -21.946468121780317 ], [ 112.485863961285688, -22.021358761357131 ], [ 112.425238205437793, -22.042756086950508 ], [ 112.361046228657671, -22.053454749747193 ], [ 112.289721810013077, -22.064153412543881 ], [ 112.325384019335374, -22.139044052120695 ], [ 112.328950240267602, -22.210368470765282 ], [ 112.38244355425104, -22.303090215003241 ], [ 112.350347565860986, -22.374414633647827 ], [ 112.321817798403146, -22.431474168563497 ], [ 112.358371562958794, -22.468027933118798 ], [ 112.416322653107216, -22.454654604623002 ], [ 112.50547817641295, -22.426124837165169 ], [ 112.55540526946416, -22.379763965046187 ], [ 112.608898583447598, -22.436823499961857 ], [ 112.665958118363264, -22.518846581403128 ], [ 112.662391897431036, -22.632965651234464 ], [ 112.616031025312054, -22.665061639624529 ], [ 112.626729688108753, -22.747084721065804 ], [ 112.687355443956648, -22.80414425598147 ], [ 112.758679862601227, -22.846938907168223 ], [ 112.755113641668999, -22.957491756067327 ], [ 112.808606955652436, -23.060912163101978 ], [ 112.890630037093715, -23.110839256153188 ], [ 113.008315327857275, -23.096574372424268 ], [ 113.115301955824151, -23.114405477085416 ], [ 113.200891258197657, -23.107273035220956 ], [ 113.31501032802899, -23.064478384034206 ], [ 113.389900967605811, -22.943226872338411 ], [ 113.425563176928108, -22.857637569964908 ], [ 113.482622711843774, -22.836240244371535 ], [ 113.500843737995041, -22.775142966364029 ], [ 113.518048978028403, -22.677646606175035 ], [ 113.581134858150691, -22.482653885797045 ], [ 113.649955818284099, -22.339276885519116 ], [ 113.781862658539794, -22.161489405174478 ], [ 113.908034418784368, -22.081198285018836 ], [ 114.085821899129016, -22.023847484907662 ], [ 114.171848099295772, -21.989437004840958 ], [ 114.280814619506998, -21.960761604785372 ], [ 114.424191619784935, -21.909145884685316 ], [ 114.55609846004063, -21.827420994526896 ], [ 114.642124660207386, -21.712719394304553 ], [ 114.688005300296325, -21.580812554048855 ], [ 114.722415780363036, -21.355710663612502 ], [ 114.722415780363036, -21.246744143401273 ], [ 114.693740380307446, -21.063221583045522 ], [ 114.58477386009622, -20.971460302867644 ], [ 114.458602099851632, -20.896904262723119 ], [ 114.320960179584816, -20.816613142567476 ], [ 114.223463819395832, -20.753527262445186 ], [ 114.160377939273531, -20.633090582211725 ], [ 114.143172699240182, -20.455303101867088 ], [ 114.194788419340242, -20.306191021578037 ], [ 114.318092639579262, -20.167115331308448 ], [ 114.415588999768261, -20.035208491052753 ], [ 114.501615199935017, -19.857421010708116 ], [ 114.62205188016847, -19.714044010430182 ], [ 114.719548240357469, -19.599342410207839 ], [ 114.880130480668754, -19.496110970007727 ], [ 115.109533681113447, -19.421554929863202 ], [ 115.318864101519225, -19.357035279738131 ], [ 115.485181421841631, -19.265273999560254 ], [ 115.708849542275203, -19.127632079293438 ], [ 115.875166862597609, -19.127632079293438 ], [ 116.064424502964471, -19.093221599226734 ], [ 116.090655442687449, -19.006443257419168 ], [ 116.079373318075426, -18.904904135910861 ], [ 115.97219313426109, -18.769518640566453 ], [ 115.904500386588893, -18.611568895997976 ], [ 115.904500386588893, -18.419772777593398 ], [ 115.966552071955078, -18.244899846106872 ], [ 116.085014380381438, -18.058744790008312 ], [ 116.141425003441611, -17.83874336007365 ], [ 116.107578629605499, -17.573613431690848 ], [ 116.0737322557694, -17.387458375592288 ], [ 116.096296504993475, -17.206944381799744 ], [ 116.147066065747623, -17.026430388007199 ], [ 116.226040938031858, -16.861429315556205 ], [ 116.355785371070255, -16.690787180799191 ], [ 116.479888741802625, -16.561042747760798 ], [ 116.536299364862799, -16.40873406549834 ], [ 116.479888741802625, -16.216937947093761 ], [ 116.406554931824402, -16.126680950197489 ], [ 116.395272807212365, -16.019500766383167 ], [ 116.400913869518391, -15.906679520262827 ], [ 116.440401305660501, -15.84462783489664 ], [ 116.581427863310935, -15.737447651082316 ], [ 116.632197424065083, -15.607703218043925 ], [ 116.637838486371095, -15.483599847311552 ], [ 116.592709987922973, -15.353855414273161 ], [ 116.491170866414663, -15.229752043540786 ], [ 116.378349620294316, -15.167700358174599 ], [ 116.265528374173982, -15.100007610502395 ], [ 116.158348190359661, -15.015391675912142 ], [ 116.124501816523548, -14.94205786593392 ], [ 116.090655442687449, -14.82923661981358 ], [ 117.008669741371506, -14.123811137197061 ], [ 116.547873842554111, -11.982796046350661 ], [ 116.643404699626061, -11.645628315508713 ], [ 116.840085875950479, -10.971292853824805 ], [ 117.137917371527578, -10.341913089586496 ], [ 117.31212069912921, -7.796296721729755 ], [ 116.997430817010056, -6.829749226649492 ], [ 116.233183960434957, -6.200369462411182 ], [ 115.334070011523082, -5.728334639232449 ], [ 114.52486745750241, -5.548511849450074 ], [ 114.315225099573695, -5.559866542992697 ], [ 114.280814619506998, -5.640157663148339 ], [ 114.160377939273531, -5.691773383248394 ], [ 114.051411419062305, -5.731918943326216 ], [ 113.936709818839958, -5.772064503404037 ], [ 113.833478378639853, -5.840885463537444 ], [ 113.770392498517552, -5.938381823726438 ], [ 113.735982018450855, -6.030143103904315 ], [ 113.707306618395265, -6.156314864148896 ], [ 113.701571538384158, -6.248076144326772 ], [ 113.63275057825075, -6.282486624393475 ], [ 113.621280418228508, -6.397188224615822 ], [ 113.592605018172918, -6.425863624671408 ], [ 113.52378405803951, -6.408658384638056 ], [ 113.500843737995041, -6.345572504515766 ], [ 113.477903417950571, -6.240907294312875 ], [ 113.466433257928344, -6.137675854112764 ], [ 113.437757857872754, -6.074589973990474 ], [ 113.437757857872754, -5.994298853834832 ], [ 113.472168337939465, -5.896802493645838 ], [ 113.495108657983934, -5.799306133456844 ], [ 113.489373577972813, -5.724750093312319 ], [ 113.477903417950571, -5.673134373212264 ], [ 113.506578818006162, -5.615783573101091 ], [ 113.569664698128449, -5.587108173045504 ], [ 113.57539977813957, -5.48961181285651 ], [ 113.5524594580951, -5.420790852723103 ], [ 113.5524594580951, -5.369175132623047 ], [ 113.540989298072873, -5.311824332511875 ], [ 113.495108657983934, -5.294619092478523 ], [ 113.414817537828284, -5.30035417248964 ], [ 113.345996577694876, -5.270245002431274 ], [ 113.311586097628179, -5.201424042297866 ], [ 113.277175617561468, -5.144073242186693 ], [ 113.225559897461423, -5.121132922142224 ], [ 113.179679257372484, -5.109662762119989 ], [ 113.116593377250183, -5.109662762119989 ], [ 113.064977657150138, -5.103927682108872 ], [ 113.013361937050078, -5.040841801986581 ], [ 113.013361937050078, -4.96055068183094 ], [ 113.036302257094547, -4.868789401653063 ], [ 113.042037337105668, -4.794233361508538 ], [ 112.99615669701673, -4.731147481386248 ], [ 112.950276056927791, -4.679531761286192 ], [ 112.950276056927791, -4.59924064113055 ], [ 112.97321637697226, -4.547624921030494 ], [ 113.019097017061199, -4.513214440963791 ], [ 113.024832097072306, -4.478803960897087 ], [ 113.001891777027836, -4.415718080774797 ], [ 112.967481296961139, -4.358367280663624 ], [ 112.904395416838852, -4.32395680059692 ], [ 112.852779696738793, -4.220725360396809 ], [ 112.881455096794383, -4.144735550249505 ], [ 112.938805896905549, -4.093119830149449 ], [ 113.036302257094547, -4.064444430093863 ], [ 113.110858297239076, -4.047239190060512 ], [ 113.110858297239076, -3.972683149915986 ], [ 113.105123217227955, -3.909597269793696 ], [ 113.064977657150138, -3.846511389671406 ], [ 113.019097017061199, -3.789160589560233 ], [ 112.961746216950019, -3.754750109493529 ], [ 112.921600656872201, -3.720339629426825 ], [ 112.858514776749914, -3.662988829315653 ], [ 112.829839376694324, -3.588432789171128 ], [ 112.761018416560916, -3.542552149082189 ], [ 112.726607936494219, -3.45652594891543 ], [ 112.743813176527567, -3.376234828759788 ] ] ] ] } },
{ "type": "Feature", "properties": { "id": 88, "name": "Realm of Jhogwin", "type": "country", "size": 3, "active": false }, "geometry": { "type": "MultiPolygon", "coordinates": [ [ [ [ 92.395558339572148, 11.88716141751172 ], [ 92.411606333767182, 11.94065473149516 ], [ 92.504328078005145, 12.004846708275286 ], [ 92.504328078005145, 12.085086679250445 ], [ 92.556038281522476, 12.143929324632227 ], [ 92.584568048980302, 12.229964404622258 ], [ 92.48828008381011, 12.311987486063531 ], [ 92.416955665165531, 12.308421265131301 ], [ 92.345631246520938, 12.356565247716397 ], [ 92.301053484868078, 12.415407893098179 ], [ 92.217247292960693, 12.40827545123372 ], [ 92.145922874316099, 12.449286991954358 ], [ 92.088863339400433, 12.479599869878305 ], [ 92.065682903340942, 12.522394521065056 ], [ 92.083514008002098, 12.572321614116266 ], [ 92.072815345205413, 12.622248707167476 ], [ 92.033586914950888, 12.681091352549259 ], [ 91.969394938170751, 12.729235335134353 ], [ 91.946214502111275, 12.784511759583907 ], [ 92.003274037026941, 12.845137515431805 ], [ 92.039003491431941, 12.889131440493454 ], [ 92.030656957631734, 12.930446782804504 ], [ 92.008955969751185, 12.962163611245311 ], [ 91.968892607510156, 13.007234893766457 ], [ 91.960546073709949, 13.068999243888026 ], [ 91.953868846669778, 13.119078446689299 ], [ 91.910466870908678, 13.145787354849979 ], [ 91.870403508667664, 13.157472502170275 ], [ 91.810308465306136, 13.184181410330954 ], [ 91.753552035464693, 13.210890318491634 ], [ 91.730181740824094, 13.269316055093118 ], [ 91.691787685343115, 13.295607636563787 ], [ 91.650889669722076, 13.269733381783128 ], [ 91.622511454801355, 13.206299724901516 ], [ 91.564085718199877, 13.179590816740838 ], [ 91.51066790187852, 13.166236362660499 ], [ 91.492305527518042, 13.136188840979734 ], [ 91.490636220758006, 13.091117558458588 ], [ 91.435549097676599, 13.076093797618208 ], [ 91.385469894875328, 13.05773142325774 ], [ 91.329548118413911, 13.058566076637762 ], [ 91.278634262232615, 13.049384889457528 ], [ 91.218539218871086, 13.059400730017783 ], [ 91.175137243109987, 13.091117558458588 ], [ 91.091671905107859, 13.10614131929897 ], [ 91.056616463146966, 13.139527454499818 ], [ 90.995686766405427, 13.162897749140413 ], [ 90.937261029803935, 13.156220522100243 ], [ 90.887181827002664, 13.122834386899395 ], [ 90.873827372922321, 13.072755184098122 ], [ 90.807055102520636, 13.049384889457528 ], [ 90.753637286199265, 13.056062116497698 ], [ 90.711904617198215, 13.047715582697485 ], [ 90.683526402277494, 13.074424490858165 ], [ 90.680187788757408, 13.107810626059013 ], [ 90.656817494116808, 13.151212601820117 ], [ 90.59672245075528, 13.167905669420541 ], [ 90.559997702034352, 13.164567055900456 ], [ 90.526611566833495, 13.177921509980795 ], [ 90.541635327673887, 13.209638338421602 ], [ 90.601730371035416, 13.211307645181645 ], [ 90.64012442651638, 13.216315565461771 ], [ 90.708566003678129, 13.221323485741898 ], [ 90.750298672679193, 13.259717541222875 ], [ 90.777007580839864, 13.321481891344444 ], [ 90.790362034920207, 13.396600695546354 ], [ 90.775338274079829, 13.477144746718402 ], [ 90.795369955200329, 13.553932857680353 ], [ 90.763653126759522, 13.615697207801922 ], [ 90.723589764518508, 13.659099183563026 ], [ 90.678518481997358, 13.672453637643367 ], [ 90.665164027917029, 13.7091783863643 ], [ 90.680187788757408, 13.754249668885445 ], [ 90.721920457758472, 13.75758828240553 ], [ 90.755306592959315, 13.779289270286082 ], [ 90.771999660559743, 13.851069460967906 ], [ 90.763653126759522, 13.911164504329435 ], [ 90.716912537478336, 13.919511038129645 ], [ 90.675179868477287, 13.935786779040059 ], [ 90.626769972436051, 13.961243707130707 ], [ 90.53161948711363, 13.957905093610622 ], [ 90.449823455871552, 13.947889253050366 ], [ 90.390563065890063, 13.961243707130707 ], [ 90.352169010409085, 13.987952615291386 ], [ 90.290404660287507, 13.996299149091598 ], [ 90.251175951426518, 13.985865981841332 ], [ 90.225301696645857, 13.961243707130707 ], [ 90.2386561507262, 13.932865492209986 ], [ 90.230309616925979, 13.907825890809349 ], [ 90.19358486820505, 13.889463516448883 ], [ 90.140167051883694, 13.879447675888628 ], [ 90.101772996402715, 13.882786289408712 ], [ 90.056701713881566, 13.872770448848458 ], [ 90.046685873321309, 13.84606154068778 ], [ 90.048355180081359, 13.816014019007016 ], [ 90.075064088242044, 13.800990258166633 ], [ 90.090087849082423, 13.767604122965784 ], [ 90.078402701762116, 13.730879374244852 ], [ 90.048355180081359, 13.727540760724766 ], [ 90.016638351640552, 13.72420214720468 ], [ 89.978244296159573, 13.712516999884384 ], [ 89.956543308279024, 13.672453637643367 ], [ 89.959881921799109, 13.635728888922433 ], [ 89.979913602919623, 13.604012060481626 ], [ 89.989929443479866, 13.565618005000649 ], [ 89.966559148839281, 13.550594244160269 ], [ 89.931503706878388, 13.543917017120098 ], [ 89.909802718997838, 13.512200188679293 ], [ 89.898117571677545, 13.468798212918189 ], [ 89.856384902676481, 13.435412077717341 ], [ 89.834683914795932, 13.385332874916067 ], [ 89.793785899174893, 13.361545253585463 ], [ 89.789612632274782, 13.393679408716279 ], [ 89.797959166074989, 13.448766531797681 ], [ 89.814652233675417, 13.515538802199377 ], [ 89.843030448596139, 13.587318992881201 ], [ 89.833014608035882, 13.64073680920256 ], [ 89.817990847195503, 13.685808091723706 ], [ 89.846369062116224, 13.730879374244852 ], [ 89.861392822956603, 13.816014019007016 ], [ 89.899786878437581, 13.866093221808288 ], [ 89.944858160958731, 13.919511038129645 ], [ 89.936511627158509, 13.971259547690961 ], [ 89.91481063927796, 14.019669443732191 ], [ 89.896448264917495, 14.076425873573635 ], [ 89.87307797027691, 14.104804088494356 ], [ 89.866400743236738, 14.139859530455247 ], [ 89.89310965139741, 14.184930812976393 ], [ 89.91481063927796, 14.213309027897115 ], [ 89.919818559558095, 14.260049617178302 ], [ 89.903125491957667, 14.303451592939405 ], [ 89.924826479838217, 14.356869409260764 ], [ 89.910533040705161, 14.389838217771128 ], [ 89.828841341135785, 14.391507524531644 ], [ 89.78043144509455, 14.376483763691262 ], [ 89.740368082853536, 14.36146000285088 ], [ 89.703643334132593, 14.363129309610922 ], [ 89.701974027372557, 14.393176831291687 ], [ 89.693627493572336, 14.421555046212408 ], [ 89.641878984011029, 14.444925340853002 ], [ 89.561752259528987, 14.434909500292747 ], [ 89.493310682367252, 14.441586727332917 ], [ 89.438223559285845, 14.468295635493595 ], [ 89.398160197044831, 14.498343157174359 ], [ 89.34808099424356, 14.535067905895293 ], [ 89.301340404962374, 14.583477801936523 ], [ 89.267954269761518, 14.646911458818137 ], [ 89.271292883281603, 14.685305514299111 ], [ 89.274631496801689, 14.742061944140554 ], [ 89.261277042721346, 14.808834214542252 ], [ 89.221213680480332, 14.830535202422803 ], [ 89.16612655739894, 14.86892925790378 ], [ 89.104362207277362, 14.902315393104628 ], [ 89.044267163915833, 14.939457468515572 ], [ 88.975825586754098, 14.939457468515572 ], [ 88.904045396072277, 14.946134695555742 ], [ 88.832265205390442, 14.961158456396124 ], [ 88.778847389069085, 14.981190137516633 ], [ 88.750469174148364, 14.997883205117057 ], [ 88.675350369946457, 15.027930726797821 ], [ 88.64363354150565, 15.062986168758712 ], [ 88.575191964343915, 15.099710917479646 ], [ 88.531789988582801, 15.12850645909038 ], [ 88.494230586481848, 15.125167845570294 ], [ 88.502577120282069, 15.081765869809191 ], [ 88.460844451281005, 15.07341933600898 ], [ 88.415773168759856, 15.055056961648512 ], [ 88.397410794399391, 15.023340133207707 ], [ 88.39073356735922, 14.993292611526943 ], [ 88.342323671317999, 14.978268850686561 ], [ 88.308937536117142, 14.978268850686561 ], [ 88.303929615837021, 14.999969838567113 ], [ 88.322291990197485, 15.020001519687622 ], [ 88.342323671317999, 15.055056961648512 ], [ 88.337315751037863, 15.093451017129489 ], [ 88.338985057797913, 15.123498538810253 ], [ 88.293913775276764, 15.136852992890592 ], [ 88.277220707676335, 15.173577741611526 ], [ 88.273882094156249, 15.206963876812374 ], [ 88.282228627956471, 15.250365852573477 ], [ 88.280559321196421, 15.298775748614707 ], [ 88.293913775276764, 15.337169804095684 ], [ 88.280559321196421, 15.388918313656999 ], [ 88.248842492755614, 15.410619301537551 ], [ 88.186243489254025, 15.423139102237865 ], [ 88.140337553352865, 15.444005436738399 ], [ 88.070226669431079, 15.440666823218315 ], [ 88.030163307190051, 15.420635142097805 ], [ 88.00345439902938, 15.383910393376871 ], [ 87.940020742147766, 15.345516337895896 ], [ 87.861563324425774, 15.340508417615769 ], [ 87.789783133743953, 15.350524258176023 ], [ 87.732192050522485, 15.359705445356253 ], [ 87.684616807861275, 15.318807429735218 ], [ 87.679608887581153, 15.278744067494198 ], [ 87.632868298299954, 15.260381693133732 ], [ 87.591135629298904, 15.263720306653816 ], [ 87.544395040017704, 15.272066840454029 ], [ 87.52770197241729, 15.302114362134793 ], [ 87.554410880577962, 15.335500497335641 ], [ 87.57110394817839, 15.362209405496321 ], [ 87.601151469859147, 15.380571779856787 ], [ 87.57110394817839, 15.418965835337763 ], [ 87.52603266565724, 15.445674743498442 ], [ 87.514347518336947, 15.475722265179206 ], [ 87.500993064256605, 15.510777707140097 ], [ 87.460929702015591, 15.520793547700352 ], [ 87.454252474975419, 15.545833149100988 ], [ 87.412519805974355, 15.577549977541794 ], [ 87.349086149092741, 15.597581658662303 ], [ 87.29900694629147, 15.580888591061878 ], [ 87.295668332771385, 15.5541796829012 ], [ 87.242250516450028, 15.525801467980479 ], [ 87.165462405488071, 15.497423253059758 ], [ 87.097020828326336, 15.495753946299715 ], [ 87.037760438344833, 15.485738105739459 ], [ 87.021067370744404, 15.447344050258485 ], [ 87.006043609904026, 15.410619301537551 ], [ 86.999366382863855, 15.380571779856787 ], [ 86.967649554423048, 15.35553217845615 ], [ 86.929255498942069, 15.343847031135853 ], [ 86.899207977261312, 15.363878712256362 ], [ 86.882514909660884, 15.387249006896957 ], [ 86.880845602900848, 15.415627221817678 ], [ 86.869160455580541, 15.440666823218315 ], [ 86.849128774460041, 15.465706424618951 ], [ 86.830766400099563, 15.509108400380054 ], [ 86.789033731098513, 15.523297507840411 ], [ 86.742293141817328, 15.477391571939249 ], [ 86.672182257895543, 15.464037117858908 ], [ 86.622103055094271, 15.464037117858908 ], [ 86.603740680733793, 15.433154942798121 ], [ 86.545314944132315, 15.397264847457212 ], [ 86.510259502171422, 15.353862871696109 ], [ 86.495235741331044, 15.303783668894836 ], [ 86.423455550649223, 15.278744067494198 ], [ 86.376714961368023, 15.270397533693986 ], [ 86.318289224766545, 15.25871238637369 ], [ 86.243170420564638, 15.242853972153283 ], [ 86.213957552263892, 15.193609422732035 ], [ 86.227312006344235, 15.143530219930762 ], [ 86.215626859023928, 15.08009656304915 ], [ 86.172224883262828, 15.018332212927579 ], [ 86.180571417063035, 14.973260930406433 ], [ 86.167216962982707, 14.933197568165415 ], [ 86.138838748061985, 14.898142126204524 ], [ 86.100444692581007, 14.87477183156393 ], [ 86.038680342459429, 14.886456978884226 ], [ 86.050365489779736, 14.913165887044906 ], [ 86.073735784420322, 14.939874795205585 ], [ 86.072066477660286, 14.983276770966688 ], [ 86.053704103299822, 15.016662906167536 ], [ 86.028664501899186, 15.035025280528004 ], [ 86.020317968098965, 15.078427256289107 ], [ 85.97608133895784, 15.105970817829803 ], [ 85.856725905614809, 15.113482698249998 ], [ 85.758236806772302, 15.091781710369446 ], [ 85.696472456650739, 15.105136164449785 ], [ 85.621353652448832, 15.131845072610464 ], [ 85.538722967826729, 15.152711407110992 ], [ 85.491982378545543, 15.115152005010041 ], [ 85.445241789264344, 15.115152005010041 ], [ 85.38514674590283, 15.123498538810253 ], [ 85.376800212102609, 15.093451017129489 ], [ 85.350091303941937, 15.038363894048087 ], [ 85.284988340300274, 15.025009439967748 ], [ 85.238247751019088, 15.058395575168598 ], [ 85.163128946817181, 15.070080722488894 ], [ 85.11304974401591, 15.111813391489955 ], [ 85.042938860094125, 15.126002498950312 ], [ 84.997867577572976, 15.111813391489955 ], [ 84.949457681531754, 15.070080722488894 ], [ 84.845960662409112, 15.048379734608343 ], [ 84.749140870326656, 15.025009439967748 ], [ 84.676978308257048, 15.023506053257966 ], [ 84.978038910431607, 14.931096546759559 ], [ 85.177831386301079, 14.843382776865644 ], [ 85.319148015574612, 14.648463288212499 ], [ 85.494575555362445, 14.370703016881766 ], [ 85.612734537805011, 14.142083631719931 ], [ 85.691407008334807, 13.838632673962174 ], [ 85.657690235250612, 13.563279027107914 ], [ 85.584637226901506, 13.221896699630433 ], [ 85.438531210203323, 12.761100800813098 ], [ 85.831893562852272, 12.547561237946528 ], [ 86.315167310392397, 12.201964313833528 ], [ 87.146847713135884, 11.640018095763608 ], [ 87.776227477374192, 11.235416818753265 ], [ 88.158350905661734, 10.920726936634109 ], [ 88.697819275008854, 10.606037054514955 ], [ 89.192331946910386, 10.336302869841393 ], [ 89.911623106039883, 9.976657290276643 ], [ 90.361180080495828, 9.751878803048676 ], [ 90.726445122241302, 9.456857038561967 ], [ 91.24343564286562, 8.939866517937642 ], [ 91.718740901328388, 8.70788827641184 ], [ 91.936954807444337, 8.688050648583117 ], [ 92.155168713560286, 8.78723878772673 ], [ 92.522164828391652, 8.608700137268224 ], [ 93.080999775954311, 8.722112358435551 ], [ 93.328256111905077, 8.991846543109112 ], [ 93.721618464554027, 9.160430408530088 ], [ 93.923919103059191, 9.418925668842252 ], [ 93.99697211140824, 9.749069071958326 ], [ 93.97449426268544, 10.20986497077566 ], [ 93.884582867794251, 10.485218617629922 ], [ 93.736457410090352, 10.707188066560365 ], [ 93.736457410090352, 10.744633386348772 ], [ 93.768553398480421, 10.815957804993356 ], [ 93.711493863564755, 10.873017339909026 ], [ 93.649084997250739, 10.887282223637943 ], [ 93.554580142546669, 10.896197775968515 ], [ 93.517134822758251, 10.946124869019725 ], [ 93.501086828563231, 11.013883066732081 ], [ 93.378052206401321, 11.056677717918832 ], [ 93.313860229621184, 11.131568357495647 ], [ 93.28176424123113, 11.211808328470806 ], [ 93.274631799366659, 11.290265188979848 ], [ 93.235403369112149, 11.317011845971567 ], [ 93.101670084153554, 11.306313183174881 ], [ 93.060658543432908, 11.372288270421121 ], [ 93.021430113178383, 11.445395799531822 ], [ 92.950105694533804, 11.51850332864252 ], [ 92.998249677118892, 11.555948648430928 ], [ 93.003599008517241, 11.600526410083795 ], [ 92.959021246864381, 11.646887282202774 ], [ 92.975069241059416, 11.707513038050672 ], [ 92.995575011419774, 11.782849455244602 ], [ 92.885022162520613, 11.792210785191116 ], [ 92.797649749681, 11.818957442182835 ], [ 92.676398237985211, 11.858185872437357 ], [ 92.620230258302598, 11.897860080308408 ], [ 92.500761857072916, 11.874679644248918 ], [ 92.395558339572148, 11.88716141751172 ] ] ] ] } },
{ "type": "Feature", "properties": { "id": 89, "name": "Patrimony of Hyrkoon", "type": "country", "size": 4, "active": false }, "geometry": { "type": "MultiPolygon", "coordinates": [ [ [ [ 90.17826047495852, -5.759391310391469 ], [ 90.506352800723619, -5.631007356831214 ], [ 90.734590940386298, -5.944834798867395 ], [ 90.784518033437507, -6.319287996751473 ], [ 90.484955475130249, -6.362082647938225 ], [ 90.313776870383236, -6.633115438787653 ], [ 89.871565474786806, -6.718704741161157 ], [ 89.914360125973545, -7.118121485570842 ], [ 90.213922684280817, -7.203710787944346 ], [ 90.114068498178398, -7.403419160149189 ], [ 89.785976172413299, -7.28930009031785 ], [ 89.6290624513952, -7.44621381133594 ], [ 89.543473149021708, -7.6601870672697 ], [ 89.293837683765645, -7.792137241762187 ], [ 89.265307916307819, -8.077434916340534 ], [ 89.465016288512658, -8.077434916340534 ], [ 89.636194893259656, -8.334202823461045 ], [ 89.892962800380175, -8.319937939732128 ], [ 90.092671172585014, -8.833473753973152 ], [ 89.693254428175337, -9.047447009906911 ], [ 89.693254428175337, -9.247155382111753 ], [ 89.407956753596991, -9.375539335672009 ], [ 89.136923962747559, -9.974664452286536 ], [ 89.804853324606597, -10.011769686470418 ], [ 89.778843730548843, -10.259962126864883 ], [ 90.021346753940435, -10.331286545509469 ], [ 90.221055126145274, -10.188637708220297 ], [ 90.363703963434446, -10.516730033985393 ], [ 90.368183075951819, -10.522552880257987 ], [ 90.506352800723619, -10.702173522461319 ], [ 90.862974893946557, -10.730703289919154 ], [ 91.219596987169481, -10.973206313310747 ], [ 91.533424429205667, -10.973206313310747 ], [ 91.661808382765926, -11.030265848226417 ], [ 91.918576289886431, -10.973206313310747 ], [ 92.218138848193689, -11.016000964497501 ], [ 92.474906755314208, -10.987471197039666 ], [ 92.931383034639566, -11.443947476365018 ], [ 93.131091406844405, -11.443947476365018 ], [ 93.487713500067343, -11.7577749184012 ], [ 93.946396951781935, -11.700418071770528 ], [ 94.834271976332403, -11.520595281988154 ], [ 95.913208715026656, -11.295816794760185 ], [ 96.834800512661289, -11.040131265538372 ], [ 97.396746730731209, -10.542808862546492 ], [ 97.666480915404776, -9.983672375566922 ], [ 97.767631234657358, -9.062080577932253 ], [ 97.902498326994149, -8.30907264571856 ], [ 98.026126494969532, -7.452104663161931 ], [ 98.183471436029109, -6.373167924467683 ], [ 98.37453315017288, -5.426288547019869 ], [ 98.284621755281691, -3.973657573309125 ], [ 98.228427133474696, -3.16164528819809 ], [ 98.138515738583507, -2.161381020033632 ], [ 97.902498326994149, -0.913860415918409 ], [ 97.834237021520266, -0.614269130783078 ], [ 97.70019768848897, -0.025985391367935 ], [ 97.329313184562821, 1.055761078416662 ], [ 96.913472983191085, 2.067264270942518 ], [ 96.531349554903542, 2.876466824963203 ], [ 95.935686563749428, 3.859872706585562 ], [ 95.407457118763702, 4.545447092630865 ], [ 94.901705522500777, 5.039959764532395 ], [ 94.307551332976715, 5.541306934251949 ], [ 94.049662171203323, 5.709926770796094 ], [ 93.831448265087374, 5.709926770796094 ], [ 93.613234358971411, 5.759520840367901 ], [ 93.474370964170362, 6.057085257798744 ], [ 93.097456035424628, 5.719845584710455 ], [ 92.859404501479943, 5.739683212539179 ], [ 92.680865851021437, 5.670251515138649 ], [ 92.422976689248046, 5.987653560398214 ], [ 92.155168713560286, 5.908303049083322 ], [ 91.946873621358691, 5.977734746483852 ], [ 91.758416156985831, 5.828952537768431 ], [ 91.490608181298072, 6.017410002141299 ], [ 91.23271901952468, 5.571063375995034 ], [ 90.974829857751274, 5.600819817738119 ], [ 90.826047649035857, 5.571063375995034 ], [ 90.587996115091187, 5.392524725536528 ], [ 90.052109660557363, 5.017481915809598 ], [ 89.720099897584561, 4.802355297632023 ], [ 89.591155316697851, 4.475034438458096 ], [ 89.263834457523927, 4.42544036888629 ], [ 89.144808690551585, 4.15763239319853 ], [ 88.966270040093079, 4.2171452766847 ], [ 88.995650770585911, 4.005978723283742 ], [ 89.174565132294674, 3.770798650538435 ], [ 89.035701737493611, 3.502990674850676 ], [ 88.906757156606915, 3.245101513077279 ], [ 88.74805613397713, 3.364127280049616 ], [ 88.400897646974485, 3.145913373933665 ], [ 88.331465949573953, 2.947537095646436 ], [ 88.113252043458004, 2.945057392167846 ], [ 88.023982718228751, 2.707005858223172 ], [ 88.152927299115447, 2.429279068621051 ], [ 88.291790693916511, 2.359847371220521 ], [ 88.252115438259068, 2.131714651190209 ], [ 88.470329344375017, 1.913500745074257 ], [ 88.629030367004802, 1.44731649109927 ], [ 88.74805613397713, 1.437397677184908 ], [ 88.827406645292029, 1.090239190182258 ], [ 89.015864109664889, 1.100158004096619 ], [ 89.085295807065421, 1.000969864953005 ], [ 88.986107667921814, 0.782755958837054 ], [ 88.728218506148409, 0.723243075350885 ], [ 88.738137320062776, 0.475272727491849 ], [ 88.877000714863826, 0.346328146605151 ], [ 89.134889876637232, 0.386003402262596 ], [ 89.38286022449627, 0.108276612660476 ], [ 89.501885991468598, 0.108276612660476 ], [ 89.809369222813814, -0.397582896971957 ], [ 89.640749386269661, -0.496771036115571 ], [ 89.571317688869129, -0.734822570060245 ], [ 89.321579577066501, -0.922289609189458 ], [ 89.164646318380321, -1.1836488996851 ], [ 89.063084316754299, -1.506713675982175 ], [ 88.872022602610528, -1.956270650438111 ], [ 88.725916585912387, -2.445163860158942 ], [ 88.692199812828193, -2.66994234738691 ], [ 88.673315241557745, -2.906414564608005 ], [ 88.636005191021169, -3.406091893058505 ], [ 88.737155510273752, -3.7966445146171 ], [ 88.766036985795708, -4.00481061173464 ], [ 88.84954475388777, -4.445692396487858 ], [ 88.995650770585911, -4.819386631504355 ], [ 89.152995711645517, -5.097550009448965 ], [ 89.433968820680448, -5.313899303405885 ], [ 89.793108614277756, -5.502623403270958 ], [ 90.17826047495852, -5.759391310391469 ] ] ] ] } },
{ "type": "Feature", "properties": { "id": 90, "name": "N'Ghai", "type": "country", "size": 3, "active": false }, "geometry": { "type": "MultiPolygon", "coordinates": [ [ [ [ 113.270462284883948, 6.001084050359547 ], [ 113.485266954073055, 5.778919041294341 ], [ 113.631372970771238, 5.284406369392811 ], [ 113.687567592578233, 4.58759305898611 ], [ 113.642611895132632, 4.003168992193393 ], [ 113.631372970771238, 3.508656320291863 ], [ 113.552700500241443, 3.081577194558724 ], [ 113.608895122048438, 2.68821484190978 ], [ 113.667161058317447, 2.076392491809977 ], [ 113.489373577972813, 2.093597731843329 ], [ 113.403347377806057, 2.059187251776625 ], [ 113.248500217505878, 2.001836451665453 ], [ 113.087917977194607, 2.001836451665453 ], [ 112.898660336827731, 2.001836451665453 ], [ 112.835574456705444, 1.978896131620983 ], [ 112.783958736605385, 1.915810251498693 ], [ 112.772488576583143, 1.824048971320817 ], [ 112.669257136383038, 1.73228769114294 ], [ 112.60043617624963, 1.709347371098471 ], [ 112.554555536160692, 1.623321170931711 ], [ 112.525880136105101, 1.560235290809421 ], [ 112.525880136105101, 1.474209090642662 ], [ 112.080401408898254, 1.317066069819174 ], [ 111.698277980610712, 1.215915750566589 ], [ 111.05765929201101, 1.114765431314003 ], [ 110.428279527772688, 1.024854036422816 ], [ 109.843855460979981, 1.047331885145613 ], [ 109.158281074934678, 0.912464792808832 ], [ 108.860449579357606, 0.99675672551932 ], [ 108.854830117176917, 1.305827145457776 ], [ 108.989697209513693, 1.665472725022525 ], [ 109.113325377489076, 2.137507548201258 ], [ 108.955980436429499, 2.519630976488803 ], [ 108.551379159419156, 2.834320858607959 ], [ 108.214211428577201, 3.182727513811309 ], [ 107.933238319542241, 3.362550303593684 ], [ 107.854565849012459, 3.643523412628644 ], [ 108.13553895804742, 3.868301899856612 ], [ 108.719963024840141, 3.868301899856612 ], [ 109.25943139418726, 3.834585126772417 ], [ 109.54040450322222, 3.958213294747799 ], [ 109.765182990450185, 4.171752857614369 ], [ 109.978722553316757, 4.497681664094923 ], [ 110.164164805279825, 4.975335949454355 ], [ 110.370292548764027, 5.35434988429976 ], [ 110.455049732920003, 5.346979694373153 ], [ 110.53612182211269, 5.35434988429976 ], [ 110.624564101231968, 5.288018174960296 ], [ 110.687210715608131, 5.358034979263063 ], [ 110.84566979903019, 5.35434988429976 ], [ 110.941482268076072, 5.324869124593332 ], [ 111.062050254093407, 5.321748681278078 ], [ 111.12573701624126, 5.229056655547438 ], [ 111.147847586021072, 5.144299471391457 ], [ 111.099941351498131, 5.019006242639135 ], [ 111.110996636388037, 4.95267453329967 ], [ 111.173643250764201, 4.978470198042795 ], [ 111.199438915507329, 5.05585719227217 ], [ 111.254626184433803, 5.193364727717823 ], [ 111.372638378782597, 5.254852320290563 ], [ 111.486876322645003, 5.30275855481351 ], [ 111.579003696727597, 5.324869124593332 ], [ 111.626909931250538, 5.405941213786011 ], [ 111.732499789352516, 5.421602867380498 ], [ 111.792739204599201, 5.394885928896099 ], [ 111.862756008901968, 5.380145549042886 ], [ 111.932772813204735, 5.380145549042886 ], [ 111.965938667874468, 5.472272923125475 ], [ 112.061751136920364, 5.501753682831903 ], [ 112.113342466406621, 5.608621436767707 ], [ 112.131916533762208, 5.678370774501008 ], [ 112.319707784351621, 5.674953146107181 ], [ 112.518702912370003, 5.741284855446645 ], [ 112.607145191489295, 5.667582956180573 ], [ 112.680847090755364, 5.586510866987894 ], [ 112.621885571342503, 5.46858782816218 ], [ 112.725068230315003, 5.490698397942002 ], [ 112.806140319507691, 5.638102196474145 ], [ 112.887212408700364, 5.638102196474145 ], [ 112.98302487774626, 5.608621436767717 ], [ 113.049356587085725, 5.748655045373252 ], [ 113.034616207232503, 5.85920789427236 ], [ 113.106475559016943, 5.897901391387047 ], [ 113.143326508649977, 5.975288385616422 ], [ 113.211500765471101, 6.006611692804503 ], [ 113.270462284883948, 6.001084050359547 ] ] ] ] } },
{ "type": "Feature", "properties": { "id": 91, "name": "Jogos Nhai", "type": "country", "size": 4, "active": true }, "geometry": { "type": "MultiPolygon", "coordinates": [ [ [ [ 112.743813176527567, -3.376234828759788 ], [ 112.738078096516446, -3.301678788615263 ], [ 112.703667616449749, -3.215652588448504 ], [ 112.68072729640528, -3.146831628315097 ], [ 112.6233764962941, -3.100950988226158 ], [ 112.560290616171812, -3.072275588170572 ], [ 112.497204736049525, -3.009189708048281 ], [ 112.497204736049525, -2.933199897900977 ], [ 112.531615216116222, -2.858643857756452 ], [ 112.606171256260751, -2.807028137656397 ], [ 112.686462376416387, -2.766882577578576 ], [ 112.732343016505325, -2.703796697456286 ], [ 112.726607936494219, -2.623505577300643 ], [ 112.709402696460856, -2.571889857200588 ], [ 112.657786976360811, -2.554684617167236 ], [ 112.6233764962941, -2.531744297122767 ], [ 112.577495856205161, -2.52600921711165 ], [ 112.531615216116222, -2.491598737044946 ], [ 112.508674896071753, -2.451453176967125 ], [ 112.548820456149571, -2.399837456867069 ], [ 112.611906336271872, -2.365426976800365 ], [ 112.640581736327448, -2.319546336711427 ], [ 112.686462376416387, -2.302341096678075 ], [ 112.738078096516446, -2.273665696622489 ], [ 112.743813176527567, -2.222049976522433 ], [ 112.709402696460856, -2.176169336433495 ], [ 112.709402696460856, -2.118818536322322 ], [ 112.789693816616506, -2.072937896233384 ], [ 112.852779696738793, -2.032792336155563 ], [ 112.910130496849959, -1.963971376022155 ], [ 112.881455096794383, -1.900885495899865 ], [ 112.824104296683203, -1.830630765763678 ], [ 112.761018416560916, -1.78475012567474 ], [ 112.697932536438628, -1.704459005519098 ], [ 112.674992216394159, -1.618432805352339 ], [ 112.703667616449749, -1.549611845218931 ], [ 112.755283336549795, -1.475055805074406 ], [ 112.755283336549795, -1.38329452489653 ], [ 112.738078096516446, -1.303003404740888 ], [ 112.703667616449749, -1.251387684640832 ], [ 112.634846656316341, -1.23418244460748 ], [ 112.594701096238509, -1.188301804518542 ], [ 112.548820456149571, -1.130951004407369 ], [ 112.491469656038404, -1.079335284307313 ], [ 112.468529335993935, -1.02198448419614 ], [ 112.497204736049525, -0.970368764096085 ], [ 112.520145056093995, -0.913017963984912 ], [ 112.548820456149571, -0.861402243884856 ], [ 112.583230936216282, -0.838461923840387 ], [ 112.57176077619404, -0.786846203740331 ], [ 112.502939816060632, -0.723760323618041 ], [ 112.508674896071753, -0.676445913526323 ], [ 112.560290616171812, -0.624830193426267 ], [ 112.657786976360811, -0.561744313303977 ], [ 112.686462376416387, -0.492923353170569 ], [ 112.726607936494219, -0.452777793092748 ], [ 112.772488576583143, -0.401162072992693 ], [ 112.778223656594264, -0.320870952837051 ], [ 112.795428896627612, -0.269255232736995 ], [ 112.904395416838852, -0.246314912692526 ], [ 112.961746216950019, -0.154553632514649 ], [ 112.950276056927791, -0.085732672381242 ], [ 112.910130496849959, -0.057057272325655 ], [ 112.824104296683203, -0.057057272325655 ], [ 112.766753496572036, 0.023233847829987 ], [ 112.772488576583143, 0.069114487918925 ], [ 112.732343016505325, 0.120730208018981 ], [ 112.674992216394159, 0.155140688085685 ], [ 112.594701096238509, 0.189551168152388 ], [ 112.543085376138464, 0.246901968263561 ], [ 112.525880136105101, 0.298517688363617 ], [ 112.531615216116222, 0.344398328452555 ], [ 112.520145056093995, 0.401749128563728 ], [ 112.457059175971693, 0.447629768652667 ], [ 112.353827735771588, 0.504980568763839 ], [ 112.325152335715998, 0.556596288863895 ], [ 112.296476935660408, 0.591006768930599 ], [ 112.330887415727119, 0.636887409019537 ], [ 112.365297895793816, 0.740118849219648 ], [ 112.405443455871648, 0.803204729341939 ], [ 112.514409976082874, 0.849085369430877 ], [ 112.577495856205161, 0.912171249553167 ], [ 112.611906336271872, 0.952316809630988 ], [ 112.65205189634969, 1.009667609742161 ], [ 112.60043617624963, 1.038343009797748 ], [ 112.479999496016163, 1.067018409853334 ], [ 112.382503135827179, 1.089958729897803 ], [ 112.342357575749347, 1.135839369986742 ], [ 112.330887415727119, 1.193190170097914 ], [ 112.330887415727119, 1.279216370264674 ], [ 112.428383775916117, 1.302156690309143 ], [ 112.479999496016163, 1.325097010353612 ], [ 112.543085376138464, 1.359507490420316 ], [ 112.566025696182933, 1.434063530564841 ], [ 112.525880136105101, 1.474209090642662 ], [ 112.080401408898254, 1.317066069819174 ], [ 111.698277980610712, 1.215915750566589 ], [ 111.05765929201101, 1.114765431314003 ], [ 110.428279527772688, 1.024854036422816 ], [ 109.843855460979981, 1.047331885145613 ], [ 109.158281074934678, 0.912464792808832 ], [ 108.860449579357606, 0.99675672551932 ], [ 108.854830117176917, 1.305827145457776 ], [ 108.989697209513693, 1.665472725022525 ], [ 109.113325377489076, 2.137507548201258 ], [ 108.955980436429499, 2.519630976488803 ], [ 108.551379159419156, 2.834320858607959 ], [ 108.214211428577201, 3.182727513811309 ], [ 107.933238319542241, 3.362550303593684 ], [ 107.854565849012459, 3.643523412628644 ], [ 108.13553895804742, 3.868301899856612 ], [ 108.719963024840141, 3.868301899856612 ], [ 109.25943139418726, 3.834585126772417 ], [ 109.54040450322222, 3.958213294747799 ], [ 109.765182990450185, 4.171752857614369 ], [ 109.978722553316757, 4.497681664094923 ], [ 110.164164805279825, 4.975335949454355 ], [ 110.370292548764027, 5.35434988429976 ], [ 110.285535364608037, 5.383830644006188 ], [ 110.31870121927777, 5.483328208015386 ], [ 110.373977643727329, 5.545974822391546 ], [ 110.410828593360364, 5.597566151877796 ], [ 110.412998044427681, 5.692635658229925 ], [ 110.359237263874107, 5.798403827377841 ], [ 110.241314225048399, 5.809459112267753 ], [ 110.182352705635537, 5.883161011533824 ], [ 110.21551856030527, 5.953177815836592 ], [ 110.219203655268572, 6.019509525176057 ], [ 110.233944035121795, 6.141117658965074 ], [ 110.21551856030527, 6.222189748157753 ], [ 110.322386314241072, 6.22955993808436 ], [ 110.333441599130992, 6.299576742387128 ], [ 110.30027574446126, 6.336427692020164 ], [ 110.252369509938305, 6.369593546689896 ], [ 110.267109889791527, 6.432240161066057 ], [ 110.259739699864923, 6.516997345222039 ], [ 110.156557040892423, 6.494886775442217 ], [ 110.057059476883225, 6.483831490552307 ], [ 110.001783052433666, 6.454350730845879 ], [ 110.031263812140097, 6.38433392654311 ], [ 110.086540236589641, 6.32168731216695 ], [ 110.046004191993305, 6.240615222974271 ], [ 109.975987387690537, 6.240615222974271 ], [ 109.883860013607958, 6.236930128010967 ], [ 109.806473019378572, 6.170598418671503 ], [ 109.788047544562062, 6.247985412900878 ], [ 109.795417734488666, 6.318002217203646 ], [ 109.788047544562062, 6.395389211433021 ], [ 109.80278792441527, 6.458035825809182 ], [ 109.849535137135447, 6.527131356371583 ], [ 109.740141310039107, 6.583329054561502 ], [ 109.629588461140003, 6.601754529378019 ], [ 109.566941846763839, 6.690196808497306 ], [ 109.570626941727141, 6.793379467469806 ], [ 109.600107701433572, 6.867081366735877 ], [ 109.703290360406072, 6.922357791185431 ], [ 109.828583589158399, 6.944468360965252 ], [ 109.957561912874027, 6.959208740818466 ], [ 109.99072776754376, 7.007114975341413 ], [ 109.983357577617141, 7.113982729277216 ], [ 109.88754510857126, 7.172944248690074 ], [ 109.902285488424468, 7.239275958029538 ], [ 109.888763567389972, 7.292085746334767 ], [ 109.751196594929027, 7.239275958029538 ], [ 109.769622069745537, 7.143463488983645 ], [ 109.743826405002409, 7.091872159497395 ], [ 109.706975455369374, 7.043965924974449 ], [ 109.655384125883131, 7.043965924974449 ], [ 109.574312036690458, 6.966578930745073 ], [ 109.441648618011527, 7.010800070304716 ], [ 109.393742383488572, 6.926042886148735 ], [ 109.294244819479374, 6.914987601258823 ], [ 109.305300104369294, 6.830230417102841 ], [ 109.250023679919735, 6.749158327910163 ], [ 109.161581400800443, 6.760213612800073 ], [ 108.97732665263527, 6.723362663167038 ], [ 108.936790608038933, 6.598069434414716 ], [ 108.840978138993037, 6.535422820038555 ], [ 108.804127189360003, 6.568588674708288 ], [ 108.815182474249909, 6.634920384047752 ], [ 108.87414399366277, 6.701252093387216 ], [ 108.885199278552676, 6.833915512066145 ], [ 108.87414399366277, 6.922357791185431 ], [ 108.778331524616874, 6.985004405561591 ], [ 108.660408485791166, 7.01448516526802 ], [ 108.630927726084735, 7.110297634313913 ], [ 108.711999815277409, 7.10661253935061 ], [ 108.793071904470096, 7.121352919203824 ], [ 108.804127189360003, 7.165574058763466 ], [ 108.859403613809562, 7.161888963800163 ], [ 108.95890117781876, 7.088187064534091 ], [ 109.073139121681166, 7.10661253935061 ], [ 109.06208383679126, 7.309292762332304 ], [ 108.970877736449495, 7.32587568966717 ], [ 108.880592909848559, 7.362726639300206 ], [ 108.83084412784396, 7.406947778859849 ], [ 108.731346563834762, 7.399577588933242 ], [ 108.692653066720069, 7.451168918419492 ], [ 108.619872441194829, 7.511972985314001 ], [ 108.509319592295711, 7.517500627758957 ], [ 108.450358072882864, 7.493547510497483 ], [ 108.456806989068639, 7.436428538566278 ], [ 108.471547368921861, 7.375624471671768 ], [ 108.447594251660377, 7.338773522038733 ], [ 108.383105089802569, 7.340616069520385 ], [ 108.340726497724575, 7.320348047222216 ], [ 108.331513760316327, 7.214862203897649 ], [ 108.237543838752075, 7.202425008396501 ], [ 108.169369581930965, 7.17110170120842 ], [ 108.082769850293332, 7.163731511281813 ], [ 108.010910498508906, 7.195054818469893 ], [ 107.914176755722195, 7.209795198323108 ], [ 107.948263884132743, 7.259543980327706 ], [ 108.016438140953866, 7.316662952258912 ], [ 108.130676084816272, 7.298237477442393 ], [ 108.215433268972262, 7.311135309813956 ], [ 108.22464600638051, 7.403262683896545 ], [ 108.21174817400896, 7.493547510497483 ], [ 108.185952509265832, 7.526713365167216 ], [ 108.193322699192436, 7.60732481748948 ], [ 108.248599123641995, 7.642793856511278 ], [ 108.316773380463104, 7.664904426291099 ], [ 108.360994520022743, 7.729393588148912 ], [ 108.346254140169535, 7.831654973380587 ], [ 108.305718095573198, 7.881403755385185 ], [ 108.125148442371326, 7.897986682720052 ], [ 108.114093157481406, 7.931152537389783 ], [ 108.014595593472208, 7.955105654651257 ], [ 108.01828068843551, 8.032492648880632 ], [ 108.058816733031861, 8.113564738073311 ], [ 108.027196240766273, 8.174725427061519 ], [ 107.963004263985965, 8.157785877632953 ], [ 107.91509802946301, 8.181738994894427 ], [ 107.821128107898772, 8.218589944527462 ], [ 107.79901753811896, 8.260968536605453 ], [ 107.535533248242743, 8.290449296311882 ], [ 107.469201538903278, 8.404687240174294 ], [ 107.395499639637208, 8.45259347469724 ], [ 107.340223215187663, 8.445223284770632 ], [ 107.259151125994975, 8.506027351665141 ], [ 107.181764131765604, 8.560382502373868 ], [ 107.021462500861901, 8.545642122520654 ], [ 106.901696914554535, 8.586178167116993 ], [ 106.875901249811406, 8.656194971419762 ], [ 106.8648459649215, 8.713313943350967 ], [ 106.798514255582035, 8.700416110979404 ], [ 106.710071976462743, 8.753849987947307 ], [ 106.664008289421446, 8.822024244768421 ], [ 106.710071976462743, 8.890198501589538 ], [ 106.728497451279267, 8.962057853373958 ], [ 106.783773875728812, 8.998908803006994 ], [ 106.783773875728812, 9.033917205158378 ], [ 106.741395283650832, 9.09656381953454 ], [ 106.752450568540738, 9.186848646135477 ], [ 106.708229428981099, 9.295558947552932 ], [ 106.664008289421446, 9.304771684961191 ], [ 106.623472244825109, 9.288188757626324 ], [ 106.592148937637035, 9.25133780799329 ], [ 106.555297988004, 9.212644310878602 ], [ 106.479753541256272, 9.194218836062083 ], [ 106.433689854214975, 9.133414769167574 ], [ 106.389468714655337, 9.037602300121682 ], [ 106.345247575095698, 9.032995931417553 ], [ 106.34340502761404, 9.117753115573535 ], [ 106.406051641990203, 9.217250679582731 ], [ 106.428162211770029, 9.290952578848803 ], [ 106.507391753481045, 9.372024668041481 ], [ 106.542400155632436, 9.454939304715813 ], [ 106.511076848444347, 9.539696488871794 ], [ 106.498179016072797, 9.613398388137867 ], [ 106.4521153290315, 9.650249337770902 ], [ 106.443794146856462, 9.704634206987892 ], [ 106.382098524728733, 9.729478879481929 ], [ 106.247592558568144, 9.722108689555322 ], [ 106.207056513971807, 9.757117091706705 ], [ 106.159150279448866, 9.797653136303046 ], [ 106.048597430549748, 9.793968041339742 ], [ 106.022801765806634, 9.843716823344339 ], [ 105.951655658208821, 9.854415486141523 ], [ 105.888295799646045, 9.805023326229653 ], [ 105.883689430941914, 9.74514053307597 ], [ 105.848681028790537, 9.69354920358972 ], [ 105.795247151822636, 9.676966276254854 ], [ 105.756553654707943, 9.695391751071371 ], [ 105.806302436712542, 9.743297985594317 ], [ 105.836704470159802, 9.793968041339744 ], [ 105.792483330600163, 9.867669940605815 ], [ 105.840389565123104, 9.930316554981975 ], [ 105.855129944976312, 10.022443929064565 ], [ 105.810908805416673, 10.125626588037065 ], [ 105.873555419792837, 10.173532822560011 ], [ 105.840389565123104, 10.295140956349028 ], [ 105.763002570893732, 10.365157760651798 ], [ 105.837536588377489, 10.503467695807256 ], [ 105.720623978815738, 10.531908307741285 ], [ 105.661662459402876, 10.583499637227535 ], [ 105.591645655100109, 10.664571726420213 ], [ 105.473722616274401, 10.719848150869767 ], [ 105.337374102632168, 10.793550050135838 ], [ 105.234191443659668, 10.778809670282625 ], [ 105.075732360237609, 10.841456284658785 ], [ 104.979919891191713, 10.992545178154232 ], [ 104.895162707035738, 10.992545178154232 ], [ 104.828830997696272, 10.944638943631285 ], [ 104.74038871857698, 10.963064418447804 ], [ 104.604040204934748, 10.977804798301017 ], [ 104.610756587690602, 11.017003510048276 ], [ 104.71090795887055, 11.051506697567088 ], [ 104.718278148797168, 11.103098027053338 ], [ 104.806720427916446, 11.095727837126732 ], [ 104.920958371778866, 11.099412932090036 ], [ 104.995908448371367, 11.145387463608531 ], [ 105.020455935788064, 11.263399657957047 ], [ 104.983604986155015, 11.38132269678276 ], [ 104.902532896962342, 11.440284216195618 ], [ 104.89884780199904, 11.525041400351601 ], [ 104.832516092659574, 11.584002919764458 ], [ 104.850941567476099, 11.63927934421401 ], [ 104.917273276815564, 11.654019724067226 ], [ 104.920958371778866, 11.705611053553476 ], [ 104.983604986155015, 11.749832193113118 ], [ 104.983604986155015, 11.812478807489279 ], [ 105.035136878625892, 11.867547202384964 ], [ 104.935698751632074, 11.900921086608564 ], [ 104.917273276815564, 11.948827321131512 ], [ 104.81409061784305, 11.981993175801243 ], [ 104.585614730118238, 11.985678270764547 ], [ 104.493487356035644, 12.066750359957226 ], [ 104.511912830852168, 12.129396974333387 ], [ 104.467691691292515, 12.206783968562762 ], [ 104.357138842393411, 12.221524348415976 ], [ 104.261326373347515, 12.247320013159101 ], [ 104.117607669778678, 12.269430582938922 ], [ 104.025480295696099, 12.239949823232495 ], [ 103.937038016576807, 12.243634918195797 ], [ 103.91492744679698, 12.302596437608655 ], [ 103.900187066943772, 12.357872862058208 ], [ 103.724075189907325, 12.416269729823979 ], [ 103.594324184989574, 12.383668526801333 ], [ 103.52305920336066, 12.402480342219361 ], [ 103.480086241127168, 12.391038716727941 ], [ 103.457975671347342, 12.32839210235178 ], [ 103.391643962007876, 12.291541152718745 ], [ 103.332682442595015, 12.295226247682047 ], [ 103.209231761324489, 12.181374644421144 ], [ 103.281091113108772, 12.314572996239388 ], [ 103.273720923182168, 12.425125845138496 ], [ 103.332682442595015, 12.506197934331174 ], [ 103.387542807935944, 12.637850923746495 ], [ 103.273720923182168, 12.749414201909211 ], [ 103.126317124650015, 12.771524771689032 ], [ 103.082095985090376, 12.83048629110189 ], [ 103.214759403769307, 12.911558380294569 ], [ 103.222129593695911, 13.014741039267069 ], [ 103.362163202301446, 13.022111229193674 ], [ 103.401807691664871, 13.108592086800762 ], [ 103.26635073325555, 13.154774647872603 ], [ 103.141057504503237, 13.250587116918497 ], [ 103.023134465677515, 13.34639958596439 ], [ 102.88310085707198, 13.302178446404747 ], [ 102.794658577952703, 13.405361105377247 ], [ 102.681431063354538, 13.55169503763034 ], [ 102.580923070081084, 13.442212055010282 ], [ 102.507221170815015, 13.456952434863497 ], [ 102.41039827250512, 13.493743947481528 ], [ 102.182932814044307, 13.316918826257961 ], [ 102.05763958529198, 13.280067876624926 ], [ 101.92497616661305, 13.132664078092782 ], [ 101.772044725636079, 13.094327203071845 ], [ 101.784942558007515, 12.918928570221174 ], [ 101.836533887493772, 12.83048629110189 ], [ 101.755461798301084, 12.793635341468853 ], [ 101.64490894940198, 12.786265151542246 ], [ 101.497505150869841, 12.764154581762424 ], [ 101.482764771016619, 12.653601732863317 ], [ 101.30588021277805, 12.668342112716532 ], [ 101.158476414245911, 12.62412097315689 ], [ 101.081089420016539, 12.526465956629345 ], [ 101.265344168181713, 12.482244817069702 ], [ 101.31693549766797, 12.364321778243987 ], [ 101.427488346567074, 12.297990068904523 ], [ 101.508560435759748, 12.143216080445772 ], [ 101.737036323484574, 12.150586270372379 ], [ 101.773887273117609, 12.076884371106308 ], [ 101.928661261576352, 12.010552661766845 ], [ 102.076065060108505, 11.958961332280595 ], [ 102.127656389594748, 11.81155753374845 ], [ 102.208728478787435, 11.767336394188808 ], [ 102.216098668714039, 11.560971076243808 ], [ 102.164507339227782, 11.39882689785845 ], [ 102.071607283943337, 11.30230118462662 ], [ 102.223468858640643, 11.19246157991345 ], [ 102.341391897466352, 11.185091389986843 ], [ 102.407723606805817, 11.104019300794164 ], [ 102.341391897466352, 11.008206831748272 ], [ 102.282430378053505, 10.875543413069343 ], [ 102.208728478787435, 10.676548285050949 ], [ 102.098175629888317, 10.529144486518806 ], [ 101.987622780989213, 10.425961827546306 ], [ 102.046584300402074, 10.226966699527912 ], [ 101.950771831356178, 10.197485939821485 ], [ 101.83284879253047, 10.07956290099577 ], [ 101.714925753704748, 9.946899482316841 ], [ 101.574892145099213, 9.92478891253702 ], [ 101.473552033608371, 9.885174141681505 ], [ 101.480922223534975, 9.815157337378738 ], [ 101.436701083975336, 9.723029963296149 ], [ 101.503032793314787, 9.678808823736505 ], [ 101.484607318498277, 9.605106924470434 ], [ 101.421960704122114, 9.54983050002088 ], [ 101.359314089745951, 9.472443505791505 ], [ 101.377739564562475, 9.380316131708916 ], [ 101.300352570333104, 9.325039707259362 ], [ 101.222965576103718, 9.280818567699718 ], [ 101.193484816397287, 9.162895528874005 ], [ 101.141893486911044, 9.140784959094184 ], [ 101.005544973268812, 9.166580623837309 ], [ 100.898320597239888, 9.07519621244942 ], [ 100.876566649553183, 9.024704467750119 ], [ 100.976064213562381, 9.0062789929336 ], [ 101.075561777571579, 9.024704467750119 ], [ 101.145578581874346, 8.995223708043691 ], [ 101.211910291213812, 8.947317473520744 ], [ 101.186114626470683, 8.892041049071191 ], [ 101.108727632241312, 8.822024244768421 ], [ 101.093987252388104, 8.74832234550235 ], [ 101.009230068232114, 8.718841585795921 ], [ 101.00185987830551, 8.600918546970208 ], [ 101.049766112828451, 8.519846457777529 ], [ 101.016600258158718, 8.460884938364671 ], [ 100.957638738745871, 8.394553229025208 ], [ 100.942898358892649, 8.261889810346279 ], [ 100.957638738745871, 8.202928290933421 ], [ 100.920787789112822, 8.147651866483868 ], [ 100.832345509993544, 8.08869034707101 ], [ 100.747588325837555, 8.029728827658154 ], [ 100.777069085543985, 7.926546168685653 ], [ 100.850770984810055, 7.886010124089314 ], [ 100.876566649553183, 7.782827465116814 ], [ 100.839715699920148, 7.705440470887439 ], [ 100.773383990580683, 7.661219331327795 ], [ 100.695996996351312, 7.653849141401189 ], [ 100.629665287011846, 7.591202527025028 ], [ 100.655460951754975, 7.53224100761217 ], [ 100.625980192048544, 7.465909298272706 ], [ 100.559648482709079, 7.440113633529581 ], [ 100.456465823736579, 7.450247644678665 ], [ 100.391976661878772, 7.431822169862147 ], [ 100.327487500020951, 7.295473656219915 ], [ 100.235360125938371, 7.251252516660272 ], [ 100.22430484104845, 7.177550617394201 ], [ 100.19482408134202, 7.085423243311611 ], [ 100.113751992149346, 7.055942483605183 ], [ 100.110066897186044, 6.982240584339111 ], [ 100.132177466965871, 6.897483400183129 ], [ 100.065845757626406, 6.845892070696879 ], [ 99.925812149020857, 6.794300741210629 ], [ 99.81157420515845, 6.801670931137235 ], [ 99.656800216699708, 6.7648199815042 ], [ 99.594153602323544, 6.650582037641789 ], [ 99.487285848387742, 6.613731088008754 ], [ 99.343567144818905, 6.598990708155539 ], [ 99.269865245552822, 6.540029188742682 ], [ 99.225644105993183, 6.46632728947661 ], [ 99.122461447020683, 6.4552720045867 ], [ 99.008223503158277, 6.440531624733485 ], [ 98.250904982197525, 6.399869612261601 ], [ 97.711436612850406, 6.287480368647618 ], [ 97.509135974345284, 6.280456040921745 ], [ 97.160729319141936, 6.190544646030558 ], [ 96.868517285745583, 6.055677553693777 ], [ 96.643738798517603, 5.920810461356997 ], [ 96.553827403626414, 5.752226595936021 ], [ 96.407721386928245, 5.561164881792248 ], [ 96.329048916398449, 5.381342092009873 ], [ 96.250376445868667, 5.1902803778661 ], [ 95.935686563749428, 3.859872706585562 ], [ 96.531349554903542, 2.876466824963203 ], [ 96.913472983191085, 2.067264270942518 ], [ 97.329313184562821, 1.055761078416662 ], [ 97.70019768848897, -0.025985391367935 ], [ 97.834237021520266, -0.614269130783078 ], [ 97.902498326994149, -0.913860415918409 ], [ 98.138515738583507, -2.161381020033632 ], [ 98.228427133474696, -3.16164528819809 ], [ 98.284621755281691, -3.973657573309125 ], [ 98.711700881014835, -3.850029405333742 ], [ 99.18373570419358, -3.767142338168426 ], [ 99.644271170805425, -3.646525906436752 ], [ 100.127805350551043, -3.519886002217661 ], [ 100.599840173729774, -3.452452456049271 ], [ 101.384053444506989, -3.287341088587471 ], [ 101.70521792512956, -3.16116932834289 ], [ 101.900210645507542, -3.149699168320656 ], [ 102.0493227257966, -2.977646767987137 ], [ 102.0493227257966, -2.771183887586914 ], [ 101.946091285596481, -2.633541967320099 ], [ 101.877270325463073, -2.599131487253396 ], [ 101.808449365329665, -2.530310527119988 ], [ 101.774038885262968, -2.461489566986581 ], [ 102.0493227257966, -2.346787966764235 ], [ 102.347546886374687, -2.277967006630827 ], [ 102.496658966663745, -2.20914604649742 ], [ 102.496658966663745, -2.071504126230605 ], [ 102.473718646619275, -2.037093646163901 ], [ 102.645771046952788, -1.956802526008259 ], [ 102.714592007086196, -1.761809805630271 ], [ 102.59989040686385, -1.738869485585802 ], [ 102.749002487152907, -1.624167885363456 ], [ 102.955465367553131, -1.520936445163345 ], [ 103.138987927908886, -1.475055805074406 ], [ 103.161928247953355, -1.371824364874295 ], [ 103.127517767886644, -1.452115485029937 ], [ 103.127517767886644, -1.257122764651949 ], [ 103.356920968331337, -1.073600204296196 ], [ 103.678085448953908, -1.050659884251727 ], [ 104.171302329909992, -1.062130044273961 ], [ 104.56128777066597, -1.165361484474073 ], [ 104.653049050843848, -1.280063084696418 ], [ 104.756280491043952, -1.348884044829826 ], [ 104.859511931244072, -1.38329452489653 ], [ 104.870982091266299, -1.520936445163345 ], [ 104.767750651066194, -1.612697725341221 ], [ 104.607168410754909, -1.761809805630271 ], [ 104.435116010421382, -1.899451725897086 ], [ 104.458056330465851, -2.071504126230605 ], [ 104.641578890821606, -2.128854926341778 ], [ 104.893922411310768, -2.151795246386247 ], [ 105.100385291710992, -2.243556526564123 ], [ 105.203616731911112, -2.438549246942111 ], [ 105.295378012088975, -2.599131487253396 ], [ 105.501840892489199, -2.667952447386803 ], [ 105.662423132800484, -2.794124207631384 ], [ 106.477797614741107, -3.040826851313057 ], [ 107.759034991940581, -3.206600985643683 ], [ 108.916644201164615, -3.262795607450676 ], [ 110.018058788581655, -3.285273456173472 ], [ 111.625224972261634, -3.307751304896269 ], [ 112.743813176527567, -3.376234828759788 ] ] ] ] } },
{ "type": "Feature", "properties": { "id": 92, "name": "Mossovy", "type": "country", "size": 4, "active": true }, "geometry": { "type": "MultiPolygon", "coordinates": [ [ [ [ 113.664767445957438, 6.163228228744905 ], [ 113.718201322925339, 6.163228228744905 ], [ 113.764265009966635, 6.166913323708209 ], [ 113.799273412118012, 6.196394083414637 ], [ 113.810328697007932, 6.277466172607316 ], [ 113.917196450943734, 6.276084261996076 ], [ 114.027749299842839, 6.303722474220853 ], [ 114.119876673925432, 6.357156351188755 ], [ 114.200948763118106, 6.412432775638309 ], [ 114.280178304829136, 6.495347412312639 ], [ 114.324399444388774, 6.587474786395228 ], [ 114.340982371723641, 6.635381020918175 ], [ 114.326241991870432, 6.68144470795947 ], [ 114.274650662384175, 6.688814897886077 ], [ 114.258067735049309, 6.738563679890675 ], [ 114.23227207030618, 6.729350942482416 ], [ 114.224901880379576, 6.78462736693197 ], [ 114.178927348861819, 6.833826356543303 ], [ 114.247012450159403, 6.834836785806982 ], [ 114.291233589719042, 6.856947355586803 ], [ 114.328084539352076, 6.893798305219839 ], [ 114.30597396957225, 6.967500204485911 ], [ 114.368620583948413, 6.985925679302428 ], [ 114.405471533581448, 6.94538963470609 ], [ 114.471803242920913, 6.941704539742786 ], [ 114.497598907664042, 7.000666059155643 ], [ 114.54182004722368, 7.033831913825376 ], [ 114.608151756563146, 7.066997768495107 ], [ 114.637632516269576, 7.144384762724482 ], [ 114.619207041453066, 7.232827041843769 ], [ 114.556560427076903, 7.251252516660286 ], [ 114.501284002627344, 7.273363086440108 ], [ 114.52339457240717, 7.347064985706179 ], [ 114.545505142186983, 7.431822169862161 ], [ 114.637632516269576, 7.494468784238323 ], [ 114.707649320572344, 7.523949543944751 ], [ 114.737130080278774, 7.608706728100733 ], [ 114.843997834214576, 7.715574482036537 ], [ 114.821887264434764, 7.756110526632876 ], [ 114.821887264434764, 7.815072046045733 ], [ 114.884533878810913, 7.822442235972341 ], [ 114.928755018370566, 7.877718660421894 ], [ 114.93612520829717, 7.918254705018233 ], [ 114.902959353627438, 7.962475844577876 ], [ 114.83294254932467, 7.999326794210912 ], [ 114.785036314801715, 8.028807553917341 ], [ 114.807146884581542, 8.117249833036627 ], [ 114.755555555095299, 8.139360402816449 ], [ 114.659743086049403, 8.179896447412787 ], [ 114.59709647167324, 8.146730592743054 ], [ 114.574985901893413, 8.202007017192608 ], [ 114.504969097590646, 8.231487776899037 ], [ 114.492754790898005, 8.317374264350693 ], [ 114.545505142186983, 8.318087508536673 ], [ 114.589726281746636, 8.281236558903638 ], [ 114.648687801159483, 8.266496179050423 ], [ 114.737130080278774, 8.299662033720155 ], [ 114.836627644287972, 8.295976938756851 ], [ 114.869793498957705, 8.321772603499976 ], [ 114.888218973774215, 8.421270167509173 ], [ 114.855053119104483, 8.506027351665155 ], [ 114.807146884581542, 8.587099440857834 ], [ 114.80346178961824, 8.646060960270692 ], [ 114.777666124875111, 8.730818144426674 ], [ 114.748185365168681, 8.797149853766138 ], [ 114.689223845755834, 8.845056088289084 ], [ 114.611836851526448, 8.889277227848728 ], [ 114.519709477443868, 8.896647417775334 ], [ 114.446007578177799, 8.896647417775334 ], [ 114.446007578177799, 8.826630613472567 ], [ 114.375990773875031, 8.793464758802834 ], [ 114.307311302422079, 8.809512752998337 ], [ 114.302288874608948, 8.889277227848728 ], [ 114.31702925446217, 8.962979127114799 ], [ 114.265437924975913, 9.010885361637746 ], [ 114.272808114902531, 9.099327640757032 ], [ 114.191736025709844, 9.154604065206586 ], [ 114.18605979072629, 9.20892949740802 ], [ 114.280178304829136, 9.287267483885513 ], [ 114.331769634315378, 9.335173718408461 ], [ 114.368620583948413, 9.419930902564442 ], [ 114.350195109131903, 9.523113561536942 ], [ 114.357238395473289, 9.615478683682161 ], [ 114.457062863067705, 9.641036600362657 ], [ 114.460747958031007, 9.692627929848907 ], [ 114.556560427076903, 9.699998119775515 ], [ 114.642536070051634, 9.758127520971334 ], [ 114.667113275976007, 9.718423594592032 ], [ 114.711334415535646, 9.666832265105782 ], [ 114.80346178961824, 9.655776980215871 ], [ 114.888218973774215, 9.699998119775515 ], [ 114.984031442820111, 9.655776980215871 ], [ 115.124065051425646, 9.644721695325961 ], [ 115.170336768021571, 9.622611125546619 ], [ 115.098269386682531, 9.574704891023194 ], [ 115.14249052624217, 9.489947706867211 ], [ 115.057733342086181, 9.430986187454353 ], [ 115.072473721939403, 9.390450142858015 ], [ 115.171971285948601, 9.412560712637836 ], [ 115.253043375141274, 9.401505427747924 ], [ 115.326745274407344, 9.456781852197478 ], [ 115.369123866485339, 9.383079952931407 ], [ 115.413345006044977, 9.305692958702032 ], [ 115.586544469320245, 9.313063148628638 ], [ 115.733948267852398, 9.324118433518549 ], [ 115.741318457779002, 9.261471819142388 ], [ 115.803965072155165, 9.209880489656138 ], [ 115.888722256311141, 9.206195394692836 ], [ 115.955053965650606, 9.268842009068996 ], [ 116.019097349892149, 9.296301910247637 ], [ 116.128253428925873, 9.235676154399263 ], [ 116.246176467751596, 9.231991059435961 ], [ 116.275657227458012, 9.114068020610246 ], [ 116.227750992935071, 9.051421406234084 ], [ 116.268287037531408, 8.985089696894621 ], [ 116.364099506577304, 8.926128177481763 ], [ 116.500448020219537, 8.904017607701942 ], [ 116.577835014448908, 8.918757987555157 ], [ 116.618222466506666, 8.975342026347001 ], [ 116.695758053274631, 8.955608937188192 ], [ 116.798940712247131, 8.970349317041407 ], [ 116.843161851806769, 9.010885361637746 ], [ 116.916863751072839, 8.999830076747834 ], [ 116.97029762804074, 8.934419641149198 ], [ 117.051369717233428, 8.901253786479465 ], [ 117.121386521536195, 8.853347551956519 ], [ 117.195088420802264, 8.816496602323483 ], [ 117.294585984811462, 8.87545812173634 ], [ 117.423564308527077, 8.919679261295983 ], [ 117.526746967499577, 8.908623976406073 ], [ 117.626244531508775, 8.945474926039108 ], [ 117.637299816398695, 9.004436445451965 ], [ 117.563597917132611, 9.052342679974911 ], [ 117.670465671068428, 9.118674389314377 ], [ 117.77733342500423, 9.173950813763929 ], [ 117.873145894050111, 9.229227238213483 ], [ 117.895256463829938, 9.306614232442858 ], [ 117.980013647985928, 9.280818567699733 ], [ 118.020549692582264, 9.196061383543752 ], [ 117.991068932875834, 9.122359484277679 ], [ 118.020549692582264, 9.078138344718036 ], [ 118.097936686811636, 9.052342679974911 ], [ 118.230600105490566, 9.074453249754733 ], [ 118.333782764463066, 9.03023211019509 ], [ 118.348523144316275, 8.963900400855625 ], [ 118.296931814830032, 8.88651340662625 ], [ 118.418539948619042, 8.864402836846429 ], [ 118.492241847885126, 8.815575328582655 ], [ 118.665441311160393, 8.804520043692746 ], [ 118.80916001472923, 8.78977966383953 ], [ 118.934453243481542, 8.793464758802834 ], [ 119.048691187343962, 8.822945518509263 ], [ 119.059746472233869, 8.949160021002411 ], [ 119.151873846316462, 8.956530210929019 ], [ 119.200166421440684, 9.012787346135406 ], [ 119.299277644848601, 9.011806635378573 ], [ 119.376664639077973, 8.959294032151496 ], [ 119.538808817463334, 8.992459886821228 ], [ 119.601455431839497, 9.032995931417567 ], [ 119.627251096582626, 9.088272355867121 ], [ 119.568289577169764, 9.136178590390067 ], [ 119.616195811692705, 9.176714634986407 ], [ 119.719378470665205, 9.191455014839621 ], [ 119.800450559857893, 9.213565584619442 ], [ 119.85941207927074, 9.298322768775424 ], [ 119.855726984307438, 9.379394857968103 ], [ 119.992075497949671, 9.398741606525448 ], [ 120.05605944517572, 9.45499874173184 ], [ 120.113683631738695, 9.44296274608509 ], [ 120.172645151151556, 9.509294455424556 ], [ 120.121053821665299, 9.553515594984198 ], [ 120.113683631738695, 9.605106924470448 ], [ 120.139479296481824, 9.671438633809913 ], [ 120.146849486408428, 9.719344868332859 ], [ 120.154219676335032, 9.781991482709019 ], [ 120.238976860491007, 9.807787147452144 ], [ 120.297938379903869, 9.833582812195269 ], [ 120.294253284940567, 9.907284711461342 ], [ 120.198440815894671, 9.922025091314556 ], [ 120.135794201518507, 9.973616420800806 ], [ 120.048927003311263, 10.032726532752989 ], [ 120.032611542546007, 10.073113984810002 ], [ 119.984705308023067, 10.091539459626521 ], [ 119.925743788610205, 10.058373604956788 ], [ 119.789395274967973, 10.051003415030181 ], [ 119.742232003139549, 10.089786067668657 ], [ 119.826246224601007, 10.124705314296252 ], [ 119.907318313793695, 10.143130789112771 ], [ 119.922058693646903, 10.238943258158663 ], [ 119.977335118096462, 10.249998543048573 ], [ 120.017871162692799, 10.312645157424734 ], [ 120.06577739721574, 10.334755727204556 ], [ 120.113683631738695, 10.297904777571521 ], [ 120.205811005821275, 10.286849492681609 ], [ 120.28319800005066, 10.286849492681609 ], [ 120.338474424500205, 10.312645157424734 ], [ 120.371640279169938, 10.393717246617413 ], [ 120.428759251101141, 10.446229849844491 ], [ 120.495090960440606, 10.50887646422065 ], [ 120.498776055403923, 10.586263458450025 ], [ 120.410333776284631, 10.678390832532616 ], [ 120.305694910431768, 10.760235602927766 ], [ 120.321891497165339, 10.855275390771187 ], [ 120.373482826651596, 10.881071055514312 ], [ 120.336631877018561, 10.932662385000562 ], [ 120.325576592128641, 10.980568619523508 ], [ 120.369797731688294, 11.087436373459312 ], [ 120.329261687091957, 11.161138272725383 ], [ 120.402963586358027, 11.183248842505206 ], [ 120.476873515178781, 11.280903859033245 ], [ 120.55773757481677, 11.282746406514402 ], [ 120.590903429486502, 11.23852526695476 ], [ 120.686715898532398, 11.260635836734581 ], [ 120.756732702835166, 11.330652641037348 ], [ 120.76410289276177, 11.378558875560294 ], [ 120.819230724672792, 11.430685138186876 ], [ 121.047855204936155, 11.448575679863064 ], [ 121.121557104202225, 11.426465110083241 ], [ 121.21184193080316, 11.504773378053443 ], [ 121.322394779702265, 11.530569042796568 ], [ 121.366615919261903, 11.453182048567193 ], [ 121.429262533638067, 11.361054674484604 ], [ 121.373986109188522, 11.287352775218531 ], [ 121.458743293344497, 11.246816730622193 ], [ 121.514019717794056, 11.283667680255229 ], [ 121.617202376766556, 11.283667680255229 ], [ 121.676163896179403, 11.26524220543871 ], [ 121.724070130702358, 11.283667680255229 ], [ 121.720385035739056, 11.394220529154335 ], [ 121.805142219895032, 11.412646003970854 ], [ 121.930435448647358, 11.408960909007551 ], [ 122.004137347913428, 11.508458473016747 ], [ 122.092579627032706, 11.501088283090139 ], [ 122.273149280234591, 11.611641131989247 ], [ 122.352378821945621, 11.620853869397507 ], [ 122.378174486688735, 11.543466875168132 ], [ 122.437136006101596, 11.488190450718578 ], [ 122.433450911138294, 11.388692886709382 ], [ 122.381859581652037, 11.340786652186436 ], [ 122.488727335587853, 11.340786652186436 ], [ 122.540318665074096, 11.462394785975453 ], [ 122.672982083753027, 11.591373109691078 ], [ 122.790905122578735, 11.646649534140632 ], [ 122.905143066441155, 11.720351433406703 ], [ 122.868292116808121, 11.75720238303974 ], [ 122.871977211771423, 11.823534092379203 ], [ 122.894087781551235, 11.941457131204919 ], [ 122.982530060670527, 12.033584505287507 ], [ 123.037806485120086, 12.151507544113223 ], [ 123.012010820376958, 12.258375298049026 ], [ 122.93043351655254, 12.324023481710315 ], [ 122.905143066441155, 12.391038716727955 ], [ 122.938308921110888, 12.483166090810544 ], [ 122.916198351331062, 12.593718939709651 ], [ 122.967789680817319, 12.72638235838858 ], [ 122.919883446294364, 12.840620302250992 ], [ 122.805645502431958, 12.884841441810634 ], [ 122.750369077982398, 12.93274767633358 ], [ 122.713518128349364, 13.006449575599651 ], [ 122.709833033386062, 13.113317329535455 ], [ 122.60296527945026, 13.194389418728134 ], [ 122.492412430551155, 13.279146602884117 ], [ 122.433450911138294, 13.327052837407063 ], [ 122.32289806223919, 13.374959071930009 ], [ 122.186549548596957, 13.356533597113492 ], [ 122.068626509771235, 13.356533597113492 ], [ 122.024405370211596, 13.40259728415479 ], [ 121.803299672413388, 13.400754736673134 ], [ 121.792244387523468, 13.461558803567646 ], [ 121.921222711239096, 13.509465038090594 ], [ 121.943333281018923, 13.60896260209979 ], [ 122.020720275248294, 13.6200178869897 ], [ 122.075996699697853, 13.675294311439254 ], [ 122.223400498229992, 13.653183741659433 ], [ 122.278676922679537, 13.701089976182379 ], [ 122.271306732752933, 13.767421685521844 ], [ 122.392914866541958, 13.852178869677827 ], [ 122.577169614707131, 13.859549059604433 ], [ 122.720888318275968, 13.889029819310862 ], [ 122.805645502431958, 13.955361528650327 ], [ 122.853551736954898, 14.047488902732916 ], [ 122.9604194908907, 14.047488902732916 ], [ 123.107823289422853, 14.110135517109077 ], [ 123.266282372844898, 14.124875896962291 ], [ 123.376835221744003, 14.117505707035683 ], [ 123.478175333234844, 14.139616276815506 ], [ 123.57398780228074, 14.176467226448541 ], [ 123.599783467023855, 14.110135517109077 ], [ 123.577672897244042, 14.047488902732916 ], [ 123.629264226730285, 13.999582668209969 ], [ 123.555562327464216, 13.951676433687023 ], [ 123.478175333234844, 13.925880768943898 ], [ 123.54450704257431, 13.881659629384254 ], [ 123.695595936069751, 13.914825484053987 ], [ 123.817204069858775, 13.914825484053987 ], [ 123.909331443941355, 13.885344724347558 ], [ 124.050226889272537, 13.914558017484586 ], [ 124.075160717290018, 13.848493774714523 ], [ 124.145177521592785, 13.756366400631933 ], [ 124.248360180565285, 13.704775071145683 ], [ 124.366283219391008, 13.690034691292469 ], [ 124.506703168598037, 13.710391869114547 ], [ 124.548695420074537, 13.596986043469052 ], [ 124.519214660368107, 13.556449998872711 ], [ 124.519214660368107, 13.453267339900211 ], [ 124.563435799927746, 13.412731295303873 ], [ 124.537640135184617, 13.364825060780925 ], [ 124.545010325111221, 13.302178446404765 ], [ 124.548695420074537, 13.239531832028604 ], [ 124.618712224377305, 13.210051072322175 ], [ 124.670303553863548, 13.22479145217539 ], [ 124.734941308260574, 13.315432900870062 ], [ 124.78822659268927, 13.257957306845121 ], [ 124.843503017138815, 13.191625597505658 ], [ 124.943000581148013, 13.147404457946015 ], [ 125.105144759533374, 13.147404457946015 ], [ 125.234123083249003, 13.158459742835925 ], [ 125.355463750468616, 13.111266752500022 ], [ 125.385211976744444, 13.036851609046908 ], [ 125.359416312001315, 12.970519899707442 ], [ 125.29308460266185, 12.907873285331283 ], [ 125.30413988755177, 12.826801196138604 ], [ 125.326250457331582, 12.745729106945925 ], [ 125.355731217038013, 12.686767587533067 ], [ 125.473149041232034, 12.702042900526623 ], [ 125.595262389652746, 12.694137777459675 ], [ 125.646853719139003, 12.635176258046817 ], [ 125.73529599825828, 12.609380593303692 ], [ 125.831108467304176, 12.6167507832303 ], [ 125.919550746423468, 12.635176258046817 ], [ 125.92323584138677, 12.683082492569763 ], [ 125.890069986717037, 12.742044011982621 ], [ 125.831108467304176, 12.778894961615658 ], [ 125.845848847157384, 12.852596860881729 ], [ 125.982197360799617, 12.885762715551461 ], [ 126.066954544955607, 12.882077620588158 ], [ 126.140032355559057, 12.91869082215964 ], [ 126.22172853341435, 12.812060816285388 ], [ 126.210673248524444, 12.760469486799138 ], [ 126.218043438451048, 12.689531408755544 ], [ 126.299115527643735, 12.637940079269294 ], [ 126.376502521873107, 12.564238180003223 ], [ 126.494425560698815, 12.575293464893134 ], [ 126.601293314634617, 12.556867990076615 ], [ 126.678531716325537, 12.623586040017576 ], [ 126.733956733313548, 12.560553085039919 ], [ 126.752382208130072, 12.483166090810544 ], [ 126.844509582212666, 12.472110805920634 ], [ 126.962432621038374, 12.47948099584724 ], [ 126.984543190818201, 12.424204571397688 ], [ 126.977173000891582, 12.32470700738849 ], [ 126.82239901243284, 12.287856057755455 ], [ 126.796603347689711, 12.184673398782955 ], [ 126.704475973607117, 12.136767164260007 ], [ 126.627088979377746, 12.133082069296705 ], [ 126.608663504561235, 12.063065264993936 ], [ 126.521617995307452, 12.024460923403053 ], [ 126.42809385135935, 12.052009980104026 ], [ 126.383872711799711, 12.11834168944349 ], [ 126.321226097423548, 12.110971499516882 ], [ 126.302800622607037, 12.048324885140723 ], [ 126.299115527643735, 11.974622985874651 ], [ 126.254894388084082, 11.930401846315007 ], [ 126.159081919038201, 11.904606181571882 ], [ 126.030103595322572, 11.904606181571882 ], [ 126.043744390388724, 11.853282318656047 ], [ 126.188562678744617, 11.86038504201224 ], [ 126.225413628377652, 11.797738427636078 ], [ 126.254894388084082, 11.749832193113132 ], [ 126.240154008230874, 11.701925958590186 ], [ 126.291745337717117, 11.679815388810365 ], [ 126.431778946322666, 11.694555768663578 ], [ 126.553387080111676, 11.687185578736973 ], [ 126.682365403827305, 11.701925958590186 ], [ 126.759752398056676, 11.727721623333311 ], [ 126.796603347689711, 11.764572572966348 ], [ 126.82239901243284, 11.827219187342507 ], [ 126.896100911698909, 11.838274472232419 ], [ 126.980858095854899, 11.856699947048936 ], [ 127.021394140451235, 11.897235991645276 ], [ 126.969802810964978, 11.937772036241615 ], [ 126.963829390903882, 12.003063597809678 ], [ 127.043504710231048, 12.063065264993936 ], [ 127.15037246416685, 12.11834168944349 ], [ 127.220389268469617, 12.110971499516882 ], [ 127.286720977809082, 12.063065264993936 ], [ 127.35673778211185, 11.978308080837953 ], [ 127.431004333026095, 11.946895618127142 ], [ 127.449630473110574, 7.970509291767026 ], [ 126.190870944633943, 7.858120048153043 ], [ 124.954589264880127, 7.543430166033888 ], [ 123.898130374908675, 7.138828889023545 ], [ 122.9990164259968, 6.756705460735999 ], [ 122.144858174530526, 6.486971276062437 ], [ 121.22326637689585, 6.172281393943282 ], [ 120.66132015882593, 5.90254720926972 ], [ 119.964506848419234, 5.655290873318956 ], [ 118.953003655893369, 5.250689596308613 ], [ 118.301146042932274, 4.980955411635051 ], [ 117.267165001683608, 4.688743378238692 ], [ 116.390528901494534, 4.463964891010725 ], [ 115.446459255137071, 4.059363614000381 ], [ 114.749645944730375, 4.081841462723179 ], [ 114.187699726660455, 4.059363614000381 ], [ 113.642611895132632, 4.003168992193393 ], [ 113.687567592578233, 4.58759305898611 ], [ 113.631372970771238, 5.284406369392811 ], [ 113.485266954073055, 5.778919041294341 ], [ 113.270462284883948, 6.001084050359547 ], [ 113.340479089186715, 6.052675379845797 ], [ 113.417866083416087, 6.080313592070574 ], [ 113.445504295640873, 6.03424990502928 ], [ 113.504465815053734, 6.019509525176066 ], [ 113.548686954613373, 6.071100854662316 ], [ 113.626073948842745, 6.104266709332047 ], [ 113.664767445957438, 6.163228228744905 ] ] ] ] } },
{ "type": "Feature", "properties": { "id": 93, "name": "Cities of the Bloodless Men", "type": "region", "size": 3 }, "geometry": { "type": "MultiPolygon", "coordinates": [ [ [ [ 122.85475923612735, -6.236605984304544 ], [ 122.875388258021431, -6.540346924343484 ], [ 122.875388258021431, -6.787603260294248 ], [ 122.762999014407455, -7.023620671883615 ], [ 122.526981602818083, -7.180965612943193 ], [ 122.4258312835655, -7.383266251448364 ], [ 122.246008493783123, -7.461938721978153 ], [ 122.459548056649695, -7.742911831013113 ], [ 122.594415148986471, -8.035123864409471 ], [ 122.605654073347878, -8.304858049083034 ], [ 122.594415148986471, -8.552114385033798 ], [ 122.583176224625078, -8.82184856970736 ], [ 122.448309132288301, -9.012910283851133 ], [ 122.358397737397112, -9.338839090331687 ], [ 122.201052796337535, -9.608573275005249 ], [ 121.920079687302575, -9.979457778931396 ], [ 121.897601838579774, -10.340508224041324 ], [ 122.004371620013089, -10.636934854073205 ], [ 122.487645367553228, -10.996580433637954 ], [ 123.10016674524941, -11.363250340928579 ], [ 123.448573400452759, -11.700418071770532 ], [ 123.959944458896416, -12.064278247970803 ], [ 124.358926273726027, -12.400041113267582 ], [ 124.887155718711753, -12.737208844109533 ], [ 125.539013331672905, -13.033635474141416 ], [ 126.168393095911213, -13.247175037007985 ], [ 126.528038675475955, -13.370803204983368 ], [ 126.988834574293293, -13.303369658814978 ], [ 127.348480153858048, -13.573103843488539 ], [ 127.438391548749195, -13.560460053581968 ], [ 127.427152624387787, -5.131266782533164 ], [ 126.853967481956474, -5.041355387641977 ], [ 126.14591524718837, -5.075072160726172 ], [ 125.624802881497004, -5.152675862203376 ], [ 125.498631121252416, -5.198556502292314 ], [ 125.355254120974493, -5.238702062370135 ], [ 125.206142040685435, -5.347668582581363 ], [ 125.177466640629845, -5.433694782748123 ], [ 125.154526320585376, -5.525456062926 ], [ 125.09717552047421, -5.640157663148345 ], [ 124.936593280162924, -5.760594343381809 ], [ 124.850567079996168, -5.835150383526334 ], [ 124.776011039851639, -5.915441503681976 ], [ 124.644104199595944, -5.984262463815383 ], [ 124.483521959284658, -6.001467703848735 ], [ 124.328674798984494, -6.012937863870969 ], [ 124.127946998595391, -6.041613263926556 ], [ 123.932954278217395, -6.104699144048846 ], [ 123.703551077772701, -6.162049944160019 ], [ 123.537233757450309, -6.253811224337896 ], [ 123.399591837183493, -6.334102344493538 ], [ 123.250479756894435, -6.362777744549124 ], [ 123.112837836627634, -6.334102344493538 ], [ 123.003871316416394, -6.26528138436013 ], [ 122.85475923612735, -6.236605984304544 ] ] ] ] } },
{ "type": "Feature", "properties": { "id": 94, "name": "Land of the Shrykes", "type": "region", "size": 3 }, "geometry": { "type": "MultiPolygon", "coordinates": [ [ [ [ 116.395625373606492, -3.229990288476308 ], [ 116.143281853117344, -3.275870928565246 ], [ 115.971229452783817, -3.390572528787592 ], [ 115.799177052450304, -3.482333808965469 ], [ 115.59271417205008, -3.505274129009938 ], [ 115.317430331516448, -3.539684609076642 ], [ 115.088027131071755, -3.654386209298988 ], [ 114.950385210804939, -3.86084908969921 ], [ 114.904504570716, -4.090252290143901 ], [ 114.801273130515895, -4.193483730344013 ], [ 114.594810250115671, -4.308185330566359 ], [ 114.332430339607058, -4.342595810633052 ], [ 114.292284779529226, -4.405681690755342 ], [ 114.269344459484756, -4.497442970933219 ], [ 114.26360937947365, -4.594939331122212 ], [ 114.252139219451408, -4.66376029125562 ], [ 114.229198899406938, -4.761256651444614 ], [ 114.24066905942918, -4.824342531566904 ], [ 114.269344459484756, -4.898898571711429 ], [ 114.246404139440287, -4.967719531844836 ], [ 114.298019859540346, -5.013600171933775 ], [ 114.412721459762693, -5.093891292089417 ], [ 114.429926699796042, -5.162712252222825 ], [ 114.401251299740466, -5.255907302403481 ], [ 114.355370659651527, -5.290317782470184 ], [ 114.303754939551467, -5.353403662592474 ], [ 114.320960179584816, -5.387814142659178 ], [ 114.338165419618164, -5.416489542714764 ], [ 114.332430339607058, -5.491045582859289 ], [ 114.315225099573695, -5.559866542992697 ], [ 114.52486745750241, -5.548511849450074 ], [ 115.334070011523082, -5.728334639232449 ], [ 116.233183960434957, -6.200369462411182 ], [ 116.997430817010056, -6.829749226649492 ], [ 117.480704564550194, -6.884538982911315 ], [ 117.85720853065709, -6.697691865403065 ], [ 118.705747319942631, -6.491176630262371 ], [ 119.07663182386878, -6.304329512754117 ], [ 119.110348596952974, -6.034595328080555 ], [ 119.256454613651144, -5.809816840852587 ], [ 119.526188798324711, -5.506365883094831 ], [ 119.694772663745681, -4.973921841473587 ], [ 119.604861268854492, -4.513125942656251 ], [ 119.054153975145979, -4.097285741284511 ], [ 118.469729908353258, -3.737640161719762 ], [ 117.739199824862368, -3.422950279600606 ], [ 117.076103287539851, -3.220649641095435 ], [ 116.395625373606492, -3.229990288476308 ] ] ] ] } },
{ "type": "Feature", "properties": { "id": 95, "name": "Dornish Marches", "type": "region", "size": 3 }, "geometry": { "type": "MultiPolygon", "coordinates": [ [ [ [ 15.527371818161255, -3.631116233053659 ], [ 15.740626317320025, -3.50217165216696 ], [ 15.939002595607253, -3.467455803466696 ], [ 16.010913996486376, -3.301315670401141 ], [ 16.159696205201797, -3.440179065202201 ], [ 16.304984882636944, -3.443205912648767 ], [ 16.517969076046548, -3.4476430833448 ], [ 16.635799273091145, -3.450097879116562 ], [ 16.784581481806566, -3.350909739972948 ], [ 17.002795387922514, -3.460016693030923 ], [ 17.151577596637935, -3.440179065202201 ], [ 17.240846921867188, -3.539367204345815 ], [ 17.513614304512124, -3.477374617381056 ], [ 17.662396513227549, -3.497212245209779 ], [ 17.831016349771691, -3.398024106066165 ], [ 18.1880936506887, -3.586481570439031 ], [ 18.233180478880705, -3.782549311098766 ], [ 18.210636557537498, -3.928289674241674 ], [ 18.212592615548669, -3.961542660431579 ], [ 18.226285021626865, -4.000663820654996 ], [ 18.294747052017843, -4.01044411071085 ], [ 18.363209082408826, -3.9869714145768 ], [ 18.402330242632242, -4.020224400766704 ], [ 18.453187750922684, -4.041741038889583 ], [ 18.56272699954825, -4.012400168722021 ], [ 18.660548547053533, -3.96265000269238 ], [ 18.760288858676507, -3.924377558219333 ], [ 18.824077592247978, -3.864532575575718 ], [ 18.837553150117738, -3.814104787839576 ], [ 18.899168977469621, -3.802368439772551 ], [ 18.948070427748892, -3.801390410766965 ], [ 18.9676310078606, -3.769115453582646 ], [ 18.972521152888529, -3.716301887281034 ], [ 19.006752168084017, -3.684026930096715 ], [ 19.015554429134287, -3.636103508823029 ], [ 19.012620342117529, -3.574487681471147 ], [ 19.001862023056091, -3.538300608264486 ], [ 18.982301442944383, -3.520696086163949 ], [ 18.977411297916454, -3.47766280991819 ], [ 19.005774139078433, -3.439519678700359 ], [ 19.042939241290679, -3.407733736018832 ], [ 19.075442456667865, -3.33472271847161 ], [ 19.081082372508511, -3.318733096510559 ], [ 19.059565734385632, -3.306996748443534 ], [ 19.026312748195725, -3.29917251639885 ], [ 19.030224864218066, -3.280589965292727 ], [ 19.059565734385632, -3.259073327169848 ], [ 19.091840691569949, -3.233644573024627 ], [ 19.121181561737508, -3.207971311628009 ], [ 19.144654257871561, -3.173984803683916 ], [ 19.179863302072633, -3.141465339248201 ], [ 19.209204172240199, -3.102344179024784 ], [ 19.232676868374249, -3.057354844767854 ], [ 19.270819999592081, -3.030948061617048 ], [ 19.254193506497128, -3.086695714935417 ], [ 19.242457158430103, -3.131685049192346 ], [ 19.220940520307224, -3.164938035382251 ], [ 19.218984462296053, -3.202103137594497 ], [ 19.258105622519469, -3.23340006577323 ], [ 19.246369274452444, -3.282301516052502 ], [ 19.285490434675861, -3.34880748843231 ], [ 19.334391884955132, -3.380104416611044 ], [ 19.396985741312598, -3.39379682268924 ], [ 19.465447771703577, -3.419225576834461 ], [ 19.475228061759431, -3.507248187337149 ], [ 19.533909802094559, -3.505292129325978 ], [ 19.567162788284463, -3.550281463582908 ], [ 19.710631586543176, -3.246762193872154 ], [ 19.730469214371897, -2.909522520783866 ], [ 19.739587678280998, -2.645352457837299 ], [ 19.655739860571352, -2.509905983075566 ], [ 19.636390364176819, -2.168064880105479 ], [ 19.563128720785322, -2.106742171192596 ], [ 19.40419640744242, -1.903621762713525 ], [ 19.294549261206733, -1.884272266318991 ], [ 19.165552618576509, -1.787524784346325 ], [ 19.004306815288732, -1.594029820400993 ], [ 18.907559333316069, -1.497282338428327 ], [ 18.694714872976203, -1.458583345639261 ], [ 18.535252137691351, -1.384504881450801 ], [ 18.294825280822515, -1.361835863666594 ], [ 18.056181491956604, -1.265088381693928 ], [ 17.811087870959184, -1.207039892510329 ], [ 17.553094585698741, -1.290887710219973 ], [ 17.380561576180824, -1.327974244976161 ], [ 17.243502643386211, -1.374735527929617 ], [ 17.140305329282032, -1.555330827611927 ], [ 17.043557847309366, -1.710126798768193 ], [ 16.903273998449002, -1.792362158444958 ], [ 16.740415737128345, -1.884272266318991 ], [ 16.592069598103592, -1.974569916160147 ], [ 16.400187092191139, -2.114853765020512 ], [ 16.15509347119372, -2.153552757809579 ], [ 15.819702200355142, -2.2825494004398 ], [ 15.613307572146788, -2.411546043070022 ], [ 15.381113615412389, -2.46314470012211 ], [ 15.200518315730079, -2.617940671278376 ], [ 14.865127044891503, -2.64373999980442 ], [ 14.555535102578972, -2.617940671278376 ], [ 14.387839467159683, -2.566342014226287 ], [ 14.116946517636219, -2.540542685700243 ], [ 13.936351217953908, -2.592141342752332 ], [ 13.729956589745553, -2.721137985382553 ], [ 13.40746498317, -2.824335299486731 ], [ 13.059174048068401, -2.914632949327886 ], [ 12.775381434281915, -2.875933956538819 ], [ 12.543187477547516, -2.914632949327886 ], [ 12.233595535234985, -2.798535970960686 ], [ 11.962702585711519, -2.721137985382553 ], [ 11.743408293240142, -2.669539328330464 ], [ 11.543463497163298, -2.64373999980442 ], [ 11.253221051245301, -2.669539328330464 ], [ 10.917829780406725, -2.630840335541398 ], [ 10.621137502357215, -2.669539328330464 ], [ 10.337344888570728, -2.630840335541398 ], [ 10.027752946258197, -2.746937313908598 ], [ 9.885856639364953, -2.785636306697664 ], [ 9.679462011156598, -2.824335299486731 ], [ 9.189274769161756, -2.953331942116952 ], [ 9.034478798005491, -3.069428920484151 ], [ 8.834534001928647, -3.095228249010196 ], [ 8.621689541588783, -3.288723212955528 ], [ 8.479793234695538, -3.456418848374816 ], [ 8.31209759927625, -3.753111126424325 ], [ 8.208900285172072, -3.920806761843613 ], [ 8.260498942224162, -4.101402061525923 ], [ 8.376595920591361, -4.191699711367079 ], [ 8.444330638653282, -4.401206408223605 ], [ 8.681548854535222, -4.488186420713649 ], [ 8.752714319299804, -4.187710013929859 ], [ 8.84760160565258, -4.108637275302545 ], [ 8.831787057927118, -3.982120893498844 ], [ 9.069005273809058, -3.903048154871531 ], [ 9.266687120377341, -3.934677250322456 ], [ 9.390105708650143, -3.946038574834632 ], [ 9.440647145357431, -3.800253594656023 ], [ 9.780659921454879, -3.713273582165979 ], [ 10.034828613083635, -3.747662296547404 ], [ 10.183610821799055, -3.668311785232513 ], [ 10.286006704526939, -3.584533335727882 ], [ 10.550606936630427, -3.559204832174538 ], [ 10.768820842746377, -3.807175180033572 ], [ 11.046547632348497, -3.797256366119211 ], [ 11.036628818434135, -3.985713830492077 ], [ 11.314355608036255, -4.065064341806969 ], [ 11.344112049779339, -4.293197061837281 ], [ 11.522650700237843, -4.303115875751642 ], [ 11.556727596573902, -4.430904237011856 ], [ 11.794681685344607, -4.390153659386867 ], [ 11.960767615380115, -4.250437230930418 ], [ 12.308450794562031, -4.080794176170395 ], [ 12.770354338534473, -3.985696387705481 ], [ 13.223200950272158, -3.97211098935335 ], [ 14.002097122460981, -3.976639455470727 ], [ 14.532764632890288, -3.963776966426316 ], [ 15.000912984889668, -3.870411864240996 ], [ 15.356015842362719, -3.764286059011494 ], [ 15.527371818161255, -3.631116233053659 ] ] ] ] } },
{ "type": "Feature", "properties": { "id": 96, "name": "Leng", "type": "country", "size": 3, "active": true }, "geometry": { "type": "MultiPolygon", "coordinates": [ [ [ [ 105.441478035345497, -22.247011390844012 ], [ 105.559401074171205, -22.210160441210977 ], [ 105.618362593584067, -22.121718162091689 ], [ 105.677324112996914, -21.99642493333937 ], [ 105.625732783510671, -21.94483360385312 ], [ 105.66995392307031, -21.863761514660439 ], [ 105.662583733143705, -21.73846828590812 ], [ 105.77313658204281, -21.701617336275081 ], [ 105.920540380574963, -21.745838475834727 ], [ 106.038463419400671, -21.672136576568654 ], [ 106.126905698519963, -21.672136576568654 ], [ 106.18586721793281, -21.73846828590812 ], [ 106.281679686978705, -21.73846828590812 ], [ 106.340641206391567, -21.68687695642187 ], [ 106.377492156024601, -21.627915437009012 ], [ 106.49541519485031, -21.627915437009012 ], [ 106.613338233676032, -21.546843347816331 ], [ 106.679669943015497, -21.48051163847687 ], [ 106.768112222134775, -21.473141448550262 ], [ 106.878665071033879, -21.517362588109904 ], [ 106.933941495483438, -21.545922074075506 ], [ 107.007643394749508, -21.534866789185596 ], [ 107.12556643357523, -21.520126409332381 ], [ 107.22874909254773, -21.534866789185596 ], [ 107.265600042180765, -21.586458118671846 ], [ 107.317191371667008, -21.612253783414971 ], [ 107.372467796116567, -21.615938878378273 ], [ 107.43511441049273, -21.597513403561756 ], [ 107.468280265162463, -21.571717738818631 ], [ 107.494075929905577, -21.542236979112204 ], [ 107.523556689612008, -21.571717738818631 ], [ 107.52724178457531, -21.626994163268186 ], [ 107.553037449318438, -21.667530207864523 ], [ 107.615684063694601, -21.693325872607648 ], [ 107.623054253621206, -21.752287392020506 ], [ 107.593573493914775, -21.785453246690238 ], [ 107.600943683841379, -21.837044576176488 ], [ 107.634109538511112, -21.877580620772829 ], [ 107.689385962960671, -21.89232100062604 ], [ 107.76308786222674, -21.907061380479256 ], [ 107.844159951419428, -21.925486855295773 ], [ 107.914176755722195, -21.94391233011229 ], [ 107.96945318017174, -21.932857045222381 ], [ 108.013674319731393, -21.896006095589346 ], [ 108.032099794547904, -21.859155145956311 ], [ 108.07263583914424, -21.859155145956311 ], [ 108.105801693813973, -21.921801760332471 ], [ 108.124227168630497, -21.940227235148988 ], [ 108.098431503887369, -21.988133469671936 ], [ 108.05421036432773, -21.991818564635238 ], [ 107.962082990245136, -22.028669514268273 ], [ 107.947342610391928, -22.076575748791221 ], [ 108.009989224768077, -22.124481983314169 ], [ 108.109486788777275, -22.131852173240773 ], [ 108.208984352786473, -22.106056508497648 ], [ 108.286371347015844, -22.135537268204079 ], [ 108.337962676502102, -22.216609357396756 ], [ 108.253205492346126, -22.238719927176579 ], [ 108.179503593080042, -22.271885781846311 ], [ 108.208984352786473, -22.327162206295863 ], [ 108.186873783006661, -22.382438630745419 ], [ 108.14633773841031, -22.445085245121579 ], [ 108.135282453520404, -22.507731859497738 ], [ 108.057895459291032, -22.515102049424346 ], [ 108.046840174401126, -22.544582809130777 ], [ 108.07263583914424, -22.588803948690419 ], [ 108.113171883740577, -22.588803948690419 ], [ 108.142652643447008, -22.629339993286756 ], [ 108.179503593080042, -22.684616417736311 ], [ 108.24952039738281, -22.714097177442738 ], [ 108.326907391612195, -22.680931322773006 ], [ 108.389554005988344, -22.710412082479436 ], [ 108.415349670731473, -22.769373601892294 ], [ 108.452200620364508, -22.809909646488631 ], [ 108.441145335474602, -22.868871165901488 ], [ 108.415349670731473, -22.902037020571221 ], [ 108.396924195914963, -22.943494338908387 ], [ 108.422719860658077, -22.995085668394637 ], [ 108.46694100021773, -23.042991902917585 ], [ 108.514847234740671, -23.105638517293745 ], [ 108.48536647503424, -23.168285131669908 ], [ 108.407979480804869, -23.17197022663321 ], [ 108.337962676502102, -23.175655321596512 ], [ 108.308481916795671, -23.249357220862585 ], [ 108.267945872199334, -23.260412505752495 ], [ 108.27900115708924, -23.323059120128658 ], [ 108.304796821832369, -23.352539879835085 ], [ 108.275316062125938, -23.407816304284637 ], [ 108.242150207456206, -23.466777823697495 ], [ 108.17581849811674, -23.514684058220443 ], [ 108.164763213226834, -23.569960482669995 ], [ 108.183188688043344, -23.59575614741312 ], [ 108.116856978703893, -23.617866717192943 ], [ 108.080006029070844, -23.6768282366058 ], [ 108.094746408924067, -23.72841956609205 ], [ 108.024729604621299, -23.754215230835175 ], [ 108.046840174401126, -23.809491655284727 ], [ 108.076320934107542, -23.909910493034754 ], [ 108.150022833373626, -23.972557107410918 ], [ 108.208984352786473, -24.020463341933862 ], [ 108.312167011758973, -24.06836957645681 ], [ 108.345332866428706, -24.167867140466004 ], [ 108.337962676502102, -24.248939229658685 ], [ 108.343490318947062, -24.341987877482097 ], [ 108.365600888726874, -24.496761865940847 ], [ 108.450358072882864, -24.596259429950045 ], [ 108.553540731855364, -24.625740189656472 ], [ 108.634612821048037, -24.58151905009683 ], [ 108.708314720314107, -24.614684904766563 ], [ 108.734110385057235, -24.717867563739063 ], [ 108.833607949066433, -24.728922848628972 ], [ 108.933105513075631, -24.703127183885847 ], [ 108.881514183589374, -24.795254557968438 ], [ 108.840978138993037, -24.89106702701433 ], [ 108.815182474249909, -24.957398736353795 ], [ 108.852033423882943, -25.027415540656563 ], [ 108.877829088626072, -25.119542914739153 ], [ 108.811497379286607, -25.167449149262097 ], [ 108.734110385057235, -25.219961752489173 ], [ 108.697259435424201, -25.264182892048819 ], [ 108.66777867571777, -25.312089126571763 ], [ 108.664093580754468, -25.363680456058013 ], [ 108.645668105937943, -25.441067450287388 ], [ 108.612502251268211, -25.503714064663551 ], [ 108.535115257038839, -25.525824634443371 ], [ 108.457728262809468, -25.551620299186496 ], [ 108.398766743396607, -25.603211628672746 ], [ 108.395081648433305, -25.673228432975513 ], [ 108.343490318947062, -25.706394287645246 ], [ 108.258733134791072, -25.732189952388371 ], [ 108.155550475818572, -25.735875047351676 ], [ 108.078163481589201, -25.805891851654444 ], [ 108.052367816846072, -25.881436298402171 ], [ 108.070793291662596, -26.010414622117796 ], [ 108.078163481589201, -26.109912186126994 ], [ 108.081848576552503, -26.209409750136189 ], [ 108.081848576552503, -26.283111649402262 ], [ 108.019201962176339, -26.312592409108689 ], [ 107.92707458809376, -26.342073168815119 ], [ 107.882853448534107, -26.38260921341146 ], [ 107.860742878754294, -26.437885637861012 ], [ 107.860742878754294, -26.482106777420654 ], [ 107.787040979488211, -26.482106777420654 ], [ 107.73913474496527, -26.511587537127085 ], [ 107.691228510442329, -26.533698106906904 ], [ 107.676488130589107, -26.574234151503244 ], [ 107.661747750735898, -26.611085101136279 ], [ 107.680173225552409, -26.662676430622529 ], [ 107.735449650001968, -26.681101905439046 ], [ 107.691228510442329, -26.765859089595029 ], [ 107.702283795332235, -26.824820609007887 ], [ 107.73913474496527, -26.850616273751012 ], [ 107.746504934891874, -26.894837413310654 ], [ 107.790726074451527, -26.909577793163869 ], [ 107.742819839928572, -26.957484027686817 ], [ 107.694913605405631, -26.986964787393244 ], [ 107.676488130589107, -27.042241211842796 ], [ 107.6654328456992, -27.075407066512529 ], [ 107.654377560809294, -27.075407066512529 ], [ 107.565935281690003, -27.082777256439137 ], [ 107.481178097534027, -27.10488782621896 ], [ 107.411161293231245, -27.149108965778602 ], [ 107.348514678855096, -27.168455714335945 ], [ 107.267442589662409, -27.17214080929925 ], [ 107.164259930689909, -27.2237321387855 ], [ 107.108983506240364, -27.312174417904785 ], [ 107.002115752304562, -27.315859512868091 ], [ 106.902618188295364, -27.341655177611216 ], [ 106.832601383992596, -27.400616697024073 ], [ 106.814175909176072, -27.444837836583716 ], [ 106.854711953772409, -27.478003691253448 ], [ 106.8399715739192, -27.522224830813091 ], [ 106.766269674653131, -27.573816160299341 ], [ 106.663087015680631, -27.592241635115858 ], [ 106.629921161010898, -27.662258439418625 ], [ 106.600440401304468, -27.735960338684698 ], [ 106.508313027221874, -27.728590148758091 ], [ 106.386704893432864, -27.728590148758091 ], [ 106.349853943799829, -27.691739199125053 ], [ 106.412500558175978, -27.669628629345233 ], [ 106.478832267515443, -27.629092584748893 ], [ 106.5304235970017, -27.522224830813091 ], [ 106.548849071818211, -27.422727266803893 ], [ 106.570959641598037, -27.37850612724425 ], [ 106.578329831524641, -27.256897993455233 ], [ 106.545163976854909, -27.2237321387855 ], [ 106.497257742331968, -27.28637875316166 ], [ 106.419870748102596, -27.367450842354341 ], [ 106.320373184093398, -27.437467646657108 ], [ 106.206135240230978, -27.474318596290143 ], [ 106.007140112212596, -27.48168878621675 ], [ 105.896587263313478, -27.49274407110666 ], [ 105.8081449841942, -27.551705590519518 ], [ 105.79708969930428, -27.625407489785591 ], [ 105.734443084928131, -27.688054104161751 ], [ 105.605464761212502, -27.706479578978268 ], [ 105.531762861946433, -27.735960338684698 ], [ 105.443320582827141, -27.743330528611303 ], [ 105.391729253340898, -27.717534863868178 ], [ 105.454375867717047, -27.680683914235143 ], [ 105.439635487863839, -27.632777679712198 ], [ 105.3954143483042, -27.59592673007916 ], [ 105.303286974221606, -27.592241635115858 ], [ 105.17799374546928, -27.588556540152553 ], [ 105.071125991533478, -27.525909925776393 ], [ 104.986368807377502, -27.463263311400233 ], [ 104.934777477891245, -27.393246507097466 ], [ 104.85002029373527, -27.360080652427733 ], [ 104.7763183944692, -27.382191222207553 ], [ 104.665765545570082, -27.37850612724425 ], [ 104.632599690900349, -27.33797008264791 ], [ 104.599433836230617, -27.304804227978178 ], [ 104.58837855134071, -27.264268183381841 ], [ 104.621544406010443, -27.216361948858893 ], [ 104.610489121120537, -27.153715334482733 ], [ 104.525731936964547, -27.124234574776303 ], [ 104.393068518285617, -27.109494194923091 ], [ 104.271460384496606, -27.072643245290053 ], [ 104.219869055010349, -27.0173668208405 ], [ 104.271460384496606, -26.96577549135425 ], [ 104.337792093836072, -26.92523944675791 ], [ 104.348847378725978, -26.855222642455143 ], [ 104.326736808946166, -26.777835648225768 ], [ 104.319366619019547, -26.726244318739518 ], [ 104.411493993102141, -26.715189033849608 ], [ 104.492566082294815, -26.67833808421657 ], [ 104.55889779163428, -26.645172229546837 ], [ 104.595748741267315, -26.589895805097285 ], [ 104.603118931193933, -26.48302805116148 ], [ 104.610489121120537, -26.416696341822018 ], [ 104.665765545570082, -26.350364632482552 ], [ 104.717356875056339, -26.365105012335768 ], [ 104.842650103808666, -26.339309347592643 ], [ 104.949517857744468, -26.284032923143087 ], [ 104.978998617450898, -26.206645928913712 ], [ 105.082181276423398, -26.206645928913712 ], [ 105.170623555542676, -26.1919055490605 ], [ 105.207474505175711, -26.15136950446416 ], [ 105.218529790065631, -26.04818684549166 ], [ 105.200104315249106, -26.000280610968712 ], [ 105.240640359845443, -25.937633996592552 ], [ 105.218529790065631, -25.882357572142997 ], [ 105.126402415983037, -25.867617192289785 ], [ 105.078496181460082, -25.838136432583354 ], [ 105.078496181460082, -25.771804723243893 ], [ 105.093236561313304, -25.69810282397782 ], [ 105.170623555542676, -25.694417729014518 ], [ 105.229585074955537, -25.73863886857416 ], [ 105.299601879258304, -25.760749438353979 ], [ 105.3954143483042, -25.775489818207195 ], [ 105.529920314464775, -25.763513259576456 ], [ 105.640473163363879, -25.704551740163598 ], [ 105.736285632409775, -25.649275315714046 ], [ 105.776821677006112, -25.557147941631456 ], [ 105.891059620868532, -25.546092656741546 ], [ 106.034778324437369, -25.564518131558064 ], [ 106.141646078373171, -25.546092656741546 ], [ 106.211662882675938, -25.505556612145206 ], [ 106.281679686978705, -25.468705662512171 ], [ 106.373807061061299, -25.461335472585564 ], [ 106.473304625070497, -25.457650377622262 ], [ 106.432768580474146, -25.376578288429581 ], [ 106.351696491281473, -25.317616769016723 ], [ 106.285364781942008, -25.262340344567171 ], [ 106.178497028006205, -25.262340344567171 ], [ 106.101110033776834, -25.218119205007529 ], [ 106.056888894217181, -25.122306735961637 ], [ 106.071629274070403, -25.019124076989137 ], [ 106.027408134510765, -24.960162557576279 ], [ 105.920540380574963, -24.893830848236814 ], [ 105.861578861162101, -24.853294803640473 ], [ 105.828413006492369, -24.767616345743662 ], [ 105.90580000072174, -24.808152390340002 ], [ 105.99055718487773, -24.808152390340002 ], [ 106.042148514363973, -24.76393125078036 ], [ 106.045833609327275, -24.682859161587679 ], [ 105.968446615097903, -24.638638022028037 ], [ 105.865263956125403, -24.620212547211519 ], [ 105.78419186693273, -24.598101977431696 ], [ 105.736285632409775, -24.520714983202321 ], [ 105.625732783510671, -24.505974603349106 ], [ 105.504124649721646, -24.505974603349106 ], [ 105.478328984978532, -24.428587609119731 ], [ 105.400941990749146, -24.362255899780269 ], [ 105.330925186446379, -24.329090045110537 ], [ 105.353035756226205, -24.248017955917856 ], [ 105.408312180675765, -24.211167006284821 ], [ 105.456218415198705, -24.203796816358214 ], [ 105.46358860512531, -24.139307654500399 ], [ 105.548345789281299, -24.139307654500399 ], [ 105.592566928840938, -24.087716325014149 ], [ 105.57782654898773, -23.980848571078347 ], [ 105.56677126409781, -23.907146671812274 ], [ 105.56677126409781, -23.85924043728933 ], [ 105.622047688547369, -23.837129867509507 ], [ 105.703119777740042, -23.826074582619597 ], [ 105.717860157593265, -23.774483253133347 ], [ 105.666268828107007, -23.721049376165443 ], [ 105.555715979207903, -23.721049376165443 ], [ 105.452533320235403, -23.72841956609205 ], [ 105.341980471336299, -23.713679186238835 ], [ 105.268278572070216, -23.64734747689937 ], [ 105.224057432510577, -23.566275387706693 ], [ 105.165095913097716, -23.529424438073658 ], [ 105.084023823905042, -23.566275387706693 ], [ 105.025062304492181, -23.639977286972766 ], [ 104.969785880042636, -23.536794628000262 ], [ 104.999266639749067, -23.374650449614908 ], [ 104.925564740482983, -23.31568893020205 ], [ 104.925564740482983, -23.278837980569012 ], [ 104.969785880042636, -23.21250627122955 ], [ 105.072968539015136, -23.197765891376335 ], [ 105.109819488648171, -23.153544751816693 ], [ 104.991896449822448, -23.116693802183654 ], [ 104.881343600923344, -23.10932361225705 ], [ 104.837122461363705, -23.0577322827708 ], [ 104.918194550556379, -22.947179433871693 ], [ 105.058228159161914, -22.910328484238654 ], [ 105.102449298721567, -22.814516015192762 ], [ 105.087708918868344, -22.762924685706512 ], [ 105.213002147620671, -22.82188620511937 ], [ 105.28670404688674, -22.77029487563312 ], [ 105.28670404688674, -22.674482406587227 ], [ 105.242482907327101, -22.600780507321154 ], [ 105.15404062820781, -22.549189177834904 ], [ 105.072968539015136, -22.541818987908297 ], [ 105.08033872894174, -22.401785379302762 ], [ 105.168781008061032, -22.313343100183477 ], [ 105.316184806593171, -22.276492150550439 ], [ 105.38988670585924, -22.165939301651335 ], [ 105.441478035345497, -22.247011390844012 ] ] ] ] } },
{ "type": "Feature", "properties": { "id": 97, "name": "Thenn", "type": "region", "size": 3 }, "geometry": { "type": "MultiPolygon", "coordinates": [ [ [ [ 10.744023807960474, 45.831529054388028 ], [ 10.119138531355706, 45.444695311727934 ], [ 10.109219717441343, 45.147130894297092 ], [ 9.891005811325392, 45.196724963868903 ], [ 9.891005811325392, 44.948754616009865 ], [ 9.801736486096141, 44.809891221208808 ], [ 9.871168183496671, 44.532164431606688 ], [ 10.109219717441343, 44.353625781148182 ], [ 10.396865320957824, 44.393301036805624 ], [ 10.654754482731221, 44.135411875032233 ], [ 10.991994155819508, 44.115574247203504 ], [ 11.299477387164712, 44.254437642004568 ], [ 11.468097223708856, 44.145330688946594 ], [ 11.686312922373141, 44.27597149075055 ], [ 11.825174524625865, 44.142850985468002 ], [ 12.010511150745126, 44.204806025985967 ], [ 12.27935846207799, 43.83316415443759 ], [ 12.564020321136319, 44.046660548731339 ], [ 12.891590131893913, 43.967120740170117 ], [ 12.975756938691788, 44.00646729414553 ], [ 13.164214403064655, 44.095736619374783 ], [ 13.372509495266243, 44.075898991546062 ], [ 13.580804587467833, 44.234600014175847 ], [ 13.610561029210917, 44.502407989863599 ], [ 13.42210356483805, 44.571839687264131 ], [ 13.322915425694436, 44.799972407294447 ], [ 13.015432194349234, 44.829728849037529 ], [ 12.826974729976367, 45.0677803829822 ], [ 12.618679637774777, 44.948754616009865 ], [ 12.36079047600138, 45.018186313410396 ], [ 12.251683522943406, 45.206643777783263 ], [ 12.36079047600138, 45.405020056070491 ], [ 12.003713175084371, 45.35542598649868 ], [ 11.854930966368951, 45.553802264785908 ], [ 11.676392315910444, 45.454614125642294 ], [ 11.557366548938107, 45.563721078700269 ], [ 11.547447735023747, 45.772016170901864 ], [ 11.269720945421627, 45.742259729158775 ], [ 11.160613992363652, 45.662909217843882 ], [ 11.041588225391315, 45.821610240473667 ], [ 10.922562458418978, 45.772016170901864 ], [ 10.744023807960474, 45.831529054388028 ] ] ] ] } },
{ "type": "Feature", "properties": { "id": 98, "name": "The Black Cliffs", "type": "shore", "size": 2 }, "geometry": { "type": "MultiPolygon", "coordinates": [ [ [ [ 56.09569181631651, -9.784673688357632 ], [ 56.215235673692071, -9.724701318715409 ], [ 56.248753831593504, -9.570278376955208 ], [ 56.363673230112724, -9.579854993498477 ], [ 56.521687403076655, -9.450570670164355 ], [ 56.55041725270646, -9.282979880657159 ], [ 56.655760034682409, -9.182425406952843 ], [ 56.837715749004509, -9.158483865594672 ], [ 56.914328681350653, -9.024411233988916 ], [ 57.086707779129483, -8.885550294111525 ], [ 57.239933643821779, -8.789784128678841 ], [ 57.278240109994854, -8.646134880529816 ], [ 57.43195772847681, -8.579231012352881 ], [ 57.575115222836168, -8.464179166207719 ], [ 57.757070937158268, -8.421084391763012 ], [ 57.962968192838538, -8.263070218799085 ], [ 57.929450034937098, -8.076326196205352 ], [ 58.00337285869896, -8.001467123432169 ], [ 58.15018690794038, -7.893288350306911 ], [ 58.312455067628271, -7.785109577181652 ], [ 58.312455067628271, -7.646022583163463 ], [ 58.250638625842406, -7.537843810038204 ], [ 58.327909178074734, -7.391029760796782 ], [ 58.482450282539389, -7.32921331901092 ], [ 58.64471844222728, -7.236488656332127 ], [ 58.49446145772621, -7.167021424964819 ], [ 58.287512628846315, -7.210589599465849 ], [ 58.080563799966413, -7.341294122968942 ], [ 57.830046796585485, -7.591811126349869 ], [ 57.590421836829819, -7.77697586797925 ], [ 57.448825269701466, -7.907680391482343 ], [ 57.274552571697342, -8.071061045861208 ], [ 57.04581965556693, -8.256225787490589 ], [ 56.806194695811264, -8.528526878122033 ], [ 56.544785648805082, -8.757259794252445 ], [ 56.326944776299925, -8.985992710382856 ], [ 56.196240252796834, -9.138481321136464 ], [ 56.02196755479271, -9.356322193641619 ], [ 56.011075511167448, -9.530594891645741 ], [ 55.989291423916939, -9.661299415148834 ], [ 56.09569181631651, -9.784673688357632 ] ] ] ] } },
{ "type": "Feature", "properties": { "id": 99, "name": "Andalos", "type": "region", "size": 4, "active": false }, "geometry": { "type": "MultiPolygon", "coordinates": [ [ [ [ 31.105671289449109, 4.229579634400612 ], [ 31.31159407155878, 4.662343358035623 ], [ 31.708068538991231, 4.878602158453325 ], [ 32.27487724245988, 5.052927903904552 ], [ 32.860015508301998, 5.124093368669135 ], [ 33.730038770249472, 5.11852303159933 ], [ 34.209288689760818, 5.249227555102423 ], [ 34.917271525402569, 5.619557038361187 ], [ 35.40741348853917, 5.957210390744177 ], [ 35.527225968417007, 6.049792761558868 ], [ 35.837649211736853, 6.251295568626137 ], [ 36.039152018804124, 6.38200009212923 ], [ 36.197086651370363, 6.490920528381808 ], [ 36.37680537118711, 6.583502899196498 ], [ 36.561970112816496, 6.692423335449075 ], [ 36.720546681013133, 6.872222921107831 ], [ 36.693585481250665, 7.13284785214508 ], [ 36.702572547838152, 7.47435638246975 ], [ 36.495870016325853, 7.896748512081843 ], [ 36.523021171385743, 8.254102539829875 ], [ 36.235375567869262, 8.353290678973488 ], [ 35.947729964352781, 8.51199170160327 ], [ 35.977486406095871, 8.769880863376667 ], [ 36.146106242640009, 9.027770025150064 ], [ 36.076674545239484, 9.176552233865484 ], [ 36.24529438178363, 9.444360209553242 ], [ 36.017161661753313, 9.622898860011746 ], [ 35.805475022169418, 9.882295415567716 ], [ 35.462357358764351, 9.98399472702671 ], [ 35.354512559714451, 10.145761925601553 ], [ 35.579189224401738, 10.352464457113856 ], [ 35.14430603728951, 10.647016396669562 ], [ 34.85666043377303, 10.865230302785513 ], [ 34.529339574599106, 11.13303827847327 ], [ 34.330963296311879, 11.321495742846135 ], [ 34.261531598911347, 11.589303718533895 ], [ 33.805266158850721, 11.609141346362616 ], [ 33.55729581099169, 11.876949322050374 ], [ 33.101030370931063, 12.075325600337603 ], [ 32.706186669475244, 12.145252675343739 ], [ 32.259612880839676, 12.150698697156367 ], [ 31.938297593894575, 12.085346435404821 ], [ 31.73263252027537, 12.008726113860412 ], [ 31.6605504814505, 11.981872020964872 ], [ 31.535291979760036, 11.905627715588068 ], [ 31.467018164103493, 11.799981743926606 ], [ 31.467018164103493, 11.234020685458095 ], [ 31.467018164103493, 10.747030937473562 ], [ 31.269589887893549, 10.233717419327702 ], [ 30.92738087579631, 9.70724201610118 ], [ 30.62465751894106, 9.312385463681288 ], [ 30.31070110496551, 9.176616810046148 ], [ 30.306722428409046, 9.120915338255625 ], [ 30.199298161384462, 9.079139234412731 ], [ 30.125692645089842, 9.015480409509275 ], [ 30.050097790516986, 9.045320483682771 ], [ 29.988428303891762, 9.009512394674575 ], [ 29.954639531826349, 8.857336699949236 ], [ 29.861194363143806, 8.775572177352018 ], [ 29.793446615848968, 8.672782491801222 ], [ 29.643278112618336, 8.659388857705572 ], [ 29.519939139367889, 8.603687385915048 ], [ 29.471060783894206, 8.411136019490108 ], [ 29.515960462811424, 8.329158703518893 ], [ 29.444344284795037, 8.241627819276641 ], [ 29.274825929660874, 8.098094704403607 ], [ 29.174372373327149, 7.992968889635754 ], [ 29.155683339590638, 7.883170816433767 ], [ 29.167363985675959, 7.808414681487732 ], [ 29.086263394713093, 7.769159978196299 ], [ 28.982817804244977, 7.725394536075173 ], [ 28.947009715236781, 7.629906298719988 ], [ 29.134007513390685, 7.514524678582474 ], [ 29.221538397632937, 7.434951147453154 ], [ 29.205623691407073, 7.315590850759173 ], [ 29.181751632068277, 7.184294524395795 ], [ 29.114114130608357, 7.104720993266474 ], [ 29.034540599479033, 7.12859305260527 ], [ 29.050455305704901, 7.212145260291057 ], [ 28.98981816517913, 7.280449478431385 ], [ 28.887329566889793, 7.138539743996436 ], [ 28.765579082163093, 7.16715761590764 ], [ 28.803777359204005, 7.033104815250086 ], [ 28.803777359204005, 6.901808488886707 ], [ 28.742217789992452, 6.772351778223906 ], [ 28.632694267275966, 6.623301129934085 ], [ 28.632419716790473, 6.501360789044546 ], [ 28.660545003171229, 6.436303331780183 ], [ 28.672481032840626, 6.368665830320261 ], [ 28.740118534300549, 6.24930553362628 ], [ 28.877382875498625, 6.127955898654057 ], [ 28.885340228611561, 6.060318397194135 ], [ 28.865446845829229, 6.000638248847145 ], [ 28.937063023845617, 6.000638248847145 ], [ 28.939052362123849, 5.940958100500154 ], [ 29.010668540140237, 5.877299275596698 ], [ 29.110135454051889, 5.887245966987863 ], [ 29.124060821999521, 5.821597803806173 ], [ 29.205623691407073, 5.6544933884346 ], [ 29.283207884258161, 5.674386771216931 ], [ 29.378696121613345, 5.698258830555727 ], [ 29.430418916847405, 5.658472064991067 ], [ 29.410525534065073, 5.616695961148173 ], [ 29.321005311544589, 5.584866548696445 ], [ 29.275250531145229, 5.523197062071223 ], [ 29.266298508893176, 5.449591545776583 ], [ 29.295880414436496, 5.351985214249323 ], [ 29.393616158700087, 5.2456843722577 ], [ 29.335925348631331, 5.144228120067817 ], [ 29.354283644863084, 5.102019388023534 ], [ 29.443056555111497, 5.022590994643372 ], [ 29.515476560840465, 4.870742595534245 ], [ 29.541173982228162, 4.742255488595752 ], [ 29.538837853011099, 4.609096123223138 ], [ 29.484023056926073, 4.552023643425541 ], [ 29.565105468552225, 4.508653981392949 ], [ 29.591504393267716, 4.448313582043255 ], [ 29.595275668227071, 4.344603520660968 ], [ 29.573800013536115, 4.291303648049167 ], [ 29.572648018470936, 4.189981247327376 ], [ 29.6443022426987, 4.140954672855749 ], [ 29.721613379365497, 4.165467960091562 ], [ 29.748012304080987, 4.25032164667707 ], [ 29.853608002942952, 4.274834933912883 ], [ 29.951661151886206, 4.314433320986121 ], [ 29.961597463568655, 4.249253322142026 ], [ 29.972403164162664, 4.16735359757124 ], [ 29.934690414569104, 4.061757898709275 ], [ 29.960577567996502, 4.04909739790056 ], [ 30.06601249674285, 4.150553650090444 ], [ 30.123703306811606, 4.261956593671492 ], [ 30.245820598715966, 4.257864196595782 ], [ 30.385357772212135, 4.272949296433206 ], [ 30.45324072148054, 4.357802983018713 ], [ 30.648419453385312, 4.324009457088054 ], [ 30.632376282049943, 4.229579634400612 ], [ 30.751171443269655, 4.227222587551016 ], [ 30.793259464843249, 4.272614614312653 ], [ 31.036216903417849, 4.281959131180913 ], [ 31.105671289449109, 4.229579634400612 ] ] ] ] } },
{ "type": "Feature", "properties": { "id": 100, "name": "Valyrian Freehold", "type": "country", "size": 5, "active": false }, "geometry": { "type": "MultiPolygon", "coordinates": [ [ [ [ 54.225693586828072, -12.420518875645442 ], [ 54.331036368804028, -12.434883800460344 ], [ 54.436379150779977, -12.5545915072512 ], [ 54.541721932755927, -12.535438274164662 ], [ 54.666217947818417, -12.521073349349759 ], [ 54.733254263621298, -12.473190266633418 ], [ 54.771560729794366, -12.535438274164662 ], [ 54.838597045597247, -12.583321356881005 ], [ 54.852961970412153, -12.650357672683882 ], [ 54.848173662140518, -12.726970605030028 ], [ 54.884605693497605, -12.794684930511508 ], [ 54.973378603746021, -12.827390739550395 ], [ 55.108874098335697, -12.827390739550395 ], [ 55.197720165969812, -12.880196469722321 ], [ 55.365310955477007, -12.942444477253565 ], [ 55.48980697053949, -12.952021093796834 ], [ 55.504171895354396, -13.009480793056444 ], [ 55.590361444243811, -13.057363875772785 ], [ 55.705280842763031, -13.038210642686249 ], [ 55.743587308936107, -13.095670341945858 ], [ 55.734010692392836, -13.17707158256364 ], [ 55.815411933010616, -13.201013123921809 ], [ 55.83456516609715, -13.263261131453055 ], [ 55.781893775109175, -13.325509138984298 ], [ 55.767528850294276, -13.402122071330444 ], [ 55.734010692392836, -13.45479346231842 ], [ 55.641511559826178, -13.467490145025792 ], [ 55.655003605910871, -13.551756704819011 ], [ 55.789076237516625, -13.590063170992085 ], [ 55.765134696158455, -13.671464411609866 ], [ 55.846535936776235, -13.786383810129086 ], [ 55.765134696158455, -13.84863181766033 ], [ 55.779499620973361, -13.949186291364647 ], [ 55.779499620973361, -14.073682306427136 ], [ 55.674156838997405, -14.155083547044915 ], [ 55.655003605910871, -14.255638020749233 ], [ 55.578390673564726, -14.231696479391063 ], [ 55.501777741218575, -14.231696479391063 ], [ 55.391646650970991, -14.274791253835771 ], [ 55.453894658502236, -14.327462644823745 ], [ 55.401223267514261, -14.418440501984795 ], [ 55.286303868995041, -14.384922344083355 ], [ 55.204902628377262, -14.375345727540088 ], [ 55.089983229858042, -14.456746968157868 ], [ 55.046888455413331, -14.365769110996819 ], [ 55.056465071956602, -14.231696479391063 ], [ 55.022946914055161, -14.159871855316551 ], [ 54.946333981709017, -14.121565389143477 ], [ 54.922392440350848, -14.054529073340598 ], [ 54.869721049362873, -13.968339524451183 ], [ 54.761984113251103, -13.976719063926543 ], [ 54.680582872633323, -13.928835981210202 ], [ 54.665059954392255, -13.862200178010157 ], [ 54.527228330585501, -13.761746621676425 ], [ 54.422102515817649, -13.701007262032777 ], [ 54.33800186400336, -13.719696295769284 ], [ 54.225867661584317, -13.717360166552213 ], [ 54.130086363684711, -13.654284677691495 ], [ 54.017952161265669, -13.705679520466903 ], [ 53.966557318490267, -13.813141464451819 ], [ 54.008607644397415, -13.911258891568481 ], [ 54.008607644397415, -14.023393093987538 ], [ 54.064674745606936, -14.079460195197059 ], [ 54.134758622118845, -14.140199554840708 ], [ 54.290335748495117, -14.134134698356492 ], [ 54.366948680841269, -14.23468917206081 ], [ 54.395678530471073, -14.435798119469444 ], [ 54.563269319978268, -14.555505826260298 ], [ 54.630305635781149, -14.632118758606444 ], [ 54.601575786151344, -14.737461540582396 ], [ 54.577634244793167, -14.818862781200176 ], [ 54.802684733559971, -14.895475713546324 ], [ 54.893662590721021, -15.005606803793908 ], [ 54.970275523067173, -15.120526202313128 ], [ 55.123501387759461, -15.115737894041494 ], [ 55.200114320105612, -15.182774209844373 ], [ 55.157019545660901, -15.288116991820324 ], [ 55.214479244920511, -15.382686080185099 ], [ 55.137866312574367, -15.526335328334124 ], [ 55.080406613314757, -15.593371644137001 ], [ 55.046888455413317, -15.674772884754782 ], [ 54.946333981708996, -15.698714426112954 ], [ 54.946333981708996, -15.765750741915831 ], [ 55.032523530598411, -15.808845516360538 ], [ 55.027735222326783, -15.928553223151393 ], [ 55.118713079487826, -16.019531080312444 ], [ 55.056465071956588, -16.124873862288393 ], [ 55.066041688499851, -16.24936987735088 ], [ 54.979852139610436, -16.325982809697027 ], [ 54.903239207264292, -16.416960666858078 ], [ 54.908027515535927, -16.493573599204222 ], [ 54.951122289980631, -16.5462449901922 ], [ 54.955910598252267, -16.728200704514297 ], [ 54.951122289980631, -16.871849952663322 ], [ 54.845779508004682, -17.005922584269079 ], [ 54.941545673437368, -17.106477057973397 ], [ 54.912815823807563, -17.187878298591176 ], [ 55.003793680968606, -17.235761381307519 ], [ 54.999005372696978, -17.302797697110396 ], [ 54.860144432819581, -17.384198937728176 ], [ 54.807473041831607, -17.460811870074323 ], [ 54.596787477879708, -17.460811870074323 ], [ 54.491444695903752, -17.494330027975764 ], [ 54.467503154545582, -17.590096193408446 ], [ 54.381313605656167, -17.604461118223348 ], [ 54.285547440223489, -17.70022728365603 ], [ 54.223299432692244, -17.657132509211323 ], [ 54.304700673310023, -17.556578035507005 ], [ 54.261605898865312, -17.479965103160861 ], [ 54.108380034173024, -17.451235253531056 ], [ 53.993460635653804, -17.398563862543078 ], [ 53.945577552937458, -17.288432772295494 ], [ 53.940789244665829, -17.154360140689736 ], [ 53.964776666438581, -17.106385297144232 ], [ 53.998248943925439, -17.039440742170516 ], [ 53.969519094295634, -16.871849952663322 ], [ 53.883008932892281, -16.8161574070512 ], [ 53.864176312319678, -16.742565629329199 ], [ 53.912059395036025, -16.646799463896517 ], [ 53.993460635653804, -16.57018653155037 ], [ 53.974307402567263, -16.479208674389319 ], [ 54.050920334913414, -16.440902208216247 ], [ 54.132321575531194, -16.43132559167298 ], [ 54.122744958987923, -16.34034773451193 ], [ 54.184992966519168, -16.30682957661049 ], [ 54.285547440223489, -16.330771117968663 ], [ 54.314277289853294, -16.25894649389415 ], [ 54.213722816148973, -16.220640027721075 ], [ 54.094015109358118, -16.196698486362905 ], [ 53.974307402567263, -16.206275102906172 ], [ 53.845023079233144, -16.235004952535977 ], [ 53.701373831084119, -16.244581569079248 ], [ 53.576877816021629, -16.31640619315376 ], [ 53.440355955603266, -16.40343262370186 ], [ 53.357084038367674, -16.493110073032494 ], [ 53.261001056942, -16.544354329792856 ], [ 53.235378928561815, -16.678870503788804 ], [ 53.126484882946045, -16.730114760549167 ], [ 53.030401901520371, -16.730114760549167 ], [ 52.947129984284778, -16.704492632168986 ], [ 52.831830406573964, -16.659653907503671 ], [ 52.729341893053245, -16.576381990268082 ], [ 52.742152957243334, -16.473893476747357 ], [ 52.620447847437475, -16.352188366941498 ], [ 52.48593167344152, -16.281727513896001 ], [ 52.325793371065394, -16.217672192945546 ], [ 52.184871664974395, -16.230483257135639 ], [ 52.063166555168536, -16.18564453247032 ], [ 51.915839316982499, -16.153616871995094 ], [ 51.768512078796455, -16.172833468280231 ], [ 51.666023565275729, -16.29453857808609 ], [ 51.557129519659966, -16.307349642276183 ], [ 51.454641006139241, -16.249699853420775 ], [ 51.35855802471356, -16.198455596660413 ], [ 51.262475043287886, -16.18564453247032 ], [ 51.15998652976716, -16.198455596660413 ], [ 51.115147805101842, -16.127994743614913 ], [ 51.083120144626612, -15.948639844953648 ], [ 50.974226099010849, -15.884584524003195 ], [ 50.85252098920499, -15.929423248668511 ], [ 50.737221411494176, -15.987073037523919 ], [ 50.564272044927954, -16.063939422664461 ], [ 50.397728210456776, -16.012695165904098 ], [ 50.340078421601369, -15.910206652383376 ], [ 50.215170545747966, -15.89018936458635 ], [ 50.163926288987604, -15.909405960871485 ], [ 50.12549309641733, -16.018300006487255 ], [ 50.029410114991656, -16.031111070677344 ], [ 49.923718835423408, -16.066341497200092 ], [ 49.850055216330382, -16.079152561390185 ], [ 49.81802755585516, -16.034313836724866 ], [ 49.840446918187816, -15.976664047869461 ], [ 49.798810959570027, -15.922217025061576 ], [ 49.872474578663045, -15.826134043635898 ], [ 49.856460748425434, -15.78129531897058 ], [ 49.773188831189842, -15.733253828257741 ], [ 49.693119680001779, -15.749267658495354 ], [ 49.561806272053353, -15.746064892447832 ], [ 49.516967547388035, -15.685212337544902 ], [ 49.427290098057398, -15.630765314737017 ], [ 49.420884565962353, -15.569912759834088 ], [ 49.353626478964379, -15.53468233331134 ], [ 49.244732433348609, -15.51226297097868 ], [ 49.177474346350635, -15.435396585838138 ], [ 49.097405195162573, -15.380949563030253 ], [ 48.991713915594325, -15.393760627220344 ], [ 48.886022636026077, -15.380949563030253 ], [ 48.886022636026077, -15.288069347652097 ], [ 48.892428168121121, -15.182378068083851 ], [ 48.873515771520431, -15.085771330656094 ], [ 48.82837284717067, -15.073484022468081 ], [ 48.775398344403762, -14.959620352934671 ], [ 48.667936400418846, -14.856830667383882 ], [ 48.686625434155353, -14.782074532437839 ], [ 48.625886074511698, -14.718999043577135 ], [ 48.679617046504163, -14.609200970375149 ], [ 48.729087099697466, -14.45134671773681 ], [ 48.882819869978555, -14.374480332596267 ], [ 48.844386677408281, -14.307222245598291 ], [ 48.729087099697466, -14.323236075835906 ], [ 48.642612416414359, -14.310425011645815 ], [ 48.551129939565669, -14.286815138420387 ], [ 48.444040921467952, -14.275194585123065 ], [ 48.344755173994756, -14.304019479550769 ], [ 48.210238999998801, -14.438535653546719 ], [ 48.027681335290012, -14.460955015879378 ], [ 47.982842610624701, -14.569849061495146 ], [ 47.862738883842603, -14.573852519054553 ], [ 47.779466966607018, -14.650718904195095 ], [ 47.683383985181337, -14.695557628860412 ], [ 47.574489939565566, -14.689152096765367 ], [ 47.536285025379236, -14.823892899136338 ], [ 47.510342090437106, -14.924346029357952 ], [ 47.433568233474574, -15.02223976570772 ], [ 47.465595893949796, -15.124728279228444 ], [ 47.523790092782306, -15.206754078607176 ], [ 47.369138065812493, -15.260546087987981 ], [ 47.362414064639893, -15.408474113785193 ], [ 47.260621777765742, -15.435958754006959 ], [ 47.295174052913886, -15.677434160689215 ], [ 47.254830045878286, -15.832086187659028 ], [ 47.093454017735873, -15.663986158344013 ], [ 47.093454017735873, -15.4891621278564 ], [ 47.019490004837266, -15.395026111439991 ], [ 47.012766003664666, -15.132790065708569 ], [ 47.039662008355066, -14.904174025840151 ], [ 47.140522025944072, -14.810038009423744 ], [ 47.160694029461872, -14.655385982453931 ], [ 47.086730016563273, -14.514181957829319 ], [ 47.220907581075657, -14.375356089460153 ], [ 47.292223209501813, -14.188601704946356 ], [ 47.241382043533079, -14.008200869591128 ], [ 47.342242061122093, -13.873720846139117 ], [ 47.508251474774475, -13.859071532489123 ], [ 47.584306103335713, -13.705620816824103 ], [ 47.557410098645306, -13.598036798062495 ], [ 47.71206212561512, -13.463556774610483 ], [ 47.806198142031526, -13.329076751158473 ], [ 48.014642178382147, -13.194596727706461 ], [ 48.063391186883479, -13.066420455353757 ], [ 48.139876700221805, -13.008425945240075 ], [ 48.222245714586158, -13.016830946705827 ], [ 48.287804726019019, -12.981529940549674 ], [ 48.346639736279272, -12.914289928823669 ], [ 48.422284749471025, -12.929418931462019 ], [ 48.502972763542232, -12.81679191182096 ], [ 48.612237782596992, -12.81679191182096 ], [ 48.727386302677807, -12.757536651487426 ], [ 48.739993804876406, -12.682311888368949 ], [ 48.633250286261401, -12.629780629208014 ], [ 48.623164284502494, -12.420496092710822 ], [ 48.717300300918907, -12.296102071017712 ], [ 48.858504325543514, -12.168346048738302 ], [ 48.915658335510621, -12.047314027631492 ], [ 48.875314328475021, -11.936368008283583 ], [ 48.989622348409227, -11.835507990694575 ], [ 48.935830339028421, -11.670769961965862 ], [ 48.764368309127107, -11.502669932650846 ], [ 48.582563839050245, -11.489782792146471 ], [ 48.51715222097247, -11.396337623463936 ], [ 48.46178825636008, -11.254722389411203 ], [ 48.517261266034012, -11.133690368304386 ], [ 48.481960259877887, -11.026106349542784 ], [ 48.461788256360059, -10.963909338696221 ], [ 48.354204237598474, -10.905074328435974 ], [ 48.227288715465619, -10.852543069275027 ], [ 48.223926714879319, -10.815561062825724 ], [ 48.333191733934079, -10.748321051099717 ], [ 48.347480236425874, -10.676458288567556 ], [ 48.284442725432726, -10.613841027647707 ], [ 48.351682737158733, -10.585264022664154 ], [ 48.355044737745033, -10.5432390153354 ], [ 48.313860230562874, -10.521806261597742 ], [ 48.191987709309466, -10.519705011231299 ], [ 48.125588197730053, -10.494910256907341 ], [ 48.099532693186205, -10.5398770147491 ], [ 48.000353675890352, -10.5264290124039 ], [ 47.984384173105447, -10.441118247526536 ], [ 47.736436629865779, -10.275119468577953 ], [ 47.729712628693179, -10.160811448643743 ], [ 47.638938612863072, -10.096933437504038 ], [ 47.632214611690472, -10.039359177463647 ], [ 47.706178624589079, -9.96371416427189 ], [ 47.707859624882225, -9.885547650640408 ], [ 47.753246632797278, -9.84604414375138 ], [ 47.854106650386285, -9.84436314345823 ], [ 47.90369615903424, -9.76871813026648 ], [ 47.961690669147899, -9.688030116195266 ], [ 47.971776670906799, -9.559433593769283 ], [ 48.059188686150605, -9.542623590837781 ], [ 48.215521713413565, -9.52749458819943 ], [ 48.202073711068365, -9.475383579111774 ], [ 48.096170692599905, -9.460254576473424 ], [ 48.084403690547859, -9.356032558298116 ], [ 48.032292681460206, -9.327455553314563 ], [ 47.944817273068487, -9.31301900080787 ], [ 47.862511651852039, -9.265258542468008 ], [ 47.810400642764385, -9.270301543347458 ], [ 47.736436629865779, -9.256853541002258 ], [ 47.643981613742518, -9.221552534846104 ], [ 47.604478106853513, -9.261056041735138 ], [ 47.479243585013805, -9.235000537191306 ], [ 47.4162060740207, -9.183730028250233 ], [ 47.337423676631971, -9.177523506218186 ], [ 47.282566550715238, -9.137502520188598 ], [ 47.223731540454985, -9.150950522533799 ], [ 47.196835535764585, -9.250129539829656 ], [ 47.212907989362485, -9.330306357014145 ], [ 47.1505333392669, -9.350397068280891 ], [ 47.095975518175592, -9.400579066066593 ], [ 47.080846515537239, -9.487991081310401 ], [ 47.087570516709839, -9.669539112970616 ], [ 47.015287504104386, -9.703159118833618 ], [ 46.904341484756472, -9.71324512059252 ], [ 46.863984918142386, -9.763375602440775 ], [ 46.828696471564719, -9.819148139060978 ], [ 46.72075256210961, -9.842949133570094 ], [ 46.648829440197652, -9.925051157529436 ], [ 46.585477559189762, -9.938437370925278 ], [ 46.566460425833299, -9.898155152839035 ], [ 46.605123432575752, -9.810743137595228 ], [ 46.505904028060442, -9.779290308666639 ], [ 46.527797419090845, -9.669539112970616 ], [ 46.448790405312785, -9.627514105641863 ], [ 46.302543379808725, -9.652729110039115 ], [ 46.147823137978499, -9.675844718198523 ], [ 46.076206959962114, -9.954352077151142 ], [ 45.757912835444827, -9.938437370925278 ], [ 45.415746651588755, -9.90660795847355 ], [ 45.336173120459435, -10.033925608280464 ], [ 45.089495173958539, -10.153285904974444 ], [ 44.795073108780052, -10.185115317426172 ], [ 44.572267221617956, -10.073712373845124 ], [ 44.303953993612517, -10.002138499856548 ], [ 44.137505483158272, -9.972717785496458 ], [ 43.931926112056679, -9.916650684286937 ], [ 43.866514493978904, -9.851239066209162 ], [ 43.784016322322529, -9.817744938483456 ], [ 43.755191427894829, -9.984288772954633 ], [ 43.681527808801803, -10.022721965524903 ], [ 43.598255891566218, -10.025924731572426 ], [ 43.502172910140537, -10.173251969758466 ], [ 43.406089928714863, -10.227698992566351 ], [ 43.284384818909004, -10.298159845611849 ], [ 43.41569822685743, -10.391040060990004 ], [ 43.466705906088563, -10.496540621949247 ], [ 43.556619932948422, -10.544772831271091 ], [ 43.540606102710811, -10.618436450364111 ], [ 43.502172910140537, -10.791385816930333 ], [ 43.60453752989531, -10.921716139454798 ], [ 43.578840108507606, -11.015161308137333 ], [ 43.490067198259197, -11.092253572300425 ], [ 43.321865894630633, -11.071228409346862 ], [ 43.21907620907983, -11.043194858742101 ], [ 43.144320074133802, -11.061883892478601 ], [ 43.097597489792534, -11.108606476819876 ], [ 42.99933864067949, -11.028390504447007 ], [ 43.015352470917101, -10.938713055116374 ], [ 42.893647361111242, -10.855441137880785 ], [ 42.861436302337566, -10.670513857315028 ], [ 42.781862771208246, -10.575025619959842 ], [ 42.694331886965998, -10.670513857315028 ], [ 42.710246593191862, -10.861490332025395 ], [ 42.686374533853062, -11.092253572300425 ], [ 42.553609873989224, -11.136110135594068 ], [ 42.488198255911449, -11.178160461501216 ], [ 42.396739198674375, -11.395926414035815 ], [ 42.342771600937347, -11.499197113432832 ], [ 42.268983176394961, -11.523682436315227 ], [ 42.201849894846347, -11.53442753995558 ], [ 42.189038830656258, -11.483183283195219 ], [ 42.230674789274055, -11.358275407341836 ], [ 42.144787261003124, -11.262261113315505 ], [ 41.899163111901935, -11.234550385893401 ], [ 41.825199099003328, -11.187482377685198 ], [ 41.657099069688314, -11.046278353060586 ], [ 41.574107749531912, -10.993160077924257 ], [ 41.455379034510294, -11.026106349542784 ], [ 41.375536254585512, -11.054012632827188 ], [ 41.30745100871308, -11.005934346024983 ], [ 41.314683699682583, -10.916293692783714 ], [ 41.233486995814481, -10.898350327263374 ], [ 41.109706672641138, -10.820210711358037 ], [ 41.035125882897965, -10.717943005739714 ], [ 41.037644436571867, -10.627244056994797 ], [ 40.94168071421543, -10.533388797591693 ], [ 40.883911666290778, -10.531161075569118 ], [ 40.864695070005645, -10.588810864424525 ], [ 40.755801024389875, -10.601621928614616 ], [ 40.67252910715429, -10.572797034186912 ], [ 40.688542937391901, -10.454294690428576 ], [ 40.643704212726583, -10.332589580622717 ], [ 40.566837827586042, -10.300561920147491 ], [ 40.464349314065316, -10.294156388052444 ], [ 40.333035906116891, -10.255723195482174 ], [ 40.384280162877253, -10.169248512199063 ], [ 40.406699525209909, -10.108395957296134 ], [ 40.268980585166439, -10.028326806108067 ], [ 40.17610036978828, -9.961068719110093 ], [ 40.015962067412147, -9.855377439541845 ], [ 39.878243127368677, -9.845769141399279 ], [ 39.743726953372729, -9.781713820448825 ], [ 39.65084673799457, -9.746483393926077 ], [ 39.563364476147974, -9.669020987278197 ], [ 39.507297374938453, -9.584920335463915 ], [ 39.357785105046382, -9.496147425215499 ], [ 39.222289610456706, -9.435408065571851 ], [ 39.091466374301156, -9.449424840874231 ], [ 38.979332171882099, -9.479794520696055 ], [ 38.818139255904718, -9.498483554432577 ], [ 38.871870227897183, -9.4003661273159 ], [ 38.974659913447972, -9.323273863152808 ], [ 39.065787029931663, -9.266497853597246 ], [ 39.117163795688846, -9.169089334826618 ], [ 39.061096694479325, -9.103677716748843 ], [ 39.035399273091635, -9.014904806500434 ], [ 38.89055926163369, -8.963509963725032 ], [ 38.694324407400352, -8.984535126678596 ], [ 38.548487048469035, -8.963896323557089 ], [ 38.420997289003928, -9.000888031198047 ], [ 38.231770822421787, -9.000888031198047 ], [ 38.014510805234885, -8.99621577276392 ], [ 37.825284338652743, -9.056955132407575 ], [ 37.694461102497193, -9.173761593260751 ], [ 37.572982383209883, -9.169089334826618 ], [ 37.38979722834376, -9.159092332990008 ], [ 37.339369461503544, -9.180769980911942 ], [ 37.18284880396029, -9.176097722477815 ], [ 37.045017180153543, -9.131711267353603 ], [ 36.904849427129726, -9.159744817958371 ], [ 36.731975865067035, -9.299912570982174 ], [ 36.521724235531316, -9.36766031827702 ], [ 36.334833898166245, -9.398029998098844 ], [ 36.093707479788868, -9.389380006132969 ], [ 35.970397740304342, -9.341962896889315 ], [ 35.684649755709678, -9.348446446409023 ], [ 35.544482002685861, -9.474597424130446 ], [ 35.467389738522762, -9.476933553347502 ], [ 35.399641991227931, -9.413858064486798 ], [ 35.27816327194062, -9.357790963277269 ], [ 35.193531908888424, -9.337159876329325 ], [ 35.145003906568, -9.236312243989973 ], [ 35.149676165002141, -9.058766423493148 ], [ 35.077256159273169, -8.815808984918542 ], [ 34.955777439985859, -8.684985748762985 ], [ 34.813588578874608, -8.608963981436181 ], [ 34.71982838906245, -8.558834771041562 ], [ 34.523593534829111, -8.481742506878456 ], [ 34.362400618851744, -8.46538960235902 ], [ 34.210638359396391, -8.487892769118284 ], [ 34.07272059593587, -8.563507029475689 ], [ 33.857796707966024, -8.675641231894739 ], [ 33.766687668500559, -8.635927035204654 ], [ 33.691931533554516, -8.549490254173302 ], [ 33.67557862903508, -8.432683793320134 ], [ 33.505041196189445, -8.385961208978873 ], [ 33.402251510638642, -8.280835394211012 ], [ 33.287781179002543, -8.199070871613786 ], [ 33.142941167544599, -8.199070871613779 ], [ 33.007445672954923, -8.234112809869744 ], [ 32.897647599752936, -8.206079259264976 ], [ 32.727110166907302, -8.086936669194744 ], [ 32.610303706054133, -8.002836017380455 ], [ 32.53554757110809, -8.007508275814583 ], [ 32.488824986766822, -7.988819242078074 ], [ 32.395379818084287, -7.829962455317757 ], [ 32.27156496957992, -7.708483736030454 ], [ 32.269228840362864, -7.587005016743158 ], [ 32.206153351502145, -7.528601786316573 ], [ 32.068321727695405, -7.463190168238805 ], [ 31.974876559012859, -7.344047578168551 ], [ 31.911801070152148, -7.334703061300299 ], [ 31.715566215918816, -7.353392095036805 ], [ 31.603332947121078, -7.293049994054828 ], [ 31.531012007770798, -7.178182403757051 ], [ 31.425886193002942, -7.143140465501093 ], [ 31.276373923110878, -6.977275291089585 ], [ 31.120739010732816, -6.964988467130995 ], [ 31.015103468168668, -6.926628763176817 ], [ 30.768454590616528, -6.86205084829912 ], [ 30.658656517414542, -6.918117949508648 ], [ 30.543249666720683, -6.922058358612837 ], [ 30.47171924579472, -7.01292257236552 ], [ 30.385244562511609, -7.048152998888269 ], [ 30.337203071798768, -7.035341934698178 ], [ 30.321189241561157, -6.87840639836957 ], [ 30.247525622468135, -6.820756609514164 ], [ 30.276350516895839, -6.71826809599344 ], [ 30.266742218753272, -6.628590646662807 ], [ 30.234714558278046, -6.551724261522264 ], [ 30.205889663850343, -6.439627449858972 ], [ 30.261514550513752, -6.3387579036769 ], [ 30.191430674001843, -6.240640476560245 ], [ 30.071373489854391, -6.151378505581937 ], [ 29.888815825145603, -6.144972973486892 ], [ 29.8239049453517, -5.996891694162693 ], [ 29.667824967866544, -5.972023606920671 ], [ 29.472456238967663, -6.061701056251304 ], [ 29.38277878963703, -6.141770207439369 ], [ 29.337529995180418, -6.101199923292688 ], [ 29.251465381688604, -6.096931482774052 ], [ 29.200221124928241, -6.132161909296801 ], [ 29.197018358880719, -6.247461487007616 ], [ 29.156525430842724, -6.334085645242773 ], [ 28.971971222694709, -6.390152746452301 ], [ 28.882489509233412, -6.471356493585624 ], [ 28.783861538750301, -6.452438514049063 ], [ 28.678170259182057, -6.478060642429244 ], [ 28.633331534516739, -6.452438514049063 ], [ 28.65895366289692, -6.385180427051088 ], [ 28.735820048037464, -6.346747234480817 ], [ 28.787064304797823, -6.266678083292751 ], [ 28.82870026341562, -6.215433826532389 ], [ 28.80628090108296, -6.109742546964143 ], [ 28.894356967389832, -6.044085842989929 ], [ 28.961615054387806, -5.967219457849387 ], [ 29.025670375338258, -5.887150306661321 ], [ 29.172997613524299, -5.803878389425734 ], [ 29.217836338189613, -5.704592641952532 ], [ 29.249863998664839, -5.595698596336764 ], [ 29.329933149852906, -5.59249583028924 ], [ 29.339541447995472, -5.522034977243743 ], [ 29.352352512185565, -5.41954646372302 ], [ 29.23705293447475, -5.368302206962658 ], [ 29.278688893092543, -5.281827523679548 ], [ 29.29790548937768, -5.227380500871663 ], [ 29.272283360997498, -5.131297519445984 ], [ 29.221039104237136, -5.041620070115351 ], [ 29.169794847476776, -4.963152301951046 ], [ 29.099333994431277, -4.975963366141137 ], [ 29.05129250371844, -4.927921875428298 ], [ 29.02887314138578, -4.835041660050142 ], [ 29.08972569628871, -4.742161444671987 ], [ 29.057698035813484, -4.626861866961172 ], [ 29.076914632098621, -4.54999548182063 ], [ 28.987237182767988, -4.514765055297881 ], [ 28.878343137152218, -4.434695904109815 ], [ 28.91997909577001, -4.335410156636614 ], [ 29.016062077195691, -4.277760367781207 ], [ 29.057698035813484, -4.184880152403052 ], [ 29.124956122811458, -4.194488450545619 ], [ 29.195416975856958, -4.159258024022871 ], [ 29.166592081429254, -4.098405469119941 ], [ 29.13776718700155, -3.983105891409127 ], [ 29.227444636332184, -3.915847804411152 ], [ 29.221039104237136, -3.838981419270609 ], [ 29.249863998664839, -3.781331630415202 ], [ 29.34594698009052, -3.755709502035022 ], [ 29.371569108470702, -3.653220988514298 ], [ 29.474057621991424, -3.589165667563845 ], [ 29.589357199702238, -3.518704814518348 ], [ 29.650209754605168, -3.422621833092669 ], [ 29.749495502078368, -3.489879920090644 ], [ 29.906431038406975, -3.579557369421277 ], [ 30.037744446355404, -3.640409924324207 ], [ 30.199090094519413, -3.63774851243798 ], [ 30.185071684541445, -3.742898437844931 ], [ 30.242721473396852, -3.842184185318132 ], [ 30.319587858537393, -3.861400781603268 ], [ 30.411677853272192, -3.836319495888375 ], [ 30.536060733195818, -3.865369102693684 ], [ 30.652299162629731, -3.773244007027666 ], [ 30.811155949390049, -3.689143355213375 ], [ 30.960668219282113, -3.665782063042748 ], [ 31.012063062057507, -3.628403995569727 ], [ 31.072802421701162, -3.511597534716551 ], [ 31.236331466895603, -3.48356398411179 ], [ 31.362482444617029, -3.408807849165762 ], [ 31.474616647036076, -3.418152366034015 ], [ 31.638145692230523, -3.380774298560993 ], [ 31.782985703688457, -3.334051714219726 ], [ 31.857741838634485, -3.245278803971318 ], [ 31.91380893984401, -3.217245253366556 ], [ 32.037623788348384, -3.23827041632012 ], [ 32.152386136136634, -3.268348079989843 ], [ 32.37665454097472, -3.408515833013646 ], [ 32.37665454097472, -3.562700361339838 ], [ 32.414032608447748, -3.74024618183666 ], [ 32.470099709657269, -3.824346833650942 ], [ 32.535511327735044, -3.880413934860464 ], [ 32.675679080758847, -3.899102968596971 ], [ 32.863668990273148, -3.893322066003408 ], [ 32.94776964208743, -3.902666582871669 ], [ 33.055231586072345, -3.865288515398648 ], [ 33.097281911979501, -3.809221414189119 ], [ 33.097281911979501, -3.753154312979598 ], [ 33.125315462584247, -3.697087211770084 ], [ 33.190727080662036, -3.659709144297063 ], [ 33.284172249344572, -3.622331076824041 ], [ 33.323886446034642, -3.542902683443894 ], [ 33.391634193329487, -3.472818806931977 ], [ 33.487415491229093, -3.353676216861745 ], [ 33.576188401477502, -3.274247823481589 ], [ 33.641600019555277, -3.16211362106254 ], [ 33.660289053291784, -3.014937480387539 ], [ 33.77008712649377, -2.89813101953437 ], [ 33.840171003005672, -2.776652300247074 ], [ 33.891565845781066, -2.720585199037545 ], [ 33.959313593075912, -2.613123255052622 ], [ 33.970994239161236, -2.519678086370073 ], [ 33.896238104215193, -2.440249692989918 ], [ 33.849515519873925, -2.370165816478016 ], [ 33.784103901796151, -2.314098715268488 ], [ 33.774759384927897, -2.272048389361347 ], [ 33.816809710835038, -2.234670321888332 ], [ 33.798120677098531, -2.173930962244684 ], [ 33.723364542152503, -2.113191602601029 ], [ 33.718692283718376, -2.029090950786748 ], [ 33.61123033973346, -1.998721270964922 ], [ 33.552827109306868, -1.954334815840718 ], [ 33.493707613170649, -2.019941229943343 ], [ 33.429595938861603, -2.012398680024631 ], [ 33.433367213820965, -1.914345531081378 ], [ 33.3589283842906, -1.884250939328809 ], [ 33.368272901158853, -1.78146125377802 ], [ 33.452223588617734, -1.759723257747786 ], [ 33.55781928747971, -1.695611583438736 ], [ 33.512563987967432, -1.495734010592873 ], [ 33.56536183739842, -1.427851061324467 ], [ 33.681267314776811, -1.382164662431538 ], [ 33.704899010894586, -1.190260738885045 ], [ 33.910207978049037, -1.146215611508129 ], [ 33.987300242212136, -1.069123347345044 ], [ 33.976430807968207, -0.986611891079827 ], [ 33.885920208943666, -0.930042766689488 ], [ 33.787867060000416, -0.831989617746235 ], [ 33.818037259675258, -0.756564118559117 ], [ 33.928897011785544, -0.66730912201012 ], [ 34.014143557561773, -0.473718496607425 ], [ 33.821435067800628, -0.515460722900994 ], [ 33.727989899118079, -0.56218330724226 ], [ 33.513066011148247, -0.714031706351374 ], [ 33.452326651504585, -0.83784655485574 ], [ 33.452326651504585, -0.93596398197241 ], [ 33.396259550295063, -1.029409150654945 ], [ 33.421956971682768, -1.150887869942255 ], [ 33.351873095170866, -1.197610454283516 ], [ 33.314495027697852, -1.288719493748995 ], [ 33.301135898421968, -1.424021966836352 ], [ 33.258427926488331, -1.456920797377552 ], [ 33.127604690332767, -1.557374353711292 ], [ 33.037669052749685, -1.652617072926254 ], [ 32.970896782347992, -1.682664594607018 ], [ 32.896327897843484, -1.678853072998595 ], [ 32.743871062982222, -1.76612993260914 ], [ 32.680437406100609, -1.862949724691601 ], [ 32.566650527560427, -1.837135495796814 ], [ 32.516845343616453, -1.906351700452704 ], [ 32.423364165054075, -1.923044768053128 ], [ 32.342382122722341, -1.879185821703955 ], [ 32.202214369698524, -1.883858080138082 ], [ 32.108769201015988, -1.860496787967455 ], [ 32.039423610244313, -1.866288338211685 ], [ 31.996634998596942, -1.748362585548406 ], [ 31.839106799039222, -1.732743797408291 ], [ 31.779011755677693, -1.665971527006594 ], [ 31.712239485275997, -1.592522029564727 ], [ 31.598726625593113, -1.605876483645066 ], [ 31.538631582231584, -1.499040851002351 ], [ 31.534081413618374, -1.36990965238413 ], [ 31.365880109989796, -1.253103191530939 ], [ 31.309813008780271, -1.229741899360312 ], [ 31.106569766895749, -1.302161905089277 ], [ 31.074564302939788, -1.213589395035094 ], [ 30.989763306042573, -1.201708348755552 ], [ 30.907633626935546, -1.19689632743467 ], [ 30.757396018531725, -1.216928008555179 ], [ 30.670592067009519, -1.153494351673567 ], [ 30.582973190192707, -1.099039484877842 ], [ 30.515225442897929, -1.099039484877877 ], [ 30.353423782601457, -1.076706240711615 ], [ 30.273297058119422, -1.0800448542317 ], [ 30.232553807633181, -1.038300125234193 ], [ 30.181916927950525, -1.005875248522734 ], [ 30.088369869162857, -0.963937394002379 ], [ 29.997859270138314, -0.911139544571396 ], [ 29.937518870788619, -0.805543845709431 ], [ 29.879340662749406, -0.699442912942025 ], [ 29.85597036810881, -0.629332029020243 ], [ 29.899372343869913, -0.595945893819394 ], [ 29.969483227791699, -0.669395391261261 ], [ 30.036255498193395, -0.672734004781346 ], [ 30.153125414253026, -0.788334299008404 ], [ 30.223209290764931, -0.825712366481418 ], [ 30.419444144998259, -0.839729141783798 ], [ 30.623890913391392, -0.767831096115872 ], [ 30.583788115487312, -0.71613598054245 ], [ 30.461494470905404, -0.666855579721108 ], [ 30.390148531322389, -0.70278152646211 ], [ 30.286651512199761, -0.722813207582619 ], [ 30.203186174197636, -0.699442912942025 ], [ 30.193170333637383, -0.649363710140752 ], [ 30.186423018106108, -0.586809898066789 ], [ 30.080827319244143, -0.405788700017706 ], [ 29.975231620382178, -0.405788700017706 ], [ 29.932122024966084, -0.207188462828487 ], [ 29.869635921520214, -0.126714353025369 ], [ 29.895140018516781, 0.12228759462894 ], [ 29.779125322495673, 0.212700393316662 ], [ 29.854550821682789, 0.33338119201605 ], [ 29.990316720219603, 0.182530193641814 ], [ 30.016172039623591, 0.031513578798833 ], [ 30.080050050763298, -0.052536435858674 ], [ 30.101730571477628, -0.222991028479043 ], [ 30.171814447989533, -0.302419421859205 ], [ 30.276635671639504, -0.322179585172436 ], [ 30.369875566258845, -0.296318238021538 ], [ 30.43245687393901, -0.214418938738735 ], [ 30.427784615504887, -0.111629253187946 ], [ 30.436422112911128, -0.035726432927173 ], [ 30.389354104702925, 0.024789577626232 ], [ 30.427784615504887, 0.131328185386654 ], [ 30.520472127568635, 0.165993602250844 ], [ 30.520472127568635, 0.250043616908351 ], [ 30.557454134017938, 0.313921628048056 ], [ 30.638142148089145, 0.280301622185054 ], [ 30.69897028193024, 0.220345111841355 ], [ 30.835082311115325, 0.295668442422491 ], [ 30.932673228336181, 0.370582720245173 ], [ 30.922657387775928, 0.44403221768704 ], [ 30.956043522976774, 0.504127261048568 ], [ 31.082910836739998, 0.530836169209247 ], [ 31.10961974490068, 0.610962893691284 ], [ 31.119635585460934, 0.677735164092981 ], [ 31.199762309942969, 0.734491593934424 ], [ 31.319952396666025, 0.807941091376291 ], [ 31.410094961708317, 0.904760883458752 ], [ 31.486883072670267, 0.848004453617309 ], [ 31.570506421649696, 0.824927488144316 ], [ 31.706001916239373, 0.939397819780422 ], [ 31.687199883875362, 1.014935129621552 ], [ 31.730601859636465, 1.088384627063419 ], [ 31.777342448917651, 1.19188164618605 ], [ 31.832152893960806, 1.208052679742733 ], [ 31.856867360622996, 1.357822810094293 ], [ 31.900573368244899, 1.414976820061398 ], [ 31.934942579511599, 1.4977327026586 ], [ 31.927934191860402, 1.598186258992325 ], [ 31.875831547760153, 1.652610311957761 ], [ 31.879170161280239, 1.719382582359459 ], [ 31.9325879776016, 1.80952514740175 ], [ 31.937278708728659, 1.915899832512959 ], [ 31.883547736736197, 2.025697905714946 ], [ 31.887125365899696, 2.124358943770757 ], [ 32.035053391696913, 2.228580961946065 ], [ 32.021605389351706, 2.349612983052876 ], [ 31.984623382902406, 2.379870988329578 ], [ 31.719025336584682, 2.228580961946065 ], [ 31.540839305510769, 2.332802980121374 ], [ 31.463044477664774, 2.385461805142721 ], [ 31.285498657167953, 2.422839872615729 ], [ 31.145330904144142, 2.488251490693503 ], [ 31.084591544500494, 2.464890198522877 ], [ 31.016103509164406, 2.436338391226883 ], [ 30.840739223554358, 2.457080403503341 ], [ 30.762205712545736, 2.516285041298265 ], [ 30.654743768560813, 2.591041176244307 ], [ 30.575315375180658, 2.661125052756208 ], [ 30.477197948063992, 2.670469569624463 ], [ 30.405156965748752, 2.630559051633712 ], [ 30.327845829081955, 2.69655636342244 ], [ 30.290307610698914, 2.824654097950646 ], [ 30.141167718593838, 2.975630710414777 ], [ 30.070711464294948, 3.128350896168901 ], [ 30.051599938309135, 3.264604654175423 ], [ 30.074227588065273, 3.347572703281252 ], [ 29.987488264000085, 3.439968939785472 ], [ 29.968631889203305, 3.590819938159707 ], [ 30.036514838471714, 3.683216174663927 ], [ 30.059142488227849, 3.802011335883638 ], [ 30.179823286927238, 3.903835759786247 ], [ 30.187517925148121, 3.810500627551431 ], [ 30.187517925148121, 3.763778043210164 ], [ 30.159484374543361, 3.693694166698255 ], [ 30.164156632977488, 3.604921256449846 ], [ 30.196794024244337, 3.590819938159707 ], [ 30.220223734187009, 3.48344253716255 ], [ 30.242049323756611, 3.419226927509014 ], [ 30.217536036520794, 3.357000890679642 ], [ 30.251477511154999, 3.2664902916551 ], [ 30.313703547984371, 3.191064792467982 ], [ 30.443812534082149, 3.179750967589915 ], [ 30.570150245220571, 3.147695130435389 ], [ 30.653118294326401, 3.155237680354101 ], [ 30.779456005464827, 3.130724393118288 ], [ 30.841682042294199, 3.109982380841831 ], [ 30.855650881228275, 3.039577985920492 ], [ 30.882223248107273, 3.011457822528658 ], [ 30.968962572172458, 3.007686547569302 ], [ 31.040616796400222, 3.049170572122217 ], [ 31.066072902375872, 3.164665867752491 ], [ 31.224759297524304, 3.21712380641731 ], [ 31.29484317403621, 3.352619301006992 ], [ 31.270664568920932, 3.452696992773298 ], [ 31.292507044819143, 3.588568351930417 ], [ 31.318204466206844, 3.805828369117305 ], [ 31.29484317403621, 3.983374189614129 ], [ 31.215038263270433, 3.993874949440869 ], [ 31.135841489123958, 4.071186086107665 ], [ 31.116985114327179, 4.161696685132206 ], [ 31.105671289449109, 4.229579634400612 ], [ 31.036216903417849, 4.281959131180913 ], [ 30.793259464843249, 4.272614614312653 ], [ 30.751171443269655, 4.227222587551016 ], [ 30.632376282049943, 4.229579634400612 ], [ 30.648419453385312, 4.324009457088054 ], [ 30.45324072148054, 4.357802983018713 ], [ 30.385357772212135, 4.272949296433206 ], [ 30.245820598715966, 4.257864196595782 ], [ 30.123703306811606, 4.261956593671492 ], [ 30.06601249674285, 4.150553650090444 ], [ 29.960577567996502, 4.04909739790056 ], [ 29.934690414569104, 4.061757898709275 ], [ 29.972403164162664, 4.16735359757124 ], [ 29.961597463568655, 4.249253322142026 ], [ 29.951661151886206, 4.314433320986121 ], [ 29.853608002942952, 4.274834933912883 ], [ 29.748012304080987, 4.25032164667707 ], [ 29.721613379365497, 4.165467960091562 ], [ 29.6443022426987, 4.140954672855749 ], [ 29.572648018470936, 4.189981247327376 ], [ 29.573800013536115, 4.291303648049167 ], [ 29.595275668227071, 4.344603520660968 ], [ 29.591504393267716, 4.448313582043255 ], [ 29.565105468552225, 4.508653981392949 ], [ 29.484023056926073, 4.552023643425541 ], [ 29.538837853011099, 4.609096123223138 ], [ 29.541173982228162, 4.742255488595752 ], [ 29.515476560840465, 4.870742595534245 ], [ 29.443056555111497, 5.022590994643372 ], [ 29.354283644863084, 5.102019388023534 ], [ 29.335925348631331, 5.144228120067817 ], [ 29.393616158700087, 5.2456843722577 ], [ 29.295880414436496, 5.351985214249323 ], [ 29.266298508893176, 5.449591545776583 ], [ 29.275250531145229, 5.523197062071223 ], [ 29.321005311544589, 5.584866548696445 ], [ 29.410525534065073, 5.616695961148173 ], [ 29.430418916847405, 5.658472064991067 ], [ 29.378696121613345, 5.698258830555727 ], [ 29.283207884258161, 5.674386771216931 ], [ 29.205623691407073, 5.6544933884346 ], [ 29.124060821999521, 5.821597803806173 ], [ 29.110135454051889, 5.887245966987863 ], [ 29.010668540140237, 5.877299275596698 ], [ 28.939052362123849, 5.940958100500154 ], [ 28.937063023845617, 6.000638248847145 ], [ 28.865446845829229, 6.000638248847145 ], [ 28.885340228611561, 6.060318397194135 ], [ 28.877382875498625, 6.127955898654057 ], [ 28.740118534300549, 6.24930553362628 ], [ 28.672481032840626, 6.368665830320261 ], [ 28.660545003171229, 6.436303331780183 ], [ 28.632419716790473, 6.501360789044546 ], [ 28.632694267275966, 6.623301129934085 ], [ 28.742217789992452, 6.772351778223906 ], [ 28.803777359204005, 6.901808488886707 ], [ 28.803777359204005, 7.033104815250086 ], [ 28.765579082163093, 7.16715761590764 ], [ 28.887329566889793, 7.138539743996436 ], [ 28.98981816517913, 7.280449478431385 ], [ 29.050455305704901, 7.212145260291057 ], [ 29.034540599479033, 7.12859305260527 ], [ 29.114114130608357, 7.104720993266474 ], [ 29.181751632068277, 7.184294524395795 ], [ 29.205623691407073, 7.315590850759173 ], [ 29.221538397632937, 7.434951147453154 ], [ 29.134007513390685, 7.514524678582474 ], [ 28.947009715236781, 7.629906298719988 ], [ 28.982817804244977, 7.725394536075173 ], [ 29.086263394713093, 7.769159978196299 ], [ 29.167363985675959, 7.808414681487732 ], [ 29.155683339590638, 7.883170816433767 ], [ 29.174372373327149, 7.992968889635754 ], [ 29.274825929660874, 8.098094704403607 ], [ 29.444344284795037, 8.241627819276641 ], [ 29.515960462811424, 8.329158703518893 ], [ 29.471060783894206, 8.411136019490108 ], [ 29.519939139367889, 8.603687385915048 ], [ 29.643278112618336, 8.659388857705572 ], [ 29.793446615848968, 8.672782491801222 ], [ 29.861194363143806, 8.775572177352018 ], [ 29.954639531826349, 8.857336699949236 ], [ 29.988428303891762, 9.009512394674575 ], [ 30.050097790516986, 9.045320483682771 ], [ 30.125692645089842, 9.015480409509275 ], [ 30.199298161384462, 9.079139234412731 ], [ 30.306722428409046, 9.120915338255625 ], [ 30.31070110496551, 9.176616810046148 ], [ 30.62465751894106, 9.312385463681288 ], [ 31.22486873644019, 9.506655107125045 ], [ 31.61698230694947, 9.7244959796302 ], [ 31.85660726670514, 9.844308459508035 ], [ 32.11801631371133, 9.953228895760613 ], [ 32.444777622469061, 10.138393637389994 ], [ 32.782430974852048, 10.312666335394118 ], [ 33.098300239984525, 10.443370858897211 ], [ 33.490413810493806, 10.617643556901337 ], [ 33.817175119251537, 10.726563993153913 ], [ 34.122152340758753, 10.835484429406492 ], [ 34.481589780392262, 10.93351282203381 ], [ 34.851919263651027, 11.009757127410616 ], [ 35.234059422275514, 11.067083111907079 ], [ 35.255932654351653, 11.050471249023767 ], [ 35.377619803639163, 11.073760338947249 ], [ 35.452738607841077, 11.098799940347885 ], [ 35.510329691062537, 11.135524689068818 ], [ 35.538118246372846, 11.177378708674215 ], [ 35.612992056805147, 11.245698935231619 ], [ 35.662236606226401, 11.272407843392298 ], [ 35.701647291567284, 11.312874203263899 ], [ 35.754883131408754, 11.35003060773427 ], [ 35.795092460249833, 11.382958079775801 ], [ 35.80425876030597, 11.429542410145036 ], [ 35.826245995400569, 11.438086539326511 ], [ 35.866309357641583, 11.433078619046384 ], [ 35.898860839462415, 11.420558818346066 ], [ 35.931576410112882, 11.417606380475638 ], [ 35.963963803104072, 11.431409312286341 ], [ 35.963129149724047, 11.46396079410717 ], [ 35.95311330916379, 11.491504355647869 ], [ 35.965633109864115, 11.524055837468696 ], [ 36.064956862086639, 11.604182561950733 ], [ 36.098342997287482, 11.647584537711836 ], [ 36.126531561379714, 11.664284326976532 ], [ 36.2406513985811, 11.612529095750945 ], [ 36.288226641242311, 11.598339988290585 ], [ 36.359819801770882, 11.603045011927849 ], [ 36.429903678282784, 11.626406304098483 ], [ 36.468697745235794, 11.676220356645929 ], [ 36.576122012260377, 11.696113739428259 ], [ 36.667299554353619, 11.805839243755663 ], [ 36.705553331252922, 11.839137488426706 ], [ 36.743947386733893, 11.851657289127024 ], [ 36.763979067854407, 11.875027583767618 ], [ 36.784010748974914, 11.902571145308318 ], [ 36.821570151075868, 11.935122627129145 ], [ 36.859129553176821, 11.948477081209484 ], [ 36.892515688377671, 11.97935925627027 ], [ 36.898394813334122, 12.014407863945541 ], [ 36.852452326136657, 12.022761232031373 ], [ 36.80905035037555, 12.011076084711076 ], [ 36.748120653634004, 11.977689949510227 ], [ 36.699710757592769, 11.981028563030312 ], [ 36.63843135036884, 11.974040547384234 ], [ 36.572843443829548, 11.965170148809909 ], [ 36.492716719347513, 11.971847375850079 ], [ 36.418835203964882, 11.997401839554868 ], [ 36.385881086704792, 12.015249351611182 ], [ 36.387550393464835, 12.036950339491733 ], [ 36.405078114445281, 12.056982020612242 ], [ 36.432851979267262, 12.076830232935023 ], [ 36.448480090206388, 12.128970874639073 ], [ 36.501897906527745, 12.133978794919202 ], [ 36.519425627508191, 12.094750086058205 ], [ 36.540291962008716, 12.083064938737909 ], [ 36.56032364312923, 12.092246125918139 ], [ 36.57033948368948, 12.106435233378503 ], [ 36.561992949889273, 12.122293647598903 ], [ 36.558654336369187, 12.149002555759584 ], [ 36.575347403969609, 12.18155403758041 ], [ 36.63843135036884, 12.202981210656453 ], [ 36.702214717732836, 12.198247105180835 ], [ 36.735600852933686, 12.265019375582533 ], [ 36.694498451578362, 12.30577089620725 ], [ 36.755632534054193, 12.371855008225248 ], [ 36.783271361826785, 12.464627682967567 ], [ 36.914094597982334, 12.553400593215976 ], [ 37.151040774669717, 12.60424666344163 ], [ 37.104274943275918, 12.739408635480467 ], [ 37.031680477975733, 12.791244461595532 ], [ 37.051573860758062, 12.898668728620116 ], [ 37.024846549895763, 12.944988006582053 ], [ 36.884469445386493, 13.061794467435222 ], [ 36.836725326708901, 13.228898882806796 ], [ 36.725322383127853, 13.260728295258524 ], [ 36.689514294119654, 13.38406726850897 ], [ 36.613919439546805, 13.455683446525358 ], [ 36.490580466296358, 13.579022419775805 ], [ 36.462729730401094, 13.638702568122795 ], [ 36.583840184961183, 13.63248695067662 ], [ 36.762026216035096, 13.63248695067662 ], [ 36.852800231865203, 13.63584895126292 ], [ 36.952106946846413, 13.678489333687455 ], [ 37.027701801419269, 13.586979772888737 ], [ 37.169686561353693, 13.552381603018555 ], [ 37.267803988470369, 13.540700956933238 ], [ 37.417612103952941, 13.555150360437008 ], [ 37.453420192961133, 13.459662123081824 ], [ 37.436005292098933, 13.37483578252173 ], [ 37.534122719215596, 13.253357063234427 ], [ 37.660311373897365, 13.236856235919728 ], [ 37.688162109792628, 13.141367998564542 ], [ 37.767735640921948, 13.061794467435222 ], [ 37.878303792862141, 12.995378025297677 ], [ 37.99511025371531, 12.892588339746888 ], [ 38.152539796020108, 12.86294587565081 ], [ 38.310553968984038, 12.882099108737348 ], [ 38.382378593058547, 12.970682811762579 ], [ 38.475750604355412, 13.018565894478922 ], [ 38.663243209795468, 13.060789643375445 ], [ 38.803871928626258, 13.07379850082309 ], [ 38.917472042413671, 13.098171519494832 ], [ 39.055712918262131, 13.257024497608777 ], [ 39.135141311642286, 13.317763857252432 ], [ 39.117701599514234, 13.414337079871745 ], [ 39.186536154417681, 13.453259351842108 ], [ 39.284653581534357, 13.523343228354017 ], [ 39.3967877839534, 13.602771621734172 ], [ 39.480888435767682, 13.668183239811954 ], [ 39.574333604450217, 13.672855498246074 ], [ 39.602367155054978, 13.728922599455602 ], [ 39.761223941815302, 13.784989700665124 ], [ 39.915408470141486, 13.813023251269884 ], [ 39.994836863521641, 13.831712285006391 ], [ 40.181727200886726, 13.77564518379687 ], [ 40.265827852701008, 13.691544531982588 ], [ 40.368617538251797, 13.588754846431792 ], [ 40.532146583446249, 13.495309677749256 ], [ 40.592885943089911, 13.345797407857193 ], [ 40.788545816418768, 13.253765611284734 ], [ 40.851511059444562, 13.160040978866993 ], [ 40.867135084038701, 13.070459887303004 ], [ 40.940584581480572, 12.990333162820967 ], [ 40.994002397801928, 12.923560892419269 ], [ 40.994002397801928, 12.880158916658166 ], [ 40.9339073544404, 12.836756940897063 ], [ 40.913875673319893, 12.793354965135959 ], [ 40.867135084038701, 12.776661897535536 ], [ 40.791529823836115, 12.725596298413871 ], [ 41.074015859345202, 12.648012105562783 ], [ 41.139664022526894, 12.588331957215793 ], [ 41.145632037361594, 12.427195556678919 ], [ 41.312736452733162, 12.283963200646141 ], [ 41.35650189485429, 12.196432316403889 ], [ 41.45397947048771, 12.19046430156919 ], [ 41.469894176713574, 12.134762829778666 ], [ 41.414192704923046, 12.081050696266376 ], [ 41.457958147044174, 12.01142385652822 ], [ 41.507691604, 11.862223485660744 ], [ 41.606163848772532, 11.8234313892352 ], [ 41.707620100962416, 11.841335433739296 ], [ 41.731492160301215, 11.775687270557606 ], [ 41.731492160301215, 11.686167048037122 ], [ 41.71159877751888, 11.576753442734306 ], [ 41.634014584667796, 11.389755644580402 ], [ 41.526590317643212, 11.280342039277587 ], [ 41.556430391816704, 11.264427333051723 ], [ 41.679769365067152, 11.250501965104093 ], [ 41.755364219640008, 11.304214098616384 ], [ 41.832948412491092, 11.248512626825859 ], [ 41.926447311568047, 11.248512626825859 ], [ 41.948330032628611, 11.294267407225218 ], [ 42.031882240314395, 11.298246083781684 ], [ 42.067297177863914, 11.230275716613409 ], [ 42.184103638717083, 11.066746671418965 ], [ 42.263532032097238, 11.020024087077697 ], [ 42.33361590860914, 11.024696345511817 ], [ 42.366091071057539, 11.141088359801277 ], [ 42.465557984969195, 11.176896448809471 ], [ 42.549110192654979, 11.220661890930597 ], [ 42.565024898880843, 11.266416671329957 ], [ 42.69337980803693, 11.286342817822931 ], [ 42.758985381008564, 11.502650591870125 ], [ 42.824633544190249, 11.544426695713019 ], [ 42.82420304419248, 11.618073166645946 ], [ 42.800841752021846, 11.730207369064988 ], [ 42.704278578357155, 11.674231018367724 ], [ 42.644598430010163, 11.684177709758888 ], [ 42.537174162985579, 11.743857858105878 ], [ 42.443675263908631, 11.785633961948772 ], [ 42.547120854376743, 11.869186169634558 ], [ 42.531206148150879, 11.978599774937374 ], [ 42.650566444844863, 11.994514481163238 ], [ 42.738097329087118, 12.054194629510228 ], [ 42.765948064982375, 12.163608234813044 ], [ 42.732129314252418, 12.2332350745512 ], [ 42.82420304419248, 12.281533864291969 ], [ 42.832590897303184, 12.343146014423574 ], [ 42.868398986311377, 12.410783515883496 ], [ 42.774900087234428, 12.458527634561088 ], [ 42.753017366173864, 12.488367708734582 ], [ 42.747049351339165, 12.542079842246874 ], [ 42.784846778625592, 12.589823960924466 ], [ 42.796782808294985, 12.641546756158524 ], [ 42.818665529355549, 12.75096036146134 ], [ 42.854473618363748, 12.693269551392584 ], [ 42.888292369093705, 12.61170668198503 ], [ 42.995716636118289, 12.536111827412176 ], [ 43.07330082896938, 12.528154474299244 ], [ 43.184703772550428, 12.528154474299244 ], [ 43.230458552949784, 12.554015871916272 ], [ 43.234437229506248, 12.642044090728083 ], [ 43.230458552949784, 12.701724239075073 ], [ 43.278202671627376, 12.763393725700297 ], [ 43.260298627123277, 12.848935271664317 ], [ 43.212554508445685, 12.894690052063677 ], [ 43.262287965401512, 12.944423509019501 ], [ 43.286160024740312, 13.033943731539987 ], [ 43.266266641957976, 13.081687850217579 ], [ 43.176746419437492, 13.163250719625132 ], [ 43.188682449106892, 13.191101455520394 ], [ 43.252341274010348, 13.19508013207686 ], [ 43.347829511365532, 13.121474615782239 ], [ 43.520901941571807, 13.073730497104647 ], [ 43.534827309519436, 12.962327553523599 ], [ 43.546763339188836, 12.904636743454841 ], [ 43.581108910521046, 12.865566168557837 ], [ 43.586550104753492, 12.807159167821423 ], [ 43.668112974161048, 12.737532328083269 ], [ 43.63031554687462, 12.63160006476736 ], [ 43.660537303901201, 12.566541628773717 ], [ 43.719835769395104, 12.534122489133942 ], [ 43.871025478540815, 12.504282414960446 ], [ 43.886940184766679, 12.444602266613456 ], [ 43.940872809948821, 12.356289999237998 ], [ 44.030172540799455, 12.343146014423574 ], [ 44.17448573165516, 12.346945482369744 ], [ 44.306690561473843, 12.333199323032408 ], [ 44.332551959090871, 12.284957869785259 ], [ 44.324594605977943, 12.101938748187822 ], [ 44.229106368622759, 11.97462109838091 ], [ 44.292765193526215, 11.74385785810588 ], [ 44.200260963588377, 11.582224122999445 ], [ 44.096815373120258, 11.554373387104183 ], [ 44.023209856825638, 11.431034413853737 ], [ 44.015252503712709, 11.255972645369233 ], [ 43.871025478540815, 11.15501372774891 ], [ 43.822286690724106, 11.15451639317935 ], [ 43.875998824236397, 11.246025953978068 ], [ 43.877988162514626, 11.379311618619679 ], [ 43.810350661054706, 11.454906473192533 ], [ 43.762606542377114, 11.520554636374223 ], [ 43.685022349526029, 11.574266769886513 ], [ 43.60447020269168, 11.571350582304678 ], [ 43.577598082501446, 11.405173016236708 ], [ 43.585555435614374, 11.335546176498553 ], [ 43.509960581041526, 11.299738087490359 ], [ 43.543779331771482, 11.212207203248106 ], [ 43.56367271455381, 11.102793597945292 ], [ 43.476141830311562, 10.955582565356048 ], [ 43.50200322792859, 10.822296900714436 ], [ 43.480120506868026, 10.696968589185756 ], [ 43.576436652086905, 10.562142760533252 ], [ 43.628326208596384, 10.472670698314984 ], [ 43.831238712976152, 10.393097167185664 ], [ 43.900865552714308, 10.367235769568634 ], [ 43.926726950331336, 10.321480989169276 ], [ 43.974471069008928, 10.259811502544052 ], [ 43.988396436956563, 10.202120692475294 ], [ 43.922748273774872, 10.108621793398342 ], [ 43.882961508210215, 10.02705892399079 ], [ 43.805377315359131, 9.95942142253087 ], [ 43.78946260913326, 9.91565598040974 ], [ 43.89415022560754, 9.861303995414207 ], [ 43.986407098678328, 9.812210389941624 ], [ 44.115714086763475, 9.772423624376964 ], [ 44.248999751405087, 9.764466271264032 ], [ 44.356424018429671, 9.69086075496941 ], [ 44.419088174194009, 9.566029778010289 ], [ 44.602107295791448, 9.494413599993901 ], [ 44.705552886259561, 9.383010656412853 ], [ 44.745339651824224, 9.263650359718872 ], [ 44.832870536066473, 9.186066166867786 ], [ 44.936316126534592, 9.21590624104128 ], [ 45.060784094910183, 9.121514891943095 ], [ 45.294397016616536, 8.953313588314524 ], [ 45.476615095547494, 8.957985846748651 ], [ 45.630799623873664, 9.112170375074855 ], [ 45.679071202069451, 9.245910750036309 ], [ 45.674398943635325, 9.367389469323612 ], [ 45.665054426767071, 9.563624323556944 ], [ 45.786533146054374, 9.717808851883134 ], [ 45.907113206312296, 9.766952944111823 ], [ 46.070238945127407, 9.926100006370465 ], [ 46.189599241821384, 9.894270593918737 ], [ 46.312938215071831, 9.969865448491591 ], [ 46.535744102233927, 10.113097804524367 ], [ 46.722741900387831, 10.125033834193765 ], [ 46.937590434436999, 10.224500748105417 ], [ 46.941569110993463, 10.379669133807591 ], [ 47.01769584141541, 10.414801495420141 ], [ 47.091145338857274, 10.484912379341923 ], [ 47.181287903899566, 10.528314355103024 ], [ 47.30362867763187, 10.495050753945106 ], [ 47.384943328624743, 10.53833019566328 ], [ 47.466754416446982, 10.538816196066232 ], [ 47.506541182011638, 10.467200018049843 ], [ 47.407806822696436, 10.395286324831545 ], [ 47.44985714860357, 10.241101796505355 ], [ 47.546327947576302, 10.224500748105417 ], [ 47.63385883181855, 10.343861044799397 ], [ 47.80494192374659, 10.407519869702853 ], [ 47.995918398456958, 10.391605163476989 ], [ 48.112761076003231, 10.459038124561266 ], [ 48.25632145736688, 10.575889597764233 ], [ 48.379850157610015, 10.599259892404827 ], [ 48.486685790252729, 10.686063843927032 ], [ 48.583505582335192, 10.625968800565506 ], [ 48.683663987937734, 10.642661868165931 ], [ 48.690341214977906, 10.712772752087711 ], [ 48.767129325939855, 10.799576703609917 ], [ 48.833901596341555, 10.796238090089831 ], [ 48.970784750665032, 10.91976679033297 ], [ 49.100990677948339, 11.013247968895344 ], [ 49.114345132028674, 11.146792509698738 ], [ 49.27793719451283, 11.256966755861537 ], [ 49.394788667715801, 11.323739026263233 ], [ 49.464899551637579, 11.447267726506372 ], [ 49.637122477999192, 11.502650591870124 ], [ 49.78707575632577, 11.549095438868958 ], [ 49.78707575632577, 11.659269685031758 ], [ 49.850509413207376, 11.732719182473623 ], [ 49.964022272890261, 11.78613699879498 ], [ 50.037471770332125, 11.859586496236846 ], [ 50.074196519053061, 11.933035993678713 ], [ 50.127614335374417, 11.946390447759052 ], [ 50.164339084095353, 11.859586496236846 ], [ 50.154323243535096, 11.749412250074048 ], [ 50.181032151695774, 11.719364728393284 ], [ 50.307899465459002, 11.675962752632181 ], [ 50.34462421417993, 11.635899390391163 ], [ 50.331269760099595, 11.575804347029637 ], [ 50.371333122340609, 11.525725144228364 ], [ 50.374671735860694, 11.472307327907007 ], [ 50.317915306019252, 11.412212284545481 ], [ 50.388026189941037, 11.398857830465142 ], [ 50.458137073862815, 11.375487535824547 ], [ 50.521570730744429, 11.455614260306584 ], [ 50.591681614666207, 11.509032076627941 ], [ 50.691840020268756, 11.535740984788619 ], [ 50.788659812351213, 11.505693463107855 ], [ 50.895495444993934, 11.619206322790742 ], [ 51.055748893958004, 11.632560776871081 ], [ 50.952689930004631, 10.704074546238848 ], [ 51.005269337980835, 9.439166962905709 ], [ 51.183620670098463, 7.913272232566007 ], [ 51.244458646942896, 7.497546057462383 ], [ 51.302521558176885, 7.100782830696817 ], [ 51.540463603991974, 6.400175695796828 ], [ 51.659224222412135, 6.050491652670789 ], [ 52.174461404085285, 5.416353582919225 ], [ 52.650064956398957, 4.802032327847397 ], [ 53.150552554084058, 3.99528103274462 ], [ 53.270365033961895, 3.614059505860598 ], [ 53.215904815835607, 3.145701629974515 ], [ 52.976279856079934, 2.862508495717813 ], [ 52.600504351008539, 2.53302417605377 ], [ 52.246512933187667, 2.317906314454925 ], [ 51.57120622842168, 2.056497267448739 ], [ 51.037496090784053, 1.936684787570904 ], [ 50.612706389399001, 1.849548438568842 ], [ 50.198808731639204, 1.718843915065749 ], [ 49.752234943003636, 1.642599609688945 ], [ 49.381905459744871, 1.599031435187914 ], [ 49.098712325488172, 1.555463260686883 ], [ 48.750166929479924, 1.348514431806985 ], [ 48.336269271720127, 1.152457646552346 ], [ 48.020400006587657, 0.912832686796675 ], [ 47.867911395834042, 0.575179334413685 ], [ 47.813451177707755, 0.308324265594874 ], [ 47.824343221333017, -0.029329086788117 ], [ 47.889695483084559, -0.443226744547911 ], [ 48.063968181088683, -0.944260751309768 ], [ 48.249132922718069, -1.412618627195852 ], [ 48.396175511659045, -1.698534772358867 ], [ 48.565002187850538, -1.989896939334513 ], [ 48.744720907667293, -2.275813084497528 ], [ 48.891763496608277, -2.578067295098431 ], [ 49.06059017279977, -2.885767527511963 ], [ 49.256646958054411, -3.245204967145468 ], [ 49.479933852372191, -3.59375036315372 ], [ 49.681436659439463, -3.942295759161965 ], [ 49.915615597382505, -4.247272980669186 ], [ 50.032445722745948, -4.412222828809647 ], [ 50.33696329992781, -4.544841807505039 ], [ 50.669068802162528, -4.481583616603189 ], [ 51.096061590750018, -4.544841807505039 ], [ 51.483518010023857, -4.497398164328651 ], [ 51.910510798611348, -4.647636367720547 ], [ 52.179868935205192, -4.620517921011236 ], [ 52.318732330006249, -4.342791131409117 ], [ 52.556783863950926, -4.342791131409117 ], [ 52.695647258751983, -4.203927736608057 ], [ 52.874185909210489, -4.22376536443678 ], [ 53.013049304011545, -4.045226713978274 ], [ 53.261019651870583, -4.074983155721358 ], [ 53.588340511044507, -3.995632644406467 ], [ 53.925580184132798, -4.005551458320828 ], [ 54.094200020676944, -3.797256366119239 ], [ 54.362007996364696, -3.787337552204877 ], [ 54.590140716395013, -3.529448390431481 ], [ 54.768679366853519, -3.489773134774035 ], [ 55.036487342541278, -3.457536989552359 ], [ 55.34397057388648, -3.546806314781612 ], [ 55.839911269604549, -3.536887500867251 ], [ 56.107719245292309, -3.784857848726286 ], [ 56.653254010582188, -3.755101406983202 ], [ 56.821873847126326, -3.874127173955539 ], [ 57.069844194985365, -3.864208360041177 ], [ 57.486434379388541, -3.993152940927875 ], [ 57.922862191620446, -3.874127173955539 ], [ 58.081563214250231, -3.874127173955539 ], [ 58.230345422965648, -3.774939034811925 ], [ 58.418802887338515, -3.755101406983202 ], [ 58.607260351711382, -3.596400384353419 ], [ 58.904824769142223, -3.655913267839588 ], [ 59.073444605686369, -3.576562756524696 ], [ 59.182551558744343, -3.576562756524696 ], [ 59.331333767459768, -3.66831178523254 ], [ 59.618979370976248, -3.707987040889986 ], [ 59.866949718835279, -3.608798901746372 ], [ 60.055407183208146, -3.66831178523254 ], [ 60.253783461495374, -3.66831178523254 ], [ 60.501753809354412, -3.499691948688397 ], [ 60.898506365928867, -3.628636529575095 ], [ 61.368599469341035, -3.909619628286195 ], [ 61.815173257976603, -4.214596849793413 ], [ 62.187952174795853, -4.583322368832381 ], [ 62.396247266997442, -4.831292716691415 ], [ 62.44691178824155, -5.053284208938259 ], [ 62.541840507053678, -5.195215082714693 ], [ 62.532266879989947, -5.240134375646736 ], [ 62.42233669416774, -5.755924910012725 ], [ 62.37398846934002, -5.982773946362665 ], [ 62.399101398815525, -6.013682167255594 ], [ 62.37398846934002, -5.982773946362665 ], [ 62.323762610389004, -5.980842182556856 ], [ 62.290922625690264, -6.011750403449787 ], [ 62.281263806661222, -6.054249207177566 ], [ 62.26580969621476, -6.085157428070497 ], [ 62.223310892486978, -6.116065648963428 ], [ 62.137347403128494, -6.150837397467929 ], [ 62.147972104060464, -6.177882090749288 ], [ 62.225242656292785, -6.162427980302823 ], [ 62.276434397146687, -6.18174561836086 ], [ 62.310240263748348, -6.230039713506109 ], [ 62.312172027554155, -6.289924391486162 ], [ 62.288990861884457, -6.324696139990709 ], [ 62.302513208525113, -6.371058471330104 ], [ 62.370124941728399, -6.415489038863693 ], [ 62.401033162621331, -6.444465495950815 ], [ 62.385579052174869, -6.48116900826117 ], [ 62.31989908277739, -6.498554882513443 ], [ 62.254219113379911, -6.53332663101799 ], [ 62.278366160952515, -6.570513084279797 ], [ 62.273536751437994, -6.606733655638701 ], [ 62.172119151633062, -6.663237746958589 ], [ 62.067803906119423, -6.69414596785152 ], [ 62.01950981097422, -6.678691857405054 ], [ 61.971215715829018, -6.744371826802531 ], [ 61.905535746431511, -6.753547704880082 ], [ 61.810879319946935, -6.756445350588833 ], [ 61.735540531520421, -6.712014783055245 ], [ 61.646679396453244, -6.72746889350171 ], [ 61.567477080415109, -6.737127712530751 ], [ 61.526910040493135, -6.814398264763078 ], [ 61.503728874823437, -6.86462412371409 ], [ 61.465093598707234, -6.873317060840187 ], [ 61.391686574086563, -6.849170013267624 ], [ 61.327938368494898, -6.827920611403735 ], [ 61.254531343874184, -6.841442958044392 ], [ 61.210100776340553, -6.865590005616954 ], [ 61.159874917389587, -6.901327636024445 ], [ 61.132830224108275, -6.939962912140608 ], [ 61.156011389777923, -6.981495833965446 ], [ 61.123171405079233, -7.021096991984551 ], [ 61.055559671875898, -7.066493441421006 ], [ 61.005333812924931, -7.115753418469151 ], [ 61.014992631953973, -7.175638096449203 ], [ 60.937722079721645, -7.183365151672437 ], [ 60.872042110324173, -7.175638096449203 ], [ 60.870110346518366, -7.131207528915616 ], [ 60.854656236071897, -7.098367544216877 ], [ 60.790908030480232, -7.077118142352988 ], [ 60.719432769665325, -7.094504016605261 ], [ 60.692388076384013, -7.131207528915616 ], [ 60.69431984018982, -7.156320458391122 ], [ 60.64023045362719, -7.160183986002738 ], [ 60.580345775647139, -7.193023970701478 ], [ 60.56875519281229, -7.235522774429257 ], [ 60.584209303258753, -7.291543924797693 ], [ 60.562959901394862, -7.374609768447445 ], [ 60.557164609977441, -7.430630918815881 ], [ 60.514665806249603, -7.452846202582644 ], [ 60.448985836852181, -7.438840914990567 ], [ 60.418077615959255, -7.392478583651171 ], [ 60.338875299921121, -7.392478583651171 ], [ 60.329216480892022, -7.429665036912946 ], [ 60.265468275300407, -7.490998537747387 ], [ 60.184334195456465, -7.500657356776427 ], [ 60.066496603302106, -7.514662644368506 ], [ 60.029793090991809, -7.560542034756481 ], [ 60.006611925322112, -7.603040838484261 ], [ 59.977635468234993, -7.651334933629465 ], [ 59.896501388390988, -7.646022583163463 ], [ 59.80377672571219, -7.452846202582644 ], [ 59.633781510801072, -7.41421092646648 ], [ 59.641508566024307, -7.298305098117988 ], [ 59.602873289908139, -7.197853380215963 ], [ 59.556510958568744, -7.074220496644239 ], [ 59.595146234684911, -6.96604172351898 ], [ 59.680143842140467, -6.857862950393722 ], [ 59.695597952586937, -6.765138287714929 ], [ 59.595146234684911, -6.788319453384626 ], [ 59.448332185443483, -6.857862950393722 ], [ 59.224247583969735, -6.896498226509885 ], [ 59.054252369058617, -7.004676999635143 ], [ 58.822440712361633, -7.151491048876566 ], [ 58.64471844222728, -7.236488656332127 ], [ 58.482450282539389, -7.32921331901092 ], [ 58.327909178074734, -7.391029760796782 ], [ 58.250638625842406, -7.537843810038204 ], [ 58.312455067628271, -7.646022583163463 ], [ 58.312455067628271, -7.785109577181652 ], [ 58.15018690794038, -7.893288350306911 ], [ 58.00337285869896, -8.001467123432169 ], [ 57.929450034937098, -8.076326196205352 ], [ 57.962968192838538, -8.263070218799085 ], [ 57.757070937158268, -8.421084391763012 ], [ 57.575115222836168, -8.464179166207719 ], [ 57.43195772847681, -8.579231012352881 ], [ 57.278240109994854, -8.646134880529816 ], [ 57.239933643821779, -8.789784128678841 ], [ 57.086707779129483, -8.885550294111525 ], [ 56.914328681350653, -9.024411233988916 ], [ 56.837715749004509, -9.158483865594672 ], [ 56.655760034682409, -9.182425406952843 ], [ 56.55041725270646, -9.282979880657159 ], [ 56.521687403076655, -9.450570670164355 ], [ 56.363673230112724, -9.579854993498477 ], [ 56.248753831593504, -9.570278376955208 ], [ 56.215235673692071, -9.724701318715409 ], [ 56.09569181631651, -9.784673688357632 ], [ 56.071586425543046, -9.925810266124044 ], [ 56.100316275172851, -10.122130905261045 ], [ 55.93272548566565, -10.203532145878825 ], [ 55.846535936776235, -10.294510003039873 ], [ 55.749944692191121, -10.361697604972317 ], [ 55.628465972903818, -10.436453739918353 ], [ 55.509323382833578, -10.445798256786599 ], [ 55.450920152406987, -10.357025346538183 ], [ 55.390180792763346, -10.233210498033824 ], [ 55.329398643439745, -10.098189363902874 ], [ 55.41558819232916, -10.074247822544702 ], [ 55.516331770484769, -10.034639514583422 ], [ 55.525719282576752, -9.964116732297118 ], [ 55.573602365293091, -9.849197333777898 ], [ 55.655003605910871, -9.844409025506263 ], [ 55.717251613442116, -9.753431168345214 ], [ 55.626273756281066, -9.739066243530312 ], [ 55.631062064552701, -9.633723461554361 ], [ 55.611908831466167, -9.528380679578408 ], [ 55.525719282576752, -9.514015754763506 ], [ 55.444318041958965, -9.466132672047165 ], [ 55.343763568254651, -9.451767747232262 ], [ 55.329398643439745, -9.384731431429383 ], [ 55.286303868995041, -9.298541882539968 ], [ 55.195326011833991, -9.279388649453432 ], [ 55.113924771216212, -9.255447108095261 ], [ 55.070829996771501, -9.15010432611931 ], [ 54.946333981709017, -9.145316017847676 ], [ 54.864932741091238, -9.183622484020749 ], [ 54.750013342572018, -9.236293875008725 ], [ 54.659035485410968, -9.303330190811604 ], [ 54.553692703435019, -9.293753574268335 ], [ 54.438773304915799, -9.356001581799578 ], [ 54.304700673310037, -9.394308047972652 ], [ 54.137109883802843, -9.37994312315775 ], [ 54.026978793555259, -9.423037897602457 ], [ 53.955154169480743, -9.480497596862067 ], [ 53.845023079233158, -9.523592371306774 ], [ 53.849811387504793, -9.633723461554361 ], [ 53.80671661306009, -9.71512470217214 ], [ 53.840234770961523, -9.858773950321165 ], [ 53.761227684479564, -9.898277493562148 ], [ 53.622366744602168, -9.917430726648684 ], [ 53.593636894972363, -9.99404365899483 ], [ 53.574483661885829, -10.08502151615588 ], [ 53.512235654354583, -10.152057831958757 ], [ 53.569695353614193, -10.233459072576538 ], [ 53.555330428799294, -10.357955087639027 ], [ 53.636731669417074, -10.401049862083735 ], [ 53.66977383885488, -10.473466545882646 ], [ 53.526600579169489, -10.515969260602954 ], [ 53.426046105465169, -10.611735426035636 ], [ 53.435622722008439, -10.688348358381784 ], [ 53.520261568962816, -10.707079467589006 ], [ 53.46914087990988, -10.784114523814466 ], [ 53.359009789662295, -10.798479448629369 ], [ 53.373374714477194, -10.889457305790419 ], [ 53.268031932501245, -10.918187155420224 ], [ 53.234513774599804, -10.990011779494736 ], [ 53.268031932501245, -11.076201328384151 ], [ 53.368586406205559, -11.152814260730297 ], [ 53.342715748465999, -11.27943112576955 ], [ 53.331035102380675, -11.426607266444565 ], [ 53.430834413736804, -11.459265990114883 ], [ 53.555330428799294, -11.483207531473054 ], [ 53.584060278429099, -11.612491854807176 ], [ 53.512235654354583, -11.74895864054875 ], [ 53.478717496453143, -11.868666347339603 ], [ 53.41168118065027, -11.988374054130457 ], [ 53.464352571638244, -12.09371683610641 ], [ 53.430834413736804, -12.189483001539092 ], [ 53.33027994003249, -12.242154392527068 ], [ 53.27282024077288, -12.318767324873214 ], [ 53.244090391143075, -12.396577334287272 ], [ 53.344644864847389, -12.473190266633418 ], [ 53.483505804724778, -12.564168123794467 ], [ 53.430834413736804, -12.645569364412248 ], [ 53.416469488921905, -12.707817371943491 ], [ 53.344644864847389, -12.861043236635785 ], [ 53.277608549044515, -12.908926319352126 ], [ 53.320703323489219, -12.990327559969908 ], [ 53.500264883675484, -12.908327780818148 ], [ 53.61757843633054, -12.827525078734345 ], [ 53.65349074836778, -12.726372066496049 ], [ 53.746862759664658, -12.722182296758394 ], [ 53.847417233368979, -12.784430304289637 ], [ 53.947971707073293, -12.722182296758394 ], [ 53.991066481518004, -12.645569364412248 ], [ 54.000643098061268, -12.5545915072512 ], [ 54.158657271025199, -12.602474589967541 ], [ 54.196963737198267, -12.521073349349759 ], [ 54.225693586828072, -12.420518875645442 ] ] ], [ [ [ 57.869598215146837, -13.218436751492764 ], [ 58.101077918771082, -13.166547742591298 ], [ 58.322596827608848, -13.090940340309425 ], [ 58.504182625354815, -13.139717376406082 ], [ 58.52929555483032, -13.20539734580356 ], [ 58.579521413781336, -13.248862031434241 ], [ 58.63747432795558, -13.305849063705583 ], [ 58.749516628692454, -13.341586694113031 ], [ 58.726335463022757, -13.542490129917081 ], [ 58.811333070478312, -13.681577123935268 ], [ 58.806503660963791, -13.739530038109512 ], [ 58.734062518245992, -13.74339356572113 ], [ 58.675143722168841, -13.832254700788305 ], [ 58.672246076460127, -13.928842891078713 ], [ 58.659689611722371, -14.037021664203969 ], [ 58.610429634674269, -14.098838105989831 ], [ 58.471342640656076, -14.199289823891856 ], [ 58.335153292346604, -14.311332124628729 ], [ 58.33225564663789, -14.477463811928232 ], [ 58.271405086754932, -14.560529655577982 ], [ 58.157431022212251, -14.572120238412831 ], [ 58.092716934717679, -14.562461419383791 ], [ 58.066638123339267, -14.523826143267627 ], [ 58.062774595727653, -14.433033244394643 ], [ 58.072433414756695, -14.282355667541607 ], [ 58.10334163564962, -14.19349453247443 ], [ 58.113000454678662, -14.08676458220353 ], [ 58.122659273707704, -13.984381100495698 ], [ 58.167089841241292, -13.972790517660849 ], [ 58.201861589745839, -13.943814060573727 ], [ 58.192202770716797, -13.85495292550655 ], [ 58.221179227803923, -13.811971180827323 ], [ 58.22241550713386, -13.707209767829616 ], [ 58.203793353551646, -13.630385383081355 ], [ 58.153567494600637, -13.589818343159385 ], [ 58.089819289008965, -13.568568941295494 ], [ 58.120727509901897, -13.531865428985139 ], [ 58.124591037513511, -13.481156629082674 ], [ 58.089819289008965, -13.415476659685197 ], [ 58.060842831921846, -13.342069635064487 ], [ 58.020275791999872, -13.289912012307665 ], [ 57.962322877825628, -13.28604848469605 ], [ 57.914028782680425, -13.255140263803119 ], [ 57.869598215146837, -13.218436751492764 ] ] ], [ [ [ 57.576839898964131, -13.343848917597617 ], [ 57.659035960313744, -13.388914907355336 ], [ 57.722784165905416, -13.497093680480592 ], [ 57.763351205827384, -13.52993366517933 ], [ 57.768390950517222, -13.567509904255266 ], [ 57.740170040157686, -13.607204217411658 ], [ 57.745965331575114, -13.676747714420751 ], [ 57.792327662914509, -13.70958769911949 ], [ 57.844485285671333, -13.734700628594997 ], [ 57.817285902768241, -13.798014679152947 ], [ 57.815508828584207, -13.8776511502248 ], [ 57.776873552468047, -13.962648757680359 ], [ 57.72664769351703, -13.937535828204853 ], [ 57.713125346876375, -13.856401748360911 ], [ 57.680285362177635, -13.794585306575049 ], [ 57.618468920391777, -13.746291211429845 ], [ 57.556652478605912, -13.632317146887164 ], [ 57.514153674878131, -13.489366625257359 ], [ 57.576839898964131, -13.343848917597617 ] ] ], [ [ [ 56.047644884184855, -16.595325149976418 ], [ 56.13383443307427, -16.681514698865833 ], [ 56.057221500728119, -16.820375638743222 ], [ 56.085951350357924, -16.89698857108937 ], [ 56.1098928917161, -16.983178119978785 ], [ 56.050680492788892, -17.037380218014601 ], [ 56.02972551325275, -17.100245156623057 ], [ 56.008770533716593, -17.198035061125108 ], [ 55.90399563603583, -17.260899999733564 ], [ 55.848115690606086, -17.21899004066125 ], [ 55.938920601929418, -17.163110095231513 ], [ 55.889630711220924, -17.069367668868196 ], [ 55.947090410480534, -16.935295037262442 ], [ 55.875265786406025, -16.935295037262442 ], [ 55.827382703689686, -16.887411954546099 ], [ 55.889630711220924, -16.829952255286489 ], [ 55.90399563603583, -16.729397781582172 ], [ 55.975820260110339, -16.662361465779295 ], [ 56.047644884184855, -16.595325149976418 ] ] ], [ [ [ 55.204902628377248, -17.347089548622979 ], [ 55.271938944180121, -17.380607706524419 ], [ 55.310245410353197, -17.481162180228733 ], [ 55.251822888340925, -17.56870949032826 ], [ 55.209690936648876, -17.682271127637367 ], [ 55.166596162204172, -17.763672368255151 ], [ 55.075618305043122, -17.778037293070053 ], [ 55.066041688499851, -17.888168383317637 ], [ 54.979408154370944, -17.924944142442868 ], [ 54.853678277154032, -17.883034183370569 ], [ 54.764378267386903, -18.01745270665176 ], [ 54.611152402694607, -17.979146240478684 ], [ 54.679053447686087, -17.91097415608543 ], [ 54.755888372651988, -17.841124224298255 ], [ 54.804783324903006, -17.750319312974923 ], [ 54.923528208941207, -17.7363493266175 ], [ 54.931969056894097, -17.591293270476321 ], [ 55.027735222326783, -17.620023120106126 ], [ 55.104348154672927, -17.543410187759978 ], [ 55.085194921586393, -17.457220638870563 ], [ 55.204902628377248, -17.347089548622979 ] ] ], [ [ [ 53.584652686115291, -16.765890239610158 ], [ 53.605607665651434, -16.828755178218614 ], [ 53.563697706579134, -16.870665137290928 ], [ 53.581666124293264, -16.981981042910906 ], [ 53.610395973923069, -17.092112133158494 ], [ 53.543359658120188, -17.183089990319541 ], [ 53.50505319194712, -17.360257396370006 ], [ 53.409287026514434, -17.432082020444518 ], [ 53.351827327254824, -17.403352170814713 ], [ 53.428440259600968, -17.288432772295494 ], [ 53.428440259600968, -17.159148448961371 ], [ 53.399710409971163, -17.082535516615224 ], [ 53.48111165058895, -16.972404426367639 ], [ 53.476323342317315, -16.886214877478224 ], [ 53.528772740685547, -16.814785191861176 ], [ 53.584652686115291, -16.765890239610158 ] ] ], [ [ [ 53.465549648706151, -17.668504741356486 ], [ 53.532585964509032, -17.711599515801193 ], [ 53.580469047225371, -17.797789064690608 ], [ 53.664781997391501, -17.804552065249577 ], [ 53.755586908714832, -17.783597085713421 ], [ 53.733694911917667, -17.888766921851655 ], [ 53.601917058783037, -17.916311956109052 ], [ 53.455973032162888, -17.864825380493485 ], [ 53.259652393025881, -17.874401997036752 ], [ 53.274017317840787, -17.80257737296224 ], [ 53.364995175001837, -17.77863583160407 ], [ 53.465549648706151, -17.668504741356486 ] ] ], [ [ [ 53.911849664111806, -18.081089129631952 ], [ 53.985081096178469, -18.082693406852844 ], [ 53.970716171363563, -18.137758951976636 ], [ 53.922833088647224, -18.144941414384089 ], [ 53.874950005930877, -18.178459572285526 ], [ 53.903679855560682, -18.245495888088406 ], [ 53.951562938277029, -18.295773124940563 ], [ 53.867767543523428, -18.317320512162919 ], [ 53.821044752788474, -18.346518870423214 ], [ 53.752848145004208, -18.377174365558343 ], [ 53.733694911917674, -18.348444515928538 ], [ 53.743271528460944, -18.307743895619648 ], [ 53.793104780073605, -18.283653931814758 ], [ 53.827066923214538, -18.137758951976636 ], [ 53.911849664111806, -18.081089129631952 ] ] ], [ [ [ 53.625957975805903, -18.302955587348016 ], [ 53.637928746484988, -18.331685436977821 ], [ 53.578074893089564, -18.358021132471809 ], [ 53.54216258105231, -18.36280944074344 ], [ 53.551739197595573, -18.429845756546321 ], [ 53.515826885558319, -18.499276226485016 ], [ 53.439213953212175, -18.508852843028283 ], [ 53.42724318253309, -18.441816527225406 ], [ 53.473299995408802, -18.392946098365403 ], [ 53.508224961302389, -18.295156193863352 ], [ 53.625957975805903, -18.302955587348016 ] ] ], [ [ [ 55.120292833317698, -18.295347532244257 ], [ 55.169187785568717, -18.281377545886834 ], [ 55.228844169735417, -18.352634285666149 ], [ 55.252785711093587, -18.467553684185368 ], [ 55.180961087019071, -18.534589999988246 ], [ 55.180961087019071, -18.615991240606029 ], [ 55.137866312574367, -18.687815864680541 ], [ 55.042100147141682, -18.659086015050736 ], [ 55.056465071956588, -18.510648458630076 ], [ 55.141247812853855, -18.407107423103746 ], [ 55.120292833317698, -18.295347532244257 ] ] ], [ [ [ 55.848930090912056, -18.16648880160643 ], [ 55.88484240294931, -18.130576489569176 ], [ 55.923148869122386, -18.111423256482638 ], [ 55.913572252579115, -18.027627861729041 ], [ 55.941092763445496, -18.011868390617497 ], [ 55.98300272251781, -18.004883397438778 ], [ 56.011732572147615, -18.0922700233961 ], [ 55.992579339061081, -18.147335568519892 ], [ 55.939907948073106, -18.18324788055715 ], [ 55.87526578640604, -18.195218651236235 ], [ 55.848930090912056, -18.16648880160643 ] ] ], [ [ [ 55.159598907329972, -19.014994450133859 ], [ 55.201508866402278, -18.994039470597702 ], [ 55.237223709210795, -19.031975521704311 ], [ 55.20849385958099, -19.091829375099739 ], [ 55.1677932392721, -19.156471536766801 ], [ 55.127092618963211, -19.122953378865361 ], [ 55.1677932392721, -19.060705371334116 ], [ 55.159598907329972, -19.014994450133859 ] ] ], [ [ [ 54.805078887695807, -18.202401113643688 ], [ 54.872115203498687, -18.226342655001858 ], [ 54.876225272215578, -18.311354801467257 ], [ 54.896056744856857, -18.393933444509052 ], [ 54.869240279036866, -18.492964624113906 ], [ 54.876903511770323, -18.566312542287882 ], [ 54.805078887695807, -18.690808557350369 ], [ 54.761984113251103, -18.767421489696517 ], [ 54.771450374534815, -18.863169262585938 ], [ 54.771560729794366, -18.973318745376787 ], [ 54.872115203498687, -19.030778444636397 ], [ 54.872115203498687, -19.126544610069079 ], [ 54.800290579424171, -19.241464008588299 ], [ 54.714101030534756, -19.342018482292616 ], [ 54.733254263621298, -19.428208031182031 ], [ 54.738042571892933, -19.562280662787789 ], [ 54.666217947818417, -19.643681903405568 ], [ 54.594393323743908, -19.614952053775763 ], [ 54.560875165842475, -19.677200061307008 ], [ 54.479473925224688, -19.729871452294983 ], [ 54.541721932755927, -19.792119459826228 ], [ 54.541721932755927, -19.863944083900741 ], [ 54.618334865102078, -19.897462241802177 ], [ 54.690159489176587, -19.878309008715643 ], [ 54.699736105719857, -19.950133632790156 ], [ 54.642276406460248, -20.0267465651363 ], [ 54.675794564361688, -20.09378288093918 ], [ 54.704524413991493, -20.170395813285324 ], [ 54.642276406460248, -20.227855512544934 ], [ 54.536933624484298, -20.285315211804544 ], [ 54.536933624484298, -20.419387843410302 ], [ 54.512992083126122, -20.577402016374229 ], [ 54.533960606458422, -20.658312509516374 ], [ 54.517780391397757, -20.736613266406064 ], [ 54.589605015472273, -20.808437890480576 ], [ 54.594393323743908, -20.894627439369991 ], [ 54.469897308681418, -20.999970221345944 ], [ 54.422014225965079, -21.090948078506994 ], [ 54.422014225965079, -21.191502552211311 ], [ 54.460320692138147, -21.287268717643993 ], [ 54.426802534236707, -21.335151800360336 ], [ 54.340612985347292, -21.35430503344687 ], [ 54.235270203371343, -21.44528289060792 ], [ 54.177810504111733, -21.41176473270648 ], [ 54.168233887568462, -21.205867477026214 ], [ 54.110774188308852, -21.172349319124773 ], [ 54.077256030407419, -21.282480409372358 ], [ 54.005431406332903, -21.368669958261773 ], [ 53.986278173246369, -21.44528289060792 ], [ 53.971913248431463, -21.5266841312257 ], [ 53.866570466455514, -21.569778905670407 ], [ 53.818687383739174, -21.684698304189627 ], [ 53.708556293491583, -21.780464469622313 ], [ 53.603213511515634, -21.804406010980482 ], [ 53.574483661885829, -21.737369695177605 ], [ 53.651096594231973, -21.646391838016555 ], [ 53.631943361145439, -21.550625672583873 ], [ 53.732497834849759, -21.464436123694458 ], [ 53.786566336335639, -21.314901868315825 ], [ 53.679826443861778, -21.210655785297845 ], [ 53.708556293491583, -21.100524695050261 ], [ 53.718132910034853, -21.014335146160846 ], [ 53.818687383739174, -20.942510522086334 ], [ 53.852205541640608, -20.851532664925283 ], [ 53.809110767195904, -20.794072965665674 ], [ 53.727709526578124, -20.789284657394042 ], [ 53.660673210775244, -20.731824958134432 ], [ 53.574483661885829, -20.770131424307504 ], [ 53.517023962626219, -20.731824958134432 ], [ 53.550542120527659, -20.612117251343577 ], [ 53.545753812256024, -20.478044619737819 ], [ 53.540965503984388, -20.382278454305137 ], [ 53.507447346082948, -20.320030446773892 ], [ 53.521812270897854, -20.248205822699379 ], [ 53.545753812256024, -20.171592890353235 ], [ 53.631943361145439, -20.162016273809964 ], [ 53.655884902503608, -20.056673491834015 ], [ 53.655884902503608, -19.898659318870088 ], [ 53.660673210775244, -19.831623003067207 ], [ 53.804322458924268, -19.802893153437402 ], [ 53.809965200109289, -19.793582630482121 ], [ 53.900088624356954, -19.644878980473475 ], [ 53.924030165715124, -19.534747890225891 ], [ 53.852205541640608, -19.534747890225891 ], [ 53.761227684479564, -19.601784206028768 ], [ 53.679826443861778, -19.620937439115306 ], [ 53.660673210775244, -19.534747890225891 ], [ 53.751651067936294, -19.434193416521573 ], [ 53.809110767195904, -19.348003867632158 ], [ 53.756439376207929, -19.257026010471112 ], [ 53.789957534109369, -19.166048153310062 ], [ 53.884356240837676, -19.121614010198495 ], [ 53.94023618626742, -19.037794092053883 ], [ 53.928818473986759, -18.925435662660444 ], [ 53.976701556703098, -18.796151339326322 ], [ 54.082044338679047, -18.848822730314296 ], [ 54.110774188308852, -18.75784487315325 ], [ 54.072467722135784, -18.64292547463403 ], [ 54.019796331147809, -18.580677467102785 ], [ 53.971913248431463, -18.508852843028272 ], [ 54.125139113123758, -18.465758068583565 ], [ 54.230481895099707, -18.480122993398467 ], [ 54.345401293618927, -18.465758068583565 ], [ 54.412437609421808, -18.37956851969415 ], [ 54.455532383866512, -18.341262053521078 ], [ 54.546510241027562, -18.384356827965785 ], [ 54.673660470032772, -18.339294774182118 ], [ 54.738042571892933, -18.29816727907637 ], [ 54.805078887695807, -18.202401113643688 ] ] ], [ [ [ 53.700176754016233, -18.665071400390346 ], [ 53.721724141238589, -18.715348637242506 ], [ 53.750453990868394, -18.782384953045383 ], [ 53.731300757781852, -18.835056344033358 ], [ 53.680604059081219, -18.887159850726153 ], [ 53.640322900620809, -18.899698505700421 ], [ 53.602016434447734, -18.880545272613883 ], [ 53.582863201361199, -18.835056344033358 ], [ 53.596784140936613, -18.796354939402821 ], [ 53.640322900620809, -18.753655103415579 ], [ 53.654687825435708, -18.679436325205248 ], [ 53.700176754016233, -18.665071400390346 ] ] ], [ [ [ 53.133959300895491, -19.50960927179981 ], [ 53.057124375929604, -19.621369162659285 ], [ 52.947215278301755, -19.720294835751716 ], [ 52.971156819659925, -19.844790850814203 ], [ 52.947431627255931, -19.877143385910561 ], [ 52.91848542867195, -19.916615474888715 ], [ 52.808354338424365, -19.97886348241996 ], [ 52.683858323361875, -19.921403783160351 ], [ 52.690404964668815, -19.902043682857823 ], [ 52.742799682887316, -19.747099039876197 ], [ 52.86154456692551, -19.747099039876197 ], [ 52.846660804597441, -19.586222204145958 ], [ 52.956791894845026, -19.591010512417594 ], [ 52.999886669289729, -19.471302805626738 ], [ 53.047769752006076, -19.375536640194056 ], [ 53.147929287252936, -19.425789353655198 ], [ 53.133959300895491, -19.50960927179981 ] ] ], [ [ [ 51.774079751751394, -19.340821405224727 ], [ 51.857875146504995, -19.362368792447079 ], [ 51.905758229221334, -19.328850634545642 ], [ 51.946458849530224, -19.333638942817274 ], [ 51.939276387122774, -19.391098642076884 ], [ 51.953641311937673, -19.431799262385773 ], [ 51.991947778110749, -19.467711574423031 ], [ 52.032648398419639, -19.443171494530901 ], [ 52.032648398419639, -19.404865028357825 ], [ 52.047013323234538, -19.349799483234033 ], [ 52.07460597808371, -19.295802451693696 ], [ 52.025465936012189, -19.198967772677559 ], [ 52.054195785641994, -19.131931456874682 ], [ 52.109261330765783, -19.024194520762912 ], [ 52.157144413482129, -18.952369896688399 ], [ 52.161932721753757, -18.79674987786029 ], [ 52.183480108976113, -18.724925253785777 ], [ 52.221290834836786, -18.653183079251683 ], [ 52.145173642803044, -18.547757847735312 ], [ 52.068560710456893, -18.507057227426422 ], [ 52.068560710456893, -18.447203374030995 ], [ 52.102078868358333, -18.37059044168485 ], [ 52.121232101444868, -18.29637166347452 ], [ 52.149961951074673, -18.214970422856737 ], [ 52.197845033791019, -18.183846419091118 ], [ 52.260093041322257, -18.191028881498568 ], [ 52.312764432310239, -18.202999652177652 ], [ 52.329523511260959, -18.253276889029813 ], [ 52.315158586446053, -18.305948280017788 ], [ 52.269669657865528, -18.349043054462495 ], [ 52.226574883420824, -18.392137828907202 ], [ 52.228969037556638, -18.463962452981715 ], [ 52.291217045087883, -18.56691108082185 ], [ 52.341494281940044, -18.633947396624727 ], [ 52.389377364656383, -18.662677246254532 ], [ 52.334311819532587, -18.744078486872315 ], [ 52.322341048853502, -18.806326494403557 ], [ 52.315158586446053, -18.876355502876212 ], [ 52.370224131569849, -18.929026893864187 ], [ 52.389377364656383, -18.991274901395432 ], [ 52.370224131569849, -19.077464450284847 ], [ 52.372618285705663, -19.158865690902626 ], [ 52.331917665396773, -19.204354619483151 ], [ 52.284155773445242, -19.218967526727802 ], [ 52.216998266877553, -19.309697401459104 ], [ 52.186365868943199, -19.407562342553184 ], [ 52.216998266877553, -19.527565427818459 ], [ 52.082925635271799, -19.646674596075353 ], [ 52.015889319468918, -19.750221762449446 ], [ 51.953641311937673, -19.764586687264348 ], [ 51.929699770579504, -19.632309671260451 ], [ 51.809992063788648, -19.616149130843688 ], [ 51.774079751751394, -19.563477739855713 ], [ 51.805203755517013, -19.515594657139374 ], [ 51.778868060023029, -19.455740803743947 ], [ 51.735773285578318, -19.357580484175447 ], [ 51.774079751751394, -19.340821405224727 ] ] ], [ [ [ 52.732938483146135, -18.847027114712443 ], [ 52.730544329010314, -18.815903110946824 ], [ 52.780821565862475, -18.77520249063793 ], [ 52.80194949123635, -18.704833721337589 ], [ 52.799974798949009, -18.631553242488906 ], [ 52.76885079518339, -18.590852622180016 ], [ 52.713785250059594, -18.547757847735308 ], [ 52.718573558331229, -18.485509840204067 ], [ 52.794964498057638, -18.453373966903765 ], [ 52.871799423023525, -18.502268919154783 ], [ 52.862222806480254, -18.583670159772566 ], [ 52.871799423023525, -18.634983789550414 ], [ 52.871799423023525, -18.729713562057409 ], [ 52.871799423023525, -18.808720648539371 ], [ 52.838281265122085, -18.847027114712443 ], [ 52.790398182405745, -18.868574501934798 ], [ 52.732938483146135, -18.847027114712443 ] ] ], [ [ [ 52.943624047098027, -16.983776658512799 ], [ 53.025025287715813, -16.978988350241167 ], [ 53.020458972063921, -17.060611583478693 ], [ 52.992518999349059, -17.158401487980743 ], [ 52.914894197468222, -17.189673914193069 ], [ 52.922669067561884, -17.067596576657412 ], [ 52.943624047098027, -16.983776658512799 ] ] ], [ [ [ 52.07694024993225, -16.935893575796459 ], [ 51.966809159684658, -16.916740342709922 ], [ 52.014692242401004, -16.830550793820507 ], [ 52.043422092030809, -16.744361244931092 ], [ 52.086516866475513, -16.629441846411872 ], [ 52.187071340179834, -16.662960004313312 ], [ 52.187071340179834, -16.768302786289265 ], [ 52.139805188540706, -16.869536140598644 ], [ 52.07694024993225, -16.935893575796459 ] ] ], [ [ [ 50.95887026850567, -17.108272673575289 ], [ 50.92535211060423, -17.199250530736336 ], [ 50.858315794801356, -17.237556996909412 ], [ 50.700301621837426, -17.266286846539217 ], [ 50.65488626342993, -17.354895072955475 ], [ 50.529156386213025, -17.410775018385198 ], [ 50.475251133070621, -17.524855493207461 ], [ 50.389061584181206, -17.658928124813215 ], [ 50.187952636772572, -17.644563199998313 ], [ 50.101763087883157, -17.577526884195436 ], [ 50.235835719488911, -17.524855493207461 ], [ 50.331601884921596, -17.409936094688241 ], [ 50.403426508996105, -17.271075154810848 ], [ 50.350755118008131, -17.151367448019997 ], [ 50.389456522638675, -17.089465332164199 ], [ 50.575945742163753, -17.035893702174945 ], [ 50.733819779738866, -17.031659741229142 ], [ 50.820009328628281, -17.055601282587311 ], [ 50.95887026850567, -17.108272673575289 ] ] ], [ [ [ 49.158627042513423, -16.506309723407202 ], [ 49.270386933372905, -16.499324730228484 ], [ 49.291341912909061, -16.618069614266677 ], [ 49.262612063279256, -16.718624087970998 ], [ 49.291341912909061, -16.828755178218582 ], [ 49.222609321725479, -16.970541440423396 ], [ 49.137672062977281, -17.058124184525884 ], [ 49.152480973031672, -17.125630291059899 ], [ 49.023196649697546, -17.173513373776242 ], [ 48.989678491796106, -17.063382283528657 ], [ 49.061503115870622, -16.96282780982434 ], [ 49.085444657228791, -16.833543486490218 ], [ 49.047138191055716, -16.694682546612828 ], [ 49.151642049334711, -16.625054607445396 ], [ 49.158627042513423, -16.506309723407202 ] ] ], [ [ [ 46.528474234638047, -15.707988316896659 ], [ 46.447086799558363, -15.801663053953089 ], [ 46.49496988227471, -15.911794144200675 ], [ 46.499758190546338, -16.079384933707871 ], [ 46.430352243998662, -16.253297302735795 ], [ 46.480604957459803, -16.352318505191018 ], [ 46.566794506349218, -16.400201587907357 ], [ 46.633830822152099, -16.50554436988331 ], [ 46.629042513880464, -16.62046376840253 ], [ 46.595524355979023, -16.773689633094822 ], [ 46.595524355979023, -16.926915497787117 ], [ 46.710443754498243, -17.046623204577969 ], [ 46.633830822152099, -17.132812753467384 ], [ 46.624254205608828, -17.271673693344777 ], [ 46.504546498817973, -17.276462001616409 ], [ 46.514172162143268, -17.356926224973158 ], [ 46.423145258200194, -17.515877415198119 ], [ 46.456663416101634, -17.616431888902436 ], [ 46.418356949928558, -17.740927903964923 ], [ 46.346532325854049, -17.831905761125974 ], [ 46.255554468692999, -17.860635610755779 ], [ 46.255554468692999, -17.693044821248581 ], [ 46.202883077705025, -17.635585121988971 ], [ 46.262712407709444, -17.51059607490496 ], [ 46.308225859680974, -17.190272452726994 ], [ 46.269919393507898, -17.041834896306337 ], [ 46.304622366781743, -16.937826634250108 ], [ 46.32259078449588, -16.845514257169334 ], [ 46.313014167952609, -16.740171475193385 ], [ 46.226824619063194, -16.606098843587628 ], [ 46.11669352881561, -16.539062527784751 ], [ 46.107116912272339, -16.443296362352065 ], [ 46.236401235606465, -16.371471738277553 ], [ 46.220802448637137, -16.22535733002092 ], [ 46.193306461161754, -16.017136926176626 ], [ 46.11669352881561, -15.887852602842504 ], [ 46.212459694248288, -15.725050121606943 ], [ 46.432721874743464, -15.667590422347333 ], [ 46.528474234638047, -15.707988316896659 ] ] ], [ [ [ 46.329773246903329, -20.012980178855333 ], [ 46.439904337150921, -20.094381419473113 ], [ 46.617071743201379, -20.162614812343897 ], [ 46.56918866048504, -20.277534210863116 ], [ 46.645801592831184, -20.445125000370314 ], [ 46.779874224436945, -20.459489925185217 ], [ 46.822968998881649, -20.521737932716459 ], [ 46.913946856042699, -20.722846880125093 ], [ 46.952253322215775, -20.823401353829411 ], [ 46.870852081597995, -20.957473985435168 ], [ 46.947465013944139, -21.043663534324583 ], [ 47.086325953821529, -21.038875226052948 ], [ 47.100690878636435, -21.101123233584193 ], [ 47.081537645549894, -21.211254323831778 ], [ 47.17231675138158, -21.279325750459737 ], [ 47.0959025703648, -21.335750338894265 ], [ 47.143785653081139, -21.388421729882243 ], [ 47.311376442588333, -21.412363271240412 ], [ 47.411930916292654, -21.402786654697145 ], [ 47.440660765922459, -21.48897620358656 ], [ 47.502908773453697, -21.60389560210578 ], [ 47.378412758391214, -21.766698083341339 ], [ 47.512485389996968, -21.872040865317292 ], [ 47.335317983946503, -21.995339803311875 ], [ 47.258705051600359, -22.111456278898999 ], [ 47.134209036537868, -22.144974436800439 ], [ 47.105479186908063, -22.058784887911024 ], [ 46.947465013944139, -22.030055038281219 ], [ 46.928311780857605, -21.953442105935071 ], [ 47.024077946290284, -21.923515179237363 ], [ 47.028866254561919, -21.822960705533045 ], [ 47.019289638018648, -21.684099765655656 ], [ 47.081537645549894, -21.621851758124411 ], [ 47.052807795920089, -21.502144051333556 ], [ 46.928311780857605, -21.425531118987411 ], [ 46.803815765795115, -21.248363712936946 ], [ 46.72720283344897, -21.123867697874459 ], [ 46.540458810855235, -21.080772923429752 ], [ 46.439904337150921, -20.994583374540337 ], [ 46.420751104064379, -20.83656920157641 ], [ 46.320196630360066, -20.72164980305719 ], [ 46.358503096533134, -20.654613487254309 ], [ 46.51172896122543, -20.68813164515575 ], [ 46.516517269497065, -20.587577171451432 ], [ 46.459057570237455, -20.525329163920187 ], [ 46.473422495052354, -20.396044840586065 ], [ 46.39680956270621, -20.362526682684628 ], [ 46.277101855915355, -20.386468224042797 ], [ 46.25794862282882, -20.314643599968285 ], [ 46.114299374679796, -20.290702058610115 ], [ 46.10951106640816, -20.209300817992332 ], [ 46.253160314557185, -20.156629427004358 ], [ 46.329773246903329, -20.012980178855333 ] ] ], [ [ [ 47.488543848638798, -20.911985056854601 ], [ 47.402354299749383, -20.82100719969355 ], [ 47.258705051600359, -20.801853966607013 ], [ 47.258705051600359, -20.686934568087796 ], [ 47.124632419994605, -20.447519154506086 ], [ 47.119844111722969, -20.375694530431574 ], [ 47.177303810982579, -20.337388064258501 ], [ 47.153362269624409, -20.16022065820804 ], [ 47.043231179376825, -20.040512951417185 ], [ 46.961829938759045, -19.95432340252777 ], [ 47.024077946290291, -19.858557237095088 ], [ 46.966618247030681, -19.772367688205673 ], [ 46.86606377332636, -19.786732613020575 ], [ 46.80860407406675, -19.652659981414818 ], [ 46.837333923696555, -19.465915958821085 ], [ 46.789450840980216, -19.384514718203306 ], [ 46.69368467554753, -19.327055018943696 ], [ 46.703261292090801, -19.183405770794671 ], [ 46.741567758263869, -19.020603289559112 ], [ 46.75114437480714, -18.838647575237015 ], [ 46.77508591616531, -18.714151560174525 ], [ 46.861275465054725, -18.723728176717795 ], [ 46.928311780857605, -18.642326936100016 ], [ 46.937888397400876, -18.556137387210601 ], [ 46.890005314684529, -18.460371221777915 ], [ 46.966618247030681, -18.340663514987064 ], [ 47.028866254561919, -18.187437650294772 ], [ 47.03126040869774, -18.007876090108489 ], [ 47.198851198204935, -17.964781315663782 ], [ 47.380806912527035, -17.931263157762345 ], [ 47.46699646141645, -17.81155545097149 ], [ 47.49093800277462, -17.653541278007562 ], [ 47.608834573129307, -17.662901659898491 ], [ 47.629798942652009, -17.548198496031613 ], [ 47.629798942652009, -17.394972631339321 ], [ 47.50051461931789, -17.361454473437881 ], [ 47.514879544132789, -17.203440300473954 ], [ 47.610645709565475, -17.165133834300882 ], [ 47.663317100553449, -17.074155977139831 ], [ 47.67289371709672, -16.95444827034898 ], [ 47.773448190801034, -16.959236578620612 ], [ 47.773448190801034, -16.853893796644662 ], [ 47.7542949577145, -16.738974398125443 ], [ 47.749506649442864, -16.638419924421125 ], [ 47.806966348702474, -16.571383608618248 ], [ 48.003286987839473, -16.475617443185563 ], [ 48.084688228457253, -16.322391578493271 ], [ 48.257067326236083, -16.327179886764906 ], [ 48.228337476606278, -16.456464210099028 ], [ 48.348045183397133, -16.557018683803346 ], [ 48.371986724755303, -16.676726390594197 ], [ 48.539577514262497, -16.734186089853807 ], [ 48.597037213522107, -16.86347041318793 ], [ 48.553942439077403, -16.949659962077344 ], [ 48.534789205990862, -17.069367668868196 ], [ 48.563519055620667, -17.184287067387416 ], [ 48.534789205990862, -17.270476616276831 ], [ 48.371986724755303, -17.327936315536441 ], [ 48.309738717224057, -17.490738796772003 ], [ 48.309738717224057, -17.620023120106126 ], [ 48.276220559322617, -17.773248984798418 ], [ 48.194819318704837, -17.840285300601295 ], [ 48.180454393889939, -17.95999300739215 ], [ 48.196194798821672, -18.002716963635429 ], [ 48.213972551791379, -18.050970864553197 ], [ 48.070323303642354, -18.175466879615687 ], [ 48.032016837469278, -18.323904436036344 ], [ 48.075111611913989, -18.481918609000271 ], [ 48.166089469075033, -18.419670601469026 ], [ 48.348147129781786, -18.375985190282716 ], [ 48.424658115743277, -18.304751202949809 ], [ 48.429446424014913, -18.228138270603662 ], [ 48.520424281175963, -18.175466879615687 ], [ 48.515786966071005, -18.040705517704279 ], [ 48.467752890187988, -17.955204699120515 ], [ 48.582672288707208, -17.940839774305612 ], [ 48.649708604510081, -17.940839774305612 ], [ 48.721533228584597, -17.825920375786392 ], [ 48.941795409079766, -17.912109924675807 ], [ 48.975313566981207, -18.007876090108489 ], [ 49.13332773994513, -17.940839774305612 ], [ 49.181210822661477, -17.964781315663782 ], [ 49.123751123401867, -18.146737029985882 ], [ 49.185999130933105, -18.242503195418564 ], [ 49.152480973031672, -18.414882293197394 ], [ 49.051926499327351, -18.529801691716614 ], [ 48.932218792536496, -18.654297706779101 ], [ 49.109386198586961, -18.769217105298321 ], [ 49.147692664760037, -18.864983270731003 ], [ 48.889124018091792, -18.903289736904075 ], [ 48.792380059979017, -18.989284366337653 ], [ 48.759839694757666, -19.018209135423294 ], [ 48.750263078214402, -19.11397530085598 ], [ 48.664073529324988, -19.13791684221415 ], [ 48.448599657101447, -19.123551917399247 ], [ 48.400716574385108, -19.190588233202124 ], [ 48.228337476606278, -19.224106391103565 ], [ 48.079899920185618, -19.248047932461734 ], [ 47.917097438950059, -19.190588233202124 ], [ 47.818937119381559, -19.279171936227357 ], [ 47.684864487775798, -19.350996560301869 ], [ 47.680076179504162, -19.465915958821089 ], [ 47.780630653208483, -19.633506748328283 ], [ 47.751900803578678, -19.748426146847503 ], [ 47.742324187035408, -19.863345545366723 ], [ 47.680076179504169, -19.892075394996528 ], [ 47.598674938886383, -19.853768928823452 ], [ 47.531638623083509, -19.949535094256134 ], [ 47.469390615552264, -20.064454492775354 ], [ 47.431084149379188, -20.232045282282552 ], [ 47.407142608021019, -20.346964680801769 ], [ 47.474178923823899, -20.375694530431574 ], [ 47.485680054380182, -20.531825637299765 ], [ 47.555580164441679, -20.600745019198381 ], [ 47.550791856170044, -20.701299492902699 ], [ 47.488543848638798, -20.911985056854601 ] ] ], [ [ [ 48.149330390124312, -21.526085592691679 ], [ 48.106235615679601, -21.387224652814286 ], [ 48.139753773581042, -21.181327397134019 ], [ 48.058352532963262, -21.032889840713359 ], [ 48.029622683333457, -20.903605517379237 ], [ 47.900338359999338, -20.803051043674923 ], [ 47.972162984073847, -20.630671945896093 ], [ 48.029622683333457, -20.520540855648505 ], [ 47.996104525432017, -20.439139615030726 ], [ 47.996104525432017, -20.367314990956213 ], [ 48.072717457778168, -20.252395592436994 ], [ 48.067929149506533, -20.080016494658164 ], [ 48.149330390124312, -20.041710028485092 ], [ 48.106235615679601, -19.926790629965872 ], [ 48.020046066790187, -19.907637396879338 ], [ 47.981739600617118, -19.840601081076457 ], [ 48.072717457778168, -19.768776457001945 ], [ 48.125388848766143, -19.649068750211093 ], [ 48.249884863828626, -19.582032434408212 ], [ 48.407899036792557, -19.567667509593313 ], [ 48.489300277410337, -19.677798599840898 ], [ 48.565913209756481, -19.68258690811253 ], [ 48.537183360126676, -19.893272472064435 ], [ 48.604219675929556, -19.984250329225482 ], [ 48.527606743583412, -20.099169727744702 ], [ 48.45720533833051, -20.224429688555883 ], [ 48.460570427780532, -20.305066983424972 ], [ 48.609007984201192, -20.396044840586018 ], [ 48.534040263296404, -20.48985942934716 ], [ 48.575489826299751, -20.702496569970606 ], [ 48.427052269879091, -20.745591344415313 ], [ 48.393534111977651, -20.855722434662898 ], [ 48.288191330001702, -20.908393825650872 ], [ 48.259461480371897, -21.013736607626825 ], [ 48.338460454292317, -21.062628870001998 ], [ 48.316921179631507, -21.176539088862384 ], [ 48.235519939013727, -21.463837585160434 ], [ 48.149330390124312, -21.526085592691679 ] ] ], [ [ [ 51.770488520547659, -21.360290418786423 ], [ 51.860454508174023, -21.330894591297376 ], [ 51.96202085141303, -21.326772260884987 ], [ 52.072151941660614, -21.384231960144596 ], [ 52.070004303535555, -21.456624468514288 ], [ 52.182283031908199, -21.590129215824863 ], [ 52.167918107093293, -21.657165531627744 ], [ 52.029057167215903, -21.63322399026957 ], [ 51.947655926598124, -21.618859065454668 ], [ 51.770488520547659, -21.360290418786423 ] ] ], [ [ [ 52.272063812001321, -22.171310132294426 ], [ 52.406136443607082, -22.228769831554036 ], [ 52.425289676693616, -22.358054154888158 ], [ 52.482749375953226, -22.439455395505941 ], [ 52.458807834595056, -22.62619941809967 ], [ 52.554574000027735, -22.77463697452033 ], [ 52.497114300768125, -22.83209667377994 ], [ 52.367829977434006, -22.879979756496283 ], [ 52.357290538138074, -22.950668611980415 ], [ 52.372618285705641, -23.018840696373672 ], [ 52.487537684224861, -23.047570546003477 ], [ 52.492325992496497, -23.124183478349625 ], [ 52.55936230829937, -23.196008102424138 ], [ 52.477961067681591, -23.320504117486625 ], [ 52.458807834595056, -23.425846899462577 ], [ 52.382194902248905, -23.445000132549112 ], [ 52.406136443607082, -23.334869042301527 ], [ 52.44444290978015, -23.263044418227015 ], [ 52.439654601508515, -23.196008102424138 ], [ 52.363041669162371, -23.196008102424138 ], [ 52.32952351126093, -23.08587701217655 ], [ 52.315158586446032, -23.009264079830405 ], [ 52.259500633636037, -22.971623591516572 ], [ 52.214604112741711, -23.057147162546745 ], [ 52.147567796938837, -23.08587701217655 ], [ 52.075743172864321, -23.047570546003477 ], [ 51.960823774345101, -23.09545362871982 ], [ 51.826431056555535, -23.153233414163221 ], [ 51.730984977306662, -23.258256109955379 ], [ 51.711831744220127, -23.368387200202967 ], [ 51.625642195330713, -23.406693666376039 ], [ 51.577759112614366, -23.344445658844794 ], [ 51.659160353232153, -23.224737952053943 ], [ 51.616065578787442, -23.15291332797943 ], [ 51.663948661503781, -23.076300395633282 ], [ 51.831539451010983, -22.956592688842427 ], [ 51.970400390888372, -22.841673290323207 ], [ 52.051801631506152, -22.875191448224648 ], [ 52.112815776882961, -22.824938734763489 ], [ 52.157144413482101, -22.71717727526072 ], [ 52.18108595484027, -22.630987726371306 ], [ 52.252910578914786, -22.635776034642941 ], [ 52.267275503729685, -22.544798177481891 ], [ 52.18108595484027, -22.439455395505941 ], [ 52.224180729284981, -22.386784004517963 ], [ 52.315158586446032, -22.396360621061234 ], [ 52.300793661631126, -22.314959380443451 ], [ 52.23854565409988, -22.262287989455476 ], [ 52.272063812001321, -22.171310132294426 ] ] ], [ [ [ 51.726196669035026, -17.635585121988935 ], [ 51.879422533727322, -17.75529282877979 ], [ 51.89998114861578, -17.975638740916061 ], [ 51.94167054125856, -18.10005102433745 ], [ 51.915135950345622, -18.199158522635024 ], [ 51.802809601381171, -18.329889821375886 ], [ 51.733526127698958, -18.492528236141162 ], [ 51.730984977306662, -18.588458468044131 ], [ 51.644795428417247, -18.650706475575376 ], [ 51.697466819405221, -18.775202490637863 ], [ 51.793232984837907, -18.84223880644074 ], [ 51.774079751751366, -18.9906763628614 ], [ 51.788444676566272, -19.115172377923887 ], [ 51.620853887059077, -19.148690535825327 ], [ 51.550731489679904, -19.218967526727802 ], [ 51.510722796811493, -19.330646250147424 ], [ 51.529876029898027, -19.483872114839716 ], [ 51.467628022366782, -19.550908430642593 ], [ 51.362285240390833, -19.550908430642593 ], [ 51.371861856934096, -19.646674596075279 ], [ 51.477204638910052, -19.699345987063253 ], [ 51.491569563724951, -19.819053693854109 ], [ 51.568182496071103, -19.876513393113715 ], [ 51.544240954712926, -19.977067866818032 ], [ 51.554843099715498, -20.012054945326511 ], [ 51.592124037429272, -20.13508203978196 ], [ 51.71183174422012, -20.173388505955035 ], [ 51.772882674683487, -20.239826283224033 ], [ 51.844707298757996, -20.244614591495665 ], [ 51.916531922832512, -20.244614591495665 ], [ 52.0697577875248, -20.15842504260625 ], [ 52.079334404068071, -20.024352411000496 ], [ 52.118042381988005, -19.957493176411521 ], [ 52.132005795056045, -19.933374553839446 ], [ 52.199042110858926, -19.914221320752908 ], [ 52.256501810118536, -19.813666847048591 ], [ 52.304384892834875, -19.895068087666374 ], [ 52.30857221561282, -19.939034976834805 ], [ 52.313961509378146, -19.995622561370691 ], [ 52.277170780266538, -20.085106680888778 ], [ 52.304384892834875, -20.172789967421153 ], [ 52.342691359007951, -20.244614591495665 ], [ 52.285231659748341, -20.38826383964469 ], [ 52.227771960488731, -20.488818313349007 ], [ 52.172706415364928, -20.589372787053325 ], [ 52.232560268760366, -20.665985719399472 ], [ 52.211012881538004, -20.785693426190324 ], [ 52.143976565735123, -20.857518050264837 ], [ 52.110458407833683, -20.914977749524446 ], [ 52.048210400302445, -20.905401132981179 ], [ 52.014692242401004, -20.847941433721569 ], [ 51.938079310054853, -20.857518050264837 ], [ 51.885407919066878, -20.900612824709544 ], [ 51.804006678449099, -20.910189441252815 ], [ 51.736970362646218, -20.910189441252815 ], [ 51.631627580670269, -20.838364817178302 ], [ 51.483190024249609, -20.76654019310379 ], [ 51.34432908437222, -20.76654019310379 ], [ 51.29644600165588, -20.867094666808107 ], [ 51.339540776100584, -20.977225757055692 ], [ 51.329964159557321, -21.082568539031644 ], [ 51.282081076840974, -21.125663313476352 ], [ 51.358694009187126, -21.259735945082106 ], [ 51.368270625730389, -21.331560569156618 ], [ 51.459248482891439, -21.412961809774401 ], [ 51.449671866348169, -21.475209817305643 ], [ 51.35390570091549, -21.460844892490741 ], [ 51.334752467828949, -21.556611057923426 ], [ 51.392212167088559, -21.638012298541206 ], [ 51.516708182151049, -21.647588915084473 ], [ 51.58374449795393, -21.714625230887354 ], [ 51.602897731040464, -21.819968012863303 ], [ 51.751335287461124, -21.829544629406573 ], [ 51.784853445362565, -21.921719563635527 ], [ 51.684298971658244, -21.964814338080235 ], [ 51.713028821288049, -22.103675277957624 ], [ 51.784853445362565, -22.079733736599454 ], [ 51.832736528078904, -22.156346668945599 ], [ 51.81358329499237, -22.247324526106649 ], [ 51.885407919066878, -22.285630992279721 ], [ 51.918926076968319, -22.218594676476844 ], [ 52.009903934129369, -22.237747909563382 ], [ 52.024268858944268, -22.323937458452797 ], [ 51.918926076968319, -22.376608849440771 ], [ 51.894984535610149, -22.453221781786919 ], [ 51.851889761165438, -22.577717796849406 ], [ 51.736970362646218, -22.683060578825359 ], [ 51.622050964126998, -22.702213811911893 ], [ 51.473613407706345, -22.702213811911893 ], [ 51.449671866348169, -22.83628644351765 ], [ 51.306022618199144, -22.884169526233993 ], [ 51.176738294865025, -22.865016293147455 ], [ 51.109701979062145, -22.946417533765235 ], [ 51.100125362518881, -23.00866554129648 ], [ 51.061818896345805, -23.051760315741188 ], [ 51.037877354987636, -23.133161556358967 ], [ 50.940369469482228, -23.158528298252474 ], [ 50.831980099307366, -23.104431706729162 ], [ 50.750578858689586, -23.018242157839747 ], [ 50.646999755976083, -23.004858448320686 ], [ 50.654812693256901, -22.932052608950332 ], [ 50.611717918812197, -22.884169526233993 ], [ 50.539893294737681, -22.879381217962358 ], [ 50.437449960614558, -22.921038530176073 ], [ 50.305266189427606, -22.946417533765235 ], [ 50.195135099180021, -22.922475992407065 ], [ 50.094580625475707, -22.888957834505625 ], [ 49.998814460043022, -22.927264300678701 ], [ 49.90663952581405, -22.979337153132644 ], [ 49.730669196831506, -22.960782458580137 ], [ 49.673209497571897, -22.908111067592163 ], [ 49.614552721244365, -22.893147604243229 ], [ 49.625326414855557, -22.83628644351765 ], [ 49.686377345318881, -22.759074972637471 ], [ 49.662435803960712, -22.648943882389887 ], [ 49.470903473095341, -22.653732190661522 ], [ 49.327254224946316, -22.538812792142302 ], [ 49.446961931737171, -22.390375235721642 ], [ 49.437385315193907, -22.208419521399545 ], [ 49.442173623465536, -21.954639183002936 ], [ 49.557093021984755, -21.911544408558228 ], [ 49.566669638528026, -21.796625010039008 ], [ 49.566669638528026, -21.643399145346716 ], [ 49.576246255071297, -21.509326513740959 ], [ 49.743837044578491, -21.3465240325054 ], [ 49.753413661121755, -21.144218008028854 ], [ 49.729472119763585, -21.005357068151461 ], [ 49.858756443097711, -20.923955827533682 ], [ 49.892274600999151, -20.788686118860021 ], [ 49.815661668653, -20.745591344415313 ], [ 49.815661668653, -20.520540855648505 ], [ 49.710318886677051, -20.434351306759091 ], [ 49.604976104701102, -20.309855291696604 ], [ 49.628917646059271, -20.194935893177384 ], [ 49.748625352850127, -20.065651569843261 ], [ 49.806085052109736, -19.97946202095385 ], [ 49.810873360381365, -19.83102446453319 ], [ 49.916216142357321, -19.826236156261555 ], [ 50.011982307789999, -19.850177697619728 ], [ 49.98804076643183, -19.763988148730313 ], [ 49.892274600999151, -19.711316757742335 ], [ 49.753413661121755, -19.696951832927432 ], [ 49.719895503220322, -19.590411973883576 ], [ 49.739661448790308, -19.549232920612774 ], [ 49.777355202479932, -19.470704267092721 ], [ 49.786931819023195, -19.341419943758599 ], [ 49.734260428035221, -19.283960244498989 ], [ 49.638494262602535, -19.346208252030234 ], [ 49.58582287161456, -19.283960244498989 ], [ 49.576246255071297, -19.145099304621599 ], [ 49.523574864083322, -19.082851297090357 ], [ 49.676800728775611, -18.915260507583159 ], [ 49.686377345318881, -18.814706033878842 ], [ 49.739048736306856, -18.71893986844616 ], [ 49.858756443097711, -18.651903552643283 ], [ 49.844391518282805, -18.575290620297135 ], [ 49.743837044578491, -18.522619229309161 ], [ 49.710318886677051, -18.43164137214811 ], [ 49.739048736306856, -18.378969981160136 ], [ 49.786931819023195, -18.321510281900526 ], [ 49.75820196939339, -18.211379191652942 ], [ 49.830026593467906, -18.149131184121696 ], [ 49.921004450628956, -18.206590883381306 ], [ 50.088595240136151, -18.158707800664967 ], [ 50.155631555939024, -18.273627199184183 ], [ 50.107748473222685, -18.359816748073598 ], [ 50.155631555939024, -18.450794605234648 ], [ 50.217879563470269, -18.469947838321186 ], [ 50.232244488285176, -18.541772462395699 ], [ 50.189149713840465, -18.647115244371648 ], [ 50.189149713840465, -18.80991772560721 ], [ 50.275339262729879, -18.876954041410087 ], [ 50.323222345446219, -18.819494342150477 ], [ 50.323222345446219, -18.666268477458186 ], [ 50.442930052237074, -18.66148016918655 ], [ 50.553061142484658, -18.690210018816355 ], [ 50.62967407483081, -18.54656077066733 ], [ 50.667980541003878, -18.422064755604843 ], [ 50.811629789152903, -18.378969981160136 ], [ 50.859512871869249, -18.225744116467844 ], [ 51.022315353104808, -18.211379191652942 ], [ 51.07575195352711, -18.101368618132973 ], [ 51.113293210265859, -18.013861475448035 ], [ 51.295248924587952, -17.999496550633133 ], [ 51.405380014835536, -17.889365460385545 ], [ 51.558605879527832, -17.669103279890376 ], [ 51.726196669035026, -17.635585121988935 ] ] ], [ [ [ 47.402758071675493, -10.577279271271696 ], [ 47.463274082228899, -10.506677258959391 ], [ 47.65490811564802, -10.523487261890892 ], [ 47.67844211975212, -10.617623278307299 ], [ 47.612042608172665, -10.674357038201112 ], [ 47.620447609638418, -10.721425046409315 ], [ 47.651477410045096, -10.729927514955801 ], [ 47.73559612971922, -10.752103301759311 ], [ 47.779302137341126, -10.842877317589418 ], [ 47.843180148480833, -10.883221324625021 ], [ 47.997832175450647, -10.903393328142823 ], [ 47.96421216958764, -11.007615346318131 ], [ 47.984384173105447, -11.098389362148239 ], [ 48.007918177209547, -11.195887379150948 ], [ 47.769216135582226, -11.182439376805746 ], [ 47.667515617846625, -11.226565634500931 ], [ 47.638098112716513, -11.296747396739956 ], [ 47.506980089850806, -11.34045340436186 ], [ 47.382586068157693, -11.293385396153655 ], [ 47.332156059363193, -11.384159411983763 ], [ 47.211124038256379, -11.47157142722757 ], [ 47.080006015390666, -11.481657428986471 ], [ 46.932077989593459, -11.47157142722757 ], [ 46.985869998974259, -11.327005402016658 ], [ 47.140522025944072, -11.303471397912556 ], [ 47.227934041187879, -11.189163377978346 ], [ 47.316197737466652, -11.093147160249107 ], [ 47.352328062880993, -11.024425349249633 ], [ 47.43494262150486, -11.016312235283213 ], [ 47.480084085160399, -10.987443342800329 ], [ 47.473360083987799, -10.918522330781176 ], [ 47.459912081642599, -10.846239318175718 ], [ 47.385948068743993, -10.812619312312716 ], [ 47.409482072848093, -10.725207297068907 ], [ 47.402758071675493, -10.577279271271696 ] ] ], [ [ [ 46.958973994283859, -10.157029197984162 ], [ 47.016128004250966, -10.180563202088264 ], [ 47.044705009234498, -10.12551044248759 ], [ 47.103540019494773, -10.13685719446636 ], [ 47.115047729428724, -10.200097659586884 ], [ 47.045197797641549, -10.252485108427262 ], [ 47.027895006302998, -10.300334472975205 ], [ 46.972421996629059, -10.328491227885475 ], [ 46.832155505690658, -10.336305026571882 ], [ 46.676565945034632, -10.341939230230677 ], [ 46.673203944448332, -10.284785220263572 ], [ 46.772783063671554, -10.280425081142138 ], [ 46.877557961352323, -10.269947591374059 ], [ 46.958973994283859, -10.157029197984162 ] ] ], [ [ [ 44.681218597065417, -10.829849565317497 ], [ 44.740562466432024, -10.84273853773502 ], [ 44.820741621396877, -10.851702569128449 ], [ 44.820889887987271, -10.919573462700914 ], [ 44.894705634295484, -10.982820591994161 ], [ 44.889662633416037, -11.053422604306466 ], [ 44.879576631657137, -11.147558620722874 ], [ 44.864447629018784, -11.263547640950232 ], [ 44.817379620810577, -11.191264628344777 ], [ 44.775354613481824, -11.108895613980421 ], [ 44.687942598238017, -11.078637608703717 ], [ 44.672813595599671, -11.048379603427016 ], [ 44.704752601169517, -11.026526599616064 ], [ 44.701390600583217, -10.974415590528409 ], [ 44.676175596185971, -10.905494578509254 ], [ 44.681218597065417, -10.829849565317497 ] ] ], [ [ [ 39.164069918402809, -10.259196229536549 ], [ 39.243815398289357, -10.263825321625996 ], [ 39.275247867593585, -10.246362838679206 ], [ 39.292710350540382, -10.242870342089846 ], [ 39.348419786860724, -10.299896849845439 ], [ 39.415456102663605, -10.326232545339428 ], [ 39.448974260565045, -10.369327319784135 ], [ 39.45376256883668, -10.426787019043745 ], [ 39.532769655318639, -10.453122714537733 ], [ 39.575602574278442, -10.515285076059834 ], [ 39.624497526529467, -10.522270069238546 ], [ 39.662053978652764, -10.546494725834599 ], [ 39.647689053837858, -10.623107658180745 ], [ 39.659422492423055, -10.668954925991615 ], [ 39.652437499244343, -10.700387395295843 ], [ 39.616565050072239, -10.733238748428331 ], [ 39.561499504948443, -10.656625816082185 ], [ 39.505752642491267, -10.595612497615081 ], [ 39.425425220936013, -10.560687531721493 ], [ 39.373037772095635, -10.480360110166247 ], [ 39.317295783095105, -10.498611643118258 ], [ 39.259836083835495, -10.481852564167538 ], [ 39.262230237971309, -10.417210402500476 ], [ 39.212382928985129, -10.365107722717399 ], [ 39.164069918402809, -10.259196229536549 ] ] ], [ [ [ 38.662494626949133, -9.573271069624957 ], [ 38.655312164541684, -9.633124923020382 ], [ 38.626582314911879, -9.671431389193456 ], [ 38.547575228429913, -9.669037235057639 ], [ 38.470025916629481, -9.72691321092989 ], [ 38.408714288552524, -9.762409246354505 ], [ 38.351281032591281, -9.765330673412837 ], [ 38.289006581761669, -9.748044321539602 ], [ 38.260476121267949, -9.712943224572459 ], [ 38.317736431391474, -9.69297877641581 ], [ 38.368743515538071, -9.653570782553356 ], [ 38.437444138182329, -9.587635994439859 ], [ 38.490115529170303, -9.527782141044431 ], [ 38.583487540467168, -9.544541219995152 ], [ 38.662494626949133, -9.573271069624957 ] ] ], [ [ [ 38.061561938859043, -9.834233870429017 ], [ 38.144962395155176, -9.832889011964713 ], [ 38.193857347406194, -9.888768957394458 ], [ 38.193857347406194, -9.958618889181633 ], [ 38.133386562933559, -10.028160355430201 ], [ 38.103052436082862, -10.01100633802201 ], [ 38.111839175711204, -9.941970806540786 ], [ 38.066350247130678, -9.918029265182616 ], [ 38.061561938859043, -9.834233870429017 ] ] ], [ [ [ 38.166904720834999, -10.271167000215634 ], [ 38.209999495279703, -10.254407921264916 ], [ 38.245911807316958, -10.28313777089472 ], [ 38.334495510342194, -10.285531925030536 ], [ 38.310048034216685, -10.36236684999643 ], [ 38.243690599018869, -10.425231788604886 ], [ 38.233213109250791, -10.467141747677193 ], [ 38.14296317947683, -10.486640872439171 ], [ 38.090291788488848, -10.460305176945184 ], [ 38.0687444012665, -10.419604556636294 ], [ 38.130992408797738, -10.393268861142305 ], [ 38.159722258427543, -10.347779932561782 ], [ 38.166904720834999, -10.271167000215634 ] ] ], [ [ [ 31.599472604439669, -9.291855323000027 ], [ 32.116137273871423, -9.457791421211686 ], [ 31.999227750131393, -9.487961620886532 ], [ 31.935116075822343, -9.604871144626564 ], [ 31.857352444521947, -9.620621706357289 ], [ 31.886089501350714, -9.782121067716291 ], [ 31.814435277122953, -9.940514616009237 ], [ 31.720153403139058, -10.019711390155711 ], [ 31.689983203464209, -10.117764539098964 ], [ 31.577952717373243, -10.165451174297266 ], [ 31.361417928832996, -10.200376140190853 ], [ 31.293999332731843, -10.321413386904181 ], [ 31.180861083951168, -10.283700637310622 ], [ 31.037552635495643, -10.313870836985469 ], [ 31.063951560211134, -10.396838886091299 ], [ 30.998198283539679, -10.444850901445966 ], [ 30.924414386714968, -10.491120760075196 ], [ 30.867845262324629, -10.562774984302957 ], [ 30.882930362162053, -10.657056858286854 ], [ 30.788648488178154, -10.668370683164921 ], [ 30.683052789316193, -10.653285583327499 ], [ 30.626483664925853, -10.592945183977804 ], [ 30.675510239397479, -10.506205859912619 ], [ 30.713222988991038, -10.351583586579029 ], [ 30.686824064275548, -10.245987887717064 ], [ 30.637797489803919, -10.223360237960929 ], [ 30.637797489803919, -10.166791113570589 ], [ 30.698137889153614, -10.144163463814454 ], [ 30.71181356321226, -10.074646262973934 ], [ 30.645340039722633, -10.000855015358932 ], [ 30.641568764763278, -9.906573141375034 ], [ 30.784877213218799, -9.910344416334391 ], [ 30.875387812243339, -9.997083740399576 ], [ 30.943270761511748, -9.963142265765374 ], [ 31.060180285251779, -10.046110314871202 ], [ 31.139377059398253, -10.049881589830559 ], [ 31.192174908829234, -9.997083740399576 ], [ 31.493876905577704, -9.955599715846661 ], [ 31.591930054520958, -9.797206167553714 ], [ 31.686211928504854, -9.793434892594359 ], [ 31.731622567305028, -9.641576685893446 ], [ 31.682440653545498, -9.570929669992362 ], [ 31.737591350538644, -9.472920639659113 ], [ 31.599472604439669, -9.291855323000027 ] ] ], [ [ [ 31.570967724194524, -9.690471638144457 ], [ 31.51858027535414, -9.718411610859325 ], [ 31.483655309460552, -9.767306563110351 ], [ 31.389357901547868, -9.756829073342272 ], [ 31.473177819692477, -9.686979141555097 ], [ 31.570967724194524, -9.690471638144457 ] ] ], [ [ [ 31.203488733707303, -9.661440269016902 ], [ 31.131834509479539, -9.627498794382699 ], [ 31.075265385089203, -9.657668994057547 ], [ 30.984228297182248, -9.686979141555097 ], [ 30.901786736958833, -9.684067918773039 ], [ 30.871616537283984, -9.631270069342056 ], [ 30.958355861349169, -9.582243494870429 ], [ 31.045095185414354, -9.529445645439447 ], [ 31.116943167577883, -9.526324298444591 ], [ 31.244972758260218, -9.533216920398804 ], [ 31.203488733707303, -9.661440269016902 ] ] ], [ [ [ 31.309084432569268, -10.460950560400349 ], [ 31.376967381837673, -10.472264385278416 ], [ 31.392052481675094, -10.574088809181024 ], [ 31.493876905577704, -10.641971758449431 ], [ 31.354339732081538, -10.721168532595904 ], [ 31.350568457122183, -10.830535506417224 ], [ 31.298552990224536, -10.856965498990304 ], [ 31.207748078901211, -10.926815430777479 ], [ 31.146919609316964, -10.958758855035324 ], [ 30.999839885902084, -10.947445030157256 ], [ 31.105435584764049, -10.890875905766919 ], [ 31.214733072079927, -10.829025526275428 ], [ 31.177089808991809, -10.736253632433327 ], [ 31.248744033219573, -10.675913233083634 ], [ 31.282685507853774, -10.585402634059092 ], [ 31.309084432569268, -10.460950560400349 ] ] ], [ [ [ 28.171619371070221, -3.969643536609024 ], [ 28.291314082077797, -3.879607903236007 ], [ 28.417043959294716, -3.79928048168076 ], [ 28.518326360386119, -3.802772978270119 ], [ 28.563831966843235, -3.781079788641229 ], [ 28.609087266355505, -3.709425564413467 ], [ 28.620401091233571, -3.622686240348281 ], [ 28.680741490583266, -3.569888390917299 ], [ 28.77879463952652, -3.573659665876654 ], [ 28.83536376391686, -3.517090541486316 ], [ 28.839135038876215, -3.44920759221791 ], [ 28.948502012697535, -3.419037392543063 ], [ 29.077125814683527, -3.362718408010913 ], [ 29.146975746470702, -3.418598353440643 ], [ 29.063155828326096, -3.470985802281027 ], [ 29.052678338558017, -3.537343237478851 ], [ 29.057868986518855, -3.588744765714078 ], [ 29.057868986518855, -3.664170264901196 ], [ 28.959815837575604, -3.698111739535399 ], [ 28.827821213998146, -3.72451066425089 ], [ 28.724383659158288, -3.729430549893525 ], [ 28.699597865380046, -3.837648913031567 ], [ 28.68828404050198, -3.916845687178041 ], [ 28.552518141965166, -4.014898836121295 ], [ 28.465778817899981, -3.999813736283871 ], [ 28.427521449062791, -3.893577889593445 ], [ 28.364656510454335, -3.900562882772163 ], [ 28.326241644403812, -3.965872261649668 ], [ 28.245911626416131, -3.980890304327416 ], [ 28.171619371070221, -3.969643536609024 ] ] ], [ [ [ 36.200137077674334, 14.415539165772786 ], [ 36.36724149304591, 14.435432548555116 ], [ 36.625855469216198, 14.463283284450378 ], [ 36.709062990248192, 14.423287294458911 ], [ 36.91232018128175, 14.419517842329252 ], [ 36.999851065524005, 14.363816370538729 ], [ 37.079267628720224, 14.332482383135586 ], [ 37.218967492294581, 14.30803490701007 ], [ 37.320249893385984, 14.245169968401614 ], [ 37.438994777424185, 14.231199982044176 ], [ 37.543769675104947, 14.266124947937763 ], [ 37.589172130766613, 14.325497389956867 ], [ 37.640417991115037, 14.339944311199933 ], [ 37.560844459985717, 14.423496518885718 ], [ 37.485249605412861, 14.503070050015038 ], [ 37.345995925936549, 14.542856815579698 ], [ 37.313264900207265, 14.594419627337489 ], [ 37.310187836928357, 14.646302406047814 ], [ 37.230614305799037, 14.690067848168942 ], [ 37.282337101033093, 14.737811966846534 ], [ 37.421590780509405, 14.749747996515932 ], [ 37.529799688747516, 14.681732042071461 ], [ 37.640417991115037, 14.68211049505601 ], [ 37.628481961445637, 14.554792845249096 ], [ 37.73590622847022, 14.507048726571504 ], [ 37.835373142381869, 14.419517842329252 ], [ 37.798721926128138, 14.30803490701007 ], [ 37.831394465825404, 14.180797248941291 ], [ 37.950754762519381, 14.164882542715427 ], [ 37.938818732849988, 14.001756803900321 ], [ 38.058179029543965, 13.830673711972281 ], [ 37.712034169131421, 13.826695035415815 ], [ 37.592673872437445, 13.882396507206339 ], [ 37.50884470921136, 13.937830268538038 ], [ 37.381804014944741, 13.981863421117991 ], [ 37.313264900207265, 14.018157690093291 ], [ 37.232937478652012, 14.021650186682651 ], [ 37.065297642362793, 14.164842546846353 ], [ 36.915120289020365, 14.175320036614432 ], [ 36.771927928856648, 14.231199982044176 ], [ 36.698585500480121, 14.30803490701007 ], [ 36.607780589156789, 14.32898988654622 ], [ 36.327454727481246, 14.308114898748203 ], [ 36.200137077674334, 14.415539165772786 ] ] ], [ [ [ 36.713386353458453, 14.733833290290072 ], [ 36.733279736240789, 14.777598732411198 ], [ 36.862849812244022, 14.747098627172115 ], [ 36.987915035854613, 14.74576931995947 ], [ 36.936192240620557, 14.642323729491352 ], [ 36.844682679821837, 14.638345052934886 ], [ 36.713386353458453, 14.733833290290072 ] ] ], [ [ [ 37.899031967285325, 15.123743592823738 ], [ 37.936829394571753, 15.161541020110164 ], [ 37.996509542918744, 15.179445064614262 ], [ 38.038990296237031, 15.139756780950687 ], [ 38.068125720935129, 15.079978150702612 ], [ 38.095976456830392, 15.016319325799156 ], [ 38.113880501334492, 14.96061785400863 ], [ 38.16361395829032, 14.9407244712263 ], [ 38.1856751529901, 14.867342046980706 ], [ 38.185496679350877, 14.757705349628864 ], [ 38.091377745077409, 14.72065719022763 ], [ 38.091377745077409, 14.664777244797893 ], [ 38.042482792826384, 14.619374789136227 ], [ 37.996509542918744, 14.66221711227368 ], [ 38.018035316700875, 14.692717217512762 ], [ 38.052960282594462, 14.783522128836086 ], [ 38.020381602257537, 14.839268219036418 ], [ 38.030328293648708, 14.86711895493168 ], [ 38.052211014709265, 14.90093770566164 ], [ 38.064147044378664, 14.950671162617466 ], [ 38.014542820111515, 15.003549413965697 ], [ 37.952744100797617, 15.03223403202502 ], [ 37.899031967285325, 15.123743592823738 ] ] ], [ [ [ 54.189781274790796, -10.24363422765374 ], [ 54.347795447754727, -10.238845919382106 ], [ 54.433984996644142, -10.253210844197008 ], [ 54.390890222199431, -10.363341934444593 ], [ 54.429151299424753, -10.48195214474652 ], [ 54.381313605656167, -10.559662573581594 ], [ 54.290335748495117, -10.583604114939765 ], [ 54.156263116889356, -10.583604114939765 ], [ 54.132321575531186, -10.511779490865253 ], [ 54.189781274790796, -10.24363422765374 ] ] ] ] } }
]
}
