{
"type": "FeatureCollection",
"name": "got_mountains",
"features": [
{ "type": "Feature", "properties": { "id": 1, "name": "Mountains of the Moon", "size": 4, "continent": "Westeros", "height": 3 }, "geometry": { "type": "MultiLineString", "coordinates": [ [ [ 23.044057628847366, 9.462391615027322 ], [ 22.869954038158362, 9.60900516508122 ], [ 22.714203404407883, 9.581823497236481 ], [ 22.503420163023616, 9.718965327621644 ], [ 22.363707807495722, 9.83346136168624 ], [ 22.471552606545615, 10.013202693436066 ] ], [ [ 19.259595368081101, 10.112989243391498 ], [ 19.442862305648472, 10.507013159161351 ], [ 19.607802549459109, 10.726933484242201 ] ], [ [ 19.983499771472193, 11.211445450435951 ], [ 20.185093402796305, 11.000688472233472 ], [ 20.340870299728572, 10.991525125355103 ], [ 20.542463931052684, 10.886146636253862 ] ], [ [ 18.352424027122598, 10.708606790485463 ], [ 18.370750720879336, 10.928527115566311 ], [ 18.306607292730757, 11.093467359376948 ], [ 18.217264660666629, 11.179373736361661 ], [ 18.226428007545, 11.303078919219638 ], [ 18.105013661406645, 11.450837887633327 ], [ 18.194356293470708, 11.660449447476017 ] ], [ [ 17.381109258015517, 11.881515190916655 ], [ 17.463579379920837, 12.147252250389347 ], [ 17.720153092515158, 12.367172575470194 ] ], [ [ 20.324834442691429, 9.138238219205036 ], [ 20.434794605231851, 9.564333849049179 ], [ 20.179850626735323, 9.626758830173939 ], [ 20.132404158245684, 9.843815928839424 ], [ 20.089979960860411, 10.067125092961014 ], [ 20.188837693322814, 10.30977589082328 ], [ 20.386553158247626, 10.426607756460667 ] ], [ [ 19.589475855702339, 12.077381730441793 ], [ 19.456607325965994, 12.017819975732396 ], [ 19.236687000885144, 12.100290097637714 ], [ 19.103818471148799, 11.930768180387894 ], [ 18.894700104724063, 11.936434943159213 ], [ 18.73293290614922, 12.107189208321548 ], [ 18.553191574399392, 12.04427974220911 ] ], [ [ 16.917545455475967, 12.143137474671514 ], [ 17.052351454288338, 12.313891739833849 ], [ 17.088299720638304, 12.65540027015852 ], [ 17.205131586275691, 12.709322669683468 ], [ 17.277028118975622, 12.916025201195769 ], [ 17.420821184375484, 12.925012267783261 ], [ 17.52866598342538, 13.140701865883052 ], [ 17.681446115412733, 13.149688932470545 ], [ 17.816252114225101, 13.302469064457897 ], [ 17.978019312799947, 13.185637198820508 ], [ 18.166747711137265, 13.302469064457897 ], [ 18.427372642174511, 13.284494931282914 ], [ 18.607113973924339, 13.491197462795215 ], [ 18.838081411676107, 13.608806077489159 ], [ 19.053420063317773, 13.723347913468768 ], [ 19.342065489986386, 13.741674607225505 ] ], [ [ 18.091268641089059, 13.915778197914511 ], [ 17.848439948812288, 13.947849911988801 ], [ 17.49106942055591, 13.957013258867169 ], [ 17.295002252150603, 13.825965693179263 ], [ 17.124535545421164, 13.814981382252455 ], [ 16.944506655238442, 13.610276095079472 ], [ 16.744256649968861, 13.63171444468508 ] ], [ [ 16.446447876421882, 12.486296084888995 ], [ 16.547244692083936, 12.69247138965229 ], [ 16.692868790788683, 12.801440102205252 ], [ 16.701855857376174, 12.927259034430129 ], [ 16.647933457851227, 12.99915556713006 ], [ 16.585023991738787, 13.160922765704905 ], [ 16.432243859751434, 13.187883965467378 ], [ 16.540088658801331, 13.448508896504627 ], [ 16.744256649968861, 13.63171444468508 ], [ 16.504140392451365, 13.736095027304351 ], [ 16.279463727764082, 13.673185561191911 ], [ 16.099722396014254, 13.763056227066825 ], [ 16.144657728951714, 13.879888092704212 ], [ 16.144657728951714, 13.960771691991635 ], [ 16.270476661176591, 14.095577690804005 ], [ 16.099722396014254, 14.158487156916443 ], [ 16.072761196251783, 14.293293155728813 ], [ 16.108709462601748, 14.40113795477871 ], [ 16.036812929901817, 14.607840486291011 ], [ 16.234528394826626, 14.715685285340907 ], [ 16.234528394826626, 14.886439550503242 ], [ 16.351360260464013, 14.931374883440698 ], [ 16.369334393638997, 15.057193815665578 ], [ 16.207567195064151, 15.102129148603034 ], [ 16.162631862126695, 15.317818746702827 ], [ 15.830110398389515, 15.20098688106544 ] ], [ [ 16.583898079597411, 15.365877841416355 ], [ 16.955013628171343, 15.306316086706959 ], [ 17.115372198542794, 15.013088986599161 ], [ 17.211587340765664, 14.619065070829308 ] ], [ [ 20.290471891897546, 12.637491308382078 ], [ 20.423340421633892, 12.807013225631898 ], [ 20.606736289641162, 13.071052099829991 ], [ 20.84938708750343, 13.277754631342292 ], [ 21.226843884178066, 13.205858098642361 ], [ 21.478481748627821, 13.304715831104767 ], [ 21.550378281327752, 13.475470096267102 ], [ 21.694171346727614, 13.394586496979679 ], [ 21.837964412127477, 13.430534763329645 ], [ 21.918848011414898, 13.565340762142014 ], [ 22.107576409752216, 13.610276095079472 ], [ 22.296304808089534, 13.583314895316997 ], [ 22.422123740314415, 13.655211428016928 ], [ 22.440097873489396, 13.790017426829298 ], [ 22.574903872301768, 13.825965693179263 ], [ 22.66477453817668, 13.93381049222916 ], [ 22.736671070876611, 14.122538890566478 ], [ 23.015270135088841, 14.077603557629022 ], [ 23.203998533426159, 14.122538890566478 ], [ 23.320830399063549, 14.221396623028882 ], [ 23.545507063750833, 14.212409556441392 ], [ 23.707274262325676, 14.302280222316305 ], [ 23.860054394313028, 14.185448356678918 ] ], [ [ 17.818617832378742, 15.223309166408066 ], [ 18.229577493350565, 15.001865765654209 ], [ 18.483306722776508, 15.156093336481744 ], [ 18.67163582901382, 15.11420221335009 ], [ 18.889849735129772, 15.25306560815115 ], [ 18.998956688187747, 15.401847816866571 ], [ 19.197332966474974, 15.401847816866571 ], [ 19.405628058676566, 15.560548839496354 ], [ 19.564329081306347, 15.421685444695294 ] ], [ [ 21.339796771977039, 15.719249862126135 ], [ 21.577848305921709, 16.016814279556979 ], [ 21.865493909438189, 16.046570721300061 ], [ 22.252327652098284, 16.165596488272399 ], [ 22.391191046899344, 16.31437869698782 ], [ 22.667351466839619, 16.541653932464591 ], [ 22.985756774354527, 16.521753600744908 ], [ 23.299186998939515, 16.874984488769261 ] ], [ [ 22.936005945055324, 15.86379888326293 ], [ 23.304162081869435, 16.072752366319591 ], [ 23.637492638174109, 16.1971294395676 ], [ 23.871321535880369, 16.50060949829275 ], [ 24.025549106707903, 16.510559664152591 ] ], [ [ 18.310540776537124, 12.907038134608278 ], [ 18.031941712324894, 12.9879217338957 ], [ 17.933083979862488, 12.799193335558382 ], [ 17.762329714700154, 12.745270936033434 ], [ 17.74435558152517, 12.547555471108623 ], [ 17.942071046449982, 12.511607204758658 ], [ 17.995993445974928, 12.331865873008832 ], [ 18.166747711137265, 12.295917606658866 ], [ 18.328514909712109, 12.304904673246357 ], [ 18.40939850899953, 12.125163341496531 ], [ 18.553191574399392, 12.04427974220911 ], [ 18.786855305674166, 11.307340282034819 ], [ 18.987925109726579, 11.499017606237111 ], [ 19.173299168936293, 11.352275614972276 ], [ 19.272156901398699, 11.028741217822587 ], [ 19.433924099973542, 11.10962481711001 ], [ 19.505820632673473, 10.929883485360183 ], [ 19.694549031010791, 11.028741217822587 ], [ 20.00909636157299, 10.77710335337283 ], [ 20.152889426972852, 10.57938788844802 ], [ 20.386553158247626, 10.426607756460667 ], [ 20.656165155872365, 10.282814691060807 ], [ 20.907803020322124, 10.435594823048159 ], [ 21.132479685009407, 10.273827624473315 ], [ 21.393104616046656, 10.246866424710841 ], [ 21.581833014383975, 10.363698290348228 ], [ 21.842457945421224, 10.165982825423418 ], [ 21.968276877646101, 10.201931091773384 ], [ 22.058147543521013, 10.094086292723489 ], [ 22.282824208208297, 10.219905224948366 ], [ 22.471552606545615, 10.013202693436066 ], [ 22.642306871707952, 10.013202693436066 ], [ 23.001789535207607, 10.148008692248435 ], [ 23.316336865769802, 9.950293227323627 ], [ 23.451142864582174, 9.941306160736135 ], [ 23.585948863394542, 9.824474295098748 ] ], [ [ 21.671703680258886, 9.105508968099441 ], [ 21.402091682634147, 9.402082165486656 ], [ 21.159440884771879, 9.402082165486656 ], [ 21.23133741747181, 9.572836430648991 ], [ 21.186402084534354, 9.707642429461361 ], [ 21.033621952547001, 9.788526028748782 ], [ 21.195389151121844, 9.986241493673592 ], [ 21.051596085721982, 10.103073359310979 ], [ 20.907803020322124, 10.435594823048159 ] ], [ [ 18.818310038730385, 12.828401301967725 ], [ 19.123870302705093, 12.909284901255146 ], [ 19.303611634454917, 12.774478902442777 ], [ 19.366521100567358, 12.801440102205252 ], [ 19.690055497717047, 12.801440102205252 ], [ 19.78891323017945, 12.585750504105459 ] ], [ [ 21.676197213552634, 13.960771691991635 ], [ 21.981757477527339, 14.032668224691564 ], [ 22.224408275389603, 13.942797558816652 ], [ 22.39516254055194, 13.942797558816652 ], [ 22.736671070876611, 14.122538890566478 ] ], [ [ 19.995615761691752, 13.781030360241807 ], [ 19.914732162404331, 13.60128902849198 ], [ 19.968654561929277, 13.475470096267102 ], [ 20.112447627329139, 13.475470096267102 ], [ 20.157382960266595, 13.394586496979679 ], [ 20.229279492966526, 13.33167703086724 ], [ 20.258646055311647, 13.156476317003005 ] ], [ [ 17.61032274017715, 14.300859472372457 ], [ 17.878130715864909, 14.509154564574045 ], [ 18.16577631938139, 14.360372355858624 ], [ 18.334396155925532, 14.499235750659684 ], [ 18.593633374043101, 14.538190720237951 ], [ 18.890206571430316, 14.601100186350392 ], [ 19.123870302705093, 14.493255387300495 ], [ 19.348546967392377, 14.529203653650461 ], [ 19.555249498904676, 14.403384721425581 ], [ 19.797900296766944, 14.475281254125512 ], [ 20.076499360979174, 14.45730712095053 ], [ 20.292188959078967, 14.538190720237951 ], [ 20.624710422816147, 14.475281254125512 ], [ 20.822425887740955, 14.556164853412934 ], [ 21.101024951953185, 14.574138986587917 ] ], [ [ 17.441702903633008, 15.600224095153798 ], [ 17.659916809748957, 15.689493420383052 ], [ 17.689673251492042, 15.590305281239438 ], [ 17.808699018464381, 15.580386467325077 ], [ 17.818617832378742, 15.39192900295221 ], [ 17.699592065406403, 15.262984422065511 ], [ 17.818617832378742, 15.223309166408066 ], [ 17.818617832378742, 14.945582376805946 ], [ 17.729348507149489, 14.826556609833609 ], [ 17.937643599351077, 14.846394237662333 ], [ 18.036831738494691, 14.707530842861273 ], [ 18.215370388953197, 14.767043726347442 ], [ 18.393909039411703, 14.697612028946912 ], [ 18.593633374043101, 14.538190720237951 ] ], [ [ 18.890206571430316, 14.601100186350392 ], [ 19.266764663875506, 14.866231865491056 ], [ 19.435384500419648, 14.776962540261803 ], [ 19.723030103936129, 14.886069493319779 ], [ 19.951162823966442, 14.895988307234139 ], [ 20.090026218767502, 15.124121027264453 ], [ 20.218970799654198, 15.143958655093174 ], [ 20.228889613568562, 15.332416119466041 ], [ 20.129701474424948, 15.491117142095824 ], [ 20.328077752712176, 15.620061722982522 ], [ 20.496697589256318, 15.590305281239438 ], [ 20.843856076258966, 15.768843931697942 ], [ 21.191014563261614, 15.739087489954859 ] ], [ [ 21.171176935432893, 14.667855587203828 ], [ 21.23068981891906, 14.826556609833609 ], [ 21.35963439980576, 14.856313051576695 ], [ 21.468741352863734, 14.97533881854903 ], [ 21.49849779460682, 15.10428339943573 ], [ 21.766305770294576, 15.153877469007536 ], [ 21.895250351181275, 15.372091375123487 ], [ 22.242408838183923, 15.441523072524017 ], [ 22.56972969735785, 15.679574606468691 ], [ 22.817700045216885, 15.600224095153798 ], [ 23.095426834819005, 15.689493420383052 ], [ 23.234290229620065, 15.798600373441028 ], [ 23.49217939139346, 15.649818164725605 ] ], [ [ 23.680636855766327, 15.610142909068161 ], [ 23.759987367081219, 15.768843931697942 ], [ 23.988120087111529, 15.858113256927195 ], [ 24.007957714940254, 15.957301396070809 ], [ 24.345197388028541, 16.135840046529314 ], [ 24.543573666315769, 16.195352930015481 ], [ 24.583248921973215, 16.324297510902181 ], [ 24.69235587503119, 16.354053952645266 ] ], [ [ 19.395709244762202, 16.235028185672927 ], [ 19.187414152560613, 16.274703441330374 ], [ 18.969200246444665, 16.086245976957507 ], [ 18.721229898585626, 16.076327163043146 ], [ 18.512934806384038, 15.778762745612305 ], [ 18.284802086353725, 15.788681559526665 ], [ 18.245126830696282, 15.600224095153798 ], [ 18.046750552409051, 15.520873583838908 ], [ 17.808699018464381, 15.580386467325077 ] ], [ [ 19.51473501173454, 16.393729208302712 ], [ 19.772624173507936, 16.532592603103769 ], [ 19.921406382223356, 16.344135138730906 ], [ 20.060269777024416, 16.354053952645266 ], [ 20.268564869226005, 16.334216324816541 ], [ 20.407428264027065, 16.215190557844206 ], [ 20.605804542314292, 16.344135138730906 ], [ 20.903368959745137, 16.17551530218676 ], [ 21.151339307604172, 16.393729208302712 ], [ 21.35963439980576, 16.393729208302712 ], [ 21.478660166778095, 16.542511417018133 ], [ 21.786143398123301, 16.473079719617601 ], [ 21.925006792924361, 16.621861928333022 ], [ 21.954763234667443, 16.790481764877168 ] ], [ [ 21.022394726717472, 16.59210548658994 ], [ 21.399309655463206, 16.800400578791528 ], [ 21.696874072894047, 16.770644137048443 ], [ 21.954763234667443, 16.790481764877168 ], [ 22.15313951295467, 16.810319392705889 ], [ 22.56972969735785, 17.10788381013673 ], [ 22.787943603473799, 17.117802624051095 ], [ 23.025995137418473, 17.37569178582449 ], [ 23.204533787876979, 17.474879924968103 ], [ 23.571529902708352, 17.603824505854803 ] ], [ [ 20.853774890173327, 17.048370926650563 ], [ 20.57604810057121, 16.978939229250035 ], [ 20.546291658828125, 16.800400578791528 ], [ 20.318158938797811, 16.800400578791528 ], [ 20.109863846596223, 16.602024300504301 ], [ 19.772624173507936, 16.532592603103769 ] ] ] } },
{ "type": "Feature", "properties": { "id": 2, "name": "Mother of Mountains", "size": 1, "continent": "Essos", "height": 3 }, "geometry": { "type": "MultiLineString", "coordinates": [ [ [ 78.67891381136333, 7.520976790392356 ], [ 78.962006408869314, 7.974823653060669 ], [ 79.195670140144088, 8.073681385523074 ], [ 79.325982605662702, 8.325319249972832 ], [ 79.521523316125595, 8.480873090987727 ], [ 79.894414567321533, 8.069187852229328 ], [ 80.186494231414997, 8.033239585879363 ], [ 80.963875491232997, 7.664769855792218 ] ] ] } },
{ "type": "Feature", "properties": { "id": 3, "name": null, "size": 3, "continent": "Westeros", "height": 3 }, "geometry": { "type": "MultiLineString", "coordinates": [ [ [ 14.199760320114999, 34.109915528746221 ], [ 14.478364964190545, 34.070114865306856 ], [ 14.617667286228324, 33.837529738333068 ], [ 14.906222096163704, 33.791510221231313 ], [ 15.065424749921158, 33.602457069894335 ], [ 15.150001159729809, 33.38852850390775 ], [ 15.331475243352619, 33.318945301421138 ] ], [ [ 15.821637355269068, 32.557689654611039 ], [ 15.657459618581697, 32.716892308368486 ], [ 15.478356633104561, 32.74674280594801 ], [ 15.2942785646975, 32.89599529384563 ], [ 15.133098965065392, 32.951949186589765 ] ], [ [ 16.264419736031993, 32.881070045055864 ], [ 16.135067579854059, 33.035297615883394 ], [ 16.169893160363504, 33.189525186710931 ], [ 16.005715423676129, 33.328827508748702 ] ], [ [ 13.657476280753672, 32.005455449389864 ], [ 13.951006173618978, 32.179583351937083 ], [ 14.294286895783491, 32.229334181236283 ], [ 14.657467949667684, 32.114907273848118 ], [ 14.960948008392833, 31.896003624931616 ], [ 14.841546018074741, 31.697000307734797 ], [ 14.891296847373946, 31.597498649136387 ], [ 14.954560314606885, 31.419492436820935 ] ], [ [ 15.559607963382931, 33.963668205854631 ], [ 15.25447790125814, 34.152203733650538 ], [ 14.984316756349969, 34.112450414570048 ], [ 14.82164568635506, 34.356182133777281 ], [ 14.607401827604237, 34.360420762429086 ], [ 14.473389881260628, 34.525334953394577 ], [ 14.652492866737765, 34.694487773011872 ], [ 14.647517783807844, 34.918366504858291 ] ], [ [ 13.923003667513301, 28.255390798139647 ], [ 13.734546203140434, 28.513279959913046 ], [ 13.972597737085108, 28.543036401656128 ], [ 13.992435364913829, 28.830682005172608 ], [ 13.833734342284048, 28.880276074744415 ], [ 13.942841295342022, 29.058814725202922 ], [ 14.131298759714889, 29.12824642260345 ], [ 13.962678923170746, 29.396054398291209 ], [ 13.784140272712241, 29.435729653948655 ], [ 13.952760109256385, 29.693618815722051 ], [ 14.121379945800529, 29.812644582694386 ], [ 14.379269107573924, 29.931670349666724 ], [ 14.389187921488286, 30.159803069697038 ], [ 14.567726571946791, 30.179640697525759 ], [ 14.656995897176044, 30.318504092326819 ], [ 14.835534547634548, 30.348260534069901 ], [ 14.845453361548911, 30.4772051149566 ], [ 14.756184036319658, 30.566474440185853 ], [ 14.766102850234018, 30.774769532387442 ], [ 14.567726571946791, 30.943389368931587 ], [ 14.547888944118068, 31.072333949818283 ], [ 14.686752338919128, 31.240953786362429 ], [ 14.895047431120718, 31.240953786362429 ], [ 14.954560314606885, 31.419492436820935 ], [ 15.212449476380282, 31.598031087279438 ], [ 15.381069312924426, 31.379817181163489 ], [ 15.589364405126014, 31.429411250735296 ], [ 15.529851521639847, 31.211197344619343 ], [ 15.68855254426963, 31.211197344619343 ], [ 15.629039660783461, 30.923551741102862 ], [ 15.748065427755797, 30.933470555017227 ], [ 15.946441706043025, 30.725175462815635 ] ], [ [ 16.33327544870312, 31.102090391561369 ], [ 16.025792217357917, 31.290547855934236 ], [ 15.797659497327604, 31.300466669848596 ], [ 15.589364405126014, 31.429411250735296 ] ], [ [ 12.891447020419715, 31.002902252417755 ], [ 13.060066856963859, 31.03265869416084 ], [ 13.198930251764919, 30.963226996760309 ], [ 13.486575855281398, 31.062415135903922 ], [ 13.56592636659629, 30.88387648544542 ], [ 13.962678923170746, 30.88387648544542 ], [ 14.161055201457973, 31.03265869416084 ], [ 14.299918596259033, 30.973145810674669 ], [ 14.547888944118068, 31.072333949818283 ] ], [ [ 13.020391601306413, 29.515080165263544 ], [ 13.198930251764919, 29.733294071379497 ], [ 13.367550088309063, 29.733294071379497 ], [ 13.56592636659629, 29.882076280094918 ], [ 13.754383830969157, 29.763050513122579 ], [ 14.121379945800529, 29.812644582694386 ] ], [ [ 17.116861747937669, 31.801366772523842 ], [ 16.730028005277575, 31.989824236896709 ], [ 16.561408168733433, 31.979905422982348 ], [ 16.462220029589819, 32.039418306468519 ], [ 16.154736798244613, 31.940230167324902 ], [ 16.065467473015364, 32.039418306468519 ], [ 15.877010008642495, 32.039418306468519 ], [ 15.787740683413244, 32.098931189954683 ], [ 15.54968914946857, 32.148525259526494 ], [ 15.381069312924426, 32.148525259526494 ], [ 15.212449476380282, 32.198119329098297 ], [ 14.984316756349969, 32.436170863042975 ], [ 14.746265222405297, 32.495683746529139 ], [ 14.617320641518598, 32.624628327415842 ], [ 14.845453361548911, 32.703978838730734 ], [ 14.924803872863802, 32.852761047446151 ], [ 15.133098965065392, 32.951949186589765 ], [ 15.103342523322306, 33.160244278791353 ], [ 15.311637615523896, 33.180081906620075 ], [ 15.331475243352619, 33.318945301421138 ], [ 15.678633730355267, 33.437971068393473 ], [ 16.005715423676129, 33.328827508748702 ], [ 16.234087309559506, 33.596672091023258 ], [ 16.541570540904708, 33.497483951879644 ], [ 16.650677493962686, 33.279270045763695 ], [ 16.878810213992995, 33.328864115335499 ], [ 16.710190377448853, 33.100731395305189 ], [ 16.819297330506828, 32.951949186589765 ], [ 16.650677493962686, 32.654384769158924 ] ] ] } },
{ "type": "Feature", "properties": { "id": 4, "name": "The Frostfangs", "size": 4, "continent": "Westeros", "height": 3 }, "geometry": { "type": "MultiLineString", "coordinates": [ [ [ 13.739505610097615, 35.029940701648471 ], [ 13.878369004898675, 35.24815460776442 ], [ 14.235446305815685, 35.387018002565476 ], [ 14.248549449018402, 35.579467382335018 ], [ 14.046988841442818, 35.585394280852704 ], [ 13.935932336320205, 35.734138900535008 ], [ 13.799018493583784, 35.684582419996318 ], [ 13.690806846575533, 35.829026186887781 ], [ 13.511372890067303, 35.704420047825046 ], [ 13.216370414811653, 35.710417078946811 ] ], [ [ 12.884264912576937, 39.090776655264463 ], [ 12.583788505793144, 39.090776655264463 ], [ 12.251683003558428, 38.861465713245252 ], [ 11.974928418362833, 38.86937298710798 ], [ 11.919577501323712, 39.003796642774418 ], [ 11.769339297931817, 39.106591202989925 ], [ 11.388746712393964, 38.913156349120953 ] ], [ [ 9.638328991925723, 41.899835694999773 ], [ 9.920762253068478, 41.970630738222859 ], [ 10.160209066865992, 42.17659028019537 ], [ 10.460685473649782, 42.057981172254401 ], [ 10.694429738388667, 42.235959010432019 ] ], [ [ 13.789647769859677, 42.146938003210131 ], [ 13.789647769859677, 41.933441608916382 ], [ 13.98732961642796, 41.751574310073565 ], [ 14.208733284584438, 41.482726998740695 ], [ 14.066402355055274, 41.364117890799726 ], [ 14.200826010721707, 41.134806948780522 ] ], [ [ 8.889205605974892, 43.537803336691958 ], [ 9.377388954455588, 43.477336830614682 ], [ 9.551348979435678, 43.421985913575561 ], [ 9.812289016905812, 43.532687747653803 ], [ 10.029869206126452, 43.547722150606319 ], [ 10.231374531630573, 43.682925951045696 ], [ 10.468592747512513, 43.63548230786931 ], [ 10.587201855453484, 43.706647772633893 ], [ 10.903492809962737, 43.825256880574862 ], [ 11.061425853220038, 43.805611312379718 ] ], [ [ 13.144376775235932, 42.94515420530886 ], [ 13.233646100465185, 43.111294338374421 ], [ 13.204509504017558, 43.483267286011724 ], [ 13.133344039252975, 43.817349606712128 ], [ 12.904033097233766, 43.777813237398476 ], [ 12.564020321136319, 44.046660548731339 ], [ 12.27935846207799, 43.83316415443759 ], [ 12.010511150745126, 44.204806025985967 ], [ 11.825174524625865, 44.142850985468002 ], [ 11.686312922373141, 44.27597149075055 ], [ 11.468097223708856, 44.145330688946594 ], [ 11.299477387164712, 44.254437642004568 ], [ 10.991994155819508, 44.115574247203504 ], [ 10.654754482731221, 44.135411875032233 ], [ 10.396865320957824, 44.393301036805624 ], [ 10.109219717441343, 44.353625781148182 ], [ 9.871168183496671, 44.532164431606688 ], [ 9.801736486096141, 44.809891221208808 ], [ 9.891005811325392, 44.948754616009865 ], [ 9.891005811325392, 45.196724963868903 ], [ 10.109219717441343, 45.147130894297092 ], [ 10.119138531355706, 45.444695311727934 ], [ 9.900924625239755, 45.335588358669959 ], [ 9.791817672181779, 45.434776497813573 ], [ 9.454577999093491, 45.375263614327409 ], [ 9.117338326005203, 45.256237847355067 ] ], [ [ 12.461225760920811, 43.145231328379964 ], [ 12.21610027117614, 43.295469531771857 ], [ 12.023550802913094, 43.28983298883292 ], [ 11.844458399627767, 43.445707735163758 ], [ 11.654683826922215, 43.184767697693623 ], [ 11.349071456736519, 43.237759215782518 ] ], [ [ 11.160613992363652, 45.662909217843882 ], [ 10.952318900162062, 45.533964636957187 ], [ 10.73744005884538, 45.580671678101218 ], [ 10.697903689531723, 45.272287997454697 ], [ 10.654754482731221, 44.978511057752947 ], [ 10.813455505361002, 44.799972407294447 ] ], [ [ 13.671038661918706, 44.892738852043593 ], [ 13.410098624448572, 45.027162507710024 ], [ 13.228231325605751, 44.924367947494517 ], [ 13.022642205174737, 44.987626138396365 ], [ 12.826974729976367, 45.0677803829822 ] ], [ [ 13.354747707409453, 45.195192077293072 ], [ 12.959384014272887, 45.211006625018534 ], [ 12.658907607489095, 45.345430280684965 ], [ 12.251683522943406, 45.206643777783263 ] ], [ [ 11.854930966368951, 45.553802264785908 ], [ 12.192378449587945, 45.701257604507873 ], [ 12.36079047600138, 45.605876037836303 ], [ 12.57192759499905, 45.661721235194221 ], [ 12.70794896300403, 45.774495874380449 ], [ 12.801238537018259, 45.985919463566205 ], [ 13.025351008263595, 45.893521641352784 ], [ 13.228231325605751, 45.906846724938887 ], [ 13.432022378752412, 46.042303850068208 ] ], [ [ 15.122023415729906, 43.801535058986666 ], [ 15.050857950965323, 43.595945938555651 ], [ 14.734566996456071, 43.445707735163758 ], [ 14.718752448730607, 43.168953149968161 ], [ 14.829454282808847, 42.994993124988071 ] ], [ [ 11.883994768941424, 46.238952227173606 ], [ 12.132657755971069, 46.250598942269797 ], [ 12.326802105254378, 46.357561335114575 ], [ 12.55916675428861, 46.290274197927239 ], [ 12.848682180194647, 46.325932239663651 ], [ 13.005513380434872, 46.260517756184157 ] ], [ [ 12.137027532548826, 39.964530417096277 ], [ 11.591425636020364, 40.15430498980183 ], [ 11.773292934863186, 40.423152301134699 ], [ 11.74166383941226, 40.858052363584925 ], [ 11.931438412117812, 41.142714222643249 ] ], [ [ 11.543981992843976, 42.115308907759207 ], [ 11.670498374647677, 42.305083480464759 ], [ 11.717942017824065, 42.605559887248546 ] ], [ [ 15.862131787770954, 36.438412277487785 ], [ 15.534810928597029, 36.55743804446012 ], [ 15.415785161624692, 36.398737021830343 ], [ 15.237246511166186, 36.31938651051545 ], [ 15.118220744193851, 36.31938651051545 ], [ 15.009113791135874, 36.249954813114918 ], [ 14.780981071105563, 36.26979244094364 ], [ 14.721468187619394, 36.378899394001621 ], [ 14.364390886702383, 36.249954813114918 ] ], [ [ 13.878369004898675, 35.982146837427159 ], [ 13.818856121412507, 36.249954813114918 ], [ 13.808937307498145, 36.428493463573425 ], [ 13.69983035444017, 36.54751923054576 ], [ 13.441941192666773, 36.587194486203209 ], [ 13.451860006581136, 36.676463811432463 ], [ 13.590723401382194, 36.765733136661716 ], [ 13.590723401382194, 36.894677717548412 ], [ 13.362590681351882, 36.924434159291494 ], [ 13.045188636092318, 37.073216368006918 ], [ 12.817055916062005, 36.944271787120215 ], [ 12.390546917744466, 36.944271787120215 ] ], [ [ 14.989276163307151, 36.954190601034576 ], [ 14.731387001533756, 37.073216368006918 ], [ 14.63219886239014, 36.983947042777665 ], [ 14.275121561473131, 36.983947042777665 ], [ 13.947800702299205, 36.904596531462772 ], [ 13.818856121412507, 36.855002461890962 ], [ 13.590723401382194, 36.894677717548412 ] ], [ [ 14.939682093735344, 36.745895508832987 ], [ 14.523091909332166, 36.805408392319158 ], [ 14.433822584102913, 36.726057881004266 ], [ 14.166014608415155, 36.745895508832987 ], [ 13.947800702299205, 36.904596531462772 ] ], [ [ 12.033469616827455, 36.497925160973956 ], [ 12.172333011628515, 36.795489578404798 ], [ 12.172333011628515, 36.934352973205854 ], [ 12.053307244656178, 37.122810437578721 ], [ 12.251683522943406, 37.15256687932181 ], [ 12.291358778600852, 37.281511460208506 ], [ 12.658354893432223, 37.410456041095202 ], [ 12.410384545573189, 37.469968924581373 ], [ 12.469897429059356, 37.668345202868601 ], [ 12.340952848172659, 37.737776900269132 ], [ 12.102901314227985, 37.777452155926575 ], [ 11.904525035940758, 38.065097759443056 ], [ 11.815255710711504, 38.015503689871245 ], [ 11.686311129824807, 38.124610642929227 ], [ 11.49785366545194, 38.094854201186138 ], [ 11.408584340222687, 38.144448270757948 ], [ 11.299477387164712, 38.352743362959536 ], [ 11.507772479366301, 38.392418618616979 ], [ 11.646635874167361, 38.471769129931872 ], [ 11.686311129824807, 38.590794896904207 ], [ 12.122738942056708, 38.610632524732935 ] ], [ [ 10.555566343587607, 37.221998576722335 ], [ 10.724186180131751, 37.331105529780309 ], [ 10.872968388847172, 37.321186715865949 ], [ 11.021750597562592, 37.400537227180841 ], [ 11.15069517844929, 37.321186715865949 ], [ 11.478016037623217, 37.479887738495734 ], [ 11.666473501996084, 37.410456041095202 ], [ 11.934281477683841, 37.549319435896265 ], [ 12.043388430741816, 37.450131296752652 ], [ 12.410384545573189, 37.469968924581373 ] ], [ [ 10.357190065300379, 36.101172604399501 ], [ 10.357190065300379, 36.388818207915982 ], [ 10.486134646187077, 36.59711330011757 ], [ 10.872968388847172, 36.845083647976601 ], [ 11.061425853220038, 36.87484008971969 ], [ 11.230045689764182, 37.10297280975 ], [ 11.56728536285247, 37.003784670606386 ], [ 11.765661641139697, 37.241836204551056 ], [ 11.934281477683841, 37.549319435896265 ] ], [ [ 12.380628103830103, 42.682305636578285 ], [ 12.321115220343936, 42.444254102633607 ], [ 12.221927081200322, 42.414497660890525 ], [ 12.221927081200322, 42.235959010432019 ], [ 12.073144872484901, 42.027663918230431 ], [ 12.083063686399262, 41.859044081686285 ], [ 11.914443849855118, 41.670586617313418 ], [ 12.21200826728596, 41.620992547741615 ], [ 12.36079047600138, 41.829287639943203 ], [ 12.469897429059356, 41.700343059056507 ], [ 12.598842009946054, 41.769774756457032 ], [ 12.618679637774777, 41.591236105998526 ], [ 12.817055916062005, 41.611073733827254 ], [ 12.836893543890728, 41.333346944225134 ], [ 12.678192521260947, 41.303590502482045 ], [ 12.70794896300403, 41.125051852023546 ], [ 12.955919310863065, 41.105214224194818 ], [ 13.065026263921041, 40.916756759821951 ], [ 13.273321356122629, 40.996107271136843 ], [ 13.332834239608799, 40.648948784134198 ], [ 13.56096695963911, 40.619192342391109 ], [ 13.590723401382194, 40.351384366703357 ], [ 13.739505610097615, 40.024063507529426 ], [ 13.739505610097615, 39.795930787499117 ] ], [ [ 12.529410312545524, 40.351384366703357 ], [ 12.826974729976367, 40.857243876335787 ], [ 12.985675752606149, 40.767974551106533 ], [ 13.273321356122629, 40.996107271136843 ] ], [ [ 13.322915425694436, 39.647148578783693 ], [ 13.154295589150292, 39.786011973584756 ], [ 12.975756938691788, 39.716580276184224 ], [ 12.688111335175307, 39.88520011272837 ], [ 12.579004382117333, 39.577716881383168 ], [ 12.321115220343936, 39.597554509211889 ], [ 12.21200826728596, 39.409097044839022 ], [ 12.043388430741816, 39.359502975267212 ], [ 11.785499268968421, 39.488447556153915 ], [ 11.656554688081721, 39.458691114410826 ], [ 11.547447735023747, 39.627310950954971 ], [ 11.249883317592905, 39.547960439640079 ], [ 10.863049574932811, 39.805849601413478 ], [ 10.912643644504618, 39.994307065786344 ], [ 11.051507039305676, 40.11333283275868 ], [ 10.962237714076425, 40.242277413645375 ], [ 10.823374319275365, 40.272033855388464 ], [ 10.803536691446642, 40.549760644990585 ], [ 10.615079227073775, 40.450572505846971 ], [ 10.535728715758884, 40.609273528476749 ], [ 10.466297018358354, 40.807649806763976 ], [ 10.605160413159414, 40.867162690250147 ], [ 10.624998040988137, 41.105214224194818 ], [ 10.803536691446642, 41.18456473550971 ], [ 10.982075341905146, 41.363103385968216 ], [ 11.041588225391315, 41.611073733827254 ], [ 11.210208061935459, 41.521804408598001 ], [ 11.349071456736519, 41.581317292084165 ], [ 11.329233828907796, 41.69042424514214 ], [ 11.210208061935459, 41.759855942542671 ], [ 11.329233828907796, 41.928475779086817 ], [ 11.081263481048762, 41.948313406915538 ], [ 10.952318900162062, 42.116933243459684 ], [ 10.724186180131751, 42.097095615630963 ], [ 10.694429738388667, 42.235959010432019 ], [ 10.972156527990785, 42.384741219147443 ], [ 11.061425853220038, 42.692224450492645 ], [ 11.230045689764182, 42.672386822663924 ], [ 11.309396201079073, 42.80133140355062 ], [ 11.299477387164712, 42.860844287036791 ], [ 11.527610107195024, 42.850925473122423 ], [ 11.597041804595554, 42.969951240094765 ], [ 11.42842196805141, 43.07905819315274 ], [ 11.349071456736519, 43.237759215782518 ], [ 11.021750597562592, 43.208002774039436 ], [ 11.230045689764182, 43.465891935812834 ], [ 11.22012687584982, 43.664268214100062 ], [ 11.061425853220038, 43.805611312379718 ], [ 11.22012687584982, 43.984149962838224 ], [ 11.299477387164712, 44.254437642004568 ] ], [ [ 9.573603766065828, 45.791853798730585 ], [ 9.990193950469006, 45.861285496131117 ], [ 10.208407856584957, 45.791853798730585 ], [ 10.555566343587607, 46.010067704846534 ], [ 10.744023807960474, 45.831529054388028 ], [ 10.922562458418978, 45.772016170901864 ], [ 11.041588225391315, 45.821610240473667 ], [ 11.160613992363652, 45.662909217843882 ], [ 11.269720945421627, 45.742259729158775 ], [ 11.547447735023747, 45.772016170901864 ], [ 11.557366548938107, 45.563721078700269 ], [ 11.676392315910444, 45.454614125642294 ], [ 11.854930966368951, 45.553802264785908 ], [ 12.003713175084371, 45.35542598649868 ], [ 12.36079047600138, 45.405020056070491 ], [ 12.251683522943406, 45.206643777783263 ], [ 12.36079047600138, 45.018186313410396 ], [ 12.618679637774777, 44.948754616009865 ], [ 12.826974729976367, 45.0677803829822 ], [ 13.015432194349234, 44.829728849037529 ], [ 13.322915425694436, 44.799972407294447 ], [ 13.42210356483805, 44.571839687264131 ], [ 13.610561029210917, 44.502407989863599 ], [ 13.580804587467833, 44.234600014175847 ], [ 13.372509495266243, 44.075898991546062 ], [ 13.164214403064655, 44.095736619374783 ], [ 12.975756938691788, 44.00646729414553 ] ], [ [ 13.858531377069951, 45.32814924823419 ], [ 13.808937307498145, 45.714982990894285 ], [ 13.679992726611447, 45.695145363065556 ], [ 13.670073912697086, 45.804252316123531 ], [ 13.56096695963911, 45.79433350220917 ], [ 13.56096695963911, 45.943115710924594 ], [ 13.432022378752412, 46.042303850068208 ], [ 13.441941192666773, 46.181167244869265 ], [ 13.441941192666773, 46.33986826749905 ], [ 13.799018493583784, 46.290274197927239 ], [ 13.878369004898675, 46.439056406642663 ], [ 13.997394771871011, 46.458894034471385 ], [ 14.156095794500795, 46.597757429272448 ], [ 14.404066142359829, 46.379543523156492 ], [ 14.661955304133226, 46.488650476214474 ], [ 14.741305815448117, 46.657270312758612 ], [ 14.979357349392791, 46.766377265816587 ], [ 14.959519721564067, 46.944915916275093 ], [ 15.128139558108211, 47.054022869333068 ], [ 15.326515836395439, 46.944915916275093 ], [ 15.54472974251139, 47.113535752819239 ], [ 15.931563485171484, 47.083779311076157 ] ], [ [ 15.425703975539053, 46.300193011841607 ], [ 15.187652441594379, 46.587838615358088 ], [ 15.038870232878958, 46.587838615358088 ], [ 14.979357349392791, 46.766377265816587 ] ] ] } },
{ "type": "Feature", "properties": { "id": 5, "name": "Pendric Hills", "size": 3, "continent": "Westeros", "height": 2 }, "geometry": { "type": "MultiLineString", "coordinates": [ [ [ 7.523133233645089, 8.568699545121474 ], [ 7.602205972272403, 8.703123200787907 ], [ 7.855238735879805, 8.924526868944385 ], [ 8.031228202382632, 9.117039350379326 ], [ 8.031228202382632, 9.315415628666555 ] ], [ [ 8.163622416526328, 8.655679557611519 ], [ 8.211066059702716, 8.940341416669847 ], [ 8.348630247642197, 9.146795792122411 ], [ 8.427980758957087, 9.315415628666555 ], [ 8.685869920730484, 9.474116651296336 ], [ 8.814814501617182, 9.682411743497926 ], [ 8.79497687378846, 9.890706835699515 ], [ 8.705707548559207, 10.059326672243659 ], [ 8.497412456357617, 10.188271253130358 ], [ 8.259360922412943, 10.376728717503223 ], [ 8.060984644125716, 10.356891089674502 ], [ 7.713826157123068, 10.376728717503223 ] ], [ [ 7.459875042743239, 9.232910549590907 ], [ 7.618020519997865, 9.343612383669146 ], [ 7.863146009742537, 9.557108777962892 ], [ 7.863146009742537, 9.715254255217518 ], [ 8.013384213134431, 9.849677910883951 ] ], [ [ 9.201648244277276, 10.029570230500575 ], [ 9.444600782288804, 10.25294887788325 ], [ 9.934851761778148, 10.43481617672607 ], [ 10.377659098091103, 10.498074367627922 ], [ 10.927521865376161, 10.654455507105343 ], [ 11.175492213235195, 10.852831785392571 ], [ 11.473056630666036, 11.080964505422884 ] ] ] } },
{ "type": "Feature", "properties": { "id": 6, "name": null, "size": 2, "continent": "Westeros", "height": 2 }, "geometry": { "type": "MultiLineString", "coordinates": [ [ [ 5.906095728716526, 6.90619521548221 ], [ 6.22238668322578, 7.175042526815075 ], [ 6.530770363872302, 7.293651634756046 ], [ 6.625657650225079, 7.55459167222618 ], [ 6.75217403202878, 7.641571684716225 ] ], [ [ 9.658097176582546, 9.072788253870597 ], [ 9.950666309503605, 8.843477311851389 ], [ 9.879500844739024, 8.637888191420373 ], [ 10.251142716287395, 8.511371809616673 ], [ 10.33812272877744, 8.345319058499314 ] ], [ [ 10.322308181051978, 7.277837087030584 ], [ 10.314400907189247, 7.451797112010673 ], [ 10.377659098091097, 7.625757136990762 ], [ 10.512082753757531, 7.728551697206269 ] ], [ [ 8.953677896418242, 7.118398346635505 ], [ 8.596600595501231, 7.048966649234975 ], [ 8.26641697674183, 7.016897049560449 ], [ 7.902682379056188, 7.008989775697717 ], [ 7.570576876821471, 6.771771559815777 ], [ 7.625927793860591, 6.558275165522031 ], [ 7.965940569958039, 6.400129688267405 ] ], [ [ 12.077722978578336, 5.202177698063607 ], [ 12.51262304102856, 5.257528615102726 ], [ 12.670768518283186, 5.423581366220084 ], [ 12.726119435322305, 5.573819569611979 ] ], [ [ 10.748983214917654, 5.620657445566934 ], [ 11.106060515834665, 5.700007956881825 ], [ 11.737710202480889, 5.724057773003875 ], [ 12.093537526303798, 5.858481428670308 ], [ 12.504715767165829, 6.040348727513129 ], [ 13.026595842106097, 6.024534179787666 ] ], [ [ 11.106060515834665, 5.700007956881825 ], [ 11.413511974108904, 5.92964689343489 ], [ 11.524213808187142, 6.10360691841498 ], [ 11.729802928618156, 6.261752395669606 ], [ 12.077722978578336, 6.388268777473308 ], [ 12.04609388312741, 6.617579719492516 ] ], [ [ 8.305953346055487, 3.446762900537249 ], [ 8.39293335854553, 3.660259294830995 ], [ 8.519449740349232, 3.778868402771965 ], [ 8.527357014211963, 3.921199332301129 ], [ 8.211066059702711, 4.071437535693025 ] ], [ [ 8.211066059702711, 4.071437535693025 ], [ 8.171529690389054, 4.253304834535846 ], [ 8.060827856310814, 4.435172133378667 ], [ 7.674150901465622, 4.648613681959517 ], [ 7.426180553606587, 4.628776054130794 ] ], [ [ 7.356748856206057, 3.795595685324436 ], [ 7.188129019661913, 3.706326360095184 ], [ 6.882644050763845, 3.691888390281921 ], [ 6.716591299646486, 3.889570236850204 ], [ 6.732405847371949, 4.087252083418488 ] ], [ [ 6.416114892862696, 4.609132158358756 ], [ 6.827293133724726, 4.688204896986069 ], [ 7.098859694432661, 4.489912659329734 ], [ 7.287317158805528, 4.440318589757927 ], [ 7.465855809264032, 4.450237403672289 ] ], [ [ 7.584881576236369, 3.18062922263403 ], [ 7.505531064921478, 3.339330245263812 ], [ 7.396424111863503, 3.547625337465401 ], [ 7.356748856206057, 3.795595685324436 ], [ 7.30715478663425, 3.984053149697303 ], [ 7.37658648403478, 4.132835358412724 ], [ 7.465855809264032, 4.450237403672289 ], [ 7.426180553606587, 4.628776054130794 ], [ 7.293822291625875, 4.822628552652502 ], [ 7.538947781370546, 4.957052208318935 ], [ 7.768258723389756, 5.368230449180965 ], [ 8.052920582448083, 5.463117735533741 ] ], [ [ 12.56412616124579, 4.807314704589299 ], [ 12.137617162928251, 4.906502843732913 ], [ 11.84005274549741, 4.906502843732913 ], [ 11.433381375008592, 5.025528610705249 ], [ 11.135816957577749, 5.253661330735562 ], [ 10.63987626185968, 5.432199981194067 ], [ 10.748983214917654, 5.620657445566934 ], [ 10.550606936630427, 5.769439654282355 ], [ 10.094341496569802, 5.928140676912137 ], [ 9.866208776539491, 6.186029838685533 ], [ 10.005072171340551, 6.364568489144038 ], [ 10.173692007884695, 6.572863581345628 ], [ 10.312555402685753, 6.652214092660519 ] ], [ [ 9.796777079138961, 3.388924314835619 ], [ 10.014990985254911, 3.597219407037209 ], [ 9.915802846111298, 3.815433313153159 ], [ 10.193529635713416, 3.96421552186858 ], [ 9.975315729597465, 4.212185869727615 ], [ 10.054666240912358, 4.370886892357397 ], [ 9.806695893053321, 4.648613681959517 ], [ 9.866208776539491, 4.827152332418022 ], [ 9.588481986937371, 5.035447424619611 ], [ 9.657913684337901, 5.303255400307369 ], [ 9.806695893053321, 5.600819817738211 ], [ 9.57856317302301, 5.828952537768523 ], [ 9.261161127763446, 5.719845584710548 ], [ 9.003271965990049, 5.819033723854162 ] ], [ [ 10.134016752227248, 8.189630249386536 ], [ 9.945559287854381, 8.060685668499838 ], [ 9.747183009567154, 7.872228204126971 ], [ 9.409943336478866, 7.693689553668466 ], [ 9.290917569506529, 7.564744972781767 ], [ 9.231404686020362, 7.36636869449454 ], [ 8.953677896418242, 7.118398346635505 ], [ 8.874327385103351, 6.751402231804133 ], [ 9.181810616448555, 6.513350697859459 ], [ 9.211567058191639, 6.255461536086063 ], [ 9.330592825163976, 6.067004071713197 ], [ 9.003271965990049, 5.819033723854162 ], [ 8.844570943360267, 5.571063375995127 ], [ 8.57676296767251, 5.45203760902279 ], [ 8.279198550241667, 5.144554377677586 ], [ 8.36846787547092, 4.896584029818552 ], [ 8.626357037244317, 4.658532495873878 ], [ 8.804895687702821, 4.39072452018612 ] ] ] } },
{ "type": "Feature", "properties": { "id": 7, "name": null, "size": 1, "continent": "Westeros", "height": 1 }, "geometry": { "type": "MultiLineString", "coordinates": [ [ [ 15.165513421974921, 2.796389625327596 ], [ 15.292029803778624, 2.954535102582223 ], [ 15.244586160602235, 3.183846044601432 ] ], [ [ 15.465989828758714, 3.239196961640551 ], [ 15.331566173092281, 3.357806069581522 ], [ 15.576691662836952, 3.555487916149805 ], [ 15.719022592366116, 3.840149775208133 ], [ 16.296253584345504, 3.682004297953506 ] ], [ [ 16.399048144561011, 3.421064260483372 ], [ 16.240902667306386, 3.326176974130596 ], [ 16.240902667306386, 3.183846044601432 ] ], [ [ 16.69161727748207, 2.914998733268567 ], [ 16.86557730246216, 2.709409612837551 ], [ 16.319975405933697, 2.543356861720193 ], [ 16.201366297992728, 2.250787728799134 ] ] ] } },
{ "type": "Feature", "properties": { "id": 8, "name": "The Red Mountains", "size": 4, "continent": "Westeros", "height": 3 }, "geometry": { "type": "MultiLineString", "coordinates": [ [ [ 16.826040933148505, -2.129841991154028 ], [ 16.56510089567837, -2.280080194545923 ], [ 16.367419049110087, -2.272172920683192 ], [ 16.359511775247356, -2.469854767251475 ] ], [ [ 13.48521772614451, -7.05409678916997 ], [ 13.548475917046362, -6.911765859640806 ], [ 13.754065037477377, -6.729898560797984 ], [ 13.967561431771122, -6.729898560797984 ], [ 14.173150552202138, -6.769434930111641 ] ], [ [ 14.679216079416943, -7.386202291404686 ], [ 14.916434295298883, -7.322944100502835 ], [ 15.082487046416242, -7.17270589711094 ], [ 15.035043403239854, -6.951302228954462 ], [ 15.201096154357211, -6.888044038052612 ], [ 15.43040709637642, -6.816878573288029 ], [ 15.525294382729196, -6.666640369896133 ] ], [ [ 10.292717774857032, -3.57904246000326 ], [ 10.183610821799055, -3.668311785232513 ], [ 10.034828613083635, -3.747662296547404 ], [ 9.780659921454879, -3.713273582165979 ], [ 9.440647145357431, -3.800253594656023 ], [ 9.390105708650143, -3.946038574834632 ] ], [ [ 9.266687120377341, -3.934677250322456 ], [ 9.069005273809058, -3.903048154871531 ], [ 8.831787057927118, -3.982120893498844 ], [ 8.84760160565258, -4.108637275302545 ], [ 8.752714319299804, -4.187710013929859 ], [ 8.681548854535222, -4.488186420713649 ], [ 8.444330638653282, -4.401206408223605 ] ], [ [ 7.926404200644378, -4.72540463659559 ], [ 8.258509702879095, -4.796570101360172 ], [ 8.353396989231872, -4.96262285247753 ], [ 8.558986109662886, -5.041695591104844 ], [ 8.867369790309407, -5.271006533124052 ] ], [ [ 9.00179344597584, -6.049873008603089 ], [ 9.389249865249676, -5.966846633044411 ], [ 9.507858973190647, -5.871959346691635 ] ], [ [ 11.895855679735512, -5.104953782006694 ], [ 11.552407141980929, -5.304916081102143 ], [ 11.274680352378809, -5.324753708930866 ], [ 11.026055554835064, -5.43705928424141 ], [ 10.844188255992243, -5.66637022626062 ] ], [ [ 12.030279335401945, -4.345855491184485 ], [ 12.204239360382033, -4.733311910458322 ], [ 12.227961181970228, -4.954715578614799 ], [ 12.101444800166526, -5.152397425183082 ], [ 12.085630252441064, -5.365893819476828 ] ], [ [ 10.312555402685753, -3.271559228658057 ], [ 10.024909799169272, -3.261640414743696 ], [ 10.014990985254911, -3.390584995630394 ], [ 10.173692007884695, -3.450097879116562 ], [ 10.292717774857032, -3.57904246000326 ], [ 10.550606936630427, -3.559204832174538 ], [ 10.768820842746377, -3.807175180033572 ], [ 11.046547632348497, -3.797256366119211 ], [ 11.036628818434135, -3.985713830492077 ], [ 11.314355608036255, -4.065064341806969 ], [ 11.344112049779339, -4.293197061837281 ], [ 11.522650700237843, -4.303115875751642 ], [ 11.602001211552736, -4.600680293182484 ], [ 11.808875667245466, -4.685868267281934 ], [ 11.785153845657273, -4.891457387712948 ], [ 11.895855679735512, -5.104953782006694 ], [ 11.793061119520004, -5.405430188790485 ], [ 11.484677438873481, -5.611019309221501 ], [ 11.128850115050572, -5.713813869437008 ], [ 10.860002803717705, -5.943124811456217 ] ], [ [ 8.321767893780946, -5.441012921172776 ], [ 8.337582441506408, -5.559622029113746 ], [ 8.29013879833002, -5.709860232505641 ], [ 8.479913371035572, -5.891727531348462 ], [ 8.717131586917512, -5.986614817701239 ], [ 9.00179344597584, -6.049873008603089 ], [ 9.270640757308707, -6.263369402896835 ], [ 9.271079941677806, -6.41830294298921 ], [ 9.072703663390579, -6.477815826475378 ], [ 8.914002640760797, -6.606760407362077 ], [ 9.142135360791109, -6.656354476933884 ], [ 9.300836383420892, -6.834893127392389 ], [ 9.300836383420892, -7.102701103080147 ], [ 9.171891802534192, -7.152295172651954 ], [ 9.152054174705469, -7.350671450939181 ], [ 8.914002640760797, -7.449859590082795 ], [ 8.874327385103351, -7.588722984883855 ], [ 8.874327385103351, -7.83669333274289 ], [ 8.666032292901761, -7.945800285800865 ], [ 8.427980758957087, -8.362390470204044 ] ], [ [ 7.93431147450711, -6.532216714229701 ], [ 8.266416976741827, -6.476865797190581 ], [ 8.448284275584648, -6.294998498347761 ], [ 9.00179344597584, -6.049873008603089 ] ], [ [ 7.950126022232572, -8.501127906049804 ], [ 8.100364225624467, -8.279724237893328 ], [ 8.052920582448079, -7.979247831109536 ], [ 8.298046072192751, -7.805287806129447 ] ], [ [ 7.784073271115214, -7.220149540287328 ], [ 8.17152969038905, -7.077818610758164 ], [ 8.448284275584648, -6.911765859640806 ], [ 8.590615205113812, -6.793156751699835 ], [ 8.914002640760797, -6.606760407362077 ] ], [ [ 9.808335379974437, -6.555938535817895 ], [ 9.776706284523511, -6.714084013072521 ], [ 9.650189902719811, -6.919673133503537 ], [ 9.300836383420892, -6.834893127392389 ] ], [ [ 11.413543747179869, -6.148015263822862 ], [ 11.785153845657273, -6.287091224485029 ], [ 11.77724657179454, -6.555938535817895 ], [ 11.919577501323705, -6.674547643758865 ], [ 11.982835692225557, -6.840600394876224 ], [ 11.951206596774631, -6.967116776679925 ], [ 11.895855679735512, -7.077818610758164 ], [ 11.753524750206347, -7.133169527797283 ], [ 11.502813072409122, -7.281239753538651 ], [ 11.195329841063918, -7.172132800480676 ], [ 11.076304074091581, -7.390346706596627 ], [ 10.868008981889991, -7.469697217911518 ], [ 10.818414912318184, -7.668073496198746 ], [ 10.64979507577404, -7.737505193599276 ] ], [ [ 10.560525750544789, -4.21384655052239 ], [ 10.302636588771392, -4.174171294864944 ], [ 10.114179124398525, -4.303115875751642 ], [ 9.895965218282575, -4.28327824792292 ], [ 9.836452334796407, -4.451898084467063 ], [ 9.866208776539491, -4.521329781867593 ], [ 10.084422682655442, -4.580842665353761 ], [ 10.034828613083635, -4.808975385384073 ], [ 10.104260310484165, -4.888325896698965 ], [ 10.243123705285223, -4.888325896698965 ], [ 10.024909799169272, -5.116458616729277 ], [ 10.253042519199585, -5.195809128044168 ], [ 10.282798960942669, -5.304916081102143 ], [ 10.381987100086283, -5.304916081102143 ], [ 10.43158116965809, -5.523129987218094 ] ], [ [ 9.429780964307589, -4.610599107096846 ], [ 9.628157242594817, -4.551086223610677 ], [ 9.846371148710768, -4.64035554883993 ], [ 10.084422682655442, -4.580842665353761 ] ], [ [ 19.710631586543176, -3.246762193872154 ], [ 19.730469214371897, -2.909522520783866 ], [ 19.859413795258597, -2.830172009468975 ], [ 19.94868312048785, -2.572282847695579 ], [ 20.137140584860717, -2.473094708551965 ], [ 20.266085165747413, -2.294556058093459 ], [ 20.45454263012028, -2.106098593720593 ], [ 20.46446144403464, -1.996991640662618 ], [ 20.385110932719751, -1.838290618032835 ], [ 20.523974327520811, -1.560563828430716 ], [ 20.74218823363676, -1.501050944944548 ], [ 20.692594164064953, -1.282837038828597 ], [ 20.523974327520811, -1.243161783171151 ], [ 20.395029746634112, -1.124136016198815 ], [ 20.117302957031992, -1.114217202284453 ], [ 19.918926678744764, -0.955516179654671 ], [ 20.176815840518163, -0.955516179654671 ], [ 20.305760421404859, -0.886084482254141 ], [ 20.315679235319219, -0.657951762223829 ], [ 20.494217885777726, -0.707545831795636 ], [ 20.623162466664425, -0.529007181337131 ], [ 20.494217885777726, -0.31079327522118 ], [ 20.910808070180906, -0.171929880420121 ] ], [ [ 19.561849377827755, -2.116017407634954 ], [ 19.601524633485202, -1.828371804118474 ], [ 19.720550400457537, -1.79861536237539 ], [ 19.819738539601151, -1.520888572773271 ], [ 19.968520748316571, -1.520888572773271 ], [ 20.147059398775077, -1.37210636405785 ], [ 20.355354490976666, -1.391943991886572 ], [ 20.523974327520811, -1.243161783171151 ] ], [ [ 19.665996923928549, -0.511649256986998 ], [ 19.576727598699296, -0.710025535274226 ], [ 19.16013741429612, -0.908401813561454 ], [ 18.941923508180167, -1.106778091848682 ], [ 18.654277904663687, -1.196047417077934 ], [ 18.535252137691351, -1.384504881450801 ], [ 18.356713487232845, -1.463855392765692 ], [ 18.297200603746678, -1.73166336845345 ], [ 18.47573925420518, -1.751500996282173 ], [ 18.574927393348794, -2.058984227627376 ], [ 18.773303671636025, -2.049065413713015 ], [ 18.773303671636025, -2.22760406417152 ], [ 18.951842322094528, -2.237522878085881 ], [ 18.922085880351446, -2.36646745897258 ], [ 19.011355205580696, -2.515249667688 ], [ 18.961761136008889, -2.644194248574699 ], [ 18.763384857721661, -2.644194248574699 ], [ 18.7534660438073, -2.753301201632674 ], [ 18.644359090749326, -2.931839852091179 ], [ 18.535252137691351, -3.001271549491709 ], [ 18.505495695948266, -3.209566641693298 ], [ 18.396388742890291, -3.21948545560766 ], [ 18.436063998547738, -3.665832081753923 ] ], [ [ 17.82109753585733, -3.021109177320432 ], [ 18.059149069802004, -2.981433921662986 ], [ 18.178174836774339, -2.882245782519372 ], [ 18.32695704548976, -2.971515107748625 ], [ 18.376551115061567, -3.090540874720961 ], [ 18.535252137691351, -3.001271549491709 ] ], [ [ 18.277362975917953, -2.356548645058218 ], [ 18.118661953288171, -2.554924923345446 ], [ 17.890529233257858, -2.594600179002891 ], [ 17.731828210628077, -2.773138829461397 ], [ 17.612802443655742, -2.773138829461397 ], [ 17.354913281882343, -2.981433921662986 ], [ 17.255725142738729, -3.100459688635323 ], [ 17.186293445338201, -3.140134944292769 ], [ 17.285481584481815, -3.269079525179467 ], [ 17.473939048854682, -3.249241897350744 ], [ 17.513614304512124, -3.477374617381056 ], [ 17.662396513227549, -3.497212245209779 ], [ 17.831016349771691, -3.398024106066165 ], [ 18.1880936506887, -3.586481570439031 ] ], [ [ 15.76294364862734, -3.093020578199552 ], [ 15.465379231196499, -3.093020578199552 ], [ 15.286840580737993, -3.102939392113913 ], [ 15.286840580737993, -3.281478042572418 ], [ 15.465379231196499, -3.261640414743696 ], [ 15.61416143991192, -3.261640414743696 ], [ 15.82245653211351, -3.321153298229864 ], [ 16.010913996486376, -3.301315670401141 ], [ 16.159696205201797, -3.440179065202201 ], [ 16.635799273091145, -3.450097879116562 ], [ 16.784581481806566, -3.350909739972948 ], [ 17.002795387922514, -3.460016693030923 ], [ 17.151577596637935, -3.440179065202201 ], [ 17.240846921867188, -3.539367204345815 ], [ 17.513614304512124, -3.477374617381056 ] ], [ [ 15.527371818161255, -3.631116233053659 ], [ 15.740626317320025, -3.50217165216696 ], [ 15.939002595607253, -3.467455803466696 ], [ 16.010913996486376, -3.301315670401141 ] ], [ [ 16.301039303481446, -3.908843022655777 ], [ 16.395268035667875, -4.14193514964327 ], [ 16.439902698282502, -4.375027276630763 ], [ 16.315917524352987, -4.513890671431822 ], [ 16.241526419995274, -4.618038217532617 ], [ 16.142338280851661, -4.85113034452011 ], [ 15.98859666517906, -4.950318483663724 ], [ 15.859652084292362, -5.228045273265843 ], [ 15.869570898206723, -5.505772062867962 ] ], [ [ 15.482737155546628, -4.305595579230233 ], [ 15.403386644231738, -4.469256008817196 ], [ 15.448021306846364, -4.801536274948303 ], [ 15.294279691173763, -4.856089751477291 ], [ 15.309157912045304, -5.014790774107073 ], [ 15.423224272060461, -5.049506622807338 ], [ 15.472818341632268, -5.148694761950952 ], [ 15.572006480775881, -5.148694761950952 ], [ 15.626559957304869, -5.34707104023818 ], [ 15.770382759063109, -5.42146214459589 ], [ 15.780301572977471, -5.649594864626202 ] ], [ [ 14.426383473667141, -5.044547215850157 ], [ 14.525571612810754, -5.223085866308662 ], [ 14.550368647596658, -5.411543330681528 ], [ 14.728907298055162, -5.451218586338975 ], [ 14.738826111969525, -5.63471664375466 ], [ 14.664435007611814, -5.768620631598539 ], [ 14.847933065027499, -5.976915723800128 ] ], [ [ 13.553527849203338, -3.99811234788503 ], [ 13.439461489188181, -4.151853963557631 ], [ 13.35515157091611, -4.340311427930498 ], [ 13.345232757001749, -4.454377787945654 ], [ 13.454339710059724, -4.533728299260545 ], [ 13.459299117016904, -4.627957031446979 ], [ 13.36011097787329, -4.756901612333676 ], [ 13.528730814417434, -4.78169864711958 ], [ 13.593203104860784, -4.771779833205218 ], [ 13.707269464875941, -4.875927379306013 ], [ 13.994915068392419, -4.895765007134736 ] ], [ [ 13.543609035288977, -6.190170222958899 ], [ 13.5634466631177, -5.907484026399598 ], [ 13.613040732689507, -5.679351306369286 ], [ 13.558487256160518, -5.480975028082058 ], [ 13.469217930931267, -5.327233412409456 ], [ 13.568406070074881, -5.193329424565578 ], [ 13.637837767475411, -5.019750181064254 ], [ 13.593203104860784, -4.771779833205218 ] ], [ [ 13.593203104860784, -4.771779833205218 ], [ 13.48905555875999, -4.910643228006278 ], [ 13.384908012659194, -4.910643228006278 ], [ 13.320435722215846, -4.99495314627835 ], [ 13.161734699586063, -4.99991255323553 ], [ 13.067505967399629, -5.148694761950952 ] ], [ [ 14.852892471984681, -4.105979449203709 ], [ 15.145497482458342, -3.932400205702385 ], [ 15.244685621601956, -3.981994275274192 ], [ 15.48769656250381, -3.882806136130578 ], [ 15.671194619919497, -3.887765543087759 ], [ 15.740626317320027, -3.75386155524388 ], [ 15.924124374735712, -3.848090287430313 ], [ 16.082825397365493, -3.932400205702385 ] ], [ [ 11.793061119520004, -5.405430188790485 ], [ 11.968997326384105, -5.427661403292365 ], [ 12.107860721185164, -5.536768356350341 ], [ 12.177292418585694, -5.655794123322678 ], [ 12.276480557729307, -5.695469378980123 ], [ 12.474856836016537, -5.685550565065761 ], [ 12.702989556046848, -5.864089215524267 ] ], [ [ 10.322474216600115, -7.611040316191168 ], [ 10.322474216600115, -7.779660152735312 ], [ 10.57044456445915, -7.859010664050204 ], [ 10.719226773174571, -8.007792872765624 ], [ 10.838252540146907, -8.206169151052853 ], [ 10.838252540146907, -8.434301871083164 ], [ 10.610119820116596, -8.771541544171452 ], [ 10.381987100086283, -8.920323752886873 ], [ 10.461337611401175, -9.138537659002823 ], [ 10.302636588771392, -9.336913937290051 ], [ 9.935640473940021, -9.485696146005473 ], [ 9.846371148710768, -9.614640726892171 ], [ 9.806695893053321, -9.793179377350675 ], [ 9.836452334796407, -10.021312097380989 ] ], [ [ 9.528969103451203, -8.593002893712947 ], [ 9.7868582652246, -8.543408824141141 ], [ 10.153854380055972, -8.612840521541671 ], [ 10.441499983572452, -8.702109846770922 ], [ 10.610119820116596, -8.771541544171452 ] ], [ [ 12.078104279442082, -8.087143384080516 ], [ 11.56232595589529, -8.18633152322413 ], [ 11.254842724550086, -8.374788987596997 ], [ 11.016791190605412, -8.523571196312417 ] ], [ [ 9.71742656782407, -8.96991782245868 ], [ 10.104260310484165, -8.959999008544319 ], [ 10.381987100086283, -8.920323752886873 ] ] ] } },
{ "type": "Feature", "properties": { "id": 9, "name": null, "size": 2, "continent": "Westeros", "height": 2 }, "geometry": { "type": "MultiLineString", "coordinates": [ [ [ 19.567888145050599, -7.673829378161542 ], [ 19.897564759028526, -7.703784304386021 ], [ 20.172794595549547, -7.796392123033877 ], [ 20.598365431878523, -7.799497780564035 ], [ 20.826498151908833, -7.918523547536372 ], [ 21.074468499767871, -7.859010664050204 ], [ 21.29268240588382, -7.829254222307119 ], [ 21.530733939828494, -7.799497780564035 ], [ 21.709272590287, -7.997874058851263 ], [ 21.93740531031731, -7.958198803193818 ], [ 22.21513209991943, -8.027630500594347 ], [ 22.373833122549211, -8.136737453652323 ], [ 22.601965842579524, -8.265682034539021 ], [ 22.840017376524198, -8.077224570166154 ], [ 23.087987724383233, -8.146656267566684 ], [ 23.207013491355571, -7.97803643102254 ], [ 23.375633327899713, -8.007792872765624 ], [ 23.415308583557159, -7.759822524906589 ], [ 23.950924534932675, -7.323394712674688 ] ] ] } },
{ "type": "Feature", "properties": { "id": 10, "name": null, "size": 2, "continent": "Westeros", "height": 1 }, "geometry": { "type": "MultiLineString", "coordinates": [ [ [ 17.808519710592876, -7.419808205321297 ], [ 18.172254308278518, -7.593768230301386 ], [ 18.227605225317639, -7.744006433693281 ] ], [ [ 17.081050515221595, -7.720284612105087 ], [ 17.255010540201685, -7.965410101849759 ], [ 17.207566897025295, -8.084019209790728 ], [ 17.270825087927147, -8.26588650863355 ], [ 17.583046001912656, -8.543408824141141 ], [ 17.632640071484463, -8.751703916342729 ], [ 17.513614304512124, -8.999674264201763 ] ], [ [ 18.18806885600398, -8.874746596063863 ], [ 18.449008893474115, -9.024984799455758 ], [ 18.717856204806981, -9.032892073318489 ], [ 18.907630777512534, -9.127779359671266 ] ], [ [ 18.646690740042398, -9.491513957356908 ], [ 18.496452536650505, -9.61803033916061 ], [ 18.496452536650505, -9.807804911866162 ], [ 18.725763478669712, -9.958043115258057 ] ], [ [ 17.990387009435697, -9.357090301690475 ], [ 18.006201557161159, -9.554772148258758 ], [ 17.808519710592876, -9.665473982336998 ], [ 17.800612436730145, -9.799897638003429 ] ], [ [ 16.717315917535952, -9.831526733454355 ], [ 16.859646847065115, -9.625937613023341 ], [ 17.033606872045205, -9.578493969846953 ], [ 17.444182607111596, -9.436102076433666 ], [ 17.721909396713716, -9.455939704262388 ] ], [ [ 16.867554120927849, -9.167315728984923 ], [ 16.756852286849607, -8.961726608553908 ], [ 16.685686822085028, -8.787766583573818 ], [ 16.266601307360265, -8.684972023358311 ], [ 15.902866709674624, -8.50310472451549 ], [ 16.092641282380175, -8.392402890437252 ] ] ] } },
{ "type": "Feature", "properties": { "id": 11, "name": "Sheepshead Hills", "size": 2, "continent": "Westeros", "height": 1 }, "geometry": { "type": "MultiLineString", "coordinates": [ [ [ 18.768344264678841, 23.469563084460265 ], [ 18.808019520336288, 23.767127501891107 ], [ 18.92915935255532, 23.925901370675536 ], [ 19.075827496024047, 24.074610733236312 ] ], [ [ 19.784290908950709, 24.108755068873613 ], [ 19.799216157740471, 24.28785805435075 ], [ 19.730469214371897, 24.431688034153321 ], [ 19.555437094174369, 24.556512532566455 ] ], [ [ 18.167388956726562, 24.282882971420829 ], [ 18.361417190993457, 24.591338113075899 ], [ 18.530292730734168, 24.798684148984695 ], [ 18.555445425260356, 25.044070659698662 ], [ 18.431068352012346, 25.257999225685239 ] ], [ [ 18.853950401055585, 25.413470567245259 ], [ 18.883800898635105, 25.612473884442078 ], [ 19.102704547551607, 25.731875874760171 ], [ 19.077829132902004, 25.906003777307387 ], [ 18.946882915137348, 26.107967585680399 ], [ 19.145259193424575, 26.336100305710712 ], [ 19.462661238684142, 26.306343863967626 ], [ 19.631281075228284, 26.40553200311124 ] ], [ [ 20.237023455573471, 25.930879191956986 ], [ 20.426076606910449, 25.75675128940977 ], [ 20.426076606910449, 25.542822723423193 ], [ 20.361400528821484, 25.313968908646849 ] ] ] } },
{ "type": "Feature", "properties": { "id": 12, "name": "Lonely Hills", "size": 2, "continent": "Westeros", "height": 1 }, "geometry": { "type": "MultiLineString", "coordinates": [ [ [ 18.443506059337146, 29.050256189017123 ], [ 18.361810730581123, 28.763037466645205 ], [ 18.194751912841124, 28.557722978954995 ], [ 18.105200420102555, 28.423395739847145 ], [ 17.985798429784467, 28.274143251949532 ], [ 17.727094117428603, 28.214442256790484 ] ], [ [ 17.711990582799356, 29.088571166946004 ], [ 17.612667210040431, 29.328860833092669 ], [ 17.617642292970352, 29.522889067359564 ], [ 17.880610419343498, 29.693618815722051 ], [ 18.164901415261603, 29.672141555257181 ], [ 18.426145184633373, 29.634105932235883 ], [ 18.455901626376459, 29.40597321220557 ] ] ] } },
{ "type": "Feature", "properties": { "id": 13, "name": null, "size": 2, "continent": "Westeros", "height": 2 }, "geometry": { "type": "MultiLineString", "coordinates": [ [ [ 14.465719685123233, 26.534025761247065 ], [ 14.66340153169152, 26.89380672200134 ], [ 14.370832398770457, 27.356382242971122 ] ], [ [ 14.924341569161651, 27.554064089539406 ], [ 14.766196091907023, 27.822911400872272 ], [ 14.50525605443689, 27.846633222460468 ] ], [ [ 13.999190527222083, 27.641044102029451 ], [ 13.86476687155565, 27.830818674735003 ], [ 13.86476687155565, 28.075944164479676 ] ], [ [ 15.193188880494516, 28.1075732599306 ], [ 14.86899065212253, 28.471307857616242 ], [ 14.702937901005173, 28.819227907576423 ], [ 14.74247427031883, 29.040631575732899 ] ] ] } },
{ "type": "Feature", "properties": { "id": 14, "name": null, "size": 2, "continent": "Westeros", "height": 2 }, "geometry": { "type": "MultiLineString", "coordinates": [ [ [ 11.377553556622898, 29.618951336002834 ], [ 11.655005401460695, 29.951989970065199 ], [ 11.953510377255922, 30.19079395070138 ], [ 12.441068504388126, 30.379847102038358 ], [ 12.620171489865262, 30.638551414394222 ], [ 12.759473811903035, 30.907205892609927 ] ], [ [ 13.764440563746966, 31.29526236114372 ], [ 13.426134924512375, 31.474365346620857 ], [ 13.057978787698262, 31.345013190442927 ] ], [ [ 12.975756938691788, 31.821204400352567 ], [ 13.134457961321569, 31.930311353410541 ], [ 13.283240170036992, 32.059255934297241 ], [ 13.243564914379546, 32.188200515183937 ], [ 13.067928953558104, 32.509182596044312 ], [ 13.177380778016353, 32.678335415661607 ], [ 13.147530280436831, 32.897239064578109 ], [ 13.286832602474602, 33.056441718335563 ], [ 13.366433929353329, 33.325096196551264 ], [ 13.714708575311711, 33.299107673592417 ], [ 13.983344212663466, 33.593750674766973 ], [ 14.359431479745203, 33.537159207537087 ] ] ] } },
{ "type": "Feature", "properties": { "id": 2, "name": null, "size": 2, "continent": "Westeros", "height": 2 }, "geometry": { "type": "MultiLineString", "coordinates": [ [ [ 9.607034581151696, 24.405213137515808 ], [ 9.71344809362167, 24.594766846412217 ], [ 9.839964475425372, 24.745005049804114 ] ], [ [ 6.431929440588164, 23.645893982884456 ], [ 6.953809515528432, 23.827761281727277 ], [ 6.922180420077507, 23.970092211256443 ], [ 6.653333108744642, 24.096608593060143 ] ], [ [ 7.910589652918925, 23.116106634081458 ], [ 7.70500053248791, 23.313788480649741 ], [ 7.665464163174253, 23.527284874943486 ], [ 7.70500053248791, 23.717059447649039 ], [ 7.649649615448791, 23.859390377178201 ] ], [ [ 9.452508056151537, 23.076570264767799 ], [ 10.085089965170043, 23.08447753863053 ], [ 10.17997725152282, 23.329603028375203 ], [ 9.863686297013565, 23.511470327218024 ], [ 10.195791799248282, 23.748688543099963 ], [ 10.346030002640177, 23.89892674649186 ] ], [ [ 8.385026084682805, 23.092384812493261 ], [ 8.503635192623776, 23.297973932924279 ], [ 8.701317039192059, 23.503563053355293 ], [ 8.685502491466597, 23.72496672151177 ], [ 8.614337026702014, 23.914741294217322 ], [ 8.64596612215294, 24.151959510099264 ] ], [ [ 8.894165012932074, 24.649901940269277 ], [ 8.983434338161326, 24.798684148984698 ], [ 9.013190779904411, 24.937547543785758 ], [ 8.884246199017712, 25.225193147302239 ], [ 8.755301618131014, 25.324381286445853 ], [ 8.88318433803488, 25.654341544018216 ], [ 8.962257076662192, 25.804579747410113 ], [ 8.835740694858492, 26.152499797370293 ], [ 8.590615205113821, 26.342274370075845 ], [ 8.748760682368447, 26.524141668918663 ], [ 8.495727918761045, 26.721823515486946 ], [ 8.503635192623776, 26.935319909780695 ] ], [ [ 6.898458598489313, 26.128777975782096 ], [ 6.898458598489313, 25.946910676939275 ], [ 6.439836714450895, 25.772950651959189 ], [ 6.613796739430985, 25.519917888351785 ], [ 6.613796739430985, 25.330143315646232 ] ], [ [ 5.617480232726836, 24.950594170235128 ], [ 5.791440257706926, 25.187812386117066 ], [ 5.838883900883314, 25.353865137234425 ] ], [ [ 7.148453764004468, 26.881635071000591 ], [ 7.207966647490636, 26.673339978799003 ], [ 7.475774623178394, 26.30634386396763 ], [ 7.475774623178394, 26.137724027423484 ], [ 7.485693437092755, 25.621945703876694 ], [ 7.565043948407646, 25.056573310758093 ], [ 7.684069715379983, 24.818521776813419 ], [ 7.684069715379983, 24.620145498526192 ] ], [ [ 7.842770738009765, 26.921310326658038 ], [ 7.832851924095404, 26.544395397912304 ], [ 7.475774623178394, 26.30634386396763 ] ], [ [ 6.831051718744903, 24.60030787069747 ], [ 7.168291391833191, 24.749090079412891 ], [ 7.684069715379983, 24.818521776813419 ] ] ] } },
{ "type": "Feature", "properties": { "id": 16, "name": null, "size": 2, "continent": null, "height": 3 }, "geometry": { "type": "MultiLineString", "coordinates": [ [ [ 25.534197143044061, 36.304125458488798 ], [ 25.479217061773841, 36.060151347852234 ], [ 25.522742959446092, 35.8952111040416 ], [ 25.616667264949371, 35.801286798538321 ], [ 25.653320652462845, 35.70965332975463 ], [ 25.591468061033858, 35.631764881288497 ], [ 25.605213081351412, 35.521804718748072 ], [ 25.59375889775345, 35.416426229646831 ] ], [ [ 23.852722990863391, 33.69600785323312 ], [ 23.926029765890341, 33.934254872070703 ], [ 24.100133356579345, 34.112940136198894 ], [ 24.132205070653637, 34.351187155036484 ], [ 24.329217028538562, 34.48863735821201 ], [ 24.347543722295299, 34.580270826995701 ], [ 24.303042428892503, 34.809247092053937 ], [ 24.223691917577614, 35.057217439912968 ], [ 24.005478011461662, 35.007623370341165 ], [ 23.817020547088795, 35.225837276457113 ] ], [ [ 24.072643315944241, 35.395808699170509 ], [ 24.21009351911977, 35.670709105521574 ], [ 24.297145314464274, 36.052133419333671 ], [ 24.058898295626687, 36.26747207097533 ], [ 23.981009847160554, 36.569862517961496 ] ], [ [ 24.303042428892503, 34.809247092053937 ], [ 24.491866435629593, 34.887242947421051 ], [ 24.617862455207177, 34.975440161125348 ], [ 24.723240944308415, 34.925041753294323 ] ], [ [ 24.929416249071711, 34.269862451490958 ], [ 24.791966045896181, 34.311097512443617 ], [ 24.668260863038203, 34.237790737416667 ] ], [ [ 23.102865945254774, 35.672183902603379 ], [ 23.261566967884558, 35.424213554744341 ], [ 23.29132340962764, 35.186162020799671 ], [ 23.509537315743593, 35.1266491373135 ], [ 23.688075966202099, 35.1266491373135 ], [ 23.5591313853154, 34.809247092053937 ], [ 23.777345291431349, 34.779490650310855 ], [ 23.866614616660602, 34.630708441595431 ], [ 24.055072081033469, 34.531520302451817 ], [ 24.347543722295299, 34.580270826995701 ] ] ] } },
{ "type": "Feature", "properties": { "id": 17, "name": null, "size": 1, "continent": "Westeros", "height": 2 }, "geometry": { "type": "MultiLineString", "coordinates": [ [ [ 23.155813660264947, 3.791717722798903 ], [ 23.294190952862746, 3.938002289259433 ], [ 23.448382793186006, 4.04079684947494 ], [ 23.491872799431029, 4.18708141593547 ], [ 23.610481907371998, 4.194988689798201 ], [ 23.705369193724774, 4.412438721023313 ], [ 23.82002466473438, 4.455928727268335 ] ], [ [ 23.650018276685657, 5.060835177767284 ], [ 23.677693735205217, 4.875014241993097 ], [ 23.780488295420724, 4.795941503365783 ], [ 23.82002466473438, 4.455928727268335 ] ] ] } },
{ "type": "Feature", "properties": { "id": 18, "name": null, "size": 1, "continent": "Westeros", "height": 2 }, "geometry": { "type": "MultiLineString", "coordinates": [ [ [ 24.766920709796459, 0.683170685512644 ], [ 24.952741645570644, 0.615958857679428 ], [ 24.826225263766943, 0.473627928150264 ], [ 24.936927097845182, 0.327343361689734 ], [ 25.008092562609765, 0.200826979886032 ], [ 24.893437091600159, 0.034774228768674 ], [ 24.952741645570647, -0.086800106870818 ] ] ] } },
{ "type": "Feature", "properties": { "id": 19, "name": null, "size": 1, "continent": "Westeros", "height": 2 }, "geometry": { "type": "MultiLineString", "coordinates": [ [ [ 4.672561006130437, 13.379287281360654 ], [ 4.557905535120833, 13.272539084213781 ], [ 4.419528242523034, 13.280446358076512 ], [ 4.45115733797396, 13.039274505263206 ], [ 4.605349178297221, 12.85345356948902 ] ], [ [ 5.524569764839739, 12.600420805881617 ], [ 5.235954268850045, 12.402738959313332 ], [ 5.010596963762201, 12.410646233176065 ], [ 4.943385135928986, 12.481811697940646 ], [ 4.662676913802023, 12.331573494548751 ] ], [ [ 4.662676913802023, 12.331573494548751 ], [ 4.579650538243343, 12.442275328626989 ], [ 4.638955092213829, 12.651818085989371 ], [ 4.342432322361403, 12.667632633714833 ], [ 4.342432322361403, 12.778334467793071 ] ], [ [ 5.694576152888462, 11.675269763942049 ], [ 5.912026184113574, 11.754342502569363 ], [ 6.058310750574104, 11.687130674736146 ] ], [ [ 7.703023714022224, 12.936479945047699 ], [ 7.770235541855439, 12.790195378587169 ], [ 7.853261917414119, 12.608328079744348 ], [ 7.817679185031827, 12.568791710430691 ], [ 7.699070077090857, 12.584606258156153 ] ], [ [ 6.631588105622127, 13.011599046743646 ], [ 6.556469003926178, 13.110439970027787 ], [ 6.406230800534283, 13.055089052988668 ], [ 6.248085323279656, 13.051135416057303 ] ] ] } },
{ "type": "Feature", "properties": { "id": 20, "name": null, "size": 2, "continent": null, "height": 2 }, "geometry": { "type": "MultiLineString", "coordinates": [ [ [ 25.634744016231227, -6.34244214152415 ], [ 25.571485825329376, -6.255462129034105 ], [ 25.646604927025326, -6.101270288710844 ], [ 25.733584939515371, -6.113131199504941 ], [ 25.820564952005416, -6.045919371671724 ], [ 25.868008595181802, -5.927310263730754 ] ], [ [ 25.947081333809116, -5.421244736515948 ], [ 25.958942244603211, -5.563575666045113 ], [ 25.868008595181802, -5.694045684780179 ] ], [ [ 26.650828707592204, -5.63869476774106 ], [ 26.781298726327272, -5.350079271751366 ], [ 26.943397840513263, -5.235423800741762 ], [ 27.014563305277846, -5.168211972908545 ], [ 27.03828512686604, -5.021927406448015 ] ], [ [ 26.888046923474146, -5.184026520634008 ], [ 26.812927821778196, -5.180072883702643 ], [ 26.666643255317666, -5.251238348467225 ] ], [ [ 27.455393823125121, -5.195887431428106 ], [ 27.490976555507409, -5.065417412693038 ], [ 27.629353848105207, -5.002159221791187 ] ], [ [ 28.495200336074291, -5.160304699045814 ], [ 28.404266686652882, -5.033788317242113 ], [ 28.388452138927416, -4.87168920305612 ], [ 28.424034871309708, -4.757033732046516 ] ], [ [ 28.364730317339223, -5.84033025124071 ], [ 28.36868395427059, -5.986614817701239 ], [ 28.182863018496402, -6.144760294955866 ], [ 28.056346636692702, -6.128945747230404 ] ], [ [ 28.890564029210857, -6.808971299425298 ], [ 28.98149767863227, -6.812924936356664 ], [ 29.131735882024163, -6.757574019317545 ], [ 29.297788633141522, -6.868275853395784 ], [ 29.341278639386545, -6.81687857328803 ] ], [ [ 27.874479337849881, -7.778600756842729 ], [ 27.949598439545827, -7.648130738107662 ], [ 28.131465738388648, -7.446495254608013 ], [ 28.107743916800455, -7.304164325078848 ], [ 27.953552076477195, -7.217184312588804 ] ] ] } },
{ "type": "Feature", "properties": { "id": 21, "name": "Velvet Hills", "size": 2, "continent": "Essos", "height": 1 }, "geometry": { "type": "MultiLineString", "coordinates": [ [ [ 32.409300898126311, 7.838265122051667 ], [ 32.456744541302697, 7.695934192522503 ], [ 32.812571865125612, 7.450808702777831 ], [ 32.946995520792044, 7.308477773248667 ], [ 32.897694685686659, 7.108479532721133 ], [ 32.619967896084546, 6.910103254433904 ], [ 32.461266873454761, 6.622457650917424 ], [ 32.689399593485071, 6.443919000458919 ], [ 33.175421475288779, 6.1661922108568 ] ], [ [ 33.160491915085785, 7.577325084581533 ], [ 33.373988309379534, 7.284755951660473 ], [ 33.974941122947115, 7.126610474405846 ], [ 34.365679145012152, 6.979534951834435 ], [ 34.633487120699904, 6.622457650917424 ] ], [ [ 35.429879513689684, 5.624228440486892 ], [ 35.30336313188598, 5.774466643878787 ], [ 35.042423094415845, 5.987963038172533 ], [ 35.026608546690383, 6.185644884740817 ] ], [ [ 34.097871169324392, 6.701808162232315 ], [ 34.457284828573727, 6.501935839250071 ], [ 34.465192102436461, 6.233088527917205 ], [ 34.425655733122802, 5.97214849044707 ] ], [ [ 33.120955545772134, 5.608413892761429 ], [ 33.279101023026762, 5.244679295075787 ], [ 33.54004106049689, 5.173513830311205 ] ], [ [ 33.314284870089843, 6.463756628287642 ], [ 33.522579962291431, 6.314974419572221 ], [ 33.532498776205792, 5.957897118655211 ], [ 33.706093811614252, 5.624228440486892 ], [ 34.148901147927205, 5.402824772330414 ], [ 34.599615758102892, 5.402824772330414 ], [ 34.599615758102892, 5.252586568938518 ] ] ] } },
{ "type": "Feature", "properties": { "id": 22, "name": "Hills of Norvos", "size": 4, "continent": "Essos", "height": 2 }, "geometry": { "type": "MultiLineString", "coordinates": [ [ [ 35.014747635896285, 8.836558447221497 ], [ 35.259873125640951, 9.105405758554362 ], [ 35.663144092640252, 9.279365783534452 ], [ 35.947729964352781, 9.43444139563888 ], [ 36.24529438178363, 9.444360209553242 ] ], [ [ 38.837914548526889, 6.549379482426457 ], [ 38.806285453075958, 6.731246781269277 ], [ 38.675233663792504, 6.917158254045288 ], [ 38.378660466405286, 7.159809051907554 ], [ 38.037151936080619, 7.303602117307415 ], [ 38.028164869493125, 7.438408116119786 ], [ 38.064113135843094, 7.699033047157034 ], [ 38.207906201242949, 7.9416838450193 ], [ 38.171957934892987, 8.229269975819022 ], [ 37.902345937268244, 8.534830239793729 ], [ 37.578811540118558, 8.795455170830978 ], [ 37.354134875431278, 9.101015434805683 ], [ 37.39008314178124, 9.298730899730494 ], [ 37.363121942018765, 9.541381697592758 ], [ 37.084522877806535, 9.766058362280042 ], [ 36.563273015732037, 9.855929028154955 ] ], [ [ 40.418724581765822, 6.917158254045288 ], [ 40.97287849146435, 7.126610474405845 ], [ 41.210096707346288, 7.213590486895889 ], [ 41.51848038799281, 7.087074105092188 ], [ 41.637089495933779, 7.142425022131307 ] ], [ [ 40.023293651916205, 7.905735578669335 ], [ 40.427276594935883, 8.130834254972724 ], [ 40.957063943738888, 8.320608827678276 ], [ 41.281482974164987, 8.247244108994005 ], [ 41.506159638852274, 8.085476910419162 ], [ 41.730836303539554, 7.887761445494352 ] ], [ [ 39.09094731213429, 9.018425746064318 ], [ 39.083040038271555, 9.231922140358064 ], [ 39.312350980290766, 9.484954903965466 ] ], [ [ 37.873227137273666, 9.216107592632602 ], [ 37.873227137273666, 8.994703924476124 ], [ 37.911333003855738, 8.777481037655996 ], [ 37.902345937268244, 8.534830239793729 ] ], [ [ 33.955172938290282, 9.218084411098284 ], [ 34.492867560956014, 9.399951709941105 ], [ 34.975211266582626, 9.597633556509388 ], [ 35.093820374523595, 9.771593581489478 ], [ 35.402195199062909, 9.78159988264153 ], [ 35.805475022169418, 9.882295415567716 ] ], [ [ 39.023735484301071, 10.19067909621424 ], [ 38.77070272069367, 10.000904523508687 ], [ 38.731166351380011, 9.779500855352209 ] ], [ [ 38.2488226457534, 9.479024448568419 ], [ 38.351617205968907, 9.747871759901283 ], [ 38.351617205968907, 9.985089975783223 ], [ 38.5018554093608, 10.261844560978821 ] ], [ [ 38.264637193478862, 11.43212109266306 ], [ 38.256729919616134, 11.313511984722089 ], [ 38.146028085537893, 11.131644685879268 ], [ 38.146028085537893, 10.886519196134596 ], [ 38.2488226457534, 10.66511552797812 ] ], [ [ 35.579189224401738, 10.352464457113856 ], [ 36.127400286238711, 10.217658458301484 ], [ 36.517129669815233, 10.380453668919792 ], [ 36.936215184539996, 10.506970050723492 ], [ 37.592518915146698, 10.506970050723492 ] ], [ [ 35.531139779949605, 7.629217263225106 ], [ 35.511302152120884, 7.916862866741586 ], [ 35.670003174750669, 8.333453051144765 ], [ 35.947729964352781, 8.51199170160327 ], [ 35.977486406095871, 8.769880863376667 ], [ 36.146106242640009, 9.027770025150064 ], [ 36.076674545239484, 9.176552233865484 ], [ 36.24529438178363, 9.444360209553242 ], [ 36.017161661753313, 9.622898860011746 ], [ 35.805475022169418, 9.882295415567716 ], [ 35.462357358764351, 9.98399472702671 ], [ 35.354512559714451, 10.145761925601553 ], [ 35.579189224401738, 10.352464457113856 ], [ 35.992594287426336, 10.478283389338733 ], [ 36.379038150688466, 10.747895386963474 ], [ 36.720546681013133, 10.972572051650758 ], [ 37.071042277925301, 11.161300449988076 ], [ 37.358628408725018, 11.332054715150411 ], [ 37.592292139999799, 11.646602045712608 ], [ 37.520395607299868, 11.817356310874944 ], [ 37.439512008012443, 12.051020042149718 ], [ 37.583305073412305, 12.275696706837001 ], [ 37.83494293786206, 12.500373371524285 ] ], [ [ 43.775393952193838, 9.345912999314816 ], [ 43.58666555385652, 9.687421529639487 ], [ 43.344014755994252, 9.768305128926908 ], [ 43.272118223294321, 10.082852459489105 ], [ 43.119338091306972, 10.280567924413916 ], [ 42.957570892732129, 10.505244589101199 ], [ 43.146299291069447, 10.649037654501059 ], [ 43.155286357656934, 10.85574018601336 ], [ 43.047441558607041, 10.873714319188343 ], [ 43.020480358844566, 10.963584985063257 ], [ 43.101363958131991, 11.062442717525661 ], [ 43.101363958131991, 11.242184049275489 ], [ 43.011493292257072, 11.332054715150402 ], [ 43.011493292257072, 11.502808980312738 ], [ 43.227182890356865, 11.601666712775142 ], [ 43.227182890356865, 11.835330444049918 ], [ 43.128325157894459, 12.060007108737201 ], [ 43.326040622819271, 12.149877774612113 ], [ 43.370975955756727, 12.338606172949431 ], [ 43.370975955756727, 12.491386304936785 ], [ 43.559704354094045, 12.608218170574172 ] ], [ [ 42.957570892732129, 10.505244589101199 ], [ 42.714920094869861, 10.433348056401268 ], [ 42.445308097245118, 10.289554991001406 ], [ 42.121773700095432, 10.199684325126492 ], [ 41.816213436120726, 10.010955926789174 ] ], [ [ 38.697701330261232, 11.118611883697486 ], [ 38.985287461060956, 11.585939346247036 ], [ 39.16502879281078, 11.558978146484563 ], [ 39.254899458685692, 11.756693611409371 ], [ 39.587420922422872, 12.250982273721396 ], [ 39.686278654885278, 12.241995207133904 ], [ 39.749188120997715, 12.520594271346136 ], [ 39.713239854647753, 12.655400270158506 ], [ 39.569446789247891, 12.655400270158506 ], [ 39.623369188772841, 12.969947600720703 ], [ 39.731213987822734, 13.140701865883038 ], [ 39.928929452747546, 13.230572531757952 ] ], [ [ 41.007377443246504, 11.720745345059406 ], [ 40.602959446809393, 11.999344409271638 ], [ 40.288412116247194, 11.972383209509164 ], [ 39.955890652510021, 12.349840006183801 ], [ 39.686278654885278, 12.241995207133904 ] ], [ [ 40.140125517553592, 9.837954894979973 ], [ 40.05025485167868, 9.640239430055164 ], [ 39.987345385566236, 9.370627432430423 ], [ 39.771655787466443, 9.325692099492967 ], [ 39.7177333879415, 9.127976634568157 ], [ 39.564953255954144, 8.939248236230839 ], [ 39.582927389129125, 8.786468104243486 ], [ 39.708746321354006, 8.705584504956065 ], [ 39.690772188179025, 8.435972507331323 ], [ 39.627862722066581, 8.346101841456411 ], [ 39.726720454528987, 8.175347576294076 ], [ 39.906461786278818, 8.130412243356618 ], [ 40.023293651916205, 7.905735578669335 ], [ 39.915448852866305, 7.645110647632086 ], [ 40.140125517553592, 7.564227048344664 ], [ 40.041267785091186, 7.303602117307415 ], [ 40.194047917078535, 7.195757318257519 ], [ 40.283918582953454, 7.060951319445149 ], [ 40.418724581765822, 6.917158254045288 ], [ 40.436698714940803, 6.656533323008039 ], [ 40.400750448590841, 6.431856658320755 ], [ 40.616440046690634, 6.297050659508385 ], [ 40.868077911140389, 6.036425728471136 ], [ 41.245534707815025, 5.721878397908939 ] ], [ [ 40.692830112684305, 4.281700977263455 ], [ 40.171580250609807, 4.596248307825652 ], [ 39.821084653697646, 4.910795638387849 ], [ 39.735707521116481, 5.281512135121863 ], [ 39.834565253578887, 5.515175866396638 ], [ 39.960384185803761, 5.640994798621517 ], [ 39.915448852866305, 5.865671463308801 ], [ 40.077216051441148, 5.991490395533679 ], [ 40.256957383190979, 6.027438661883645 ], [ 40.400750448590841, 6.431856658320755 ] ], [ [ 40.189554383784795, 3.499826184151708 ], [ 40.189554383784795, 3.77842524836394 ], [ 39.982851852272489, 4.074998445751154 ], [ 40.072722518147408, 4.227778577738507 ], [ 40.171580250609807, 4.596248307825652 ] ], [ [ 35.947729964352781, 8.51199170160327 ], [ 36.235375567869262, 8.353290678973488 ], [ 36.523021171385743, 8.254102539829875 ], [ 36.495870016325853, 7.896748512081843 ], [ 36.702572547838152, 7.47435638246975 ], [ 36.693585481250665, 7.13284785214508 ], [ 36.720546681013133, 6.872222921107831 ], [ 36.747507880775608, 6.584636790308108 ], [ 36.89130094617547, 6.252115326570928 ], [ 36.747507880775608, 5.946555062596222 ], [ 37.358628408725018, 5.802761997196361 ], [ 37.574318006824811, 5.640994798621517 ], [ 37.448499074599937, 5.506188799809147 ], [ 37.816968804687079, 5.32644746805932 ], [ 37.475460274362405, 4.940003604797193 ], [ 38.041645469374366, 4.713080173463039 ], [ 37.861904137624535, 4.407519909488334 ], [ 38.16746440159924, 4.092972578926137 ], [ 38.634791864148788, 3.895257114001327 ] ] ] } },
{ "type": "Feature", "properties": { "id": 23, "name": null, "size": 3, "continent": "Essos", "height": 2 }, "geometry": { "type": "MultiLineString", "coordinates": [ [ [ 51.546776200925606, -15.211754248329518 ], [ 51.71678258897434, -14.790691915139075 ], [ 51.922371709405354, -14.577195520845329 ], [ 52.120053555973634, -14.332070031100656 ], [ 52.226801753120505, -14.073106812096205 ], [ 52.669609089433457, -14.183808646174443 ] ], [ [ 54.630613007390835, -16.888096307228562 ], [ 54.709685746018145, -16.382030780013757 ], [ 54.587123001145812, -15.842359338882343 ], [ 54.377580243783427, -15.543859750564234 ] ], [ [ 52.902873668384018, -16.095392102489747 ], [ 53.049158234844562, -15.781077966446174 ], [ 53.665925596137612, -15.433157916485994 ], [ 53.934772907470474, -15.006165127898502 ], [ 54.140362027901489, -14.658245077938323 ], [ 53.887329264294088, -14.262881384801757 ] ], [ [ 55.484598584565816, -14.009848621194353 ], [ 55.231565820958416, -13.835888596214264 ], [ 55.247380368683878, -13.646114023508712 ], [ 55.136678534605636, -13.203306687195758 ], [ 54.598983911939904, -12.966088471313817 ] ], [ [ 54.678056650567221, -13.39308125990131 ], [ 53.824071073392233, -13.140048496293906 ], [ 53.507780118882984, -13.234935782646682 ] ], [ [ 53.087440408369261, -10.532131013970632 ], [ 52.998171083140008, -10.859451873144559 ], [ 52.889064130082033, -11.107422221003594 ], [ 52.958495827482558, -11.464499521920605 ], [ 53.285816686656489, -11.742226311522725 ], [ 53.176709733598514, -12.178654123754626 ], [ 52.938456400766327, -12.412579300922623 ], [ 52.906827305315403, -12.902830280411965 ], [ 52.653794541707995, -13.108419400842982 ], [ 52.748681828060775, -13.345637616724922 ], [ 52.210987205395043, -13.424710355352234 ], [ 51.894696250885787, -13.978219525743429 ] ], [ [ 51.230485246416357, -13.551226737155936 ], [ 51.214670698690895, -13.899146787116115 ], [ 50.993267030534412, -14.152179550723517 ], [ 50.97745248280895, -14.658245077938323 ], [ 50.534645146495997, -15.180125152878592 ] ], [ [ 49.237852233008056, -12.618168421353637 ], [ 49.032263112577041, -13.04516120994113 ], [ 48.992726743263383, -13.278425788891704 ] ], [ [ 47.371735601403458, -14.626615982487397 ], [ 47.703841103638176, -14.104735907547129 ], [ 48.241535726303908, -13.994034073468891 ] ], [ [ 48.241535726303908, -16.907864491885388 ], [ 47.941059319520114, -17.303228185021954 ], [ 47.972688414971046, -17.540446400903896 ], [ 47.90943022406919, -17.793479164511297 ], [ 47.7354701990891, -17.951624641765925 ], [ 47.498251983207162, -18.378617430353419 ] ], [ [ 47.181961028697906, -18.252101048549715 ], [ 47.261033767325223, -18.457690168980729 ], [ 47.181961028697906, -18.80561021894091 ], [ 46.940789175884596, -19.023060250166026 ] ], [ [ 46.411001827081598, -16.589596718910453 ], [ 46.474260017983447, -16.977053138184289 ], [ 46.379372731630674, -17.348695009732662 ] ], [ [ 48.870163998391043, -18.123607848280333 ], [ 48.632945782509104, -18.384547885750468 ], [ 48.5064294007054, -18.637580649357872 ], [ 48.372005745038969, -18.74828248343611 ], [ 47.802682026922312, -19.056666164082632 ] ], [ [ 47.225451034942928, -19.293884379964574 ], [ 47.399411059923018, -19.475751678807395 ], [ 47.407318333785746, -19.768320811728454 ], [ 47.280801951982042, -20.092519040100438 ], [ 47.336152869021163, -20.535326376413394 ] ], [ [ 48.364098471176241, -19.665526251512947 ], [ 48.285025732548924, -19.760413537865723 ], [ 48.285025732548924, -20.045075396924052 ], [ 48.229674815509803, -20.353459077570573 ], [ 48.174323898470689, -20.756730044569871 ] ], [ [ 46.537518208885302, -20.363343169898986 ], [ 46.735200055453582, -20.703355945996432 ], [ 46.695663686139923, -20.908945066427446 ], [ 46.964510997472793, -21.169885103897581 ] ], [ [ 47.209636487217466, -21.944797942445252 ], [ 47.233358308805656, -21.58106334475961 ], [ 46.980325545198255, -21.33593785501494 ] ], [ [ 51.388630723670978, -18.275822870137912 ], [ 51.009081578259874, -18.418153799667074 ], [ 51.05652522143626, -18.639557467823554 ], [ 50.763956088515201, -18.837239314391837 ], [ 50.289519656751324, -19.066550256411045 ], [ 49.973228702242068, -18.845146588254568 ] ], [ [ 51.40444527139644, -18.971662970058269 ], [ 51.080247043024457, -19.200973912077476 ], [ 51.048617947573533, -19.604244879076777 ], [ 51.198856150965426, -19.92053583358603 ], [ 51.412352545259175, -20.007515846076075 ] ], [ [ 52.203079931532308, -20.284270431271672 ], [ 52.037027180414945, -20.545210468741807 ], [ 51.443981640710099, -20.4424159085263 ], [ 51.05652522143626, -20.22101224036982 ] ], [ [ 50.740234266927011, -20.695448672133701 ], [ 51.001174304397139, -21.090812365270267 ], [ 50.866750648730708, -21.28849421183855 ], [ 51.072339769161722, -21.652228809524193 ] ], [ [ 50.218354191986741, -20.829872327800135 ], [ 50.076023262457575, -21.059183269819343 ], [ 50.052301440869378, -21.415010593642254 ], [ 50.368592395378634, -21.715487000426045 ], [ 50.866750648730708, -21.786652465190627 ] ], [ [ 51.238392520279085, -21.946774760910937 ], [ 51.40444527139644, -22.357953001772966 ], [ 51.32537253276913, -22.579356669929442 ], [ 50.953730661220753, -22.769131242634995 ] ], [ [ 52.384947230375126, -22.468654835851204 ], [ 52.369132682649663, -22.666336682419487 ], [ 52.250523574708694, -22.864018528987771 ], [ 51.957954441787635, -22.998442184654206 ] ], [ [ 54.258971135842458, -18.617812464701043 ], [ 54.591076638077169, -18.712699751053819 ], [ 54.598983911939904, -19.060619801013996 ], [ 54.504096625587124, -19.26620892144501 ] ], [ [ 54.227342040391527, -19.210858004405893 ], [ 54.053382015411437, -19.274116195307741 ], [ 54.061289289274171, -19.542963506640607 ], [ 54.108732932450557, -19.74064535320889 ], [ 54.092918384725095, -19.890883556600787 ], [ 53.816163799529498, -20.104379950894533 ] ], [ [ 54.401302065371617, -20.183452689521847 ], [ 54.171991123352413, -20.151823594070922 ], [ 53.990123824509588, -20.270432702011892 ], [ 53.974309276784126, -20.444392726991982 ], [ 54.045474741548709, -20.697425490599382 ], [ 54.029660193823247, -20.966272801932249 ] ], [ [ 49.324832245498101, -13.713325851341928 ], [ 49.538328639791843, -13.547273100224571 ], [ 49.917877785202947, -13.507736730910914 ] ], [ [ 51.934232620199438, -10.295406724176306 ], [ 51.594219844101993, -10.595883130960097 ], [ 51.364908902082782, -10.943803180920277 ], [ 51.175134329377229, -11.370795969507768 ] ], [ [ 53.215210985961917, -9.860506661726083 ], [ 52.93845640076632, -10.010744865117978 ], [ 52.906827305315396, -10.295406724176306 ], [ 52.551824456993742, -10.482536944398825 ], [ 52.412961062192686, -10.690832036600415 ], [ 52.403042248278318, -10.909045942716366 ], [ 51.936857994303338, -11.117341034917956 ], [ 51.748400529930471, -11.345473754948268 ], [ 51.797994599502275, -11.593444102807304 ], [ 51.460754926413991, -11.861252078495061 ] ] ] } },
{ "type": "Feature", "properties": { "id": 24, "name": null, "size": 3, "continent": "Essos", "height": 1 }, "geometry": { "type": "MultiLineString", "coordinates": [ [ [ 32.401393624263576, 10.95175420550213 ], [ 32.327362885610874, 11.13303827847327 ], [ 32.116731765205252, 11.275952433874115 ], [ 31.722315236834831, 11.460359137647195 ] ], [ [ 32.203711777695297, 14.923182503058946 ], [ 32.243248147008956, 14.693871561039737 ], [ 32.670240935596446, 14.527818809922378 ], [ 32.99443916396843, 14.266878772452245 ], [ 33.27956902138957, 14.227708219754026 ], [ 33.537458183162968, 14.336815172812001 ] ], [ [ 34.261531598911347, 11.589303718533895 ], [ 33.805266158850721, 11.609141346362616 ], [ 33.55729581099169, 11.876949322050374 ], [ 33.101030370931063, 12.075325600337603 ], [ 32.743953070014051, 12.452240529083335 ], [ 32.704277814356608, 12.809317830000346 ], [ 32.654683744784798, 13.166395130917357 ], [ 32.585252047384273, 13.463959548348198 ], [ 32.338135433361728, 13.839885983864752 ], [ 32.156268134518911, 14.100826021334885 ] ], [ [ 31.147024029801869, 14.981538077245492 ], [ 31.315643866346011, 14.753405357215179 ], [ 31.385075563746543, 14.505435009356145 ], [ 31.345400308089097, 14.18803296409658 ], [ 31.275968610688565, 13.969819057980629 ], [ 31.266049796774205, 13.830955663179569 ], [ 31.494182516804518, 13.573066501406174 ], [ 31.672721167263024, 13.344933781375861 ], [ 31.682639981177385, 13.146557503088633 ], [ 31.910772701207694, 12.928343596972683 ], [ 31.871097445550252, 12.630779179541841 ], [ 31.742152864663552, 12.313377134282275 ], [ 31.732234050749192, 11.995975089022711 ], [ 31.553695400290685, 11.70832948550623 ], [ 31.722315236834831, 11.460359137647195 ], [ 31.761990492492274, 11.142957092387631 ], [ 31.881016259464612, 10.875149116699873 ], [ 31.881016259464612, 10.656935210583923 ], [ 31.761990492492274, 10.518071815782863 ], [ 31.642964725519938, 10.319695537495635 ], [ 31.424750819403986, 10.14115688703713 ], [ 31.315643866346011, 9.92294298092118 ], [ 31.484263702890157, 9.764241958291397 ], [ 31.206536913288037, 9.665053819147783 ], [ 31.107348774144423, 9.436921099117471 ], [ 30.87921605411411, 9.357570587802579 ], [ 30.74035265931305, 9.139356681686628 ], [ 30.591570450597629, 8.871548705998871 ] ], [ [ 33.805266158850721, 14.902187565930602 ], [ 33.51762055533424, 14.753405357215179 ], [ 33.497782927505519, 14.644298404157205 ], [ 33.537458183162968, 14.336815172812001 ], [ 33.636646322306582, 14.128520080610413 ], [ 33.706078019707107, 13.949981430151906 ], [ 33.487864113591158, 13.771442779693402 ], [ 33.884616670165613, 13.582985315320535 ], [ 33.864779042336892, 13.384609037033307 ], [ 34.172262273682094, 13.305258525718415 ], [ 34.172262273682094, 13.176313944831717 ], [ 33.954048367566145, 13.017612922201936 ], [ 34.023480064966677, 12.789480202171623 ], [ 34.142505831939012, 12.581185109970034 ], [ 34.311125668483157, 12.343133576025361 ], [ 34.12266820411029, 12.12491966990941 ], [ 34.12266820411029, 11.876949322050374 ], [ 34.261531598911347, 11.589303718533895 ], [ 34.330963296311879, 11.321495742846135 ], [ 34.529339574599106, 11.13303827847327 ], [ 34.85666043377303, 10.865230302785513 ], [ 35.14430603728951, 10.647016396669562 ] ] ] } },
{ "type": "Feature", "properties": { "id": 25, "name": "Painted Mountains", "size": 3, "continent": "Essos", "height": 3 }, "geometry": { "type": "MultiLineString", "coordinates": [ [ [ 49.380183162537314, -5.802098351679325 ], [ 49.514606818203752, -5.643952874424698 ], [ 49.822990498850274, -5.477900123307339 ], [ 49.981135976104902, -5.327661919915443 ], [ 50.076023262457674, -4.995556417680726 ] ], [ [ 48.772756355622043, -5.473535917646317 ], [ 49.159590098282138, -5.21564675587292 ], [ 49.476992143541707, -5.245403197616005 ], [ 49.69647411704657, -5.161609168798085 ], [ 49.883663514030523, -5.156133872386752 ], [ 50.076023262457674, -4.995556417680726 ], [ 50.33992895409115, -4.957757594099524 ], [ 50.471386955594241, -4.829503666563368 ], [ 50.677168627179434, -4.799056571469741 ], [ 50.961637935083587, -4.655543641583278 ], [ 51.096061590750018, -4.544841807505039 ] ], [ [ 50.032445722745948, -4.412222828809647 ], [ 50.33696329992781, -4.544841807505039 ], [ 50.669068802162528, -4.481583616603189 ], [ 51.096061590750018, -4.544841807505039 ], [ 51.483518010023857, -4.497398164328651 ], [ 51.910510798611348, -4.647636367720547 ], [ 52.179868935205192, -4.620517921011236 ], [ 52.318732330006249, -4.342791131409117 ], [ 52.556783863950926, -4.342791131409117 ], [ 52.695647258751983, -4.203927736608057 ], [ 52.874185909210489, -4.22376536443678 ], [ 53.013049304011545, -4.045226713978274 ], [ 53.261019651870583, -4.074983155721358 ], [ 53.588340511044507, -3.995632644406467 ] ], [ [ 52.645887267845367, -7.195755369985727 ], [ 52.424483599688891, -6.776669855260965 ], [ 52.02121263268959, -6.499915270065367 ], [ 51.72864349976853, -6.238975232595233 ], [ 51.957954441787741, -5.843611539458665 ], [ 51.817832227330996, -5.711587451590991 ], [ 51.669050018615579, -5.542967615046847 ], [ 51.41116085684218, -5.49337354547504 ], [ 51.262378648126756, -5.691749823762268 ], [ 50.885463719381022, -5.661993382019184 ], [ 50.816032021980497, -5.810775590734605 ], [ 50.845788463723579, -5.999233055107472 ], [ 50.528386418464017, -6.068664752508002 ], [ 50.310172512348061, -6.247203402966507 ], [ 50.310172512348061, -6.415823239510651 ], [ 50.429198279320403, -6.673712401284048 ] ], [ [ 53.594760131373128, -6.547358913241755 ], [ 53.547316488196742, -6.318047971222546 ], [ 53.729183787039567, -6.033386112164218 ], [ 53.985093067618969, -5.929801357706942 ], [ 54.054524765019494, -5.781019148991521 ] ], [ [ 50.622615150650446, -3.400503809544782 ], [ 51.341187080494691, -3.516896205349962 ], [ 51.768179869082189, -3.556432574663619 ], [ 52.210987205395142, -3.635505313290933 ], [ 52.329596313336111, -3.833187159859217 ], [ 52.653794541708102, -3.841094433721948 ], [ 52.765078956152514, -4.025389086149551 ], [ 53.013049304011545, -4.045226713978274 ] ], [ [ 53.598713768304499, -3.192697976977977 ], [ 53.741044697833665, -3.129439786076126 ], [ 53.835931984186438, -2.749890640665021 ], [ 54.152222938695694, -2.694539723625901 ], [ 54.389441154577632, -2.488950603194886 ] ], [ [ 54.857948692082772, -3.212046345171915 ], [ 54.421070250028563, -3.406194371271723 ], [ 54.049428378480187, -3.508988931487231 ], [ 53.883375627362831, -3.643412587153664 ] ], [ [ 55.105919039941803, -5.456177993296184 ], [ 55.002254878939318, -5.07462915630804 ], [ 55.046406156455639, -4.851130344520138 ], [ 54.923182140312008, -4.560656355230502 ], [ 55.160400356193946, -4.418325425701338 ], [ 55.199936725507605, -4.165292662093933 ], [ 55.365989476624961, -3.999239910976575 ], [ 55.413402271287005, -3.81461429046937 ], [ 55.34397057388648, -3.546806314781612 ] ], [ [ 59.63881699880497, -4.22624506791537 ], [ 59.276136401745617, -4.08621992346662 ], [ 59.103201047429451, -4.15681337051484 ], [ 58.951938173373634, -4.038776280290232 ], [ 58.756042560426806, -4.117138114857394 ], [ 58.517038110923409, -4.054590828015695 ], [ 58.289858306451819, -4.067544045285587 ], [ 58.081563214250231, -3.874127173955539 ] ], [ [ 57.069844194985365, -3.864208360041177 ], [ 57.040087753242283, -4.08738167311431 ], [ 56.896046969063484, -4.157385388231202 ], [ 56.84860332588709, -4.442047247289532 ], [ 56.658828753181538, -4.576470902955965 ], [ 56.556034192966031, -4.837410940426099 ], [ 56.571848740691493, -5.003463691543458 ], [ 56.445332358887796, -5.129980073347159 ], [ 56.326723250946827, -5.296032824464518 ], [ 56.334630524809555, -5.493714671032802 ], [ 56.152763225966737, -5.612323778973773 ], [ 56.358352346397751, -5.754654708502937 ], [ 56.429517811162334, -6.031409293698534 ], [ 56.674643300907, -6.23699841412955 ], [ 56.706272396357932, -6.52956754705061 ], [ 56.707807487111175, -6.775380243906252 ], [ 56.559025278395751, -6.795217871734975 ], [ 56.459837139252137, -6.993594150022203 ], [ 56.301136116622352, -7.053107033508371 ], [ 56.231704419221828, -7.281239753538683 ], [ 56.0333281409346, -7.390346706596659 ], [ 55.844870676561733, -7.330833823110491 ], [ 55.696088467846309, -7.40026552051102 ], [ 55.537387445216524, -7.380427892682298 ], [ 55.170391330385151, -7.598641798798249 ], [ 54.962096238183562, -7.549047729226442 ], [ 54.862908099039949, -7.628398240541333 ], [ 54.624856565095278, -7.558966543140803 ], [ 54.247941636349545, -7.668073496198779 ] ], [ [ 55.164353993125317, -8.684299674644905 ], [ 55.219704910164431, -8.447081458762963 ], [ 55.441108578320915, -8.178234147430096 ], [ 55.362035839693597, -7.948923205410887 ], [ 55.638790424889194, -7.798685002018992 ], [ 55.75560135133248, -7.648235868370056 ], [ 55.696088467846309, -7.40026552051102 ] ], [ [ 63.783282503502498, -5.029162331597335 ], [ 63.17442241607219, -4.807758663440857 ], [ 62.802780544523813, -4.871016854342708 ], [ 62.396247266997442, -4.831292716691415 ], [ 62.187952174795853, -4.583322368832381 ] ], [ [ 58.131157283822034, -6.289358362102543 ], [ 57.983297125189047, -5.914777004223247 ], [ 57.738171635444374, -5.622207871302186 ], [ 57.453509776386049, -5.400804203145708 ], [ 57.615378960275244, -5.07926306455045 ] ], [ [ 56.556034192966031, -4.837410940426099 ], [ 56.813020593504802, -4.94218231910729 ], [ 57.034424261661286, -4.799851389578126 ], [ 57.1888699619577, -5.128857134122257 ], [ 57.615378960275244, -5.07926306455045 ], [ 57.912943377706085, -5.178451203694065 ], [ 58.111319655993313, -5.198288831522787 ], [ 58.488234584739047, -5.109019506293535 ], [ 58.944500024799673, -5.198288831522787 ], [ 59.222226814401793, -5.267720528923317 ], [ 59.539628859661356, -5.247882901094594 ], [ 59.827274463177837, -5.019750181064282 ], [ 60.283539903238463, -5.109019506293535 ], [ 60.610860762412386, -4.99991255323556 ], [ 60.888587552014506, -4.8610491584345 ], [ 61.354771805989493, -4.811455088862693 ], [ 61.82095605996448, -4.603159996661103 ], [ 62.187952174795853, -4.583322368832381 ], [ 62.515273033969777, -4.355189648802067 ], [ 63.318696961033055, -4.414702532288236 ] ], [ [ 59.827274463177837, -5.019750181064282 ], [ 60.189426532891098, -4.744500472539006 ], [ 60.561068404439467, -4.531004078245259 ], [ 61.082948479379738, -4.372858600990632 ], [ 61.280630325948025, -4.254249493049662 ] ], [ [ 54.649653599881184, -6.842332237828192 ], [ 54.570303088566291, -6.634037145626602 ], [ 54.590140716395013, -6.356310356024482 ], [ 54.233063415478, -6.118258822079809 ], [ 54.054524765019494, -5.781019148991521 ], [ 53.885904928475348, -5.691749823762268 ], [ 53.737122719759931, -5.463617103731956 ], [ 53.518908813643982, -5.414023034160149 ], [ 53.43955830232909, -5.235484383701643 ], [ 53.141993884898248, -5.245403197616005 ], [ 53.052724559668995, -5.14621505847239 ], [ 53.191587954470052, -4.937919966270801 ], [ 53.221344396213141, -4.58084266535379 ], [ 53.320532535356755, -4.44197927055273 ], [ 53.459395930157811, -4.3725475731522 ], [ 53.588340511044507, -3.995632644406467 ], [ 53.925580184132798, -4.005551458320828 ], [ 54.094200020676944, -3.797256366119239 ], [ 54.362007996364696, -3.787337552204877 ], [ 54.590140716395013, -3.529448390431481 ], [ 54.768679366853519, -3.489773134774035 ], [ 54.857948692082772, -3.212046345171915 ], [ 55.076162598198721, -2.973994811227242 ], [ 55.205107179085417, -2.785537346854375 ] ], [ [ 60.085163624951235, -3.169891386035879 ], [ 59.59914174314752, -3.140134944292794 ], [ 59.519791231832635, -3.398024106066191 ], [ 59.311496139631039, -3.427780547809275 ], [ 59.182551558744343, -3.576562756524696 ], [ 59.073444605686369, -3.576562756524696 ], [ 58.904824769142223, -3.655913267839588 ], [ 58.607260351711382, -3.596400384353419 ], [ 58.418802887338515, -3.755101406983202 ], [ 58.230345422965648, -3.774939034811925 ], [ 58.081563214250231, -3.874127173955539 ], [ 57.922862191620446, -3.874127173955539 ], [ 57.486434379388541, -3.993152940927875 ], [ 57.069844194985365, -3.864208360041177 ], [ 56.821873847126326, -3.874127173955539 ], [ 56.653254010582188, -3.755101406983202 ], [ 56.107719245292309, -3.784857848726286 ], [ 55.839911269604549, -3.536887500867251 ], [ 55.34397057388648, -3.546806314781612 ], [ 55.036487342541278, -3.457536989552359 ], [ 54.768679366853519, -3.489773134774035 ] ], [ [ 55.75560135133248, -6.527409896047216 ], [ 55.557225073045252, -6.239764292530736 ], [ 55.735763723503752, -6.041388014243507 ], [ 55.894464746133536, -5.882686991613725 ], [ 56.142435093992574, -5.882686991613725 ], [ 56.358352346397751, -5.754654708502937 ] ], [ [ 62.60454235919903, -5.257801715008956 ], [ 62.158195733052764, -5.14869476195098 ], [ 61.781280804307031, -5.14869476195098 ], [ 61.49363520079055, -5.019750181064282 ], [ 61.275421294674601, -5.07926306455045 ], [ 61.136557899873544, -4.940399669749391 ], [ 60.888587552014506, -4.8610491584345 ] ], [ [ 60.898506365928867, -3.628636529575095 ], [ 60.501753809354412, -3.499691948688397 ], [ 60.253783461495374, -3.66831178523254 ], [ 60.055407183208146, -3.66831178523254 ], [ 59.866949718835279, -3.608798901746372 ], [ 59.618979370976248, -3.707987040889986 ], [ 59.331333767459768, -3.66831178523254 ], [ 59.182551558744343, -3.576562756524696 ] ], [ [ 58.656854421283192, -2.306954575486436 ], [ 58.587422723882661, -2.47557441203058 ], [ 58.587422723882661, -2.703707132060893 ], [ 58.408884073424154, -2.852489340776314 ], [ 58.329533562109262, -3.060784432977903 ], [ 58.002212702935338, -3.189729013864601 ], [ 57.793917610733743, -3.517049873038528 ], [ 57.853430494219914, -3.725344965240117 ], [ 58.081563214250231, -3.874127173955539 ] ] ] } },
{ "type": "Feature", "properties": { "id": 26, "name": null, "size": 2, "continent": "Essos", "height": 2 }, "geometry": { "type": "MultiLineString", "coordinates": [ [ [ 69.255116016512602, -4.056567646481378 ], [ 68.891381418826967, -4.167269480559617 ], [ 68.725328667709604, -4.388673148716094 ], [ 68.598812285905908, -4.53891135210799 ], [ 68.503924999553135, -4.744500472539006 ], [ 68.211355866632061, -4.744500472539006 ], [ 67.800177625770033, -4.815665937303588 ], [ 67.744826708730912, -4.973811414558215 ], [ 67.507608492848973, -5.076605974773723 ], [ 67.294112098555232, -5.044976879322798 ], [ 67.207132086065187, -5.179400534989231 ], [ 67.286204824692504, -5.432433298596634 ] ], [ [ 69.02449466526943, -17.073588790492117 ], [ 69.232789757471011, -16.637160978260212 ], [ 69.480760105330049, -16.557810466945323 ], [ 69.649379941874201, -16.349515374743731 ], [ 70.115564195849188, -16.299921305171925 ], [ 70.502397938509276, -15.893249934683105 ], [ 70.403209799365669, -15.655198400738431 ], [ 70.145320637592263, -15.417146866793757 ], [ 70.383372171536948, -15.298121099821421 ], [ 70.5005116498928, -15.186055608275764 ], [ 70.760287100282682, -15.228689402420891 ], [ 71.133093558911312, -15.091168321922988 ], [ 71.524035771688503, -15.089826007619831 ], [ 71.670788181577052, -14.980466487844749 ], [ 71.591715442949734, -14.506030056080867 ], [ 71.449384513420569, -14.268811840198927 ], [ 71.266146609915111, -14.048350546611879 ] ], [ [ 60.801797930263795, -13.983878256168532 ], [ 61.154113944144321, -13.766699949915486 ], [ 61.436602020782928, -13.805339605710026 ], [ 61.699715840672788, -13.679719937425441 ], [ 62.081324925216421, -13.745826722223859 ], [ 62.413605191347528, -13.659037100473194 ] ], [ [ 67.006016033696881, -13.061428562132919 ], [ 67.325741194006156, -12.825734360250454 ], [ 67.442443845928779, -12.922565167331859 ], [ 67.792270351907305, -12.802012538662259 ], [ 67.974137650750123, -12.888992551152304 ], [ 68.136760819934082, -12.942402795160582 ], [ 68.295461842563867, -12.872971097760052 ] ], [ [ 66.827582940654082, -12.280132463721991 ], [ 67.015934847611234, -12.248085821155282 ], [ 67.215039359927914, -12.106172438741901 ], [ 67.460164849672594, -12.216874272820139 ], [ 67.759845891188348, -12.089384798525499 ] ], [ [ 70.145320637592263, -15.417146866793757 ], [ 69.877512661904504, -15.575847889423541 ], [ 69.570029430559302, -15.734548912053324 ], [ 69.252627385299732, -15.675036028567154 ], [ 69.331977896614632, -15.417146866793757 ], [ 69.619623500131112, -15.218770588506528 ], [ 69.679136383617276, -14.95096261281877 ], [ 70.155239451506631, -14.762505148445902 ], [ 70.581748449824175, -14.46494073101506 ], [ 70.631342519395972, -14.226889197070385 ], [ 70.561910821995454, -13.959081221382627 ], [ 70.244508776735884, -13.740867315266675 ] ], [ [ 59.874388829271005, -12.10178331591845 ], [ 60.201709688444929, -12.24064671071951 ], [ 60.300897827588543, -12.359672477691847 ], [ 60.31081664150291, -12.51837350032163 ], [ 60.410004780646524, -12.696912150780136 ], [ 60.548868175447581, -12.696912150780136 ], [ 60.806757337220979, -12.72666859252322 ], [ 60.806757337220979, -12.875450801238641 ], [ 60.955539545936404, -13.00439538212534 ], [ 61.084484126823099, -12.964720126467894 ], [ 61.213428707709795, -13.1432587769264 ], [ 61.332454474682137, -13.331716241299267 ], [ 61.639937706027339, -13.242446916070014 ], [ 61.739125845170953, -13.35155386912799 ], [ 61.92758330954382, -13.252365729984376 ], [ 61.937502123458181, -13.49041726392905 ], [ 62.086284332173605, -13.49041726392905 ], [ 62.304498238289554, -13.401147938699797 ], [ 62.413605191347528, -13.659037100473194 ], [ 62.651656725292206, -13.76814405353117 ], [ 63.098003351438471, -13.69871235613064 ], [ 63.236866746239528, -13.877251006589146 ], [ 63.167435048839003, -14.055789657047653 ], [ 63.266623187982617, -14.154977796191266 ], [ 63.534431163670369, -14.055789657047653 ], [ 63.554268791499098, -14.264084749249243 ], [ 63.792320325443768, -14.17481542401999 ], [ 64.09980355678897, -14.194653051848713 ], [ 63.941102534159192, -14.422785771879024 ], [ 64.010534231559717, -14.611243236251893 ], [ 64.218829323761312, -14.67075611973806 ], [ 64.22874813767568, -14.86913239802529 ], [ 64.41720560204854, -15.01791460674071 ], [ 64.407286788134172, -15.186534443284856 ], [ 64.575906624678325, -15.275803768514107 ], [ 64.754445275136831, -15.15677800154177 ], [ 64.804039344708642, -14.998076978911987 ], [ 65.027212657781774, -15.035272531090845 ], [ 65.205751308240281, -14.906327950204146 ] ], [ [ 67.943343948604024, -13.725989094395135 ], [ 67.695373600745, -13.735907908309496 ], [ 67.606104275515747, -13.944203000511086 ], [ 67.417646811142873, -13.983878256168532 ], [ 67.27878341634181, -13.825177233538749 ], [ 67.01097544065405, -13.854933675281835 ], [ 66.872112045853001, -13.696232652652052 ], [ 66.634060511908316, -13.835096047453112 ], [ 66.941543743253519, -13.973959442254172 ], [ 66.862193231938633, -14.132660464883955 ], [ 66.891949673681722, -14.340955557085545 ], [ 66.733248651051937, -14.459981324057882 ], [ 66.683654581480127, -14.698032858002556 ], [ 66.53487237276471, -14.876571508461062 ], [ 66.356333722306204, -14.995597275433399 ], [ 66.26706439707695, -15.203892367634989 ], [ 66.078606932704076, -15.322918134607326 ], [ 65.939743537903027, -15.233648809378073 ], [ 65.919905910074291, -15.065028972833929 ], [ 65.612422678729089, -14.946003205861592 ], [ 65.39420877261314, -15.015434903262122 ], [ 65.205751308240281, -14.906327950204146 ], [ 65.10656316909666, -14.559169463201496 ], [ 64.957780960381243, -14.350874370999906 ], [ 65.15615723866847, -14.261605045770652 ], [ 65.076806727353571, -14.063228767483425 ], [ 65.136319610839749, -13.904527744853642 ], [ 65.34461470304133, -13.835096047453112 ], [ 65.265264191726445, -13.567288071765352 ], [ 65.453721656099304, -13.458181118707376 ], [ 65.483478097842394, -13.101103817790365 ] ], [ [ 64.913146297766616, -12.089384798525499 ], [ 65.101603762139476, -11.841414450666463 ], [ 65.329736482169793, -11.781901567180295 ], [ 65.329736482169793, -11.514093591492536 ], [ 65.200791901283097, -11.395067824520199 ], [ 65.319817668255425, -10.998315267945742 ], [ 65.468599876970856, -10.988396454031379 ], [ 65.617382085686273, -10.700750850514899 ], [ 65.786001922230412, -10.542049827885116 ], [ 66.073647525746907, -10.542049827885116 ], [ 66.40096838492083, -10.343673549597886 ], [ 66.579507035379336, -10.353592363512249 ], [ 66.629101104951147, -10.561887455713839 ], [ 66.837396197152728, -10.551968641799478 ], [ 67.045691289354323, -10.670994408771815 ], [ 67.214311125898462, -10.780101361829789 ], [ 67.323418078956436, -11.067746965346272 ], [ 67.432525032014411, -11.147097476661163 ], [ 67.680495379873449, -11.147097476661163 ], [ 67.789602332931423, -11.335554941034029 ], [ 67.581307240729842, -11.494255963663813 ], [ 67.670576565959095, -11.652956986293596 ], [ 67.789602332931423, -11.762063939351572 ], [ 67.670576565959095, -11.891008520238271 ], [ 67.759845891188348, -12.089384798525499 ], [ 67.888790472075044, -12.099303612439861 ], [ 68.037572680790461, -12.258004635069643 ], [ 68.315299470392588, -12.456380913356872 ], [ 68.325218284306942, -12.684513633387185 ], [ 68.295461842563867, -12.872971097760052 ], [ 68.424406423450563, -13.130860259533449 ], [ 68.513675748679816, -13.259804840420149 ], [ 68.414487609536195, -13.478018746536099 ], [ 68.196273703420246, -13.666476210908966 ], [ 68.196273703420246, -13.894608930939279 ], [ 68.33513709822131, -14.112822837055232 ], [ 68.285543028649499, -14.192173348370122 ], [ 68.166517261677157, -14.192173348370122 ], [ 68.027653866876108, -14.271523859685015 ], [ 67.849115216417601, -14.271523859685015 ], [ 67.710251821616538, -14.469900137972243 ], [ 67.412687404185689, -14.668276416259472 ] ], [ [ 64.476718485534704, -10.398227026126873 ], [ 64.92306511168097, -10.44782109569868 ], [ 65.061928506482033, -10.606522118328463 ], [ 65.33965529608416, -10.566846862671019 ], [ 65.438843435227767, -10.675953815728993 ], [ 65.617382085686273, -10.700750850514899 ] ], [ [ 64.694932391650667, -9.783260563436466 ], [ 65.091684948225122, -9.773341749522103 ], [ 65.131360203882565, -9.902286330408803 ], [ 65.637219713514995, -9.941961586066249 ], [ 65.666976155258084, -10.219688375668369 ], [ 65.984378200517654, -10.09074379478167 ], [ 66.014134642260728, -10.249444817411453 ], [ 66.123241595318703, -10.30895770089762 ], [ 66.232348548376677, -10.289120073068899 ], [ 66.40096838492083, -10.343673549597886 ] ], [ [ 67.888790472075044, -8.047468128423215 ], [ 67.888790472075044, -8.29543847628225 ], [ 68.116923192105361, -8.464058312826396 ], [ 68.156598447762804, -8.682272218942346 ], [ 68.057410308619183, -8.900486125058297 ], [ 68.38473116779312, -8.940161380715743 ], [ 68.404568795621842, -9.207969356403503 ], [ 68.483919306936727, -9.376589192947646 ], [ 68.424406423450563, -9.783260563436466 ], [ 68.196273703420246, -9.862611074751356 ], [ 68.06732912253355, -10.09074379478167 ], [ 67.918546913818119, -10.120500236524753 ], [ 67.720170635530891, -10.209769561754007 ], [ 67.402768590271336, -10.259363631325813 ], [ 67.412687404185689, -10.497415165270489 ], [ 67.333336892870804, -10.64619737398591 ], [ 67.214311125898462, -10.780101361829789 ] ], [ [ 67.422606218100057, -9.079024775516803 ], [ 67.343255706785158, -9.3369139372902 ], [ 67.442443845928779, -9.54520902949179 ], [ 67.343255706785158, -9.713828866035936 ], [ 67.392849776356968, -9.902286330408803 ], [ 67.521794357243664, -9.922123958237526 ], [ 67.720170635530891, -10.209769561754007 ] ], [ [ 66.579507035379336, -10.353592363512249 ], [ 66.668776360608589, -10.070906166952946 ], [ 66.519994151893158, -9.922123958237526 ], [ 66.480318896235715, -9.713828866035936 ], [ 66.35137431534902, -9.426183262519453 ], [ 66.58942584929369, -9.217888170317863 ], [ 66.440643640578273, -8.98975545028755 ], [ 66.291861431862856, -8.92032375288702 ], [ 66.291861431862856, -8.692191032856707 ], [ 66.232348548376677, -8.543408824141286 ], [ 66.480318896235715, -8.483895940655117 ], [ 66.529912965807526, -8.206169151052997 ], [ 66.6390199188655, -8.166493895395552 ], [ 66.6390199188655, -8.037549314508853 ], [ 66.758045685837843, -7.997874058851408 ], [ 66.748126871923475, -7.80941659447854 ], [ 66.678695174522943, -7.690390827506203 ], [ 67.015934847611234, -7.611040316191311 ], [ 67.006016033696881, -7.432501665732806 ], [ 67.27382400938464, -7.363069968332276 ], [ 67.115122986754855, -7.18453131787377 ], [ 66.996097219782513, -7.144856062216324 ], [ 67.154798242412298, -6.996073853500903 ], [ 67.343255706785158, -6.996073853500903 ], [ 67.452362659843132, -6.867129272614204 ] ], [ [ 66.519994151893158, -9.922123958237526 ], [ 66.152998037061792, -9.763422935607743 ], [ 65.954621758774564, -9.584884285149236 ], [ 65.260304784769261, -9.436102076433816 ], [ 65.042090878653312, -9.118700031174249 ], [ 65.091684948225122, -8.761622730257237 ], [ 65.270223598683629, -8.43430187108331 ], [ 65.488437504799577, -8.255763220624805 ], [ 65.776083108316058, -7.997874058851408 ], [ 66.182754478804881, -7.789578966649818 ], [ 66.371211943177741, -7.591202688362588 ] ], [ [ 68.840996607853739, -6.053786531636566 ], [ 68.444244051279284, -5.994273648150398 ], [ 68.345055912135663, -6.14305585686582 ], [ 68.057410308619183, -6.123218229037096 ], [ 67.928465727732487, -6.311675693409964 ], [ 67.70033300770217, -6.331513321238686 ], [ 67.601144868558563, -6.62907773866953 ] ], [ [ 68.196273703420246, -6.668752994326976 ], [ 68.454162865193638, -6.738184691727506 ], [ 68.503756934765448, -7.025830295243987 ], [ 68.731889654795765, -7.04566792307271 ], [ 68.840996607853739, -7.343232340503553 ], [ 69.019535258312246, -7.343232340503553 ], [ 69.158398653113309, -7.541608618790781 ], [ 69.465881884458511, -7.501933363133336 ], [ 69.4956383262016, -7.700309641420565 ], [ 69.743608674060624, -7.720147269249288 ], [ 69.743608674060624, -7.898685919707793 ], [ 69.902309696690409, -8.057386942337576 ], [ 69.892390882776056, -8.245844406710443 ], [ 70.021335463662751, -8.305357290196612 ], [ 70.021335463662751, -8.483895940655117 ], [ 70.199874114121258, -8.721947474599792 ], [ 70.656139554181877, -8.930242566801383 ] ], [ [ 69.346856117486169, -9.54520902949179 ], [ 69.44604425662979, -9.029430705944996 ], [ 69.336937303571816, -8.92032375288702 ], [ 69.436125442715422, -8.57316526588437 ], [ 69.336937303571816, -8.513652382398202 ], [ 69.525394767944675, -8.255763220624805 ], [ 69.63450172100265, -8.206169151052997 ], [ 69.803121557546802, -8.325194918025336 ], [ 69.892390882776056, -8.245844406710443 ] ], [ [ 69.227830350513841, -6.62907773866953 ], [ 69.346856117486169, -6.877048086528566 ], [ 69.525394767944675, -6.877048086528566 ], [ 69.624582907088296, -6.956398597843457 ], [ 69.803121557546802, -7.125018434387601 ], [ 69.723771046231903, -7.283719457017384 ], [ 69.584907651430854, -7.283719457017384 ], [ 69.574988837516486, -7.39282641007536 ], [ 69.465881884458511, -7.501933363133336 ] ] ] } },
{ "type": "Feature", "properties": { "id": 27, "name": null, "size": 1, "continent": "Essos", "height": 1 }, "geometry": { "type": "MultiLineString", "coordinates": [ [ [ 76.102815181637965, -8.026019125572519 ], [ 76.371662492970827, -7.788800909690579 ], [ 75.928855156657875, -7.504139050632251 ], [ 76.434920683872676, -7.251106287024847 ], [ 76.308404302068979, -6.98225897569198 ], [ 76.798655281558325, -6.729226212084577 ], [ 76.672138899754614, -6.333862518948009 ] ], [ [ 77.020058949714794, -5.258473273616545 ], [ 76.498178874774524, -5.495691489498485 ], [ 76.672138899754614, -5.685466062204038 ] ] ] } },
{ "type": "Feature", "properties": { "id": 28, "name": "Kraazaj Zasqa", "size": 4, "continent": "Essos", "height": 3 }, "geometry": { "type": "MultiLineString", "coordinates": [ [ [ 91.470601933856358, 12.190903322965882 ], [ 91.296641908876268, 12.032757845711254 ], [ 91.21756917024895, 11.89042691618209 ], [ 91.209661896386223, 11.756003260515657 ], [ 91.027794597543391, 11.732281438927464 ], [ 90.901278215739694, 11.613672330986493 ], [ 90.877556394151497, 11.463434127594597 ], [ 90.627671370748629, 11.430602695904048 ], [ 90.434749057838545, 11.589950509398298 ], [ 90.340025767232149, 11.450440323732771 ], [ 90.211081186345439, 11.460359137647131 ] ], [ [ 91.913409270169311, 10.783408575399699 ], [ 91.715727423601024, 10.66479946745873 ], [ 91.415251016817237, 10.720150384497849 ], [ 90.885463668014225, 10.72805765836058 ], [ 90.490099974877666, 11.020626791281641 ], [ 90.171405930687996, 11.063606581072674 ], [ 90.141649488944921, 11.291739301102988 ], [ 90.211081186345439, 11.460359137647131 ], [ 90.052380163715668, 11.490115579390217 ], [ 90.052380163715668, 11.708329485506168 ], [ 89.883760327171515, 11.728167113334891 ], [ 89.873841513257162, 11.956299833365204 ], [ 89.635789979312477, 12.045569158594457 ], [ 89.526683026254503, 12.263783064710408 ], [ 89.526683026254503, 12.41256527342583 ], [ 89.239037422738022, 12.472078156911998 ], [ 89.139849283594415, 12.601022737798697 ], [ 89.179524539251858, 12.779561388257203 ], [ 89.090255214022605, 12.878749527400817 ], [ 89.2985503062242, 13.10688224743113 ], [ 89.278712678395465, 13.354852595290165 ], [ 89.149768097508769, 13.444121920519418 ], [ 89.000985888793352, 13.404446664861974 ], [ 88.792690796591756, 13.66233582663537 ] ], [ [ 86.779171571976391, 15.38820944773426 ], [ 86.828765641548202, 15.199751983361391 ], [ 86.987466664177987, 14.981538077245441 ], [ 87.046979547664151, 14.842674682444381 ], [ 87.205680570293936, 14.872431124187464 ], [ 87.404056848581163, 14.753405357215128 ], [ 87.413975662495517, 14.574866706756621 ], [ 87.523082615553491, 14.574866706756621 ], [ 87.622270754697112, 14.455840939784284 ] ], [ [ 88.118211450415188, 15.289021308590645 ], [ 87.989266869528478, 15.100563844217778 ], [ 87.999185683442846, 14.852593496358741 ], [ 88.048779753014657, 14.703811287643321 ], [ 87.87024110255615, 14.525272637184814 ], [ 87.622270754697112, 14.455840939784284 ], [ 87.642108382525834, 14.247545847582694 ], [ 87.572676685125302, 14.088844824952911 ], [ 87.413975662495517, 14.069007197124188 ], [ 87.483407359896049, 13.870630918836961 ], [ 87.572676685125302, 13.731767524035901 ], [ 87.423894476409885, 13.602822943149201 ], [ 87.285031081608821, 13.582985315320478 ], [ 87.136248872893404, 13.344933781375804 ], [ 87.126330058979036, 13.136638689174214 ], [ 86.878359711119998, 13.10688224743113 ], [ 86.878359711119998, 12.918424783058263 ], [ 86.729577502404581, 12.888668341315178 ], [ 86.858522083291277, 12.700210876942311 ], [ 87.056898361578504, 12.700210876942311 ], [ 87.146167686807757, 12.601022737798697 ], [ 87.453650918152974, 12.749804946514118 ], [ 87.592514312954023, 12.432402901254552 ], [ 87.731377707755087, 12.511753412569444 ], [ 87.880159916470504, 12.41256527342583 ], [ 88.227318403473163, 12.541509854312528 ] ], [ [ 84.884678114333354, 11.202469975873734 ], [ 85.211998973507278, 11.400846254160964 ], [ 85.539319832681215, 11.440521509818408 ], [ 85.727777297054075, 11.490115579390217 ], [ 85.866640691855139, 11.688491857677445 ], [ 86.074935784056734, 11.549628462876385 ], [ 86.422094271059379, 11.509953207218938 ], [ 86.818846827633834, 11.351252184589157 ], [ 87.017223105921062, 11.212388789788097 ], [ 87.175924128550847, 11.152875906301928 ], [ 87.384219220752442, 11.321495742846071 ], [ 87.612351940782744, 11.410765068075325 ], [ 87.810728219069972, 11.480196765475855 ], [ 87.58259549903967, 11.668654229848721 ], [ 87.800809405155618, 11.876949322050312 ], [ 87.840484660813061, 12.20427018122424 ], [ 88.038860939100289, 12.115000855994987 ], [ 88.336425356531137, 12.323295948196577 ], [ 88.227318403473163, 12.541509854312528 ], [ 88.068617380843378, 12.630779179541781 ], [ 88.098373822586467, 12.888668341315178 ], [ 88.296750100873695, 13.096963433516768 ], [ 88.505045193075276, 13.404446664861974 ], [ 88.713340285276871, 13.434203106605057 ], [ 88.792690796591756, 13.66233582663537 ], [ 89.110092841851326, 13.741686337950261 ], [ 89.050579958365162, 14.059088383209827 ], [ 89.090255214022605, 14.247545847582694 ], [ 88.98114826096463, 14.376490428469394 ], [ 88.93155419139282, 14.535191451099177 ], [ 88.951391819221541, 14.733567729386404 ], [ 88.723259099191225, 14.832755868530018 ], [ 88.564558076561454, 14.991456891159801 ] ], [ [ 88.068617380843378, 13.999575499723658 ], [ 88.366181798274212, 13.940062616237491 ], [ 88.485207565246554, 14.049169569295465 ], [ 88.604233332218897, 13.910306174494405 ], [ 88.832366052249213, 13.900387360580044 ], [ 89.050579958365162, 14.059088383209827 ] ], [ [ 88.068617380843378, 13.52347243183431 ], [ 88.356262984359859, 13.553228873577394 ], [ 88.465369937417833, 13.652417012721008 ], [ 88.554639262647086, 13.543310059663034 ], [ 88.792690796591756, 13.66233582663537 ] ], [ [ 86.114611039714177, 13.969819057980574 ], [ 86.233636806686505, 13.741686337950261 ], [ 86.233636806686505, 13.533391245748671 ], [ 86.511363596288632, 13.364771409204527 ], [ 86.679983432832771, 13.285420897889635 ], [ 86.838684455462555, 13.394527850947611 ], [ 87.136248872893404, 13.344933781375804 ] ], [ [ 90.141649488944921, 13.10688224743113 ], [ 89.99286728022949, 12.819236643914648 ], [ 89.99286728022949, 12.601022737798697 ], [ 89.85400388542844, 12.432402901254552 ], [ 89.695302862798655, 12.442321715168914 ], [ 89.526683026254503, 12.41256527342583 ] ], [ [ 85.628589157910469, 12.591103923884335 ], [ 85.707939669225354, 12.41256527342583 ], [ 86.025341714484924, 12.392727645597107 ], [ 86.035260528399277, 12.184432553395517 ], [ 85.936072389255671, 12.085244414251902 ], [ 85.985666458827481, 11.92654339162212 ], [ 86.134448667542898, 11.966218647279565 ], [ 86.25347443451524, 11.748004741163614 ], [ 86.491525968459911, 11.757923555077975 ], [ 86.560957665860442, 11.619060160276915 ], [ 86.422094271059379, 11.509953207218938 ] ], [ [ 86.560957665860442, 12.005893902937011 ], [ 86.957710222434898, 12.115000855994987 ], [ 87.116411245064683, 12.015812716851372 ], [ 87.423894476409885, 12.13483848382371 ], [ 87.433813290324238, 11.966218647279565 ], [ 87.840484660813061, 12.20427018122424 ] ], [ [ 85.812087215326144, 9.848551876563404 ], [ 86.109651632756993, 9.779120179162874 ], [ 86.228677399729335, 9.739444923505427 ], [ 86.456810119759638, 9.81879543482032 ], [ 86.605592328475069, 9.798957806991597 ], [ 86.794049792847929, 9.898145946135211 ], [ 86.962669629392082, 9.898145946135211 ], [ 87.13128946593622, 10.255223247052223 ], [ 87.409016255538347, 10.255223247052223 ], [ 87.617311347739928, 10.344492572281476 ], [ 87.776012370369713, 10.344492572281476 ], [ 88.063657973886194, 10.433761897510728 ], [ 88.172764926944168, 10.632138175797957 ], [ 88.420735274803206, 10.463518339253813 ], [ 88.569517483518624, 10.44368071142509 ], [ 88.668705622662245, 10.334573758367114 ], [ 88.946432412264357, 10.284979688795307 ], [ 88.966270040093079, 9.967577643535741 ], [ 89.005945295750536, 9.967577643535741 ], [ 89.035701737493611, 9.798957806991597 ], [ 89.174565132294674, 9.74936373741979 ], [ 89.174565132294674, 9.521231017389477 ], [ 89.30350971318137, 9.422042878245863 ], [ 89.323347341010091, 9.312935925187887 ], [ 89.491967177554244, 9.312935925187887 ], [ 89.640749386269661, 9.47163694781767 ], [ 89.779612781070725, 9.005452693842681 ], [ 89.868882106299978, 8.955858624270874 ], [ 89.977989059357952, 9.045127949500127 ], [ 90.017664315015395, 8.727725904240561 ], [ 90.22595940721699, 8.539268439867694 ], [ 90.374741615932408, 8.608700137268224 ], [ 90.563199080305282, 8.37064860332355 ], [ 90.583036708134003, 8.241704022436851 ], [ 90.831007055993041, 8.202028766779407 ], [ 91.148409101252597, 7.944139605006009 ], [ 90.950032822965369, 7.67633162931825 ], [ 90.622711963791446, 7.567224676260274 ], [ 90.384660429846775, 7.696169257146973 ], [ 89.908557361957421, 7.735844512804419 ], [ 89.908557361957421, 8.053246558063984 ], [ 89.680424641927104, 8.251622836351213 ], [ 89.521723619297319, 8.628537765096947 ], [ 89.30350971318137, 8.56902488161078 ], [ 89.11505224880851, 8.85667048512726 ], [ 88.708380878319687, 8.797157601641091 ], [ 88.678624436576598, 8.955858624270874 ], [ 88.480248158289371, 8.98561506601396 ], [ 88.351303577402675, 9.223666599958634 ], [ 88.133089671286726, 9.322854739102247 ], [ 88.093414415629283, 9.47163694781767 ], [ 88.19260255477289, 9.630337970447453 ], [ 88.023982718228751, 9.779120179162874 ] ], [ [ 85.554198053552753, 10.324654944452753 ], [ 85.78233077358307, 10.334573758367114 ], [ 85.881518912726676, 10.404005455767644 ], [ 86.119570446671361, 10.384167827938921 ], [ 86.238596213643689, 10.493274780996897 ], [ 86.536160631074537, 10.493274780996897 ], [ 86.595673514560701, 10.294898502709668 ], [ 86.794049792847929, 10.284979688795307 ], [ 86.94283200156336, 10.344492572281476 ], [ 87.13128946593622, 10.255223247052223 ] ], [ [ 87.438772697281422, 10.523031222739981 ], [ 87.617311347739928, 10.632138175797957 ], [ 87.696661859054828, 10.572625292311788 ], [ 87.776012370369713, 10.602381734054873 ], [ 87.885119323427688, 10.493274780996897 ], [ 88.063657973886194, 10.433761897510728 ] ], [ [ 90.490099974877666, 11.020626791281641 ], [ 90.459051534204477, 10.58502380970474 ], [ 90.270594069831617, 10.426322787074957 ], [ 90.062298977630022, 10.51559211230421 ], [ 89.923435582828958, 10.535429740132933 ], [ 89.80440981585663, 10.604861437533463 ], [ 89.744896932370452, 10.386647531417513 ], [ 89.615952351483756, 10.277540578359536 ], [ 89.496926584511428, 10.297378206188259 ], [ 89.417576073196528, 10.0295702305005 ], [ 89.288631492309833, 10.0295702305005 ], [ 89.24895623665239, 9.940300905271247 ], [ 89.005945295750536, 9.967577643535741 ] ], [ [ 87.50324498772477, 9.719607295676704 ], [ 87.463569732067327, 9.501393389560754 ], [ 87.235437012037011, 9.491474575646393 ], [ 87.394138034666796, 9.382367622588417 ], [ 87.374300406838074, 9.253423041701717 ], [ 87.2651934537801, 9.13439727472938 ], [ 87.374300406838074, 9.045127949500127 ], [ 87.374300406838074, 8.91618336861343 ], [ 87.453650918152974, 8.896345740784707 ], [ 87.463569732067327, 8.727725904240561 ], [ 87.304868709437542, 8.56902488161078 ], [ 87.275112267694468, 8.489674370295887 ], [ 87.056898361578504, 8.390486231152273 ], [ 87.156086500722125, 8.29129809200866 ], [ 87.453650918152974, 8.30121690592302 ], [ 87.364381592923721, 7.924301977177286 ], [ 87.58259549903967, 7.874707907605479 ], [ 87.681783638183276, 7.993733674577816 ], [ 87.771052963412529, 7.934220791091647 ], [ 87.860322288641783, 8.102840627635791 ], [ 87.959510427785403, 7.636656373660804 ], [ 88.276912473044973, 7.656494001489527 ], [ 88.326506542616769, 7.53746823451719 ], [ 88.554639262647086, 7.567224676260274 ], [ 88.673665029619428, 7.706088071061334 ], [ 88.802609610506124, 7.656494001489527 ], [ 89.258875050566743, 7.765600954547503 ], [ 89.417576073196528, 8.102840627635791 ], [ 89.080336400108237, 7.934220791091647 ], [ 88.643908587876339, 8.132597069378876 ], [ 88.505045193075276, 8.043327744149623 ], [ 88.296750100873695, 8.063165371978346 ], [ 88.296750100873695, 8.1524346972076 ], [ 88.088455008672099, 8.37064860332355 ], [ 87.850403474727429, 8.281379278094297 ] ], [ [ 85.926153575341303, 7.993733674577816 ], [ 86.461769526716822, 8.281379278094297 ], [ 86.689902246747138, 8.132597069378876 ], [ 86.888278525034366, 8.281379278094297 ], [ 87.056898361578504, 8.390486231152273 ] ], [ [ 85.241755415250367, 9.243504227787357 ], [ 85.717858483139722, 9.531149831303837 ], [ 85.83688425011205, 9.521231017389477 ], [ 85.965828830998746, 9.670013226104897 ], [ 86.065016970142366, 9.431961692160224 ], [ 86.243555620600873, 9.362529994759694 ], [ 86.461769526716822, 9.451799319988947 ], [ 86.541120038031721, 9.233585413872994 ], [ 86.808928013719481, 9.035209135585767 ], [ 86.967629036349251, 9.12447846081502 ], [ 87.027141919835429, 9.035209135585767 ], [ 87.156086500722125, 9.035209135585767 ], [ 87.2651934537801, 9.13439727472938 ] ], [ [ 86.432013084973747, 8.598781323353863 ], [ 86.223717992772151, 8.876508112955984 ], [ 86.164205109285987, 9.183991344301187 ], [ 86.283230876258315, 9.213747786044273 ], [ 86.461769526716822, 9.451799319988947 ] ], [ [ 91.946873621358691, 9.600581528704367 ], [ 91.579877506527325, 9.719607295676704 ], [ 91.480689367383704, 9.511312203475114 ], [ 91.202962577781591, 9.34269236693097 ], [ 91.004586299494363, 9.382367622588417 ], [ 90.697103068149161, 9.174072530386827 ], [ 90.201162372431085, 9.412124064331501 ], [ 90.092055419373111, 9.34269236693097 ], [ 89.640749386269661, 9.47163694781767 ] ], [ [ 92.522164828391652, 8.608700137268224 ], [ 92.155168713560286, 8.78723878772673 ], [ 91.936954807444337, 8.688050648583117 ], [ 91.718740901328388, 8.70788827641184 ], [ 91.609633948270414, 8.529349625953333 ], [ 91.024423927323085, 8.539268439867694 ], [ 91.054180369066174, 8.311135719837381 ], [ 90.831007055993041, 8.202028766779407 ] ], [ [ 88.038860939100289, 6.850590370947661 ], [ 88.257074845216238, 6.840671557033299 ], [ 88.514964006989644, 6.920022068348191 ], [ 88.594314518304529, 6.830752743118937 ], [ 88.891878935735377, 6.890265626605106 ], [ 89.387819631453453, 7.316774624922648 ], [ 89.576277095826313, 7.048966649234889 ], [ 89.933354396743326, 6.959697324005636 ], [ 90.250756442002896, 7.058885463149251 ], [ 90.528483231605009, 7.217586485779034 ], [ 90.875641718607667, 6.910103254433829 ], [ 91.15336850820978, 7.048966649234889 ], [ 91.579877506527325, 6.910103254433829 ], [ 91.847685482215084, 6.939859696176914 ], [ 92.036142946587944, 6.880346812690744 ] ], [ [ 90.950032822965369, 7.67633162931825 ], [ 91.15336850820978, 7.485394461466792 ], [ 91.42117648389754, 7.485394461466792 ], [ 91.748497343071463, 7.396125136237539 ] ], [ [ 90.528483231605009, 7.217586485779034 ], [ 90.538402045519376, 6.989453765748721 ], [ 90.300350511574692, 6.820833929204576 ], [ 90.072217791544389, 6.810915115290214 ], [ 90.082136605458743, 6.523269511773733 ], [ 90.141649488944921, 6.29513679174342 ], [ 90.35986339506087, 6.354649675229589 ], [ 90.449132720290123, 6.275299163914697 ], [ 90.756615951635325, 6.50343188394501 ], [ 90.954992229922553, 6.314974419572143 ], [ 91.321988344753919, 6.543107139602456 ], [ 91.500526995212425, 6.394324930887034 ], [ 91.758416156985831, 6.463756628287564 ], [ 91.927035993529969, 6.36456848914395 ], [ 92.373382619676235, 6.50343188394501 ], [ 92.879242129308665, 6.50343188394501 ] ], [ [ 86.15428629537162, 7.247342927522118 ], [ 86.610551735432239, 7.425881577980624 ], [ 86.828765641548202, 7.326693438837009 ], [ 87.166005314636479, 7.624257856267852 ], [ 87.344543965094985, 7.525069717124238 ], [ 87.58259549903967, 7.874707907605479 ] ], [ [ 86.779171571976391, 6.86050918486202 ], [ 87.2651934537801, 6.920022068348189 ], [ 87.463569732067327, 6.979534951834357 ], [ 87.55283905729658, 6.820833929204574 ], [ 87.771052963412529, 6.820833929204574 ], [ 87.830565846898708, 6.632376464831707 ], [ 88.157886706072631, 6.672051720489153 ], [ 88.296750100873695, 6.562944767431177 ], [ 88.753015540934314, 6.612538837002984 ], [ 88.901797749649731, 6.344730861315226 ], [ 89.308469120138554, 6.44391900045884 ], [ 89.506845398425781, 5.947978304740769 ], [ 89.715140490627377, 5.947978304740769 ], [ 89.982948466315136, 5.571063375995034 ], [ 90.171405930687996, 5.571063375995034 ], [ 90.31026932548906, 5.372687097707805 ], [ 90.587996115091187, 5.392524725536528 ], [ 90.826047649035857, 5.571063375995034 ], [ 90.974829857751274, 5.600819817738119 ], [ 91.23271901952468, 5.571063375995034 ], [ 91.490608181298072, 6.017410002141299 ], [ 91.758416156985831, 5.828952537768431 ], [ 91.946873621358691, 5.977734746483852 ], [ 92.155168713560286, 5.908303049083322 ], [ 92.422976689248046, 5.987653560398214 ], [ 92.680865851021437, 5.670251515138649 ], [ 92.859404501479943, 5.739683212539179 ], [ 93.097456035424628, 5.719845584710455 ], [ 93.474370964170362, 6.057085257798744 ], [ 93.613234358971411, 5.759520840367901 ], [ 93.831448265087374, 5.709926770796094 ], [ 94.049662171203323, 5.709926770796094 ], [ 94.168687938175651, 5.313174214221637 ], [ 94.019905729460234, 5.154473191591854 ], [ 93.861204706830449, 5.174310819420577 ], [ 93.672747242457589, 5.025528610705155 ] ], [ [ 94.049662171203323, 5.709926770796094 ], [ 94.307551332976715, 5.541306934251949 ], [ 94.644791006065006, 5.630576259481202 ], [ 94.863004912180955, 5.561144562080672 ], [ 95.110975260039993, 5.650413887309925 ], [ 95.676347653158601, 5.432199981193974 ] ], [ [ 88.93155419139282, 4.985853355047709 ], [ 88.872041307906656, 5.402443539450889 ], [ 89.189443353166212, 5.660332701224287 ], [ 89.377900817539086, 5.551225748166311 ], [ 89.457251328853971, 5.769439654282262 ], [ 89.715140490627377, 5.947978304740769 ] ], [ [ 86.739496316318949, 6.176111024771081 ], [ 86.987466664177987, 5.967815932569491 ], [ 86.987466664177987, 5.739683212539179 ], [ 87.156086500722125, 5.739683212539179 ], [ 87.31478752335191, 5.799196096025347 ], [ 87.453650918152974, 5.580982189909395 ], [ 87.691702452097644, 5.670251515138649 ], [ 87.830565846898708, 5.809114909939709 ] ], [ [ 87.999185683442846, 6.027328816055659 ], [ 87.830565846898708, 5.809114909939709 ], [ 87.800809405155618, 5.541306934251949 ], [ 87.508204394681954, 5.290856882914323 ] ], [ [ 84.800368196061285, 3.366606983528205 ], [ 85.296308891779361, 3.624496145301602 ], [ 85.534360425724032, 3.614577331387241 ], [ 85.990625865784651, 4.090680399276589 ], [ 86.079895191013904, 3.822872423588831 ], [ 86.347703166701663, 3.842710051417554 ], [ 86.347703166701663, 3.604658517472879 ], [ 86.823806234591018, 3.693927842702132 ], [ 86.883319118077182, 3.366606983528205 ], [ 87.220558791165473, 3.693927842702132 ], [ 87.389178627709612, 3.693927842702132 ], [ 87.557798464253764, 4.140274468848396 ], [ 87.716499486883549, 4.140274468848396 ], [ 87.885119323427688, 4.358488374964348 ], [ 88.143008485201094, 4.675890420223914 ], [ 88.410816460888839, 4.56430376368735 ], [ 88.638949180919155, 4.713085972402771 ], [ 88.767893761805851, 4.603979019344795 ], [ 89.075376993151067, 4.623816647173518 ], [ 89.224159201866485, 4.782517669803301 ], [ 89.442373107982434, 4.713085972402771 ], [ 89.640749386269661, 4.742842414145855 ], [ 89.720099897584561, 4.802355297632023 ], [ 89.591155316697851, 4.475034438458096 ], [ 89.263834457523927, 4.42544036888629 ], [ 89.144808690551585, 4.15763239319853 ], [ 88.966270040093079, 4.2171452766847 ] ], [ [ 92.090696423116938, 4.365927485400121 ], [ 91.902238958744064, 4.375846299314482 ], [ 91.515405216083977, 4.296495787999591 ], [ 91.336866565625471, 4.108038323626723 ], [ 90.96987045079409, 3.979093742740025 ], [ 90.612793149877078, 4.038606626226193 ], [ 90.146608895902091, 3.939418487082579 ], [ 90.037501942844116, 3.731123394880989 ], [ 89.541561247126054, 3.879905603596411 ], [ 89.43245429406808, 3.721204580966627 ], [ 89.174565132294674, 3.770798650538435 ] ], [ [ 89.759775153242003, -1.481213317115943 ], [ 89.372941410581902, -1.1836488996851 ], [ 89.164646318380321, -1.1836488996851 ], [ 89.085295807065421, -0.935678551826065 ], [ 88.74805613397713, -0.667870576138306 ], [ 88.619111553090434, -0.667870576138306 ], [ 88.301709507830864, -0.380224972621824 ], [ 88.162846113029815, -0.400062600450547 ], [ 88.123170857372358, -0.241361577820764 ], [ 88.033901532143105, -0.241361577820764 ], [ 87.964469834742587, 0.006608770038272 ], [ 87.696661859054828, -0.042985299533536 ], [ 87.617311347739928, 0.076040467438802 ], [ 87.428853883367069, 0.115715723096247 ], [ 87.240396418994195, 0.443036582270175 ], [ 87.260234046822916, 0.581899977071235 ], [ 87.567717278168118, 0.651331674471765 ], [ 87.577636092082486, 0.869545580587716 ], [ 87.488366766853233, 0.938977277988246 ], [ 87.825606439941524, 1.137353556275475 ], [ 87.885119323427688, 1.504349671106848 ], [ 88.093414415629283, 1.58617988590033 ], [ 88.152927299115447, 1.774637350273197 ], [ 88.470329344375017, 1.913500745074257 ], [ 88.252115438259068, 2.131714651190209 ], [ 88.291790693916511, 2.359847371220521 ], [ 88.152927299115447, 2.429279068621051 ], [ 88.023982718228751, 2.707005858223172 ], [ 88.113252043458004, 2.945057392167846 ], [ 88.331465949573953, 2.947537095646436 ], [ 88.400897646974485, 3.145913373933665 ], [ 88.74805613397713, 3.364127280049616 ], [ 88.906757156606915, 3.245101513077279 ], [ 89.035701737493611, 3.502990674850676 ], [ 89.174565132294674, 3.770798650538435 ], [ 88.946432412264357, 3.830311534024603 ], [ 88.807569017463308, 4.058444254054916 ], [ 88.569517483518624, 4.038606626226193 ], [ 88.232277810430347, 4.326252229742675 ], [ 88.143008485201094, 4.675890420223914 ], [ 87.914875765170777, 4.864347884596781 ], [ 87.726418300797903, 4.953617209826034 ], [ 87.706580672969181, 5.06272416288401 ], [ 87.508204394681954, 5.290856882914323 ], [ 87.309828116394726, 5.231343999428154 ], [ 87.13128946593622, 5.231343999428154 ], [ 87.051938954621335, 5.310694510743046 ], [ 86.823806234591018, 5.211506371599431 ], [ 86.506404189331448, 5.211506371599431 ], [ 86.327865538872942, 5.280938068999961 ], [ 86.030301121442108, 5.102399418541456 ] ], [ [ 91.619552762184767, 1.896142820724124 ], [ 91.460851739554982, 2.332570632956027 ], [ 91.321988344753919, 2.372245888613473 ], [ 91.222800205610312, 2.521028097328894 ], [ 91.530283436955514, 2.649972678215593 ], [ 91.431095297811908, 2.957455909560797 ], [ 91.302150716925198, 3.007049979132605 ], [ 91.23271901952468, 3.215345071334195 ], [ 91.034342741237438, 3.245101513077279 ], [ 90.895479346436389, 3.32445202439217 ], [ 90.796291207292768, 3.086400490447496 ], [ 90.667346626406072, 3.007049979132605 ], [ 90.587996115091187, 2.868186584331545 ], [ 90.419376278547034, 2.858267770417183 ], [ 90.31026932548906, 2.62765534690828 ], [ 90.131730675030553, 2.667330602565726 ], [ 90.121811861116186, 2.310253301648714 ], [ 90.052380163715668, 2.062282953789679 ], [ 90.221000000259806, 1.982932442474787 ], [ 90.478889162033198, 2.101958209447124 ], [ 90.59791492900554, 1.784556164187558 ], [ 90.667346626406072, 1.606017513729053 ], [ 90.835966462950211, 1.675449211129583 ], [ 90.826047649035857, 1.417560049356185 ], [ 91.004586299494363, 1.358047165870017 ], [ 91.044261555151806, 1.129914445839704 ], [ 91.18312494995287, 1.110076818010981 ], [ 91.262475461267755, 0.921619353638114 ], [ 91.064099182980527, 0.812512400580138 ], [ 90.766534765549679, 0.931538167552475 ], [ 90.568158487262451, 0.782755958837054 ], [ 90.389619836803945, 0.782755958837054 ], [ 90.171405930687996, 0.633973750121632 ], [ 90.022623721972579, 0.614136122292909 ], [ 89.99286728022949, 0.415759844005681 ], [ 90.151568302859275, 0.415759844005681 ], [ 90.191243558516717, 0.316571704862066 ], [ 90.340025767232149, 0.316571704862066 ], [ 90.389619836803945, 0.157870682232283 ], [ 90.578077301176819, -0.020667968226222 ], [ 90.707021882063515, -0.060343223883668 ], [ 90.617752556834262, -0.34798882740015 ], [ 90.439213906375755, -0.476933408286848 ], [ 90.399538650718313, -0.714984942231523 ], [ 90.409457464632681, -0.893523592690028 ], [ 90.250756442002896, -0.90344240660439 ], [ 90.290431697660338, -1.101818684891618 ], [ 90.379701022889591, -1.201006824035233 ], [ 90.439213906375755, -1.478733613637353 ], [ 90.587996115091187, -1.518408869294799 ], [ 90.677265440320426, -1.87548617021181 ] ], [ [ 91.18312494995287, -0.873685964861306 ], [ 90.91531697426511, -0.843929523118221 ], [ 90.726859509892236, -0.645553244830993 ], [ 90.439213906375755, -0.476933408286848 ] ], [ [ 91.718740901328388, -0.774497825717691 ], [ 91.569958692612957, -0.595959175259185 ], [ 91.480689367383704, -0.595959175259185 ], [ 91.341825972582654, -0.397582896971957 ], [ 91.173206136038502, -0.506689850029932 ], [ 90.8657229046933, -0.397582896971957 ], [ 90.707021882063515, -0.060343223883668 ] ], [ [ 92.353544991847514, 0.376084588348235 ], [ 92.184925155303375, 0.534785610978018 ], [ 91.936954807444337, 0.594298494464186 ], [ 91.817929040471995, 0.713324261436524 ], [ 91.510445809126793, 0.614136122292909 ], [ 91.341825972582654, 0.673649005779078 ], [ 91.262475461267755, 0.921619353638114 ] ], [ [ 92.383301433590603, 1.44731649109927 ], [ 92.125412271817197, 1.615936327643414 ], [ 92.036142946587944, 1.5167481884998 ], [ 91.827847854386363, 1.546504630242884 ], [ 91.669146831756578, 1.705205652872667 ], [ 91.431095297811908, 1.596098699814691 ], [ 91.064099182980527, 1.72504328070139 ], [ 90.726859509892236, 1.93333837290298 ], [ 90.478889162033198, 2.101958209447124 ] ], [ [ 89.328306747967275, 1.367965979784378 ], [ 89.506845398425781, 1.596098699814691 ], [ 89.685384048884288, 1.576261071985968 ], [ 89.903597955000237, 1.804393792016281 ], [ 90.082136605458743, 1.665530397215221 ], [ 90.230918814174174, 1.824231419845004 ], [ 90.478889162033198, 2.101958209447124 ] ], [ [ 90.181324744602364, 0.832350028408861 ], [ 90.101974233287464, 1.010888678867367 ], [ 89.883760327171515, 1.119995631925342 ], [ 89.824247443685351, 1.358047165870017 ], [ 89.903597955000237, 1.804393792016281 ] ], [ [ 88.951391819221541, 2.332570632956027 ], [ 89.24895623665239, 2.649972678215593 ], [ 89.477088956682707, 2.828511328674099 ], [ 89.625871165398124, 2.570622166900701 ], [ 89.99286728022949, 2.610297422558147 ], [ 89.685384048884288, 2.263138935555497 ], [ 89.685384048884288, 2.054843843353907 ], [ 89.467170142768339, 1.86638637898104 ], [ 89.536601840168871, 1.707685356351257 ], [ 89.506845398425781, 1.596098699814691 ] ], [ [ 89.571317688869129, -0.734822570060245 ], [ 89.640749386269661, -0.496771036115571 ], [ 89.809369222813814, -0.397582896971957 ], [ 89.501885991468598, 0.108276612660476 ], [ 89.38286022449627, 0.108276612660476 ], [ 89.134889876637232, 0.386003402262596 ], [ 88.877000714863826, 0.346328146605151 ], [ 88.738137320062776, 0.475272727491849 ], [ 88.728218506148409, 0.723243075350885 ], [ 88.986107667921814, 0.782755958837054 ], [ 89.085295807065421, 1.000969864953005 ], [ 89.015864109664889, 1.100158004096619 ], [ 88.827406645292029, 1.090239190182258 ], [ 88.74805613397713, 1.437397677184908 ], [ 88.629030367004802, 1.44731649109927 ], [ 88.470329344375017, 1.913500745074257 ] ], [ [ 89.739937525413282, -2.254880802436135 ], [ 89.422535480153712, -2.116017407635075 ], [ 89.243996829695206, -2.215205546778689 ], [ 88.728218506148409, -2.155692663292521 ], [ 88.529842227861181, -1.858128245861678 ], [ 88.817487831377662, -1.788696548461148 ], [ 88.757974947891498, -1.550645014516473 ], [ 88.757974947891498, -1.233242969256907 ], [ 88.539761041775549, -1.25308059708563 ], [ 88.450491716546296, -0.846409226596812 ], [ 88.262034252173422, -0.757139901367559 ], [ 88.172764926944168, -0.618276506566499 ], [ 88.301709507830864, -0.380224972621824 ] ], [ [ 87.339584558137815, -1.223324155342546 ], [ 87.904956951256409, -0.846409226596812 ], [ 88.103333229543637, -1.005110249226594 ], [ 88.450491716546296, -0.846409226596812 ] ], [ [ 87.776012370369713, -1.749021292803702 ], [ 88.073576787800562, -1.570482642345196 ], [ 88.281871880002143, -1.550645014516473 ], [ 88.539761041775549, -1.25308059708563 ] ], [ [ 84.527600813416342, 5.211506371599431 ], [ 84.795408789104101, 5.241262813342516 ], [ 84.964028625648254, 5.181749929856347 ], [ 85.14256727610676, 5.221425185513793 ], [ 85.172323717849835, 5.013130093312203 ], [ 85.350862368308341, 4.904023140254227 ], [ 85.56907627442429, 4.963536023740396 ], [ 85.698020855311, 4.685809234138276 ], [ 85.936072389255671, 4.596539908909023 ], [ 86.193961551029062, 4.71556567588136 ], [ 86.312987318001404, 4.566783467165938 ], [ 86.610551735432239, 4.497351769765408 ], [ 86.908116152863087, 4.606458722823384 ], [ 87.215599384208289, 4.467595328022324 ], [ 87.354462779009353, 4.338650747135626 ], [ 87.58259549903967, 4.338650747135626 ], [ 87.885119323427688, 4.358488374964348 ] ], [ [ 84.924353369990797, 4.189868538420204 ], [ 85.360781182222709, 4.219624980163288 ], [ 85.509563390938126, 4.001411074047336 ], [ 85.990625865784651, 4.090680399276589 ] ], [ [ 84.120929442927519, 2.888024212160267 ], [ 84.249874023814229, 3.007049979132605 ], [ 84.755733533446659, 2.967374723475159 ], [ 84.904515742162076, 2.897943026074629 ], [ 85.241755415250367, 2.967374723475159 ], [ 85.321105926565252, 2.63013505038687 ], [ 85.499644577023759, 2.481352841671448 ], [ 85.539319832681215, 2.292895377298581 ], [ 85.588913902253012, 2.114356726840076 ], [ 85.211998973507278, 2.154031982497521 ], [ 85.211998973507278, 1.896142820724124 ], [ 84.894596928247722, 1.915980448552847 ], [ 84.686301836046127, 1.777117053751787 ], [ 84.53751962733071, 1.846548751152317 ], [ 84.249874023814229, 1.668010100693811 ], [ 84.041578931612634, 1.717604170265618 ], [ 83.605151119380736, 1.568821961550197 ] ], [ [ 85.321105926565252, 2.63013505038687 ], [ 85.777371366625886, 2.739242003444846 ], [ 85.975747644913113, 2.590459794729424 ], [ 86.243555620600873, 2.530946911243256 ], [ 86.432013084973747, 2.620216236472509 ], [ 86.570876479774796, 2.90786183998899 ], [ 86.769252758062024, 2.798754886931014 ], [ 87.106492431150315, 2.798754886931014 ], [ 87.225518198122657, 2.739242003444846 ], [ 87.562757871210948, 3.076481676533135 ], [ 87.790890591241251, 2.90786183998899 ], [ 88.113252043458004, 2.945057392167846 ] ], [ [ 86.883072333578625, 2.155836048691527 ], [ 87.275356636123846, 2.312749769709617 ], [ 87.489329892057611, 2.227160467336113 ], [ 87.760362682907029, 2.391206630218663 ], [ 88.024263031892005, 2.312749769709617 ], [ 88.291790693916511, 2.359847371220521 ] ], [ [ 85.12135919305733, 1.276762588896997 ], [ 85.649159891027281, 1.455073635508464 ], [ 85.74188163526523, 1.333822123812666 ], [ 86.51931779849123, 1.626252240255471 ], [ 86.726158612560525, 1.47647096110184 ], [ 87.261091752394933, 1.619119798391013 ], [ 87.368078380361808, 1.497868286695216 ], [ 87.853084427144992, 1.63338468211993 ], [ 88.093414415629283, 1.58617988590033 ] ], [ [ 87.032853612732254, 0.848816077029478 ], [ 86.804615473069575, 1.027127123640944 ], [ 86.640569310187033, 1.027127123640944 ], [ 86.597774659000279, 1.112716426014448 ], [ 86.326741868150847, 1.027127123640944 ], [ 85.962987333063452, 1.04852444923432 ], [ 85.74188163526523, 1.333822123812666 ] ], [ [ 84.236936401864455, 1.005729798047568 ], [ 84.771869541698862, 1.098451542285531 ], [ 84.864591285936825, 1.005729798047568 ], [ 85.24974314661759, 1.084186658556614 ], [ 85.24974314661759, 0.962935146860816 ], [ 85.420921751364602, 0.877345844487313 ], [ 85.584967914247144, 0.913008053809606 ], [ 85.791808728316454, 0.720432123469222 ], [ 86.077106402894799, 0.613445495502342 ], [ 86.148430821539378, 0.542121076857756 ], [ 86.355271635608688, 0.606313053637884 ], [ 86.476523147304476, 0.485061541942086 ], [ 86.897337217307538, 0.670505030418011 ], [ 87.111310473241303, 0.492193983806545 ], [ 87.260234046822916, 0.581899977071235 ] ], [ [ 84.329658146102418, 0.340629594186798 ], [ 84.729074890512109, 0.411954012831384 ], [ 84.757604657969949, 0.333497152322339 ], [ 85.128491634921787, 0.419086454695843 ], [ 85.385259542042306, 0.326364710457881 ], [ 85.577835472382688, 0.397689129102467 ], [ 85.649159891027281, 0.583132617578392 ], [ 85.813206053909823, 0.633059710629603 ], [ 85.791808728316454, 0.720432123469222 ] ], [ [ 85.599232797976057, -0.229965754969895 ], [ 85.463716402551356, -0.037389824629511 ], [ 85.449451518822428, 0.162318547575332 ], [ 85.577835472382688, 0.397689129102467 ] ], [ [ 85.677689658485107, -0.46533633649703 ], [ 86.012914426114662, -0.443939010903654 ], [ 86.184093030861675, -0.57232296446391 ], [ 86.576377333406896, -0.422541685310278 ], [ 86.747555938153909, -0.536660755141617 ], [ 87.161237566292513, -0.244230638698812 ], [ 87.346681054768439, -0.258495522427729 ], [ 87.418005473413018, -0.051654708358428 ], [ 87.617311347739928, 0.076040467438802 ] ], [ [ 84.62922070440969, -1.066244563577672 ], [ 84.928783262716948, -1.002052586797544 ], [ 85.142756518650714, -0.873668633237288 ], [ 85.271140472210959, -0.75954956340595 ], [ 85.477981286280269, -0.91646328442404 ], [ 85.634895007298354, -0.91646328442404 ], [ 85.827470937638736, -1.051979679848755 ], [ 85.984384658656836, -1.002052586797544 ], [ 86.348139193744217, -1.116171656628883 ] ], [ [ 85.264008030346503, -1.857945610532583 ], [ 85.613497681704985, -1.686767005785575 ], [ 85.777543844587527, -1.686767005785575 ], [ 86.205490356455044, -1.494191075445191 ], [ 86.49792047289786, -1.330144912562642 ], [ 86.747555938153909, -1.565515494089778 ], [ 87.047118496461167, -1.522720842903026 ], [ 87.346681054768439, -1.422866656800605 ], [ 87.425137915277475, -1.615442587140989 ], [ 87.418005473413018, -1.76522386629462 ], [ 87.71043558985582, -1.786621191887996 ], [ 87.71756803172029, -1.936402471041628 ], [ 88.052792799349845, -1.893607819854876 ], [ 87.903011520196216, -2.093316192059719 ], [ 87.503594775786524, -2.093316192059719 ], [ 87.510727217650981, -2.24309747121335 ], [ 87.860216869009463, -2.400011192231441 ], [ 87.874481752738376, -2.578322238842907 ], [ 88.174044311045634, -2.699573750538704 ], [ 88.330958032063734, -2.942076773930298 ], [ 88.673315241557745, -2.906414564608005 ], [ 88.95861291613609, -3.120387820541765 ], [ 89.129791520883103, -3.063328285626095 ], [ 89.654025997920812, -3.213109564779727 ] ], [ [ 85.581401693314916, -2.692441308674245 ], [ 85.888096693486645, -2.549792471385072 ], [ 86.17339436806499, -2.535527587656155 ], [ 86.387367623998742, -2.278759680535643 ], [ 86.344572972811989, -2.071918866466342 ], [ 86.12346727501378, -1.936402471041628 ], [ 86.251851228574026, -1.708164331378951 ], [ 86.415897391456582, -1.708164331378951 ], [ 86.49792047289786, -1.330144912562642 ] ], [ [ 86.71545994976384, -2.585454680707366 ], [ 86.87237367078194, -2.449938285282651 ], [ 86.993625182477729, -2.449938285282651 ], [ 87.207598438411495, -2.264494796806726 ], [ 87.250393089598248, -2.342951657315771 ], [ 87.371644601294037, -2.328686773586854 ], [ 87.510727217650981, -2.24309747121335 ] ] ] } },
{ "type": "Feature", "properties": { "id": 29, "name": "Bone Mountains", "size": 4, "continent": "Essos", "height": 3 }, "geometry": { "type": "MultiLineString", "coordinates": [ [ [ 85.813206053909823, -10.441839394408575 ], [ 86.39413211398282, -10.143191702318841 ], [ 86.583509775271352, -10.04242264999889 ], [ 86.694608520766607, -9.795271652358661 ], [ 87.074157666177712, -9.526424341025795 ], [ 87.396608147819649, -9.400502882197612 ], [ 87.437892263863361, -9.03617336153645 ], [ 87.769997766098072, -8.893842432007286 ], [ 87.801626861548996, -8.466849643419794 ], [ 87.553521868837734, -7.974014509305881 ] ], [ [ 85.114226751192874, -12.517379976966046 ], [ 85.485113728144725, -12.317671604761204 ], [ 86.055709077301415, -12.117963232556361 ], [ 86.355271635608688, -12.232082302387699 ], [ 86.683363961373786, -12.01810904645394 ], [ 86.868807449849697, -12.203552534929866 ], [ 87.139840240699129, -12.07516858136961 ], [ 87.325283729175055, -12.117963232556361 ], [ 87.810289775958253, -11.846930441706933 ], [ 87.952938613247426, -12.146493000014196 ], [ 88.18117675291009, -12.117963232556361 ], [ 88.223971404096844, -12.317671604761204 ], [ 88.480739311217363, -12.289141837303369 ], [ 88.537798846133029, -12.531644860694964 ], [ 88.837361404440287, -12.503115093237129 ], [ 88.723242334608955, -12.888266953917896 ], [ 88.495004194946276, -12.988121140020317 ], [ 88.166911869181178, -13.145034861038408 ], [ 88.352355357657103, -13.301948582056498 ], [ 88.281030939012524, -13.530186721719176 ], [ 87.838819543416079, -13.316213465785415 ], [ 87.724700473584747, -13.644305791550513 ], [ 87.482197450193155, -13.915338582399942 ], [ 87.596316520024487, -14.100782070875868 ], [ 87.7674951247715, -14.086517187146951 ], [ 87.810289775958253, -14.457404164098801 ], [ 87.981468380705252, -14.414609512912049 ], [ 88.124117217994424, -14.771231606134981 ], [ 88.038527915620918, -14.985204862068741 ], [ 88.223971404096844, -15.170648350544665 ], [ 88.380885125114943, -15.227707885460335 ], [ 88.423679776301697, -15.684184164785689 ], [ 88.566328613590869, -15.698449048514606 ], [ 88.766036985795708, -15.898157420719448 ], [ 89.022804892916213, -15.940952071906201 ], [ 89.051334660374053, -16.226249746484548 ], [ 89.208248381392139, -16.340368816315884 ], [ 89.308102567494558, -16.582871839707479 ], [ 89.279572800036732, -16.839639746827991 ], [ 89.350897218681311, -17.05361300276175 ] ], [ [ 89.964287219024754, -15.869627653261615 ], [ 89.365162102410238, -15.655654397327854 ], [ 89.193983497663226, -15.712713932243524 ], [ 88.937215590542721, -15.741243699701359 ], [ 88.766036985795708, -15.898157420719448 ] ], [ [ 86.711893728831612, -15.299032304104921 ], [ 87.139840240699129, -15.042264396984411 ], [ 87.339548612903982, -15.056529280713328 ], [ 87.596316520024487, -14.985204862068741 ], [ 87.881614194602832, -15.056529280713328 ], [ 88.038527915620918, -14.985204862068741 ] ], [ [ 87.567786752566647, -16.240514630213465 ], [ 87.653376054940153, -15.84109788580378 ], [ 87.467932566464228, -15.826833002074862 ], [ 87.71043558985582, -15.470210908851929 ], [ 87.410873031548562, -15.441681141394096 ], [ 87.596316520024487, -14.985204862068741 ] ], [ [ 86.455125821711107, -14.728436954948229 ], [ 86.740423496289452, -14.557258350201222 ], [ 86.982926519681044, -14.500198815285552 ], [ 87.025721170867797, -14.214901140707205 ], [ 87.296753961717229, -14.172106489520454 ], [ 87.482197450193155, -13.915338582399942 ] ], [ [ 85.627762565433898, -13.92960346612886 ], [ 85.970119774927909, -13.687100442737266 ], [ 86.184093030861675, -13.687100442737266 ], [ 86.540715124084613, -13.473127186803506 ], [ 86.683363961373786, -13.544451605448092 ], [ 86.968661635952131, -13.430332535616754 ], [ 87.182634891885883, -13.55871648917701 ], [ 87.425137915277475, -13.430332535616754 ], [ 87.596316520024487, -13.487392070532422 ], [ 87.838819543416079, -13.316213465785415 ] ], [ [ 85.485113728144725, -13.087975326122738 ], [ 85.89879535628333, -13.002386023749235 ], [ 86.041444193572502, -13.102240209851656 ], [ 86.426596054253267, -12.959591372562482 ], [ 86.597774659000279, -12.988121140020317 ], [ 86.768953263747278, -12.888266953917896 ], [ 87.025721170867797, -12.874002070188979 ], [ 87.154105124428057, -12.631499046797385 ], [ 87.325283729175055, -12.60296927933955 ], [ 87.524992101379894, -12.360466255947955 ], [ 87.524992101379894, -12.146493000014196 ], [ 87.325283729175055, -12.117963232556361 ] ], [ [ 88.823096520711374, -14.51446369901447 ], [ 88.837361404440287, -14.24343090816504 ], [ 88.609123264777622, -14.129311838333702 ], [ 88.794566753253548, -13.87254393121319 ], [ 88.580593497319782, -13.601511140363762 ], [ 88.281030939012524, -13.530186721719176 ] ], [ [ 90.320909312247693, -15.341826955291674 ], [ 89.821638381735582, -14.956675094610906 ], [ 89.564870474615077, -14.956675094610906 ], [ 89.465016288512658, -14.628582768845808 ], [ 89.678989544446409, -14.428874396640966 ], [ 89.721784195633163, -13.98666300104453 ], [ 89.907227684109088, -13.98666300104453 ], [ 89.950022335295841, -13.658570675279432 ], [ 90.221055126145274, -13.615776024092678 ], [ 90.192525358687433, -13.34474323324325 ], [ 90.021346753940435, -13.130769977309491 ], [ 89.70751931190425, -13.116505093580573 ], [ 89.279572800036732, -12.560174628152797 ], [ 89.051334660374053, -12.631499046797385 ], [ 88.837361404440287, -12.503115093237129 ] ], [ [ 89.236778148849979, -13.55871648917701 ], [ 89.493546055970484, -13.55871648917701 ], [ 89.70751931190425, -13.587246256634844 ], [ 89.950022335295841, -13.658570675279432 ] ], [ [ 91.191067219711655, -13.66926933807612 ], [ 91.162537452253815, -13.227057942479682 ], [ 90.934299312591136, -13.155733523835096 ], [ 90.962829080048976, -12.77058166315433 ], [ 90.84871001021763, -12.371164918744645 ], [ 90.463558149536865, -12.399694686202478 ], [ 90.392233730892286, -12.271310732642224 ], [ 90.17826047495852, -12.271310732642224 ], [ 89.978552102753682, -11.886158871961456 ], [ 89.564870474615077, -11.70071538348553 ], [ 89.322367451223485, -11.70071538348553 ], [ 89.222513265121066, -11.615126081112027 ], [ 88.766036985795708, -11.729245150943365 ] ], [ [ 93.487713500067343, -11.7577749184012 ], [ 93.131091406844405, -11.443947476365018 ], [ 92.931383034639566, -11.443947476365018 ], [ 92.474906755314208, -10.987471197039666 ], [ 92.218138848193689, -11.016000964497501 ], [ 91.918576289886431, -10.973206313310747 ], [ 91.661808382765926, -11.030265848226417 ], [ 91.533424429205667, -10.973206313310747 ], [ 91.219596987169481, -10.973206313310747 ], [ 90.862974893946557, -10.730703289919154 ], [ 90.591942103097125, -11.058795615684252 ], [ 90.349439079705533, -11.058795615684252 ], [ 90.263849777332027, -11.372623057720432 ], [ 90.121200940042854, -11.443947476365018 ], [ 89.978552102753682, -11.886158871961456 ] ], [ [ 91.718867917681592, -12.07160236043738 ], [ 91.476364894290001, -11.800569569587951 ], [ 91.148272568524902, -11.714980267214449 ], [ 90.720326056657385, -11.429682592636102 ], [ 90.591942103097125, -11.058795615684252 ] ], [ [ 93.430653965151663, -11.287033755346929 ], [ 92.874323499723886, -11.101590266871003 ], [ 92.474906755314208, -10.987471197039666 ] ], [ [ 85.87026558882549, -6.675910089974406 ], [ 85.927325123741156, -6.918413113365999 ], [ 86.127033495946009, -6.961207764552752 ], [ 86.241152565777341, -7.23224055540218 ], [ 86.44086093798218, -7.23224055540218 ], [ 86.683363961373786, -7.489008462522692 ], [ 86.455125821711107, -7.817100788287791 ], [ 86.726158612560525, -7.859895439474542 ], [ 86.883072333578625, -7.902690090661294 ], [ 86.726158612560525, -8.230782416426392 ], [ 86.768953263747278, -8.359166369986648 ], [ 86.512185356626773, -8.573139625920408 ], [ 86.854542566120784, -8.687258695751746 ], [ 86.569244891542439, -9.001086137787928 ], [ 86.283947216964094, -9.058145672703596 ], [ 86.069973961030328, -9.429032649655447 ], [ 85.570703030518231, -9.486092184571115 ], [ 85.057167216277207, -9.543151719486785 ], [ 84.486571867120517, -9.785654742878378 ] ], [ [ 83.958771169150566, -3.191712239186353 ], [ 84.400982564747011, -3.063328285626098 ], [ 84.586426053222937, -2.89214968087909 ], [ 84.771869541698862, -3.134652704270684 ], [ 84.871723727801282, -3.305831309017692 ], [ 85.22834582102422, -3.234506890373105 ], [ 85.456583960686885, -3.220242006644188 ], [ 85.713351867807404, -3.63392363478279 ], [ 86.069973961030328, -3.576864099867121 ], [ 86.226887682048428, -3.862161774445467 ], [ 86.512185356626773, -3.762307588343046 ], [ 86.811747914934031, -4.06187014665031 ], [ 86.783218147476205, -4.37569758868649 ], [ 87.011456287138884, -4.37569758868649 ], [ 87.111310473241303, -4.53261130970458 ], [ 87.524992101379894, -4.489816658517829 ], [ 88.024263031892005, -4.9605578215721 ], [ 88.038527915620918, -5.160266193776942 ], [ 87.824554659687166, -5.317179914795033 ], [ 88.252501171554684, -5.474093635813123 ], [ 88.495004194946276, -5.659537124289048 ], [ 88.708977450880042, -5.531153170728793 ], [ 89.022804892916213, -5.531153170728793 ], [ 89.393691869868064, -5.787921077849304 ], [ 89.793108614277756, -5.502623403270958 ], [ 90.17826047495852, -5.759391310391469 ], [ 90.506352800723619, -5.631007356831214 ], [ 90.734590940386298, -5.944834798867395 ], [ 91.191067219711655, -6.144543171072237 ], [ 91.504894661747826, -6.030424101240898 ], [ 91.676073266494839, -6.187337822258988 ], [ 91.932841173615344, -6.101748519885485 ], [ 92.460641871585295, -6.387046194463831 ] ], [ [ 86.512185356626773, -3.762307588343046 ], [ 86.740423496289452, -3.41995037884903 ], [ 87.03998605459671, -3.377155727662279 ], [ 87.082780705783463, -3.077593169355015 ], [ 87.368078380361808, -3.26303665783094 ], [ 87.796024892229326, -3.120387820541767 ], [ 88.067057683078758, -3.676718285969542 ], [ 88.33809047392819, -4.019075495463557 ], [ 88.766036985795708, -4.00481061173464 ], [ 89.051334660374053, -4.175989216481648 ], [ 89.57913535834399, -4.033340379192475 ], [ 89.921492567838015, -4.233048751397317 ], [ 90.27811466106094, -4.190254100210565 ], [ 90.506352800723619, -4.261578518855152 ], [ 90.777385591573051, -4.190254100210565 ], [ 91.305186289542988, -4.561141077162415 ] ], [ [ 91.105477917338149, -5.060412007674521 ], [ 90.363703963434446, -4.675260146993754 ], [ 90.092671172585014, -4.80364410055401 ], [ 89.721784195633163, -4.561141077162415 ], [ 89.479281172241571, -4.703789914451589 ], [ 89.193983497663226, -4.618200612078084 ], [ 89.322367451223485, -4.37569758868649 ], [ 89.051334660374053, -4.175989216481648 ] ], [ [ 88.780301869524621, -5.031882240216686 ], [ 88.723242334608955, -4.789379216825092 ], [ 88.537798846133029, -4.74658456563834 ], [ 88.580593497319782, -4.489816658517829 ], [ 88.452209543759523, -4.332902937499738 ], [ 88.680447683422202, -4.233048751397317 ], [ 88.766036985795708, -4.00481061173464 ] ], [ [ 87.339548612903982, -6.158808054801154 ], [ 87.196899775614796, -5.859245496493891 ], [ 87.025721170867797, -5.844980612764973 ], [ 86.940131868494291, -5.48835851954204 ], [ 86.669099077644859, -5.445563868355288 ], [ 86.640569310187033, -5.074676891403438 ], [ 86.369536519337601, -5.01761735648777 ], [ 86.169828147132762, -4.903498286656431 ], [ 86.055709077301415, -4.974822705301017 ], [ 85.89879535628333, -4.80364410055401 ], [ 85.556438146789318, -4.846438751740761 ] ], [ [ 85.185551169837467, -4.671693926061523 ], [ 85.214080937295293, -4.286542065380756 ], [ 85.527908379331478, -4.215217646736169 ], [ 85.670557216620651, -3.986979507073492 ], [ 85.984384658656836, -3.830065786055402 ], [ 86.069973961030328, -3.576864099867121 ] ], [ [ 85.028637448819367, -11.244239104160176 ], [ 85.884530472554417, -10.873352127208326 ], [ 86.055709077301415, -11.058795615684252 ], [ 86.312476984421934, -10.944676545852912 ], [ 86.44086093798218, -10.973206313310747 ], [ 86.654834193915946, -10.887617010937245 ], [ 86.883072333578625, -11.087325383142087 ], [ 87.111310473241303, -11.030265848226417 ], [ 87.268224194259389, -11.158649801786673 ] ], [ [ 87.082780705783463, -10.645113987545649 ], [ 87.510727217650981, -10.43114073161189 ], [ 87.71043558985582, -10.588054452629981 ], [ 87.853084427144992, -10.573789568901063 ], [ 87.910143962060673, -10.616584220087814 ], [ 88.423679776301697, -10.359816312967304 ], [ 88.609123264777622, -10.445405615340807 ], [ 88.794566753253548, -10.088783522117874 ], [ 89.136923962747559, -9.974664452286536 ], [ 89.407956753596991, -9.375539335672009 ], [ 89.693254428175337, -9.247155382111753 ], [ 89.693254428175337, -9.047447009906911 ], [ 90.092671172585014, -8.833473753973152 ], [ 89.892962800380175, -8.319937939732128 ], [ 89.636194893259656, -8.334202823461045 ], [ 89.465016288512658, -8.077434916340534 ], [ 89.265307916307819, -8.077434916340534 ], [ 89.293837683765645, -7.792137241762187 ], [ 88.937215590542721, -7.549634218370593 ], [ 88.495004194946276, -7.792137241762187 ], [ 88.18117675291009, -7.606693753286263 ], [ 87.881614194602832, -7.763607474304353 ], [ 87.867349310873919, -7.535369334641675 ], [ 87.510727217650981, -7.549634218370593 ], [ 87.353813496632895, -7.321396078707917 ], [ 86.940131868494291, -7.207277008876578 ] ], [ [ 88.095587450536598, -9.817750731268445 ], [ 88.266766055283597, -9.5324530566901 ], [ 88.566328613590869, -9.47539352177443 ], [ 88.751772102066795, -9.289950033298505 ], [ 89.022804892916213, -9.418333986858761 ], [ 89.265307916307819, -9.26142026584067 ], [ 89.407956753596991, -9.375539335672009 ] ], [ [ 88.708977450880042, -11.358358173991515 ], [ 88.965745358000547, -11.044530731955334 ], [ 89.222513265121066, -11.044530731955334 ], [ 89.151188846476472, -10.816292592292658 ], [ 89.336632334952398, -10.445405615340807 ], [ 89.778843730548843, -10.259962126864883 ], [ 90.021346753940435, -10.331286545509469 ], [ 90.221055126145274, -10.188637708220297 ], [ 90.363703963434446, -10.516730033985393 ], [ 90.506352800723619, -10.702173522461319 ], [ 90.862974893946557, -10.730703289919154 ] ], [ [ 91.997033150395481, -9.329178463553026 ], [ 91.326583615136371, -8.744318230667416 ], [ 91.554821754799036, -8.430490788631234 ], [ 91.340848498865284, -8.173722881510724 ], [ 91.098345475473693, -8.159457997781805 ], [ 91.012756173100186, -7.874160323203459 ], [ 90.698928731064001, -7.831365672016708 ], [ 90.698928731064001, -7.546067997438361 ], [ 90.413631056485656, -7.517538229980527 ], [ 90.213922684280817, -7.203710787944346 ], [ 89.914360125973545, -7.118121485570842 ], [ 89.871565474786806, -6.718704741161157 ], [ 90.313776870383236, -6.633115438787653 ], [ 90.484955475130249, -6.362082647938225 ], [ 90.784518033437507, -6.319287996751473 ], [ 90.734590940386298, -5.944834798867395 ] ], [ [ 91.412172917509864, -7.346359625233519 ], [ 91.440702684967704, -7.046797066926255 ], [ 91.012756173100186, -6.932677997094917 ], [ 91.098345475473693, -6.647380322516571 ], [ 90.79878291716642, -6.54752613641415 ], [ 90.784518033437507, -6.319287996751473 ] ], [ [ 89.293837683765645, -7.792137241762187 ], [ 89.543473149021708, -7.6601870672697 ], [ 89.6290624513952, -7.44621381133594 ], [ 89.785976172413299, -7.28930009031785 ], [ 90.114068498178398, -7.403419160149189 ], [ 90.213922684280817, -7.203710787944346 ] ], [ [ 88.116984776129968, -7.346359625233519 ], [ 88.41654733443724, -7.23224055540218 ], [ 88.559196171726413, -7.346359625233519 ], [ 89.243910590714435, -6.975472648281669 ], [ 89.514943381563867, -7.004002415739504 ], [ 89.871565474786806, -6.718704741161157 ] ], [ [ 87.68903826426245, -6.975472648281669 ], [ 87.78889245036487, -6.747234508618992 ], [ 88.330958032063734, -6.476201717769563 ], [ 88.630520590370992, -6.633115438787653 ], [ 88.901553381220424, -6.561791020143067 ], [ 89.215380823256609, -6.504731485227397 ], [ 89.286705241901188, -6.362082647938225 ], [ 89.614797567666287, -6.190904043191217 ], [ 89.957154777160298, -6.033990322173127 ], [ 90.17826047495852, -5.759391310391469 ] ] ] } },
{ "type": "Feature", "properties": { "id": 30, "name": null, "size": 2, "continent": "Essos", "height": 1 }, "geometry": { "type": "MultiLineString", "coordinates": [ [ [ 52.015926886647392, 7.734920900448381 ], [ 51.24307111413767, 7.497119124291544 ], [ 50.490032156307691, 7.120599645376553 ], [ 50.23241356547112, 6.763896981141298 ], [ 50.826918005863206, 6.486461575624989 ] ], [ [ 49.736993198477705, 5.99104120863158 ], [ 50.272047194830591, 5.852323505873425 ], [ 50.688200303105056, 5.654155359076062 ] ], [ [ 50.054062233353491, 4.227344702135042 ], [ 49.677542754438498, 4.009359740657942 ], [ 49.657725939758762, 3.712107520461897 ] ], [ [ 50.648566673745584, 3.236503968148224 ], [ 50.747650747144263, 2.800534045194023 ], [ 50.291864009510327, 2.542915454357451 ] ], [ [ 51.421422446255299, 2.364564122239823 ], [ 51.02508615266057, 2.245663234161405 ], [ 50.529665785667163, 2.027678272684305 ], [ 49.657725939758762, 1.928594199285623 ] ], [ [ 48.389449800255633, 1.631341979089577 ], [ 48.072380765379854, 1.512441091011159 ], [ 48.09219758005959, 1.195372056135377 ] ], [ [ 49.023587870007198, 0.462149912985131 ], [ 49.340656904882984, 0.561233986383813 ], [ 49.261389646164034, 0.838669391900122 ] ], [ [ 51.877209183889235, 1.076471168056959 ], [ 52.154644589405542, 0.818852577220386 ], [ 51.996110071967657, 0.541417171704077 ] ] ] } },
{ "type": "Feature", "properties": { "id": 31, "name": null, "size": 2, "continent": null, "height": 2 }, "geometry": { "type": "MultiLineString", "coordinates": [ [ [ 77.051294825466428, 23.219113033122653 ], [ 76.81667045833747, 23.613143662587145 ], [ 76.644623454977605, 23.724972542755083 ], [ 76.499601423461684, 24.009479956181874 ], [ 76.773568035864301, 24.111806285415177 ], [ 76.777036828977998, 24.326548991057656 ], [ 76.932269058494086, 24.379614261102937 ], [ 77.011619569808971, 24.478802400246551 ], [ 77.338940428982909, 24.449045958503469 ], [ 77.490442157448513, 24.584167581894228 ] ], [ [ 78.806924888308387, 23.655540845354555 ], [ 78.489522843048832, 23.814241867984336 ], [ 78.203847485919013, 23.771678180025035 ], [ 78.301065378675958, 23.923348821042314 ], [ 78.243481115278485, 24.187831288299499 ], [ 77.993582147330756, 24.131643913243902 ], [ 77.866961636363499, 24.24728173233871 ], [ 77.537316707270136, 24.260588494130602 ], [ 77.490442157448513, 24.584167581894228 ], [ 77.173373122572727, 24.722885284652381 ], [ 77.331907640010613, 25.039954319528164 ], [ 77.527397893355769, 25.02433716553643 ], [ 77.728243933605341, 25.33720653972421 ], [ 77.966045709762184, 25.416473798443157 ], [ 78.302931559317699, 25.436290613122893 ], [ 78.520916520794799, 25.7137260186392 ], [ 78.826762516137109, 25.731052656934679 ], [ 78.985463538766894, 25.790565540420847 ], [ 79.124326933567957, 25.859997237821378 ] ], [ [ 76.733892780206858, 24.905311398564091 ], [ 76.684298710635048, 25.093768862936958 ], [ 76.80332447760739, 25.25246988556674 ], [ 76.981863128065896, 25.173119374251851 ], [ 77.074289049174041, 25.357023354403946 ], [ 77.30918398723982, 25.361576838624718 ], [ 77.549892601487713, 25.4957410571621 ], [ 77.966045709762184, 25.416473798443157 ] ], [ [ 79.362378467512627, 24.878034660299598 ], [ 79.064814050081793, 25.09624856641555 ], [ 79.183839817054121, 25.314462472531499 ], [ 79.044976422253072, 25.483082309075645 ], [ 79.21359625879721, 25.532676378647452 ], [ 79.292946770112096, 25.641783331705426 ], [ 79.203677444882842, 25.701296215191594 ], [ 79.124326933567957, 25.859997237821378 ], [ 78.97554472485254, 25.969104190879353 ], [ 79.203677444882842, 26.15756165525222 ], [ 79.214505034585571, 26.328047273711029 ], [ 79.48140423448497, 26.445207258768701 ], [ 79.591024513500557, 26.704566752626018 ], [ 79.739293396258361, 26.742771676199542 ], [ 79.888276733696614, 26.922551714103118 ], [ 80.076533069346652, 26.742771676199542 ], [ 80.304429841971071, 26.863101270063911 ], [ 80.62674966788984, 26.913007536870516 ], [ 80.679101014644104, 26.627465464445095 ], [ 80.813005002487984, 26.562993174001743 ], [ 81.006421873818041, 26.647303092273816 ], [ 81.189919931233717, 26.414210965286323 ], [ 81.477565534750198, 26.47372384877249 ], [ 81.720576475652052, 26.389413930500417 ], [ 81.933830974810832, 26.493561476601215 ], [ 82.122288439183691, 26.46380503485813 ], [ 82.300827089642198, 26.558033767044563 ], [ 82.722376681002558, 26.47372384877249 ] ], [ [ 81.612339610833672, 25.55519150120131 ], [ 81.3547210199971, 25.376840169083682 ], [ 81.017835170441586, 25.198488836966057 ], [ 80.760216579605014, 25.297572910364735 ], [ 80.542231618127914, 25.4957410571621 ] ], [ [ 82.523913086101544, 25.852443721397357 ], [ 82.979699823735487, 26.248780014992082 ], [ 83.039150267774687, 26.744200381985493 ] ], [ [ 86.487276022048817, 20.105567464273808 ], [ 86.824161871604346, 20.660438275306426 ], [ 87.081780462440918, 20.838789607424054 ], [ 87.418666311996432, 20.759522348705108 ] ], [ [ 81.477565534750198, 26.47372384877249 ], [ 81.432930872135572, 26.270388163528082 ], [ 81.289108070377338, 26.156321803512924 ], [ 80.887396106845699, 25.982742560011602 ] ], [ [ 82.533919216629698, 27.650343149363614 ], [ 82.360339973128376, 27.417251022376121 ], [ 82.127247846140875, 27.332941104104048 ], [ 81.854480463495932, 27.40733220846176 ], [ 81.720576475652052, 27.278387627575061 ], [ 81.561875453022282, 27.2684688136607 ], [ 81.41309324430685, 27.293265848446605 ], [ 81.249432814719896, 27.099848977116554 ], [ 81.135366454704737, 27.080011349287833 ], [ 80.976665432074952, 27.12960541885964 ], [ 80.837802037273889, 27.030417279716026 ], [ 80.837802037273889, 26.931229140572412 ], [ 80.62674966788984, 26.913007536870516 ] ], [ [ 82.033019113954438, 24.250669680216234 ], [ 81.91399334698211, 24.473842993289367 ], [ 82.018140893082901, 24.582949946347345 ], [ 81.988384451339812, 24.746610375934306 ], [ 81.68090121999461, 24.930108433349993 ], [ 81.333742732991965, 24.875554956821006 ], [ 81.234554593848344, 25.039215386407971 ], [ 81.017835170441586, 25.198488836966057 ] ] ] } },
{ "type": "Feature", "properties": { "id": 32, "name": null, "size": 2, "continent": null, "height": 2 }, "geometry": { "type": "MultiLineString", "coordinates": [ [ [ 30.66348185147659, -36.073076843451432 ], [ 30.465105573189362, -35.864781751249836 ], [ 30.514699642761169, -35.715999542534419 ], [ 30.53453727058989, -35.567217333818995 ], [ 30.415511503617555, -35.398597497274849 ], [ 30.613887781904783, -35.269652916388154 ], [ 30.683319479305311, -35.061357824186565 ], [ 30.782507618448925, -34.932413243299862 ], [ 30.891614571506903, -34.62493001195466 ], [ 31.159422547194662, -34.367040850181262 ], [ 31.35779882548189, -34.396797291924344 ], [ 31.619470377528732, -34.217275776553542 ], [ 31.926631005064646, -34.088466481135256 ], [ 32.131466310802082, -33.950450665778085 ], [ 32.233791632600557, -33.771397446259471 ], [ 32.947196961071072, -33.662404965520921 ], [ 33.520100258812683, -33.335484203087674 ], [ 33.777989420586081, -33.494185225717459 ], [ 34.065635024102562, -33.633048620518515 ], [ 34.323524185875961, -33.355321830916395 ], [ 34.502062836334467, -33.325565389173313 ], [ 34.561575719820631, -33.137107924800446 ], [ 35.206298624254124, -33.266052505687142 ] ], [ [ 30.355998620131384, -34.178583385808395 ], [ 30.073758832509295, -34.098374888475121 ], [ 29.939408435728204, -34.307527966695091 ], [ 29.687330946254434, -34.474894367390114 ], [ 29.697239353594306, -34.910864290344314 ], [ 29.290994652659709, -35.138757659161286 ], [ 29.310811467339445, -35.663903248174293 ], [ 29.409895540738127, -36.030514319749422 ], [ 29.588246872855755, -36.387216983984672 ], [ 29.622006390468638, -36.876500770514703 ] ], [ [ 31.000721524564877, -33.494185225717459 ], [ 31.262767713293478, -33.144690682012808 ], [ 31.546256289854757, -33.018082157828104 ], [ 31.79782170964636, -32.589819870980186 ], [ 32.05211579948719, -32.710598926482902 ], [ 32.171141566459525, -32.64116722908237 ], [ 32.300086147346228, -32.522141462110035 ], [ 32.468705983890374, -32.333683997737168 ], [ 32.776189215235576, -32.432872136880782 ], [ 32.915052610036632, -32.432872136880782 ], [ 33.083672446580778, -32.284089928165358 ], [ 33.401074491840347, -32.254333486422276 ], [ 33.569694328384486, -32.313846369908447 ], [ 33.758151792757353, -32.165064161193023 ], [ 33.99620332670203, -32.224577044679194 ], [ 34.174741977160537, -32.155145347278662 ], [ 34.373118255447764, -31.98652551073452 ], [ 34.849221323337112, -32.065876022049409 ] ], [ [ 30.24689166707341, -33.19662080828661 ], [ 30.653563037562229, -33.077595041314275 ], [ 30.921371013249985, -33.216458436115339 ], [ 31.149503733280298, -33.057757413485554 ], [ 31.546256289854757, -33.018082157828104 ] ] ] } },
{ "type": "Feature", "properties": { "id": 33, "name": null, "size": 1, "continent": null, "height": 2 }, "geometry": { "type": "MultiLineString", "coordinates": [ [ [ 29.677422538914566, -27.865986671698028 ], [ 29.875590685711931, -27.846169857018289 ], [ 30.202568127927581, -28.163238891894071 ], [ 30.48991194078376, -28.381223853371171 ] ] ] } },
{ "type": "Feature", "properties": { "id": 34, "name": null, "size": 2, "continent": "Essos", "height": 1 }, "geometry": { "type": "MultiLineString", "coordinates": [ [ [ 63.016703516012839, 6.755952747132156 ], [ 62.867390927929613, 6.704287865710906 ], [ 62.75607858497559, 6.603172615144803 ], [ 63.016703516012839, 6.405457150219995 ], [ 63.016703516012839, 6.180780485532712 ], [ 62.729117385213115, 6.045974486720342 ], [ 63.01617313664503, 5.838871351682874 ], [ 63.01617313664503, 5.650413887310007 ] ], [ [ 61.956229658688862, 7.789465404693657 ], [ 62.173073953924309, 7.676331629318326 ], [ 62.279764055838548, 7.492892207306444 ], [ 62.044129373037613, 7.368848397973122 ], [ 61.785475393526525, 7.385047408256549 ] ], [ [ 62.189893389963643, 4.913604096696436 ], [ 62.47063837135515, 4.916421657647263 ], [ 62.693169118863153, 4.778798097884066 ], [ 62.708689905299828, 4.460156217586638 ], [ 62.53140192028831, 4.284509435572044 ] ], [ [ 64.975884032085958, 5.021448895746333 ], [ 64.778168567161146, 4.706901565184136 ], [ 64.688297901286234, 4.464250767321871 ], [ 64.490582436361422, 4.302483568747027 ], [ 63.879461908412011, 4.194638769697131 ], [ 63.57162671584927, 4.232023497556325 ] ], [ [ 66.971012814509024, 4.850694630583997 ], [ 67.023373958047031, 4.68828893761695 ], [ 66.764310282996718, 4.554121433196784 ], [ 66.57702733190078, 4.380805706271746 ], [ 66.23407335433474, 4.338431835096992 ] ], [ [ 58.810756353066893, 8.07031123555276 ], [ 58.572544503011116, 7.934220791091723 ], [ 58.505196089092188, 7.764750971578056 ], [ 58.442286622979744, 7.405268308078403 ], [ 58.453518736038781, 7.120878050114086 ], [ 58.684937420842012, 6.875031379416416 ] ], [ [ 59.565669946416158, 7.692854438878125 ], [ 59.565669946416158, 7.576022573240738 ], [ 59.514831824875451, 7.42836128145929 ], [ 59.340993281728878, 7.297423509028508 ], [ 59.465237755303647, 7.180390933600255 ], [ 59.682501812053545, 7.144643377041155 ] ], [ [ 60.275648206827974, 7.261475242678542 ], [ 60.516632030225956, 7.180390933600255 ], [ 60.437281518911064, 7.031608724884833 ], [ 60.185777540953062, 6.848070179653942 ], [ 60.104893941665637, 6.641367648141642 ], [ 59.907178476740832, 6.461626316391816 ] ], [ [ 60.476956774568507, 10.6643743210197 ], [ 60.754683564170627, 10.575104995790447 ], [ 60.903465772886051, 10.38664753141758 ], [ 60.84395288939988, 10.227946508787799 ], [ 60.407525077167975, 10.198190067044713 ], [ 60.030610148422241, 10.178352439215992 ] ], [ [ 63.085604834045562, 8.164833214600625 ], [ 63.115361275788644, 8.323534237230408 ], [ 63.452600948876928, 8.511991701603273 ], [ 63.522032646277459, 8.888906630349007 ], [ 63.224468228846618, 9.196389861694211 ], [ 63.561707901934909, 9.493954279125054 ], [ 63.998135714166807, 9.622898860011752 ], [ 64.146917922882224, 9.851031580042065 ], [ 64.117161481139149, 10.128758369644183 ], [ 63.869191133280111, 10.257702950530883 ], [ 63.968379272423725, 10.436241600989387 ] ], [ [ 62.758283974871631, 12.757244056949958 ], [ 63.01617313664503, 12.548948964748368 ], [ 63.313737554075871, 12.400166756032947 ], [ 63.621220785421073, 12.28114098906061 ], [ 63.799759435879579, 12.092683524687743 ], [ 63.680733668907244, 11.904226060314876 ], [ 63.363331623647674, 11.765362665513816 ], [ 63.234387042760979, 11.616580456798395 ], [ 63.204630601017897, 11.338853667196275 ], [ 63.274062298418428, 11.120639761080325 ] ], [ [ 66.036451973568077, 12.201790477745719 ], [ 65.907507392681381, 12.112521152516466 ], [ 65.88766976485266, 11.963738943801046 ], [ 66.214990624026584, 11.86455080465743 ], [ 66.214990624026584, 11.805037921171262 ], [ 66.373691646656368, 11.656255712455842 ], [ 66.363772832742001, 11.477717061997335 ], [ 66.611743180601039, 11.309097225453192 ], [ 66.681174878001571, 11.080964505422878 ], [ 66.780363017145177, 10.902425854964374 ], [ 66.661337250172849, 10.6643743210197 ] ] ] } },
{ "type": "Feature", "properties": { "id": 35, "name": "Giant's Lance", "size": 1, "continent": "Westeros", "height": 3 }, "geometry": { "type": "MultiLineString", "coordinates": [ [ [ 19.692302264363921, 11.938681709806067 ], [ 19.78441969688571, 12.244241973780772 ], [ 19.788913230179453, 12.358827072771287 ], [ 19.89675802922935, 12.473412171761803 ], [ 19.95292719540117, 12.581256970811697 ], [ 19.987356825199416, 12.741029212578626 ], [ 20.092226727507288, 12.596984337339808 ], [ 20.166370026854089, 12.491386304936785 ], [ 20.204565059850928, 12.403762405708743 ], [ 20.310163092253951, 12.322878806421322 ], [ 20.50563179053189, 12.219527540665172 ] ] ] } }
]
}
