{
"type": "FeatureCollection",
"name": "got_rivers",
"features": [
{ "type": "Feature", "properties": { "id": 1, "name": "Blackwater Rush", "size": 2, "continent": "Westeros" }, "geometry": { "type": "MultiLineString", "coordinates": [ [ [ 12.500414208426971, 6.446642017008505 ], [ 12.680371545454689, 6.376223928606354 ], [ 12.817295606236648, 6.32145430429357 ], [ 12.958131783040949, 6.282333144070153 ], [ 13.114616423934617, 6.270596796003128 ], [ 13.278925296872968, 6.282333144070153 ], [ 13.435409937766636, 6.297981608159519 ], [ 13.58407034661562, 6.254948331913761 ], [ 13.662312667062455, 6.215827171690344 ], [ 13.748379219553971, 6.164969663399902 ] ], [ [ 12.531711136605704, 5.683779392651873 ], [ 12.70775635761108, 5.707252088785924 ], [ 12.879889462594114, 5.762021713098707 ], [ 12.969868131107974, 5.781582293210416 ], [ 13.071583147688859, 5.836351917523199 ], [ 13.165473932225058, 5.90677000592535 ], [ 13.251540484716577, 5.961539630238134 ], [ 13.30631010902936, 6.020221370573259 ], [ 13.380640313453853, 6.074990994886043 ], [ 13.474531097990052, 6.11411215510946 ], [ 13.564509766503912, 6.149321199310535 ], [ 13.654488435017772, 6.153233315332877 ], [ 13.748379219553971, 6.164969663399902 ], [ 13.838357888067831, 6.125848503176485 ], [ 13.959633484760424, 6.074990994886043 ], [ 14.080909081453015, 6.043694066707309 ], [ 14.186536214056241, 6.008485022506235 ], [ 14.288251230637126, 5.961539630238134 ], [ 14.362581435061617, 5.891121541835983 ], [ 14.421263175396744, 5.801142873322124 ], [ 14.456472219597819, 5.69942785674124 ], [ 14.511241843910602, 5.629009768339089 ], [ 14.619314049027793, 5.58866607185869 ] ], [ [ 14.345465927463874, 7.891435365509571 ], [ 14.36111439155324, 7.821017277107421 ], [ 14.376762855642607, 7.762335536772296 ], [ 14.390455261720804, 7.705609854448341 ], [ 14.402191609787829, 7.650840230135557 ], [ 14.400235551776658, 7.58824637377809 ], [ 14.38067497166495, 7.533476749465307 ], [ 14.331773521385678, 7.476751067141352 ], [ 14.28874024513992, 7.423937500839739 ], [ 14.243750910882991, 7.35743152845993 ], [ 14.233970620827137, 7.272832019476791 ], [ 14.245706968894162, 7.196545757041128 ], [ 14.271135723039382, 7.112435262560782 ], [ 14.292652361162261, 7.055709580236827 ], [ 14.306344767240457, 6.985291491834676 ], [ 14.302432651218115, 6.926609751499551 ], [ 14.294608419173432, 6.869884069175597 ], [ 14.275047839061724, 6.818048531879569 ], [ 14.258421345966772, 6.765234965577956 ], [ 14.255487258950016, 6.720245631321027 ], [ 14.257443316961186, 6.645915426896535 ], [ 14.277003897072895, 6.587233686561409 ], [ 14.31221294127397, 6.552024642360333 ], [ 14.353290159508557, 6.532464062248625 ], [ 14.392411319731975, 6.510947424125746 ], [ 14.429576421944221, 6.483562611969354 ], [ 14.460873350122954, 6.434661161690083 ], [ 14.460873350122954, 6.375979421354957 ], [ 14.458917292111783, 6.321209797042173 ], [ 14.468697582167637, 6.251769737645608 ], [ 14.47456575620115, 6.200912229355167 ], [ 14.499994510346371, 6.16374712714292 ], [ 14.531291438525106, 6.128538082941845 ], [ 14.562588366703839, 6.079636632662574 ], [ 14.591929236871401, 5.995526138182227 ], [ 14.58997317886023, 5.923151991768906 ], [ 14.580192888804376, 5.852733903366755 ], [ 14.580192888804376, 5.784271872975776 ], [ 14.603665584938426, 5.676688682361379 ], [ 14.619314049027793, 5.58866607185869 ] ], [ [ 14.619314049027793, 5.58866607185869 ], [ 14.662347325273551, 5.517269954450954 ], [ 14.697556369474627, 5.442939750026462 ], [ 14.715690517170415, 5.356467757104874 ], [ 14.803183502077852, 5.282542993110453 ], [ 14.877513706502345, 5.200388556641277 ], [ 14.951843910926836, 5.153443164373178 ], [ 15.077031623641771, 5.094761424038052 ], [ 15.233516264535439, 5.067376611881659 ], [ 15.300022236915249, 5.028255451658243 ], [ 15.39782513747379, 4.977397943367801 ], [ 15.511276502121699, 4.957837363256092 ], [ 15.648200562903659, 4.977397943367801 ], [ 15.769476159596252, 4.996958523479509 ], [ 15.87901540822182, 4.981310059390142 ], [ 16.008115236959096, 4.950013131211409 ], [ 16.092225731439441, 4.901111680932138 ], [ 16.164233116975716, 4.856489107552321 ], [ 16.224870915322011, 4.807587657273049 ], [ 16.305436054657065, 4.752451272083153 ], [ 16.367663150137481, 4.686312060580457 ], [ 16.41069642638324, 4.606113682122452 ], [ 16.447861528595485, 4.494618375485714 ], [ 16.485026630807734, 4.433980577139417 ], [ 16.514367500975297, 4.367474604759608 ], [ 16.552510632193123, 4.32982048804457 ], [ 16.611192372528251, 4.280919037765298 ], [ 16.660093822807521, 4.247666051575394 ], [ 16.734424027232013, 4.235929703508369 ], [ 16.818534521712358, 4.247666051575394 ], [ 16.886996552103337, 4.214413065385489 ], [ 16.985777481667462, 4.069175758056054 ], [ 17.05228345404727, 4.018318249765612 ], [ 17.101184904326541, 3.955724393408145 ], [ 17.16964693471752, 3.908779001140045 ], [ 17.238108965108502, 3.850097260804919 ], [ 17.273318009309577, 3.791415520469794 ], [ 17.330043691633531, 3.722953490078814 ], [ 17.433714766225584, 3.679920213833055 ], [ 17.545210072862325, 3.656447517699005 ], [ 17.644969031432037, 3.648623285654322 ], [ 17.725167409890041, 3.648623285654322 ], [ 17.836662716526781, 3.638842995598468 ], [ 17.914837350479132, 3.628299840097405 ], [ 18.050332845068802, 3.632972098531532 ], [ 18.1574562303588, 3.640799053609638 ], [ 18.220050086716267, 3.642755111620809 ], [ 18.313270922628927, 3.663416981127176 ], [ 18.418866621490892, 3.670959531045888 ] ], [ [ 16.23758529239462, 6.70643097161715 ], [ 16.168511993875104, 6.605816237667532 ], [ 16.16068776183042, 6.504101221086648 ], [ 16.20763315409852, 6.386737740416397 ], [ 16.27022701045599, 6.234165215545071 ], [ 16.281963358523015, 6.101153270785453 ], [ 16.282941387528599, 5.920706919254942 ], [ 16.273161097472745, 5.763244249355689 ], [ 16.285875474545357, 5.63365540611562 ], [ 16.336732982835798, 5.535852505557078 ], [ 16.395414723170923, 5.449785953065561 ], [ 16.501041855774147, 5.387192096708094 ], [ 16.579284176220984, 5.359807284551701 ], [ 16.657526496667817, 5.305037660238918 ], [ 16.708384004958258, 5.222883223769743 ], [ 16.747505165181675, 5.1250803232112 ], [ 16.7592415132487, 5.035101654697341 ], [ 16.763153629271041, 4.937298754138799 ], [ 16.770977861315725, 4.831671621535572 ], [ 16.821835369606166, 4.745605069044055 ], [ 16.864868645851928, 4.675186980641905 ], [ 16.911814038120028, 4.593032544172729 ], [ 16.919638270164711, 4.499141759636529 ], [ 16.919638270164711, 4.422855497200866 ], [ 16.888341341985978, 4.344613176754032 ], [ 16.886996552103337, 4.214413065385489 ] ] ] } },
{ "type": "Feature", "properties": { "id": 2, "name": "Green Fork", "size": null, "continent": "Westeros" }, "geometry": { "type": "MultiLineString", "coordinates": [ [ [ 11.684738017768726, 17.555095462447749 ], [ 11.712122829925118, 17.488589490067941 ], [ 11.731683410036828, 17.41425928564345 ], [ 11.73559552605917, 17.328192733151933 ], [ 11.719947061969803, 17.25777464474978 ], [ 11.684738017768726, 17.18735655634763 ], [ 11.731683410036828, 17.128674816012506 ], [ 11.821662078550686, 17.101290003856114 ], [ 11.856871122751761, 17.042608263520989 ], [ 11.872519586841129, 16.972190175118836 ], [ 11.899904398997521, 16.878299390582637 ], [ 11.907728631042204, 16.800057070135804 ], [ 11.895992282975179, 16.732573068750408 ], [ 11.825574194573027, 16.685627676482309 ], [ 11.751243990148536, 16.685627676482309 ], [ 11.688650133791068, 16.68953979250465 ], [ 11.643660799534139, 16.668023154381771 ], [ 11.620188103400089, 16.630858052169526 ], [ 11.641704741522968, 16.580000543879084 ], [ 11.680825901746385, 16.540879383655668 ], [ 11.708210713902776, 16.478285527298198 ], [ 11.69256224981341, 16.407867438896048 ], [ 11.606495697321893, 16.360922046627948 ], [ 11.551726073009108, 16.302240306292823 ], [ 11.516517028808034, 16.223997985845987 ], [ 11.5321654928974, 16.16140412948852 ], [ 11.55563818903145, 16.122282969265104 ], [ 11.633880509478285, 16.102722389153396 ], [ 11.719947061969803, 16.083161809041687 ], [ 11.798189382416636, 16.075337576997004 ], [ 11.864695354796444, 16.075337576997004 ], [ 11.954674023310304, 16.063601228929979 ], [ 12.040740575801822, 16.032304300751246 ], [ 12.08377385204758, 15.95014986428207 ], [ 12.095510200114605, 15.902226443008384 ], [ 12.089642026081092, 15.865061340796139 ], [ 12.040740575801822, 15.829852296595062 ], [ 11.976190661433183, 15.814203832505696 ], [ 11.929245269165083, 15.769214498248767 ], [ 11.905772573031033, 15.706620641891298 ], [ 11.923377095131571, 15.66358736564554 ], [ 11.956630081321475, 15.630334379455636 ], [ 11.982058835466695, 15.569696581109341 ], [ 11.991839125522549, 15.512970898785385 ], [ 11.984014893477866, 15.460157332483773 ], [ 11.966410371377329, 15.393651360103963 ], [ 11.939025559220937, 15.359420344908473 ], [ 11.933157385187425, 15.314431010651544 ], [ 11.964454313366158, 15.265529560372274 ], [ 11.995751241544891, 15.218584168104172 ], [ 12.050520865857676, 15.197067529981293 ], [ 12.117026838237484, 15.193155413958952 ], [ 12.181576752606123, 15.167726659813731 ], [ 12.238302434930077, 15.163814543791389 ], [ 12.291116001231689, 15.146210021690852 ], [ 12.330237161455107, 15.101220687433921 ], [ 12.371314379689695, 15.060143469199334 ], [ 12.422171887980136, 15.046451063121138 ], [ 12.500414208426971, 15.019066250964746 ], [ 12.563008064784437, 15.0288465410206 ], [ 12.600173166996683, 15.017110192953576 ], [ 12.645162501253614, 14.977989032730159 ], [ 12.670591255398834, 14.944736046540253 ], [ 12.701888183577568, 14.907570944328008 ], [ 12.764482039935036, 14.872361900126933 ], [ 12.827075896292502, 14.833240739903516 ], [ 12.877933404582944, 14.780427173601902 ], [ 12.928790912873387, 14.737393897356144 ], [ 12.963999957074462, 14.70414091116624 ], [ 13.05006650956598, 14.655239460886968 ], [ 13.087231611778225, 14.616118300663551 ], [ 13.143957294102179, 14.551568386294914 ], [ 13.231979904604868, 14.490930587948617 ], [ 13.284793470906481, 14.447897311702858 ], [ 13.371838052403584, 14.398995861423588 ], [ 13.423673589699609, 14.353028498161072 ], [ 13.454970517878342, 14.294346757825947 ], [ 13.494091678101761, 14.221972611412625 ], [ 13.503871968157615, 14.149598464999304 ], [ 13.51560831622464, 14.083092492619496 ], [ 13.533212838325177, 14.010718346206174 ], [ 13.558641592470398, 13.93981124330123 ], [ 13.586026404626789, 13.845920458765029 ], [ 13.638839970928402, 13.750073616217659 ], [ 13.691653537230016, 13.683567643837849 ], [ 13.740554987509286, 13.644446483614432 ], [ 13.801192785855584, 13.589676859301649 ], [ 13.875522990280075, 13.532951176977694 ], [ 13.928336556581687, 13.513390596865985 ], [ 13.985062238905643, 13.466445204597886 ], [ 14.042093023255843, 13.430348837209337 ], [ 14.133722647754627, 13.384290768128709 ], [ 14.231525548313169, 13.360818071994659 ], [ 14.313679984782345, 13.325609027793584 ], [ 14.384098073184497, 13.278663635525485 ], [ 14.434955581474938, 13.216069779168016 ], [ 14.443953488372122, 13.13763565891476 ], [ 14.425175291419084, 13.07425557335813 ], [ 14.44082375550845, 12.984276904844272 ], [ 14.48776914777655, 12.878649772241046 ], [ 14.566011468223385, 12.804319567816552 ], [ 14.644253788670218, 12.722165131347378 ], [ 14.718583993094711, 12.663483391012253 ], [ 14.792914197519202, 12.620450114766493 ], [ 14.855736434108556, 12.537325581395386 ], [ 14.972871534546922, 12.436580661716434 ], [ 15.027641158859705, 12.366162573314284 ], [ 15.094147131239513, 12.280096020822766 ], [ 15.137180407485273, 12.178381004241881 ], [ 15.184125799753373, 12.092314451750365 ], [ 15.238895424066156, 11.998423667214164 ], [ 15.309313512468307, 11.94169798489021 ], [ 15.414940645071532, 11.886928360577425 ], [ 15.504919313585392, 11.847807200354008 ], [ 15.579249518009885, 11.793037576041225 ], [ 15.630107026300326, 11.734355835706099 ], [ 15.669228186523743, 11.660025631281608 ], [ 15.684876650613109, 11.566134846745406 ], [ 15.696612998680134, 11.499628874365598 ], [ 15.751382622992919, 11.41356232187408 ], [ 15.817888595372727, 11.34314423347193 ], [ 15.876570335707854, 11.276638261092121 ], [ 15.954812656154687, 11.233604984846362 ], [ 16.036967092623861, 11.159274780421869 ], [ 16.083912484891965, 11.069296111908011 ], [ 16.104573347634993, 10.986285900058967 ], [ 16.108485463657335, 10.95107685585789 ], [ 16.15934297194778, 10.865010303366374 ], [ 16.284530684662712, 10.735910474629097 ], [ 16.347124541020179, 10.614634877936505 ], [ 16.394069933288279, 10.520744093400303 ], [ 16.402872194338549, 10.339319712864208 ] ], [ [ 11.620188103400089, 16.630858052169526 ], [ 11.582044972182258, 16.631347066672319 ], [ 11.550748044003523, 16.652863704795198 ], [ 11.54292381195884, 16.688072748996273 ], [ 11.548791985992352, 16.72914996723086 ], [ 11.535099579914156, 16.77609535949896 ], [ 11.478373897590203, 16.789787765577156 ], [ 11.429472447310932, 16.789787765577156 ], [ 11.378614939020489, 16.785875649554814 ], [ 11.331669546752389, 16.801524113644181 ], [ 11.274943864428435, 16.821084693755889 ], [ 11.237778762216188, 16.856293737956964 ], [ 11.214306066082138, 16.90910730425858 ], [ 11.218218182104479, 16.950184522493167 ], [ 11.218218182104479, 16.9814814506719 ] ], [ [ 12.089642026081092, 15.865061340796139 ], [ 12.139521505365948, 15.88902305143298 ], [ 12.159082085477657, 15.934012385689909 ], [ 12.174730549567025, 15.984869893980353 ], [ 12.225588057857466, 15.998562300058548 ], [ 12.264709218080883, 16.033771344259623 ], [ 12.284269798192591, 16.088540968572406 ], [ 12.270577392114395, 16.133530302829335 ], [ 12.243192579958004, 16.178519637086268 ], [ 12.211895651779271, 16.20786050725383 ], [ 12.18646689763405, 16.245025609466076 ], [ 12.172774491555854, 16.286102827700663 ], [ 12.180598723600538, 16.340872452013446 ], [ 12.204071419734587, 16.393686018315059 ], [ 12.2568849860362, 16.428895062516133 ], [ 12.290137972226104, 16.426939004504963 ] ] ] } },
{ "type": "Feature", "properties": { "id": 3, "name": "Green Fork", "size": null, "continent": "Westeros" }, "geometry": { "type": "MultiLineString", "coordinates": [ [ [ 12.670591255398834, 14.944736046540253 ], [ 12.766438097946207, 15.030802599031771 ] ], [ [ 12.766438097946207, 15.030802599031771 ], [ 12.835878157342769, 15.093885469892031 ], [ 12.851526621432136, 15.160391442271839 ], [ 12.820229693253403, 15.226897414651649 ], [ 12.765460068940619, 15.281667038964432 ], [ 12.745899488828909, 15.344260895321899 ], [ 12.781108533029986, 15.422503215768733 ], [ 12.855438737454477, 15.457712259969808 ], [ 12.937593173923654, 15.500745536215568 ], [ 12.964977986080045, 15.555515160528351 ], [ 12.961065870057704, 15.606372668818793 ], [ 12.886735665633211, 15.649405945064553 ], [ 12.808493345186378, 15.700263453354994 ], [ 12.831966041320428, 15.778505773801827 ], [ 12.906296245744921, 15.778505773801827 ], [ 12.964977986080045, 15.747208845623094 ], [ 13.015835494370487, 15.727648265511386 ], [ 13.082341466750297, 15.735472497556069 ], [ 13.125374742996055, 15.778505773801827 ], [ 13.125374742996055, 15.856748094248662 ], [ 13.121462626973713, 15.907605602539103 ], [ 13.13711109106308, 15.978023690941255 ], [ 13.195792831398204, 16.009320619119986 ], [ 13.242738223666306, 15.985847922985938 ], [ 13.293595731956747, 15.978023690941255 ], [ 13.352277472291874, 15.993672155030621 ], [ 13.391398632515291, 16.03279331525404 ], [ 13.41487132864934, 16.095387171611506 ], [ 13.422695560694024, 16.157981027968972 ], [ 13.422695560694024, 16.228399116371122 ], [ 13.422695560694024, 16.33402624897435 ], [ 13.403134980582315, 16.424004917488208 ], [ 13.317068428090797, 16.459213961689283 ], [ 13.254474571733331, 16.510071469979724 ], [ 13.223177643554598, 16.572665326337191 ], [ 13.223177643554598, 16.650907646784027 ], [ 13.270123035822698, 16.697853039052127 ], [ 13.336629008202506, 16.764359011431935 ], [ 13.426607676716365, 16.819128635744718 ], [ 13.520498461252567, 16.862161911990476 ], [ 13.567443853520667, 16.920843652325605 ], [ 13.559619621475983, 17.014734436861804 ], [ 13.5517953894313, 17.054833626090808 ], [ 13.559619621475983, 17.148724410627008 ], [ 13.5987407816994, 17.207406150962132 ], [ 13.625147564850204, 17.239925615397848 ], [ 13.6388399709284, 17.27611268860451 ], [ 13.633949825900475, 17.32085751561004 ], [ 13.590916549654716, 17.348242327766432 ], [ 13.512674229207883, 17.324769631632382 ], [ 13.453992488872757, 17.332593863677065 ], [ 13.407047096604657, 17.379539255945168 ], [ 13.391398632515291, 17.449957344347318 ], [ 13.434431908761049, 17.524287548771809 ], [ 13.524410577274908, 17.516463316727126 ], [ 13.571355969543008, 17.485166388548393 ], [ 13.618301361811108, 17.504726968660101 ], [ 13.630037709878133, 17.559496592972884 ], [ 13.610477129766425, 17.606441985240984 ], [ 13.547883273408958, 17.637738913419717 ], [ 13.442256140805732, 17.653387377509087 ], [ 13.371838052403582, 17.653387377509087 ], [ 13.309244196046114, 17.633826797397376 ], [ 13.250562455710989, 17.622090449330351 ], [ 13.219265527532256, 17.645563145464401 ], [ 13.223177643554598, 17.696420653754846 ], [ 13.266210919800356, 17.751190278067629 ], [ 13.309244196046114, 17.782487206246362 ], [ 13.324892660135481, 17.821608366469778 ], [ 13.313156312068456, 17.860729526693195 ], [ 13.254474571733331, 17.864641642715537 ], [ 13.20361706344289, 17.84899317862617 ], [ 13.141023207085421, 17.856817410670853 ], [ 13.11363839492903, 17.856817410670853 ], [ 13.058868770616247, 17.856817410670853 ], [ 13.015835494370487, 17.829432598514462 ], [ 12.972802218124729, 17.77857509022402 ], [ 12.95324163801302, 17.715981233866554 ], [ 12.894559897677894, 17.633826797397376 ], [ 12.828053925298086, 17.586881405129276 ], [ 12.773284300985303, 17.582969289106934 ], [ 12.749811604851251, 17.622090449330351 ], [ 12.753723720873593, 17.684684305687821 ], [ 12.835878157342769, 17.762926626134654 ], [ 12.886735665633211, 17.821608366469778 ], [ 12.921944709834287, 17.876377990782562 ], [ 12.914120477789604, 17.938971847140028 ], [ 12.851526621432136, 17.94288396316237 ], [ 12.777196417007644, 17.970268775318765 ], [ 12.706778328605493, 17.931147615095345 ], [ 12.644184472248027, 17.884202222827245 ], [ 12.5855027319129, 17.860729526693195 ], [ 12.534645223622459, 17.856817410670853 ], [ 12.456402903175624, 17.852905294648512 ], [ 12.417281742952207, 17.87246587476022 ] ], [ [ 12.964977986080045, 15.555515160528351 ], [ 13.070605118683272, 15.589746175723841 ], [ 13.133198975040738, 15.581921943679157 ], [ 13.191880715375863, 15.566273479589791 ], [ 13.227089759576939, 15.527152319366374 ], [ 13.250562455710989, 15.468470579031248 ], [ 13.254474571733331, 15.398052490629098 ], [ 13.289683615934406, 15.374579794495048 ], [ 13.348365356269532, 15.362843446428023 ], [ 13.407047096604657, 15.374579794495048 ], [ 13.434431908761049, 15.40196460665144 ], [ 13.453992488872757, 15.456734230964223 ], [ 13.465728836939782, 15.499767507209983 ], [ 13.5048499971632, 15.527152319366374 ], [ 13.555707505453642, 15.542800783455741 ] ], [ [ 13.41487132864934, 16.095387171611506 ], [ 13.481377301029148, 16.094409142605919 ], [ 13.520498461252567, 16.074848562494211 ], [ 13.559619621475983, 16.082672794538894 ], [ 13.587004433632375, 16.129618186806994 ], [ 13.587004433632375, 16.168739347030414 ], [ 13.594828665677058, 16.227421087365538 ], [ 13.641774057945158, 16.258718015544272 ], [ 13.696543682257943, 16.239157435432563 ], [ 13.708280030324968, 16.188299927142122 ], [ 13.700455798280284, 16.137442418851677 ], [ 13.723928494414334, 16.09832125862826 ], [ 13.763049654637751, 16.063112214427186 ], [ 13.825643510995219, 16.047463750337819 ], [ 13.896061599397369, 16.047463750337819 ], [ 13.96647968779952, 16.067024330449527 ], [ 14.01342508006762, 16.110057606695285 ] ], [ [ 13.13711109106308, 15.978023690941255 ], [ 13.152759555152446, 16.031815286248452 ], [ 13.13711109106308, 16.082672794538894 ], [ 13.094077814817322, 16.117881838739969 ], [ 13.094077814817322, 16.164827231008072 ], [ 13.13711109106308, 16.211772623276172 ], [ 13.172320135264155, 16.27827859565598 ], [ 13.172320135264155, 16.333048219968763 ], [ 13.125374742996055, 16.372169380192179 ], [ 13.04713242254922, 16.372169380192179 ], [ 12.964977986080045, 16.32522398792408 ], [ 12.867175085521502, 16.25480589952193 ], [ 12.788932765074669, 16.239157435432563 ], [ 12.738075256784226, 16.23133320338788 ] ], [ [ 13.270123035822698, 16.697853039052127 ], [ 13.223177643554598, 16.735018141264373 ], [ 13.156671671174788, 16.723281793197348 ], [ 13.117550510951371, 16.719369677175006 ], [ 13.070605118683272, 16.72719390921969 ], [ 13.051044538571563, 16.766315069443106 ], [ 13.054956654593905, 16.809348345688864 ], [ 13.082341466750297, 16.844557389889939 ], [ 13.121462626973713, 16.879766434091014 ], [ 13.18405648333118, 16.891502782158039 ], [ 13.215353411509914, 16.930623942381459 ], [ 13.211441295487573, 16.989305682716584 ], [ 13.156671671174788, 17.024514726917658 ], [ 13.06669300266093, 17.032338958962342 ], [ 12.957153754035362, 17.032338958962342 ], [ 12.894559897677894, 17.012778378850633 ], [ 12.851526621432136, 17.001042030783609 ], [ 12.796756997119353, 16.965832986582534 ], [ 12.758613865901518, 16.954096638515509 ], [ 12.726338908717201, 16.95800875453785 ], [ 12.662767023354146, 16.980503421666313 ], [ 12.632448124181002, 16.9814814506719 ], [ 12.610931486058119, 16.969745102604875 ], [ 12.5855027319129, 16.961920870560192 ], [ 12.546381571689484, 16.95800875453785 ], [ 12.4916119473767, 16.95800875453785 ], [ 12.448578671130941, 16.985393566694242 ], [ 12.413369626929866, 17.02842684294 ], [ 12.382072698751132, 17.087108583275125 ], [ 12.389896930795816, 17.137966091565566 ], [ 12.401633278862841, 17.20838417996772 ], [ 12.417281742952207, 17.270978036325186 ], [ 12.456402903175624, 17.302274964503919 ], [ 12.503348295443725, 17.321835544615627 ] ], [ [ 12.957153754035362, 17.032338958962342 ], [ 12.851526621432136, 17.091020699297466 ], [ 12.828053925298086, 17.14579032361025 ], [ 12.824141809275744, 17.20838417996772 ], [ 12.839790273365111, 17.263153804280503 ], [ 12.863262969499161, 17.302274964503919 ] ], [ [ 13.051044538571563, 16.766315069443106 ], [ 12.996274914258779, 16.805436229666523 ], [ 12.929768941878971, 16.824996809778231 ], [ 12.894559897677894, 16.813260461711206 ], [ 12.874999317566186, 16.797611997621839 ], [ 12.839790273365111, 16.754578721376081 ], [ 12.808493345186378, 16.719369677175006 ], [ 12.765460068940619, 16.691984865018615 ], [ 12.710690444627835, 16.68024851695159 ], [ 12.620711776113977, 16.664600052862223 ], [ 12.546381571689484, 16.672424284906906 ] ], [ [ 13.567443853520667, 16.920843652325605 ], [ 13.62221347783345, 16.973657218627217 ], [ 13.712192146347309, 17.012778378850633 ], [ 13.790434466794142, 17.001042030783609 ], [ 13.829555627017561, 16.95800875453785 ], [ 13.868676787240977, 16.914975478292092 ], [ 13.907797947464394, 16.914975478292092 ], [ 13.946919107687812, 16.954096638515509 ], [ 13.94300699166547, 17.02842684294 ], [ 13.942028962659885, 17.068526032169004 ], [ 13.954743339732495, 17.095910844325395 ], [ 14.00266676100618, 17.143834265599079 ], [ 14.056458356313378, 17.140900178582324 ], [ 14.082865139464186, 17.12427368548737 ], [ 14.094601487531211, 17.094932815319808 ], [ 14.096557545542382, 17.054833626090808 ], [ 14.114162067642919, 17.032338958962342 ], [ 14.153283227866336, 16.991261740727754 ], [ 14.158173372894263, 16.961920870560192 ], [ 14.154261256871921, 16.903239130225064 ], [ 14.099491632559138, 16.864117970001647 ], [ 14.044722008246353, 16.836733157845256 ], [ 13.997776615978253, 16.774139301487789 ], [ 13.978216035866545, 16.695896981040956 ], [ 13.986040267911228, 16.660687936839881 ] ], [ [ 13.625147564850204, 17.239925615397848 ], [ 13.66524675407921, 17.241881673409019 ], [ 13.693609595241186, 17.249705905453702 ], [ 13.732730755464603, 17.268288456559826 ], [ 13.752291335576311, 17.29273918169946 ], [ 13.768917828671263, 17.319145964850268 ], [ 13.775764031710361, 17.355333038056926 ], [ 13.786522350771802, 17.391520111263588 ], [ 13.820753365967292, 17.426729155464663 ], [ 13.873566932268904, 17.454113967621055 ], [ 13.909754005475564, 17.479542721766276 ], [ 13.955721368738081, 17.51426275146456 ], [ 13.992886470950326, 17.535779389587439 ], [ 14.018315225095547, 17.547515737654464 ], [ 14.048634124268695, 17.563164201743831 ], [ 14.09264542952004, 17.587614926883465 ], [ 14.13959082178814, 17.61695579705103 ], [ 14.195338475106508, 17.626736087106885 ], [ 14.223701316268485, 17.614021710034272 ], [ 14.239349780357854, 17.579790694838781 ], [ 14.239349780357854, 17.543603621632123 ], [ 14.240327809363439, 17.494702171352852 ], [ 14.260866418480733, 17.463405243174119 ], [ 14.297053491687393, 17.443844663062407 ], [ 14.333240564894053, 17.428196198973041 ], [ 14.379207928156568, 17.430152256984211 ], [ 14.423219233407913, 17.448734808090336 ], [ 14.461362364625744, 17.481009765274656 ], [ 14.474076741698354, 17.508394577431048 ], [ 14.477988857720696, 17.540669534615365 ], [ 14.488747176782136, 17.57783463682761 ] ], [ [ 14.018315225095547, 17.547515737654464 ], [ 14.016359167084376, 17.594705637173959 ], [ 14.01342508006762, 17.637738913419717 ], [ 14.015381138078791, 17.679794160659892 ], [ 14.020271283106718, 17.728695610939162 ], [ 14.023205370123474, 17.752168307073212 ], [ 14.020271283106718, 17.786399322268704 ], [ 14.014403109073205, 17.838234859564732 ], [ 14.017337196089962, 17.876377990782562 ], [ 14.041787921229597, 17.916477180011565 ], [ 14.084821197475357, 17.95168622421264 ], [ 14.131766589743457, 17.959510456257323 ], [ 14.162085488916604, 17.957554398246153 ], [ 14.184580156045069, 17.981027094380202 ], [ 14.19925059112885, 18.013302051564523 ], [ 14.201206649140021, 18.036774747698573 ], [ 14.21196496820146, 18.059758429329829 ], [ 14.224679345274071, 18.097901560547662 ], [ 14.264778534503074, 18.120396227676125 ], [ 14.316614071799101, 18.111593966625858 ], [ 14.355735232022518, 18.133110604748737 ], [ 14.378229899150982, 18.166363590938641 ], [ 14.387032160201253, 18.203528693150886 ], [ 14.386054131195667, 18.245583940391061 ], [ 14.368449609095128, 18.271990723541865 ], [ 14.343020854949907, 18.293507361664744 ], [ 14.333240564894053, 18.312089912770869 ], [ 14.326394361854955, 18.348276985977531 ], [ 14.339108738927566, 18.378595885150677 ], [ 14.378229899150982, 18.405002668301485 ], [ 14.417351059374401, 18.417717045374093 ], [ 14.443268828022417, 18.423829726659005 ], [ 14.469675611173223, 18.425785784670175 ], [ 14.488258162279346, 18.435566074726029 ], [ 14.4980384523352, 18.442412277765126 ] ] ] } },
{ "type": "Feature", "properties": { "id": 4, "name": "Blue Fork", "size": null, "continent": "Westeros" }, "geometry": { "type": "MultiLineString", "coordinates": [ [ [ 13.39433271953205, 12.739280638945123 ], [ 13.343475211241609, 12.745148812978636 ], [ 13.288705586928824, 12.764709393090344 ], [ 13.243716252671895, 12.766665451101515 ], [ 13.169386048247402, 12.762753335079173 ], [ 13.124396713990473, 12.768621509112686 ], [ 13.075495263711202, 12.782313915190882 ], [ 13.038330161498955, 12.797962379280248 ], [ 13.00312111729788, 12.815566901380786 ], [ 12.987472653208513, 12.831215365470152 ] ], [ [ 13.39433271953205, 12.739280638945123 ], [ 13.429541763733122, 12.788671103727186 ], [ 13.476487156001221, 12.816055915883579 ], [ 13.503871968157615, 12.870825540196362 ], [ 13.51560831622464, 12.933419396553829 ], [ 13.511696200202298, 12.992101136888955 ], [ 13.503871968157615, 13.046870761201738 ], [ 13.51560831622464, 13.101640385514521 ], [ 13.574290056559764, 13.156410009827306 ], [ 13.640796028939574, 13.168146357894331 ], [ 13.691653537230016, 13.179882705961356 ] ], [ [ 16.524147791031144, 10.159362375836491 ], [ 16.512411442964119, 10.202395652082249 ], [ 16.488938746830069, 10.274769798495569 ], [ 16.449817586606649, 10.296286436618448 ], [ 16.402872194338549, 10.339319712864208 ], [ 16.330375794299488, 10.396412156065239 ], [ 16.267781937942022, 10.427709084243972 ], [ 16.193451733517531, 10.482478708556757 ], [ 16.123033645115381, 10.53724833286954 ], [ 16.060439788757911, 10.599842189227008 ], [ 16.00958228046747, 10.681996625696183 ], [ 15.966549004221712, 10.748502598075993 ], [ 15.911779379908928, 10.83848126658985 ], [ 15.853097639573802, 10.893250890902635 ], [ 15.770943203104627, 10.936284167148393 ], [ 15.712261462769501, 10.971493211349468 ], [ 15.677052418568426, 11.002790139528202 ], [ 15.622282794255643, 11.02235071963991 ], [ 15.555776821875833, 11.049735531796303 ], [ 15.481446617451342, 11.077120343952695 ], [ 15.395380064959824, 11.081032459975036 ], [ 15.305401396445966, 11.084944575997378 ], [ 15.242807540088497, 11.116241504176111 ], [ 15.176301567708689, 11.178835360533579 ], [ 15.125444059418248, 11.245341332913387 ], [ 15.082410783172488, 11.30011095722617 ], [ 15.03937750692673, 11.358792697561297 ], [ 14.99243211465863, 11.417474437896422 ], [ 14.933750374323504, 11.499628874365598 ], [ 14.871156517966037, 11.562222730723065 ], [ 14.820299009675594, 11.597431774924139 ], [ 14.769441501385153, 11.656113515259266 ], [ 14.710759761050028, 11.706971023549707 ], [ 14.640341672647876, 11.742180067750782 ], [ 14.566011468223385, 11.773476995929517 ], [ 14.452560103575475, 11.777389111951859 ], [ 14.30194363671532, 11.782279256979786 ], [ 14.223701316268485, 11.817488301180861 ], [ 14.145458995821652, 11.883994273560669 ], [ 14.075040907419501, 11.942676013895795 ], [ 14.008534935039693, 12.005269870253262 ], [ 13.9342047306152, 12.106984886834146 ], [ 13.898995686414125, 12.13828181501288 ], [ 13.820753365967292, 12.185227207280979 ], [ 13.758159509609824, 12.243908947616106 ], [ 13.701433827285873, 12.296722513917718 ], [ 13.697521711263532, 12.351492138230501 ], [ 13.672092957118307, 12.409195849560042 ], [ 13.625147564850209, 12.476679850945436 ], [ 13.537124954347522, 12.558834287414612 ], [ 13.460838691911858, 12.611647853716224 ], [ 13.4178054156661, 12.699670464218913 ], [ 13.39433271953205, 12.739280638945123 ] ], [ [ 13.39433271953205, 12.739280638945123 ], [ 13.36890396538683, 12.80187449530259 ], [ 13.349343385275121, 12.864468351660056 ], [ 13.320002515107557, 12.91728191796167 ], [ 13.275013180850628, 12.968139426252112 ], [ 13.220243556537845, 13.01117270249787 ], [ 13.157649700180377, 13.028777224598407 ], [ 13.110704307912277, 13.020952992553724 ], [ 13.061802857633007, 13.032689340620751 ], [ 13.020725639398417, 13.056162036754801 ], [ 12.993340827242026, 13.083546848911192 ], [ 12.987472653208513, 13.116799835101096 ] ], [ [ 13.349343385275121, 12.864468351660056 ], [ 13.36890396538683, 12.938798556084549 ], [ 13.374772139420342, 13.005304528464357 ], [ 13.378684255442684, 13.065942326810655 ], [ 13.366947907375659, 13.12658012515695 ], [ 13.34543126925278, 13.175481575436221 ], [ 13.308266167040532, 13.214602735659639 ], [ 13.25545260073892, 13.242476562318823 ], [ 13.18894662835911, 13.248344736352335 ], [ 13.14200123609101, 13.258125026408191 ], [ 13.102880075867594, 13.277685606519899 ], [ 13.071583147688861, 13.30311436066512 ], [ 13.040286219510126, 13.346147636910878 ], [ 13.04615439354364, 13.397005145201319 ], [ 13.06962708967769, 13.459599001558788 ], [ 13.071583147688861, 13.504588335815717 ], [ 13.067671031666519, 13.530017089960937 ] ] ] } },
{ "type": "Feature", "properties": { "id": 5, "name": "Red Fork", "size": null, "continent": "Westeros" }, "geometry": { "type": "MultiLineString", "coordinates": [ [ [ 12.722426792694867, 9.967301929864634 ], [ 12.673525342415596, 9.904952580758563 ], [ 12.607019370035786, 9.885392000646855 ], [ 12.524864933566612, 9.881479884624513 ], [ 12.47400742527617, 9.861919304512805 ], [ 12.45444684516446, 9.795413332132997 ], [ 12.442710497097435, 9.728907359753187 ], [ 12.442710497097435, 9.662401387373379 ], [ 12.399677220851677, 9.627192343172304 ], [ 12.337083364494211, 9.588071182948886 ], [ 12.251016812002693, 9.521565210569078 ], [ 12.204071419734593, 9.478531934323319 ], [ 12.149301795421808, 9.415938077965851 ], [ 12.114092751220733, 9.361168453653068 ], [ 12.102356403153708, 9.2985745972956 ], [ 12.094532171109025, 9.243804972982817 ], [ 12.102356403153708, 9.18121111662535 ], [ 12.10626851917605, 9.106880912200857 ], [ 12.102356403153708, 9.032550707776366 ], [ 12.094532171109025, 8.954308387329531 ], [ 12.051498894863267, 8.876066066882698 ], [ 11.981080806461115, 8.801735862458205 ], [ 11.910662718058965, 8.754790470190105 ], [ 11.840244629656814, 8.688284497810296 ], [ 11.805035585455739, 8.613954293385804 ], [ 11.758090193187639, 8.547448321005994 ], [ 11.754178077165298, 8.477030232603845 ], [ 11.789387121366373, 8.39878791215701 ], [ 11.805035585455739, 8.340106171821885 ], [ 11.812859817500422, 8.28142443148676 ], [ 11.808947701478081, 8.211006343084609 ], [ 11.777650773299348, 8.148412486727143 ], [ 11.703320568874855, 8.113203442526066 ], [ 11.64463882853973, 8.046697470146258 ], [ 11.636814596495046, 7.98214755577762 ], [ 11.640726712517388, 7.899993119308444 ], [ 11.64463882853973, 7.837399262950977 ], [ 11.640726712517388, 7.743508478414777 ], [ 11.625078248428022, 7.647172621364613 ], [ 11.57422074013758, 7.555726909342375 ], [ 11.527275347869478, 7.49704516900725 ], [ 11.474461781567866, 7.449610762236357 ], [ 11.398175519132202, 7.392885079912402 ], [ 11.329713488741223, 7.359632093722498 ], [ 11.197679572987191, 7.324423049521422 ], [ 11.088140324361623, 7.312686701454397 ], [ 10.994249539825423, 7.265741309186296 ], [ 10.91991933540093, 7.20314745282883 ], [ 10.857325479043464, 7.132729364426679 ], [ 10.818204318820046, 7.046662811935162 ], [ 10.763434694507263, 6.984068955577695 ], [ 10.700840838149796, 6.909738751153203 ], [ 10.68519237406043, 6.866705474907444 ], [ 10.68519237406043, 6.81193585059466 ], [ 10.657807561904036, 6.741517762192509 ], [ 10.610862169635936, 6.714132950036118 ], [ 10.560004661345495, 6.678923905835043 ], [ 10.50523503703271, 6.635890629589284 ], [ 10.462201760786952, 6.592857353343525 ], [ 10.430904832608219, 6.538087729030742 ], [ 10.430904832608219, 6.471581756650933 ], [ 10.462201760786952, 6.408987900293465 ], [ 10.501322921010368, 6.37377885609239 ], [ 10.513059269077393, 6.322921347801948 ], [ 10.501322921010368, 6.260327491444481 ], [ 10.450465412719927, 6.209469983154039 ], [ 10.380047324317776, 6.193821519064672 ], [ 10.305717119893284, 6.185997287019989 ], [ 10.243123263535818, 6.154700358841255 ], [ 10.192265755245375, 6.127315546684863 ] ], [ [ 16.524147791031144, 10.159362375836491 ], [ 16.425244607841282, 10.144325179875596 ], [ 16.303969011148688, 10.152149411920279 ], [ 16.229638806724196, 10.210831152255405 ], [ 16.152466335435676, 10.252722759012672 ], [ 16.065329933785844, 10.289073472702238 ], [ 15.979263381294327, 10.296897704746922 ], [ 15.914326800551954, 10.277528960563062 ], [ 15.79930604426661, 10.265600776568188 ], [ 15.721063723819777, 10.273425008612872 ], [ 15.631085055305917, 10.273425008612872 ], [ 15.537194270769715, 10.300809820769263 ], [ 15.439391370211174, 10.35949156110439 ], [ 15.318115773518581, 10.433821765528881 ], [ 15.198796234837159, 10.449470229618248 ], [ 15.081432754166908, 10.445558113595906 ], [ 14.967981389518998, 10.465118693707614 ], [ 14.850617908848749, 10.496415621886349 ], [ 14.764551356357231, 10.527712550065083 ], [ 14.694133267955081, 10.598130638467232 ], [ 14.627627295575271, 10.625515450623626 ], [ 14.537648627061413, 10.637251798690651 ], [ 14.408548798324137, 10.652900262780017 ], [ 14.291185317653886, 10.656812378802359 ], [ 14.205118765162368, 10.656812378802359 ], [ 14.11514009664851, 10.668548726869384 ], [ 14.013425080067625, 10.68419719095875 ], [ 13.892149483375032, 10.699845655048117 ], [ 13.76891782867127, 10.692021423003434 ], [ 13.663290696068046, 10.641163914712992 ], [ 13.581136259598869, 10.594218522444891 ], [ 13.495069707107353, 10.539448898132108 ], [ 13.440300082794568, 10.461206577685273 ], [ 13.37379411041476, 10.422085417461856 ], [ 13.315112370079634, 10.351667329059707 ], [ 13.240782165655142, 10.308634052813947 ], [ 13.142979265096599, 10.281249240657555 ], [ 13.02952790044869, 10.265600776568188 ], [ 12.908252303756099, 10.195182688166039 ], [ 12.847614505409801, 10.112050222691277 ], [ 12.79675699711936, 10.018159438155076 ], [ 12.722426792694867, 9.967301929864634 ] ], [ [ 11.329713488741223, 7.359632093722498 ], [ 11.287658241501051, 7.273565541230981 ], [ 11.287658241501051, 7.199235336806488 ], [ 11.252449197299974, 7.148377828516046 ], [ 11.185943224920166, 7.109256668292629 ], [ 11.127261484585039, 7.058399160002187 ], [ 11.088140324361623, 6.99580530364472 ], [ 11.076403976294598, 6.937123563309594 ], [ 11.072491860272256, 6.843232778773394 ], [ 11.08031609231694, 6.776726806393585 ], [ 11.068579744249915, 6.698484485946751 ], [ 11.029458584026498, 6.647626977656309 ], [ 10.96686472766903, 6.60459370141055 ], [ 10.884710291199855, 6.573296773231816 ], [ 10.806467970753021, 6.518527148919032 ], [ 10.794731622685996, 6.455933292561566 ], [ 10.814292202797704, 6.39725155222644 ], [ 10.876886059155172, 6.35030615995834 ], [ 10.94339203153498, 6.311184999734923 ], [ 11.017722235959473, 6.307272883712582 ], [ 11.095964556406306, 6.287712303600872 ], [ 11.154646296741433, 6.260327491444481 ], [ 11.170294760830799, 6.209469983154039 ], [ 11.189855340942508, 6.14296401077423 ], [ 11.189855340942508, 6.088194386461447 ], [ 11.182031108897824, 6.041248994193346 ] ], [ [ 11.154646296741433, 6.260327491444481 ], [ 11.197679572987191, 6.322921347801948 ], [ 11.221152269121241, 6.37377885609239 ], [ 11.283746125478709, 6.385515204159415 ], [ 11.330691517746809, 6.377690972114732 ], [ 11.369812677970225, 6.39725155222644 ], [ 11.373724793992567, 6.448109060516882 ], [ 11.361988445925542, 6.487230220740299 ], [ 11.397197490126617, 6.518527148919032 ] ], [ [ 10.857325479043464, 7.132729364426679 ], [ 10.763434694507263, 7.085783972158579 ], [ 10.681280258038086, 7.050574927957504 ], [ 10.587389473501887, 7.023190115801111 ], [ 10.520883501122077, 7.015365883756428 ], [ 10.403520020451827, 7.007541651711745 ], [ 10.321365583982651, 7.023190115801111 ], [ 10.223562683424108, 7.011453767734086 ], [ 10.129671898887908, 6.984068955577695 ], [ 10.031868998329365, 6.933211447287253 ], [ 9.910593401636772, 6.88235393899681 ], [ 9.812790501078231, 6.862793358885102 ], [ 9.699339136430321, 6.85888124286276 ], [ 9.589799887804753, 6.874529706952127 ], [ 9.542854495536654, 6.886266055019152 ] ] ] } },
{ "type": "Feature", "properties": { "id": 6, "name": "The Trident", "size": null, "continent": "Westeros" }, "geometry": { "type": "MultiLineString", "coordinates": [ [ [ 16.524147791031144, 10.159362375836491 ], [ 16.624762524980707, 10.069994975451104 ], [ 16.699092729405201, 9.960455726825536 ], [ 16.855577370298867, 9.893949754445728 ], [ 16.91131001884365, 9.873462228858168 ], [ 17.004237779147854, 9.839180130132943 ], [ 17.170574609944097, 9.81911967031499 ], [ 17.310994796800426, 9.76763226846767 ], [ 17.456095656551966, 9.762951595572458 ], [ 17.591835170513082, 9.758270922677248 ], [ 17.694809974207722, 9.706783520829928 ], [ 17.797784777902365, 9.622531408716132 ], [ 17.863314198435315, 9.557001988183178 ], [ 17.994373039501223, 9.463388530278959 ], [ 18.120751207671919, 9.416581801326849 ], [ 18.200322646890502, 9.308926324736998 ], [ 18.251044885799548, 9.257160564591846 ] ] ] } },
{ "type": "Feature", "properties": { "id": 7, "name": "Fever", "size": null, "continent": "Westeros" }, "geometry": { "type": "MultiLineString", "coordinates": [ [ [ 11.606686046140625, 20.402895730052801 ], [ 11.678380829232417, 20.371574491282377 ], [ 11.772271613768618, 20.340277563103641 ], [ 11.854915064740585, 20.324140084511484 ], [ 11.956630081321469, 20.325118113517068 ], [ 12.037317474282268, 20.317293881472384 ], [ 12.071548489477758, 20.31435979445563 ], [ 12.108713591690003, 20.316804866969591 ], [ 12.158593070974861, 20.322184026500313 ], [ 12.21434072429323, 20.312892750947249 ], [ 12.251505826505475, 20.288931040310406 ], [ 12.273022464628355, 20.262035242656808 ], [ 12.306275450818259, 20.247853822075818 ], [ 12.351264785075189, 20.241496633539516 ], [ 12.41288061242707, 20.250787909092576 ], [ 12.426712222175391, 20.277459630017955 ], [ 12.453957830661658, 20.304579504399776 ], [ 12.487210816851563, 20.324140084511484 ], [ 12.525353948069395, 20.33783249058968 ], [ 12.558606934259299, 20.335387418075715 ], [ 12.593815978460373, 20.343211650120399 ], [ 12.646629544761987, 20.343211650120399 ], [ 12.685750704985404, 20.345167708131569 ], [ 12.738075256784223, 20.353480954679046 ], [ 12.808493345186374, 20.355437012690217 ], [ 12.862284940493572, 20.351524896667875 ], [ 12.920966680828698, 20.344678693628776 ], [ 12.965956015085627, 20.328052200533826 ], [ 13.005077175309044, 20.304579504399776 ], [ 13.053978625588316, 20.296755272355092 ], [ 13.111682336917855, 20.302623446388605 ], [ 13.144935323107759, 20.316315852466801 ], [ 13.164495903219468, 20.340766577606434 ], [ 13.176232251286493, 20.364239273740484 ], [ 13.178188309297663, 20.396514230924804 ], [ 13.170898268687026, 20.451103040870667 ], [ 13.199704947420546, 20.484536841427492 ], [ 13.238826107643963, 20.518767856622983 ], [ 13.290661644939989, 20.539306465740275 ], [ 13.331738863174577, 20.539306465740275 ], [ 13.374772139420337, 20.539306465740275 ], [ 13.409981183621412, 20.535394349717933 ], [ 13.455948546883926, 20.529526175684421 ], [ 13.485289417051488, 20.516811798611812 ], [ 13.523432548269321, 20.48062472540515 ], [ 13.542993128381029, 20.446393710209662 ], [ 13.574290056559763, 20.423899043081196 ], [ 13.618301361811106, 20.412162695014171 ], [ 13.665246754079208, 20.406294520980659 ], [ 13.714637218861274, 20.382821824846609 ] ], [ [ 13.714637218861274, 20.382821824846609 ], [ 13.737131885989738, 20.364239273740484 ], [ 13.755714437095861, 20.338810519595263 ], [ 13.761582611129374, 20.306535562410946 ], [ 13.784077278257838, 20.288931040310406 ], [ 13.814396177430988, 20.276216663237797 ], [ 13.842759018592965, 20.263502286165185 ], [ 13.880413135308002, 20.252743967103747 ], [ 13.921490353542589, 20.258612141137259 ], [ 13.938116846637543, 20.272304547215455 ], [ 13.963545600782764, 20.287953011304822 ], [ 13.992886470950326, 20.295777243349505 ], [ 14.015381138078791, 20.296755272355092 ] ], [ [ 13.714637218861274, 20.382821824846609 ], [ 13.752291335576311, 20.402382404958317 ], [ 13.774786002704776, 20.414118753025342 ], [ 13.797280669833242, 20.414118753025342 ], [ 13.820753365967292, 20.423899043081196 ], [ 13.835423801051073, 20.444437652198491 ], [ 13.845204091106927, 20.472800493360467 ], [ 13.865742700224221, 20.494317131483346 ], [ 13.896061599397369, 20.499207276511275 ], [ 13.926380498570516, 20.500185305516858 ], [ 13.949853194704568, 20.511921653583883 ], [ 13.973325890838618, 20.526592088667666 ], [ 14.012447051062034, 20.53637237872352 ], [ 14.051568211285451, 20.540284494745862 ], [ 14.084821197475357, 20.538328436734691 ], [ 14.121986299687602, 20.534416320712349 ], [ 14.151327169855165, 20.525614059662079 ], [ 14.18653621405624, 20.510943624578299 ], [ 14.214899055218217, 20.494317131483346 ], [ 14.247174012402537, 20.484536841427492 ], [ 14.282383056603612, 20.478668667393979 ], [ 14.321504216827028, 20.482580783416321 ], [ 14.350845086994591, 20.497251218500104 ], [ 14.388010189206838, 20.51289968258947 ], [ 14.41539500136323, 20.530504204690008 ], [ 14.441801784514036, 20.546152668779374 ], [ 14.471142654681598, 20.549086755796129 ], [ 14.490703234793306, 20.547130697784958 ] ], [ [ 13.290661644939989, 20.539306465740275 ], [ 13.310711239554491, 20.57647156795252 ], [ 13.336139993699712, 20.59016397403072 ], [ 13.379173269945472, 20.607768496131257 ], [ 13.388953560001326, 20.63906542430999 ], [ 13.369392979889618, 20.670362352488723 ], [ 13.328315761655029, 20.687966874589261 ], [ 13.281370369386929, 20.703615338678627 ], [ 13.23638103513, 20.705571396689798 ], [ 13.19334775888424, 20.701659280667457 ], [ 13.152270540649653, 20.707527454700969 ], [ 13.12097361247092, 20.725131976801507 ], [ 13.085764568269845, 20.754472846969069 ], [ 13.054467640091111, 20.770121311058436 ], [ 13.021214653901206, 20.787725833158973 ], [ 12.993829841744814, 20.815110645315364 ], [ 12.974269261633106, 20.842495457471756 ], [ 12.968401087599593, 20.881616617695173 ], [ 12.98404955168896, 20.916825661896251 ], [ 13.003610131800668, 20.946166532063813 ] ], [ [ 13.12097361247092, 20.725131976801507 ], [ 13.130753902526774, 20.760341021002581 ], [ 13.160094772694336, 20.783813717136631 ], [ 13.19334775888424, 20.793594007192485 ], [ 13.226600745074146, 20.80533035525951 ], [ 13.265721905297562, 20.817066703326535 ], [ 13.287238543420441, 20.838583341449414 ], [ 13.300930949498637, 20.865968153605806 ], [ 13.304843065520979, 20.899221139795713 ], [ 13.314623355576833, 20.932474125985618 ], [ 13.338096051710883, 20.953990764108497 ] ], [ [ 12.525353948069395, 20.33783249058968 ], [ 12.531222122102909, 20.374508578299132 ], [ 12.517529716024713, 20.415585796533719 ], [ 12.492100961879492, 20.437102434656598 ], [ 12.476452497790126, 20.470355420846502 ], [ 12.48623278784598, 20.503608407036406 ], [ 12.53317818011408, 20.509476581069919 ], [ 12.576211456359838, 20.52708110317046 ], [ 12.62511290663911, 20.538817451237485 ], [ 12.640761370728477, 20.562290147371534 ], [ 12.654453776806672, 20.607279481628463 ], [ 12.646629544761989, 20.634664293784855 ], [ 12.644673486750818, 20.681609686052955 ], [ 12.646629544761989, 20.722686904287542 ], [ 12.650541660784331, 20.767676238544471 ], [ 12.675970414929552, 20.797017108712033 ], [ 12.709223401119456, 20.818533746834916 ], [ 12.748344561342872, 20.818533746834916 ], [ 12.783553605543949, 20.814621630812574 ] ], [ [ 12.48623278784598, 20.503608407036406 ], [ 12.451023743644903, 20.530993219192801 ], [ 12.415814699443828, 20.530993219192801 ], [ 12.376693539220412, 20.523168987148118 ], [ 12.343440553030508, 20.523168987148118 ], [ 12.30627545081826, 20.52708110317046 ], [ 12.274978522639527, 20.534905335215143 ], [ 12.249549768494306, 20.556421973338022 ], [ 12.231945246393769, 20.579894669472072 ], [ 12.220208898326744, 20.607279481628463 ], [ 12.222164956337915, 20.636620351796026 ], [ 12.224121014349086, 20.662049105941247 ], [ 12.224121014349086, 20.705082382187005 ], [ 12.237813420427281, 20.724642962298713 ], [ 12.245637652471965, 20.755939890477446 ] ], [ [ 12.41288061242707, 20.250787909092576 ], [ 12.441243453589049, 20.219490980913843 ], [ 12.482320671823638, 20.205798574835647 ], [ 12.521441832047055, 20.205798574835647 ], [ 12.544914528181105, 20.225359154947355 ], [ 12.570343282326325, 20.248831851081405 ], [ 12.607508384538573, 20.252743967103747 ], [ 12.646629544761989, 20.244919735059064 ], [ 12.687706762996577, 20.233183386992039 ], [ 12.711179459130626, 20.201886458813306 ], [ 12.705311285097114, 20.149072892511693 ], [ 12.681838588963064, 20.137336544444665 ], [ 12.675970414929552, 20.111907790299444 ], [ 12.670102240896039, 20.074742688087198 ], [ 12.662278008851356, 20.05518210797549 ], [ 12.627068964650281, 20.025841237807928 ], [ 12.591859920449204, 20.012148831729732 ], [ 12.546870586192275, 20.002368541673878 ], [ 12.511661541991201, 19.986720077584511 ], [ 12.464716149723101, 19.98280796156217 ], [ 12.437331337566707, 19.978895845539828 ], [ 12.388429887287437, 19.974983729517486 ], [ 12.357132959108704, 19.978895845539828 ], [ 12.329748146952312, 19.965203439461632 ], [ 12.318011798885287, 19.937818627305241 ], [ 12.333660262974654, 19.896741409070653 ], [ 12.337572378996995, 19.855664190836066 ], [ 12.318011798885287, 19.822411204646158 ], [ 12.294539102751235, 19.783290044422742 ], [ 12.261286116561331, 19.748081000221667 ], [ 12.212384666282061, 19.742212826188155 ], [ 12.16348321600279, 19.740256768176984 ], [ 12.12044993975703, 19.750037058232838 ], [ 12.075460605500101, 19.750037058232838 ], [ 12.034383387265514, 19.750037058232838 ], [ 11.999174343064437, 19.732432536132301 ], [ 11.971789530908046, 19.70700378198708 ], [ 11.969833472896875, 19.671794737786005 ], [ 11.969833472896875, 19.63658569358493 ], [ 11.975701646930387, 19.601376649383855 ], [ 11.989394053008583, 19.562255489160439 ], [ 12.001130401075608, 19.538782793026385 ], [ 12.028515213232001, 19.529002502970531 ], [ 12.051987909366051, 19.505529806836481 ], [ 12.075460605500101, 19.484013168713602 ], [ 12.081328779533614, 19.445870037495773 ], [ 12.079372721522443, 19.400880703238844 ], [ 12.081328779533614, 19.365671659037766 ], [ 12.089153011578297, 19.326550498814349 ], [ 12.100889359645322, 19.291341454613274 ], [ 12.112625707712347, 19.250264236378687 ], [ 12.116537823734689, 19.213099134166441 ], [ 12.106757533678834, 19.175934031954196 ], [ 12.089153011578297, 19.134856813719608 ], [ 12.061768199421905, 19.097691711507359 ], [ 12.032427329254343, 19.07617507338448 ], [ 12.003086459086779, 19.046834203216918 ], [ 11.960053182841021, 19.027273623105209 ], [ 11.944404718751654, 19.023361507082868 ] ], [ [ 13.111682336917855, 20.302623446388605 ], [ 13.154226598660824, 20.26056819914843 ], [ 13.189435642861898, 20.239051561025551 ], [ 13.228556803085317, 20.239051561025551 ], [ 13.267677963308733, 20.219490980913843 ], [ 13.281370369386929, 20.172545588645743 ], [ 13.277458253364587, 20.133424428422323 ], [ 13.261809789275221, 20.080610862120711 ], [ 13.261809789275221, 20.043445759908465 ], [ 13.257897673252879, 19.986720077584511 ], [ 13.244205267174683, 19.951511033383436 ], [ 13.244205267174683, 19.91238987316002 ], [ 13.232468919107658, 19.853708132824895 ], [ 13.208996222973608, 19.816543030612646 ], [ 13.175743236783703, 19.796982450500938 ], [ 13.144446308604969, 19.777421870389229 ], [ 13.09750091633687, 19.781333986411571 ], [ 13.068160046169307, 19.783290044422742 ], [ 13.046643408046426, 19.798938508512109 ], [ 13.027082827934718, 19.816543030612646 ], [ 12.997741957767156, 19.830235436690842 ], [ 12.962532913566081, 19.8263233206685 ], [ 12.933192043398519, 19.810674856579134 ], [ 12.919499637320323, 19.775465812378059 ], [ 12.917543579309152, 19.748081000221667 ], [ 12.8940708831751, 19.736344652154642 ], [ 12.856905780962855, 19.728520420109959 ], [ 12.835389142839976, 19.732432536132301 ], [ 12.809960388694755, 19.734388594143471 ], [ 12.77475134449368, 19.738300710165813 ], [ 12.735630184270262, 19.734388594143471 ], [ 12.70824537211387, 19.726564362098788 ], [ 12.671080269901625, 19.705047723975909 ], [ 12.643695457745233, 19.671794737786005 ], [ 12.643695457745233, 19.648322041651955 ], [ 12.63587122570055, 19.603332707395026 ], [ 12.647607573767575, 19.573991837227464 ] ], [ [ 13.232468919107658, 19.853708132824895 ], [ 13.244205267174683, 19.803828653540037 ], [ 13.257897673252879, 19.782312015417158 ], [ 13.285282485409271, 19.766663551327792 ], [ 13.326359703643858, 19.752971145249596 ], [ 13.367436921878447, 19.747102971216083 ], [ 13.410470198124205, 19.725586333093204 ], [ 13.449591358347622, 19.706025752981496 ], [ 13.46915193845933, 19.686465172869784 ], [ 13.486756460559867, 19.643431896624026 ], [ 13.486756460559867, 19.616047084467635 ], [ 13.471107996470501, 19.588662272311243 ], [ 13.447635300336451, 19.559321402143681 ], [ 13.416338372157718, 19.555409286121339 ], [ 13.379173269945472, 19.543672938054314 ], [ 13.355700573811422, 19.514332067886752 ], [ 13.345920283755568, 19.479123023685677 ], [ 13.357656631822593, 19.443913979484602 ], [ 13.35178845778908, 19.406748877272356 ], [ 13.3302718196662, 19.389144355171815 ], [ 13.289194601431612, 19.353935310970741 ], [ 13.267677963308733, 19.301121744669128 ], [ 13.275502195353416, 19.260044526434541 ], [ 13.297018833476296, 19.207230960132929 ], [ 13.312667297565662, 19.154417393831316 ], [ 13.328315761655029, 19.136812871730779 ], [ 13.363524805856105, 19.1152962336079 ], [ 13.392865676023668, 19.1152962336079 ], [ 13.426118662213572, 19.111384117585558 ], [ 13.439811068291768, 19.07617507338448 ], [ 13.431986836247084, 19.035097855149893 ], [ 13.402645966079522, 19.021405449071697 ], [ 13.359612689833764, 19.031185739127551 ], [ 13.340052109722054, 19.007713042993501 ], [ 13.338096051710883, 18.976416114814768 ], [ 13.34983239977791, 18.95685553470306 ], [ 13.34983239977791, 18.931426780557839 ], [ 13.322447587621516, 18.907954084423789 ], [ 13.295062775465125, 18.888393504312081 ], [ 13.25985373126405, 18.868832924200373 ], [ 13.199215932917754, 18.86296475016686 ], [ 13.134666018549115, 18.857096576133348 ], [ 13.09750091633687, 18.872745040222714 ], [ 13.066203988158136, 18.904041968401447 ], [ 13.027082827934718, 18.915778316468472 ], [ 12.982093493677789, 18.929470722546668 ], [ 12.941016275443202, 18.923602548513156 ], [ 12.91363146328681, 18.898173794367935 ], [ 12.899939057208613, 18.86296475016686 ], [ 12.897982999197442, 18.835579938010468 ], [ 12.899939057208613, 18.796458777787048 ], [ 12.86864212902988, 18.767117907619486 ], [ 12.832455055823219, 18.747068313004988 ], [ 12.783553605543949, 18.719683500848593 ], [ 12.738564271287018, 18.692298688692201 ], [ 12.709223401119456, 18.66491387653581 ], [ 12.658365892829014, 18.627748774323564 ], [ 12.638805312717306, 18.596451846144831 ], [ 12.603596268516229, 18.563198859954927 ], [ 12.572299340337496, 18.533857989787364 ], [ 12.564475108292813, 18.518209525697998 ] ], [ [ 13.431986836247084, 19.035097855149893 ], [ 13.468173909453744, 19.017004318546562 ], [ 13.479910257520769, 18.981795274345487 ], [ 13.475998141498428, 18.952454404177924 ], [ 13.493602663598967, 18.925069592021533 ], [ 13.513163243710675, 18.899640837876312 ], [ 13.522943533766529, 18.862475735664066 ], [ 13.522943533766529, 18.831178807485333 ], [ 13.515119301721846, 18.7998818793066 ], [ 13.507295069677163, 18.788145531239575 ], [ 13.483822373543111, 18.760760719083184 ], [ 13.470129967464915, 18.737288022949134 ] ], [ [ 13.297018833476296, 19.207230960132929 ], [ 13.346898312761153, 19.191093481540769 ], [ 13.376239182928716, 19.183269249496085 ], [ 13.423184575196816, 19.179357133473744 ], [ 13.45839361939789, 19.187181365518427 ], [ 13.50142689564365, 19.204785887618964 ], [ 13.534679881833554, 19.230214641764185 ], [ 13.575757100068142, 19.249775221875893 ], [ 13.624658550347412, 19.247819163864722 ], [ 13.673560000626685, 19.236082815797698 ], [ 13.730285682950639, 19.224346467730673 ], [ 13.777231075218738, 19.200873771596623 ], [ 13.833956757542694, 19.183269249496085 ], [ 13.880902149810794, 19.167620785406719 ], [ 13.91806725202304, 19.132411741205644 ], [ 13.955232354235287, 19.106982987060423 ], [ 13.98652928241402, 19.07568605888169 ], [ 13.998265630481045, 19.036564898658273 ], [ 13.996309572469874, 19.009180086501878 ], [ 13.980661108380508, 18.983751332356658 ], [ 13.974792934346995, 18.962234694233778 ], [ 13.955232354235287, 18.930937766055045 ] ] ] } },
{ "type": "Feature", "properties": { "id": 8, "name": null, "size": null, "continent": "Westeros" }, "geometry": { "type": "MultiLineString", "coordinates": [ [ [ 8.974130628788719, 20.104572572757554 ], [ 9.021076021056819, 20.206287589338437 ], [ 9.091494109458971, 20.288442025807615 ], [ 9.163868255872291, 20.360816172220936 ], [ 9.242110576319126, 20.435146376645427 ], [ 9.304704432676592, 20.509476581069919 ], [ 9.349693766933521, 20.601411307594951 ], [ 9.375122521078744, 20.695302092131151 ], [ 9.39077098516811, 20.791148934678521 ], [ 9.418155797324502, 20.888951835237066 ], [ 9.467057247603773, 20.941765401538678 ], [ 9.539431394017095, 21.000447141873803 ], [ 9.62354188849744, 21.053260708175415 ], [ 9.714498586016886, 21.096782998923967 ], [ 9.808328459932833, 21.150086282738847 ], [ 9.888587749011091, 21.221970711638903 ], [ 9.941401315312703, 21.349114482365007 ], [ 9.966830069457925, 21.463054861515708 ], [ 9.970742185480267, 21.592154690252986 ], [ 9.960961895424413, 21.754507505180165 ] ], [ [ 9.960961895424413, 21.754507505180165 ], [ 9.923796793212166, 21.866980840822489 ], [ 9.892499865033432, 21.933486813202297 ], [ 9.869027168899382, 21.976520089448055 ], [ 9.837730240720649, 22.009773075637963 ], [ 9.798609080497233, 22.046938177850208 ], [ 9.745795514195619, 22.095839628129479 ], [ 9.704718295961031, 22.133004730341725 ], [ 9.659728961704102, 22.176038006587483 ], [ 9.593222989324293, 22.221027340844412 ] ], [ [ 9.960961895424413, 21.754507505180165 ], [ 9.984434591558463, 21.834705883638168 ], [ 10.015731519737196, 21.939354987235809 ], [ 10.0489845059271, 22.043026061827867 ], [ 10.054852679960613, 22.093883570118308 ], [ 10.074413260072321, 22.133004730341725 ], [ 10.125270768362764, 22.187774354654508 ], [ 10.189820682731401, 22.21711522482207 ], [ 10.240678191021845, 22.246456094989632 ], [ 10.279799351245261, 22.281665139190707 ], [ 10.318920511468678, 22.314918125380615 ], [ 10.344349265613898, 22.359907459637544 ], [ 10.373690135781461, 22.424457374006181 ], [ 10.377602251803802, 22.479226998318964 ] ] ] } },
{ "type": "Feature", "properties": { "id": 9, "name": null, "size": null, "continent": "Westeros" }, "geometry": { "type": "MultiLineString", "coordinates": [ [ [ 8.016640232320588, 21.577484255169203 ], [ 7.854287417393409, 21.767221882252777 ], [ 7.805385967114137, 21.945223161269322 ], [ 7.564790831740123, 22.416633141961498 ] ], [ [ 7.878738142533044, 20.507520523058748 ], [ 7.87971617153863, 20.610213568645218 ], [ 7.864067707449263, 20.696280121136738 ], [ 7.828858663248187, 20.768165253047265 ], [ 7.793649619047113, 20.840539399460585 ], [ 7.785825387002429, 20.923182850432553 ], [ 7.81125414114765, 20.989199808309571 ], [ 7.873358983002325, 21.092870882901625 ], [ 7.920304375270426, 21.165245029314946 ], [ 7.967249767538526, 21.233707059705928 ], [ 8.029843623895994, 21.319773612197444 ], [ 8.041579971963019, 21.393125787616352 ], [ 8.025931507873652, 21.475280224085527 ], [ 8.016640232320588, 21.577484255169203 ] ], [ [ 8.016640232320588, 21.577484255169203 ], [ 8.051849276521665, 21.737391997582421 ], [ 8.137915829013181, 21.866491826319695 ], [ 8.204910815895785, 21.937887943727432 ], [ 8.283153136342618, 21.982877277984361 ], [ 8.400516617012869, 22.043515076330657 ], [ 8.486094155001593, 22.148653194431091 ], [ 8.557001257906537, 22.244989051481255 ], [ 8.570204649481939, 22.344258995548177 ] ], [ [ 8.570204649481939, 22.344258995548177 ], [ 8.535973634286449, 22.423479345000594 ], [ 8.506632764118887, 22.495853491413918 ], [ 8.447951023783761, 22.554535231749043 ], [ 8.381445051403952, 22.607348798050655 ], [ 8.324719369079999, 22.658206306341096 ], [ 8.287554266867751, 22.712975930653879 ], [ 8.275817918800726, 22.791218251100716 ] ], [ [ 8.570204649481939, 22.344258995548177 ], [ 8.612259896722113, 22.415655112955911 ], [ 8.68756813015219, 22.479226998318964 ], [ 8.743315783470559, 22.568227637827238 ], [ 8.798085407783343, 22.630821494184705 ], [ 8.848942916073785, 22.695371408553342 ], [ 8.893932250330714, 22.789262193089545 ], [ 8.922784105995486, 22.895378340195563 ], [ 8.950168918151878, 22.991225182742934 ], [ 9.016674890531686, 23.094896257334987 ], [ 9.061664224788617, 23.182918867837678 ], [ 9.14186260324662, 23.251380898228657 ], [ 9.218148865682284, 23.321798986630807 ], [ 9.296391186129117, 23.419601887189351 ], [ 9.343825592900009, 23.52620704879816 ] ], [ [ 9.343825592900009, 23.52620704879816 ], [ 9.336001360855326, 23.612273601289679 ], [ 9.340402491380461, 23.704697342317502 ], [ 9.326221070799471, 23.796143054339737 ], [ 9.312528664721276, 23.874385374786574 ], [ 9.296391186129117, 23.939424303658004 ], [ 9.272918489995067, 24.0000621020043 ], [ 9.249445793861018, 24.05629876982546 ], [ 9.182939821481208, 24.118892626182927 ], [ 9.122302023134912, 24.167794076462201 ], [ 9.077312688877983, 24.199091004640934 ], [ 9.020587006554027, 24.232343990830838 ], [ 8.963861324230074, 24.283201499121279 ], [ 8.914959873950803, 24.324278717355867 ], [ 8.881706887760897, 24.382960457690992 ], [ 8.836717553503968, 24.435774023992604 ] ], [ [ 9.343825592900009, 23.52620704879816 ], [ 9.406419449257477, 23.594669079189142 ], [ 9.465101189592602, 23.657262935546608 ], [ 9.557035916117632, 23.735505255993441 ], [ 9.668531222754371, 23.788318822295054 ], [ 9.744817485190033, 23.817659692462616 ], [ 9.825015863648039, 23.82743998251847 ], [ 9.907170300117214, 23.856780852686033 ], [ 9.977955149396513, 23.908983150859168 ] ] ] } },
{ "type": "Feature", "properties": { "id": 10, "name": null, "size": null, "continent": "Westeros" }, "geometry": { "type": "MultiLineString", "coordinates": [ [ [ 4.315008417528095, 22.924034785908486 ], [ 4.437385330007502, 23.012163594167763 ], [ 4.701446209454526, 23.116299691169232 ], [ 4.798419491923493, 23.235900072880955 ], [ 4.908322545388321, 23.290851599613372 ], [ 5.024690484351081, 23.3070138133582 ], [ 5.111966438573151, 23.352268011843716 ], [ 5.146807623640476, 23.372810941715375 ], [ 5.273588576021428, 23.455706179810615 ], [ 5.361360004592859, 23.553229989334426 ], [ 5.441675598967636, 23.63995541650165 ], [ 5.575023708820185, 23.682142330354658 ], [ 5.716433232629708, 23.652885187497514 ], [ 5.8237094231059, 23.648008997021325 ], [ 5.942704225057296, 23.740161141719582 ], [ 6.059072164020056, 23.898550836418895 ], [ 6.139883232744194, 24.001989004385791 ], [ 6.253018728957988, 24.150681370838207 ], [ 6.446965293895921, 24.186238241076829 ], [ 6.579495446603508, 24.283211523545795 ], [ 6.792836668035235, 24.283211523545795 ], [ 6.957691248232478, 24.241189767809242 ], [ 7.04819964520351, 24.202400454821657 ], [ 7.174264912413167, 24.195935569323723 ], [ 7.351799241330417, 24.214372737767139 ], [ 7.439325217828342, 24.215330225817517 ], [ 7.558925599540067, 24.231492439562345 ], [ 7.72378017973731, 24.270281752549931 ], [ 7.840148118700069, 24.299373737290622 ], [ 7.959748500411795, 24.367255035018896 ] ], [ [ 5.8237094231059, 23.648008997021325 ], [ 5.903608565753281, 23.579998644105359 ], [ 5.954466074043723, 23.513492671725551 ], [ 5.974026654155431, 23.450898815368085 ], [ 6.013147814378849, 23.403953423099981 ], [ 6.060093206646949, 23.341359566742515 ], [ 6.114862830959733, 23.294414174474415 ], [ 6.197017267428908, 23.274853594362707 ], [ 6.275259587875742, 23.267029362318024 ], [ 6.38479883650131, 23.278765710385048 ], [ 6.463041156948144, 23.25920513027334 ], [ 6.556931941484344, 23.247468782206315 ], [ 6.646910609998203, 23.184874925848849 ], [ 6.705592350333329, 23.098808373357329 ], [ 6.717328698400354, 23.032302400977521 ], [ 6.725152930445037, 22.973620660642396 ], [ 6.752537742601429, 22.926675268374296 ], [ 6.803395250891871, 22.879729876106197 ] ], [ [ 6.663538958076611, 24.606455798442347 ], [ 6.61561368181947, 24.731138783679402 ], [ 6.537371361372636, 24.805468988103897 ], [ 6.43174422876941, 24.891535540595413 ], [ 6.349589792300234, 24.950217280930538 ], [ 6.294820167987451, 25.032371717399712 ], [ 6.279171703898084, 25.126262501935916 ], [ 6.2713474718534, 25.220153286472115 ], [ 6.267435355831059, 25.282747142829582 ] ] ] } },
{ "type": "Feature", "properties": { "id": 11, "name": null, "size": null, "continent": "Westeros" }, "geometry": { "type": "MultiLineString", "coordinates": [ [ [ 6.579495446603508, 24.283211523545795 ], [ 6.627982087837991, 24.441601218245104 ], [ 6.663538958076611, 24.606455798442347 ], [ 6.679701171821439, 24.671104653421658 ], [ 6.699095828315232, 24.732521065652005 ], [ 6.75081491229868, 24.826261905372004 ], [ 6.815463767277992, 24.932932516087867 ], [ 6.915669492495923, 25.016976027560972 ], [ 7.025572545960752, 25.123646638276835 ], [ 7.086988958191097, 25.246479462737526 ], [ 7.125778271178684, 25.404869157436838 ], [ 7.125778271178684, 25.54063175289339 ], [ 7.132243156676615, 25.666697020103047 ], [ 7.31002750786972, 25.844481371296151 ] ] ] } },
{ "type": "Feature", "properties": { "id": 13, "name": null, "size": null, "continent": "Westeros" }, "geometry": { "type": "MultiLineString", "coordinates": [ [ [ 8.147230179851796, 24.771310378639591 ], [ 8.134300408855934, 24.88121343210442 ], [ 8.150462622600761, 25.058997783297524 ] ] ] } },
{ "type": "Feature", "properties": { "id": 14, "name": "White Knife", "size": null, "continent": "Westeros" }, "geometry": { "type": "MultiLineString", "coordinates": [ [ [ 16.607647017382941, 21.635676981001538 ], [ 16.58943122715397, 21.704505772269627 ], [ 16.569870647042261, 21.767099628627097 ], [ 16.529404696936108, 21.839107014163304 ], [ 16.478547188645663, 21.90170087052077 ], [ 16.431601796377564, 21.956470494833557 ], [ 16.372920056042439, 22.01124011914634 ], [ 16.309255641733252, 22.120904059733412 ], [ 16.294677735595624, 22.212714094296935 ], [ 16.31032619968499, 22.298780646788455 ], [ 16.345535243886065, 22.388759315302313 ], [ 16.365095823997773, 22.455265287682121 ], [ 16.35727159195309, 22.513947028017245 ], [ 16.341623127863723, 22.572628768352374 ], [ 16.302501967640307, 22.643046856754523 ], [ 16.226360403638019, 22.701170726400079 ], [ 16.153841558791321, 22.72911340924604 ], [ 16.087335586411513, 22.799531497648189 ], [ 16.063862890277463, 22.873861702072684 ], [ 16.052126542210438, 22.98340095069825 ], [ 16.048214426188096, 23.049906923078058 ], [ 16.013005381987021, 23.151621939658945 ], [ 15.98953268585297, 23.231820318116949 ], [ 15.930850945517845, 23.30615052254144 ], [ 15.836960160981643, 23.360920146854223 ], [ 15.746981492467786, 23.435250351278718 ], [ 15.660914939976267, 23.490019975591501 ], [ 15.594408967596459, 23.576086528083017 ], [ 15.602233199641143, 23.71692270488732 ], [ 15.555287807373041, 23.838198301579911 ], [ 15.535727227261333, 23.990770826451236 ], [ 15.578760503507093, 24.065101030875731 ], [ 15.606145315663484, 24.127694887233197 ], [ 15.563112039417717, 24.253860628953717 ], [ 15.547463575328351, 24.347751413489917 ], [ 15.574848387484744, 24.457290662115483 ], [ 15.613969547708161, 24.570742026763394 ], [ 15.692211868154994, 24.684193391411302 ], [ 15.680475520087969, 24.821117452193263 ], [ 15.709055261993884, 24.930281138305965 ], [ 15.703948216222019, 25.044108065466737 ], [ 15.700036100199677, 25.149735198069965 ], [ 15.676563404065627, 25.247538098628507 ], [ 15.648102881041501, 25.34231923354406 ], [ 15.633530127819869, 25.435319667700909 ], [ 15.633530127819869, 25.560507380415842 ], [ 15.664827055998602, 25.662222396996729 ], [ 15.70786033224436, 25.752201065510587 ], [ 15.748064785803406, 25.834814471639309 ], [ 15.782190536668853, 25.973235620772893 ], [ 15.809017166755785, 26.14201447163931 ], [ 15.825223812914611, 26.297941250627254 ], [ 15.852608625071003, 26.45442589152092 ], [ 15.907378249383788, 26.579613604235856 ], [ 15.977796337785938, 26.650031692638006 ], [ 16.048214426188089, 26.720449781040156 ], [ 16.12254463061258, 26.77913152137528 ], [ 16.220347531171122, 26.876934421933825 ], [ 16.282941387528592, 26.939528278291291 ], [ 16.357271591953083, 27.060803874983883 ], [ 16.406173042232354, 27.14100225344189 ], [ 16.429645738366407, 27.23489303797809 ], [ 16.413997274277037, 27.324871706491948 ], [ 16.417909390299382, 27.461795767273909 ], [ 16.453118434500457, 27.614368292145233 ], [ 16.503975942790898, 27.712171192703774 ], [ 16.582218263237735, 27.786501397128269 ], [ 16.656548467662226, 27.845183137463394 ], [ 16.723054440042034, 27.923425457910227 ], [ 16.750439252198426, 28.029052590513452 ], [ 16.730878672086714, 28.107294910960288 ], [ 16.769021803304543, 28.210476971049548 ], [ 16.804230847505618, 28.263290537351164 ], [ 16.827703543639672, 28.314148045641605 ], [ 16.851176239773721, 28.361093437909705 ], [ 16.886385283974796, 28.402170656144293 ], [ 16.963649575416042, 28.439824772859332 ], [ 17.071232766030437, 28.480901991093919 ], [ 17.237497696979961, 28.527847383362019 ], [ 17.364641467706065, 28.572836717618948 ], [ 17.470268600309296, 28.616848022870293 ], [ 17.575895732912521, 28.659881299116051 ], [ 17.677610749493404, 28.738123619562884 ], [ 17.712819793694482, 28.794849301886842 ], [ 17.712819793694482, 28.851574984210796 ], [ 17.726512199772678, 28.904388550512408 ], [ 17.77932576607429, 28.963070290847533 ], [ 17.853655970498782, 29.011971741126803 ], [ 17.935810406967956, 29.043268669305537 ], [ 18.006228495370109, 29.103906467651836 ], [ 18.070778409738747, 29.168456382020473 ], [ 18.104031395928651, 29.223226006333256 ], [ 18.135328324107384, 29.322984964902968 ], [ 18.139240440129726, 29.414919691428 ] ], [ [ 15.98953268585297, 23.231820318116949 ], [ 15.995400859886479, 23.38537087199386 ], [ 16.034522020109897, 23.50273435266411 ], [ 16.144061268735463, 23.635746297423729 ], [ 16.277073213495083, 23.713988617870562 ], [ 16.355315533941916, 23.823527866496129 ], [ 16.394436694165332, 23.933067115121698 ], [ 16.394436694165332, 23.987836739434481 ] ] ] } },
{ "type": "Feature", "properties": { "id": 15, "name": null, "size": null, "continent": "Westeros" }, "geometry": { "type": "MultiLineString", "coordinates": [ [ [ 16.730878672086714, 28.107294910960288 ], [ 16.715230207997347, 28.185537231407121 ], [ 16.677087076779515, 28.25351024729531 ], [ 16.633075771528173, 28.306812828099712 ], [ 16.570481915170706, 28.361582452412499 ], [ 16.507888058813236, 28.404615728658257 ], [ 16.441382086433428, 28.455473236948698 ], [ 16.429645738366403, 28.521979209328506 ], [ 16.441382086433428, 28.584573065685973 ], [ 16.472679014612162, 28.63934268999876 ], [ 16.507888058813236, 28.684821038758479 ], [ 16.535884139098169, 28.73506727892045 ] ] ] } },
{ "type": "Feature", "properties": { "id": 16, "name": "Last River", "size": null, "continent": "Westeros" }, "geometry": { "type": "MultiLineString", "coordinates": [ [ [ 16.488816493204311, 33.24243620478655 ], [ 16.492728609226653, 33.211139276607817 ], [ 16.46143168104792, 33.117248492071617 ], [ 16.430134752869186, 33.019445591513076 ], [ 16.406662056735136, 32.929466922999211 ], [ 16.379277244578745, 32.847312486530036 ], [ 16.383189360601087, 32.776894398127887 ], [ 16.402749940712795, 32.726036889837445 ], [ 16.434046868891528, 32.66735514950232 ], [ 16.430134752869186, 32.608673409167196 ], [ 16.426222636846845, 32.546079552809729 ], [ 16.449695332980895, 32.498156131536042 ], [ 16.535761885472411, 32.439474391200918 ], [ 16.606179973874561, 32.412089579044526 ], [ 16.668773830232027, 32.37296841882111 ], [ 16.778313078857597, 32.298638214396618 ], [ 16.83308270317038, 32.24778070610617 ], [ 16.911325023617213, 32.173450501681678 ], [ 16.973918879974683, 32.104010442285116 ], [ 17.020864272242783, 32.064889282061699 ], [ 17.077589954566736, 32.014031773771258 ], [ 17.130403520868352, 31.984690903603695 ], [ 17.192997377225819, 31.965130323491984 ], [ 17.265371523639139, 31.951437917413788 ], [ 17.333833554030118, 31.953393975424959 ], [ 17.398383468398755, 31.951437917413788 ], [ 17.447284918678029, 31.963174265480813 ], [ 17.507922717024325, 31.988603019626037 ], [ 17.574428689404133, 31.99447119365955 ], [ 17.647780864823041, 31.988114005123251 ], [ 17.712330779191682, 31.974421599045055 ], [ 17.77883675157149, 31.950948902911005 ], [ 17.849254839973639, 31.937256496832809 ], [ 17.902068406275252, 31.921608032743443 ], [ 17.937277450476326, 31.905959568654076 ], [ 17.980310726722085, 31.866838408430656 ], [ 18.040948525068384, 31.851189944341289 ], [ 18.093762091369996, 31.837497538263094 ], [ 18.119190845515217, 31.794464262017335 ], [ 18.119190845515217, 31.747518869749236 ], [ 18.113322671481704, 31.71035376753699 ], [ 18.121146903526387, 31.665364433280061 ], [ 18.170048353805658, 31.632111447090157 ], [ 18.240466442207808, 31.60081451891142 ], [ 18.297192124531762, 31.567561532721516 ], [ 18.324576936688157, 31.530396430509271 ], [ 18.338269342766353, 31.495187386308196 ], [ 18.324576936688157, 31.473670748185317 ], [ 18.291323950498249, 31.456066226084779 ], [ 18.248290674252491, 31.422813239894875 ], [ 18.250246732263662, 31.366087557570921 ], [ 18.288389863481495, 31.332345556878224 ], [ 18.330445110721669, 31.289312280632466 ], [ 18.356851893872474, 31.219872221235899 ], [ 18.422379837246698, 31.204223757146533 ], [ 18.467369171503645, 31.201045162878373 ], [ 18.522138795816428, 31.204957278900714 ], [ 18.553435723995161, 31.224517859012423 ], [ 18.549523607972802, 31.248235062397878 ], [ 18.524094853827581, 31.264861555492828 ], [ 18.519204708799656, 31.291268338643636 ], [ 18.52605091183877, 31.314496527526281 ], [ 18.580820536151553, 31.322320759570964 ], [ 18.635590160464336, 31.310584411503939 ], [ 18.721656712955852, 31.294935947414572 ], [ 18.799899033402689, 31.294935947414572 ], [ 18.89770193396123, 31.283199599347547 ], [ 18.928998862139963, 31.228429975034764 ], [ 18.936823094184646, 31.165836118677298 ], [ 19.005285124575629, 31.136495248509743 ], [ 19.142209185357586, 31.085637740219301 ], [ 19.271309014094864, 31.046516579995885 ], [ 19.353463450564039, 30.968274259549048 ], [ 19.435617887033214, 30.890031939102215 ], [ 19.506035975435367, 30.780492690476649 ], [ 19.56080559974815, 30.663129209806396 ], [ 19.6312236881503, 30.518380916979755 ], [ 19.709466008597133, 30.436226480510577 ], [ 19.783796213021628, 30.364830363102843 ], [ 19.862038533468461, 30.290500158678348 ], [ 19.93245662187061, 30.239642650387907 ], [ 20.014611058339785, 30.173136678008099 ], [ 20.116326074920671, 30.141839749829366 ], [ 20.203420710456861, 30.135169225817613 ], [ 20.276722831836679, 30.102718589605949 ], [ 20.366701500350537, 30.063597429382533 ], [ 20.476240748976107, 30.020564153136775 ], [ 20.550570953400598, 30.001003573025063 ], [ 20.617076925780406, 29.954058180756963 ], [ 20.64227785331401, 29.876731130579515 ], [ 20.703143478271926, 29.770188727706905 ], [ 20.734440406450659, 29.637176782947286 ], [ 20.804858494852809, 29.52763753432172 ], [ 20.875276583254958, 29.437658865807862 ], [ 20.957431019724133, 29.355504429338684 ], [ 21.043497572215653, 29.288998456958875 ], [ 21.102179312550778, 29.199019788445018 ], [ 21.110003544595461, 29.105129003908814 ], [ 21.106091428573119, 28.991677639260907 ], [ 21.078706616416728, 28.895830796713536 ], [ 21.094355080506094, 28.801940012177333 ], [ 21.094355080506094, 28.684576531507084 ], [ 21.106091428573119, 28.594597862993226 ], [ 21.106091428573119, 28.500707078457022 ], [ 21.121739892662486, 28.410728409943165 ], [ 21.188245865042294, 28.277716465183548 ], [ 21.317345693779572, 28.14861663644627 ], [ 21.332994157868939, 28.058637967932412 ], [ 21.329082041846597, 27.91780179112811 ], [ 21.321257809801914, 27.796526194435518 ], [ 21.340818389913622, 27.702635409899319 ], [ 21.403412246271088, 27.608744625363116 ], [ 21.481654566717921, 27.526590188893941 ], [ 21.522430234266402, 27.43132160676997 ] ], [ [ 17.020864272242783, 32.064889282061699 ], [ 16.977830995997024, 32.150955834553216 ], [ 16.958270415885313, 32.225286038977707 ], [ 16.962182531907654, 32.32700105555859 ], [ 16.973918879974683, 32.413067608050106 ], [ 16.989567344064049, 32.487397812474605 ], [ 17.016952156220441, 32.581288597010804 ], [ 17.063897548488541, 32.651706685412954 ], [ 17.083458128600249, 32.741685353926812 ], [ 17.079546012577907, 32.827751906418328 ], [ 17.056073316443857, 32.937291155043894 ], [ 17.063897548488541, 33.035094055602443 ], [ 17.099106592689616, 33.109424260026934 ], [ 17.146051984957715, 33.191578696496109 ], [ 17.200821609270498, 33.250260436831233 ] ], [ [ 16.973918879974683, 32.104010442285116 ], [ 16.872203863393796, 32.100098326262774 ], [ 16.797873658969305, 32.123571022396824 ], [ 16.743104034656522, 32.135307370463849 ], [ 16.680510178299055, 32.182252762731949 ], [ 16.641389018075635, 32.213549690910682 ], [ 16.578795161718169, 32.225286038977707 ], [ 16.508377073316019, 32.221373922955365 ], [ 16.457519565025578, 32.174428530687265 ], [ 16.394925708668111, 32.131395254441507 ], [ 16.336243968332983, 32.123571022396824 ], [ 16.273650111975517, 32.123571022396824 ], [ 16.203232023573367, 32.131395254441507 ] ], [ [ 16.535761885472411, 32.439474391200918 ], [ 16.422310520824503, 32.42871607213948 ], [ 16.324507620265958, 32.42871607213948 ], [ 16.21105625561805, 32.440452420206505 ], [ 16.121077587104192, 32.495222044519288 ], [ 16.062395846769064, 32.549991668832071 ], [ 16.031098918590331, 32.596937061100171 ], [ 16.023274686545648, 32.663443033479979 ], [ 16.003714106433939, 32.749509585971495 ], [ 15.972417178255206, 32.796454978239595 ], [ 15.937208134054131, 32.85513671857472 ], [ 15.937208134054131, 32.933379039021553 ], [ 15.972417178255206, 33.011621359468386 ], [ 15.972417178255206, 33.074215215825859 ], [ 15.964592946210523, 33.109424260026934 ] ], [ [ 16.023274686545648, 32.663443033479979 ], [ 15.929383902009448, 32.698652077681054 ], [ 15.855053697584955, 32.733861121882128 ], [ 15.788547725205147, 32.753421701993837 ], [ 15.698569056691287, 32.78471863017257 ], [ 15.624238852266796, 32.823839790395986 ] ], [ [ 18.356851893872474, 31.219872221235899 ], [ 18.321642849671399, 31.174882886978963 ], [ 18.266873225358612, 31.14358595880023 ], [ 18.200367252978804, 31.170970770956622 ], [ 18.157333976733046, 31.19053135106833 ], [ 18.122124932531971, 31.170970770956622 ], [ 18.112344642476117, 31.144563987805821 ], [ 18.079091656286213, 31.132827639738796 ], [ 18.030190206006942, 31.134783697749967 ], [ 17.994981161805864, 31.126959465705283 ], [ 17.953903943571277, 31.09566253752655 ], [ 17.932387305448398, 31.060453493325475 ], [ 17.932387305448398, 31.017420217079717 ], [ 17.948035769537764, 30.986123288900984 ], [ 17.979332697716497, 30.95287030271108 ], [ 17.994981161805864, 30.900056736409464 ], [ 17.993025103794693, 30.858979518174877 ], [ 17.967596349649472, 30.81790229994029 ], [ 17.934343363459568, 30.802253835850923 ], [ 17.889354029202639, 30.774869023694531 ], [ 17.84436469494571, 30.759220559605165 ], [ 17.803287476711123, 30.759220559605165 ], [ 17.764166316487707, 30.755308443582823 ], [ 17.736781504331315, 30.769000849661019 ] ] ] } },
{ "type": "Feature", "properties": { "id": 17, "name": "Weeping Water", "size": null, "continent": "Westeros" }, "geometry": { "type": "MultiLineString", "coordinates": [ [ [ 21.239184735617783, 26.589279372239968 ], [ 21.155970907857956, 26.612377575922967 ], [ 21.103157341556344, 26.639762388079358 ], [ 21.042519543210048, 26.671059316258091 ], [ 20.99948626696429, 26.69257595438097 ], [ 20.948628758673845, 26.727784998582045 ], [ 20.903639424416916, 26.76299404278312 ], [ 20.854737974137645, 26.788422796928344 ], [ 20.811704697891887, 26.815807609084736 ], [ 20.768671421646129, 26.837324247207615 ], [ 20.698253333243979, 26.894049929531569 ], [ 20.651307940975876, 26.935127147766156 ], [ 20.58871408461841, 26.978160424011914 ], [ 20.531988402294456, 27.029506946805149 ], [ 20.467438487925818, 27.090144745151445 ], [ 20.404844631568352, 27.14100225344189 ], [ 20.33638260117737, 27.173277210626207 ], [ 20.267920570786391, 27.202618080793769 ], [ 20.181854018294874, 27.224134718916648 ], [ 20.109479871881554, 27.289662662290873 ], [ 20.073292798674892, 27.306289155385826 ], [ 20.014611058339767, 27.359102721687439 ], [ 19.986003783236825, 27.410917467478072 ], [ 19.928544505848251, 27.474510144346517 ], [ 19.85421430142376, 27.558620638826863 ], [ 19.819005257222685, 27.605566031094966 ], [ 19.781840155010439, 27.664247771430091 ], [ 19.746631110809361, 27.705324989664678 ], [ 19.683679973713016, 27.749812705573312 ], [ 19.606772963010645, 27.77965519408917 ], [ 19.528530642563812, 27.808996064256732 ], [ 19.460068612172829, 27.859853572547173 ], [ 19.411167161893559, 27.912667138848789 ], [ 19.379870233714826, 27.953744357083377 ], [ 19.320403783236824, 27.988746038906644 ], [ 19.247260926093965, 28.020441277001886 ] ], [ [ 20.181854018294874, 27.224134718916648 ], [ 20.138820742049116, 27.185013558693232 ], [ 20.084051117736333, 27.163496920570353 ], [ 20.035149667457059, 27.173277210626207 ], [ 19.978423985133105, 27.190881732726744 ], [ 19.923654360820322, 27.214354428860794 ], [ 19.868884736507539, 27.233915008972502 ], [ 19.818027228217098, 27.22804683493899 ], [ 19.774993951971336, 27.214354428860794 ], [ 19.759345487881969, 27.18110144267089 ], [ 19.759345487881969, 27.140024224436303 ], [ 19.749565197826115, 27.093078832168203 ], [ 19.720224327658553, 27.063737962000641 ], [ 19.673278935390453, 27.063737962000641 ], [ 19.624377485111182, 27.052001613933616 ], [ 19.579388150854253, 27.040265265866591 ], [ 19.542223048642008, 27.016792569732541 ], [ 19.507014004440933, 26.979627467520292 ], [ 19.497233714385079, 26.938550249285704 ], [ 19.493321598362737, 26.897473031051117 ], [ 19.512882178474445, 26.857862856324907 ] ] ] } },
{ "type": "Feature", "properties": { "id": 18, "name": null, "size": null, "continent": "Westeros" }, "geometry": { "type": "MultiLineString", "coordinates": [ [ [ 15.535727227261333, 23.990770826451236 ], [ 15.461397022836838, 24.057276798831047 ], [ 15.324472962054879, 24.088573727009781 ], [ 15.183636785250577, 24.112046423143831 ], [ 15.085833884692034, 24.162903931434272 ], [ 15.019327912312226, 24.233322019836422 ], [ 15.027152144356913, 24.33894915243965 ], [ 15.058449072535643, 24.381982428685408 ], [ 15.054536956513305, 24.471961097199266 ], [ 15.038888492423935, 24.55411553366844 ], [ 14.991943100155835, 24.628445738092935 ], [ 14.893622670799019, 24.710894430532601 ], [ 14.77677671892704, 24.827963655232359 ], [ 14.612467845988689, 24.929678671813246 ], [ 14.483368017251413, 24.997162673198638 ], [ 14.358180304536479, 25.110614037846549 ], [ 14.330795492380087, 25.181032126248699 ], [ 14.334707608402429, 25.267098678740215 ], [ 14.322971260335404, 25.423583319633885 ], [ 14.334707608402429, 25.529210452237109 ], [ 14.295586448179012, 25.599628540639259 ], [ 14.221256243754519, 25.66613451301907 ], [ 14.135189691263003, 25.701343557220145 ], [ 13.986529282414018, 25.720904137331853 ], [ 13.837868873565034, 25.787410109711661 ], [ 13.681384232671366, 25.877388778225519 ], [ 13.659867594548487, 25.96541138872821 ], [ 13.597273738191019, 26.067126405309093 ], [ 13.503382953654819, 26.106247565532509 ], [ 13.417316401163301, 26.106247565532509 ], [ 13.378195240939885, 26.149280841778268 ], [ 13.397755821051593, 26.227523162225101 ], [ 13.386019472984568, 26.276424612504375 ], [ 13.340052109722052, 26.297941250627254 ], [ 13.33613999369971, 26.327282120794816 ], [ 13.306799123532148, 26.380095687096428 ], [ 13.244205267174681, 26.411392615275162 ], [ 13.148358424627309, 26.440733485442724 ], [ 13.072072162191647, 26.50137128378902 ], [ 13.002632102795081, 26.535602298984511 ], [ 12.937104159420858, 26.595262068325223 ], [ 12.854949722951682, 26.638295344570981 ], [ 12.761058938415482, 26.669592272749714 ], [ 12.731718068247918, 26.698933142917276 ], [ 12.723893836203235, 26.740010361151864 ], [ 12.723893836203235, 26.794779985464647 ], [ 12.727805952225577, 26.876934421933825 ], [ 12.686728733990989, 26.941484336302462 ], [ 12.614354587577669, 26.992341844592904 ], [ 12.561541021276055, 27.004078192659929 ], [ 12.485254758840393, 27.011902424704612 ], [ 12.430485134527608, 27.049067526916858 ], [ 12.393320032315362, 27.092100803162616 ], [ 12.336594349991408, 27.133178021397203 ], [ 12.326814059935554, 27.180123413665306 ], [ 12.311165595846187, 27.23684909598926 ], [ 12.303341363801502, 27.317047474447264 ], [ 12.298451218773575, 27.387465562849414 ] ], [ [ 13.386019472984568, 26.276424612504375 ], [ 13.409492169118618, 26.364936237509855 ], [ 13.417316401163301, 26.451002790001372 ], [ 13.425140633207985, 26.51750876238118 ], [ 13.452525445364376, 26.607487430895038 ], [ 13.483822373543109, 26.709202447475924 ], [ 13.530767765811211, 26.763972071788707 ], [ 13.640307014436777, 26.853950740302565 ], [ 13.706812986816587, 26.908720364615348 ], [ 13.753758379084687, 26.979138453017502 ], [ 13.765494727151712, 27.053468657441993 ], [ 13.765494727151712, 27.127798861866484 ], [ 13.765494727151712, 27.178656370156926 ], [ 13.753758379084687, 27.217777530380346 ] ], [ [ 13.681384232671366, 25.877388778225519 ], [ 13.562064693989944, 25.844624806538409 ], [ 13.464261793431401, 25.828976342449042 ], [ 13.382107356962226, 25.801591530292651 ], [ 13.296040804470708, 25.766382486091576 ], [ 13.213886368001534, 25.738997673935184 ], [ 13.139556163577041, 25.738997673935184 ], [ 13.080874423241916, 25.750734022002209 ] ] ] } },
{ "type": "Feature", "properties": { "id": 19, "name": "Mander", "size": null, "continent": "Westeros" }, "geometry": { "type": "MultiLineString", "coordinates": [ [ [ 15.937208134054149, 3.285652270956414 ], [ 15.937208134054149, 3.191761486420213 ], [ 15.952856598143516, 3.101782817906354 ], [ 15.980241410299907, 3.015716265414837 ], [ 16.023274686545665, 2.910089132811611 ], [ 16.019362570523324, 2.796637768163702 ], [ 15.933296018031808, 2.714483331694526 ], [ 15.847229465540289, 2.6558015913594 ], [ 15.749426564981748, 2.597119851024275 ], [ 15.600766156132764, 2.542350226711491 ], [ 15.502963255574221, 2.511053298532758 ], [ 15.412984587060361, 2.468020022286999 ], [ 15.303445338434795, 2.376085295761969 ], [ 15.193906089809227, 2.297842975315135 ], [ 15.127400117429419, 2.21568853884596 ], [ 15.013948752781509, 2.082676594086342 ], [ 14.931794316312333, 1.988785809550141 ], [ 14.818342951664423, 1.949664649326724 ], [ 14.71662793508354, 1.969225229438433 ], [ 14.591440222368606, 1.949664649326724 ], [ 14.489725205787721, 1.887070792969257 ], [ 14.407570769318546, 1.808828472522423 ], [ 14.274558824558929, 1.730586152075589 ], [ 14.176755924000386, 1.648431715606414 ], [ 14.063304559352476, 1.554540931070213 ], [ 13.926380498570516, 1.464562262556354 ], [ 13.801192785855584, 1.425441102332937 ], [ 13.664268725073624, 1.36284724597547 ], [ 13.523432548269323, 1.268956461439269 ], [ 13.408025125610244, 1.205384576076216 ], [ 13.302397993007018, 1.170175531875141 ], [ 13.21241932449316, 1.134966487674066 ], [ 13.110704307912275, 1.055746138221647 ], [ 13.048110451554807, 0.914909961417346 ], [ 12.981604479174999, 0.864052453126904 ], [ 12.883801578616456, 0.821019176881145 ], [ 12.801647142147281, 0.758425320523678 ], [ 12.70775635761108, 0.691919348143869 ], [ 12.641250385231272, 0.598028563607668 ], [ 12.602129225007854, 0.484577198959759 ], [ 12.602129225007854, 0.343741022155458 ], [ 12.574744412851462, 0.234201773529891 ], [ 12.525842962572192, 0.09336559672559 ], [ 12.47498545428175, 0.022947508323439 ], [ 12.38500678576789, -0.04355846405637 ], [ 12.212873680784856, -0.094415972346812 ], [ 12.030960285745968, -0.224493830089673 ], [ 11.89794834098635, -0.330120962692899 ], [ 11.745375816115024, -0.353593658826949 ], [ 11.600627523288381, -0.4240117472291 ], [ 11.498912506707496, -0.502254067675934 ], [ 11.405021722171295, -0.588320620167451 ], [ 11.291570357523387, -0.662650824591943 ], [ 11.221152269121236, -0.725244680949411 ], [ 11.193767456964844, -0.826959697530295 ], [ 11.189855340942502, -0.920850482066495 ], [ 11.170294760830794, -1.038213962736746 ], [ 11.109656962484497, -1.207412980703024 ], [ 11.04510704811586, -1.261204576010223 ], [ 10.955128379602, -1.308149968278323 ], [ 10.822116434842382, -1.362919592591107 ], [ 10.700840838149791, -1.378568056680474 ], [ 10.563916777367831, -1.374655940658132 ], [ 10.458289644764605, -1.359007476568765 ], [ 10.362442802217233, -1.375633969663717 ], [ 10.258771727625179, -1.452898261104966 ], [ 10.110111318776195, -1.521360291495946 ], [ 9.930153981748475, -1.576129915808729 ], [ 9.824526849145251, -1.642635888188538 ], [ 9.746284528698416, -1.720878208635372 ], [ 9.695427020407974, -1.806944761126889 ], [ 9.632833164050506, -1.881274965551382 ], [ 9.503733335313232, -1.955605169975874 ], [ 9.351160810441904, -1.979077866109924 ], [ 9.24748973584985, -1.960495315003801 ], [ 9.145774719268966, -1.980055895115509 ], [ 9.051883934732764, -2.038737635450635 ], [ 8.997114310419981, -2.101331491808102 ], [ 8.961905266218906, -2.163925348165569 ], [ 8.914959873950806, -2.23434343656772 ], [ 8.875838713727388, -2.320409989059237 ], [ 8.821069089414605, -2.402564425528412 ], [ 8.774123697146505, -2.496455210064613 ], [ 8.703705608744354, -2.582521762556131 ], [ 8.621551172275179, -2.668588315047648 ], [ 8.543308851828344, -2.750742751516824 ], [ 8.461154415359168, -2.801600259807266 ], [ 8.355527282755943, -2.872018348209416 ], [ 8.2577243821974, -2.95026066865625 ], [ 8.183394177772909, -3.020678757058401 ], [ 8.097327625281391, -3.036327221147767 ], [ 8.011261072789873, -3.051975685237134 ], [ 7.893897592119623, -3.08718472943821 ], [ 7.81956738769513, -3.110657425572259 ], [ 7.706116023047222, -3.13413012170631 ], [ 7.620049470555704, -3.130218005683968 ], [ 7.541807150108871, -3.110657425572259 ], [ 7.479213293751403, -3.079360497393526 ], [ 7.412707321371594, -3.055887801259476 ], [ 7.352069523025298, -3.044151453192451 ], [ 7.285563550645489, -3.040239337170109 ], [ 7.203409114176313, -3.051975685237134 ], [ 7.152551605885871, -3.048063569214793 ], [ 7.073193006750295, -2.984861034534479 ] ], [ [ 15.502963255574221, 2.511053298532758 ], [ 15.563601053920518, 2.58538350295725 ], [ 15.641843374367353, 2.620592547158325 ], [ 15.677052418568428, 2.679274287493451 ], [ 15.680964534590769, 2.737956027828576 ], [ 15.684876650613111, 2.835758928387119 ], [ 15.630107026300328, 2.902264900766927 ], [ 15.626194910277986, 2.949210293035028 ], [ 15.637931258345011, 3.00006780132547 ], [ 15.665316070501403, 3.043101077571229 ], [ 15.708349346747161, 3.078310121772303 ] ] ] } },
{ "type": "Feature", "properties": { "id": 20, "name": "Blueburn", "size": null, "continent": "Westeros" }, "geometry": { "type": "MultiLineString", "coordinates": [ [ [ 12.525842962572192, 0.09336559672559 ], [ 12.672547313410005, 0.149113250043958 ], [ 12.789910794080257, 0.1530253660663 ], [ 12.946395434973924, 0.160849598110983 ], [ 13.067671031666517, 0.141289017999275 ], [ 13.204595092448477, 0.172585946178008 ], [ 13.286749528917651, 0.211707106401425 ], [ 13.415849357654928, 0.266476730714209 ], [ 13.498003794124104, 0.325158471049334 ], [ 13.568421882526254, 0.376015979339776 ], [ 13.591894578660304, 0.446434067741927 ], [ 13.65057631899543, 0.501203692054711 ], [ 13.72099440739758, 0.548149084322811 ], [ 13.834445772045489, 0.548149084322811 ], [ 13.940072904648716, 0.555973316367495 ], [ 14.049612153274282, 0.575533896479203 ], [ 14.194360446100925, 0.571621780456861 ], [ 14.288251230637126, 0.552061200345153 ], [ 14.382142015173326, 0.501203692054711 ], [ 14.46038433562016, 0.426873487630219 ], [ 14.534714540044654, 0.364279631272751 ], [ 14.632517440603195, 0.329070587071676 ], [ 14.765529385362813, 0.332982703094018 ], [ 14.906365562167114, 0.321246355026993 ], [ 15.008080578747999, 0.282125194803576 ], [ 15.10588347930654, 0.243004034580159 ], [ 15.254543888155524, 0.22344345446845 ], [ 15.403204297004509, 0.219531338446109 ], [ 15.538172299775296, 0.301685774915284 ], [ 15.596854040110422, 0.376015979339776 ], [ 15.643799432378522, 0.442521951719585 ], [ 15.749426564981748, 0.489467343987686 ], [ 15.890262741786049, 0.501203692054711 ], [ 16.046747382679715, 0.493379460010027 ], [ 16.183671443461677, 0.493379460010027 ], [ 16.332331852310659, 0.532500620233444 ], [ 16.441871100936229, 0.575533896479203 ], [ 16.520113421383062, 0.630303520791987 ], [ 16.606179973874578, 0.688985261127112 ], [ 16.700070758410781, 0.720282189305846 ], [ 16.813522123058689, 0.755491233506921 ], [ 16.93479771975128, 0.751579117484579 ] ] ] } },
{ "type": "Feature", "properties": { "id": 21, "name": "Cockleswent", "size": null, "continent": "Westeros" }, "geometry": { "type": "MultiLineString", "coordinates": [ [ [ 11.109656962484497, -1.207412980703024 ], [ 11.266141603378165, -1.246534140926441 ], [ 11.356120271892024, -1.31304011330625 ], [ 11.434362592338859, -1.375633969663717 ], [ 11.528253376875059, -1.446052058065868 ], [ 11.641704741522968, -1.44996417408821 ], [ 11.739507642081511, -1.442139942043526 ], [ 11.856871122751761, -1.418667245909476 ], [ 12.025092111712455, -1.438227826021184 ], [ 12.10724654818163, -1.489085334311627 ], [ 12.201137332717831, -1.52038226249036 ], [ 12.369358321678524, -1.504733798400993 ], [ 12.490633918371117, -1.500821682378652 ], [ 12.607997399041368, -1.508645914423335 ], [ 12.697976067555226, -1.532118610557385 ], [ 12.760569923912694, -1.575151886803144 ], [ 12.780130504024402, -1.637745743160611 ], [ 12.795778968113769, -1.72772441167447 ], [ 12.91314244878402, -1.809878848143646 ], [ 13.03050592945427, -1.88812116859048 ], [ 13.124396713990471, -1.942890792903263 ], [ 13.245672310683064, -2.009396765283072 ], [ 13.406069067599073, -2.068078505618198 ], [ 13.554729476448058, -2.11893601390864 ], [ 13.703389885297042, -2.122848129930981 ], [ 13.844226062101344, -2.079814853685223 ], [ 14.032007631173744, -2.001572533238389 ], [ 14.180668040022729, -1.938978676880922 ], [ 14.32150421682703, -1.903769632679846 ], [ 14.521022133966456, -1.915505980746872 ] ], [ [ 14.521022133966456, -1.915505980746872 ], [ 14.662431657775977, -1.876496456937339 ], [ 14.761617269340471, -1.809878848143646 ], [ 14.820299009675596, -1.723812295652128 ], [ 14.859420169899014, -1.633833627138269 ], [ 14.902453446144772, -1.56732765475846 ], [ 14.929838258301164, -1.457788406132893 ], [ 14.965047302502239, -1.383458201708401 ], [ 15.008080578747999, -1.328688577395617 ], [ 15.062850203060782, -1.31304011330625 ], [ 15.125444059418248, -1.320864345350934 ] ], [ [ 14.521022133966456, -1.915505980746872 ], [ 14.599264454413291, -1.974187721081997 ], [ 14.695111296960663, -2.009396765283072 ], [ 14.775309675418667, -2.001572533238389 ], [ 14.902453446144772, -2.005484649260731 ], [ 14.976783650569264, -2.025045229372439 ], [ 15.055025971016098, -2.075902737662881 ], [ 15.10588347930654, -2.173705638221423 ], [ 15.121531943395906, -2.248035842645915 ], [ 15.152828871574641, -2.330190279115091 ] ] ] } },
{ "type": "Feature", "properties": { "id": 22, "name": null, "size": null, "continent": "Westeros" }, "geometry": { "type": "MultiLineString", "coordinates": [ [ [ 9.077312688877987, 5.161511903669257 ], [ 9.01863094854286, 5.091093815267106 ], [ 8.983421904341785, 5.005027262775589 ], [ 8.952124976163052, 4.926784942328755 ], [ 8.983421904341785, 4.813333577680846 ], [ 9.038191528654568, 4.703794329055278 ], [ 9.096873268989695, 4.602079312474395 ], [ 9.147730777280136, 4.499386266887925 ], [ 9.163379241369503, 4.378110670195333 ], [ 9.194676169548236, 4.237274493391031 ], [ 9.210324633637605, 4.123823128743122 ], [ 9.190764053525895, 3.998635416028188 ], [ 9.163379241369503, 3.873447703313253 ], [ 9.143818661257795, 3.756084222643003 ], [ 9.13208231319077, 3.63480862595041 ], [ 9.120345965123745, 3.521357261302501 ], [ 9.147730777280136, 3.407905896654591 ], [ 9.198588285570578, 3.294454532006682 ], [ 9.214236749659946, 3.208387979515165 ], [ 9.210324633637605, 3.118409311001306 ], [ 9.167291357391845, 3.01082612038691 ], [ 9.159467125347161, 2.916935335850709 ], [ 9.15555500932482, 2.787835507113433 ], [ 9.159467125347161, 2.64308721428679 ], [ 9.202500401592919, 2.502251037482489 ], [ 9.241621561816338, 2.420096601013313 ], [ 9.288566954084438, 2.306645236365404 ], [ 9.300303302151463, 2.165809059561103 ], [ 9.312039650218487, 2.048445578890852 ], [ 9.308127534196146, 1.954554794354651 ], [ 9.374633506575956, 1.874356415896646 ], [ 9.40984255077703, 1.800026211472154 ], [ 9.405930434754689, 1.706135426935953 ], [ 9.366809274531272, 1.620068874444436 ] ], [ [ 9.366809274531272, 1.620068874444436 ], [ 9.323775998285512, 1.549650786042285 ], [ 9.241621561816338, 1.459672117528426 ], [ 9.17902770545887, 1.385341913103934 ], [ 9.120345965123745, 1.275802664478367 ], [ 9.06166422478862, 1.170175531875141 ], [ 9.006894600475835, 1.088021095405965 ], [ 8.959949208207735, 0.994130310869765 ], [ 8.930851937503553, 0.893550134351895 ], [ 8.913003815939636, 0.777985900635387 ], [ 8.939385270836882, 0.689969181970941 ], [ 8.983421904341785, 0.629325491786402 ], [ 9.038191528654568, 0.547171055317226 ], [ 9.073400572855645, 0.461104502825709 ], [ 9.065576340810962, 0.378950066356533 ], [ 9.053839992743935, 0.296795629887358 ], [ 9.092961152967353, 0.218553309440524 ], [ 9.190764053525895, 0.14031098899369 ], [ 9.249445793861021, 0.081629248658565 ], [ 9.253357909883363, -0.004437303832953 ], [ 9.225973097726971, -0.102240204391495 ], [ 9.167291357391845, -0.176570408815987 ], [ 9.13208231319077, -0.309582353575605 ], [ 9.182939821481211, -0.395648906067122 ], [ 9.233797329771654, -0.489539690603323 ], [ 9.312039650218487, -0.57365018508367 ], [ 9.382457738620639, -0.64406827348582 ], [ 9.429403130888739, -0.722310593932654 ], [ 9.463575747027365, -0.816773675171935 ] ], [ [ 9.463575747027365, -0.816773675171935 ], [ 9.54676661155899, -0.894443698915689 ], [ 9.578063539737723, -0.964861787317839 ], [ 9.562415075648357, -1.050928339809357 ], [ 9.511557567357915, -1.129170660256191 ], [ 9.441139478955764, -1.215237212747708 ], [ 9.374633506575956, -1.250446256948783 ], [ 9.331600230330196, -1.305215881261567 ], [ 9.276830606017413, -1.403018781820109 ], [ 9.272918489995071, -1.52038226249036 ], [ 9.272918489995071, -1.610360931004219 ], [ 9.249445793861021, -1.747284991786179 ], [ 9.210324633637605, -1.864648472456429 ], [ 9.145774719268966, -1.980055895115509 ] ], [ [ 9.167291357391845, 3.01082612038691 ], [ 9.120345965123745, 3.110585078956623 ], [ 9.073400572855645, 3.208387979515165 ], [ 8.975597672297102, 3.325751460185416 ], [ 8.850409959582167, 3.411818012676933 ], [ 8.803464567314068, 3.486148217101425 ], [ 8.772167639135334, 3.583951117659968 ] ], [ [ 9.241621561816338, 2.420096601013313 ], [ 9.147730777280136, 2.523767675605368 ], [ 9.038191528654568, 2.586361531962835 ], [ 8.932564396051344, 2.613746344119227 ], [ 8.811288799358751, 2.637219040253278 ], [ 8.71739801482255, 2.699812896610744 ], [ 8.674364738576791, 2.770230985012895 ], [ 8.62350723028635, 2.848473305459729 ], [ 8.545264909839515, 2.918891393861879 ], [ 8.439637777236289, 2.977573134197005 ], [ 8.318362180543698, 3.008870062375739 ], [ 8.197086583851105, 3.040166990554472 ], [ 8.111020031359587, 3.094936614867256 ], [ 8.032777710912754, 3.169266819291748 ], [ 7.985832318644653, 3.255333371783265 ], [ 7.962359622510602, 3.35704838836415 ], [ 7.970183854555286, 3.435290708810983 ], [ 7.989744434666995, 3.560478421525918 ], [ 7.989744434666995, 3.670017670151485 ], [ 7.978008086599969, 3.771732686732369 ], [ 7.946711158421236, 3.881271935357937 ], [ 7.911502114220161, 3.971250603871796 ], [ 7.872380953996744, 4.065141388407996 ] ] ] } },
{ "type": "Feature", "properties": { "id": 23, "name": "Honeywine", "size": null, "continent": "Westeros" }, "geometry": { "type": "MultiLineString", "coordinates": [ [ [ 5.638015784233829, -6.109842076043568 ], [ 5.698356183583523, -6.026874026937739 ], [ 5.788866782608064, -5.913735778157062 ], [ 5.849207181957758, -5.808140079295098 ] ], [ [ 5.849207181957758, -5.808140079295098 ], [ 5.811494432364199, -5.596948681571169 ], [ 5.864292281795182, -5.423470033440799 ], [ 5.917090131226164, -5.295246684822699 ], [ 5.977430530575858, -5.151938236367176 ], [ 5.984973080494569, -5.001087237992941 ], [ 5.984973080494569, -4.797438390187724 ], [ 6.000058180331993, -4.593789542382506 ], [ 5.917090131226164, -4.473108743683119 ], [ 5.886919931551317, -4.397683244496001 ], [ 5.803951882445488, -4.299630095552748 ], [ 5.826579532201623, -4.111066347584954 ], [ 5.841664632039047, -3.950787161812328 ] ], [ [ 5.849207181957758, -5.808140079295098 ], [ 5.954802880819723, -5.791169341977995 ], [ 6.105653879193958, -5.836424641490266 ], [ 6.218792127974634, -5.843967191408978 ], [ 6.429983525698563, -5.821339541652843 ], [ 6.63363237350378, -5.678031093197319 ], [ 6.80711102163415, -5.542265194660508 ], [ 6.973047119845809, -5.444212045717255 ], [ 7.184238517569738, -5.391414196286273 ], [ 7.380344815456244, -5.376329096448849 ], [ 7.606621313017596, -5.421584395961119 ] ], [ [ 6.731685522447033, -5.632775793685049 ], [ 6.859908871065133, -5.64031834360376 ], [ 6.965504569927098, -5.678031093197319 ], [ 7.071100268789062, -5.715743842790878 ], [ 7.244578916919432, -5.738371492547013 ], [ 7.402972465212379, -5.72328639270959 ], [ 7.53873836374919, -5.72328639270959 ] ], [ [ 6.000058180331993, -4.938861201163568 ], [ 6.098111329275246, -4.833265502301603 ], [ 6.150909178706228, -4.697499603764792 ], [ 6.188621928299787, -4.546648605390557 ], [ 6.218792127974634, -4.448595456447304 ], [ 6.264047427486904, -4.365627407341474 ], [ 6.384728226186293, -4.30528700799178 ], [ 6.482781375129545, -4.282659358235645 ], [ 6.595919623910222, -4.244946608642087 ], [ 6.626089823585069, -4.169521109454969 ], [ 6.671345123097339, -4.056382860674293 ] ] ] } },
{ "type": "Feature", "properties": { "id": 24, "name": "Torentine", "size": null, "continent": "Westeros" }, "geometry": { "type": "MultiLineString", "coordinates": [ [ [ 10.323321641993838, -6.047800782970986 ], [ 10.194221813256561, -5.946085766390103 ], [ 10.080770448608652, -5.87175556196561 ], [ 9.936022155782009, -5.832634401742193 ], [ 9.787361746933025, -5.813073821630485 ], [ 9.662174034218092, -5.738743617205992 ], [ 9.59175594581594, -5.660501296759159 ], [ 9.576107481726574, -5.566610512222958 ], [ 9.529162089458474, -5.476631843709098 ], [ 9.419622840832906, -5.398389523262265 ], [ 9.321819940274363, -5.347532014971823 ], [ 9.22010492369348, -5.256575317452379 ], [ 9.145774719268987, -5.174420880983202 ], [ 9.079268746889179, -5.072705864402319 ], [ 9.040147586665761, -4.963166615776752 ], [ 9.020587006554052, -4.849715251128842 ], [ 9.040147586665761, -4.7519123505703 ] ], [ [ 9.422890800146183, -7.9159499296392 ], [ 9.470480349123347, -7.806296935013579 ], [ 9.560459017637207, -7.71631826649972 ], [ 9.662174034218092, -7.634163830030544 ], [ 9.736504238642583, -7.528536697427318 ], [ 9.763889050798975, -7.403348984712384 ], [ 9.830395023178784, -7.289897620064475 ], [ 9.885164647491568, -7.215567415639983 ], [ 9.986879664072452, -7.156885675304857 ], [ 10.123803724854412, -7.027785846567581 ], [ 10.241167205524663, -6.965191990210114 ], [ 10.342882222105546, -6.879125437718597 ], [ 10.397651846418331, -6.777410421137713 ], [ 10.428948774597064, -6.675695404556829 ], [ 10.428948774597064, -6.576914474992701 ], [ 10.421124542552381, -6.45955099432245 ], [ 10.350706454150229, -6.350011745696882 ], [ 10.303761061882129, -6.216999800937264 ], [ 10.288112597792763, -6.115284784356381 ], [ 10.323321641993838, -6.047800782970986 ] ], [ [ 10.323321641993838, -6.047800782970986 ], [ 10.413300310507697, -5.980316781585592 ], [ 10.511103211066239, -5.9059865771611 ], [ 10.593257647535415, -5.839480604781291 ], [ 10.640203039803515, -5.749501936267432 ], [ 10.659763619915223, -5.585193063329081 ], [ 10.648027271848198, -5.42088419039073 ], [ 10.671499967982248, -5.252663201430036 ], [ 10.734093824339716, -5.127475488715103 ], [ 10.792775564674841, -5.036518791195658 ], [ 10.843633072965284, -4.958276470748824 ], [ 10.894490581255726, -4.876122034279648 ], [ 10.914051161367434, -4.782231249743448 ], [ 10.890578465233384, -4.684428349184905 ], [ 10.827984608875916, -4.617922376805097 ], [ 10.773214984563133, -4.555328520447629 ], [ 10.757566520473766, -4.484910432045479 ], [ 10.761478636496108, -4.39493176353162 ], [ 10.784951332630158, -4.344074255241178 ] ] ] } },
{ "type": "Feature", "properties": { "id": 25, "name": "Brimstone", "size": null, "continent": "Westeros" }, "geometry": { "type": "MultiLineString", "coordinates": [ [ [ 14.593864181130479, -10.227032171649615 ], [ 14.53769610638795, -10.025763237155546 ], [ 14.453443994274153, -9.815132956871054 ], [ 14.364511209265144, -9.670032097119515 ], [ 14.341107844789089, -9.529611910263187 ], [ 14.364511209265144, -9.403233742092493 ], [ 14.406637265322043, -9.276855573921797 ], [ 14.43940197558852, -9.159838751541523 ], [ 14.425359956902886, -9.094309331008571 ], [ 14.327065826103457, -8.96676099461407 ], [ 14.240593037735417, -8.906772563296206 ], [ 14.139838910295019, -8.770172733015212 ], [ 14.093032181342911, -8.606349181682829 ], [ 14.069628816866857, -8.456567649036078 ] ] ] } },
{ "type": "Feature", "properties": { "id": 26, "name": "Greenblood", "size": null, "continent": "Westeros" }, "geometry": { "type": "MultiLineString", "coordinates": [ [ [ 23.132581710219007, -9.762475386799924 ], [ 23.04454491764346, -9.710030394385607 ], [ 22.95847836515194, -9.639612305983457 ], [ 22.872411812660424, -9.569194217581305 ], [ 22.782433144146566, -9.522248825313206 ], [ 22.645509083364605, -9.475303433045106 ], [ 22.528145602694355, -9.455742852933396 ], [ 22.391221541912394, -9.416621692709979 ], [ 22.262121713175119, -9.416621692709979 ], [ 22.164318812616578, -9.400973228620613 ], [ 22.070428028080375, -9.318818792151438 ], [ 22.023482635812275, -9.201455311481187 ], [ 21.9882735916112, -9.103652410922644 ], [ 21.913943387186709, -9.033234322520494 ], [ 21.792667790494114, -8.974552582185368 ], [ 21.679216425846207, -8.954992002073659 ], [ 21.534468133019562, -8.958904118096001 ], [ 21.405368304282288, -8.966728350140684 ], [ 21.26844424350033, -8.958904118096001 ], [ 21.131520182718369, -8.931519305939609 ], [ 20.959387077735332, -8.872837565604485 ], [ 20.830287248998058, -8.868925449582143 ], [ 20.744220696506542, -8.900222377760876 ], [ 20.662066260037363, -8.951079886051318 ], [ 20.493845271076673, -8.986288930252393 ], [ 20.41560295062984, -8.966728350140684 ] ] ] } },
{ "type": "Feature", "properties": { "id": 27, "name": "The Vaith", "size": null, "continent": "Westeros" }, "geometry": { "type": "MultiLineString", "coordinates": [ [ [ 20.41560295062984, -8.966728350140684 ], [ 20.341272746205345, -9.001937394341759 ], [ 20.204348685423387, -9.025410090475811 ], [ 20.086985204753137, -9.025410090475811 ], [ 19.989182304194593, -9.021497974453469 ], [ 19.875730939546685, -9.021497974453469 ], [ 19.770103806943457, -9.021497974453469 ], [ 19.668388790362574, -9.044970670587519 ], [ 19.594058585938082, -9.091916062855619 ], [ 19.570585889804033, -9.166246267280112 ], [ 19.519728381513591, -9.23275223965992 ], [ 19.45322240913378, -9.287521863972703 ], [ 19.363243740619922, -9.310994560106753 ], [ 19.238056027904989, -9.342291488285488 ], [ 19.116780431212394, -9.361852068397196 ], [ 18.972032138385753, -9.357939952374855 ], [ 18.901614049983603, -9.330555140218463 ], [ 18.811635381469742, -9.283609747950361 ], [ 18.729480945000567, -9.240576471704603 ], [ 18.619941696375001, -9.240576471704603 ], [ 18.498666099682406, -9.248400703749287 ], [ 18.350005690833424, -9.217103775570553 ], [ 18.228730094140829, -9.174070499324795 ], [ 18.103542381425896, -9.115388758989669 ], [ 17.958794088599252, -9.088003946833277 ], [ 17.833606375884319, -9.068443366721569 ], [ 17.638000574767233, -9.09582817887796 ], [ 17.58323095045445, -9.103652410922644 ], [ 17.495208339951759, -9.091916062855619 ], [ 17.358284279169801, -9.068443366721569 ], [ 17.256569262588915, -9.037146438542836 ], [ 17.166590594075057, -8.974552582185368 ], [ 17.12746943385164, -8.90804660980556 ], [ 17.115733085784615, -8.829804289358725 ], [ 17.060963461471832, -8.739825620844867 ], [ 16.955336328868604, -8.68114388050974 ], [ 16.834060732176013, -8.645934836308665 ], [ 16.740169947639814, -8.614637908129932 ], [ 16.650191279125952, -8.552044051772464 ], [ 16.603245886857852, -8.485538079392656 ], [ 16.568036842656777, -8.407295758945821 ], [ 16.579773190723802, -8.321229206454305 ], [ 16.618894350947219, -8.282108046230888 ] ], [ [ 17.58323095045445, -9.103652410922644 ], [ 17.514768920063467, -9.169180354296868 ], [ 17.416966019504926, -9.227862094631993 ], [ 17.303514654857018, -9.266983254855409 ], [ 17.182239058164424, -9.321752879168194 ], [ 17.072699809538857, -9.364786155413952 ], [ 16.963160560913288, -9.399995199615027 ], [ 16.861445544332405, -9.427380011771419 ], [ 16.73234571559513, -9.462589055972495 ] ] ] } },
{ "type": "Feature", "properties": { "id": 28, "name": "The Scourge", "size": null, "continent": "Westeros" }, "geometry": { "type": "MultiLineString", "coordinates": [ [ [ 20.41560295062984, -8.966728350140684 ], [ 20.351053036261199, -8.907068580799974 ], [ 20.319756108082466, -8.824914144330798 ], [ 20.284547063881391, -8.703638547638205 ], [ 20.225865323546266, -8.648868923325422 ], [ 20.155447235144116, -8.605835647079664 ], [ 20.057644334585571, -8.57453871890093 ], [ 19.952017201982347, -8.535417558677512 ], [ 19.838565837334439, -8.53150544265517 ], [ 19.717290240641844, -8.543241790722195 ], [ 19.580366179859887, -8.57453871890093 ], [ 19.474739047256659, -8.617571995146688 ], [ 19.380848262720459, -8.633220459236055 ], [ 19.24001208591616, -8.656693155370105 ], [ 19.114824373201223, -8.676253735481813 ], [ 18.981812428441607, -8.695814315593521 ], [ 18.856624715726671, -8.69190219957118 ], [ 18.754909699145788, -8.672341619459472 ], [ 18.668843146654272, -8.637132575258397 ], [ 18.590600826207435, -8.57453871890093 ], [ 18.473237345537186, -8.53150544265517 ], [ 18.36565415492279, -8.508032746521121 ], [ 18.260027022319562, -8.464999470275362 ], [ 18.154399889716338, -8.418054078007261 ], [ 18.068333337224821, -8.359372337672136 ], [ 17.97835466871096, -8.312426945404036 ], [ 17.919672928375835, -8.234184624957201 ], [ 17.872727536107735, -8.120733260309292 ], [ 17.853166955996027, -8.042490939862459 ], [ 17.845342723951344, -7.940775923281575 ], [ 17.798397331683244, -7.86253360283474 ], [ 17.716242895214069, -7.788203398410248 ], [ 17.645824806811916, -7.713873193985756 ], [ 17.555846138298058, -7.639542989561264 ], [ 17.461955353761859, -7.619982409449555 ] ] ] } },
{ "type": "Feature", "properties": { "id": 29, "name": null, "size": null, "continent": "Westeros" }, "geometry": { "type": "MultiLineString", "coordinates": [ [ [ 15.480641309784529, -6.410689993560803 ], [ 15.404182326010122, -6.424830964624167 ], [ 15.337676353630314, -6.450259718769389 ], [ 15.241829511082942, -6.446347602747046 ], [ 15.130334204446205, -6.403314326501288 ], [ 15.069696406099908, -6.370061340311383 ], [ 14.989498027641904, -6.350500760199675 ], [ 14.866266372938142, -6.344632586166163 ], [ 14.762595298346087, -6.364193166277871 ], [ 14.655012107731689, -6.409182500534801 ], [ 14.551341033139636, -6.463952124847585 ], [ 14.477010828715143, -6.483512704959293 ], [ 14.392900334234797, -6.471776356892268 ], [ 14.302921665720937, -6.460040008825243 ], [ 14.181646069028345, -6.440479428713534 ], [ 14.077974994436289, -6.411138558545971 ], [ 13.958655455754869, -6.415050674568313 ], [ 13.84031394607903, -6.436567312691192 ], [ 13.730774697453462, -6.471776356892268 ], [ 13.644708144961946, -6.485468762970464 ], [ 13.507784084179987, -6.497205111037489 ], [ 13.380640313453881, -6.495249053026318 ], [ 13.265232890794801, -6.487424820981635 ], [ 13.091143727800596, -6.508941459104514 ], [ 12.934659086906928, -6.467864240869926 ], [ 12.869131143532702, -6.413094616557142 ], [ 12.802625171152894, -6.346588644177333 ], [ 12.738075256784255, -6.301599309920404 ], [ 12.657876878326251, -6.258566033674645 ], [ 12.60897542804698, -6.231181221518254 ] ], [ [ 14.077974994436289, -6.411138558545971 ], [ 14.047656095263132, -6.359792035752736 ], [ 14.000710702995033, -6.306978469451124 ], [ 13.967457716805129, -6.263945193205365 ], [ 13.920512324537027, -6.203307394859069 ], [ 13.908775976470002, -6.148537770546285 ], [ 13.90290780243649, -6.076163624132963 ], [ 13.92833655658171, -6.011613709764326 ], [ 13.955721368738104, -5.960756201473884 ], [ 13.99484252896152, -5.919678983239296 ], [ 14.035919747196107, -5.890338113071733 ], [ 14.075040907419524, -5.857085126881829 ], [ 14.098513603553576, -5.827744256714266 ], [ 14.137634763776992, -5.778842806434994 ], [ 14.141546879799334, -5.74363376223392 ] ] ] } },
{ "type": "Feature", "properties": { "id": 30, "name": null, "size": null, "continent": "Westeros" }, "geometry": { "type": "MultiLineString", "coordinates": [ [ [ 16.937024966224108, -4.024654229530964 ], [ 16.75105052032697, -4.095899395073858 ], [ 16.590653763410959, -4.070470640928638 ], [ 16.38722373024919, -4.088075163029175 ], [ 16.244431495433719, -4.0528661188281 ], [ 16.123155898741125, -4.074382756950979 ], [ 16.007748476082046, -4.115459975185567 ], [ 15.896253169445307, -4.183922005576547 ], [ 15.818010848998474, -4.246515861934014 ], [ 15.746614731590736, -4.273900674090406 ], [ 15.63903154097634, -4.264120384034552 ], [ 15.551008930473651, -4.234779513866989 ], [ 15.445381797870425, -4.21521893375528 ], [ 15.359315245378909, -4.240647687900501 ], [ 15.288897156976757, -4.289549138179773 ], [ 15.195006372440558, -4.324758182380847 ], [ 15.140236748127773, -4.358011168570752 ], [ 15.075686833759136, -4.387352038738315 ], [ 14.987664223256447, -4.39908838680534 ], [ 14.878124974630879, -4.383439922715973 ], [ 14.727508507770724, -4.379527806693631 ], [ 14.637529839256866, -4.406912618850024 ], [ 14.553419344776518, -4.451901953106953 ], [ 14.402802877916363, -4.504715519408566 ], [ 14.250230353045037, -4.520363983497933 ], [ 14.094734064556633, -4.498932283069493 ], [ 13.93334895523536, -4.426473198961732 ] ] ] } },
{ "type": "Feature", "properties": { "id": 31, "name": null, "size": null, "continent": "Westeros" }, "geometry": { "type": "MultiLineString", "coordinates": [ [ [ 19.270819999592081, -3.030948061617048 ], [ 19.319232435368583, -2.956740110818254 ], [ 19.370089943659025, -2.882409906393761 ], [ 19.413123219904783, -2.784607005835219 ], [ 19.463980728195224, -2.706364685388385 ], [ 19.49136554035162, -2.592913320740476 ], [ 19.483541308306936, -2.483374072114908 ], [ 19.413123219904783, -2.342537895310607 ], [ 19.342705131502633, -2.27994403895314 ], [ 19.260550695033459, -2.260383458841432 ], [ 19.186220490608967, -2.221262298618015 ], [ 19.151011446407889, -2.107810933970105 ], [ 19.159813707458152, -2.047173135623809 ], [ 19.189154577625718, -1.982623221255171 ], [ 19.21653938978211, -1.916117248875362 ], [ 19.229253766854725, -1.805599971244209 ], [ 19.236099969893818, -1.712687215713594 ], [ 19.273265072106064, -1.642269127311444 ], [ 19.302605942273626, -1.577719212942806 ], [ 19.365199798631092, -1.530773820674705 ], [ 19.441486061066755, -1.459866717769762 ], [ 19.503101888418644, -1.375267208786623 ], [ 19.531577576378535, -1.259466637910872 ] ], [ [ 19.483541308306936, -2.483374072114908 ], [ 19.537332903614129, -2.422736273768612 ], [ 19.584278295882228, -2.385571171556366 ], [ 19.631223688150328, -2.354274243377632 ], [ 19.697729660530136, -2.346450011332949 ], [ 19.775971980976969, -2.315153083154216 ], [ 19.836609779323268, -2.283856154975482 ], [ 19.903115751703076, -2.238866820718552 ], [ 19.961797492038201, -2.182141138394598 ], [ 19.997006536239276, -2.113679108003618 ], [ 20.010698942317472, -2.041304961590297 ], [ 20.022435290384497, -1.984579279266342 ], [ 20.026347406406838, -1.906336958819508 ] ], [ [ 19.159813707458152, -2.047173135623809 ], [ 19.101131967123028, -1.972842931199317 ], [ 19.046362342810244, -1.918073306886533 ], [ 18.985724544463949, -1.875040030640775 ], [ 18.925086746117653, -1.835918870417358 ], [ 18.884009527883062, -1.790929536160428 ], [ 18.846844425670817, -1.724423563780619 ], [ 18.825327787547938, -1.638357011289102 ], [ 18.835108077603792, -1.536641994708218 ] ] ] } },
{ "type": "Feature", "properties": { "id": 32, "name": "Wendwater", "size": null, "continent": "Westeros" }, "geometry": { "type": "MultiLineString", "coordinates": [ [ [ 21.776041297399182, 3.220857849336379 ], [ 21.77212918137684, 3.164132167012425 ], [ 21.775330066149113, 3.073021966178008 ], [ 21.766261007343314, 3.009725837755626 ], [ 21.748656485242776, 2.906054763163571 ], [ 21.695842918941164, 2.847373022828446 ], [ 21.631293004572527, 2.792603398515662 ], [ 21.582391554293256, 2.726097426135853 ], [ 21.547182510092178, 2.647855105689019 ], [ 21.498281059812907, 2.569612785242185 ], [ 21.437643261466611, 2.483546232750668 ], [ 21.365269115053291, 2.403347854292663 ], [ 21.232257170293671, 2.315325243789975 ], [ 21.073816471388835, 2.233170807320799 ], [ 21.060124065310639, 2.180357241019186 ], [ 21.026871079120735, 2.124120573198024 ], [ 20.999486266964343, 2.059570658829387 ], [ 20.981881744863806, 1.989152570427236 ], [ 20.958409048729752, 1.924602656058598 ], [ 20.934936352595702, 1.875701205779327 ], [ 20.860606148171211, 1.83853610356708 ], [ 20.794100175791403, 1.813107349421859 ], [ 20.731506319433937, 1.779854363231955 ], [ 20.631747360864221, 1.766161957153759 ], [ 20.547636866383876, 1.725084738919171 ], [ 20.46352637190353, 1.687919636706925 ], [ 20.383327993445526, 1.631193954382971 ], [ 20.318778079076885, 1.599897026204237 ], [ 20.240535758630052, 1.574468272059016 ], [ 20.17891993127817, 1.540726271366319 ], [ 20.090897320775483, 1.480088473020023 ], [ 20.000918652261621, 1.417494616662555 ], [ 19.953973259993521, 1.360768934338601 ], [ 19.92658844783713, 1.280570555880596 ], [ 19.885511229602542, 1.225800931567812 ], [ 19.836609779323272, 1.169075249243858 ], [ 19.777928038988147, 1.114305624931074 ], [ 19.707509950585994, 1.071272348685315 ], [ 19.662520616329065, 1.071272348685315 ], [ 19.619487340083307, 1.071272348685315 ], [ 19.586234353893403, 1.043887536528924 ], [ 19.578410121848719, 0.998898202271994 ], [ 19.547113193669986, 0.971513390115602 ], [ 19.506035975435399, 0.971513390115602 ], [ 19.470826931234321, 0.993030028238481 ], [ 19.453222409133783, 1.01259060835019 ], [ 19.423881538966221, 1.016502724372532 ], [ 19.380848262720463, 1.016502724372532 ], [ 19.367155856642267, 1.038019362495411 ], [ 19.363243740619922, 1.079096580729999 ], [ 19.398452784820996, 1.118217740953416 ], [ 19.437573945044413, 1.155382843165662 ], [ 19.45517846714495, 1.202328235433762 ], [ 19.42974971299973, 1.229713047590154 ], [ 19.363243740619922, 1.223844873556641 ], [ 19.322166522385334, 1.202328235433762 ], [ 19.259572666027868, 1.176899481288541 ], [ 19.220451505804451, 1.159294959188004 ], [ 19.169593997514006, 1.139734379076295 ], [ 19.122648605245907, 1.102569276864049 ], [ 19.087439561044832, 1.063448116640632 ], [ 19.054186574854928, 1.030195130450728 ], [ 19.009197240597999, 1.000854260283165 ], [ 18.962251848329899, 0.96760127409326 ], [ 18.899657991972433, 0.951952810003894 ], [ 18.846844425670817, 0.949996751992723 ], [ 18.797942975391546, 0.96564521608209 ], [ 18.764689989201642, 0.998898202271994 ], [ 18.756865757156959, 1.032151188461898 ], [ 18.756865757156959, 1.057579942607119 ] ] ] } },
{ "type": "Feature", "properties": { "id": 33, "name": null, "size": null, "continent": "Westeros" }, "geometry": { "type": "MultiLineString", "coordinates": [ [ [ 21.073816471388835, 2.233170807320799 ], [ 20.999486266964343, 2.196005705108553 ], [ 20.931024236573361, 2.160796660907478 ], [ 20.85865009016004, 2.147104254829282 ], [ 20.784319885735549, 2.176445124996845 ], [ 20.741286609489791, 2.225346575276116 ], [ 20.706077565288716, 2.217522343231432 ], [ 20.676736695121154, 2.180357241019186 ], [ 20.633703418875392, 2.176445124996845 ], [ 20.578933794562609, 2.197961763119724 ], [ 20.571109562517925, 2.233170807320799 ], [ 20.571109562517925, 2.266423793510703 ], [ 20.549592924395046, 2.287940431633583 ], [ 20.512427822182801, 2.291852547655925 ], [ 20.479174835992897, 2.284028315611241 ], [ 20.430273385713626, 2.289896489644754 ], [ 20.404844631568405, 2.315325243789975 ], [ 20.402888573557235, 2.364226694069246 ], [ 20.410712805601918, 2.401391796281492 ], [ 20.385284051456697, 2.438556898493738 ], [ 20.340294717199765, 2.446381130538422 ], [ 20.289437208909323, 2.434644782471397 ], [ 20.244447874652394, 2.405303912303834 ], [ 20.222931236529515, 2.360314578046904 ], [ 20.21119488846249, 2.321193417823487 ] ] ] } },
{ "type": "Feature", "properties": { "id": 34, "name": "Antler", "size": null, "continent": "Westeros" }, "geometry": { "type": "MultiLineString", "coordinates": [ [ [ 16.847608180174511, 39.866699321121594 ], [ 16.789099768984375, 39.873720330464408 ], [ 16.744633376479872, 39.836274947302719 ], [ 16.676763619499312, 39.817552255721878 ], [ 16.599532516728331, 39.833934610855117 ], [ 16.50357872237651, 39.890102685597647 ], [ 16.442729974738768, 39.99307748929229 ], [ 16.440389638291162, 40.074989264958482 ], [ 16.405284591577079, 40.208388442471993 ], [ 16.360818199072575, 40.278598535900151 ] ], [ [ 17.375354049109543, 39.255286424184668 ], [ 17.389396067795179, 39.348899882088887 ], [ 17.387055731347573, 39.44953434933592 ], [ 17.357801525752507, 39.515648853980771 ], [ 17.301921580322766, 39.571528799410508 ], [ 17.265358236072089, 39.64144193803957 ], [ 17.239614535148426, 39.714577452027235 ], [ 17.263017899624483, 39.782447209007799 ], [ 17.321526310814619, 39.819892592169481 ], [ 17.396417077137993, 39.87840100335962 ], [ 17.422160778061652, 39.93690941454976 ], [ 17.426841450956864, 40.000098498635104 ], [ 17.396417077137993, 40.067968255615661 ], [ 17.328547320157437, 40.131157339701012 ], [ 17.272379245414903, 40.224770797605231 ], [ 17.23727419870082, 40.323064928404662 ], [ 17.223232180015188, 40.404976704070847 ] ], [ [ 17.375354049109543, 39.255286424184668 ], [ 17.312164965024198, 39.312039583039095 ], [ 17.226742684686599, 39.347144629753181 ], [ 17.098024180068297, 39.365867321334022 ], [ 16.983347694135627, 39.443098424105003 ], [ 16.920158610050283, 39.543732891352036 ], [ 16.913137600707465, 39.642027022151467 ], [ 16.936540965183518, 39.728619470712871 ], [ 16.899095582021832, 39.833934610855117 ], [ 16.847608180174511, 39.866699321121594 ] ], [ [ 17.921822609625419, 38.873226499113073 ], [ 17.809486460140359, 38.973860966360107 ], [ 17.729752591073922, 38.959782931510375 ], [ 17.63894767975059, 38.980737911046532 ], [ 17.5707721424846, 38.973860966360107 ], [ 17.504072553727845, 38.98848806915764 ], [ 17.464286834118553, 39.025933452319329 ], [ 17.428011619180669, 39.121302162559253 ], [ 17.405778422928417, 39.173374648518475 ], [ 17.380034722004755, 39.210820031680164 ], [ 17.375354049109543, 39.255286424184668 ] ] ] } },
{ "type": "Feature", "properties": { "id": 35, "name": "Milkwater", "size": null, "continent": "Westeros" }, "geometry": { "type": "MultiLineString", "coordinates": [ [ [ 14.371298692984947, 34.834712766856583 ], [ 14.572950797564646, 34.957051141110405 ], [ 14.630938615753468, 35.021079357027233 ], [ 14.68892643394229, 35.095174902490733 ], [ 14.769465070315654, 35.148330402497152 ], [ 14.824231343049542, 35.203096675231038 ] ], [ [ 14.824231343049542, 35.203096675231038 ], [ 14.903159206695438, 35.23692290250785 ] ], [ [ 14.903159206695438, 35.23692290250785 ], [ 14.953093161246924, 35.264306038874793 ], [ 15.036853343075224, 35.309407675243875 ], [ 15.11578120672112, 35.350079686612425 ], [ 15.154439752180336, 35.39195977752658 ], [ 15.197930615821951, 35.440282959350597 ], [ 15.262361524920642, 35.520821595723959 ], [ 15.309073934017194, 35.612635641189591 ], [ 15.307463161289727, 35.720557413929903 ], [ 15.301020070379858, 35.788209868483527 ], [ 15.316322411290718, 35.826969087238176 ], [ 15.350954024931344, 35.852640777582216 ], [ 15.42988188857724, 35.871970050311823 ], [ 15.501561274949534, 35.898145107133168 ], [ 15.549884456773553, 35.943246743502257 ], [ 15.589751081778292, 36.016033536124652 ], [ 15.660625081786854, 36.106236808862818 ], [ 15.757271445434894, 36.186775445236186 ], [ 15.847474718173064, 36.2254339906954 ], [ 15.940899536366167, 36.296307990703966 ], [ 15.982779627280319, 36.399397445261869 ], [ 15.986001172735254, 36.550810081643803 ], [ 15.915127172726692, 36.648261831655574 ], [ 15.83136699089839, 36.74812974075855 ], [ 15.760492990889828, 36.844776104406584 ], [ 15.683175899971397, 36.902763922595412 ], [ 15.592972627233227, 36.960751740784232 ], [ 15.518877081769732, 37.038068831702667 ], [ 15.409344536301955, 37.11216437716616 ], [ 15.32236280901872, 37.205589195359266 ], [ 15.290147354469374, 37.276463195367825 ], [ 15.235381081735484, 37.368277240833464 ], [ 15.129070081722642, 37.461702059026571 ], [ 15.035645263529537, 37.493917513575916 ], [ 14.96154971806604, 37.638887059047974 ], [ 14.890675718057478, 37.780635059065098 ], [ 14.794029354409439, 37.857952149983532 ], [ 14.632952081662706, 37.961041604541435 ], [ 14.507311808920257, 38.012586331820394 ], [ 14.381671536177805, 38.122118877288173 ], [ 14.227037354340942, 38.205879059116469 ], [ 14.130390990692904, 38.331519331858921 ], [ 13.988642990675778, 38.482931968240848 ], [ 13.940319808851759, 38.621458422803038 ], [ 13.937098263396825, 38.754347172819095 ], [ 13.908104354302413, 38.91864599102076 ], [ 13.927433627032022, 39.086971741041097 ], [ 13.940319808851759, 39.186839650144066 ], [ 13.911325899757347, 39.299593741066779 ], [ 13.894234497441287, 39.453615537314626 ], [ 13.879094892302422, 39.586087082279704 ], [ 13.898019398726005, 39.665570009258751 ], [ 13.966147621850903, 39.718558627244782 ], [ 14.075909759107681, 39.710988824675347 ], [ 14.162962488656161, 39.688279416967049 ], [ 14.250015218204652, 39.715246838620658 ], [ 14.333283046468404, 39.798041554223829 ], [ 14.397626368308586, 39.904018790195892 ], [ 14.427905578586318, 40.021350730022107 ], [ 14.412765973447462, 40.161865190217206 ], [ 14.348422651607271, 40.271154214813393 ], [ 14.238660514350492, 40.316573030229996 ], [ 14.136468179663146, 40.396055957209043 ], [ 14.034275844975799, 40.502033193181106 ], [ 13.960470269923826, 40.618418907686134 ], [ 13.92262125707666, 40.768868733753621 ], [ 13.922621257076662, 40.872007293762145 ], [ 13.877202441660064, 40.947705319456475 ], [ 13.809074218535166, 40.998801486800147 ], [ 13.73148374219849, 41.008736852672534 ], [ 13.628345182189952, 41.055575006070896 ], [ 13.514798143648456, 41.133165482407584 ], [ 13.422068062172901, 41.216433310671349 ], [ 13.371918120150422, 41.29922802627452 ], [ 13.310413474273764, 41.412301952155431 ], [ 13.342585135193854, 41.531526342623998 ], [ 13.355832289690362, 41.609116818960686 ], [ 13.344477585836213, 41.681029943370298 ], [ 13.327445530054987, 41.796469432554154 ], [ 13.292435193171375, 41.864124543018463 ], [ 13.263102208214807, 41.942188132015744 ], [ 13.229038096652358, 42.010316355140638 ], [ 13.176995703987505, 42.024036622297736 ], [ 13.105082579577891, 42.025929072940094 ], [ 13.040739257737711, 42.044853579363675 ], [ 12.961256330758664, 42.080810141568485 ], [ 12.91264680872761, 42.154688400502607 ], [ 12.872377490540917, 42.32059799143174 ], [ 12.888485217815591, 42.420465900534715 ], [ 12.911036036000132, 42.504226082363012 ], [ 12.898149854180394, 42.597650900556118 ], [ 12.872377490540917, 42.710404991478832 ], [ 12.911036036000132, 42.784500536942325 ], [ 12.949694581459347, 42.839266809676218 ], [ 12.933586854184675, 42.961685536963735 ], [ 12.880431354178262, 43.057526514248039 ], [ 12.84016203599157, 43.15497826425981 ], [ 12.75640185416327, 43.22907380972331 ], [ 12.698414035974446, 43.341827900646017 ], [ 12.674252445062445, 43.482770514299411 ] ] ] } },
{ "type": "Feature", "properties": { "id": 38, "name": null, "size": null, "continent": "Westeros" }, "geometry": { "type": "MultiLineString", "coordinates": [ [ [ 16.8054817978343, 38.07631252785081 ], [ 16.899309309209229, 38.056681235234812 ], [ 16.975821013763927, 38.023056354548928 ], [ 17.003204150130873, 37.989834167044918 ], [ 17.01367417285941, 37.956007939768106 ], [ 17.027365741042882, 37.882919127259271 ], [ 17.062802741047161, 37.856744070437927 ], [ 17.136898286510657, 37.845871354527524 ], [ 17.22710155924883, 37.841039036345123 ], [ 17.296364786529924, 37.810434354523245 ], [ 17.331801786534204, 37.752446536334418 ], [ 17.404286559270233, 37.734728036332278 ], [ 17.568585377471901, 37.726674172694942 ], [ 17.679728695667144, 37.689626399963196 ], [ 17.766710422950382, 37.641303218139178 ], [ 17.842416741141346, 37.617141627227163 ], [ 17.978527036612334, 37.611101229499162 ], [ 18.058260286621966, 37.605463524953031 ], [ 18.125912741175593, 37.605463524953031 ], [ 18.186316718455618, 37.620765865863966 ], [ 18.223364491187365, 37.658619024959449 ], [ 18.264439195737783, 37.700499115873598 ], [ 18.337729354837546, 37.725466093149343 ], [ 18.459342695761325, 37.736741502241614 ], [ 18.546727116226432, 37.737244868718946 ], [ 18.634111536691531, 37.729493024968008 ], [ 18.69773705942649, 37.709358365874671 ], [ 18.7339794457945, 37.714794723829868 ], [ 18.776664923072385, 37.728486292013343 ], [ 18.825390798078271, 37.719526368716807 ], [ 18.877338218539091, 37.703922007919466 ], [ 18.907540207179103, 37.713083277806938 ], [ 18.928167282095767, 37.738748406136331 ] ] ] } },
{ "type": "Feature", "properties": { "id": 41, "name": null, "size": null, "continent": "Westeros" }, "geometry": { "type": "MultiLineString", "coordinates": [ [ [ 6.98298970573881, 36.057611607152438 ], [ 6.879900251180905, 35.967408334414273 ], [ 6.79936161480754, 35.88364815258597 ], [ 6.744595342073652, 35.732235516204049 ], [ 6.654392069335485, 35.555050516182646 ], [ 6.578685751144523, 35.384308607071105 ] ], [ [ 6.98298970573881, 36.057611607152438 ], [ 7.09574379666152, 36.10915633443139 ], [ 7.218162523949034, 36.176808788985014 ], [ 7.343802796691482, 36.234796607173841 ], [ 7.450113796704322, 36.299227516272531 ], [ 7.533873978532621, 36.395873879920565 ], [ 7.61763416036092, 36.569837334487033 ], [ 7.691729705824415, 36.734136152688698 ], [ 7.707837433099088, 36.872662607250881 ], [ 7.727166705828695, 37.005551357266931 ], [ 7.727166705828695, 37.134413175464317 ], [ 7.714280524008957, 37.234281084567286 ], [ 7.717502069463891, 37.372807539129475 ], [ 7.743274433103368, 37.472675448232444 ], [ 7.75938216037804, 37.575764902790354 ], [ 7.807705342202059, 37.694962084622929 ], [ 7.878579342210619, 37.791608448270971 ], [ 7.981668796768525, 37.888254811919005 ], [ 8.094422887691236, 37.968793448292367 ], [ 8.250667842255561, 38.072688289214007 ], [ 8.404433679896824, 38.198459747152604 ], [ 8.474283611684001, 38.310219638012093 ], [ 8.484229887738318, 38.386788971070125 ], [ 8.477786796828449, 38.444776789258952 ] ], [ [ 8.477786796828449, 38.444776789258952 ], [ 8.423020524094561, 38.531758516542183 ], [ 8.326374160446523, 38.570417062001397 ], [ 8.232949342253422, 38.618740243825414 ], [ 8.129859887695515, 38.708943516563586 ], [ 8.107309069510974, 38.824919152941227 ], [ 8.071872069506693, 38.924787062044203 ], [ 7.994554978588264, 38.995661062052761 ], [ 7.917237887669834, 39.031903448420778 ], [ 7.910794796759965, 39.130563277978148 ], [ 7.885022433120489, 39.220766550716313 ], [ 7.852806978571143, 39.291640550724871 ], [ 7.820591524021797, 39.370568414370773 ], [ 7.827034614931667, 39.47607402801988 ], [ 7.865693160390881, 39.548558800755906 ], [ 7.881800887665554, 39.64520516440394 ], [ 7.876968569483152, 39.764402346236523 ], [ 7.870525478573283, 39.857827164429622 ], [ 7.868914705845816, 39.92709039171072 ], [ 7.854417751298611, 39.997964391719279 ], [ 7.812537660384461, 40.075281482637706 ], [ 7.756160614923106, 40.165484755375871 ], [ 7.698172796734283, 40.233539903111371 ] ], [ [ 8.477786796828449, 38.444776789258952 ], [ 8.551882342291943, 38.52209388017738 ], [ 8.661414887759719, 38.560752425636593 ], [ 8.780612069592298, 38.609075607460611 ], [ 8.903030796879811, 38.721829698383324 ], [ 8.970683251433437, 38.818476062031358 ], [ 9.006120251437716, 38.982774880233023 ], [ 9.035114160532128, 39.111636698430402 ], [ 9.02222797871239, 39.317815607546216 ], [ 8.993234069617978, 39.504665243932422 ] ], [ [ 7.917237887669834, 39.031903448420778 ], [ 7.827034614931666, 39.09552897115573 ], [ 7.769046796742844, 39.166402971164295 ], [ 7.701394342189218, 39.234055425717919 ], [ 7.624077251270789, 39.279157062087002 ], [ 7.559646342172098, 39.337144880275822 ] ] ] } },
{ "type": "Feature", "properties": { "id": 42, "name": null, "size": null, "continent": "Westeros" }, "geometry": { "type": "MultiLineString", "coordinates": [ [ [ 18.457106327677376, 44.40274330379458 ], [ 18.42310030939333, 44.369198880883602 ], [ 18.371555582114379, 44.336983426334257 ], [ 18.320010854835424, 44.298324880875043 ], [ 18.329675491200227, 44.233893971776347 ], [ 18.313567763925555, 44.18557078995233 ], [ 18.262023036646603, 44.137247608128312 ], [ 18.181484400273238, 44.124361426308575 ], [ 18.0848380366252, 44.175906153587526 ], [ 18.001077854796904, 44.182349244497395 ], [ 17.885102218419259, 44.159798426312854 ], [ 17.833557491140304, 44.101810608124033 ], [ 17.788455854771222, 44.056708971754951 ], [ 17.740490664891986, 44.01190661683178 ], [ 17.717984547944528, 43.989056517201313 ], [ 17.676909843394114, 43.985834971746378 ], [ 17.620532797932761, 43.98986190356505 ], [ 17.559726127470867, 43.992278062656247 ], [ 17.492879059280977, 43.982613426291444 ], [ 17.450193582003092, 43.956841062651975 ], [ 17.421602366090546, 43.927847153557558 ], [ 17.416770047908145, 43.887577835370877 ], [ 17.419991593363079, 43.844086971729261 ], [ 17.419186206999338, 43.782877608085506 ], [ 17.367641479720387, 43.737775971716424 ], [ 17.267773570617415, 43.705560517167079 ], [ 17.184013388789115, 43.676566608072669 ], [ 17.116360934235491, 43.679788153527603 ], [ 17.045486934226929, 43.724889789896686 ], [ 16.985888343310641, 43.731735573988423 ], [ 16.919846661484481, 43.724889789896686 ], [ 16.851388820567124, 43.701936278530276 ], [ 16.819978752381509, 43.666901971707865 ], [ 16.780514820558565, 43.610927619428381 ], [ 16.767628638738827, 43.573074460332897 ], [ 16.73782934328068, 43.534415914873684 ], [ 16.696754638730265, 43.508643551234208 ], [ 16.656485320543585, 43.494146596687003 ], [ 16.611383684174498, 43.478038869412323 ], [ 16.564671275077945, 43.465958073956322 ], [ 16.517153479617662, 43.465958073956322 ], [ 16.480911093249645, 43.469985005774987 ], [ 16.451111797791501, 43.490925051232068 ], [ 16.444668706881632, 43.533610528509946 ], [ 16.460776434156305, 43.581933710333963 ], [ 16.467219525066174, 43.614954551247045 ], [ 16.456749502337637, 43.644753846705193 ], [ 16.423728661424558, 43.660458880797997 ], [ 16.381848570510407, 43.66488850579853 ], [ 16.312585343229316, 43.655223869433726 ], [ 16.270705252315164, 43.64717000579639 ], [ 16.230435934128487, 43.628243426248652 ], [ 16.198623172761, 43.596430664881169 ], [ 16.17204542275779, 43.558577505785692 ], [ 16.148689218209515, 43.523945892145143 ], [ 16.116876456842036, 43.478441562594192 ], [ 16.085466388656425, 43.438977630771248 ], [ 16.051640161379613, 43.403540630766962 ], [ 16.021035479557732, 43.387432903492289 ], [ 15.984793093189719, 43.365687471671485 ], [ 15.959826115913982, 43.341525880759477 ], [ 15.929221434092097, 43.310115812573862 ], [ 15.912308320453691, 43.261792630749845 ], [ 15.906670615907556, 43.227161017109296 ], [ 15.886535956814216, 43.187697085286352 ], [ 15.858347434083537, 43.147427767099664 ], [ 15.830964297716594, 43.124876948915123 ], [ 15.801970388622188, 43.106353062549253 ], [ 15.757674138616833, 43.085413017092179 ], [ 15.716599434066417, 43.078164539818573 ], [ 15.6731085704248, 43.083802244364712 ], [ 15.637671570420526, 43.106353062549253 ] ] ] } },
{ "type": "Feature", "properties": { "id": 43, "name": null, "size": null, "continent": "Westeros" }, "geometry": { "type": "MultiLineString", "coordinates": [ [ [ 19.858126417446123, 15.728137280014179 ], [ 19.85861543194892, 15.777527744796242 ], [ 19.83514273581487, 15.806868614963806 ], [ 19.817538213714332, 15.842077659164881 ], [ 19.831230619792528, 15.879242761377126 ], [ 19.85861543194892, 15.902715457511176 ], [ 19.886000244105311, 15.928144211656397 ], [ 19.911428998250532, 15.953572965801619 ], [ 19.917297172284044, 15.977045661935669 ], [ 19.909472940239361, 16.004430474092061 ], [ 19.866439663993603, 16.016166822159086 ], [ 19.819494271725503, 16.008342590114403 ], [ 19.766680705423887, 16.004430474092061 ], [ 19.717779255144617, 16.008342590114403 ], [ 19.704086849066421, 16.023991054203769 ], [ 19.700174733044079, 16.043551634315477 ], [ 19.715823197133446, 16.074848562494211 ], [ 19.704086849066421, 16.115925780728798 ], [ 19.664965688843004, 16.127662128795823 ], [ 19.62975664464193, 16.129618186806994 ], [ 19.580855194362659, 16.117881838739969 ], [ 19.545646150161584, 16.09832125862826 ], [ 19.516305279994022, 16.078760678516552 ], [ 19.477184119770602, 16.078760678516552 ], [ 19.42632661148016, 16.068980388460698 ], [ 19.359820639100352, 16.04941980834899 ], [ 19.299182840754057, 16.02594711221494 ], [ 19.256149564508299, 16.000518358069719 ], [ 19.209204172240199, 15.977045661935669 ], [ 19.164214837983266, 15.947704791768107 ], [ 19.109445213670483, 15.91053968955586 ], [ 19.062499821402383, 15.877286703365955 ], [ 19.035115009245992, 15.855770065243076 ], [ 19.013598371123113, 15.818604963030831 ], [ 19.015554429134284, 15.7736156287739 ], [ 19.015554429134284, 15.7266702365058 ], [ 19.001862023056088, 15.67776878622653 ], [ 18.964696920843842, 15.642559742025455 ], [ 18.937312108687451, 15.622999161913745 ], [ 18.898190948464034, 15.589746175723841 ], [ 18.847333440173589, 15.585834059701499 ], [ 18.784739583816123, 15.568229537600962 ], [ 18.745618423592706, 15.534976551411058 ], [ 18.712365437402802, 15.491943275165299 ], [ 18.673244277179386, 15.45086605693071 ], [ 18.638035232978311, 15.405876722673781 ], [ 18.58228757965994, 15.370178663969913 ], [ 18.521649781313645, 15.350618083858205 ], [ 18.472748331034374, 15.329101445735326 ], [ 18.441451402855641, 15.309540865623617 ] ], [ [ 19.858126417446123, 15.728137280014179 ], [ 19.762768589401546, 15.718846004461117 ], [ 19.694306559010567, 15.707109656394092 ], [ 19.635624818675442, 15.67776878622653 ], [ 19.607261977513467, 15.63669156799194 ], [ 19.605305919502296, 15.599526465779695 ], [ 19.636602847681029, 15.560405305556278 ], [ 19.677680065915617, 15.531064435388716 ], [ 19.726581516194887, 15.51737202931052 ], [ 19.78135114050767, 15.497811449198812 ], [ 19.798955662608211, 15.468470579031248 ], [ 19.804823836641724, 15.429349418807831 ], [ 19.81851624271992, 15.394140374606756 ], [ 19.836120764820457, 15.364799504439194 ], [ 19.840032880842799, 15.325678344215776 ], [ 19.814604126697578, 15.296337474048213 ], [ 19.763746618407133, 15.286557183992359 ], [ 19.714845168127862, 15.270908719902993 ], [ 19.658119485803908, 15.249392081780114 ], [ 19.617042267569321, 15.225919385646064 ], [ 19.558360527234196, 15.220051211612551 ], [ 19.491854554854388, 15.21809515360138 ], [ 19.413612234407552, 15.214183037579039 ], [ 19.351018378050085, 15.214183037579039 ], [ 19.294292695726131, 15.210270921556697 ], [ 19.239523071413348, 15.196089500975708 ], [ 19.19648979516759, 15.156968340752291 ], [ 19.163236808977683, 15.11002294848419 ], [ 19.137808054832462, 15.072857846271944 ], [ 19.088906604553191, 15.055253324171407 ], [ 19.045873328307433, 15.041560918093211 ], [ 19.006752168084017, 15.012220047925648 ], [ 18.963718891838258, 14.967230713668718 ], [ 18.932421963659525, 14.918329263389447 ], [ 18.928509847637184, 14.865515697087835 ] ], [ [ 22.087054521175308, 16.386350800773169 ], [ 22.040109128907204, 16.358965988616777 ], [ 21.948174402382175, 16.347229640549752 ], [ 21.86406390790183, 16.337449350493898 ], [ 21.80147005154436, 16.304196364303994 ], [ 21.77799735541031, 16.267031262091749 ], [ 21.764304949332114, 16.218129811812474 ], [ 21.719315615075185, 16.204437405734279 ], [ 21.650853584684207, 16.204437405734279 ], [ 21.578479438270886, 16.20834952175662 ], [ 21.517841639924587, 16.241602507946528 ], [ 21.443511435500096, 16.241602507946528 ], [ 21.386785753176142, 16.229866159879499 ], [ 21.33285988341515, 16.196366117547221 ], [ 21.266488185489138, 16.165316245510862 ], [ 21.182762163545441, 16.142164163149829 ], [ 21.151080762830055, 16.114458737220421 ], [ 21.16086105288591, 16.055776996885296 ], [ 21.151080762830055, 16.01861189467305 ], [ 21.13934441476303, 15.967754386382607 ], [ 21.102179312550785, 15.942325632237386 ], [ 21.033717282159806, 15.936457458203874 ], [ 20.967211309779998, 15.922765052125678 ], [ 20.906573511433699, 15.934501400192703 ], [ 20.832243307009207, 15.95210592229324 ], [ 20.765737334629396, 15.956018038315582 ], [ 20.707055594294271, 15.957974096326753 ], [ 20.652285969981484, 15.930589284170361 ], [ 20.601428461691043, 15.901248414002799 ], [ 20.527098257266552, 15.899292355991628 ], [ 20.448855936819719, 15.918852936103336 ], [ 20.368657558361711, 15.918852936103336 ], [ 20.306063702004245, 15.90320447201397 ], [ 20.269667701004725, 15.879493153377837 ], [ 20.279167904350643, 15.859193166762624 ], [ 20.296283411948391, 15.852346963723527 ], [ 20.331981470652256, 15.838654557645331 ], [ 20.358388253803064, 15.832786383611818 ], [ 20.376970804909188, 15.811269745488939 ], [ 20.382838978942701, 15.769214498248767 ], [ 20.366212485847747, 15.734005454047692 ], [ 20.343228804216491, 15.720313047969496 ], [ 20.288948194406498, 15.720313047969496 ], [ 20.24738196166912, 15.71933501896391 ], [ 20.188700221333995, 15.71933501896391 ], [ 20.092853378786625, 15.735961512058863 ], [ 19.983314130161055, 15.735961512058863 ], [ 19.924632389825931, 15.728137280014179 ], [ 19.858126417446123, 15.728137280014179 ] ], [ [ 19.013598371123113, 15.818604963030831 ], [ 18.975455239905283, 15.786819020349304 ], [ 18.940246195704209, 15.759434208192912 ], [ 18.889388687413764, 15.722269105980667 ], [ 18.830706947078639, 15.702708525868957 ], [ 18.766157032710002, 15.702708525868957 ], [ 18.705519234363706, 15.706620641891298 ] ], [ [ 18.898190948464034, 15.589746175723841 ], [ 18.89525686144728, 15.540355710941776 ], [ 18.905037151503134, 15.514926956796556 ], [ 18.918729557581329, 15.479717912595481 ], [ 18.912861383547817, 15.450377042427919 ], [ 18.885476571391422, 15.419080114249185 ], [ 18.850267527190347, 15.391695302092792 ], [ 18.814080453983681, 15.36773359145595 ], [ 18.801366076911073, 15.351107098360998 ], [ 18.797453960888735, 15.331057503746496 ] ] ] } },
{ "type": "Feature", "properties": { "id": 44, "name": null, "size": null, "continent": "Westeros" }, "geometry": { "type": "MultiLineString", "coordinates": [ [ [ 22.347210236661031, 15.750631947142644 ], [ 22.275325104750507, 15.751120961645436 ], [ 22.173610088169625, 15.76285730971246 ], [ 22.079719303633421, 15.766769425734802 ], [ 21.979960345063706, 15.757478150181742 ], [ 21.91052028566714, 15.73009333802535 ], [ 21.844992342292915, 15.69781838084103 ], [ 21.800003008035986, 15.655763133600857 ], [ 21.779464398918694, 15.61468591536627 ], [ 21.775552282896349, 15.570185595612132 ], [ 21.746211412728787, 15.546712899478083 ], [ 21.673837266315466, 15.534976551411058 ], [ 21.622979758025025, 15.546712899478083 ], [ 21.591682829846292, 15.538888667433399 ], [ 21.579946481779267, 15.507591739254666 ], [ 21.58777071382395, 15.472382695053589 ], [ 21.577501409265306, 15.440107737869271 ], [ 21.565765061198281, 15.417613070740806 ], [ 21.539358278047473, 15.394140374606756 ], [ 21.492412885779373, 15.39120628759 ], [ 21.445467493511273, 15.408810809690538 ], [ 21.405368304282273, 15.418591099746392 ], [ 21.348642621958316, 15.415657012729636 ], [ 21.296807084662291, 15.408810809690538 ], [ 21.265999170986348, 15.393162345601171 ], [ 21.237636329824369, 15.380447968528561 ], [ 21.197537140595369, 15.370667678472707 ], [ 21.151569777332853, 15.370667678472707 ], [ 21.117338762137365, 15.374579794495048 ], [ 21.083107746941874, 15.386316142562073 ], [ 21.081151688930703, 15.416635041735221 ], [ 21.107558472081529, 15.453800143947467 ], [ 21.136899342249091, 15.494877362182056 ], [ 21.129075110204408, 15.532042464394301 ], [ 21.076261543902795, 15.526174290360789 ], [ 21.017579803567671, 15.512481884282593 ], [ 20.978458643344254, 15.451844085936296 ], [ 20.935425367098492, 15.410766867701708 ], [ 20.874787568752197, 15.393162345601171 ], [ 20.800457364327706, 15.361865417422438 ], [ 20.771116494160143, 15.32274425719902 ], [ 20.769160436148972, 15.283623096975603 ], [ 20.780896784215997, 15.248414052774528 ], [ 20.829798234495268, 15.203424718517599 ], [ 20.861095162674001, 15.179952022383548 ], [ 20.884567858808051, 15.142786920171302 ], [ 20.888479974830393, 15.105621817959056 ], [ 20.868919394718684, 15.068456715746811 ], [ 20.81023765438356, 15.046940077623931 ], [ 20.761336204104289, 15.048896135635102 ], [ 20.720258985869702, 15.048896135635102 ], [ 20.66940147757926, 15.04302796160159 ], [ 20.624412143322328, 15.017599207456367 ], [ 20.587247041110082, 14.97652198922178 ], [ 20.555950112931349, 14.951093235076559 ], [ 20.503136546629737, 14.925664480931339 ], [ 20.454235096350466, 14.90610390081963 ], [ 20.372080659881291, 14.868938798607383 ], [ 20.304596658495889, 14.855246392529187 ], [ 20.263519440261302, 14.831773696395137 ], [ 20.216574047993202, 14.788740420149379 ], [ 20.153980191635736, 14.755487433959475 ], [ 20.091386335278269, 14.751575317937133 ], [ 20.042484884998995, 14.753531375948304 ], [ 19.985759202675041, 14.759399549981817 ], [ 19.956418332507479, 14.759399549981817 ] ], [ [ 20.868919394718684, 15.068456715746811 ], [ 20.865985307701923, 15.031291613534563 ], [ 20.875765597757777, 15.003906801378172 ], [ 20.909018583947681, 14.984346221266463 ], [ 20.948139744171097, 14.984346221266463 ], [ 20.987260904394518, 14.955005351098901 ], [ 21.002909368483884, 14.911972074853143 ], [ 20.977480614338663, 14.8611145665627 ], [ 20.936403396104073, 14.839597928439821 ], [ 20.924667048037048, 14.810257058272258 ], [ 20.924667048037048, 14.773091956060012 ], [ 20.924667048037048, 14.743751085892448 ], [ 20.910974641958852, 14.710498099702544 ], [ 20.899238293891827, 14.685069345557324 ] ] ] } },
{ "type": "Feature", "properties": { "id": 45, "name": null, "size": null, "continent": "Westeros" }, "geometry": { "type": "LineString", "coordinates": [ [ 21.953128718325271, 14.75878749479655 ], [ 21.849863140744141, 14.724574586602593 ] ] } },
{ "type": "Feature", "properties": { "id": 46, "name": null, "size": null, "continent": "Westeros" }, "geometry": { "type": "MultiLineString", "coordinates": [ [ [ 18.561259956039862, 14.053751622451932 ], [ 18.502578215704741, 14.106565188753546 ], [ 18.434116185313762, 14.157422697043987 ], [ 18.367610212933954, 14.182851451189208 ], [ 18.265895196353064, 14.181384407680831 ], [ 18.175916527839206, 14.1632908710775 ], [ 18.070289395235982, 14.163779885580293 ], [ 17.962706204621583, 14.169159045111012 ], [ 17.868815420085383, 14.165735943591464 ], [ 17.780792809582696, 14.149598464999304 ], [ 17.690814141068834, 14.142263247457413 ], [ 17.596923356532635, 14.156444668038402 ], [ 17.479559875862382, 14.211214292351185 ], [ 17.420878135527261, 14.200944987792539 ], [ 17.360240337180961, 14.161823827569123 ], [ 17.316229031929616, 14.161823827569123 ], [ 17.290800277784395, 14.177472291658489 ], [ 17.281019987728541, 14.218549509893077 ], [ 17.310360857896104, 14.255714612105322 ], [ 17.331877496018983, 14.281143366250543 ], [ 17.341657786074837, 14.31830846846279 ], [ 17.319163118946374, 14.363786817222511 ], [ 17.261459407616833, 14.376990208797915 ], [ 17.173436797114146, 14.369165976753232 ], [ 17.085414186611455, 14.355473570675036 ], [ 17.020864272242818, 14.36525386073089 ], [ 16.972940850969138, 14.393127687390075 ], [ 16.923061371684277, 14.421979543054844 ], [ 16.85068722527096, 14.438117021647004 ], [ 16.789071397919077, 14.465501833803396 ], [ 16.78809336891349, 14.532007806183206 ], [ 16.821346355103394, 14.584332357982024 ], [ 16.854599341293298, 14.615629286160759 ], [ 16.864379631349152, 14.652794388373005 ], [ 16.841884964220686, 14.676756099009848 ], [ 16.809610007036365, 14.713432186719301 ], [ 16.743104034656557, 14.727124592797496 ], [ 16.668773830232066, 14.727124592797496 ], [ 16.625740553986308, 14.740816998875692 ], [ 16.590531509785233, 14.77993815909911 ], [ 16.556300494589742, 14.8410649719482 ] ], [ [ 18.561259956039862, 14.053751622451932 ], [ 18.499644128687983, 14.028322868306711 ], [ 18.439006330341687, 13.993113824105636 ], [ 18.378368531995392, 13.955948721893391 ], [ 18.329467081716121, 13.901179097580606 ], [ 18.3040383275709, 13.848365531278994 ], [ 18.294258037515043, 13.781859558899185 ], [ 18.250246732263705, 13.760342920776305 ], [ 18.204279369001188, 13.743716427681353 ], [ 18.146575657671647, 13.726111905580815 ], [ 18.095718149381206, 13.684056658340642 ], [ 18.032146264018156, 13.634177179055786 ], [ 17.987156929761223, 13.580385583748587 ], [ 17.936299421470782, 13.542242452530756 ], [ 17.873851689648284, 13.533344454040682 ], [ 17.791551128644141, 13.509967495346437 ], [ 17.70401753264424, 13.483805219447026 ], [ 17.602302516063357, 13.434903769167756 ], [ 17.49080720942662, 13.366441738776775 ], [ 17.377355844778709, 13.30775999844165 ], [ 17.267816596153143, 13.219737387938963 ], [ 17.16610157957226, 13.119978429369249 ], [ 17.129914506365594, 13.066675848564843 ], [ 17.090793346142174, 13.031466804363768 ], [ 17.024287373762366, 13.009950166240889 ], [ 16.977341981494266, 12.953224483916934 ], [ 16.942132937293191, 12.869113989436588 ], [ 16.916704183147971, 12.779135320922729 ], [ 16.912792067125629, 12.732189928654629 ], [ 16.889319370991579, 12.663727898263648 ], [ 16.830637630656454, 12.614826447984377 ], [ 16.783203223885561, 12.602356578163164 ] ], [ [ 19.709466008597154, 13.843964400753858 ], [ 19.697729660530129, 13.891398807524752 ], [ 19.670344848373738, 13.938344199792853 ], [ 19.613619166049784, 13.965729011949245 ], [ 19.506035975435388, 13.979421418027441 ], [ 19.455178467144943, 13.997025940127978 ], [ 19.386716436753964, 14.00289411416149 ], [ 19.308474116307131, 14.02441075228437 ], [ 19.267396898072544, 14.083092492619496 ], [ 19.191110635636882, 14.110477304775888 ], [ 19.091351677067166, 14.114389420798229 ], [ 18.9818124284416, 14.108521246764717 ], [ 18.887921643905397, 14.085048550630667 ], [ 18.797942975391539, 14.061575854496615 ], [ 18.696227958810656, 14.047883448418419 ], [ 18.629721986430848, 14.040059216373736 ], [ 18.561259956039862, 14.053751622451932 ] ], [ [ 19.709466008597154, 13.843964400753858 ], [ 19.682570210943556, 13.793351399714814 ], [ 19.639536934697798, 13.779658993636618 ], [ 19.635624818675456, 13.724889369323833 ], [ 19.608240006519065, 13.681856093078075 ], [ 19.553470382206282, 13.662295512966367 ], [ 19.498700757893499, 13.67011974501105 ], [ 19.443931133580712, 13.662295512966367 ], [ 19.410189132888014, 13.642490425603262 ], [ 19.389161509267929, 13.595789540586559 ], [ 19.396985741312612, 13.541019916273774 ], [ 19.430238727502516, 13.517547220139724 ], [ 19.449799307614224, 13.48429423394982 ], [ 19.445398177089089, 13.454708856530861 ], [ 19.407744060374053, 13.427568551625864 ], [ 19.341238087994245, 13.390403449413618 ], [ 19.302116927770829, 13.362040608251641 ], [ 19.262995767547412, 13.339545941123177 ], [ 19.219962491301654, 13.338567912117592 ], [ 19.169104983011209, 13.344436086151104 ], [ 19.131939880798967, 13.334166781592456 ], [ 19.10748915565933, 13.309716056452821 ], [ 19.09086266256438, 13.273528983246161 ], [ 19.089884633558793, 13.244188113078598 ], [ 19.096730836597892, 13.209957097883107 ], [ 19.091840691569963, 13.164967763626178 ], [ 19.082060401514109, 13.127802661413932 ], [ 19.058587705380059, 13.102373907268712 ], [ 19.021422603167814, 13.086725443179345 ], [ 18.975455239905298, 13.084769385168174 ], [ 18.906015180508735, 13.084769385168174 ], [ 18.813102424978119, 13.076945153123491 ], [ 18.709431350386062, 13.083791356162589 ], [ 18.624342826900133, 13.086725443179345 ], [ 18.550990651481225, 13.078901211134662 ], [ 18.503067230207538, 13.057384573011781 ], [ 18.479594534073488, 13.029021731849804 ], [ 18.476660447056734, 12.985988455604046 ], [ 18.485462708107001, 12.946867295380629 ], [ 18.521649781313663, 12.91654839620748 ], [ 18.543166419436542, 12.886229497034332 ], [ 18.559303898028695, 12.832193394475738 ] ], [ [ 21.124184965176468, 13.841030313737102 ], [ 21.05767899279666, 13.836140168709175 ], [ 20.973568498316315, 13.869393154899081 ], [ 20.912930699970016, 13.869393154899081 ], [ 20.873809539746603, 13.855211734318091 ], [ 20.828331190986876, 13.859612864843227 ], [ 20.787742987255083, 13.855211734318091 ], [ 20.71781391335573, 13.861079908351604 ], [ 20.610230722741331, 13.858145821334848 ], [ 20.521230083233061, 13.866948082385116 ], [ 20.449833965825324, 13.863035966362775 ], [ 20.414624921624249, 13.838585241223139 ], [ 20.374525732395249, 13.802887182519271 ], [ 20.304107643993088, 13.787238718429904 ], [ 20.237601671613287, 13.808755356552783 ], [ 20.208260801445725, 13.840052284731517 ], [ 20.17305175724465, 13.883085560977277 ], [ 20.116326074920696, 13.896777967055472 ], [ 20.041995870496201, 13.879173444954935 ], [ 19.959841434027027, 13.879173444954935 ], [ 19.879643055569023, 13.886997676999618 ], [ 19.826829489267411, 13.881129502966106 ], [ 19.762279574898766, 13.845920458765029 ], [ 19.709466008597154, 13.843964400753858 ] ], [ [ 20.873809539746603, 13.855211734318091 ], [ 20.843979655076243, 13.818535646608638 ], [ 20.830287248998047, 13.793106892463417 ], [ 20.83615542303156, 13.767678138318196 ], [ 20.855716003143268, 13.742249384172975 ], [ 20.867452351210293, 13.707040339971901 ], [ 20.842023597065072, 13.671831295770824 ], [ 20.797034262808143, 13.675743411793166 ], [ 20.748132812528873, 13.683567643837849 ], [ 20.689451072193748, 13.699216107927215 ], [ 20.644461737936815, 13.712908514005413 ], [ 20.599472403679886, 13.708996397983071 ], [ 20.570131533512324, 13.697260049916045 ], [ 20.566219417489982, 13.665963121737311 ], [ 20.552527011411787, 13.636622251569749 ], [ 20.517317967210712, 13.622929845491553 ], [ 20.470372574942612, 13.617061671458041 ], [ 20.415602950629829, 13.622929845491553 ], [ 20.372569674384071, 13.620973787480382 ], [ 20.327580340127138, 13.609237439413358 ], [ 20.296283411948405, 13.577940511234624 ], [ 20.302151585981917, 13.538819351011206 ], [ 20.325624282115967, 13.513390596865985 ], [ 20.364745442339384, 13.491873958743106 ], [ 20.403866602562804, 13.466445204597886 ], [ 20.433207472730366, 13.433192218407981 ], [ 20.448855936819733, 13.409719522273932 ], [ 20.44298776278622, 13.374510478072855 ], [ 20.409734776596316, 13.354949897961147 ], [ 20.374525732395242, 13.337345375860609 ], [ 20.339316688194163, 13.333433259838268 ], [ 20.311931876037772, 13.31582873773773 ], [ 20.309975818026601, 13.278663635525485 ], [ 20.337360630182992, 13.251278823369091 ] ], [ [ 16.789071397919077, 14.465501833803396 ], [ 16.742126005650963, 14.481150297892762 ], [ 16.691268497360522, 14.485062413915104 ], [ 16.642367047081247, 14.481150297892762 ], [ 16.613026176913685, 14.463545775792225 ], [ 16.581729248734952, 14.432248847613492 ], [ 16.573905016690269, 14.397039803412417 ], [ 16.558256552600902, 14.355962585177828 ], [ 16.515223276355144, 14.322709598987924 ] ], [ [ 17.319163118946374, 14.363786817222511 ], [ 17.350460047125097, 14.424424615568809 ], [ 17.395449381382026, 14.483106355903933 ], [ 17.463911411773005, 14.502666936015641 ], [ 17.516724978074617, 14.526139632149693 ], [ 17.542153732219838, 14.559392618339597 ], [ 17.54802190625335, 14.621986474697064 ], [ 17.532373442163983, 14.678712157021019 ], [ 17.508900746029934, 14.729569665311461 ], [ 17.499120455974079, 14.778471115590731 ], [ 17.495208339951738, 14.854757378026395 ], [ 17.518681036085788, 14.932999698473228 ], [ 17.553890080286862, 14.983857206763671 ] ], [ [ 17.290800277784395, 14.177472291658489 ], [ 17.217448102365477, 14.190675683233891 ], [ 17.150942129985669, 14.18676356721155 ], [ 17.100084621695228, 14.161334813066329 ], [ 17.045314997382444, 14.114389420798229 ], [ 17.03553470732659, 14.04983950642959 ], [ 17.041402881360103, 14.00093805615032 ], [ 17.029666533293078, 13.950080547859878 ], [ 16.976852966991466, 13.909003329625289 ], [ 16.925995458701021, 13.885530633491239 ], [ 16.867313718365896, 13.877706401446556 ], [ 16.83014861615365, 13.879662459457727 ] ], [ [ 19.445398177089089, 13.454708856530861 ], [ 19.458112554161694, 13.41509868180465 ], [ 19.477673134273402, 13.385757811637088 ], [ 19.524618526541506, 13.372065405558892 ], [ 19.571563918809606, 13.374021463570063 ], [ 19.620465369088876, 13.38966992765943 ], [ 19.679147109424001, 13.391625985670601 ], [ 19.712400095613905, 13.36619723152538 ], [ 19.733916733736784, 13.321207897268449 ], [ 19.761301545893176, 13.282086737045033 ], [ 19.776950009982542, 13.237097402788104 ], [ 19.780862126004887, 13.194064126542346 ], [ 19.778906067993717, 13.156899024330098 ] ] ] } },
{ "type": "Feature", "properties": { "id": 47, "name": null, "size": null, "continent": "Essos" }, "geometry": { "type": "MultiLineString", "coordinates": [ [ [ 34.014143557561773, -0.473718496607425 ], [ 34.006660773121986, -0.391614536419072 ], [ 34.041869817323061, -0.321196448016922 ], [ 34.120112137769894, -0.297723751882871 ], [ 34.198354458216727, -0.274251055748821 ], [ 34.268772546618877, -0.250778359614771 ], [ 34.331366402976343, -0.188184503257304 ], [ 34.354839099110393, -0.10994218281047 ], [ 34.330052646132572, -0.00514250622561 ], [ 34.335278518998685, 0.07392727023959 ], [ 34.370487563199767, 0.148257474664082 ], [ 34.433081419557233, 0.187378634887499 ], [ 34.534796436138116, 0.210851331021549 ], [ 34.593478176473241, 0.2812694194237 ], [ 34.659984148853049, 0.316478463624775 ], [ 34.679544728964736, 0.342885246775581 ], [ 34.685412902998252, 0.364401884898461 ] ] ] } },
{ "type": "Feature", "properties": { "id": 48, "name": null, "size": null, "continent": "Essos" }, "geometry": { "type": "MultiLineString", "coordinates": [ [ [ 52.789218810887206, -8.406806744443019 ], [ 52.871373247356381, -8.393114338364823 ], [ 52.971132205926097, -8.397026454387165 ], [ 53.055242700406446, -8.400938570409506 ], [ 53.147177426931471, -8.38529010632014 ], [ 53.248892443512347, -8.35497120714699 ], [ 53.348651402082069, -8.336388656040867 ], [ 53.440586128607102, -8.291399321783938 ], [ 53.50709210098691, -8.232717581448814 ], [ 53.546213261210326, -8.127090448845587 ], [ 53.555993551266177, -8.024397403259117 ], [ 53.526652681098618, -7.926594502700575 ], [ 53.481663346841685, -7.869868820376621 ], [ 53.426893722528902, -7.828791602142033 ], [ 53.38972862031666, -7.795538615952129 ], [ 53.348651402082069, -7.719252353516466 ], [ 53.354519576115585, -7.633185801024948 ], [ 53.370168040204952, -7.568635886656311 ], [ 53.444498244629429, -7.502129914276501 ], [ 53.487531520875173, -7.397480810678861 ], [ 53.530564797120931, -7.307502142165002 ], [ 53.542301145187956, -7.201875009561777 ], [ 53.526652681098589, -7.09624787695855 ], [ 53.483619404852831, -7.010181324467033 ], [ 53.38581650429429, -6.896729959819124 ], [ 53.319310531914482, -6.853696683573365 ], [ 53.198034935221891, -6.810663407327606 ], [ 53.119792614775058, -6.732421086880772 ], [ 53.0298139462612, -6.618969722232864 ], [ 52.998517018082467, -6.497694125540271 ], [ 52.959395857859043, -6.399891224981729 ], [ 52.892889885479235, -6.313824672490211 ], [ 52.821344890886614, -6.273831762751385 ], [ 52.720756780496203, -6.235582352043378 ], [ 52.654250808116394, -6.176900611708252 ], [ 52.57209637164722, -6.07909771114971 ], [ 52.552535791535512, -5.961734230479458 ], [ 52.59556906778127, -5.832634401742182 ], [ 52.607305415848295, -5.719183037094274 ], [ 52.599481183803626, -5.60866575946312 ], [ 52.564272139602537, -5.531401468021872 ], [ 52.505590399267412, -5.437510683485671 ], [ 52.41883049218643, -5.342390500595712 ] ] ] } },
{ "type": "Feature", "properties": { "id": 49, "name": null, "size": null, "continent": "Essos" }, "geometry": { "type": "MultiLineString", "coordinates": [ [ [ 52.292869090552593, -10.124225678251021 ], [ 52.340303497323482, -10.106132141647691 ], [ 52.372578454507803, -10.095373822586252 ], [ 52.403875382686536, -10.087549590541569 ], [ 52.432238223848515, -10.068967039435446 ], [ 52.446908658932294, -10.037670111256711 ], [ 52.447886687937881, -10.004417125066807 ], [ 52.440062455893198, -9.97605428390483 ], [ 52.421479904787077, -9.953559616776365 ], [ 52.410721585725639, -9.923240717603218 ], [ 52.414633701747981, -9.897811963457995 ], [ 52.4200128612787, -9.864069962765299 ], [ 52.423435962798244, -9.843775860899401 ], [ 52.437128368876444, -9.828127396810034 ], [ 52.461579094016081, -9.820303164765351 ], [ 52.489941935178052, -9.813456961726253 ], [ 52.509991529792558, -9.787783700329635 ], [ 52.517326747334444, -9.775313830508422 ], [ 52.525150979379127, -9.744994931335274 ], [ 52.526129008384714, -9.705873771111856 ], [ 52.530041124407056, -9.664796552877268 ], [ 52.543244515982465, -9.639123291480651 ], [ 52.560360023580209, -9.616873131603583 ] ] ] } },
{ "type": "Feature", "properties": { "id": 50, "name": null, "size": null, "continent": "Essos" }, "geometry": { "type": "MultiLineString", "coordinates": [ [ [ 53.444498244629429, -7.502129914276501 ], [ 53.552081435243828, -7.507998088310014 ], [ 53.661620683869401, -7.531470784444064 ], [ 53.778984164539651, -7.543207132511089 ], [ 53.890785659186484, -7.491737248200463 ], [ 53.998062661790769, -7.464964812064255 ], [ 54.080217098259943, -7.402370955706788 ], [ 54.150635186662093, -7.320216519237612 ], [ 54.236701739153617, -7.304568055148246 ], [ 54.350153103801524, -7.273271126969513 ], [ 54.455780236404749, -7.261534778902487 ], [ 54.549671020940949, -7.257622662880145 ], [ 54.667034501611198, -7.210677270612045 ], [ 54.757013170125056, -7.163731878343945 ], [ 54.854816070683604, -7.105050138008819 ], [ 54.952618971242146, -7.01507146949496 ], [ 54.98782801544322, -6.932917033025785 ], [ 55.019124943621954, -6.842938364511926 ], [ 55.03477340771132, -6.721662767819333 ], [ 55.003476479532587, -6.565178126925665 ], [ 54.905673578974046, -6.416517718076681 ], [ 54.858728186705946, -6.297198179395259 ], [ 54.843079722616579, -6.1602741186133 ], [ 54.862640302728288, -6.054646986010074 ], [ 54.850903954661263, -5.945107737384506 ], [ 54.784397982281455, -5.83948060478128 ], [ 54.686595081722906, -5.788623096490839 ], [ 54.60052852923139, -5.729941356155713 ], [ 54.53011044082924, -5.632138455597171 ], [ 54.471428700494116, -5.49130227879287 ], [ 54.459692352427091, -5.33090552187686 ], [ 54.483165048561141, -5.197893577117243 ], [ 54.510549860717532, -5.115739140648067 ], [ 54.534022556851582, -5.037496820201233 ], [ 54.526198324806899, -4.951430267709715 ], [ 54.494901396628165, -4.857539483173515 ], [ 54.428395424248357, -4.767560814659656 ], [ 54.385362148002599, -4.61498828978833 ], [ 54.385362148002599, -4.485888461051053 ], [ 54.419546348683227, -4.382776622734097 ], [ 54.444043888337724, -4.290282659933968 ], [ 54.502725628672849, -4.231600919598844 ], [ 54.608352761276073, -4.17683129528606 ], [ 54.710067777856956, -4.157270715174351 ], [ 54.788310098303796, -4.145534367107326 ], [ 54.862640302728288, -4.133798019040301 ], [ 54.933058391130437, -4.133798019040301 ], [ 55.01130071157727, -4.137710135062642 ], [ 55.073894567934737, -4.149446483129668 ] ] ] } },
{ "type": "Feature", "properties": { "id": 51, "name": null, "size": null, "continent": "Essos" }, "geometry": { "type": "MultiLineString", "coordinates": [ [ [ 50.83951798825273, -9.088737468587453 ], [ 50.838539959247122, -9.053039409883587 ], [ 50.815067263113072, -9.025654597727195 ], [ 50.784748363939933, -9.021986988956249 ], [ 50.760297638800289, -9.029566713749537 ], [ 50.744649174710922, -9.060863641928272 ], [ 50.726555638107591, -9.069421395727142 ], [ 50.694280680923278, -9.069421395727142 ], [ 50.662983752744545, -9.062575192688044 ], [ 50.639511056610495, -9.02932220649814 ], [ 50.638533027604907, -8.994113162297063 ], [ 50.62875273754905, -8.945211712017793 ], [ 50.612126244454096, -8.906090551794376 ], [ 50.58180734528095, -8.87968376864357 ], [ 50.529971807984921, -8.859145159526275 ], [ 50.497696850800608, -8.851320927481591 ], [ 50.467866966130238, -8.85890065227488 ], [ 50.425322704387277, -8.865013333559787 ], [ 50.396959863225298, -8.89239814571618 ], [ 50.395981834219711, -8.92662916091167 ], [ 50.385223515158273, -8.948145799034549 ], [ 50.351970528968366, -8.957926089090403 ], [ 50.33045389084549, -8.988244988263551 ], [ 50.315783455761704, -9.027366148486969 ], [ 50.310893310733782, -9.078223656777411 ], [ 50.314805426756124, -9.14399610740303 ], [ 50.325074731314764, -9.189474456162753 ], [ 50.329475861839903, -9.228106601883377 ], [ 50.34512432592927, -9.260381559067696 ], [ 50.346102354934857, -9.324931473436333 ], [ 50.326541774823149, -9.37285489471002 ], [ 50.290354701616486, -9.428602548028389 ], [ 50.243409309348387, -9.467723708251805 ], [ 50.192551801057945, -9.49021837538027 ], [ 50.135826118733988, -9.491196404385855 ], [ 50.082034523426792, -9.487039781112118 ], [ 50.049270551739674, -9.448163128140097 ], [ 50.020907710577696, -9.401217735871997 ], [ 50.017973623560941, -9.338623879514529 ], [ 50.02286376858887, -9.288744400229673 ], [ 50.047314493728507, -9.247667181995086 ], [ 50.059050841795532, -9.207567992766084 ], [ 50.060028870801112, -9.160622600497982 ], [ 50.05611675477877, -9.106831005190784 ], [ 50.031666029639148, -9.058907583917101 ], [ 49.99107782590734, -9.032011786263499 ], [ 49.935330172588969, -9.018319380185304 ], [ 49.873714345237083, -9.028099670241158 ], [ 49.815032604901958, -9.058418569414306 ], [ 49.777867502689716, -9.08091323654277 ], [ 49.733856197438371, -9.095583671626551 ], [ 49.687888834175858, -9.089715497593039 ], [ 49.652679789974783, -9.071132946486916 ], [ 49.618448774779289, -9.029077699246743 ], [ 49.602800310689922, -8.977242161950715 ], [ 49.604756368701096, -8.927362682665859 ], [ 49.611602571740193, -8.874304609112851 ], [ 49.63605329687983, -8.832249361872679 ], [ 49.664416138041808, -8.804864549716287 ], [ 49.712339559315488, -8.775768186800118 ], [ 49.760262980589175, -8.737380548330892 ], [ 49.792537937773496, -8.702171504129817 ], [ 49.822856836946642, -8.671852604956669 ], [ 49.845351504075111, -8.664028372911986 ], [ 49.881538577281773, -8.659138227884059 ], [ 49.918214664991226, -8.653270053850546 ], [ 49.956357796209062, -8.656204140867302 ], [ 50.004281217482742, -8.662072314900815 ], [ 50.05611675477877, -8.668918517939913 ], [ 50.090347769974265, -8.681632895012523 ], [ 50.114798495113895, -8.696303330096304 ], [ 50.164677974398757, -8.690435156062792 ], [ 50.223359714733881, -8.67380866296784 ], [ 50.260524816946123, -8.649357937828205 ], [ 50.289865687113689, -8.62001706766064 ], [ 50.311382325236565, -8.586764081470736 ], [ 50.321162615292423, -8.545686863236149 ], [ 50.321162615292423, -8.495807383951291 ], [ 50.312360354242152, -8.458153267236254 ], [ 50.288887658108102, -8.40533970093464 ], [ 50.256612700923782, -8.368174598722394 ], [ 50.222381685728294, -8.328075409493392 ], [ 50.17250220644344, -8.302646655348171 ], [ 50.132403017214436, -8.271349727169437 ], [ 50.11675455312507, -8.241030827996289 ], [ 50.108930321080386, -8.180393029649993 ], [ 50.112842437102721, -8.114376071772977 ], [ 50.118710611136237, -8.050804186409925 ], [ 50.108930321080386, -7.982342156018944 ], [ 50.110886379091554, -7.929528589717331 ], [ 50.12653484318092, -7.864978675348694 ], [ 50.167612061415504, -7.777934093851591 ], [ 50.212601395672422, -7.699202758901964 ], [ 50.27910736805223, -7.605311974365764 ], [ 50.320184586286821, -7.523157537896588 ], [ 50.367129978554921, -7.452739449494437 ], [ 50.38082238463312, -7.378409245069945 ], [ 50.371042094577263, -7.284518460533745 ], [ 50.369086036566095, -7.186715559975202 ], [ 50.40429508076717, -7.09086871742783 ], [ 50.486449517236345, -7.010670338969826 ], [ 50.568603953705498, -6.953455642143078 ], [ 50.654670506197021, -6.906510249874978 ], [ 50.758341580789072, -6.902598133852637 ], [ 50.854188423336446, -6.902598133852637 ], [ 50.922650453727428, -6.890861785785611 ], [ 50.985244310084894, -6.851740625562194 ], [ 51.049794224453528, -6.810663407327606 ], [ 51.118256254844511, -6.740245318925456 ], [ 51.16520164711261, -6.662002998478622 ], [ 51.221927329436568, -6.585716736042959 ], [ 51.300169649883401, -6.509430473607296 ], [ 51.399928608453138, -6.440479428713523 ] ] ] } },
{ "type": "Feature", "properties": { "id": 52, "name": "Skahazadhan", "size": null, "continent": "Essos" }, "geometry": { "type": "MultiLineString", "coordinates": [ [ [ 65.289985934207451, -6.204926784030558 ], [ 65.427309621062122, -6.141691567507183 ], [ 65.575970029911105, -6.079097711149717 ], [ 65.66594869842497, -6.032152318881616 ], [ 65.763751598983518, -6.000855390702883 ], [ 65.873290847609084, -5.99694327468054 ], [ 65.98283009623465, -6.008679622747566 ], [ 66.084545112815533, -5.99694327468054 ], [ 66.221469173597484, -6.028240202859275 ], [ 66.346656886312431, -6.028240202859275 ], [ 66.444459786870965, -6.008679622747566 ], [ 66.577471731630581, -5.99694327468054 ], [ 66.655714052077414, -5.989119042635857 ], [ 66.780901764792347, -6.047800782970983 ], [ 66.88261678137323, -6.090834059216742 ], [ 66.96868333386476, -6.11039463932845 ], [ 67.023452958177543, -6.196461191819967 ], [ 67.035189306244561, -6.298176208400852 ], [ 67.093871046579693, -6.360770064758318 ], [ 67.179937599071209, -6.392066992937052 ], [ 67.230795107361644, -6.439012385205152 ], [ 67.281652615652092, -6.513342589629644 ], [ 67.336422239964875, -6.583760678031795 ], [ 67.402928212344676, -6.665915114500971 ], [ 67.528115925059623, -6.705036274724388 ], [ 67.577017375338826, -6.749047579975732 ], [ 67.663083927830343, -6.819465668377883 ], [ 67.729589900210144, -6.893795872802375 ], [ 67.831304916791026, -6.932917033025792 ], [ 67.897810889170842, -7.026807817561992 ], [ 67.901723005193176, -7.155907646299268 ], [ 67.913459353260208, -7.281095359014203 ], [ 67.995613789729376, -7.39063460763977 ], [ 68.062119762109191, -7.523646552399388 ], [ 68.075812168187454, -7.641010033069639 ], [ 67.934975991383155, -7.728054614566742 ], [ 67.841085206846884, -7.77842310835439 ], [ 67.729589900210144, -7.790648470924209 ], [ 67.651836594266115, -7.801162282734252 ], [ 67.568704128791339, -7.817788775829204 ], [ 67.496329982378029, -7.860822052074963 ], [ 67.410263429886498, -7.941998459538553 ], [ 67.335933225462014, -8.024152896007729 ], [ 67.285075717171566, -8.141516376677979 ], [ 67.265515137059865, -8.286264669504622 ], [ 67.265515137059865, -8.376243338018481 ], [ 67.257690905015181, -8.450573542442973 ], [ 67.183360700590683, -8.524903746867466 ], [ 67.089469916054483, -8.592387748252859 ], [ 67.019051827652333, -8.666717952677352 ], [ 66.991667015495935, -8.768432969258237 ], [ 66.991667015495935, -8.885796449928486 ], [ 66.991667015495935, -8.98359935048703 ], [ 66.999491247540618, -9.081402251045573 ], [ 67.015139711629985, -9.183117267626455 ], [ 67.054260871853401, -9.292656516252023 ], [ 67.062085103898085, -9.390459416810566 ], [ 67.030788175719351, -9.499998665436134 ], [ 67.003403363562967, -9.621274262128725 ], [ 66.991667015495935, -9.742549858821318 ], [ 66.983842783451252, -9.86578151352508 ], [ 67.007315479585301, -9.944023833971913 ], [ 67.038612407764035, -10.034002502485773 ], [ 67.054260871853401, -10.100508474865583 ], [ 67.112942612188533, -10.221784071558174 ] ], [ [ 66.655714052077414, -5.989119042635857 ], [ 66.76525330070298, -5.922613070256048 ], [ 66.866968317283863, -5.891316142077315 ], [ 66.972595449887095, -5.852194981853899 ], [ 67.089958930557344, -5.820898053675164 ], [ 67.203410295205259, -5.816985937652823 ], [ 67.320773775875509, -5.813073821630481 ], [ 67.438137256545758, -5.820898053675164 ], [ 67.539852273126641, -5.793513241518773 ], [ 67.641567289707524, -5.734831501183647 ], [ 67.711985378109674, -5.668325528803838 ], [ 67.82152462673524, -5.637028600625105 ], [ 67.907591179226756, -5.590083208357004 ], [ 68.005394079785304, -5.590083208357004 ], [ 68.111021212388536, -5.574434744267638 ], [ 68.220560461014102, -5.590083208357004 ], [ 68.310539129527953, -5.574434744267638 ], [ 68.396605682019469, -5.507928771887829 ], [ 68.517881278712039, -5.456093234591801 ], [ 68.611772063248239, -5.416972074368385 ], [ 68.725223427896154, -5.350466101988576 ], [ 68.846499024588752, -5.283960129608767 ], [ 68.975598853326019, -5.237014737340666 ], [ 69.089050217973934, -5.170508764960857 ], [ 69.175116770465451, -5.100090676558707 ], [ 69.304216599202732, -5.06096951633529 ], [ 69.433316427939999, -5.057057400312948 ], [ 69.554592024632598, -5.053145284290607 ], [ 69.699340317459232, -5.068793748379973 ], [ 69.828440146196513, -5.088354328491682 ], [ 69.981012671067845, -5.107914908603391 ], [ 70.102288267760429, -5.111827024625732 ], [ 70.243124444564728, -5.092266444514023 ], [ 70.37222427330201, -5.08444221246934 ], [ 70.481763521927576, -5.049233168268265 ], [ 70.583478538508459, -5.014024124067189 ], [ 70.693017787134025, -4.947518151687381 ], [ 70.845590312005356, -4.881012179307572 ], [ 70.986426488809627, -4.86438568621262 ], [ 71.185944405949058, -4.821352409966861 ], [ 71.307220002641657, -4.750934321564711 ], [ 71.471528875580006, -4.653131421006168 ], [ 71.577156008183223, -4.578801216581676 ], [ 71.70234372089817, -4.484910432045475 ], [ 71.804058737479053, -4.4027559955763 ], [ 71.897949522015253, -4.336250023196491 ], [ 71.991840306551452, -4.261919818771998 ], [ 72.089643207109987, -4.160204802191115 ], [ 72.19135822369087, -4.054577669587888 ], [ 72.293073240271767, -4.007632277319789 ], [ 72.469118461277134, -3.937214188917638 ], [ 72.645163682282515, -3.909829376761246 ], [ 72.774263511019782, -3.909829376761246 ], [ 72.883802759645363, -3.905917260738904 ], [ 73.032463168494345, -3.882444564604854 ], [ 73.216332621544396, -3.855059752448462 ], [ 73.329783986192311, -3.808114360180362 ], [ 73.419762654706147, -3.765081083934603 ], [ 73.548862483443429, -3.710311459621819 ], [ 73.658401732068995, -3.690750879510111 ], [ 73.767940980694561, -3.675102415420744 ], [ 73.854007533186078, -3.675102415420744 ], [ 73.936161969655245, -3.694662995532453 ], [ 74.037876986236142, -3.710311459621819 ], [ 74.159152582928726, -3.722047807688845 ], [ 74.280428179621325, -3.694662995532453 ], [ 74.413440124380941, -3.651629719286694 ], [ 74.534715721073525, -3.561651050772835 ], [ 74.632518621632073, -3.491232962370684 ], [ 74.742057870257639, -3.436463338057901 ], [ 74.890718279106622, -3.381693713745117 ], [ 75.004169643754537, -3.369957365678092 ], [ 75.125445240447121, -3.3895179457898 ], [ 75.207599676916303, -3.41299064192385 ], [ 75.324963157586552, -3.409078525901509 ], [ 75.430590290189784, -3.393430061812142 ], [ 75.512744726658951, -3.416902757946192 ], [ 75.6105476272175, -3.467760266236634 ], [ 75.712262643798383, -3.499057194415368 ], [ 75.845274588557999, -3.526442006571759 ], [ 75.964594127239394, -3.540134412649955 ], [ 76.101518188021345, -3.50492536844888 ], [ 76.218881668691594, -3.465804208225463 ], [ 76.30494822118311, -3.383649771756287 ], [ 76.391014773674641, -3.313231683354137 ], [ 76.516202486389574, -3.254549943019012 ], [ 76.629653851037475, -3.238901478929645 ], [ 76.758753679774756, -3.215428782795595 ], [ 76.864380812377973, -3.223253014840278 ], [ 77.005216989182287, -3.191956086661544 ], [ 77.114756237807853, -3.156747042460469 ], [ 77.243856066545121, -3.101977418147686 ], [ 77.341658967103669, -3.039383561790218 ], [ 77.443373983684552, -2.965053357365726 ], [ 77.537264768220751, -2.886811036918892 ], [ 77.654628248891001, -2.78900813636035 ], [ 77.728958453315499, -2.738150628069908 ], [ 77.811112889784667, -2.722502163980541 ], [ 77.897179442276183, -2.691205235801807 ], [ 77.991070226812383, -2.632523495466682 ], [ 78.045839851125166, -2.562105407064531 ], [ 78.112345823504981, -2.483863086617697 ], [ 78.214060840085864, -2.456478274461305 ], [ 78.34707278484548, -2.425181346282572 ], [ 78.429227221314662, -2.386060186059155 ], [ 78.519205889828513, -2.307817865612321 ], [ 78.585711862208328, -2.217839197098462 ], [ 78.648305718565794, -2.135684760629287 ], [ 78.710899574923261, -2.057442440182452 ], [ 78.800878243437126, -1.98311223575796 ], [ 78.894769027973325, -1.940078959512202 ], [ 79.004308276598891, -1.91269414735581 ], [ 79.102111177157425, -1.897045683266443 ], [ 79.207738309760657, -1.857924523043026 ], [ 79.30945332634154, -1.807067014752584 ], [ 79.33292602247559, -1.799242782707901 ] ], [ [ 70.481763521927576, -5.049233168268265 ], [ 70.606951234642466, -5.110848995620147 ], [ 70.708666251223349, -5.146058039821222 ], [ 70.790820687692516, -5.169530735955272 ], [ 70.896447820295748, -5.200827664134006 ], [ 70.982514372787264, -5.267333636513815 ], [ 71.103789969479863, -5.314279028781915 ], [ 71.236801914239479, -5.333839608893624 ], [ 71.381550207066113, -5.337751724915965 ], [ 71.510650035803394, -5.329927492871282 ], [ 71.62018928442896, -5.345575956960649 ], [ 71.717992184987509, -5.329927492871282 ], [ 71.815795085546043, -5.329927492871282 ], [ 71.913597986104591, -5.30254268071489 ], [ 72.003576654618442, -5.30254268071489 ], [ 72.105291671199325, -5.322103260826598 ], [ 72.222655151869574, -5.32601537684894 ], [ 72.324370168450471, -5.30254268071489 ], [ 72.437821533098372, -5.271245752536156 ], [ 72.504327505478187, -5.25559728844679 ], [ 72.637339450237803, -5.243860940379764 ], [ 72.750790814885704, -5.27906998458084 ], [ 72.864242179533619, -5.322103260826598 ], [ 72.981605660203869, -5.345575956960649 ], [ 73.102881256896467, -5.345575956960649 ], [ 73.208508389499684, -5.341663840938307 ], [ 73.282838593924183, -5.337751724915965 ], [ 73.376729378460382, -5.314279028781915 ], [ 73.447147466862532, -5.298630564692548 ], [ 73.54495036742108, -5.310366912759573 ], [ 73.63884115195728, -5.361224421050015 ], [ 73.68774260223654, -5.415994045362799 ], [ 73.777721270750391, -5.451203089563874 ], [ 73.879436287331274, -5.451203089563874 ], [ 73.992887651979188, -5.419906161385141 ], [ 74.110251132649438, -5.435554625474508 ], [ 74.196317685140954, -5.474675785697924 ], [ 74.227614613319687, -5.545093874100075 ], [ 74.262823657520769, -5.599863498412859 ], [ 74.32932962990057, -5.635072542613934 ], [ 74.415396182392087, -5.650721006703301 ], [ 74.49363850283892, -5.650721006703301 ], [ 74.567968707263418, -5.650721006703301 ], [ 74.657947375777283, -5.678105818859692 ], [ 74.740101812246451, -5.744611791239501 ], [ 74.796827494570394, -5.823832140691921 ], [ 74.88289404706191, -5.870777532960021 ], [ 74.965048483531092, -5.929459273295147 ], [ 75.058939268067292, -5.964668317496222 ], [ 75.160654284648174, -6.035086405898372 ], [ 75.238896605095007, -6.109416610322865 ], [ 75.270193533273741, -6.19157104679204 ], [ 75.293666229407791, -6.265901251216532 ], [ 75.336699505653556, -6.359792035752733 ], [ 75.367996433832289, -6.445858588244251 ], [ 75.395381245988673, -6.508452444601717 ], [ 75.467755392401983, -6.58278264902621 ], [ 75.545997712848816, -6.661024969473043 ], [ 75.679009657608432, -6.719706709808169 ], [ 75.768988326122297, -6.747091521964562 ], [ 75.898088154859579, -6.770564218098611 ], [ 75.999803171440462, -6.762739986053928 ], [ 76.089781839954313, -6.762739986053928 ], [ 76.187584740512861, -6.735355173897536 ], [ 76.285387641071395, -6.696234013674119 ], [ 76.387102657652292, -6.65320073742836 ] ], [ [ 75.293666229407791, -6.265901251216532 ], [ 75.432546348200916, -6.285461831328241 ], [ 75.545997712848816, -6.293286063372924 ], [ 75.620327917273315, -6.293286063372924 ], [ 75.706394469764831, -6.258077019171849 ], [ 75.784636790211664, -6.258077019171849 ], [ 75.882439690770212, -6.265901251216532 ], [ 75.952857779172362, -6.226780090993116 ], [ 76.003715287462796, -6.144625654523939 ], [ 76.101518188021345, -6.07420756612179 ], [ 76.183672624490512, -6.050734869987739 ], [ 76.324508801294812, -6.042910637943056 ], [ 76.465344978099125, -6.050734869987739 ], [ 76.535763066501275, -6.058559102032422 ] ], [ [ 72.645163682282515, -3.909829376761246 ], [ 72.729274176762814, -3.833543114325582 ], [ 72.764483220963896, -3.778773490012799 ], [ 72.780131685053263, -3.696619053543623 ], [ 72.787955917097946, -3.626200965141473 ], [ 72.834901309366046, -3.563607108784006 ], [ 72.893583049701178, -3.477540556292488 ], [ 72.944440557991612, -3.399298235845654 ], [ 72.967913254125662, -3.324968031421162 ], [ 72.987473834237377, -3.242813594951986 ], [ 72.991385950259712, -3.176307622572178 ], [ 72.991385950259712, -3.082416838035977 ], [ 73.003122298326744, -2.992438169522118 ], [ 73.053979806617178, -2.898547384985917 ], [ 73.13613424308636, -2.828129296583767 ], [ 73.20655233148851, -2.7655354402263 ], [ 73.300443116024709, -2.695117351824149 ], [ 73.347388508292809, -2.624699263421999 ], [ 73.39042178453856, -2.569929639109215 ], [ 73.468664104985407, -2.44474192639428 ], [ 73.496048917141792, -2.35085114185808 ], [ 73.531257961342874, -2.256960357321879 ], [ 73.550818541454575, -2.14350899267397 ] ], [ [ 74.890718279106622, -3.381693713745117 ], [ 74.994389353698637, -3.293671103242429 ], [ 75.060895326078452, -3.258462059041353 ], [ 75.127401298458253, -3.215428782795595 ], [ 75.197819386860417, -3.168483390527494 ], [ 75.27606170730725, -3.105889534170027 ], [ 75.326919215597684, -2.972877589410409 ], [ 75.358216143776417, -2.8594262247625 ], [ 75.416897884111549, -2.781183904315666 ], [ 75.510788668647749, -2.699029467846491 ], [ 75.612503685228631, -2.655996191600732 ], [ 75.698570237720148, -2.597314451265607 ], [ 75.761164094077614, -2.495599434684722 ], [ 75.776812558166981, -2.39779653412618 ], [ 75.788548906234013, -2.296081517545296 ], [ 75.819845834412746, -2.194366500964412 ], [ 75.862879110658497, -2.147421108696312 ], [ 75.933297199060647, -2.065266672227136 ] ], [ [ 76.218881668691594, -3.465804208225463 ], [ 76.316684569250114, -3.44722165711934 ], [ 76.371454193562897, -3.466782237231049 ], [ 76.453608630032079, -3.498079165409782 ], [ 76.52011460241188, -3.525463977566174 ], [ 76.614005386948079, -3.537200325633199 ], [ 76.692247707394912, -3.529376093588516 ], [ 76.770490027841745, -3.529376093588516 ], [ 76.864380812377945, -3.517639745521491 ], [ 76.942623132824778, -3.513727629499149 ], [ 77.059986613495042, -3.537200325633199 ], [ 77.161701630075925, -3.580233601878958 ], [ 77.220383370411042, -3.6310911101694 ], [ 77.267328762679142, -3.685860734482184 ], [ 77.314274154947242, -3.752366706861993 ], [ 77.36513166323769, -3.834521143331168 ], [ 77.443373983684523, -3.893202883666294 ], [ 77.533352652198374, -3.916675579800344 ], [ 77.646804016846289, -3.936236159912053 ], [ 77.713309989226104, -3.979269436157811 ], [ 77.764167497516539, -4.034039060470595 ], [ 77.811112889784638, -4.096632916828062 ], [ 77.873706746142105, -4.151402541140846 ], [ 77.91674002238787, -4.225732745565338 ] ], [ [ 67.257690905015181, -8.450573542442973 ], [ 67.304636297283253, -8.49507386219711 ], [ 67.326152935406128, -8.532238964409355 ], [ 67.335933225461986, -8.577228298666286 ], [ 67.349625631540178, -8.626129748945557 ], [ 67.367230153640719, -8.649602445079607 ], [ 67.402439197841787, -8.696547837347708 ], [ 67.425911893975837, -8.7239326495041 ], [ 67.459164880165744, -8.735668997571125 ], [ 67.527626910556734, -8.735668997571125 ], [ 67.582396534869517, -8.731756881548783 ], [ 67.631297985148777, -8.745449287626979 ], [ 67.678243377416877, -8.765009867738687 ], [ 67.711496363606784, -8.809999201995616 ], [ 67.73301300172966, -8.843252188185522 ], [ 67.750617523830201, -8.888241522442451 ], [ 67.760397813886058, -8.944967204766405 ], [ 67.772134161953076, -9.003648945101531 ], [ 67.779958393997759, -9.044726163336119 ], [ 67.799518974109475, -9.083847323559535 ] ] ] } },
{ "type": "Feature", "properties": { "id": 53, "name": null, "size": null, "continent": "Essos" }, "geometry": { "type": "MultiLineString", "coordinates": [ [ [ 68.075812168187454, -7.641010033069639 ], [ 68.118845444433219, -7.708494034455033 ], [ 68.190730576343654, -7.738568426376784 ], [ 68.255280490712281, -7.73954645538237 ], [ 68.321786463092096, -7.73954645538237 ], [ 68.405896957572438, -7.741502513393541 ], [ 68.460666581885221, -7.76106309350525 ], [ 68.52912861227621, -7.813876659806862 ], [ 68.581942178577819, -7.890162922242525 ], [ 68.615195164767727, -7.974273416722871 ], [ 68.609326990734203, -8.048603621147365 ], [ 68.613239106756552, -8.142494405683564 ], [ 68.605414874711869, -8.207044320052203 ], [ 68.611283048745378, -8.267682118398499 ], [ 68.654316324991143, -8.345924438845334 ], [ 68.697349601236894, -8.402650121169287 ], [ 68.720822297370944, -8.502409079739001 ], [ 68.709060433636509, -8.610898076549919 ], [ 68.656272383002303, -8.744960273124185 ] ], [ [ 68.615195164767727, -7.974273416722871 ], [ 68.677789021125193, -8.001169214376471 ], [ 68.718866239359784, -8.026597968521692 ], [ 68.769723747650218, -8.044202490622229 ], [ 68.808844907873635, -8.042246432611059 ], [ 68.863614532186418, -8.040290374599888 ], [ 68.904691750421009, -8.020729794488179 ], [ 68.939900794622076, -8.003125272387642 ], [ 68.977065896834333, -7.987476808298275 ], [ 69.024011289102432, -7.983564692275934 ], [ 69.070956681370532, -7.991388924320617 ], [ 69.115946015627458, -8.012905562443496 ], [ 69.137462653750333, -8.028554026532863 ] ] ] } },
{ "type": "Feature", "properties": { "id": 54, "name": "Worm River", "size": null, "continent": "Essos" }, "geometry": { "type": "MultiLineString", "coordinates": [ [ [ 62.414555509261987, -12.396712722597199 ], [ 62.499090778339301, -12.451934711544338 ], [ 62.600805794920184, -12.494967987790096 ], [ 62.679048115367017, -12.526264915968831 ], [ 62.767070725869686, -12.570276221220174 ], [ 62.868785742450569, -12.613309497465933 ], [ 62.947028062897402, -12.648518541667007 ], [ 63.03700673141126, -12.707200282002134 ], [ 63.111336935835759, -12.7697941383596 ], [ 63.248260996617717, -12.824563762672385 ], [ 63.346063897176258, -12.887157619029852 ], [ 63.423273830060154, -12.96635002798635 ], [ 63.490812190002899, -13.016257447767128 ], [ 63.549493930338024, -13.047554375945861 ], [ 63.619912018740173, -13.078851304124594 ], [ 63.702066455209355, -13.117972464348012 ], [ 63.784220891678608, -13.136555015454135 ], [ 63.889848024281832, -13.144379247498819 ], [ 63.958310054672815, -13.152203479543502 ], [ 64.063937187276039, -13.158071653577014 ], [ 64.161740087834588, -13.163939827610527 ], [ 64.236070292259072, -13.14829136352116 ], [ 64.296708090605378, -13.093521739208375 ], [ 64.355389830940496, -13.05635663699613 ], [ 64.461016963543727, -13.025059708817396 ], [ 64.549039574046418, -13.036796056884421 ], [ 64.639018242560269, -13.021147592795055 ], [ 64.699656040906561, -12.987894606605151 ], [ 64.805283173509793, -12.991806722627492 ], [ 64.910910306113024, -12.993762780638663 ], [ 65.030229844794434, -12.983982490582809 ], [ 65.13390091938642, -12.961487823454345 ], [ 65.267890893151673, -12.956597678426416 ], [ 65.363737735699047, -12.970290084504613 ], [ 65.450782317196087, -12.97322417152137 ], [ 65.530002666648571, -12.989850664616322 ], [ 65.621937393173596, -13.019191534783884 ], [ 65.722674380748913, -13.04902141945424 ], [ 65.808740933240429, -13.058801709510094 ], [ 65.890895369709597, -13.07249411558829 ], [ 65.976961922201113, -13.07249411558829 ], [ 66.05520424264796, -13.09596681172234 ], [ 66.117798099005427, -13.11943950785639 ], [ 66.176479839340544, -13.166384900124489 ], [ 66.218535086580729, -13.243160177062945 ], [ 66.234183550670096, -13.34487519364383 ], [ 66.216579028569555, -13.438765978180031 ], [ 66.17158969431263, -13.511140124593352 ], [ 66.083567083809939, -13.571777922939649 ], [ 66.022929285463647, -13.626547547252432 ], [ 65.969137690156458, -13.670069838000984 ], [ 65.926104413910707, -13.7091909982244 ], [ 65.871334789597924, -13.771784854581867 ], [ 65.828301513352159, -13.844159000995189 ], [ 65.795048527162265, -13.924357379453193 ], [ 65.767663715005867, -14.002599699900028 ], [ 65.771575831028215, -14.086710194380375 ], [ 65.771575831028215, -14.164952514827208 ], [ 65.765707656994692, -14.241238777262872 ], [ 65.757883424950009, -14.339041677821413 ], [ 65.720718322737767, -14.415816954759869 ], [ 65.685509278536685, -14.482322927139679 ], [ 65.662036582402635, -14.566433421620024 ], [ 65.662036582402635, -14.627071219966322 ], [ 65.675728988480842, -14.666192380189738 ], [ 65.699201684614891, -14.736610468591888 ], [ 65.730498612793625, -14.797248266938185 ], [ 65.789180353128742, -14.836369427161602 ], [ 65.849818151475048, -14.853973949262139 ], [ 65.920236239877198, -14.840281543183943 ] ] ] } },
{ "type": "Feature", "properties": { "id": 55, "name": null, "size": null, "continent": "Essos" }, "geometry": { "type": "MultiLineString", "coordinates": [ [ [ 78.498479953013103, 7.164778501389911 ], [ 78.538749271199777, 7.031487058191993 ], [ 78.680497271216893, 6.870409785445264 ], [ 78.783586725774796, 6.783428058162031 ], [ 78.854460725783369, 6.67711705814919 ], [ 78.880233089422845, 6.554698330861677 ], [ 78.864125362148172, 6.358184058110669 ], [ 78.854460725783369, 6.219657603548482 ], [ 78.831909907598813, 6.131870489901514 ], [ 78.854460725783369, 6.037640285344678 ], [ 78.912448543972189, 5.957101648971315 ], [ 78.980100998525813, 5.850790648958474 ], [ 78.980100998525813, 5.699378012576549 ], [ 78.97043636216101, 5.583402376198904 ], [ 78.909226998517255, 5.374001921628158 ], [ 78.790029816684665, 5.190373830696888 ], [ 78.683718816671828, 5.00916189885682 ], [ 78.619287907573138, 4.809426080650876 ], [ 78.57740781665899, 4.609690262444934 ], [ 78.561300089384318, 4.461499171517944 ], [ 78.596737089388597, 4.351966626050168 ] ], [ [ 78.854460725783369, 6.67711705814919 ], [ 78.936610134884205, 6.553892944497942 ], [ 78.99781949852796, 6.479797399034448 ], [ 79.071915043991453, 6.38959412629628 ], [ 79.110573589450667, 6.299390853558112 ], [ 79.142789044000011, 6.212409126274879 ], [ 79.181447589459225, 6.16408594445086 ], [ 79.252321589467783, 6.096433489897234 ], [ 79.319974044021407, 6.048110308073216 ], [ 79.413398862214521, 6.01589485352387 ], [ 79.526152953137228, 6.009451762614001 ], [ 79.632463953150065, 6.038445671708412 ], [ 79.72266722588823, 6.077104217167626 ], [ 79.770990407712247, 6.115762762626842 ], [ 79.854750589540558, 6.125427398991645 ], [ 79.99327704410274, 6.109319671716973 ], [ 80.070594135021167, 6.083547308077496 ] ] ] } },
{ "type": "Feature", "properties": { "id": 56, "name": "Volaena", "size": null, "continent": "Essos" }, "geometry": { "type": "MultiLineString", "coordinates": [ [ [ 43.262727281982478, -9.290944965492235 ], [ 43.324343109334343, -9.152553861201897 ], [ 43.376178646630372, -9.05303940988358 ], [ 43.458333083099546, -8.963060741369722 ], [ 43.569828389736287, -8.890686594956399 ], [ 43.697950189467974, -8.835672463392219 ], [ 43.777170538920394, -8.777235230308492 ], [ 43.831940163233178, -8.691168677816973 ], [ 43.835852279255519, -8.603146067314285 ], [ 43.869105265445427, -8.546420384990331 ], [ 43.936589266830815, -8.48945019541498 ], [ 44.021677790316751, -8.4544856584653 ], [ 44.141975358003762, -8.383578555560357 ], [ 44.292591824863912, -8.29555594505767 ], [ 44.404087131500653, -8.183571623918139 ], [ 44.515582438137393, -8.04860362114735 ], [ 44.60164899062891, -7.980141590756371 ], [ 44.697495833176276, -7.878426574175486 ], [ 44.870606967164889, -7.763019151516406 ], [ 45.001662853913345, -7.6896669760975 ], [ 45.134674798672961, -7.652501873885253 ], [ 45.253994337354378, -7.615336771673007 ], [ 45.367445702002293, -7.541006567248515 ], [ 45.43981984841561, -7.423643086578264 ], [ 45.488721298694884, -7.308235663919184 ], [ 45.504369762784243, -7.207498676343885 ] ], [ [ 45.504369762784243, -7.207498676343885 ], [ 45.758657304236444, -7.170822588634432 ], [ 45.893625307007234, -7.123877196366331 ], [ 46.0031645556328, -7.043678817908327 ], [ 46.099011398180167, -6.949788033372126 ], [ 46.179209776638174, -6.883282060992317 ], [ 46.273100561174374, -6.853941190824754 ], [ 46.402200389911648, -6.826556378668363 ], [ 46.515651754559563, -6.80259466803152 ], [ 46.631059177218638, -6.783034087919811 ], [ 46.769939296011771, -6.736088695651711 ], [ 46.916643646849586, -6.646110027137852 ] ], [ [ 45.504369762784243, -7.207498676343885 ], [ 45.459380428527318, -7.050036006444632 ], [ 45.444709993443531, -6.945386902846992 ], [ 45.444709993443531, -6.816287074109716 ], [ 45.436885761398848, -6.704791767472977 ], [ 45.389940369130748, -6.597208576858581 ], [ 45.325390454762115, -6.522878372434088 ], [ 45.266708714426983, -6.454416342043109 ], [ 45.245192076304107, -6.382042195629787 ], [ 45.298005642605723, -6.303799875182953 ], [ 45.395808543164264, -6.256854482914853 ], [ 45.476006921622265, -6.270546888993049 ], [ 45.605106750359546, -6.252942366892511 ], [ 45.673568780750522, -6.213332192166302 ], [ 45.720514173018621, -6.09401265348488 ], [ 45.712689940973938, -6.035330913149754 ], [ 45.700953592906913, -5.95708859270292 ], [ 45.663299476191888, -5.890827127574508 ], [ 45.577232923700372, -5.851705967351092 ], [ 45.448133094963097, -5.804760575082991 ], [ 45.362066542471581, -5.699133442479765 ], [ 45.306807903656001, -5.615022947999418 ], [ 45.131251697153417, -5.624803238055272 ], [ 44.994327636371459, -5.66392439827869 ], [ 44.892857127041964, -5.705735138267467 ], [ 44.767424907075643, -5.71086979054679 ], [ 44.683314412595294, -5.683484978390398 ], [ 44.646149310383045, -5.613066889988247 ], [ 44.618764498226653, -5.523088221474389 ], [ 44.630745353545066, -5.451447596815257 ], [ 44.67964680382434, -5.373205276368423 ], [ 44.763512791053301, -5.335306652401988 ], [ 44.947382244103359, -5.323570304334962 ], [ 45.053009376706584, -5.304009724223254 ], [ 45.070613898807125, -5.260976447977495 ], [ 45.053009376706584, -5.186646243553003 ], [ 45.072569956818292, -5.096667575039143 ], [ 45.168416799365666, -4.975391978346551 ], [ 45.283824222024741, -4.951919282212501 ], [ 45.416836166784364, -4.963655630279526 ], [ 45.52637541540993, -4.975391978346551 ], [ 45.653519186136037, -5.022337370614651 ], [ 45.737629680616379, -5.034073718681676 ], [ 45.878465857420679, -5.026249486636993 ], [ 45.976268757979227, -4.991040442435918 ], [ 45.995829338090935, -4.928446586078451 ], [ 46.034950498314352, -4.893237541877376 ], [ 46.115148876772359, -4.897149657899718 ] ], [ [ 44.683314412595294, -5.683484978390398 ], [ 44.592846729578532, -5.700844993239554 ], [ 44.534164989243408, -5.720405573351262 ], [ 44.510692293109358, -5.771263081641704 ], [ 44.506780177087016, -5.822120589932147 ], [ 44.463746900841258, -5.85341751811088 ], [ 44.428537856640183, -5.87689021424493 ], [ 44.401153044483785, -5.935571954580055 ], [ 44.401153044483785, -5.978605230825814 ], [ 44.405065160506126, -6.021638507071573 ], [ 44.405065160506126, -6.072496015362015 ], [ 44.408977276528468, -6.123353523652457 ], [ 44.377680348349735, -6.197683728076949 ], [ 44.31899860801461, -6.256365468412074 ], [ 44.229019939500752, -6.299398744657833 ], [ 44.162513967120944, -6.303310860680175 ], [ 44.092095878718794, -6.303310860680175 ] ], [ [ 45.306807903656001, -5.615022947999418 ], [ 45.316588193711745, -5.544360352345886 ], [ 45.343973005868136, -5.481766495988419 ], [ 45.406566862225603, -5.450469567809686 ], [ 45.461336486538386, -5.419172639630951 ], [ 45.453512254493702, -5.356578783273484 ], [ 45.492633414717119, -5.286160694871334 ], [ 45.559139387096927, -5.250951650670259 ], [ 45.578699967208635, -5.23139107055855 ] ], [ [ 45.700953592906913, -5.95708859270292 ], [ 45.758657304236358, -5.900362910378981 ], [ 45.817339044571483, -5.884714446289613 ], [ 45.876020784906608, -5.884714446289613 ], [ 45.907317713085341, -5.857329634133221 ], [ 45.919054061152366, -5.822120589932147 ], [ 45.934702525241732, -5.763438849597021 ], [ 45.930790409219391, -5.712581341306579 ], [ 45.907317713085341, -5.661723833016136 ], [ 45.860372320817241, -5.606954208703353 ], [ 45.864284436839583, -5.528711888256519 ], [ 45.887757132973633, -5.470030147921394 ], [ 45.958175221375782, -5.41526052360861 ], [ 46.012944845688565, -5.41526052360861 ], [ 46.087275050113057, -5.419172639630951 ], [ 46.157693138515206, -5.43873321974266 ], [ 46.208550646805655, -5.466118031899052 ], [ 46.247671807029072, -5.50915130814481 ], [ 46.310265663386538, -5.548272468368228 ], [ 46.353298939632296, -5.575657280524619 ], [ 46.400244331900396, -5.587393628591644 ], [ 46.462838188257862, -5.618690556770378 ], [ 46.509783580525962, -5.653899600971453 ], [ 46.537168392682354, -5.708669225284237 ], [ 46.537168392682354, -5.763438849597021 ], [ 46.537168392682354, -5.810384241865121 ], [ 46.556728972794062, -5.837769054021513 ], [ 46.615410713129187, -5.861241750155563 ], [ 46.666268221419628, -5.87689021424493 ], [ 46.732774193799436, -5.87689021424493 ], [ 46.807104398223935, -5.865153866177905 ], [ 46.877522486626084, -5.826032705954488 ], [ 46.924467878894184, -5.763438849597021 ], [ 46.936204226961209, -5.708669225284237 ] ], [ [ 44.67964680382434, -5.373205276368423 ], [ 44.614363367701415, -5.340930319184118 ], [ 44.53220893123224, -5.340930319184118 ], [ 44.461790842830091, -5.352666667251142 ], [ 44.403109102494959, -5.364403015318167 ], [ 44.340515246137493, -5.364403015318167 ], [ 44.281833505802368, -5.344842435206459 ], [ 44.254448693645976, -5.309633391005384 ], [ 44.23880022955661, -5.247039534647917 ], [ 44.250536577623635, -5.172709330223425 ], [ 44.328778898070468, -5.141412402044691 ], [ 44.395284870450276, -5.153148750111717 ], [ 44.453966610785407, -5.153148750111717 ], [ 44.536121047254582, -5.168797214201083 ], [ 44.575242207477999, -5.168797214201083 ], [ 44.661308759969515, -5.157060866134058 ], [ 44.708254152237615, -5.121851821932982 ], [ 44.739551080416348, -5.063170081597857 ], [ 44.770848008595081, -4.996664109218048 ], [ 44.770848008595081, -4.941894484905265 ], [ 44.723902616326981, -4.894949092637164 ], [ 44.637836063835465, -4.859740048436089 ], [ 44.559593743388632, -4.81670677219033 ], [ 44.493087771008824, -4.79323407605628 ], [ 44.403109102494959, -4.79323407605628 ], [ 44.324866782048126, -4.785409844011597 ], [ 44.250536577623635, -4.76976137992223 ], [ 44.21532753342256, -4.734552335721155 ], [ 44.176206373199143, -4.675870595386029 ], [ 44.172294257176802, -4.597628274939195 ], [ 44.199679069333193, -4.507649606425336 ], [ 44.230975997511926, -4.441143634045527 ], [ 44.281833505802368, -4.37854977768806 ] ], [ [ 45.168416799365666, -4.975391978346551 ], [ 45.175752016907445, -4.909619527720945 ], [ 45.18748836497447, -4.854849903408162 ], [ 45.230521641220228, -4.815728743184745 ], [ 45.297027613600036, -4.796168163073037 ], [ 45.336148773823453, -4.753134886827278 ], [ 45.355709353935161, -4.69054103046981 ], [ 45.359621469957503, -4.643595638201711 ], [ 45.35179723791282, -4.584913897866585 ], [ 45.336148773823453, -4.530144273553801 ], [ 45.336148773823453, -4.455814069129309 ], [ 45.35179723791282, -4.408868676861209 ], [ 45.394830514158578, -4.36583540061545 ], [ 45.457424370516044, -4.3423627044814 ], [ 45.535666690962877, -4.322802124369691 ], [ 45.598260547320351, -4.322802124369691 ] ] ] } },
{ "type": "Feature", "properties": { "id": 57, "name": "Rhoyne", "size": null, "continent": "Essos" }, "geometry": { "type": "MultiLineString", "coordinates": [ [ [ 42.732635560955188, -8.933964378453554 ], [ 42.638744776418989, -8.800952433693938 ], [ 42.525293411771074, -8.73835857733647 ], [ 42.380545118944433, -8.757919157448178 ], [ 42.224060478050767, -8.730534345291787 ], [ 42.067575837157101, -8.609258748599194 ], [ 42.01280621284431, -8.495807383951286 ], [ 42.008894096821969, -8.3002015828342 ], [ 41.907179080241086, -8.206310798298 ], [ 41.807420121671363, -8.162299493046655 ], [ 41.701792989068139, -8.060584476465772 ], [ 41.695924815034616, -7.958869459884887 ], [ 41.670496060889405, -7.876715023415712 ], [ 41.541396232152124, -7.743214064153301 ], [ 41.502275071928715, -7.661548642186919 ], [ 41.496406897895191, -7.586729423259634 ], [ 41.510099303973398, -7.505064001293251 ], [ 41.508143245962216, -7.379876288578316 ], [ 41.46706602772764, -7.266424923930408 ], [ 41.457285737671775, -7.045390368668102 ], [ 41.46706602772764, -6.820443697383453 ], [ 41.463153911705298, -6.613101548199344 ], [ 41.414252461426024, -6.481067632445312 ], [ 41.289064748711091, -6.379352615864428 ], [ 41.292976864733433, -6.242428555082468 ], [ 41.292976864733433, -6.089856030211142 ], [ 41.277328400644066, -5.972492549540891 ], [ 41.242119356442991, -5.855129068870641 ], [ 41.226470892353625, -5.718205008088681 ], [ 41.285152632688749, -5.589105179351405 ], [ 41.343834373023874, -5.432620538457737 ], [ 41.375131301202607, -5.248751085407677 ], [ 41.289064748711084, -5.190558359575345 ], [ 41.191261848152543, -5.169041721452465 ], [ 41.075854425493461, -5.169041721452465 ], [ 40.978051524934919, -5.135788735262561 ], [ 40.901765262499254, -5.073194878905094 ], [ 40.807874477963054, -4.985172268402406 ], [ 40.768753317739638, -4.895193599888547 ], [ 40.755060911661438, -4.813039163419371 ], [ 40.716917780443609, -4.713035697598269 ], [ 40.568257371594626, -4.583935868860992 ], [ 40.501751399214818, -4.482220852280109 ], [ 40.493927167170135, -4.360945255587516 ], [ 40.513487747281843, -4.215218933755287 ], [ 40.548696791482918, -4.105679685129719 ], [ 40.544784675460576, -3.964843508325419 ], [ 40.513487747281843, -3.855304259699851 ], [ 40.525224095348868, -3.730116546984917 ], [ 40.611290647840384, -3.569719790068907 ], [ 40.615202763862726, -3.41323514917524 ], [ 40.662148156130826, -3.260662624303913 ], [ 40.740390476577659, -3.155035491700688 ], [ 40.830369145091517, -3.037672011030437 ], [ 40.830369145091517, -2.904660066270819 ], [ 40.795160100890442, -2.806857165712277 ], [ 40.740390476577659, -2.709054265153734 ], [ 40.653345895080527, -2.562838928818706 ], [ 40.641609547013502, -2.390705823835672 ], [ 40.766797259728435, -2.304639271344154 ], [ 40.821566884041225, -2.216861168092862 ], [ 40.923281900622108, -2.167715210562195 ], [ 40.978051524934891, -2.097297122160044 ], [ 41.017172685158307, -1.97210940944511 ], [ 41.033799178253261, -1.915383727121156 ], [ 41.028909033225332, -1.862570160819543 ], [ 40.986853785985161, -1.820514913579369 ], [ 40.935018248689133, -1.784327840372709 ], [ 40.848951696197609, -1.690437055836508 ], [ 40.802984332935104, -1.610727691881296 ], [ 40.769731346745196, -1.506078588283655 ], [ 40.744791607102783, -1.375022701535216 ], [ 40.767775288734029, -1.248856959814689 ], [ 40.834770275616641, -1.152032088261739 ], [ 40.924748944130499, -1.08552611588193 ], [ 41.057760888890115, -0.999459563390413 ], [ 41.09296993309119, -0.889920314764845 ], [ 41.11644262922524, -0.803853762273328 ], [ 41.147739557403973, -0.717787209781811 ], [ 41.150184629917945, -0.643946019860111 ], [ 41.150184629917945, -0.593088511569669 ], [ 41.146272513895603, -0.530494655212202 ] ], [ [ 43.784016322322529, -9.817744938483456 ], [ 43.700884276484743, -9.697805031815772 ], [ 43.618729840015568, -9.623474827391279 ], [ 43.470069431166586, -9.541320390922104 ], [ 43.384002878675069, -9.447429606385903 ], [ 43.262727281982478, -9.290944965492235 ], [ 43.121891105178172, -9.232263225157109 ], [ 42.945845884172797, -9.181405716866667 ], [ 42.83239451952489, -9.134460324598567 ], [ 42.76197643112274, -9.064042236196416 ], [ 42.732635560955188, -8.933964378453554 ] ] ] } },
{ "type": "Feature", "properties": { "id": 58, "name": "Selhoru", "size": null, "continent": "Essos" }, "geometry": { "type": "MultiLineString", "coordinates": [ [ [ 41.375131301202607, -5.248751085407677 ], [ 41.489560694856074, -5.152659735608916 ], [ 41.591275711436957, -5.129187039474866 ], [ 41.732111888241256, -5.152659735608916 ], [ 41.872948065045556, -5.105714343340816 ], [ 41.990311545715805, -4.988350862670565 ], [ 42.029432705939222, -4.792745061553481 ], [ 41.990311545715805, -4.604963492481079 ], [ 42.007916067816339, -4.548237810157124 ], [ 42.086158388263179, -4.485643953799658 ], [ 42.164400708710012, -4.428918271475703 ], [ 42.226994565067486, -4.368280473129406 ], [ 42.289588421424952, -4.356544125062381 ], [ 42.37956708993881, -4.411313749375165 ], [ 42.512579034698426, -4.415225865397507 ], [ 42.626030399346334, -4.380016821196431 ], [ 42.735569647971907, -4.297862384727256 ], [ 42.782515040240007, -4.203971600191055 ], [ 42.774690808195324, -4.102256583610171 ], [ 42.731657531949566, -4.055311191342071 ], [ 42.703294690787587, -3.989783247967847 ], [ 42.700360603770832, -3.902738666470745 ], [ 42.754152199078028, -3.856771303208229 ], [ 42.795229417312619, -3.803957736906617 ], [ 42.82848240350252, -3.760924460660858 ], [ 42.896944433893502, -3.749188112593833 ], [ 42.971274638317993, -3.778528982761395 ], [ 43.041692726720143, -3.821562259007154 ], [ 43.131671395234001, -3.837210723096521 ], [ 43.227518237781375, -3.825474375029496 ], [ 43.327277196351091, -3.778528982761395 ], [ 43.419211922876116, -3.67290185015817 ], [ 43.472025489177732, -3.588791355677823 ], [ 43.511146649401148, -3.508592977219819 ], [ 43.56200415769159, -3.44208700484001 ], [ 43.62655407206023, -3.387317380527226 ], [ 43.687191870406522, -3.354064394337322 ], [ 43.757609958808672, -3.35015227831498 ], [ 43.810423525110288, -3.371668916437859 ], [ 43.8563908883728, -3.440130946828839 ], [ 43.924852918763776, -3.426438540750643 ], [ 44.02461187733347, -3.321789437153003 ], [ 44.102854197780303, -3.20051384046041 ], [ 44.126326893914353, -3.090974591834843 ], [ 44.130239009936695, -2.96969899514225 ], [ 44.11850266186967, -2.895368790717757 ], [ 44.114590545847328, -2.801478006181557 ], [ 44.149799590048403, -2.711499337667698 ], [ 44.185008634249478, -2.617608553131497 ], [ 44.161535938115428, -2.515893536550613 ], [ 44.098942081757961, -2.472860260304854 ], [ 44.032436109378153, -2.406354287925045 ], [ 43.981578601087712, -2.343760431567579 ], [ 43.969842253020687, -2.265518111120744 ], [ 44.00113918119942, -2.191187906696252 ], [ 44.055908805512203, -2.14033039840581 ], [ 44.102854197780303, -2.09338500613771 ], [ 44.177184402204794, -2.062088077958976 ], [ 44.228041910495236, -2.112945586249418 ], [ 44.306284230942069, -2.155978862495177 ], [ 44.40408713150061, -2.159890978517519 ], [ 44.501890032059158, -2.163803094539861 ], [ 44.627077744774091, -2.171627326584544 ], [ 44.717056413287949, -2.195100022718594 ], [ 44.787474501690099, -2.253781763053719 ], [ 44.826595661913515, -2.34767254758992 ], [ 44.877453170203957, -2.394617939858021 ], [ 44.947871258606106, -2.449387564170804 ], [ 45.037849927119971, -2.480684492349538 ], [ 45.127828595633829, -2.468948144282513 ], [ 45.206070916080662, -2.394617939858021 ], [ 45.229543612214712, -2.281166575210111 ], [ 45.303873816639204, -2.18727579067391 ], [ 45.331258628795595, -2.073824426026001 ], [ 45.374291905041353, -1.999494221601509 ], [ 45.444709993443503, -1.968197293422776 ], [ 45.550337126046728, -1.987757873534484 ], [ 45.628579446493568, -2.030791149780243 ], [ 45.683349070806351, -2.11685770227176 ], [ 45.685305128817525, -2.190209877690667 ], [ 45.732250521085625, -2.256715850070476 ], [ 45.826141305621825, -2.303661242338576 ], [ 45.935680554247391, -2.31148547438326 ], [ 45.994362294582515, -2.252803734048134 ], [ 46.021747106738907, -2.147176601444908 ], [ 46.033483454805932, -2.065022164975733 ], [ 46.013922874694224, -1.959395032372507 ], [ 45.978713830493149, -1.877240595903331 ], [ 46.002186526627199, -1.802910391478839 ], [ 46.07651673105169, -1.755964999210738 ], [ 46.139110587409156, -1.720755955009663 ], [ 46.217352907855997, -1.728580187054347 ], [ 46.252561952057071, -1.771613463300105 ], [ 46.342540620570929, -1.806822507501181 ], [ 46.436431405107129, -1.802910391478839 ], [ 46.479464681352887, -1.904625408059723 ], [ 46.514673725553962, -1.986779844528899 ], [ 46.573355465889087, -2.041549468841682 ], [ 46.632037206224211, -2.084582745087441 ], [ 46.693653033576076, -2.10145374543379 ], [ 46.760159005955884, -2.105365861456131 ], [ 46.822752862313358, -2.109277977478473 ], [ 46.895127008726675, -2.091673455377935 ], [ 46.957720865084141, -2.058420469188031 ], [ 46.994885967296391, -2.034947773053981 ], [ 47.039875301553316, -1.984090264763539 ], [ 47.071172229732049, -1.939100930506609 ], [ 47.094644925866106, -1.880419190171484 ], [ 47.100513099899615, -1.808045043758162 ], [ 47.106381273933131, -1.749363303423037 ], [ 47.108337331944298, -1.696549737121424 ], [ 47.108337331944298, -1.647648286842153 ], [ 47.108337331944298, -1.610483184629907 ], [ 47.116161563988982, -1.575274140428832 ], [ 47.139634260123032, -1.538109038216585 ], [ 47.180711478357622, -1.506812110037852 ], [ 47.215920522558697, -1.475515181859118 ], [ 47.249173508748598, -1.452042485725068 ], [ 47.288294668972014, -1.416833441523993 ] ], [ [ 42.735569647971907, -4.297862384727256 ], [ 42.808921823390712, -4.317911979341764 ], [ 42.891076259859886, -4.298351399230055 ], [ 42.941933768150328, -4.247493890939613 ], [ 43.024088204619503, -4.208372730716197 ], [ 43.106242641088677, -4.19272426662683 ], [ 43.20795765766956, -4.204460614693855 ], [ 43.282287862094059, -4.267054471051322 ], [ 43.313584790272792, -4.325736211386448 ], [ 43.313584790272792, -4.42353911194499 ], [ 43.270551514027034, -4.474396620235432 ], [ 43.215781889714243, -4.552638940682266 ], [ 43.188397077557852, -4.626969145106758 ], [ 43.164924381423802, -4.709123581575934 ], [ 43.13753956926741, -4.779541669978085 ], [ 43.16101226540146, -4.865608222469602 ], [ 43.223606121758927, -4.904729382693018 ], [ 43.266639398004692, -4.90864149871536 ] ], [ [ 44.177184402204794, -2.062088077958976 ], [ 44.248580519612453, -2.010741555165749 ], [ 44.291613795858211, -1.948147698808282 ], [ 44.268141099724161, -1.885553842450814 ], [ 44.205547243366695, -1.854256914272081 ], [ 44.135129154964545, -1.862081146316764 ], [ 44.064711066562396, -1.897290190517839 ], [ 43.978644514070879, -1.897290190517839 ], [ 43.888665845557021, -1.881641726428473 ], [ 43.845632569311263, -1.834696334160372 ], [ 43.845632569311263, -1.768190361780563 ], [ 43.869105265445313, -1.697772273378413 ], [ 43.931699121802779, -1.646914765087971 ], [ 44.013853558271954, -1.607793604864554 ], [ 44.12339280689752, -1.584320908730504 ], [ 44.201635127344353, -1.596057256797529 ], [ 44.279877447791186, -1.596057256797529 ], [ 44.334647072103969, -1.564760328618795 ], [ 44.389416696416752, -1.490430124194303 ], [ 44.401153044483777, -1.408275687725127 ], [ 44.408977276528461, -1.34568183136766 ], [ 44.385504580394411, -1.294824323077218 ], [ 44.373768232327386, -1.236142582742093 ], [ 44.389416696416752, -1.169636610362284 ], [ 44.428537856640176, -1.1148669860495 ], [ 44.452010552774226, -1.0679215937814 ], [ 44.483307480952959, -1.005327737423933 ] ] ] } },
{ "type": "Feature", "properties": { "id": 59, "name": null, "size": null, "continent": "Essos" }, "geometry": { "type": "MultiLineString", "coordinates": [ [ [ 45.331258628795595, -2.073824426026001 ], [ 45.280401120505154, -1.940812481266384 ], [ 45.196290626024812, -1.857680015791623 ], [ 45.133696769667345, -1.779437695344789 ], [ 45.137608885689687, -1.697283258875613 ], [ 45.16890581386842, -1.630777286495804 ], [ 45.235411786248228, -1.615128822406438 ], [ 45.305829874650378, -1.615128822406438 ], [ 45.368423731007844, -1.622953054451121 ], [ 45.462314515544044, -1.650337866607513 ], [ 45.552293184057902, -1.654249982629854 ], [ 45.630535504504742, -1.603392474339412 ], [ 45.693129360862208, -1.540798617981945 ], [ 45.79093226142075, -1.427347253334036 ], [ 45.873086697889924, -1.313895888686127 ], [ 45.932746467230629, -1.210958335848261 ], [ 46.004142584638359, -1.081858507110985 ], [ 46.070648557018174, -0.959604881412807 ], [ 46.113681833263932, -0.858378879334716 ], [ 46.203660501777797, -0.780136558887882 ], [ 46.276034648191121, -0.674264919033259 ], [ 46.277012677196687, -0.619250787469079 ], [ 46.29852931531957, -0.570349337189808 ], [ 46.327870185487129, -0.542964525033416 ], [ 46.366991345710545, -0.531717191469184 ], [ 46.423717028034503, -0.531228176966391 ], [ 46.50391540649251, -0.544920583044587 ], [ 46.582157726939343, -0.591865975312688 ], [ 46.658443989375002, -0.634899251558446 ], [ 46.734730251810667, -0.674020411781863 ], [ 46.832533152369209, -0.682333658329339 ], [ 46.891214892704333, -0.674020411781863 ], [ 46.97728144519585, -0.630987135536105 ], [ 47.030095011497465, -0.580129627245663 ], [ 47.08877675183259, -0.501887306798829 ], [ 47.108337331944298, -0.433425276407849 ], [ 47.108337331944298, -0.296501215625889 ] ], [ [ 45.932746467230629, -1.210958335848261 ], [ 45.893625307007156, -1.145185885222648 ], [ 45.858416262806081, -1.106064724999231 ], [ 45.811470870537981, -1.082592028865181 ], [ 45.73714066611349, -1.082592028865181 ], [ 45.662810461688998, -1.070855680798156 ], [ 45.608040837376215, -1.031734520574739 ], [ 45.568919677152792, -0.980877012284297 ], [ 45.549359097041084, -0.890898343770438 ], [ 45.568919677152792, -0.824392371390629 ], [ 45.600216605331532, -0.73441370287677 ], [ 45.662810461688998, -0.652259266407595 ] ] ] } },
{ "type": "Feature", "properties": { "id": 60, "name": null, "size": null, "continent": "Essos" }, "geometry": { "type": "MultiLineString", "coordinates": [ [ [ 46.436431405107129, -1.802910391478839 ], [ 46.478486652347286, -1.811468145277711 ], [ 46.515651754559535, -1.791907565166003 ], [ 46.526410073620987, -1.73640441909903 ], [ 46.52738810262656, -1.707797070685656 ], [ 46.565531233844403, -1.681634794786246 ], [ 46.60758648108456, -1.672588026484581 ], [ 46.624212974179528, -1.650337866607513 ], [ 46.652575815341493, -1.62368657620531 ], [ 46.670180337442027, -1.588477532004235 ], [ 46.683872743520226, -1.53175184968028 ], [ 46.685828801531393, -1.476982225367496 ], [ 46.672136395453201, -1.412432310998858 ], [ 46.668224279430859, -1.379179324808954 ], [ 46.65453187335266, -1.330277874529683 ], [ 46.658443989375002, -1.279420366239241 ] ] ] } },
{ "type": "Feature", "properties": { "id": 61, "name": null, "size": null, "continent": "Essos" }, "geometry": { "type": "MultiLineString", "coordinates": [ [ [ 43.8563908883728, -3.440130946828839 ], [ 43.893555990585043, -3.494900571141623 ], [ 43.938545324841961, -3.51788425277288 ], [ 44.008963413244111, -3.523752426806392 ], [ 44.05590880551221, -3.527664542828735 ], [ 44.091117849713285, -3.557005412996297 ], [ 44.138063241981392, -3.601994747253227 ], [ 44.190876808283001, -3.611775037309081 ], [ 44.271075186741008, -3.596126573219714 ], [ 44.343449333154325, -3.557005412996297 ], [ 44.386482609400083, -3.49441155663883 ], [ 44.400175015478283, -3.414213178180825 ], [ 44.411911363545308, -3.365311727901554 ], [ 44.411911363545308, -3.314454219611112 ], [ 44.409955305534133, -3.264085725823462 ], [ 44.462768871835742, -3.196601724438068 ], [ 44.541011192282575, -3.17704114432636 ], [ 44.627077744774091, -3.157480564214651 ], [ 44.697495833176241, -3.165304796259335 ], [ 44.748353341466682, -3.173129028304018 ], [ 44.779650269645416, -3.22398653659446 ], [ 44.799210849757124, -3.290492508974269 ], [ 44.818771429868832, -3.341350017264711 ], [ 44.803122965779465, -3.40785598964452 ], [ 44.724880645332632, -3.45480138191262 ], [ 44.646638324885799, -3.502724803186306 ], [ 44.611429280684725, -3.577055007610798 ], [ 44.591868700573016, -3.663121560102315 ], [ 44.619253512729408, -3.757012344638516 ], [ 44.709232181243266, -3.843078897130034 ], [ 44.834419893958199, -3.893936405420475 ], [ 44.971343954740156, -3.874375825308767 ], [ 45.069146855298705, -3.874375825308767 ], [ 45.186510335968954, -3.843078897130034 ], [ 45.303873816639204, -3.780485040772566 ], [ 45.386028253108378, -3.690506372258707 ], [ 45.495567501733944, -3.55749442749909 ], [ 45.585546170247802, -3.423504453733887 ] ], [ [ 44.748353341466682, -3.173129028304018 ], [ 44.809969168818498, -3.119826447499619 ], [ 44.880387257220647, -3.100265867387911 ], [ 44.946893229600455, -3.112002215454936 ], [ 44.970365925734505, -3.151123375678353 ], [ 45.01339920198027, -3.170683955790061 ], [ 45.072080942315395, -3.178508187834745 ], [ 45.142499030717545, -3.182420303857087 ], [ 45.209005003097353, -3.16677183976772 ], [ 45.263774627410136, -3.115914331477278 ], [ 45.283335207521844, -3.05332047511981 ], [ 45.283335207521844, -2.98290238671766 ], [ 45.310720019678236, -2.908572182293168 ], [ 45.381138108080386, -2.810769281734625 ], [ 45.451556196482535, -2.791208701622917 ], [ 45.529798516929368, -2.77556023753355 ], [ 45.588480257264493, -2.787296585600575 ] ] ] } },
{ "type": "Feature", "properties": { "id": 62, "name": "Lhorulu", "size": null, "continent": "Essos" }, "geometry": { "type": "MultiLineString", "coordinates": [ [ [ 38.436154139418342, -0.845175487759313 ], [ 38.38236254411116, -0.76082048602757 ], [ 38.335417151843053, -0.707028890720371 ], [ 38.228811990234256, -0.64003390383777 ], [ 38.152525727798583, -0.587709352038949 ], [ 38.077217494368504, -0.53465127848594 ], [ 38.011689550994284, -0.493574060251352 ], [ 37.97159036176528, -0.43269175465366 ], [ 37.960832042703842, -0.394304116184432 ], [ 37.961810071709422, -0.362029159000113 ], [ 37.965722187731764, -0.290877548843773 ], [ 37.966700216737351, -0.245643707335447 ], [ 37.954963868670326, -0.171313502910955 ], [ 37.933447230547451, -0.114343313335604 ], [ 37.895304099329614, -0.039035079905527 ], [ 37.834666300983315, 0.039207240541307 ], [ 37.782830763687286, 0.097644473625036 ] ], [ [ 38.436154139418342, -0.845175487759313 ], [ 38.438110197429538, -0.742726949424239 ], [ 38.442022313451879, -0.62927558477633 ], [ 38.469407125608271, -0.515824220128421 ], [ 38.532000981965744, -0.449318247748612 ], [ 38.551561562077453, -0.371075927301778 ], [ 38.532052013300742, -0.278199122115727 ], [ 38.532000981965744, -0.177426184195864 ], [ 38.528088865943403, -0.071799051592638 ], [ 38.563297910144477, -0.013117311257513 ], [ 38.614155418434919, 0.053388661122296 ], [ 38.629803882524286, 0.143367329636155 ], [ 38.657188694680677, 0.248994462239381 ], [ 38.637628114568969, 0.374182174954315 ], [ 38.590682722300869, 0.456336611423491 ], [ 38.559385794122136, 0.542403163915008 ] ], [ [ 40.641609547013502, -2.390705823835672 ], [ 40.504685486231544, -2.359408895656938 ], [ 40.379497773516611, -2.359408895656938 ], [ 40.262134292846355, -2.371145243723963 ], [ 40.168243508310155, -2.355496779634596 ], [ 40.101737535930347, -2.312463503388838 ], [ 40.019583099461173, -2.285078691232446 ], [ 39.919824140891443, -2.235932733701786 ], [ 39.86505451657866, -2.157690413254952 ], [ 39.857230284533976, -2.048151164629384 ], [ 39.790724312154168, -1.977733076227233 ], [ 39.704657759662652, -1.926875567936791 ], [ 39.642063903305178, -1.876018059646349 ], [ 39.595118511037079, -1.801687855221857 ], [ 39.583382162970054, -1.727357650797365 ], [ 39.57555793092537, -1.66867591046224 ], [ 39.571645814903029, -1.572829067914868 ], [ 39.544261002746637, -1.492630689456863 ], [ 39.493403494456196, -1.441773181166421 ], [ 39.411249057987021, -1.406564136965346 ], [ 39.340830969584864, -1.379179324808954 ], [ 39.288017403283256, -1.379179324808954 ], [ 39.21173114084759, -1.402652020943004 ], [ 39.162829690568323, -1.402652020943004 ], [ 39.096323718188515, -1.4163444270212 ], [ 39.0298177458087, -1.420256543043542 ], [ 38.963311773428892, -1.422212601054712 ], [ 38.894849743037916, -1.410476252987688 ], [ 38.840080118725133, -1.377223266797783 ], [ 38.765749914300635, -1.32440970049617 ], [ 38.729562841093973, -1.297513902842571 ], [ 38.688485622859382, -1.264260916652667 ], [ 38.622957679485161, -1.204601147311956 ], [ 38.563297910144449, -1.154721668027099 ], [ 38.506572227820492, -1.096528942194766 ], [ 38.462560922569146, -1.017308592742347 ], [ 38.459626835552392, -0.938088243289928 ], [ 38.436154139418342, -0.845175487759313 ] ] ] } },
{ "type": "Feature", "properties": { "id": 63, "name": "Rhoyne", "size": null, "continent": "Essos" }, "geometry": { "type": "MultiLineString", "coordinates": [ [ [ 40.915457668577424, 0.663678760607608 ], [ 40.86851227630931, 0.794734647356047 ], [ 40.76679725972842, 0.919922360070982 ], [ 40.641609547013488, 1.009901028584841 ], [ 40.543806646454946, 1.052934304830599 ], [ 40.473388558052797, 1.049022188808258 ], [ 40.395146237605964, 1.099879697098699 ], [ 40.340376613293181, 1.201594713679584 ], [ 40.328640265226156, 1.30722184628281 ], [ 40.363849309427231, 1.373727818662618 ], [ 40.430355281807039, 1.455882255131794 ], [ 40.449915861918747, 1.577157851824387 ], [ 40.442091629874064, 1.690609216472296 ], [ 40.383409889538939, 1.784500001008496 ], [ 40.285606988980398, 1.886215017589381 ], [ 40.250397944779316, 2.003578498259631 ], [ 40.230837364667607, 2.101381398818174 ], [ 40.179979856377166, 2.187447951309691 ], [ 40.082176955818625, 2.2539539236895 ], [ 39.984374055260083, 2.316547780046967 ], [ 39.894395386746218, 2.334152302147505 ], [ 39.780944022098311, 2.341976534192188 ], [ 39.687053237562111, 2.377185578393263 ], [ 39.581426104958879, 2.36936134634858 ], [ 39.483623204400338, 2.41630673861668 ], [ 39.39364453588648, 2.451515782817756 ], [ 39.276281055216231, 2.502373291108198 ], [ 39.241072011015156, 2.572791379510348 ], [ 39.264544707149206, 2.651033699957182 ], [ 39.307577983394964, 2.7371002524487 ], [ 39.342787027596039, 2.827078920962558 ], [ 39.350611259640722, 2.907277299420563 ], [ 39.280193171238572, 3.087234636448281 ], [ 39.170653922613006, 3.042245302191352 ], [ 39.02786168779754, 3.010948374012618 ], [ 38.867464930881532, 3.046157418213693 ], [ 38.718804522032549, 3.093102810481794 ], [ 38.605353157384641, 3.112663390593502 ], [ 38.47625332864736, 3.100927042526477 ], [ 38.413659472289893, 3.046157418213693 ], [ 38.354977731954769, 3.003124141967935 ], [ 38.20240520708338, 3.012415417520989 ], [ 38.022447870055665, 3.020239649565672 ], [ 37.889435925296041, 3.08283350592314 ], [ 37.748599748491742, 3.176724290459341 ], [ 37.615587803732126, 3.200196986593391 ], [ 37.427806234659727, 3.278439307040224 ], [ 37.232200433542637, 3.372330091576425 ], [ 37.130485416961754, 3.52099050042541 ], [ 37.075715792648971, 3.646178213140344 ], [ 37.083540024693654, 3.810487086078695 ], [ 37.049341968105594, 3.905030612661342 ], [ 36.985737124135113, 4.018807264268391 ], [ 36.864461527442522, 4.089225352670542 ], [ 36.751010162794614, 4.116610164826933 ], [ 36.649295146213724, 4.15573132505035 ], [ 36.578877057811575, 4.183116137206742 ], [ 36.516283201454108, 4.245709993564209 ], [ 36.453689345096642, 4.33960077810041 ], [ 36.433150735979467, 4.431290997374058 ], [ 36.444887084046492, 4.525181781910258 ], [ 36.437062852001809, 4.603424102357092 ], [ 36.382293227689019, 4.668463031228523 ], [ 36.300138791219851, 4.689490654848609 ], [ 36.206248006683651, 4.677754306781584 ], [ 36.143654150326185, 4.701227002915634 ], [ 36.104532990102761, 4.748172395183735 ], [ 36.081060293968712, 4.826414715630569 ], [ 36.045851249767637, 4.916393384144428 ] ] ] } },
{ "type": "Feature", "properties": { "id": 64, "name": "Little Rhoyne", "size": null, "continent": "Essos" }, "geometry": { "type": "MultiLineString", "coordinates": [ [ [ 36.045851249767637, 4.916393384144428 ], [ 35.895357036533099, 5.006127545406876 ], [ 35.781905671885191, 5.056985053697319 ], [ 35.644981611103233, 5.076545633809027 ], [ 35.519793898388301, 5.08436986585371 ], [ 35.382869837606343, 5.080457749831369 ], [ 35.261594240913745, 5.127403142099468 ], [ 35.136406528198812, 5.182172766412252 ], [ 35.019043047528562, 5.299536247082504 ], [ 34.909503798902996, 5.405163379685729 ], [ 34.82343724641148, 5.499054164221929 ], [ 34.702161649718882, 5.542087440467689 ], [ 34.545677008825216, 5.54599955649003 ], [ 34.4126650640656, 5.553823788534713 ], [ 34.260092539194275, 5.592944948758131 ], [ 34.142729058524026, 5.694659965339015 ], [ 34.041014041943136, 5.804199213964583 ], [ 33.951035373429278, 5.862880954299707 ], [ 33.880617285027128, 5.945035390768883 ], [ 33.888441517071811, 6.042838291327426 ], [ 33.900177865138836, 6.136729075863626 ], [ 33.888441517071811, 6.226707744377485 ], [ 33.825847660714345, 6.312774296869002 ], [ 33.74369322424517, 6.39884084936052 ], [ 33.657626671753654, 6.508380097986088 ], [ 33.571560119262138, 6.578798186388238 ], [ 33.481581450748273, 6.602270882522288 ], [ 33.399427014279098, 6.621831462633997 ], [ 33.30944834576524, 6.621831462633997 ], [ 33.211645445206699, 6.657040506835072 ], [ 33.133403124759866, 6.680513202969122 ], [ 33.027775992156641, 6.76657975546064 ] ] ] } },
{ "type": "Feature", "properties": { "id": 65, "name": "Upper Rhoyne", "size": null, "continent": "Essos" }, "geometry": { "type": "MultiLineString", "coordinates": [ [ [ 36.045851249767637, 4.916393384144428 ], [ 36.073358315549662, 4.969940472200215 ], [ 36.077270431572003, 5.048182792647049 ], [ 36.030325039303904, 5.114688765026858 ], [ 35.99902811112517, 5.185106853429009 ], [ 36.006852343169854, 5.243788593764134 ], [ 36.018588691236879, 5.357239958412044 ], [ 36.065534083504978, 5.415921698747169 ], [ 36.089006779639028, 5.474603439082294 ], [ 36.073358315549662, 5.545021527484445 ], [ 36.018588691236879, 5.607615383841912 ], [ 35.940346370790046, 5.646736544065329 ], [ 35.909049442611312, 5.717154632467479 ], [ 35.915270306867825, 5.793760254355135 ], [ 35.995115995102829, 5.83451811313773 ], [ 36.04597350339327, 5.869727157338806 ], [ 36.100743127706053, 5.904936201539881 ], [ 36.112479475773078, 5.959705825852665 ], [ 36.061621967482637, 6.026211798232474 ], [ 36.002940227147512, 6.053596610388865 ], [ 35.924697906700679, 6.04186026232184 ], [ 35.856235876309682, 6.048217450858146 ], [ 35.805378368019241, 6.1049431331821 ], [ 35.774081439840508, 6.177317279595422 ], [ 35.770169323818166, 6.232086903908205 ], [ 35.760389033762316, 6.28881258623216 ], [ 35.729092105583582, 6.35727461662314 ], [ 35.686058829337824, 6.419868472980607 ], [ 35.617596798946842, 6.45116540115934 ], [ 35.551090826567034, 6.482462329338074 ], [ 35.494365144243076, 6.503978967460953 ], [ 35.439595519930293, 6.543100127684371 ], [ 35.394606185673368, 6.592001577963641 ], [ 35.357441083461119, 6.646771202276425 ], [ 35.33989571403395, 6.711024098003342 ], [ 35.322232039260044, 6.750931291371272 ], [ 35.326144155282385, 6.805700915684056 ], [ 35.326144155282385, 6.870250830052695 ], [ 35.308539633181844, 6.925020454365479 ], [ 35.275286646991944, 6.970009788622407 ], [ 35.224429138701502, 7.007174890834654 ], [ 35.163791340355203, 7.026735470946362 ], [ 35.091417193941886, 7.040427877024558 ], [ 34.988724148355423, 7.061944515147437 ], [ 34.948624959126427, 7.078081993739597 ], [ 34.919284088958868, 7.121115269985355 ], [ 34.893855334813644, 7.148500082141748 ], [ 34.841041768512035, 7.168060662253456 ], [ 34.790184260221594, 7.187621242365164 ], [ 34.743238867953494, 7.240434808666778 ], [ 34.713897997785928, 7.316721071102441 ], [ 34.672820779551337, 7.387139159504591 ], [ 34.584798169048653, 7.437996667795034 ], [ 34.516336138657671, 7.471249653984938 ], [ 34.457654398322546, 7.479073886029621 ], [ 34.40484083202093, 7.52210716227538 ], [ 34.379412077875713, 7.579321859102127 ], [ 34.316818221518247, 7.649739947504277 ], [ 34.256180423171948, 7.710377745850574 ], [ 34.207278972892681, 7.765147370163358 ], [ 34.129036652445848, 7.845345748621362 ], [ 34.046882215976666, 7.888868039369914 ], [ 33.9842883596192, 7.931901315615672 ], [ 33.908002097183541, 7.957330069760894 ], [ 33.841496124803733, 7.998407287995481 ], [ 33.767165920379234, 8.068825376397632 ], [ 33.720220528111135, 8.13533134877744 ], [ 33.665450903798352, 8.216018741738239 ], [ 33.640022149653134, 8.292305004173901 ], [ 33.624373685563768, 8.372503382631907 ], [ 33.612637337496743, 8.440965413022885 ], [ 33.608725221474401, 8.515295617447379 ], [ 33.606769163463227, 8.577889473804845 ], [ 33.577428293295668, 8.63657121413997 ], [ 33.514834436938195, 8.695252954475096 ], [ 33.485493566770636, 8.755890752821392 ], [ 33.469845102681262, 8.834255326893924 ], [ 33.460553827128201, 8.882667762670403 ], [ 33.444416348536045, 8.936826118854695 ], [ 33.436592116491362, 8.995507859189821 ], [ 33.43414704397739, 9.049177200871322 ], [ 33.432190985966216, 9.126441492312569 ], [ 33.449795508066757, 9.174364913586256 ], [ 33.484026523262244, 9.237936798949308 ], [ 33.506521190390707, 9.31031094536263 ], [ 33.468378059172878, 9.378283961250816 ], [ 33.421432666904778, 9.470218687775846 ], [ 33.384267564692536, 9.561175385295291 ], [ 33.396003912759561, 9.643329821764466 ], [ 33.454685653094685, 9.694187330054909 ], [ 33.474246233206394, 9.776341766524084 ], [ 33.470334117184052, 9.901529479239018 ], [ 33.429256898949461, 10.021338032423232 ], [ 33.356882752536137, 10.125009107015288 ], [ 33.325585824357404, 10.22085594956266 ], [ 33.309937360268037, 10.318658850121201 ], [ 33.278640432089304, 10.398857228579207 ], [ 33.191720891026435, 10.489175785505736 ], [ 33.12918017441406, 10.568394026548077 ], [ 33.066639457801678, 10.622595980945476 ], [ 32.969583266324314, 10.670260277629161 ], [ 32.910901525989189, 10.752414714098338 ], [ 32.879604597810456, 10.881514542835614 ], [ 32.840483437587039, 11.006702255550547 ], [ 32.785713813274256, 11.073208227930357 ], [ 32.707471492827423, 11.131889968265481 ], [ 32.613580708291217, 11.206220172689974 ], [ 32.500129343643309, 11.276638261092124 ], [ 32.414062791151792, 11.350968465516617 ], [ 32.335820470704959, 11.421386553918767 ], [ 32.273226614347493, 11.491804642320918 ], [ 32.183247945833635, 11.546574266633701 ], [ 32.105005625386802, 11.562222730723068 ] ], [ [ 33.506521190390707, 9.31031094536263 ], [ 33.568137017742593, 9.400778628379282 ], [ 33.658115686256451, 9.482933064848456 ], [ 33.763742818859676, 9.565087501317633 ], [ 33.877194183507591, 9.635505589719783 ], [ 34.002381896222523, 9.670714633920857 ], [ 34.162778653138531, 9.655066169831491 ], [ 34.346648106188589, 9.635505589719783 ], [ 34.52269332719397, 9.662890401876174 ], [ 34.632232575819536, 9.741132722323009 ], [ 34.702650664221686, 9.870232551060285 ], [ 34.741771824445102, 9.979771799685851 ], [ 34.761332404556811, 10.120607976490152 ], [ 34.780892984668519, 10.23014722511572 ] ] ] } },
{ "type": "Feature", "properties": { "id": 66, "name": "Noyne", "size": null, "continent": "Essos" }, "geometry": { "type": "MultiLineString", "coordinates": [ [ [ 39.280193171238572, 3.087234636448281 ], [ 39.293885577316779, 3.179169362973311 ], [ 39.272368939193889, 3.29262072762122 ], [ 39.262588649138046, 3.413896324313813 ], [ 39.239115953003996, 3.542996153051089 ], [ 39.219555372892287, 3.644711169631973 ], [ 39.184346328691213, 3.75425041825754 ], [ 39.184346328691213, 3.883350246994817 ], [ 39.117840356311405, 3.977241031531017 ], [ 39.043510151886835, 4.022719380290733 ], [ 38.992652643596394, 4.097049584715225 ], [ 38.957443599395319, 4.214413065385475 ], [ 38.968461291951975, 4.335422963352628 ], [ 39.012213223708102, 4.394370402413194 ], [ 39.012213223708102, 4.496085418994078 ], [ 38.98482841155171, 4.586064087507936 ], [ 38.918322439171902, 4.676042756021795 ], [ 38.843379858727225, 4.8065630284992 ], [ 38.851816466792094, 4.883384905205905 ], [ 38.816607422591019, 4.977275689742106 ], [ 38.742277218166528, 5.094639170412357 ], [ 38.67577124578672, 5.161145142792166 ], [ 38.656210665675012, 5.251123811306025 ], [ 38.707068173965453, 5.384135756065643 ], [ 38.72271663805482, 5.44672961242311 ], [ 38.825042922764254, 5.500765714981704 ], [ 38.895461011166404, 5.60639284758493 ], [ 38.954142751501529, 5.692459400076448 ], [ 38.997176027747287, 5.786350184612648 ], [ 39.05194565206007, 5.794174416657332 ], [ 39.153660668640953, 5.825471344836065 ], [ 39.212342408976085, 5.888065201193532 ], [ 39.243639337154818, 6.013252913908467 ], [ 39.235815105110134, 6.126704278556375 ], [ 39.216254524998426, 6.25189199127131 ], [ 39.130187972506903, 6.400552400120294 ], [ 39.118451624439878, 6.502267416701179 ], [ 39.12236374046222, 6.615718781349088 ], [ 39.114539508417536, 6.70276336284619 ], [ 39.134100088529237, 6.756554958153389 ], [ 39.143391364082326, 6.789807944343293 ], [ 39.159528842674462, 6.809368524455002 ], [ 39.178600408283408, 6.820126843516442 ], [ 39.200606060909053, 6.815236698488515 ], [ 39.223589742540334, 6.786873857326537 ], [ 39.263199917266519, 6.772203422242756 ], [ 39.290095714920142, 6.776115538265097 ], [ 39.312101367545786, 6.795676118376806 ], [ 39.345354353735694, 6.844577568656077 ], [ 39.380563397936768, 6.881742670868324 ], [ 39.398167920037302, 6.942380469214619 ], [ 39.394255804014961, 6.995194035516232 ], [ 39.370783107880925, 7.050941688834602 ], [ 39.323837715612811, 7.152656705415485 ], [ 39.271024149311202, 7.238723257907003 ], [ 39.231902989087786, 7.320877694376179 ], [ 39.214298466987245, 7.383471550733645 ], [ 39.186913654830853, 7.430416943001746 ], [ 39.141924320573928, 7.46366992919165 ], [ 39.102803160350504, 7.516483495493263 ], [ 39.063682000127088, 7.579077351850731 ], [ 39.034341129959529, 7.637759092185856 ], [ 39.018692665870162, 7.715023383627105 ], [ 39.028472955926013, 7.830430806286184 ], [ 39.014780549847828, 7.892046633638066 ], [ 39.032385071948354, 7.984959389168681 ], [ 39.046077478026554, 8.071025941660199 ], [ 39.057813826093579, 8.133619798017666 ], [ 39.057813826093579, 8.229466640565038 ], [ 39.048033536037721, 8.317489251067725 ], [ 38.99717602774728, 8.387907339469876 ], [ 38.911109475255763, 8.44267696378266 ], [ 38.817218690719564, 8.479842065994907 ], [ 38.74484454430624, 8.51113899417364 ], [ 38.67706068014099, 8.584163897481716 ], [ 38.64117346971419, 8.647085025950014 ], [ 38.648997701758873, 8.77618485468729 ], [ 38.662690107837065, 8.866163523201148 ], [ 38.684206745959948, 8.944405843647983 ], [ 38.705723384082823, 9.014823932050133 ], [ 38.705723384082823, 9.093066252496968 ], [ 38.684206745959948, 9.195270283580644 ], [ 38.680294629937606, 9.269600488005135 ], [ 38.707679442093998, 9.361535214530166 ], [ 38.742888486295072, 9.445645709010513 ], [ 38.795702052596681, 9.51019562337915 ], [ 38.883724663099372, 9.553228899624909 ], [ 39.006956317803144, 9.582080755289679 ], [ 39.100847102339337, 9.588926958328777 ], [ 39.196693944886711, 9.62022388650751 ], [ 39.282760497378227, 9.647608698663902 ], [ 39.357090701802719, 9.702378322976687 ], [ 39.415772442137843, 9.759104005300641 ], [ 39.450981486338918, 9.82365391966928 ], [ 39.464673892417117, 9.921945834730614 ], [ 39.449025428327744, 10.043221431423207 ], [ 39.396211862026135, 10.146892506015261 ], [ 39.323837715612811, 10.223667782953717 ], [ 39.263199917266519, 10.315602509478747 ], [ 39.192781828864369, 10.399713003959093 ], [ 39.108671334384027, 10.520988600651686 ] ], [ [ 38.64117346971419, 8.647085025950014 ], [ 38.589337932418175, 8.692074360206943 ], [ 38.528700134071876, 8.723371288385676 ], [ 38.473930509759093, 8.75466821656441 ], [ 38.434809349535676, 8.801613608832511 ], [ 38.399600305334602, 8.858339291156465 ], [ 38.380039725222893, 8.91702103149159 ], [ 38.360479145111185, 8.975702771826716 ], [ 38.344830681021818, 9.034384512161841 ], [ 38.309621636820744, 9.093066252496968 ], [ 38.276368650630836, 9.134143470731555 ], [ 38.217686910295711, 9.16935251493263 ], [ 38.162917285982928, 9.198693385100192 ], [ 38.112059777692487, 9.222166081234244 ], [ 38.059246211390871, 9.25933118344649 ], [ 38.014256877133946, 9.292584169636394 ], [ 37.981003890944038, 9.321925039803956 ], [ 37.941882730720621, 9.373760577099985 ], [ 37.934058498675938, 9.436354433457451 ], [ 37.94775090475413, 9.493080115781405 ], [ 37.982959948955212, 9.540025508049506 ], [ 38.02599322520097, 9.590883016339948 ], [ 38.055334095368529, 9.637828408608048 ], [ 38.070982559457896, 9.684773800876149 ], [ 38.076850733491412, 9.755191889278299 ], [ 38.078806791502579, 9.809961513591082 ], [ 38.084674965536095, 9.864731137903867 ], [ 38.082718907524921, 9.925368936250162 ], [ 38.082718907524921, 9.960577980451237 ] ], [ [ 39.134100088529237, 6.756554958153389 ], [ 39.107693305378447, 6.786384842823744 ], [ 39.101825131344931, 6.817681771002478 ], [ 39.103781189356106, 6.895924091449312 ], [ 39.095956957311422, 6.972210353884975 ], [ 39.058791855099173, 7.017199688141904 ], [ 39.007934346808732, 7.058276906376492 ], [ 38.94729654846244, 7.079793544499371 ], [ 38.880790576082632, 7.079793544499371 ], [ 38.812328545691649, 7.079793544499371 ], [ 38.767339211434717, 7.107178356655764 ], [ 38.693009007010225, 7.156079806935034 ], [ 38.651931788775642, 7.204981257214306 ], [ 38.632371208663933, 7.232366069370697 ] ] ] } },
{ "type": "Feature", "properties": { "id": 67, "name": null, "size": null, "continent": "Essos" }, "geometry": { "type": "MultiLineString", "coordinates": [ [ [ 38.72271663805482, 5.44672961242311 ], [ 38.708168456596788, 5.535241237428591 ], [ 38.667091238362204, 5.625219905942449 ], [ 38.610365556038246, 5.683901646277575 ], [ 38.537991409624922, 5.726934922523334 ], [ 38.461705147189264, 5.807133300981339 ], [ 38.38933100077594, 5.840386287171243 ], [ 38.311088680329107, 5.85799080927178 ], [ 38.256319056016324, 5.899068027506368 ], [ 38.211329721759391, 5.977310347953202 ], [ 38.195681257670024, 6.055552668400036 ], [ 38.195681257670024, 6.139663162880383 ], [ 38.156560097446608, 6.231597889405412 ], [ 38.116703531623536, 6.285747225039188 ], [ 38.034306471748444, 6.379280269248811 ], [ 37.956064151301611, 6.432093835550424 ], [ 37.879777888865945, 6.457522589695645 ], [ 37.799579510407945, 6.4673028797515 ], [ 37.748722002117503, 6.516204330030771 ], [ 37.701776609849404, 6.58271030241058 ], [ 37.660699391614813, 6.657040506835072 ], [ 37.617666115369055, 6.72159042120371 ], [ 37.580501013156805, 6.762667639438298 ], [ 37.523775330832855, 6.811569089717569 ], [ 37.420104256240798, 6.844822075907474 ], [ 37.37707097999504, 6.899591700220257 ], [ 37.347730109827481, 6.983702194700603 ], [ 37.339905877782797, 7.093241443326171 ], [ 37.332859883415068, 7.194672306472405 ], [ 37.33012558772694, 7.395696913303464 ], [ 37.297850630542612, 7.454867668141381 ], [ 37.247971151257765, 7.511104335962544 ], [ 37.203609069082816, 7.565747225039175 ], [ 37.154080366721566, 7.651940512766845 ], [ 37.146256134676882, 7.730182833213679 ], [ 37.154080366721566, 7.798644863604658 ], [ 37.17442340133038, 7.865942664778586 ], [ 37.210806049045516, 7.940459069414545 ], [ 37.257751441313616, 8.005008983783183 ], [ 37.279268079436498, 8.083251304230016 ], [ 37.267531731369473, 8.155625450643338 ], [ 37.230366629157224, 8.227999597056659 ], [ 37.183421236889124, 8.278857105347102 ], [ 37.122783438542832, 8.314066149548177 ], [ 37.062145640196533, 8.351231251760423 ], [ 36.976079087705017, 8.406000876073207 ], [ 36.888056477202326, 8.48228713850887 ], [ 36.792209634654959, 8.590848358128852 ] ] ] } },
{ "type": "Feature", "properties": { "id": 68, "name": "Qhoyne", "size": null, "continent": "Essos" }, "geometry": { "type": "MultiLineString", "coordinates": [ [ [ 41.134536165828557, 0.728228674976246 ], [ 41.156052803951432, 0.833855807579464 ], [ 41.214734544286557, 0.951219288249715 ], [ 41.238207240420607, 1.052934304830599 ], [ 41.238207240420607, 1.127264509255091 ], [ 41.242119356442949, 1.217243177768951 ], [ 41.300801096778073, 1.299397614238126 ], [ 41.371219185180223, 1.338518774461543 ], [ 41.457285737671747, 1.33069454241686 ], [ 41.555088638230288, 1.361991470595593 ], [ 41.605501838122763, 1.403800209547597 ], [ 41.680276350945221, 1.463706487176477 ], [ 41.701397603595083, 1.583083597169747 ], [ 41.70374904707927, 1.690609216472296 ], [ 41.711573279123954, 1.76885153691913 ], [ 41.738958091280345, 1.835357509298938 ], [ 41.793727715593128, 1.882302901567039 ], [ 41.848497339905911, 1.929248293835139 ], [ 41.958036588531478, 1.944896757924506 ], [ 42.087136417268759, 1.972281570080898 ], [ 42.181027201804959, 2.038787542460707 ], [ 42.285110958643941, 2.116764378928707 ], [ 42.39768424854622, 2.15428880889614 ], [ 42.480304077514091, 2.192338096337618 ], [ 42.52333735375985, 2.26666830076211 ], [ 42.551951349523421, 2.362757864270726 ], [ 42.570282746027949, 2.423152941655778 ], [ 42.648525066474789, 2.45053775381217 ], [ 42.707206806809914, 2.458361985856854 ], [ 42.805009707368455, 2.474010449946221 ], [ 42.898900491904655, 2.501395262102612 ], [ 42.95758223223978, 2.552252770393054 ], [ 43.000615508485538, 2.614846626750522 ], [ 42.98105492837383, 2.718517701342576 ], [ 43.051473016775979, 2.768397180627433 ], [ 43.117978989155787, 2.803606224828509 ], [ 43.161012265401546, 2.874024313230659 ], [ 43.153188033356862, 2.960090865722176 ], [ 43.114066873133446, 3.034421070146669 ], [ 43.129715337222812, 3.112663390593502 ], [ 43.176660729490912, 3.186993595017995 ], [ 43.274463630049461, 3.237851103308437 ], [ 43.376178646630343, 3.300444959665904 ], [ 43.481723336494092, 3.392594997821206 ], [ 43.597213201892572, 3.449594383017674 ], [ 43.722400914607505, 3.469154963129382 ], [ 43.843676511300103, 3.476979195174066 ], [ 43.961039991970353, 3.504364007330457 ], [ 44.019721732305477, 3.5552215156209 ], [ 44.044589786005496, 3.642757864270721 ], [ 44.12143674888636, 3.703881924469884 ], [ 44.219239649444901, 3.731266736626276 ], [ 44.328778898070468, 3.770387896849693 ], [ 44.422669682606674, 3.864278681385894 ], [ 44.598714903612048, 3.919048305698678 ], [ 44.692605688148248, 3.942521001832727 ], [ 44.853002445064256, 3.938608885810386 ], [ 44.954717461645139, 3.954257349899753 ], [ 45.052520362203687, 4.020763322279562 ], [ 45.10728998651647, 4.110741990793421 ], [ 45.169883842873936, 4.192896427262596 ], [ 45.216829235142036, 4.290699327821138 ], [ 45.259862511387794, 4.349381068156264 ], [ 45.322456367745261, 4.357205300200947 ], [ 45.385050224102727, 4.329820488044556 ], [ 45.451556196482535, 4.255490283620063 ], [ 45.51023793681766, 4.165511615106205 ], [ 45.572831793175126, 4.091181410681712 ], [ 45.623689301465575, 4.036411786368928 ], [ 45.686283157823041, 3.997290626145511 ], [ 45.764525478269874, 3.99337851012317 ], [ 45.838855682694366, 4.020763322279562 ] ], [ [ 45.838855682694366, 4.020763322279562 ], [ 45.911229829107683, 3.999246684156682 ], [ 45.94448281529759, 3.965993697966778 ], [ 45.993384265576857, 3.921004363709848 ], [ 46.03837359983379, 3.860366565363552 ], [ 46.083362934090715, 3.813421173095452 ], [ 46.116615920280623, 3.784080302927889 ], [ 46.179209776638089, 3.772343954860864 ], [ 46.239847574984388, 3.78603636093906 ], [ 46.30048537333068, 3.801684825028426 ], [ 46.372859519744004, 3.866234739397064 ], [ 46.402217257192163, 3.944636479079167 ], [ 46.445233666157321, 3.999246684156682 ], [ 46.492179058425428, 4.036411786368928 ], [ 46.546948682738211, 4.046192076424783 ], [ 46.607586481084503, 4.052060250458295 ], [ 46.666268221419628, 4.04032390239127 ], [ 46.730818135788269, 4.028587554324245 ], [ 46.80514834021276, 4.028587554324245 ], [ 46.865786138559059, 4.028587554324245 ], [ 46.936204226961209, 4.026631496313074 ], [ 47.008578373374526, 4.012939090234878 ], [ 47.075084345754341, 3.989466394100828 ], [ 47.12789791205595, 3.952301291888582 ], [ 47.167019072279366, 3.889707435531115 ], [ 47.185601623385494, 3.836893869229502 ], [ 47.220810667586569, 3.791904534972572 ], [ 47.271668175877011, 3.744959142704472 ], [ 47.320569626156278, 3.713662214525738 ], [ 47.383163482513751, 3.699969808447543 ], [ 47.455537628927068, 3.701925866458713 ], [ 47.523999659318051, 3.719530388559251 ], [ 47.584637457664343, 3.756695490771497 ], [ 47.623758617887759, 3.811465115084281 ], [ 47.651143430044151, 3.866234739397064 ], [ 47.682440358222891, 3.915136189676335 ], [ 47.715693344412792, 3.991422452111999 ], [ 47.764594794692066, 4.057928424491807 ], [ 47.799803838893141, 4.138126802949812 ] ], [ [ 45.838855682694366, 4.020763322279562 ], [ 45.896559394023917, 4.056461380983429 ], [ 45.935680554247334, 4.109274947285043 ], [ 45.972845656459576, 4.175780919664851 ], [ 46.004142584638309, 4.246199008067002 ], [ 46.033483454805875, 4.319062168983116 ], [ 46.049131918895242, 4.39730448942995 ], [ 46.10194548519685, 4.497063447999663 ], [ 46.143022703431441, 4.563569420379472 ], [ 46.160627225531975, 4.618339044692256 ], [ 46.172363573599, 4.676531770524588 ], [ 46.170407515587833, 4.723966177295481 ], [ 46.144978761442609, 4.757219163485386 ], [ 46.105857601219192, 4.776779743597094 ], [ 46.055000092928751, 4.800252439731144 ], [ 46.011966816682992, 4.839373599954562 ], [ 46.000230468615968, 4.885829977719869 ], [ 45.994362294582459, 4.929352268468421 ], [ 46.033483454805875, 4.969940472200215 ], [ 46.090209137129825, 4.976297660736521 ], [ 46.135198471386758, 4.980209776758863 ], [ 46.175143531933827, 4.956112913130646 ], [ 46.249627865040281, 4.938154529518689 ], [ 46.298529315319541, 4.9508689065913 ], [ 46.347430765598808, 4.970429486703008 ], [ 46.37090346173283, 5.004660501898498 ], [ 46.390464041844567, 5.050627865161013 ], [ 46.394376157866908, 5.119089895551992 ], [ 46.390464041844567, 5.179727693898289 ], [ 46.3748155777552, 5.216892796110535 ], [ 46.363079229688147, 5.256991985339537 ], [ 46.376771635766346, 5.290244971529442 ], [ 46.398288273889222, 5.317629783685834 ], [ 46.437814541705819, 5.331357212804917 ], [ 46.501959348481307, 5.3332782477752 ], [ 46.564553204838774, 5.300025261585296 ], [ 46.60367436506219, 5.280464681473588 ], [ 46.644751583296753, 5.274596507440075 ], [ 46.709301497665415, 5.286332855507101 ], [ 46.769939296011714, 5.329366131752859 ], [ 46.816884688279814, 5.399784220155009 ], [ 46.83253315236918, 5.483894714635356 ], [ 46.816884688279814, 5.599302137294436 ], [ 46.807104398223963, 5.667764167685416 ], [ 46.820796804302127, 5.716665617964686 ], [ 46.830577094358013, 5.783171590344495 ], [ 46.885346718670796, 5.861413910791329 ], [ 46.963589039117629, 5.929875941182309 ], [ 47.077040403765508, 6.008118261629143 ] ], [ [ 46.363079229688147, 5.256991985339537 ], [ 46.34840879460441, 5.296113145562955 ], [ 46.334716388526211, 5.319585841697005 ], [ 46.309287634380993, 5.331322189764029 ], [ 46.283858880235769, 5.331322189764029 ], [ 46.258430126090552, 5.327410073741688 ], [ 46.233001371945328, 5.3332782477752 ], [ 46.217352907855961, 5.348926711864568 ], [ 46.20757261780011, 5.380223640043301 ], [ 46.193880211721911, 5.403696336177351 ], [ 46.154759051498495, 5.415432684244376 ], [ 46.127374239342103, 5.415432684244376 ], [ 46.088253079118687, 5.415432684244376 ], [ 46.053044034917612, 5.417388742255547 ], [ 46.021747106738879, 5.417388742255547 ], [ 45.986538062537804, 5.425212974300231 ], [ 45.955241134359071, 5.429125090322573 ], [ 45.925900264191505, 5.44672961242311 ], [ 45.906339684079796, 5.47020230855716 ], [ 45.898515452035113, 5.503455294747065 ], [ 45.892647278001604, 5.54062039695931 ], [ 45.89069121999043, 5.577785499171557 ], [ 45.900471510046287, 5.626686949450828 ], [ 45.902427568057455, 5.667764167685416 ], [ 45.910251800102138, 5.704929269897661 ], [ 45.927856322202679, 5.747962546143421 ], [ 45.951329018336729, 5.802732170456204 ], [ 45.972845656459604, 5.835985156646109 ], [ 45.992406236571313, 5.877062374880697 ], [ 46.006098642649512, 5.902491129025917 ], [ 46.035439512817071, 5.949436521294018 ] ] ] } },
{ "type": "Feature", "properties": { "id": 69, "name": "Darkwater", "size": null, "continent": "Essos" }, "geometry": { "type": "MultiLineString", "coordinates": [ [ [ 41.840306346984107, 8.278368090844308 ], [ 41.78358066466015, 8.294016554933675 ], [ 41.715118634269167, 8.356610411291143 ], [ 41.670129300012242, 8.413336093615097 ], [ 41.6192717917218, 8.470061775939051 ], [ 41.587974863543067, 8.552216212408227 ], [ 41.56156808039227, 8.622145286307585 ], [ 41.553743848347587, 8.692563374709735 ], [ 41.545919616302903, 8.790366275268278 ], [ 41.542007500280562, 8.872520711737454 ], [ 41.50679845607948, 8.966411496273654 ], [ 41.463765179833715, 9.007488714508243 ], [ 41.420731903587956, 9.04660987473166 ], [ 41.371830453308682, 9.066170454843368 ], [ 41.326841119051757, 9.099423441033272 ], [ 41.285763900817166, 9.167885471424253 ], [ 41.254466972638433, 9.230479327781719 ], [ 41.225126102470867, 9.308721648228554 ], [ 41.213389754403842, 9.37131550458602 ], [ 41.19969734832565, 9.435865418954657 ], [ 41.191873116280966, 9.494547159289784 ], [ 41.166444362135742, 9.555184957636079 ], [ 41.1292792599235, 9.613866697971206 ], [ 41.099938389755934, 9.672548438306331 ], [ 41.0823338676554, 9.736609338172176 ], [ 41.062773287543692, 9.795291078507301 ], [ 41.041256649420809, 9.844192528786573 ], [ 41.023652127320275, 9.891137921054673 ], [ 41.021696069309101, 9.947863603378627 ], [ 41.029520301353784, 10.014369575758437 ], [ 41.049080881465493, 10.059358910015366 ], [ 41.074509635610717, 10.125864882395176 ], [ 41.084289925666567, 10.198239028808496 ], [ 41.078421751633059, 10.27452529124416 ], [ 41.074509635610717, 10.350811553679822 ], [ 41.051036939476667, 10.448614454238365 ], [ 41.029520301353784, 10.53076889070754 ], [ 41.004091547208567, 10.607055153143204 ], [ 40.959102212951635, 10.667692951489499 ] ], [ [ 41.840306346984107, 8.278368090844308 ], [ 41.842262404995274, 8.36150055631907 ], [ 41.852042695051132, 8.420182296654195 ], [ 41.863779043118157, 8.465171630911124 ], [ 41.910724435386257, 8.512117023179226 ], [ 41.961581943676698, 8.551238183402642 ], [ 42.016351567989481, 8.588403285614888 ], [ 42.071121192302265, 8.650997141972356 ], [ 42.102418120480998, 8.733151578441531 ], [ 42.133715048659731, 8.815306014910707 ], [ 42.159143802804955, 8.897460451379882 ], [ 42.180660440927831, 8.991351235916083 ], [ 42.21782554314008, 9.069593556362918 ], [ 42.247166413307639, 9.14587981879858 ], [ 42.284331515519888, 9.224122139245415 ], [ 42.290199689553397, 9.290628111625223 ], [ 42.280419399497546, 9.356156054999445 ], [ 42.247166413307639, 9.438310491468622 ], [ 42.229561891207105, 9.516552811915457 ], [ 42.210001311095397, 9.608487538440485 ], [ 42.180660440927831, 9.684773800876149 ], [ 42.184572556950172, 9.761060063311811 ], [ 42.188484672972514, 9.82365391966928 ], [ 42.19435284700603, 9.858862963870354 ] ], [ [ 42.98105492837383, 2.718517701342576 ], [ 42.91063683997168, 2.77328732565536 ], [ 42.820658171457822, 2.79676002178941 ], [ 42.746327967033331, 2.753726745543652 ], [ 42.664173530564156, 2.72634193338726 ], [ 42.597667558184341, 2.74981462952131 ], [ 42.562458513983266, 2.804584253834094 ], [ 42.589843326139658, 2.937596198593711 ], [ 42.617228138296049, 3.027574867107571 ], [ 42.660261414541814, 3.109729303576746 ], [ 42.683367349798743, 3.172567667185603 ], [ 42.69901581388811, 3.274282683766486 ], [ 42.714664277977477, 3.35252500421332 ], [ 42.736180916100359, 3.430767324660155 ], [ 42.759653612234409, 3.507053587095818 ], [ 42.826159584614217, 3.58138379152031 ], [ 42.892665556994025, 3.671362460034169 ], [ 42.955259413351492, 3.776011563631809 ], [ 43.033501733798325, 3.936408320547819 ], [ 43.064798661977058, 4.034211221106361 ], [ 43.060615844637418, 4.147252978277223 ], [ 43.011985095675449, 4.237641254268129 ], [ 42.949391239317976, 4.360872908971893 ], [ 42.9278746011951, 4.524203752904659 ], [ 42.937654891250958, 4.658193726669862 ], [ 42.976776051474374, 4.779469323362454 ], [ 43.055018371921207, 4.943778196300806 ], [ 43.101963764189307, 5.127647649350865 ], [ 43.15673338850209, 5.303692870356241 ], [ 43.22715147690424, 5.440616931138201 ], [ 43.352472522161833, 5.631552652544336 ], [ 43.403196697909621, 5.742827893864097 ], [ 43.413955016971045, 5.823026272322101 ], [ 43.415911074982212, 5.879751954646056 ], [ 43.441339829127436, 5.916917056858303 ], [ 43.496109453440219, 5.938433694981182 ], [ 43.574351773887052, 5.944301869014694 ], [ 43.653572123339487, 5.969730623159915 ], [ 43.621297166155152, 6.042104769573236 ], [ 43.582176005931736, 6.098830451897191 ], [ 43.513713975540753, 6.139907670131779 ], [ 43.441339829127436, 6.137951612120609 ], [ 43.374833856747628, 6.118391032008899 ], [ 43.298547594311962, 6.087094103830166 ], [ 43.244755999004774, 6.091495234355301 ], [ 43.162601562535599, 6.130616394578717 ], [ 43.101963764189307, 6.175605728835647 ], [ 43.051106255898866, 6.220595063092577 ], [ 43.008072979653107, 6.294925267517069 ], [ 42.988512399541392, 6.363387297908049 ], [ 42.965039703407342, 6.412288748187319 ], [ 42.880929208927, 6.437717502332541 ], [ 42.835939874670068, 6.463146256477762 ], [ 42.785082366379626, 6.498355300678837 ], [ 42.712708219966302, 6.565839302064231 ], [ 42.618817435430103, 6.644081622511065 ], [ 42.603168971340736, 6.734060291024925 ], [ 42.607081087363078, 6.843599539650492 ], [ 42.618817435430103, 6.905704381505166 ], [ 42.632509841508295, 6.995683050019025 ], [ 42.640334073552978, 7.060232964387663 ], [ 42.599256855318394, 7.134563168812155 ], [ 42.589476565262537, 7.204981257214306 ], [ 42.556120730630902, 7.278458190003612 ], [ 42.52688270890507, 7.385427608744816 ], [ 42.483849432659312, 7.481274451292188 ], [ 42.436904040391212, 7.543868307649656 ], [ 42.378222300056088, 7.629934860141173 ], [ 42.325408733754472, 7.719913528655032 ], [ 42.229561891207105, 7.803045994129793 ], [ 42.166968034849639, 7.873464082531943 ], [ 42.096549946447482, 7.939970054911752 ], [ 42.04569243815704, 8.000607853258048 ], [ 41.959625885665524, 8.090586521771908 ], [ 41.908768377375083, 8.137531914040007 ], [ 41.887251739252207, 8.20990606045333 ], [ 41.840306346984107, 8.278368090844308 ] ], [ [ 41.6192717917218, 8.470061775939051 ], [ 41.567436254425772, 8.488155312542382 ], [ 41.514622688124156, 8.529232530776969 ], [ 41.465721237844882, 8.580090039067413 ], [ 41.41486372955444, 8.623123315313171 ], [ 41.352269873196974, 8.646596011447221 ], [ 41.295544190873024, 8.652464185480733 ], [ 41.225126102470867, 8.656376301503075 ], [ 41.133191375945842, 8.662244475536587 ], [ 41.049080881465493, 8.660288417525416 ], [ 40.972794619029834, 8.658332359514246 ], [ 40.929761342784069, 8.660288417525416 ], [ 40.878903834493627, 8.673980823603612 ], [ 40.818266036147335, 8.69354140371532 ], [ 40.769364585868061, 8.718970157860543 ], [ 40.728287367633477, 8.744398912005764 ] ], [ [ 42.607081087363078, 6.843599539650492 ], [ 42.54155314398885, 6.87049533730409 ], [ 42.473091113597867, 6.923308903605704 ], [ 42.430057837352109, 6.970254295873804 ], [ 42.377244271050493, 6.999595166041367 ], [ 42.308782240659518, 7.042628442287126 ], [ 42.254012616346735, 7.079793544499371 ], [ 42.205111166067461, 7.103266240633422 ], [ 42.136649135676485, 7.134563168812155 ], [ 42.06036287324082, 7.171728271024402 ], [ 41.997769016883353, 7.193244909147281 ], [ 41.899966116324812, 7.203025199203135 ], [ 41.847152550023196, 7.220629721303673 ], [ 41.76108599753168, 7.230410011359527 ], [ 41.686755793107189, 7.244102417437722 ], [ 41.647634632883772, 7.265619055560602 ], [ 41.592865008570989, 7.302784157772848 ], [ 41.526359036191181, 7.337993201973924 ], [ 41.490171962984519, 7.373691260677791 ], [ 41.427578106627053, 7.426504826979405 ], [ 41.384544830381294, 7.465625987202821 ], [ 41.319994916012661, 7.496922915381555 ], [ 41.247620769599337, 7.512571379470922 ], [ 41.165466333130162, 7.514527437482093 ], [ 41.071575548593962, 7.510615321459751 ], [ 41.009959721242076, 7.50865926344858 ], [ 40.912156820683535, 7.514527437482093 ], [ 40.831958442225528, 7.547780423671997 ], [ 40.773276701890403, 7.567341003783706 ], [ 40.720463135588794, 7.602550047984781 ] ] ] } },
{ "type": "Feature", "properties": { "id": 70, "name": null, "size": null, "continent": "Essos" }, "geometry": { "type": "MultiLineString", "coordinates": [ [ [ 43.653572123339487, 5.969730623159915 ], [ 43.798320416166128, 5.95799427509289 ], [ 43.864826388545936, 5.977554855204598 ], [ 43.913727838825196, 6.023033203964321 ], [ 43.958717173082128, 6.08953917634413 ], [ 43.952848999048612, 6.195166308947355 ], [ 43.96262928910447, 6.238199585193114 ], [ 43.997838333305545, 6.277320745416531 ], [ 44.036959493528975, 6.353117993349402 ], [ 44.099553349886442, 6.423536081751552 ], [ 44.154322974199225, 6.505690518220728 ], [ 44.186964692260702, 6.565594794812842 ] ] ] } },
{ "type": "Feature", "properties": { "id": 71, "name": null, "size": null, "continent": null }, "geometry": { "type": "MultiLineString", "coordinates": [ [ [ 54.110774188308852, -21.172349319124773 ], [ 54.127162490528143, -21.128030020092638 ], [ 54.154547302684534, -21.081084627824538 ], [ 54.193668462907958, -21.034139235556434 ], [ 54.217141159042008, -20.967633263176626 ], [ 54.209316926997325, -20.897215174774477 ], [ 54.166283650751559, -20.83462131841701 ], [ 54.131074606550484, -20.768115346037199 ], [ 54.123250374505801, -20.713345721724416 ], [ 54.123250374505801, -20.658576097411633 ], [ 54.134986722572826, -20.603806473098849 ], [ 54.158459418706876, -20.549036848786066 ], [ 54.185844230863275, -20.490355108450942 ], [ 54.1975805789303, -20.431673368115813 ], [ 54.201492694952641, -20.365167395736005 ], [ 54.205404810974983, -20.298661423356197 ] ] ] } },
{ "type": "Feature", "properties": { "id": 72, "name": null, "size": null, "continent": null }, "geometry": { "type": "MultiLineString", "coordinates": [ [ [ 50.633642882577007, -19.156323544832421 ], [ 50.653203462688715, -19.226741633234571 ], [ 50.684500390867449, -19.312808185726091 ], [ 50.696236738934473, -19.387138390150582 ], [ 50.704060970979157, -19.488853406731465 ], [ 50.700148854956815, -19.57100784320064 ], [ 50.676676158822765, -19.676634975803868 ], [ 50.649291346666374, -19.770525760340067 ], [ 50.637554998599349, -19.883977124987979 ], [ 50.637554998599349, -19.970043677479495 ], [ 50.637554998599349, -20.036549649859303 ], [ 50.668851926778082, -20.157825246551894 ], [ 50.707973087001498, -20.236067566998731 ], [ 50.751006363247257, -20.302573539378539 ], [ 50.797951755515356, -20.372991627780689 ], [ 50.840985031761114, -20.439497600160497 ], [ 50.915315236185606, -20.490355108450942 ], [ 50.99746967265478, -20.541212616741383 ], [ 51.060063529012247, -20.584245892987141 ], [ 51.150042197526105, -20.599894357076508 ], [ 51.251757214106995, -20.635103401277583 ], [ 51.31043895444212, -20.682048793545682 ], [ 51.34432908437222, -20.76654019310379 ] ], [ [ 50.637554998599349, -19.970043677479495 ], [ 50.5866974903089, -19.938746749300762 ], [ 50.547576330085484, -19.899625589077345 ], [ 50.500630937817384, -19.840943848742217 ], [ 50.484982473728017, -19.782262108407092 ], [ 50.481070357705676, -19.715756136027284 ], [ 50.481070357705676, -19.65707439569216 ], [ 50.457597661571626, -19.578832075245323 ], [ 50.418476501348209, -19.50058975479849 ], [ 50.367618993057768, -19.441908014463365 ], [ 50.312849368744985, -19.418435318329315 ] ] ] } },
{ "type": "Feature", "properties": { "id": 73, "name": null, "size": null, "continent": "Sothoryos" }, "geometry": { "type": "MultiLineString", "coordinates": [ [ [ 65.911556232452526, -39.353722792802714 ], [ 65.946765276653593, -39.32242586462398 ], [ 66.001534900966377, -39.283304704400564 ], [ 66.083689337435558, -39.244183544177147 ], [ 66.087601453457907, -39.154204875663289 ], [ 66.11889838163664, -39.072050439194115 ], [ 66.21278916617284, -39.01336869885899 ], [ 66.34971322695479, -38.945884697473595 ], [ 66.400570735245239, -38.871554493049103 ], [ 66.525758447960172, -38.820696984758662 ], [ 66.639209812608073, -38.805048520669295 ], [ 66.795694453501753, -38.805048520669295 ], [ 66.905233702127319, -38.805048520669295 ], [ 67.022597182797568, -38.777663708512904 ], [ 67.147784895512501, -38.730718316244804 ], [ 67.222115099936985, -38.683772923976697 ], [ 67.229939331981669, -38.609442719552206 ], [ 67.143872779490152, -38.519464051038348 ], [ 67.030421414842252, -38.468606542747906 ], [ 66.920882166216686, -38.488167122859615 ], [ 66.799606569524087, -38.531200399105373 ], [ 66.69397943692087, -38.519464051038348 ], [ 66.564879608183588, -38.535112515127715 ], [ 66.424043431379289, -38.515551935016006 ], [ 66.314504182753723, -38.507727702971323 ], [ 66.181492237994107, -38.464694426725565 ], [ 66.091513569480242, -38.441221730591515 ], [ 66.017183365055743, -38.386452106278732 ], [ 65.946765276653593, -38.327770365943607 ], [ 65.845050260072711, -38.273000741630824 ], [ 65.727686779402461, -38.257352277541457 ], [ 65.602499066687528, -38.233879581407407 ], [ 65.500784050106645, -38.202582653228674 ], [ 65.311046423023072, -38.139010767865621 ], [ 65.221067754509207, -38.080329027530496 ], [ 65.15847389815174, -38.01773517117303 ], [ 65.138913318040039, -37.959053430837898 ], [ 65.115440621905989, -37.849514182212332 ], [ 65.115440621905989, -37.763447629720815 ], [ 65.166298130196424, -37.689117425296324 ], [ 65.22889198655389, -37.618699336894174 ], [ 65.303222190978389, -37.532632784402658 ], [ 65.385376627447556, -37.493511624179241 ], [ 65.494915876073122, -37.427005651799433 ], [ 65.592718776631671, -37.403532955665383 ], [ 65.690521677190219, -37.360499679419618 ], [ 65.768763997637052, -37.309642171129177 ], [ 65.839182086039202, -37.227487734660002 ], [ 65.890039594329636, -37.137509066146144 ], [ 65.936984986597736, -37.039706165587603 ], [ 65.960457682731786, -36.945815381051403 ], [ 65.991754610910519, -36.871485176626912 ], [ 65.995666726932868, -36.781506508113047 ], [ 65.995666726932868, -36.691527839599189 ], [ 65.956545566709451, -36.607417345118847 ], [ 65.925248638530718, -36.533087140694356 ], [ 65.878303246262618, -36.466581168314541 ], [ 65.823533621949835, -36.407899427979416 ], [ 65.75702764957002, -36.353129803666633 ], [ 65.690521677190219, -36.314008643443216 ], [ 65.624015704810404, -36.270975367197458 ], [ 65.541861268341236, -36.208381510839992 ], [ 65.471443179939072, -36.145787654482525 ], [ 65.381464511425222, -36.047984753923984 ], [ 65.334519119157122, -35.985390897566518 ], [ 65.303222190978389, -35.914972809164368 ], [ 65.22889198655389, -35.84064260473987 ], [ 65.193682942352822, -35.781960864404745 ], [ 65.123264853950673, -35.711542776002595 ], [ 65.060670997593206, -35.645036803622787 ], [ 65.001989257258074, -35.582442947265321 ], [ 64.982428677146373, -35.48464004670678 ], [ 64.990252909191057, -35.398573494215263 ], [ 65.017637721347441, -35.312506941723747 ], [ 65.052846765548523, -35.206879809120515 ], [ 65.04502253350384, -35.109076908561974 ], [ 65.013725605325106, -35.036702762148657 ], [ 64.947219632945291, -34.954548325679475 ], [ 64.880713660565476, -34.891954469322009 ], [ 64.810295572163326, -34.880218121254984 ], [ 64.716404787627127, -34.880218121254984 ], [ 64.642074583202643, -34.880218121254984 ], [ 64.481677826286628, -34.856745425120934 ], [ 64.387787041750428, -34.801975800808151 ], [ 64.313456837325944, -34.743294060473026 ], [ 64.26651144505783, -34.653315391959168 ], [ 64.203917588700364, -34.571160955489994 ], [ 64.149147964387581, -34.481182286976136 ], [ 64.055257179851381, -34.422500546641011 ], [ 63.949630047248156, -34.406852082551637 ], [ 63.847915030667274, -34.406852082551637 ], [ 63.722727317952341, -34.344258226194171 ], [ 63.640572881483166, -34.285576485859046 ], [ 63.581891141148041, -34.219070513479238 ], [ 63.5779790251257, -34.101707032808989 ], [ 63.605363837282091, -34.003904132250447 ], [ 63.660133461594874, -33.941310275892981 ], [ 63.734463666019366, -33.847419491356781 ], [ 63.773584826242782, -33.7652650548876 ], [ 63.808793870443857, -33.685066676429599 ], [ 63.851827146689615, -33.622472820072133 ], [ 63.867475610778982, -33.548142615647642 ], [ 63.859651378734299, -33.46598817917846 ], [ 63.844002914644932, -33.399482206798652 ], [ 63.824442334533224, -33.321239886351819 ], [ 63.800969638399174, -33.266470262039036 ], [ 63.750112130108732, -33.223436985793278 ], [ 63.691430389773608, -33.172579477502836 ], [ 63.605363837282091, -33.113897737167711 ], [ 63.527121516835258, -33.102161389100687 ], [ 63.433230732299059, -33.090425041033662 ], [ 63.354988411852219, -33.051303880810245 ], [ 63.276746091405386, -33.004358488542145 ], [ 63.218064351070261, -32.961325212296387 ], [ 63.186767422891528, -32.883082891849547 ], [ 63.159382610735136, -32.816576919469739 ], [ 63.108525102444695, -32.750070947089931 ], [ 63.034194898020225, -32.690411177749219 ], [ 62.955952577573392, -32.643465785481119 ], [ 62.897270837238267, -32.612168857302386 ], [ 62.830764864858452, -32.569135581056628 ], [ 62.764258892478644, -32.533926536855553 ], [ 62.732961964299911, -32.475244796520428 ], [ 62.717313500210544, -32.40873882414062 ], [ 62.717313500210544, -32.353969199827837 ], [ 62.709489268165861, -32.303111691537396 ], [ 62.686016572031811, -32.248342067224613 ], [ 62.650807527830736, -32.189660326889488 ], [ 62.599950019540294, -32.154451282688406 ], [ 62.529531931138145, -32.130978586554356 ], [ 62.474762306825362, -32.115330122464989 ], [ 62.416080566490237, -32.076208962241573 ], [ 62.37695940626682, -32.033175685995815 ], [ 62.345662478088087, -31.97449394566069 ], [ 62.326101897976379, -31.911900089303224 ], [ 62.318277665931696, -31.853218348968099 ], [ 62.318277665931696, -31.786712376588291 ], [ 62.337838246043404, -31.712382172163796 ], [ 62.396519986378529, -31.665436779895696 ], [ 62.443465378646628, -31.622403503649938 ], [ 62.498235002959412, -31.583282343426522 ], [ 62.525619815115803, -31.516776371046713 ], [ 62.553004627272195, -31.469830978778614 ], [ 62.564740975339227, -31.379363295761962 ], [ 62.553004627272195, -31.319214511918457 ], [ 62.500191060970579, -31.266400945616844 ], [ 62.408256334445547, -31.227279785393428 ], [ 62.308497375875838, -31.20967526329289 ], [ 62.202870243272606, -31.176422277102986 ], [ 62.175485431116215, -31.068839086488587 ], [ 62.191133895205581, -31.006245230131121 ], [ 62.255683809574222, -30.959299837863021 ], [ 62.32218978195403, -30.896705981505555 ], [ 62.333926130021055, -30.828243951114572 ], [ 62.326101897976372, -30.730441050556031 ], [ 62.285024679741788, -30.644374498064515 ], [ 62.226342939406656, -30.538747365461287 ], [ 62.177441489127389, -30.462461103025625 ], [ 62.183621620697977, -30.347644654653962 ] ], [ [ 62.553004627272195, -31.319214511918457 ], [ 62.570609149372721, -31.238038104454866 ], [ 62.652763585841896, -31.191092712186766 ], [ 62.754478602422779, -31.179356364119741 ], [ 62.836633038891961, -31.183268480142083 ], [ 62.910963243316452, -31.132410971851641 ], [ 62.910963243316452, -31.069817115494175 ], [ 62.942260171495185, -30.991574795047342 ], [ 63.008766143874993, -30.94854151880158 ], [ 63.043975188076068, -30.862474966310064 ], [ 63.032238840009043, -30.795968993930256 ], [ 63.016590375919677, -30.729463021550448 ], [ 63.043975188076068, -30.678605513260003 ], [ 63.080059205068842, -30.635268167407329 ] ], [ [ 62.202870243272606, -31.176422277102986 ], [ 62.097243110669375, -31.132410971851641 ], [ 62.034649254311908, -31.069817115494175 ], [ 61.999440210110834, -30.995486911069683 ], [ 61.979879629999125, -30.921156706645188 ], [ 61.94467058579805, -30.85465073426538 ], [ 61.893813077507609, -30.795968993930256 ], [ 61.835131337172484, -30.745111485639814 ], [ 61.788185944904384, -30.705990325416398 ], [ 61.745152668658626, -30.674693397237661 ], [ 61.708417556148959, -30.648431714901747 ] ], [ [ 62.034649254311908, -31.069817115494175 ], [ 61.952494817842734, -31.022871723226075 ], [ 61.885988845462926, -31.018959607203733 ], [ 61.799922292971409, -31.061992883449491 ], [ 61.686470928323502, -31.108938275717591 ], [ 61.619964955943686, -31.124586739806958 ], [ 61.553458983563878, -31.101114043672908 ], [ 61.490865127206412, -31.073729231516516 ], [ 61.447831850960654, -30.999399027092025 ], [ 61.428271270848946, -30.936805170734555 ], [ 61.361765298469138, -30.866387082332405 ], [ 61.310907790178696, -30.799881109952597 ], [ 61.252226049843571, -30.760759949729181 ], [ 61.171344818376099, -30.749132853234155 ] ], [ [ 61.686470928323502, -31.108938275717591 ], [ 61.619964955943686, -31.167620016052716 ], [ 61.561283215608562, -31.171532132075058 ], [ 61.494777243228754, -31.183268480142083 ], [ 61.459568199027679, -31.226301756387841 ], [ 61.455656083005337, -31.288895612745311 ], [ 61.518249939362804, -31.316280424901702 ], [ 61.588668027764953, -31.328016772968727 ], [ 61.647349768100085, -31.320192540924044 ], [ 61.686470928323502, -31.339753121035752 ], [ 61.713855740479893, -31.386698513303852 ], [ 61.713855740479893, -31.433643905571952 ], [ 61.721679972524576, -31.480589297840051 ], [ 61.741240552636285, -31.527534690108151 ], [ 61.749064784680968, -31.590128546465621 ], [ 61.70603150843521, -31.633161822711379 ], [ 61.65908611616711, -31.629249706689038 ], [ 61.608228607876661, -31.597952778510304 ], [ 61.573019563675587, -31.570567966353909 ], [ 61.518249939362804, -31.554919502264543 ], [ 61.459568199027679, -31.578392198398593 ], [ 61.447831850960654, -31.640986054756063 ], [ 61.428271270848946, -31.687931447024162 ], [ 61.373501646536162, -31.691843563046504 ], [ 61.338292602335088, -31.687931447024162 ], [ 61.287435094044646, -31.672282982934796 ], [ 61.226631717852719, -31.660708517223615 ] ], [ [ 63.581891141148041, -34.219070513479238 ], [ 63.52907757484644, -34.306115094976342 ], [ 63.462571602466632, -34.3491483712221 ], [ 63.392153514064475, -34.407830111557224 ], [ 63.3099990775953, -34.470423967914691 ], [ 63.173075016813343, -34.525193592227474 ], [ 63.087008464321826, -34.540842056316841 ], [ 62.961820751606894, -34.556490520406207 ], [ 62.860105735026011, -34.548666288361524 ], [ 62.777951298556829, -34.525193592227474 ], [ 62.684060514020629, -34.497808780071082 ], [ 62.601906077551455, -34.489984548026399 ], [ 62.523663757104622, -34.478248199959374 ], [ 62.484542596881205, -34.482160315981716 ], [ 62.414124508479055, -34.525193592227474 ], [ 62.320233723942856, -34.572138984495581 ], [ 62.261551983607731, -34.622996492786022 ], [ 62.206782359294941, -34.685590349143489 ], [ 62.159836967026841, -34.752096321523297 ], [ 62.140276386915133, -34.834250757992471 ], [ 62.116803690781083, -34.892932498327596 ], [ 62.105067342714058, -34.975086934796771 ], [ 62.1089794587364, -35.057241371265945 ], [ 62.120715806803425, -35.151132155802145 ], [ 62.144188502937475, -35.225462360226643 ], [ 62.187221779183233, -35.331089492829868 ], [ 62.214606591339624, -35.389771233164993 ], [ 62.234167171451332, -35.452365089522459 ], [ 62.265464099630073, -35.52669529394695 ], [ 62.281112563719439, -35.601025498371442 ], [ 62.281112563719439, -35.6910041668853 ], [ 62.285024679741781, -35.773158603354481 ] ], [ [ 62.484542596881205, -34.482160315981716 ], [ 62.421948740523739, -34.427390691668933 ], [ 62.343706420076906, -34.403917995534883 ], [ 62.245903519518365, -34.376533183378491 ], [ 62.175485431116208, -34.329587791110391 ], [ 62.136364270892791, -34.290466630886975 ] ], [ [ 64.880713660565476, -34.891954469322009 ], [ 64.99612108322458, -34.842074990037155 ], [ 65.078275519693761, -34.834250757992471 ], [ 65.187814768319328, -34.842074990037155 ], [ 65.309090365011912, -34.845987106059496 ], [ 65.40689326557046, -34.814690177880763 ], [ 65.489047702039628, -34.763832669590322 ], [ 65.555553674419443, -34.705150929255197 ], [ 65.610323298732226, -34.622996492786022 ], [ 65.645532342933308, -34.544754172339182 ], [ 65.696389851223742, -34.478248199959374 ], [ 65.762895823603557, -34.427390691668933 ], [ 65.856786608139757, -34.360884719289125 ], [ 65.970237972787658, -34.302202978954 ], [ 66.07195298936854, -34.263081818730583 ], [ 66.154107425837722, -34.247433354641217 ], [ 66.247998210373922, -34.247433354641217 ], [ 66.349713226954805, -34.274818166797608 ], [ 66.459252475580371, -34.302202978954 ], [ 66.557055376138919, -34.321763559065708 ], [ 66.662682508742137, -34.329587791110391 ], [ 66.764397525323034, -34.317851443043367 ], [ 66.866112541903917, -34.298290862931658 ], [ 66.940442746328401, -34.286554514864633 ] ], [ [ 65.166298130196424, -37.689117425296324 ], [ 65.076319461682601, -37.68716136728515 ], [ 65.013725605325135, -37.71845829546389 ], [ 64.951131748967668, -37.76540368773199 ], [ 64.861153080453803, -37.792788499888381 ], [ 64.778998643984622, -37.824085428067114 ], [ 64.685107859448422, -37.824085428067114 ], [ 64.579480726845205, -37.824085428067114 ], [ 64.481677826286656, -37.800612731933064 ], [ 64.39561127379514, -37.76540368773199 ], [ 64.329105301415339, -37.722370411486231 ], [ 64.235214516879125, -37.671512903195783 ], [ 64.156972196432292, -37.644128091039391 ], [ 64.059169295873758, -37.648040207061733 ], [ 63.953542163270527, -37.679337135240466 ], [ 63.879211958846035, -37.710634063419207 ], [ 63.832266566577935, -37.792788499888381 ], [ 63.808793870443886, -37.871030820335214 ], [ 63.816618102488569, -37.937536792715022 ], [ 63.836178682600277, -38.031427577251222 ], [ 63.883124074868377, -38.125318361787421 ], [ 63.93789369918116, -38.203560682234254 ], [ 63.992663323493943, -38.281803002681087 ], [ 64.012223903605658, -38.371781671194952 ], [ 64.023960251672676, -38.469584571753494 ], [ 64.035696599739708, -38.551739008222668 ], [ 64.016136019627993, -38.64954190878121 ], [ 63.969190627359893, -38.755169041384434 ], [ 63.887036190890719, -38.876444638077032 ], [ 63.797057522376861, -38.94295061045684 ], [ 63.710990969885344, -38.954686958523865 ], [ 63.617100185349145, -38.978159654657915 ], [ 63.495824588656554, -38.982071770680257 ], [ 63.401933804120347, -38.954686958523865 ], [ 63.347164179807564, -38.896005218188741 ], [ 63.315867251628831, -38.813850781719559 ], [ 63.304130903561806, -38.716047881161018 ], [ 63.288482439472439, -38.637805560714185 ], [ 63.241537047204339, -38.57912382037906 ], [ 63.182855306869214, -38.520442080043935 ], [ 63.108525102444723, -38.496969383909885 ], [ 62.998985853819157, -38.496969383909885 ], [ 62.897270837238274, -38.489145151865202 ], [ 62.830764864858466, -38.446111875619444 ], [ 62.772083124523334, -38.383518019261977 ], [ 62.756434660433968, -38.293539350748119 ], [ 62.787731588612701, -38.203560682234254 ], [ 62.838589096903149, -38.109669897698055 ], [ 62.912919301327641, -38.035339693273563 ], [ 62.955952577573399, -37.933624676692681 ], [ 62.955952577573399, -37.863206588290531 ], [ 62.916831417349982, -37.796700615910723 ], [ 62.811204284746751, -37.734106759553256 ], [ 62.705577152143526, -37.722370411486231 ], [ 62.59603790351796, -37.71845829546389 ], [ 62.47867442284771, -37.710634063419207 ], [ 62.369135174222144, -37.691073483307498 ], [ 62.294804969797653, -37.64021597501705 ], [ 62.18526572117208, -37.605006930815975 ], [ 62.079638588568855, -37.605006930815975 ], [ 61.991615978066164, -37.605006930815975 ], [ 61.897725193529965, -37.655864439106416 ], [ 61.807746525016107, -37.726282527508573 ], [ 61.772537480815032, -37.796700615910723 ], [ 61.756889016725665, -37.874942936357556 ], [ 61.741240552636299, -37.984482184983122 ], [ 61.729504204569274, -38.07446085349698 ], [ 61.717767856502249, -38.152703173943813 ], [ 61.721679972524591, -38.227033378368304 ], [ 61.721679972524591, -38.297451466770461 ], [ 61.713855740479907, -38.379605903239636 ], [ 61.694295160368199, -38.450023991641785 ], [ 61.647349768100099, -38.504793615954569 ], [ 61.580843795720284, -38.590860168446085 ], [ 61.526074171407501, -38.64954190878121 ], [ 61.514337823340476, -38.704311533093993 ], [ 61.486953011184085, -38.770817505473801 ], [ 61.447831850960668, -38.845147709898292 ], [ 61.436095502893643, -38.892093102166399 ] ], [ [ 63.617100185349145, -38.978159654657915 ], [ 63.532989690868796, -39.040753511015382 ], [ 63.454747370421963, -39.099435251350506 ], [ 63.423450442243229, -39.146380643618606 ], [ 63.376505049975123, -39.193326035886706 ], [ 63.341296005774048, -39.263744124288856 ], [ 63.329559657707023, -39.334162212691005 ], [ 63.325647541684681, -39.349810676780372 ] ], [ [ 67.030421414842252, -38.468606542747906 ], [ 67.167345475624245, -38.468606542747906 ], [ 67.300357420383875, -38.433397498546832 ], [ 67.398160320942409, -38.386452106278732 ], [ 67.480314757411591, -38.355155178099999 ], [ 67.550732845813741, -38.292561321742532 ], [ 67.625063050238225, -38.229967465385066 ], [ 67.695481138640375, -38.159549376982916 ], [ 67.797196155221258, -38.073482824491393 ], [ 67.934120216003222, -38.030449548245635 ], [ 68.059307928718155, -37.97176780791051 ], [ 68.188407757455437, -37.893525487463677 ], [ 68.254913729835238, -37.827019515083869 ], [ 68.317507586192704, -37.701831802368936 ], [ 68.364452978460804, -37.631413713966786 ], [ 68.446607414929986, -37.557083509542295 ], [ 68.528761851399167, -37.510138117274188 ], [ 68.638301100024734, -37.447544260916722 ], [ 68.708719188426883, -37.361477708425205 ], [ 68.779137276829033, -37.267586923889006 ], [ 68.814346321030101, -37.193256719464515 ], [ 68.849555365231183, -37.091541702883632 ], [ 68.88476440943225, -36.982002454258065 ], [ 68.93170980170035, -36.833342045409076 ], [ 68.935621917722699, -36.751187608939901 ], [ 68.939534033745034, -36.67685740451541 ], [ 68.974743077946115, -36.586878736001552 ], [ 69.017776354191867, -36.457778907264277 ], [ 69.080370210549347, -36.363888122728078 ], [ 69.142964066906814, -36.313030614437629 ], [ 69.256415431554714, -36.234788293990796 ], [ 69.369866796202629, -36.19566713376738 ], [ 69.448109116649462, -36.187842901722696 ], [ 69.487230276872879, -36.183930785700355 ] ], [ [ 68.93170980170035, -36.833342045409076 ], [ 68.97865519396845, -36.774660305073951 ], [ 69.033424818281233, -36.751187608939901 ], [ 69.115579254750415, -36.715978564738826 ], [ 69.209470039286614, -36.67685740451541 ], [ 69.283800243711113, -36.661208940426043 ], [ 69.358130448135597, -36.649472592359018 ], [ 69.455933348694145, -36.645560476336676 ], [ 69.557648365275028, -36.645560476336676 ], [ 69.631978569699513, -36.665121056448385 ], [ 69.721957238213378, -36.715978564738826 ], [ 69.761078398436794, -36.770748189051609 ] ], [ [ 68.254913729835238, -37.827019515083869 ], [ 68.352716630393786, -37.811371050994502 ], [ 68.42704683481827, -37.783986238838111 ], [ 68.513113387309801, -37.772249890771086 ], [ 68.583531475711951, -37.772249890771086 ], [ 68.661773796158784, -37.764425658726402 ], [ 68.728279768538584, -37.772249890771086 ], [ 68.786961508873716, -37.787898354860452 ], [ 68.865203829320549, -37.823107399061527 ], [ 68.927797685678016, -37.870052791329627 ], [ 68.9551824978344, -37.920910299620068 ], [ 68.974743077946115, -37.987416271999876 ], [ 68.986479426013133, -38.057834360402026 ], [ 68.986479426013133, -38.128252448804176 ], [ 69.049073282370614, -38.175197841072283 ], [ 69.123403486795098, -38.202582653228674 ], [ 69.174260995085547, -38.241703813452091 ], [ 69.244679083487696, -38.288649205720191 ], [ 69.283800243711113, -38.323858249921265 ], [ 69.319009287912181, -38.374715758211707 ], [ 69.369866796202629, -38.42948538252449 ], [ 69.397251608359014, -38.507727702971323 ], [ 69.405075840403697, -38.613354835574548 ], [ 69.381603144269647, -38.683772923976697 ], [ 69.369866796202629, -38.758103128401196 ], [ 69.373778912224964, -38.84025756487037 ], [ 69.346394100068579, -38.914587769294862 ] ] ] } },
{ "type": "Feature", "properties": { "id": 74, "name": null, "size": null, "continent": "Essos" }, "geometry": { "type": "MultiLineString", "coordinates": [ [ [ 31.732743335135829, 14.578097423071421 ], [ 31.691666116901242, 14.630910989373035 ], [ 31.650588898666655, 14.695460903741672 ], [ 31.619291970487922, 14.748274470043285 ], [ 31.593863216342701, 14.811357340903545 ], [ 31.574302636230993, 14.879819371294525 ], [ 31.537137534018743, 14.920896589529113 ], [ 31.496060315784156, 14.950237459696675 ], [ 31.443246749482544, 14.981534387875408 ], [ 31.389067050541357, 15.015782972415506 ], [ 31.349355964946344, 15.05195247627756 ], [ 31.331751442845807, 15.087161520478634 ], [ 31.323927210801124, 15.128238738713222 ], [ 31.318634762904587, 15.17585635340817 ], [ 31.323927210801124, 15.26125068347284 ], [ 31.300454514667074, 15.317976365796795 ], [ 31.278937876544195, 15.362965700053724 ], [ 31.249668772291493, 15.399266944358997 ] ], [ [ 31.732743335135829, 14.578097423071421 ], [ 31.705358522979438, 14.52919597279215 ], [ 31.683841884856559, 14.456821826378828 ], [ 31.672105536789534, 14.39031585399902 ], [ 31.683602071567858, 14.305057160808088 ], [ 31.720640226191716, 14.228696560826029 ], [ 31.726508400225228, 14.16023453043505 ], [ 31.720640226191716, 14.078080093965873 ], [ 31.714772052158203, 13.992013541474357 ], [ 31.714772052158203, 13.894210640915814 ], [ 31.734332632269911, 13.839441016603031 ], [ 31.781278024538011, 13.790539566323758 ], [ 31.822355242772598, 13.739682058033317 ], [ 31.863432461007186, 13.702516955821071 ] ], [ [ 33.111764233011279, 13.181961017598228 ], [ 33.084379420854887, 13.232818525888671 ], [ 33.072643072787862, 13.291500266223796 ], [ 33.025697680519762, 13.322797194402529 ], [ 33.002224984385713, 13.408863746894047 ], [ 32.98853257830752, 13.483193951318539 ], [ 32.967015940184638, 13.561436271765373 ], [ 32.931806895983563, 13.612293780055815 ], [ 32.880949387693121, 13.659728186826708 ], [ 32.841828227469705, 13.694937231027783 ], [ 32.812487357302139, 13.741882623295885 ], [ 32.810531299290972, 13.808388595675693 ], [ 32.789014661168089, 13.870982452033161 ], [ 32.73620109486648, 13.93944448242414 ], [ 32.677519354531356, 14.002038338781606 ], [ 32.630573962263256, 14.056807963094391 ], [ 32.565046018889028, 14.143363530088701 ], [ 32.504408220542736, 14.205957386446167 ], [ 32.463331002308145, 14.264639126781294 ], [ 32.39486897191717, 14.301804228993539 ], [ 32.330319057548529, 14.329189041149931 ], [ 32.259900969146379, 14.356573853306323 ], [ 32.191438938755397, 14.354617795295152 ], [ 32.11906479234208, 14.356573853306323 ], [ 32.032020210844969, 14.368799215876141 ], [ 31.969426354487503, 14.378579505931995 ], [ 31.932261252275257, 14.405964318088387 ], [ 31.895096150063011, 14.454865768367657 ], [ 31.855974989839595, 14.507679334669271 ], [ 31.791425075470954, 14.546800494892688 ], [ 31.732743335135829, 14.578097423071421 ] ], [ [ 31.863432461007186, 13.702516955821071 ], [ 31.843871880895477, 13.626230693385407 ], [ 31.841915822884307, 13.565592895039112 ], [ 31.867344577029527, 13.491262690614619 ], [ 31.902553621230602, 13.418888544201298 ], [ 31.951455071509876, 13.352382571821488 ], [ 32.004268637811485, 13.28587659944168 ], [ 32.037521624001393, 13.232574018637274 ], [ 32.057082204113101, 13.195408916425029 ], [ 32.059038262124275, 13.156287756201611 ] ], [ [ 31.863432461007186, 13.702516955821071 ], [ 31.93580660742051, 13.690780607754046 ], [ 32.008180753833827, 13.663395795597653 ], [ 32.064906436157784, 13.602757997251357 ], [ 32.100115480358859, 13.557768662994429 ], [ 32.139236640582276, 13.487350574592277 ], [ 32.160753278705158, 13.434537008290665 ] ], [ [ 33.111764233011279, 13.181961017598228 ], [ 33.105529298100677, 13.098584044872071 ], [ 33.095749008044827, 13.039902304536946 ], [ 33.074232369921944, 12.989044796246503 ], [ 33.058583905832577, 12.942099403978403 ], [ 33.042935441743211, 12.895154011710304 ], [ 33.040979383732044, 12.848208619442202 ] ], [ [ 33.638921867021836, 12.723265413978664 ], [ 33.614104381005106, 12.740869936079202 ], [ 33.598944931418529, 12.759452487185326 ], [ 33.585741539843127, 12.779013067297035 ], [ 33.573393923647608, 12.798084632905949 ], [ 33.556400669675561, 12.818134227520451 ], [ 33.536228821435365, 12.835738749620988 ], [ 33.526448531379508, 12.848453126693599 ], [ 33.520091342843202, 12.86520187341425 ], [ 33.510311052787351, 12.878405264989652 ], [ 33.493195545189607, 12.890141613056677 ], [ 33.467766791044383, 12.909702193168386 ], [ 33.443805080407543, 12.930363055911378 ], [ 33.433535775848895, 12.957258853564978 ], [ 33.427178587312589, 12.990022825252089 ], [ 33.407128992698091, 13.031100043486678 ], [ 33.383656296564034, 13.062152464414014 ], [ 33.350403310374126, 13.083180088034101 ], [ 33.316350557693013, 13.101305335743268 ], [ 33.266292815893777, 13.123279277263103 ], [ 33.215435307603336, 13.136971683341299 ], [ 33.160665683290553, 13.152620147430666 ], [ 33.111764233011279, 13.181961017598228 ] ] ] } },
{ "type": "Feature", "properties": { "id": 75, "name": null, "size": null, "continent": "Westeros" }, "geometry": { "type": "MultiLineString", "coordinates": [ [ [ 14.903159206695438, 35.23692290250785 ], [ 14.897233337891175, 35.322868897707124 ], [ 14.885878634037025, 35.372072614408438 ], [ 14.802610805773263, 35.387212219547308 ], [ 14.738267483933081, 35.383427318262591 ], [ 14.685278865947051, 35.409921627255606 ], [ 14.6739241620929, 35.455340442672203 ], [ 14.639860050530451, 35.496974356804088 ], [ 14.590656333829138, 35.500759258088806 ], [ 14.533882814558391, 35.527253567081821 ], [ 14.533882814558391, 35.572672382498418 ], [ 14.541452617127822, 35.625661000484449 ], [ 14.579301629974989, 35.655940210762182 ], [ 14.613365741537436, 35.67864961847048 ], [ 14.619043093464503, 35.71365995535411 ], [ 14.60958084025272, 35.746777841595375 ], [ 14.567946926120838, 35.807336262150841 ], [ 14.518743209419524, 35.841400373713292 ], [ 14.491302675105322, 35.849916401603906 ], [ 14.477109295287642, 35.86410978142159 ], [ 14.473324394002917, 35.884926738487529 ], [ 14.477109295287642, 35.901958794268751 ], [ 14.486571548499425, 35.93886158179474 ], [ 14.480894196572359, 35.981441721247798 ], [ 14.488463999141793, 36.019290734094966 ] ], [ [ 14.533882814558391, 35.572672382498418 ], [ 14.502657378959471, 35.593489339564357 ], [ 14.487517773820604, 35.619037423236193 ], [ 14.482786647214709, 35.6597251120469 ], [ 14.454399887579344, 35.67864961847048 ], [ 14.412765973447453, 35.670133590579866 ], [ 14.37207828463675, 35.673918491864583 ], [ 14.340852849037848, 35.686219421039915 ], [ 14.325713243898981, 35.720283532602359 ] ] ] } },
{ "type": "Feature", "properties": { "id": 76, "name": null, "size": null, "continent": null }, "geometry": { "type": "MultiLineString", "coordinates": [ [ [ 12.888485217815591, 42.420465900534715 ], [ 12.860010221392496, 42.471601199215463 ], [ 12.846763066895988, 42.507557761420273 ], [ 12.824053659187689, 42.539729422340365 ], [ 12.784312195698165, 42.545406774267441 ], [ 12.731323577712134, 42.541621872982724 ], [ 12.678334959726103, 42.541621872982724 ], [ 12.646163298806012, 42.560546379406304 ], [ 12.62723879238243, 42.590825589684037 ], [ 12.62723879238243, 42.62110479996177 ], [ 12.62723879238243, 42.649491559597145 ], [ 12.632916144309505, 42.687340572444306 ], [ 12.631023693667146, 42.725189585291474 ], [ 12.617776539170638, 42.753576344926849 ], [ 12.587497328892907, 42.787640456489292 ], [ 12.557218118615173, 42.808457413555239 ], [ 12.526938908337442, 42.838736623832972 ], [ 12.483412543563201, 42.840629074475324 ], [ 12.43042392557717, 42.823597018694102 ], [ 12.394467363372364, 42.804672512270521 ], [ 12.352833449240482, 42.793317808416369 ], [ 12.314984436393317, 42.793317808416369 ], [ 12.279027874188509, 42.808457413555239 ], [ 12.241178861341345, 42.798995160343445 ], [ 12.191975144640029, 42.797102709701086 ], [ 12.144663878581072, 42.755468795569207 ], [ 12.116277118945698, 42.725189585291474 ], [ 12.089782809952682, 42.685448121801947 ], [ 12.078428106098533, 42.645706658312427 ], [ 12.057611149032592, 42.609750096107618 ], [ 12.029224389397218, 42.577578435187526 ], [ 11.991375376550053, 42.556761478121587 ], [ 11.972450870126471, 42.528374718486212 ], [ 11.940279209206381, 42.49620305756612 ], [ 11.92892450535223, 42.484848353711975 ] ] ] } },
{ "type": "Feature", "properties": { "id": 77, "name": null, "size": null, "continent": null }, "geometry": { "type": "MultiLineString", "coordinates": [ [ [ 13.894234497441287, 39.453615537314626 ], [ 13.800558190644553, 39.522216873100113 ], [ 13.736214868804371, 39.563850787231992 ], [ 13.660516843110042, 39.590345096225008 ], [ 13.584818817415711, 39.590345096225008 ], [ 13.516690594290813, 39.594129997509725 ], [ 13.459917075020066, 39.624409207787458 ], [ 13.43342276602705, 39.666043121919337 ], [ 13.43342276602705, 39.737956246328956 ], [ 13.418283160888183, 39.783375061745552 ], [ 13.372864345471585, 39.825008975877438 ], [ 13.32366062877027, 39.870427791294034 ], [ 13.255532405645374, 39.923416409280065 ], [ 13.191189083805192, 39.976405027266097 ], [ 13.123060860680294, 40.010469138828547 ], [ 13.047362834985964, 40.040748349106273 ], [ 12.952740302868051, 40.074812460668724 ], [ 12.865687573319571, 40.074812460668724 ], [ 12.763495238632224, 40.078597361953442 ], [ 12.69158211422261, 40.071027559384007 ], [ 12.634808594951863, 40.040748349106273 ], [ 12.596959582104697, 40.00668423754383 ], [ 12.54018606283395, 40.00668423754383 ], [ 12.449348432000752, 40.010469138828547 ], [ 12.385005110160572, 40.048318151675709 ], [ 12.324446689605107, 40.097521868377022 ], [ 12.301737281896809, 40.131585979939473 ], [ 12.279027874188509, 40.184574597925504 ], [ 12.271458071619076, 40.2299934133421 ], [ 12.203329848494178, 40.267842426189269 ], [ 12.138986526653998, 40.298121636467002 ], [ 12.120062020230415, 40.358680057022468 ], [ 12.0935677112374, 40.423023378862645 ], [ 12.082213007383249, 40.506291207126409 ], [ 12.085997908667967, 40.589559035390174 ], [ 12.116277118945698, 40.633085400164411 ], [ 12.142771427938714, 40.665257061084503 ], [ 12.135201625369282, 40.710675876501099 ], [ 12.12573937215749, 40.752309790632985 ], [ 12.133309174726923, 40.782589000910718 ], [ 12.154126131792864, 40.822330464400238 ], [ 12.199544947209462, 40.860179477247407 ], [ 12.233609058771911, 40.879103983670987 ], [ 12.237393960056627, 40.903705842021644 ], [ 12.24496376262606, 40.947232206795881 ], [ 12.237393960056627, 41.002113275424271 ], [ 12.203329848494178, 41.053209442767944 ], [ 12.15791103307758, 41.112348525341645 ], [ 12.129524273442206, 41.157767340758241 ], [ 12.095460161879757, 41.191831452320692 ], [ 12.063288500959667, 41.246712520949082 ], [ 12.021654586827786, 41.314840744073976 ], [ 12.01597723490071, 41.356474658205862 ] ], [ [ 12.085997908667967, 40.589559035390174 ], [ 12.054772473069075, 40.635924076127949 ], [ 12.009353657652477, 40.65484858255153 ], [ 11.963934842235878, 40.662418385120965 ], [ 11.903376421680413, 40.666203286405683 ], [ 11.846602902409666, 40.635924076127949 ], [ 11.789829383138917, 40.616999569704369 ], [ 11.736840765152886, 40.624569372273804 ], [ 11.683852147166855, 40.639708977412667 ], [ 11.62329372661139, 40.632139174843232 ], [ 11.577874911194792, 40.65484858255153 ] ] ] } },
{ "type": "Feature", "properties": { "id": 78, "name": null, "size": null, "continent": null }, "geometry": { "type": "MultiLineString", "coordinates": [ [ [ 13.927433627032022, 39.086971741041097 ], [ 13.878090316419785, 39.102052484500234 ], [ 13.839353428812917, 39.127640914168417 ], [ 13.78713361890034, 39.143129702734825 ], [ 13.703023124419992, 39.149975905773921 ], [ 13.653893265861807, 39.173059729585013 ], [ 13.604689549160492, 39.226048347571044 ], [ 13.561208918610106, 39.239954574287779 ], [ 13.517636819612012, 39.233618150140479 ], [ 13.491142510618996, 39.214693643716892 ], [ 13.415444484924665, 39.188199334723876 ], [ 13.336262247325459, 39.179316775941487 ], [ 13.286757841244304, 39.161705025730861 ], [ 13.195920210411106, 39.127640914168417 ], [ 13.119139808085494, 39.102052484500234 ], [ 13.087353865403966, 39.076868237606412 ], [ 13.070238357806224, 39.051194976209793 ], [ 13.063392154767126, 39.020876077036647 ], [ 13.048309060307162, 38.998954270488049 ], [ 12.999820269404074, 38.994469293885835 ], [ 12.949451775616421, 38.988601119852326 ], [ 12.900697910203219, 38.961105257640888 ], [ 12.874203601210203, 38.908116639654857 ], [ 12.855560991080221, 38.852655088075949 ], [ 12.862407194119319, 38.819402101886048 ] ], [ [ 13.517636819612012, 39.233618150140479 ], [ 13.474164337113004, 39.253157965863181 ], [ 13.422328799816977, 39.284454894041914 ], [ 13.391031871638242, 39.306949561170384 ], [ 13.352888740420411, 39.339224518354698 ], [ 13.317679696219336, 39.358785098466406 ], [ 13.27904755049871, 39.358785098466406 ], [ 13.224277926185925, 39.354872982444064 ], [ 13.182222678945752, 39.354872982444064 ], [ 13.14212348971675, 39.349004808410555 ], [ 13.09713415545982, 39.348026779404968 ], [ 13.06290314026433, 39.346070721393801 ], [ 13.032584241091183, 39.341180576365872 ], [ 12.980748703795156, 39.331400286310014 ], [ 12.931847253515883, 39.322598025259751 ], [ 12.892726093292467, 39.312817735203893 ], [ 12.846758730029952, 39.310861677192726 ], [ 12.800791366767436, 39.295213213103359 ], [ 12.76704936607474, 39.276630661997231 ], [ 12.736730466901593, 39.254135994868768 ], [ 12.699565364689347, 39.227729211717964 ], [ 12.676092668555295, 39.204256515583914 ], [ 12.645773769382147, 39.180783819449864 ], [ 12.625235160264854, 39.159267181326982 ] ] ] } },
{ "type": "Feature", "properties": { "id": 79, "name": null, "size": null, "continent": null }, "geometry": { "type": "MultiLineString", "coordinates": [ [ [ 14.130390990692904, 38.331519331858921 ], [ 14.060981740464257, 38.312538569741399 ], [ 13.994475768084447, 38.308626453719057 ], [ 13.935794027749322, 38.308626453719057 ], [ 13.892760751503564, 38.311560540735819 ], [ 13.851683533268975, 38.303736308691136 ], [ 13.800826024978534, 38.301780250679961 ], [ 13.74410034265458, 38.29786813465762 ], [ 13.693242834364137, 38.29786813465762 ], [ 13.646297442096037, 38.301780250679961 ], [ 13.5817475277274, 38.291999960624111 ], [ 13.530890019436956, 38.311560540735819 ], [ 13.481988569157686, 38.323296888802844 ], [ 13.427218944844903, 38.325252946814011 ], [ 13.380273552576801, 38.31547265675816 ], [ 13.345064508375726, 38.293956018635278 ], [ 13.325503928264018, 38.260703032445377 ], [ 13.327459986275189, 38.223537930233128 ], [ 13.317679696219335, 38.178548595976196 ], [ 13.327459986275189, 38.145295609786295 ], [ 13.358756914453922, 38.131603203708096 ], [ 13.374405378543289, 38.106174449562879 ], [ 13.372449320532118, 38.082701753428829 ], [ 13.350932682409239, 38.059229057294779 ], [ 13.319635754230505, 38.057272999283605 ], [ 13.294207000085285, 38.039668477183071 ], [ 13.257041897873037, 38.020107897071362 ], [ 13.235525259750158, 37.988810968892629 ], [ 13.235525259750158, 37.959470098725063 ], [ 13.241393433783671, 37.922304996512814 ], [ 13.258997955884208, 37.898832300378764 ], [ 13.276602477984747, 37.873403546233547 ], [ 13.303987290141139, 37.861667198166522 ], [ 13.333328160308701, 37.838194502032472 ], [ 13.358756914453922, 37.81667786390959 ], [ 13.372449320532118, 37.787336993742031 ], [ 13.372449320532118, 37.752127949540956 ], [ 13.370493262520947, 37.713006789317539 ], [ 13.364625088487434, 37.685621977161148 ], [ 13.348976624398068, 37.649923918457276 ], [ 13.335284218319872, 37.622539106300884 ] ], [ [ 13.327459986275189, 38.223537930233128 ], [ 13.278558535995918, 38.209356509652139 ], [ 13.237481317761329, 38.205444393629797 ], [ 13.208140447593767, 38.199576219596288 ], [ 13.174887461403863, 38.201532277607456 ], [ 13.127942069135763, 38.209356509652139 ], [ 13.094689082945857, 38.228917089763847 ], [ 13.090776966923515, 38.268038249987264 ], [ 13.090776966923515, 38.303247294188338 ], [ 13.073172444822978, 38.324763932311221 ], [ 13.018402820510195, 38.350192686456438 ], [ 12.977325602275608, 38.35410480247878 ], [ 12.922555977962823, 38.35410480247878 ], [ 12.879522701717065, 38.344324512422929 ], [ 12.832577309448965, 38.336500280378246 ], [ 12.787587975192034, 38.314983642255363 ], [ 12.736730466901593, 38.295423062143655 ], [ 12.689785074633493, 38.268038249987264 ], [ 12.629147276287195, 38.264126133964922 ], [ 12.574377651974412, 38.254345843909071 ], [ 12.535256491750996, 38.254345843909071 ], [ 12.488311099482894, 38.244565553853214 ], [ 12.451145997270649, 38.225004973741505 ], [ 12.412024837047232, 38.201532277607456 ], [ 12.365079444779131, 38.172191407439897 ], [ 12.337694632622739, 38.14871871130584 ], [ 12.302485588421664, 38.12524601517179 ], [ 12.275100776265273, 38.105685435060082 ], [ 12.24575990609771, 38.072432448870181 ] ] ] } },
{ "type": "Feature", "properties": { "id": 80, "name": null, "size": null, "continent": "Essos" }, "geometry": { "type": "MultiLineString", "coordinates": [ [ [ 78.525863089380039, 8.615279342474198 ], [ 78.573731006890014, 8.810293616257098 ], [ 78.573731006890014, 8.943305561016716 ], [ 78.526785614621915, 9.068493273731651 ], [ 78.464191758264448, 9.178032522357219 ], [ 78.378125205772932, 9.279747538938102 ], [ 78.245113261013316, 9.34234139529557 ], [ 78.127749780343066, 9.38928678756367 ], [ 78.002562067628133, 9.428407947787086 ], [ 77.838253194689784, 9.444056411876455 ], [ 77.681768553796118, 9.467529108010504 ], [ 77.540932376991819, 9.498826036189238 ], [ 77.423568896321569, 9.553595660502021 ], [ 77.345326575874722, 9.624013748904172 ], [ 77.290556951561939, 9.710080301395688 ], [ 77.235787327249156, 9.811795317976573 ], [ 77.181017702936373, 9.968279958870241 ], [ 77.165369238847006, 10.085643439540492 ], [ 77.157545006802323, 10.210831152255427 ], [ 77.14972077475764, 10.304721936791626 ], [ 77.165369238847006, 10.414261185417194 ], [ 77.165369238847006, 10.500327737908712 ], [ 77.165369238847006, 10.63333968266833 ], [ 77.110599614534223, 10.758527395383263 ], [ 77.040181526132073, 10.875890876053514 ], [ 77.040181526132073, 11.001078588768449 ], [ 77.05582999022144, 11.09496937330465 ], [ 77.12624807862359, 11.204508621930216 ], [ 77.14972077475764, 11.298399406466418 ], [ 77.141896542712956, 11.384465958957936 ], [ 77.12624807862359, 11.501829439628185 ], [ 77.110599614534223, 11.62701715234312 ], [ 77.141896542712956, 11.705259472789955 ], [ 77.220138863159789, 11.838271417549572 ], [ 77.345326575874722, 11.934118260096943 ], [ 77.454865824500303, 12.051481740767194 ], [ 77.556580841081185, 12.161020989392762 ], [ 77.587877769259919, 12.262736005973647 ], [ 77.626998929483335, 12.372275254599213 ], [ 77.634823161528018, 12.520935663448197 ], [ 77.595702001304602, 12.653947608207815 ], [ 77.509635448813086, 12.786959552967433 ], [ 77.376623504053455, 12.857377641369585 ], [ 77.204490399070423, 12.873026105458951 ], [ 77.118423846578906, 12.857377641369585 ], [ 77.00888459795334, 12.833904945235533 ], [ 76.907169581372457, 12.794783785012116 ], [ 76.813278796836258, 12.77913532092275 ], [ 76.703739548210692, 12.794783785012116 ], [ 76.625497227763859, 12.841729177280216 ], [ 76.547254907317026, 12.904323033637684 ], [ 76.508133747093609, 13.006038050218569 ], [ 76.515957979138292, 13.099928834754769 ], [ 76.578551835495759, 13.24076501155907 ], [ 76.672442620031958, 13.319007332005905 ], [ 76.766333404568158, 13.383557246374542 ], [ 76.813278796836258, 13.508744959089476 ], [ 76.813278796836258, 13.602635743625678 ], [ 76.805454564791575, 13.665229599983144 ], [ 76.735036476389425, 13.751296152474662 ], [ 76.656794155942592, 13.813890008832129 ], [ 76.578551835495759, 13.884308097234278 ], [ 76.500309515048926, 13.915605025413013 ], [ 76.476836818914876, 14.025144274038579 ], [ 76.484661050959559, 14.103386594485414 ], [ 76.508133747093609, 14.212925843110982 ], [ 76.539430675272342, 14.283343931513132 ], [ 76.539430675272342, 14.41635587627275 ], [ 76.515957979138292, 14.494598196719584 ], [ 76.445539890736143, 14.572840517166417 ], [ 76.336000642110577, 14.580664749211101 ], [ 76.22646139348501, 14.580664749211101 ], [ 76.179516001216896, 14.627610141479201 ], [ 76.138021948647776, 14.696573334929393 ] ], [ [ 77.595702001304602, 12.653947608207815 ], [ 77.713065481974851, 12.515067489414685 ], [ 77.791307802421684, 12.452473633057219 ], [ 77.908671283091934, 12.413352472833802 ], [ 78.033858995806867, 12.38987977669975 ], [ 78.143398244432433, 12.38987977669975 ], [ 78.268585957147366, 12.421176704878485 ], [ 78.378125205772932, 12.468122097146585 ], [ 78.456367526219765, 12.499419025325318 ], [ 78.565662267593936, 12.523013975085068 ], [ 78.698918719604961, 12.507243257370002 ], [ 78.777161040051794, 12.475946329191268 ], [ 78.878631549381282, 12.399782320381304 ], [ 78.949294145034827, 12.303813224208234 ], [ 79.023379842207916, 12.20613257727539 ], [ 79.105778785928493, 12.1316801192252 ], [ 79.179864483101582, 12.082900922571627 ] ], [ [ 77.14972077475764, 10.304721936791626 ], [ 77.12624807862359, 10.261688660545868 ], [ 77.089082976411333, 10.24212808043416 ], [ 77.046049700165582, 10.234303848389477 ], [ 76.993236133863959, 10.228435674355964 ], [ 76.938466509551176, 10.240172022422989 ], [ 76.881740827227233, 10.244084138445331 ], [ 76.844575725014977, 10.287117414691089 ], [ 76.811322738825083, 10.320370400880995 ], [ 76.758509172523461, 10.35753550309324 ], [ 76.697871374177168, 10.35753550309324 ], [ 76.637233575830876, 10.33210674894802 ], [ 76.582463951518093, 10.31450222684748 ], [ 76.537474617261154, 10.267556834579381 ], [ 76.508133747093595, 10.224523558333622 ], [ 76.480748934937196, 10.175622108054352 ], [ 76.457276238803146, 10.144325179875617 ], [ 76.457276238803146, 10.116940367719225 ], [ 76.43967171670262, 10.060214685395271 ], [ 76.41619902056857, 10.036741989261222 ], [ 76.384902092389837, 9.999576887048974 ], [ 76.377077860345153, 9.970236016881412 ], [ 76.377077860345153, 9.936983030691508 ], [ 76.382946034378662, 9.897861870468091 ], [ 76.382946034378662, 9.85091647819999 ], [ 76.402506614490363, 9.809839259965402 ], [ 76.413998455305986, 9.785266281200069 ], [ 76.41815507857973, 9.753113577641448 ], [ 76.410086339283652, 9.721205381334224 ], [ 76.393948860691495, 9.692353525669454 ], [ 76.37120968631163, 9.663134909127589 ], [ 76.32426429404353, 9.629881922937685 ], [ 76.279274959786605, 9.610321342825976 ], [ 76.240153799563188, 9.596628936747781 ], [ 76.222793784714042, 9.58990498733438 ], [ 76.185384175250405, 9.579024414647243 ], [ 76.159955421105181, 9.563375950557875 ], [ 76.122790318892939, 9.530122964367971 ], [ 76.089537332703031, 9.492957862155725 ], [ 76.075844926624839, 9.455303745440686 ], [ 76.068020694580156, 9.396622005105561 ], [ 76.062152520546647, 9.355544786870974 ], [ 76.062152520546647, 9.318379684658726 ], [ 76.062152520546647, 9.285126698468822 ], [ 76.062152520546647, 9.253829770290089 ], [ 76.064108578557807, 9.216664668077843 ] ] ] } },
{ "type": "Feature", "properties": { "id": 81, "name": "Broken Branch", "size": null, "continent": "Westeros" }, "geometry": { "type": "MultiLineString", "coordinates": [ [ [ 21.093643386414051, 22.772938609553329 ], [ 21.062569137824564, 22.842564773893951 ], [ 21.019535861578806, 22.959928254564201 ], [ 21.007799513511781, 23.034258458988692 ], [ 20.980414701355389, 23.120325011480212 ], [ 20.917820844997919, 23.206391563971728 ], [ 20.855226988640453, 23.265073304306853 ], [ 20.757424088081912, 23.335491392709002 ], [ 20.647884839456342, 23.405909481111152 ], [ 20.534433474808434, 23.460679105423939 ], [ 20.464015386406285, 23.51153661371438 ], [ 20.420982110160526, 23.566306238027163 ], [ 20.362300369825398, 23.681713660686242 ], [ 20.327091325624323, 23.783428677267128 ], [ 20.29579439744559, 23.877319461803328 ], [ 20.24884900517749, 23.955561782250161 ], [ 20.209727844954074, 24.022067754629973 ], [ 20.143221872574266, 24.112046423143831 ], [ 20.104100712350849, 24.190288743590664 ], [ 20.096276480306166, 24.284179528126863 ], [ 20.084540132239141, 24.401543008797116 ], [ 20.108012828373191, 24.491521677310974 ], [ 20.096276480306166, 24.593236693891857 ], [ 20.064979552127429, 24.714512290584452 ], [ 19.99456146372528, 24.812315191142993 ], [ 19.908494911233763, 24.859260583411093 ], [ 19.80677989465288, 24.863172699433434 ], [ 19.724625458183702, 24.917942323746221 ], [ 19.650295253759211, 24.980536180103687 ], [ 19.55249235320067, 25.000096760215396 ], [ 19.427304640485733, 25.019657340327104 ], [ 19.282556347659092, 25.050954268505837 ], [ 19.216050375279284, 25.10572389281862 ], [ 19.147588344888302, 25.160493517131403 ], [ 19.069346024441469, 25.203526793377165 ], [ 18.979367355927611, 25.273944881779315 ], [ 18.905037151503119, 25.306219838963631 ] ], [ [ 19.99456146372528, 24.812315191142993 ], [ 19.992605405714109, 24.922832468774146 ], [ 20.027814449915184, 25.008899021265663 ], [ 20.070847726160942, 25.102789805801866 ], [ 20.08258407422797, 25.227977518516798 ], [ 20.0669356101386, 25.321868303052998 ], [ 20.039550797982209, 25.439231783723251 ], [ 20.016078101848159, 25.494001408036034 ] ], [ [ 20.420982110160526, 23.566306238027163 ], [ 20.309486803523786, 23.592713021177971 ], [ 20.211683902965245, 23.674867457647146 ], [ 20.117793118429045, 23.721812849915246 ], [ 19.992605405714109, 23.745285546049296 ], [ 19.906538853222592, 23.75702189411632 ], [ 19.828296532775759, 23.815703634451445 ], [ 19.74222998028424, 23.870473258764232 ], [ 19.64833919574804, 23.89003383887594 ], [ 19.538799947122474, 23.874385374786574 ], [ 19.460557626675637, 23.831352098540812 ], [ 19.390139538273488, 23.776582474228029 ], [ 19.311897217826655, 23.745285546049296 ], [ 19.221918549312797, 23.745285546049296 ], [ 19.12020353273191, 23.75702189411632 ], [ 19.041961212285077, 23.729637081959929 ], [ 18.893300803436095, 23.667043225602463 ], [ 18.779849438788183, 23.631834181401388 ], [ 18.662485958117934, 23.624009949356704 ], [ 18.513825549268947, 23.616185717312021 ], [ 18.412110532688065, 23.627922065379046 ], [ 18.310395516107182, 23.635746297423729 ] ] ] } },
{ "type": "Feature", "properties": { "id": 82, "name": "Tumblestone", "size": null, "continent": "Westeros" }, "geometry": { "type": "MultiLineString", "coordinates": [ [ [ 12.722426792694867, 9.967301929864634 ], [ 12.597239079979932, 9.978060248926074 ], [ 12.491611947376708, 9.981972364948415 ], [ 12.413369626929873, 9.978060248926074 ], [ 12.264709218080888, 9.958499668814365 ], [ 12.170818433544689, 9.935026972680316 ], [ 12.061279184919121, 9.915466392568607 ], [ 11.940003588226528, 9.903730044501582 ], [ 11.814815875511593, 9.891993696434557 ], [ 11.720925090975392, 9.903730044501582 ], [ 11.623122190416851, 9.923290624613291 ], [ 11.505758709746599, 9.94676332074734 ], [ 11.396219461121031, 9.942851204724999 ], [ 11.29841656056249, 9.915466392568607 ], [ 11.200613660003947, 9.860696768255822 ], [ 11.094986527400721, 9.833311956099431 ], [ 10.99718362684218, 9.833311956099431 ], [ 10.903292842305978, 9.829399840077089 ], [ 10.805489941747435, 9.821575608032406 ], [ 10.723335505278261, 9.81595194125029 ], [ 10.623576546708547, 9.809594752713984 ], [ 10.549246342284055, 9.780253882546422 ], [ 10.494476717971271, 9.748956954367689 ], [ 10.447531325703171, 9.707879736133101 ], [ 10.404498049457413, 9.664846459887341 ], [ 10.365376889233994, 9.625725299663925 ], [ 10.302783032876528, 9.586604139440508 ], [ 10.224540712429693, 9.553351153250604 ], [ 10.142386275960519, 9.531834515127724 ], [ 10.063165926508098, 9.514229993027186 ], [ 9.969275141971899, 9.492713354904307 ], [ 9.887120705502722, 9.486845180870795 ], [ 9.830395023178768, 9.463372484736745 ], [ 9.748240586709592, 9.434031614569182 ], [ 9.656305860184563, 9.392954396334595 ], [ 9.587843829793583, 9.375349874234056 ], [ 9.514491654374677, 9.377305932245227 ], [ 9.424512985860817, 9.387086222301081 ], [ 9.346270665413982, 9.369481700200543 ], [ 9.279764693034174, 9.33818477202181 ], [ 9.221082952699049, 9.305909814837491 ], [ 9.168269386397435, 9.257008364558221 ], [ 9.144796690263385, 9.213975088312461 ], [ 9.133060342196361, 9.174853928089044 ], [ 9.082202833905919, 9.133776709854457 ], [ 9.021565035559622, 9.098567665653382 ], [ 8.962883295224497, 9.079007085541672 ], [ 8.913981844945226, 9.045754099351768 ], [ 8.8553001046101, 9.018369287195377 ], [ 8.791728219247048, 8.989028417027814 ], [ 8.754563117034801, 8.932302734703859 ], [ 8.725222246867238, 8.850148298234684 ], [ 8.725222246867238, 8.799290789944243 ], [ 8.725222246867238, 8.75038933966497 ], [ 8.717398014822555, 8.699531831374529 ], [ 8.701749550733188, 8.644762207061746 ], [ 8.691969260677334, 8.617377394905352 ] ], [ [ 9.424512985860817, 9.387086222301081 ], [ 9.377567593592717, 9.435498658077559 ], [ 9.356050955469838, 9.494180398412686 ], [ 9.352138839447496, 9.584159066926544 ], [ 9.348226723425153, 9.660445329362208 ], [ 9.324754027291103, 9.719127069697333 ], [ 9.283676809056516, 9.771940635998947 ], [ 9.248467764855441, 9.793457274121826 ] ] ] } }
]
}
