{
"type": "FeatureCollection",
"name": "got_political",
"features": [
{ "type": "Feature", "properties": { "id": 1, "name": "The New Gift", "ClaimedBy": "Night's Watch" }, "geometry": { "type": "MultiPolygon", "coordinates": [ [ [ [ 13.960778463866323, 34.513084713334514 ], [ 14.289556245681156, 34.423821187113695 ], [ 14.794907090234847, 34.355938237845287 ], [ 15.466194033000196, 34.310682938333017 ], [ 16.11485332600941, 34.310682938333017 ], [ 16.963717777655322, 34.327219255268986 ], [ 17.836477319876018, 34.301359713277265 ], [ 18.586404037636026, 34.314289484273125 ], [ 19.26521701491879, 34.301359713277265 ], [ 19.827662053238797, 34.327219255268986 ], [ 20.228484954110524, 34.34661391176278 ], [ 20.564659000002941, 34.33368414076692 ], [ 20.965481900874668, 34.314289484273125 ], [ 20.958409150393496, 34.165639734754684 ], [ 21.089467991459401, 34.137555697383419 ], [ 21.145636066201934, 33.997135510527094 ], [ 21.056703281192924, 33.880118688146815 ], [ 21.052022608297715, 33.735017828395279 ], [ 21.145636066201934, 33.692891772338378 ], [ 21.221920273384402, 33.655736731623037 ], [ 21.257213839288791, 33.602077710728359 ], [ 21.283632961131588, 33.562449027964163 ], [ 21.283632961131588, 33.517159104805081 ], [ 21.26853632007856, 33.492627063093906 ], [ 21.20626267573482, 33.47941750217251 ], [ 21.17984355389202, 33.498288303488792 ], [ 21.157198592312479, 33.528481585594847 ], [ 21.11756990954828, 33.532255745858109 ], [ 21.081715387047339, 33.51527202467345 ], [ 21.076054146652453, 33.485078742567396 ], [ 21.079828306915712, 33.420918018092024 ], [ 21.064731665862684, 33.33033817177386 ], [ 21.059070425467798, 33.237871245324058 ], [ 21.085489547310598, 33.211452123481259 ], [ 21.143989031391079, 33.226548764534293 ], [ 21.174182313497138, 33.21333920361289 ], [ 21.202488515471565, 33.126533517557981 ], [ 21.272310480341822, 33.018026409989339 ], [ 20.857152851383553, 33.048219692095394 ], [ 20.041934234520038, 33.048219692095394 ], [ 19.459096357822219, 33.056395200788515 ], [ 18.558639499672033, 33.043534551989438 ], [ 17.870261879639141, 33.038741484364266 ], [ 17.361246389406414, 33.041683770434979 ], [ 16.260831398961098, 33.065222059000654 ], [ 15.010359818909608, 33.100529491849166 ], [ 14.410237044380546, 33.103874951339129 ], [ 13.806833050883601, 33.186843000444959 ], [ 13.263769456736352, 33.23964084987594 ], [ 12.890210032381662, 33.402206427331102 ], [ 12.972313203621971, 33.438286513155028 ], [ 13.001654073789533, 33.489144021445469 ], [ 12.974310684195951, 33.528357405052525 ], [ 12.929629226946322, 33.506178797031737 ], [ 12.884290593119282, 33.540001529735918 ], [ 12.877910142962874, 33.590222308504842 ], [ 12.919499637320358, 33.618243850182751 ], [ 12.98134831092977, 33.61608185049657 ], [ 13.005566189811875, 33.645628662339142 ], [ 13.036863117990608, 33.694530112618409 ], [ 13.375706326303566, 33.803563529936568 ], [ 13.414382314146582, 33.764948201020559 ], [ 13.445679242325316, 33.747343678920025 ], [ 13.517933807258052, 33.738914674957257 ], [ 13.545438200895029, 33.788420897154609 ], [ 13.586515419129617, 33.849058695500908 ], [ 13.647231517216673, 33.900536812405534 ], [ 13.723439479911576, 33.864707159590274 ], [ 13.789458998171156, 33.868212384915878 ], [ 13.854107853150468, 33.926396354397262 ], [ 13.854495366660023, 33.985004727277285 ], [ 13.801681800358411, 34.031950119545385 ], [ 13.782994112673226, 34.100948262841399 ], [ 13.748868234056797, 34.13757725214861 ], [ 13.676494087643476, 34.139533310159777 ], [ 13.63430174622081, 34.152667346824849 ], [ 13.635416869408887, 34.190390818450219 ], [ 13.68602083020426, 34.236710858297954 ], [ 13.690186493721672, 34.266677080885884 ], [ 13.608032057252496, 34.294061893042276 ], [ 13.589047547735293, 34.320754369771059 ], [ 13.609988115263667, 34.352743633377401 ], [ 13.66084562355411, 34.3664360394556 ], [ 13.694098609744014, 34.429029895813066 ], [ 13.774296988202018, 34.444678359902433 ], [ 13.842759018592998, 34.454458649958283 ], [ 13.887748352849927, 34.501404042226383 ], [ 13.960778463866323, 34.513084713334514 ] ] ] ] } },
{ "type": "Feature", "properties": { "id": 2, "name": "Riverlands", "ClaimedBy": "Tully" }, "geometry": { "type": "MultiPolygon", "coordinates": [ [ [ [ 17.617470692627766, 3.719514696147626 ], [ 17.199801990879109, 4.016502599196892 ], [ 16.68690859640671, 4.378544995295056 ], [ 16.189100301771735, 4.69533209188095 ], [ 15.721462206811605, 4.846183090255185 ], [ 15.208568812339205, 4.99703408862942 ], [ 14.861611516078465, 5.04228938814169 ], [ 14.06210122469502, 5.147885087003655 ], [ 13.403803097523081, 5.273016120841408 ], [ 12.982542536954098, 5.478965728230689 ], [ 12.383416406367099, 5.806612830895454 ], [ 11.765567584199255, 6.532117129653146 ], [ 11.297500294678162, 6.95337769022213 ], [ 11.147525103300993, 7.129874011724038 ], [ 10.548592631444413, 8.20779802613866 ], [ 10.655560661719473, 8.720047421124674 ], [ 10.900097832057824, 9.032511583223677 ], [ 11.108407273457161, 9.39026040649645 ], [ 11.206591186622774, 9.683242021219224 ], [ 11.216426324698077, 9.889779920800594 ], [ 11.221343893735728, 10.086482682306663 ], [ 11.307659782621743, 10.338974058086905 ], [ 11.32577364709125, 10.615210491246893 ], [ 11.294074384269612, 10.850690729350491 ], [ 11.131049604044044, 11.122398696393104 ], [ 10.954439425466347, 11.262781146031786 ], [ 11.090293408987653, 11.330708137792438 ], [ 11.103878807339782, 11.394106663435716 ], [ 11.004252552757492, 11.457505189078992 ], [ 10.913683230409955, 11.539017579191775 ], [ 11.040480281696507, 11.616001503187181 ], [ 11.049537213931261, 11.697513893299966 ], [ 11.103878807339782, 11.729213156121604 ], [ 11.280488985917481, 11.656757698243574 ], [ 11.466156096729932, 11.647700766008819 ], [ 11.484269961199441, 11.738270088356357 ], [ 11.633709343072878, 11.833367876821272 ], [ 11.543140020725341, 11.860538673525532 ], [ 11.497855359551572, 11.896766402464548 ], [ 11.520306891204623, 11.93032839770029 ], [ 11.578988631539747, 11.942064745767315 ], [ 11.645494603919557, 11.95380109383434 ], [ 11.727649040388732, 11.955757151845511 ], [ 11.782418664701515, 11.981185905990731 ], [ 11.843056463047812, 11.97727378996839 ], [ 11.901738203382937, 11.967493499912536 ], [ 11.954551769684551, 11.955757151845511 ], [ 11.986379080882084, 11.917104541408293 ], [ 12.038662264164897, 11.918592049633265 ], [ 12.083651598421826, 11.928372339689119 ], [ 12.130596990689927, 11.961625325879023 ], [ 12.169718150913344, 11.971405615934877 ], [ 12.224487775226127, 11.957713209856681 ], [ 12.281213457550082, 11.95380109383434 ], [ 12.334027023851695, 11.959669267867852 ], [ 12.332070965840524, 12.028131298258831 ], [ 12.320334617773499, 12.06920851649342 ], [ 12.337939139874036, 12.122022082795032 ], [ 12.34771942992989, 12.167011417051961 ], [ 12.34771942992989, 12.208088635286551 ], [ 12.308598269706474, 12.241830635979246 ], [ 12.320334617773499, 12.300512376314373 ], [ 12.34771942992989, 12.329853246481935 ], [ 12.431829924410238, 12.325941130459594 ], [ 12.449434446510775, 12.357238058638327 ], [ 12.412269344298529, 12.390491044828231 ], [ 12.382928474130967, 12.43156826306282 ], [ 12.355487497178112, 12.4731032950694 ], [ 12.306642211695303, 12.451128843174528 ], [ 12.259696819427203, 12.45504095919687 ], [ 12.230355949259639, 12.413963740962281 ], [ 12.167762092902173, 12.406139508917597 ], [ 12.120816700634073, 12.415919798973452 ], [ 12.075827366377142, 12.439392495107503 ], [ 12.060178902287776, 12.462865191241553 ], [ 12.097344004500023, 12.515678757543165 ], [ 12.152113628812806, 12.529371163621361 ], [ 12.204927195114418, 12.539151453677215 ], [ 12.224487775226127, 12.590008961967659 ], [ 12.220575659203785, 12.619349832135221 ], [ 12.244048355337837, 12.642822528269271 ], [ 12.300774037661791, 12.654558876336296 ], [ 12.365323952030428, 12.662383108380979 ], [ 12.396620880209163, 12.719108790704935 ], [ 12.418137518332042, 12.787570821095914 ], [ 12.367280010041599, 12.820823807285818 ], [ 12.312510385728816, 12.854076793475722 ], [ 12.27534528351657, 12.89319795369914 ], [ 12.294905863628278, 12.959703926078948 ], [ 12.377060300097453, 12.96557210011246 ], [ 12.36923606805277, 13.014473550391733 ], [ 12.334027023851695, 13.057506826637491 ], [ 12.320334617773499, 13.114232508961445 ], [ 12.380972416119794, 13.159221843218374 ], [ 12.384884532142138, 13.2179035835535 ], [ 12.361411836008086, 13.276585323888625 ], [ 12.351631545952232, 13.343091296268435 ], [ 12.290993747605937, 13.372432166435997 ], [ 12.218619601192614, 13.409597268648243 ], [ 12.192560085861402, 13.466706991465401 ], [ 12.098513283301129, 13.524361442747967 ], [ 12.13074364407554, 13.636702206376519 ], [ 11.991656650057353, 13.706245703385612 ], [ 11.844842600815934, 13.66761042726945 ], [ 11.636212109788652, 13.752608034725009 ], [ 11.501559015818552, 13.706772022498107 ], [ 11.436147397740774, 13.725461056234614 ], [ 11.375408038097126, 13.702099764063981 ], [ 11.338029970624108, 13.641360404420332 ], [ 11.334447981601718, 13.580415483558188 ], [ 11.258225661518116, 13.479605318286328 ], [ 11.126226465055298, 13.457048172436359 ], [ 11.064410023269437, 13.511137558998987 ], [ 10.948504194920947, 13.464775227659592 ], [ 10.844188949407307, 13.495683448552521 ], [ 10.77850898000983, 13.449321117213126 ], [ 10.720556065835584, 13.414549368708579 ], [ 10.631694930768409, 13.399095258262113 ], [ 10.577605544205781, 13.360459982145951 ], [ 10.612377292710327, 13.294780012748474 ], [ 10.511040227783637, 13.234873920651282 ], [ 10.419200912129511, 13.221372988127763 ], [ 10.330339777062337, 13.225236515739379 ], [ 10.260796280053242, 13.244554153797461 ], [ 10.179662200209298, 13.186601239623215 ], [ 10.04381438437094, 13.141428751968746 ], [ 9.932396433065854, 13.144102435895437 ], [ 9.959441126347169, 13.232963570962612 ], [ 10.005803457686564, 13.294780012748474 ], [ 9.994212874851716, 13.348869399311102 ], [ 9.87444351889161, 13.360459982145951 ], [ 9.866716463668377, 13.44545758960151 ], [ 9.770128273377969, 13.464775227659592 ], [ 9.700584776368876, 13.499546976164138 ], [ 9.708311831592107, 13.553636362726767 ], [ 9.856924047005862, 13.585293303210811 ], [ 9.824218237966972, 13.67406621345922 ], [ 9.731492997261805, 13.781584491812129 ], [ 9.797172966659284, 13.843400933597991 ], [ 9.936352440386019, 13.926368168902073 ], [ 9.992419541595543, 13.926368168902073 ], [ 10.056029316637577, 13.963170289558096 ], [ 10.156481034539601, 13.994078510451027 ], [ 10.24147864199516, 13.963170289558096 ], [ 10.330339777062337, 13.967033817169714 ], [ 10.38021699162808, 14.043174629755249 ], [ 10.481017353915373, 14.090666700741435 ], [ 10.562151433759315, 14.059758479848504 ], [ 10.620104347933561, 14.125438449245982 ], [ 10.660552497675699, 14.21137593338382 ], [ 10.755327814340131, 14.25293486042932 ], [ 10.805553673291143, 14.283843081322251 ], [ 10.852115093474904, 14.360888203275884 ], [ 10.95623125014418, 14.334068940273264 ], [ 11.041228857599739, 14.372704216389428 ], [ 11.106908826997216, 14.465428879068218 ], [ 11.024988655537602, 14.519744990036202 ], [ 10.929186556862867, 14.558153541747011 ], [ 11.002593581483577, 14.64315114920257 ], [ 11.083727661327519, 14.697240535765198 ], [ 11.043677689274109, 14.748685653308421 ], [ 10.967821832979029, 14.770647560385909 ], [ 10.890551280746703, 14.774511087997524 ], [ 10.809417200902759, 14.809282836502073 ], [ 10.894414808358318, 14.905871026792481 ], [ 10.85990256946833, 14.985610836067167 ], [ 10.790099562844679, 15.037230965587435 ], [ 10.697374900165887, 15.048821548422284 ], [ 10.654876096438107, 15.19756736146951 ], [ 10.72958698997056, 15.240095033765646 ], [ 11.006712438488217, 15.481044359112808 ], [ 11.295056473417738, 15.739965533335235 ], [ 12.153223226370722, 16.106816576651749 ], [ 12.856435598754912, 16.372365304684937 ], [ 13.362945209633034, 16.549397790040398 ], [ 13.702257473231001, 16.632996463680477 ], [ 14.05140487490427, 16.72643027539586 ], [ 14.395634707539887, 16.78052353481003 ], [ 14.552996916744743, 16.800193810960636 ], [ 14.730029402100202, 16.819864087111242 ], [ 14.916897025530966, 16.834616794224196 ], [ 15.020165975321651, 16.770688396734727 ], [ 15.167693046451202, 16.652666739831083 ], [ 15.18736332260181, 16.578903204266311 ], [ 15.118517356074685, 16.406788287948501 ], [ 15.26380256087104, 16.348022770100204 ], [ 15.502087741011517, 16.352695028534331 ], [ 15.595532909694054, 16.31064470262719 ], [ 15.623566460298816, 16.207855017076394 ], [ 15.748975827726087, 16.05244961421619 ], [ 15.940538423525291, 16.057121872650317 ], [ 15.883312107450339, 15.727909249240588 ], [ 15.733718850429501, 15.399624654642739 ], [ 15.635665701486248, 14.931986559682612 ], [ 15.665835901161095, 14.547316513828312 ], [ 15.64320825140496, 14.185274117730149 ], [ 15.771431600023059, 13.604497773989344 ], [ 15.975080447828276, 13.227370278053757 ], [ 16.186271845552206, 12.737104533337492 ], [ 16.435175992869695, 12.309064825450596 ], [ 16.755734364414945, 11.897995854880806 ], [ 17.159260785066021, 11.419043935042611 ], [ 17.53638828100161, 11.036259526667987 ], [ 18.004026375961736, 10.481882107642674 ], [ 18.444007663427477, 10.25367815279059 ], [ 18.752624455393878, 9.763454227885378 ], [ 18.892161628890047, 9.627688329348567 ], [ 19.073182826939128, 9.503236255689822 ], [ 19.269289124825633, 9.348613982356232 ], [ 19.386198648565667, 9.2317044586162 ], [ 19.457852872793428, 9.129880034713592 ], [ 19.503108172305698, 9.01297051097356 ], [ 19.529507097021188, 8.869662062518035 ], [ 19.499336897346343, 8.64715683991604 ], [ 19.412597573281158, 8.64715683991604 ], [ 19.356028448890818, 8.681098314550242 ], [ 19.348485898972108, 8.741438713899935 ], [ 19.348485898972108, 8.805550388208985 ], [ 19.303230599459837, 8.828178037965122 ], [ 19.227805100272718, 8.798007838290275 ], [ 19.129751951329467, 8.83949186284319 ], [ 19.080725376857842, 8.918688636989662 ], [ 19.043012627264282, 8.963943936501932 ], [ 18.933645653442962, 8.963943936501932 ], [ 18.843135054418418, 8.95640138658322 ], [ 18.831821229540353, 9.031826885770338 ], [ 18.76959519271098, 9.066711179144374 ], [ 18.677198956206762, 9.098767016298899 ], [ 18.598002182060288, 9.098767016298899 ], [ 18.573488894824475, 9.136479765892458 ], [ 18.537661782710593, 9.177963790445373 ], [ 18.477321383360898, 9.189277615323441 ], [ 18.405667159133138, 9.183620702884406 ], [ 18.35852622214119, 9.200591440201508 ], [ 18.301689318248361, 9.240285606864694 ], [ 18.251044885799548, 9.257160564591846 ], [ 18.205789586287278, 9.238304189795066 ], [ 18.171848111653073, 9.200591440201508 ], [ 18.208244149565822, 9.165529471918665 ], [ 18.277443810515038, 9.149679228250204 ], [ 18.343441122303766, 9.145907953290848 ], [ 18.411324071572171, 9.064825541664696 ], [ 18.545204332629307, 9.038426616949206 ], [ 18.584802719702541, 8.998828229875969 ], [ 18.592345269621255, 8.947916017924664 ], [ 18.694169693523865, 8.876261793696903 ], [ 18.786565930028083, 8.872490518737546 ], [ 18.83370686702003, 8.844205956542378 ], [ 18.835592504499708, 8.766894819875581 ], [ 19.002528083367405, 8.660925561032945 ], [ 19.13352322628883, 8.623586371419997 ], [ 19.26174657490693, 8.548160872232879 ], [ 19.38996992352503, 8.438793898411559 ], [ 19.465395422712145, 8.427480073533491 ], [ 19.438996497996655, 8.340740749468306 ], [ 19.48802307246828, 8.310570549793459 ], [ 19.57099112157411, 8.325655649630884 ], [ 19.66150172059865, 8.348283299387019 ], [ 19.665272995558009, 8.265315250281189 ], [ 19.733155944826414, 8.220059950768919 ], [ 19.80858144401353, 8.163490826378579 ], [ 19.842522918647738, 8.168204920077773 ], [ 19.861379293444518, 8.157833913939545 ], [ 19.825552181330636, 8.090893783410978 ], [ 19.817066812672085, 8.067323314915004 ], [ 19.831209093769665, 8.049409758858063 ], [ 19.853836743525804, 8.041867208939351 ], [ 19.909463049176306, 8.053181033817419 ], [ 19.928319423973083, 8.067323314915004 ], [ 19.937747611371474, 8.093722239630495 ], [ 19.957546804908091, 8.136149082923248 ], [ 20.00091646694068, 8.166319282598096 ], [ 20.10274089084329, 8.155005457720028 ], [ 20.242278064339455, 8.121063983085826 ], [ 20.32901738840464, 8.13614908292325 ], [ 20.415756712469829, 8.030553384061285 ], [ 20.351645038160779, 7.872159835768338 ], [ 20.23096423946139, 7.743936487150238 ], [ 20.057485591331019, 7.657197163085053 ], [ 19.834980368729024, 7.638340788288274 ], [ 19.60870387116767, 7.672282262922477 ], [ 19.37111354872825, 7.62325568845085 ], [ 18.96758712807717, 7.370580266174007 ], [ 18.760167005312599, 7.249899467474618 ], [ 18.47355010840155, 6.967053845522928 ], [ 18.237845423441808, 6.448503538611493 ], [ 17.913515776937203, 6.225055497269658 ], [ 17.706095654172632, 5.881869475968273 ], [ 17.721180754010053, 5.549997279544956 ], [ 17.868260477424933, 5.24452400783713 ], [ 17.909744501977848, 4.931508186210593 ], [ 17.917287051896558, 4.690146588811817 ], [ 17.890888127181068, 4.467641366209819 ], [ 17.83201216071992, 4.289664287462625 ], [ 17.617470692627766, 3.719514696147626 ] ] ] ] } },
{ "type": "Feature", "properties": { "id": 3, "name": "Beyond the Wall", "ClaimedBy": "Wildlings" }, "geometry": { "type": "MultiPolygon", "coordinates": [ [ [ [ 20.057030875573052, 35.612761590978543 ], [ 19.320168541651203, 35.597569255612456 ], [ 18.628425793372575, 35.545850171629006 ], [ 18.453873884928434, 35.545850171629006 ], [ 18.272857090986363, 35.571709713620727 ], [ 17.981937243579466, 35.5555474998759 ], [ 17.800920449637395, 35.532920400633145 ], [ 17.671622739678774, 35.477968873900728 ], [ 17.490605945736696, 35.469887767028318 ], [ 17.076853273869109, 35.405238912049008 ], [ 16.714819685984967, 35.418168683044875 ], [ 16.585521976026353, 35.494131087645549 ], [ 16.475618922561523, 35.523223072386237 ], [ 16.391575411088411, 35.495747309020047 ], [ 16.336623884356005, 35.423017347168305 ], [ 16.223488388142211, 35.384228034180722 ], [ 15.8485250292622, 35.327660286073836 ], [ 15.686902891813924, 35.34543872119314 ], [ 15.51558342611875, 35.316346736452452 ], [ 15.460631899386335, 35.274324980715896 ], [ 15.480026555880128, 35.183816583744864 ], [ 15.470329227633233, 35.115935286016587 ], [ 15.353961288670472, 35.054518873786243 ], [ 15.195571593971161, 35.015729560798654 ], [ 15.027484571024953, 34.980172690560032 ], [ 14.972533044292538, 35.00926467530072 ], [ 14.801213578597366, 34.95754559131727 ], [ 14.675148311387709, 34.860572308848312 ], [ 14.578175028918743, 34.847642537852444 ], [ 14.47796930370081, 34.863804751597272 ], [ 14.371298692984947, 34.834712766856583 ], [ 14.258163196771154, 34.847642537852444 ], [ 13.962467933854546, 34.799598107000492 ], [ 13.762732115648603, 34.738388743356737 ], [ 13.536440112815374, 34.630196814556705 ], [ 13.353744515800287, 34.609965261846369 ], [ 13.179632388305446, 34.628856197888958 ], [ 13.04273129202412, 34.654954596103295 ], [ 12.934794933730419, 34.715837925172195 ], [ 12.818819297352775, 34.696508652442581 ], [ 12.660963570060982, 34.709394834262319 ], [ 12.64760757376761, 34.735152974561302 ], [ 12.649563631778781, 34.776230192795893 ], [ 12.56109566095801, 34.793155016090623 ], [ 12.440265424583499, 34.803615004952285 ], [ 12.349686470547123, 34.812414893487656 ], [ 12.200174200655063, 34.747003275409881 ], [ 12.102056773538395, 34.742331016975754 ], [ 11.975905795816969, 34.714297466370994 ], [ 11.891805144002683, 34.714297466370994 ], [ 11.826393525924905, 34.784381342882895 ], [ 11.821721267490778, 34.845120702526543 ], [ 11.831065784359032, 34.933893612774959 ], [ 11.700943024490481, 34.951010743382412 ], [ 11.56563811538323, 35.028327834300846 ], [ 11.620404388117118, 35.128195743403815 ], [ 11.574091570482048, 35.190867826651939 ], [ 11.478656388099996, 35.173297379772897 ], [ 11.385231569906894, 35.179740470682766 ], [ 11.336908388082875, 35.218399016141987 ], [ 11.278920569894053, 35.295716107060414 ], [ 11.222543524432698, 35.344039288884431 ], [ 11.267643230808968, 35.448972634011568 ], [ 11.289083806000303, 35.489892366436067 ], [ 11.452612851194747, 35.489892366436067 ], [ 11.513352210838399, 35.550631726079715 ], [ 11.590042350628837, 35.632445603291416 ], [ 11.615786051552496, 35.686273341586336 ], [ 11.662864480730461, 35.732849805010666 ], [ 11.793687716886016, 35.788916906220194 ], [ 11.901149660870935, 35.859000782732096 ], [ 11.97123353738284, 35.919740142375744 ], [ 12.111821211458031, 36.038797690846252 ], [ 12.480358224342249, 35.967302568819775 ], [ 12.573803393024789, 35.948613535083268 ], [ 12.653231786404946, 35.901890950742001 ], [ 12.746676955087487, 35.845823849532479 ], [ 12.886844708111296, 35.850496107966606 ], [ 12.942911809320819, 35.869185141703113 ], [ 12.952256326189072, 36.000008377858663 ], [ 12.900861483413676, 36.079436771238825 ], [ 12.793399539428755, 36.098125804975332 ], [ 12.662576303273202, 36.14017613088248 ], [ 12.376938657214387, 36.186345912650971 ], [ 12.292838005400101, 36.284463339767633 ], [ 11.94319998677808, 36.363604693617802 ], [ 11.854427076529667, 36.354260176749555 ], [ 11.798359975320142, 36.316882109276534 ], [ 11.70958706507173, 36.344915659881295 ], [ 11.672208997598716, 36.396310502656696 ], [ 11.583436087350304, 36.41967179482733 ], [ 11.405890266853477, 36.414999536393204 ], [ 11.349823165643954, 36.382293727354316 ], [ 11.214327671054273, 36.433688570129711 ], [ 11.030348532285599, 36.419805014986075 ], [ 10.885508520827665, 36.396443722815441 ], [ 10.824769161184014, 36.284309520396391 ], [ 10.82944141961814, 36.148814025806715 ], [ 10.880836262393537, 36.041352081821792 ], [ 10.834113678052269, 36.003974014348771 ], [ 10.656567857555443, 36.008646272782904 ], [ 10.558450430438775, 35.938562396270996 ], [ 10.528993355970272, 35.888125808719209 ], [ 10.463581737892493, 35.836730965943815 ], [ 10.514976580667891, 35.766647089431906 ], [ 10.500959805365508, 35.710579988222385 ], [ 10.374808827644081, 35.65918514544699 ], [ 10.379481086078208, 35.584429010500955 ], [ 10.402842378248842, 35.547050943027941 ], [ 10.356119793907574, 35.481639324950166 ], [ 10.249029566150902, 35.390805865076139 ], [ 10.089886687713731, 35.339318463228821 ], [ 10.024357267180777, 35.343999136124033 ], [ 10.000953902704723, 35.423570575342616 ], [ 9.865214388743606, 35.358041154809662 ], [ 9.720113528992067, 35.320595771647973 ], [ 9.640542089773481, 35.24102433242939 ], [ 9.686135744854946, 35.157661504974207 ], [ 9.727212963089533, 35.098979764639083 ], [ 9.735037195134217, 35.046166198337467 ], [ 9.670487280765579, 34.999220806069367 ], [ 9.607893424408111, 34.962055703857118 ], [ 9.600069192363428, 34.901417905510826 ], [ 9.537475336005961, 34.844692223186868 ], [ 9.446134289861632, 34.790366520426915 ], [ 9.46705724760381, 34.739065090583644 ], [ 9.469013305614981, 34.662778828147978 ], [ 9.433804261413906, 34.602141029801686 ], [ 9.367298289034098, 34.602141029801686 ], [ 9.291949761535442, 34.603476183061836 ], [ 9.22186588502354, 34.510031014379294 ], [ 9.124747095648912, 34.494557839187287 ], [ 9.054329007246762, 34.51607447731017 ], [ 9.069977471336129, 34.586492565712319 ], [ 9.05237294923559, 34.680383350248519 ], [ 9.007383614978661, 34.621701609913394 ], [ 8.929141294531828, 34.56301986957827 ], [ 8.927513603673543, 34.458636171603899 ], [ 8.845042978690989, 34.364689470584324 ], [ 8.795109024139503, 34.321198606942708 ], [ 8.716181160493607, 34.282540061483495 ], [ 8.646917933212514, 34.2970370160307 ], [ 8.651750251394915, 34.25032460693415 ], [ 8.690408796854129, 34.20522297056506 ], [ 8.65497179684985, 34.132738197829035 ], [ 8.635642524120241, 34.10052274327969 ], [ 8.558405187377513, 34.070838721571356 ], [ 8.488321310865604, 34.038132912532468 ], [ 8.403691251364954, 34.023205652361263 ], [ 8.381140433180411, 34.098911970552223 ], [ 8.397248160455085, 34.152067470558642 ], [ 8.373086569543075, 34.196363720563994 ], [ 8.300601796807047, 34.145624379648773 ], [ 8.273218660440104, 34.069918061457813 ], [ 8.237781660435823, 34.064280356911674 ], [ 8.161263220476719, 34.019443878795961 ], [ 8.121806024058179, 33.974077084173508 ], [ 8.150799933152589, 33.922532356894557 ], [ 8.112141387693375, 33.887095356890278 ], [ 8.034824296774945, 33.838772175066254 ], [ 7.93173484221704, 33.848436811431057 ], [ 7.928513296762104, 33.945083175079098 ], [ 7.918848660397301, 34.022400265997526 ], [ 7.983279569495992, 34.093274266006084 ], [ 7.983279569495992, 34.167369811469584 ], [ 8.04448893313975, 34.173812902379453 ], [ 8.079925933144029, 34.254351538752815 ], [ 8.108919842238441, 34.289788538757094 ], [ 8.105698296783507, 34.334890175126176 ], [ 8.038045842229881, 34.331668629671242 ], [ 7.973614933131189, 34.341333266036045 ], [ 7.893076296757824, 34.357440993310725 ], [ 7.789986842199919, 34.396904925133668 ], [ 7.680454296732143, 34.44844965241262 ], [ 7.651460387637732, 34.545096016060661 ], [ 7.561257114899564, 34.570868379700137 ], [ 7.467832296706462, 34.574089925155072 ], [ 7.393736751242967, 34.606305379704416 ], [ 7.396958296697902, 34.677179379712975 ], [ 7.390515205788033, 34.722281016082064 ], [ 7.419509114882444, 34.757718016086343 ], [ 7.429173751247247, 34.822148925185033 ], [ 7.374407478513359, 34.902687561558395 ], [ 7.300311933049865, 34.912352197923198 ], [ 7.163010688301017, 34.936481922248689 ], [ 7.015607853470023, 34.973964254748822 ], [ 6.998025842505022, 34.986436227289609 ], [ 7.002721671650285, 35.012622800208035 ], [ 7.05265562620177, 35.032757459301379 ], [ 7.113059603481793, 35.056113663849658 ], [ 7.121918853482863, 35.093161436581404 ], [ 7.110643444390592, 35.111685322947274 ], [ 7.091314171660985, 35.130209209313151 ], [ 7.047017921655635, 35.140679232041684 ], [ 6.994667808012948, 35.151954641133962 ], [ 6.923793808004388, 35.180948550228372 ], [ 6.840033626176089, 35.21235861841398 ], [ 6.735736092072583, 35.225647493415579 ], [ 6.626203546604807, 35.259473720692391 ], [ 6.617344296603737, 35.291689175241736 ], [ 6.589961160236793, 35.326320788882285 ], [ 6.578685751144523, 35.384308607071105 ], [ 6.469905667322757, 35.40710463373167 ], [ 6.329737914298947, 35.346365274088022 ], [ 6.198914678143395, 35.416449150599924 ], [ 6.113655063232044, 35.442293266923457 ], [ 6.024722278223036, 35.456335285609093 ], [ 6.001318913746982, 35.643562201417531 ], [ 5.832814689519388, 35.760579023797803 ], [ 5.809411325043333, 35.868234500387651 ], [ 5.818688526222916, 36.03693225722018 ], [ 5.771965941881646, 36.144394201205102 ], [ 5.4487003904979, 36.10118246763529 ], [ 5.380389732742193, 36.041370373110269 ], [ 5.174810361640605, 36.060059406846783 ], [ 4.945869698368385, 36.008664564071381 ], [ 4.787012911608068, 35.933908429125353 ], [ 4.618811607979497, 35.95259746286186 ], [ 4.609467091111243, 35.96661423816424 ], [ 4.553399989901721, 35.915219395388846 ], [ 4.455282562785051, 35.93858068755948 ], [ 4.357165135668389, 36.013336822505508 ], [ 4.329131585063625, 36.07874844058329 ], [ 4.268392225419975, 36.260966519514241 ], [ 4.287081259156482, 36.4618736321817 ], [ 4.240358674815212, 36.550646542430115 ], [ 4.132896730830293, 36.667453003283285 ], [ 3.912076711625041, 36.839433567287472 ], [ 3.767236700167105, 36.844105825721599 ], [ 3.613052171840915, 36.788038724512077 ], [ 3.496245710987741, 36.750660657039063 ], [ 3.440178609778218, 36.788038724512077 ], [ 3.379439250134567, 36.876811634760486 ], [ 3.416817317607583, 37.016979387784296 ], [ 3.393456025436948, 37.157147140808107 ], [ 3.416817317607583, 37.227231017320008 ], [ 3.566329587499646, 37.358054253475565 ], [ 3.58969087967028, 37.470188455894615 ], [ 3.617724430275043, 37.572978141445404 ], [ 3.556985070631391, 37.652406534825566 ], [ 3.552312812197265, 37.797246546283503 ], [ 3.491573452553614, 37.942086557741433 ], [ 3.538296036894883, 38.044876243292229 ], [ 3.608379913406789, 38.110287861370011 ], [ 3.734530891128216, 38.180371737881913 ], [ 3.841992835113137, 38.208405288486674 ], [ 3.977488329702818, 38.273816906564448 ], [ 4.01953865560996, 38.409312401154132 ], [ 4.127000599594881, 38.526118862007309 ], [ 4.098967048990119, 38.605547255387464 ], [ 3.965226204330226, 38.772592031866047 ], [ 3.953135713068991, 39.025574790890424 ], [ 3.888486858089681, 39.206591584832495 ], [ 3.914346400081405, 39.465187004749737 ], [ 3.642821209168299, 39.503976317737319 ], [ 3.616961667176575, 39.723782424666979 ], [ 3.849697545102094, 39.866009905621461 ], [ 3.927500959967968, 40.083993606107988 ], [ 4.076161368816953, 40.295247871314437 ], [ 4.185871590994511, 40.409060287447673 ], [ 4.318712562202138, 40.35001749562722 ], [ 4.483256323899341, 40.396130516451812 ], [ 4.549527407520298, 40.433149961101982 ], [ 4.60038491581074, 40.530952861660523 ], [ 4.645374250067669, 40.583766427962139 ], [ 4.71579233846982, 40.642448168297264 ], [ 4.657110598134695, 40.716778372721755 ], [ 4.592560683766057, 40.753943474934005 ], [ 4.451724506961756, 40.757855590956346 ], [ 4.379818155932444, 40.784023646327675 ], [ 4.387174592593118, 40.865438781570738 ], [ 4.477153261106976, 40.879131187648937 ], [ 4.508450189285711, 40.961285624118112 ], [ 4.608209147855423, 40.986714378263336 ], [ 4.749045324659725, 41.018011306442069 ], [ 4.784254368860799, 40.98084620422982 ], [ 4.778386194827287, 40.931944753950546 ], [ 4.848804283229438, 40.875219071626596 ], [ 4.966167763899689, 40.86935089759308 ], [ 5.018981330201301, 40.902603883782987 ], [ 5.091355476614623, 40.883043303671279 ], [ 5.218499247340728, 40.89282359372713 ], [ 5.302609741821074, 40.906515999805329 ], [ 5.378896004256737, 40.931944753950546 ], [ 5.419973222491326, 40.992582552296845 ], [ 5.371071772212054, 41.090385452855386 ], [ 5.31630214789927, 41.151023251201686 ], [ 5.324126379943954, 41.211661049547978 ], [ 5.50017160094933, 41.244914035737885 ], [ 5.6598654845228, 41.327074028153888 ], [ 5.700667547094342, 41.444920967380106 ], [ 5.646935713526938, 41.521020593091819 ], [ 5.595040414491115, 41.568152622083865 ], [ 5.528534442111306, 41.560328390039182 ], [ 5.481589049843206, 41.491866359648206 ], [ 5.35248922110593, 41.444920967380106 ], [ 5.019959359206886, 41.495778475670548 ], [ 4.967145792905273, 41.572064738106207 ], [ 4.94872807975038, 41.70203738703389 ], [ 4.818485384056289, 41.712900914910513 ], [ 4.648308337084424, 41.767670539223296 ], [ 4.527032740391832, 41.845912859670129 ], [ 4.480087348123733, 41.80874775745788 ], [ 4.350987519386456, 41.795055351379688 ], [ 4.204283168548643, 41.793099293368513 ], [ 4.147082278006924, 41.740826700021479 ], [ 4.241448270760889, 41.613141956340797 ], [ 4.239492212749719, 41.474261837547665 ], [ 4.1212227360152, 41.469301509108377 ], [ 3.98911678731985, 41.542723867938648 ], [ 3.888486858089681, 41.533950364087687 ], [ 3.785686754158082, 41.480130011581181 ], [ 3.727005013822956, 41.413624039201373 ], [ 3.691795969621881, 41.300172674553458 ], [ 3.616961667176575, 41.236565631182856 ], [ 3.535311328728213, 41.221930354106625 ], [ 3.455112950270208, 41.292348442508775 ], [ 3.378826687834545, 41.281101108944547 ], [ 3.27515561324249, 41.282568152452924 ], [ 3.216473872907365, 41.322178327179131 ], [ 3.138560140329674, 41.430512196120787 ], [ 2.995439317645059, 41.455190271938754 ], [ 2.867034949416568, 41.521020593091819 ], [ 2.703986673980602, 41.498223548184512 ], [ 2.53576568501991, 41.504091722218021 ], [ 2.498600582807664, 41.543212882441438 ], [ 2.505001361532427, 41.572739677075269 ], [ 2.557282323142789, 41.660576363111687 ], [ 2.686018155474498, 41.740826700021479 ], [ 2.776360820393924, 41.760335321681403 ], [ 2.934801519298763, 41.768159553726086 ], [ 2.971966621511009, 41.865962454284627 ], [ 2.934801519298763, 41.991150166999567 ], [ 2.829174386695537, 42.002886515066592 ], [ 2.69811849994709, 41.975501702910194 ], [ 2.524029336952884, 41.977457760921368 ], [ 2.471215770651272, 41.940292658709119 ], [ 2.391017392193267, 41.94420477473146 ], [ 2.326467477824629, 41.977457760921368 ], [ 2.259335712611046, 42.03821143292631 ], [ 2.091248689664837, 42.14164960089321 ], [ 1.96068462973568, 42.170129475021696 ], [ 1.780934185764145, 42.154579371889071 ], [ 1.634022941870149, 42.150568894909988 ], [ 1.470619681863452, 42.154579371889071 ], [ 1.338658182183351, 42.170129475021696 ], [ 1.29171278991525, 42.201426403200429 ], [ 1.254547687703004, 42.248371795468529 ], [ 1.258459803725346, 42.318789883870679 ], [ 1.299537021959934, 42.36964739216112 ], [ 1.317078651287584, 42.428528894863874 ], [ 1.266284035770029, 42.461582118686152 ], [ 1.252429796308273, 42.486712864345257 ], [ 1.246723455658321, 42.533956265099476 ], [ 1.276064325825883, 42.567209251289377 ], [ 1.33670212417218, 42.567209251289377 ], [ 1.385603574451451, 42.543736555155327 ], [ 1.450153488820089, 42.569165309300551 ], [ 1.469714068931797, 42.614154643557477 ], [ 1.454065604842431, 42.655231861792068 ], [ 1.502967055121702, 42.680660615937285 ], [ 1.556279414711034, 42.680659429283189 ], [ 1.59098966562439, 42.713913602127192 ], [ 1.600769955680244, 42.782375632518175 ], [ 1.632066883858978, 42.831277082797442 ], [ 1.714221320328153, 42.882134591087883 ], [ 1.812024220886696, 42.889958823132567 ], [ 1.931242773591038, 42.932789963702504 ], [ 2.09760869051764, 42.909030388741485 ], [ 2.175851010964474, 42.865997112495727 ], [ 2.258005447433649, 42.858172880451043 ], [ 2.324511419813458, 42.924678852830851 ], [ 2.449699132528392, 42.936415200897876 ], [ 2.547502033086935, 43.006833289300026 ], [ 2.719958804338631, 43.075017444656986 ], [ 2.821350154650853, 43.108548305880909 ], [ 2.888045827284839, 43.159060956130091 ], [ 2.868651170791046, 43.236639582105262 ], [ 2.881580941786908, 43.327147979076301 ], [ 2.888045827284839, 43.430586147043194 ], [ 2.852647082829587, 43.472375095958689 ], [ 2.810467201309666, 43.482305231026643 ], [ 2.791072544815873, 43.391796834055611 ], [ 2.804002315811735, 43.314218208080433 ], [ 2.797877458516803, 43.253296598707557 ], [ 2.765213002824149, 43.230174696607335 ], [ 2.668239720355182, 43.210780040113541 ], [ 2.584196208882078, 43.288358666088712 ], [ 2.506617582906905, 43.275428895092851 ], [ 2.500152697408974, 43.191385383619746 ], [ 2.454898498923456, 43.113806757644575 ], [ 2.385400979820697, 43.117847311080787 ], [ 2.332065674462765, 43.184920498121812 ], [ 2.246405941615178, 43.176031280562164 ], [ 2.170443537014488, 43.236639582105262 ], [ 2.139735330899315, 43.28593433402699 ], [ 2.172059758388971, 43.308561433269752 ], [ 2.249638384364144, 43.353815631755268 ], [ 2.217313956874488, 43.424929372232512 ], [ 2.235092391993799, 43.469375460030783 ], [ 2.275497926355868, 43.499275555458716 ], [ 2.383784758446214, 43.546954086005954 ], [ 2.416109185935869, 43.650392253972853 ], [ 2.500152697408974, 43.689181566960443 ], [ 2.461363384421387, 43.805549505923196 ], [ 2.485606705038629, 43.893633570832513 ], [ 2.429038956931732, 43.934847215881824 ], [ 2.338530559960696, 43.889593017396301 ], [ 2.215697735500006, 43.896057902894235 ], [ 2.034680941557935, 43.986566299865267 ], [ 1.911848117097244, 43.98010141436734 ], [ 1.698506895665518, 43.915452559388029 ], [ 1.575674071204828, 44.005960956359061 ], [ 1.388192391764826, 44.005960956359061 ], [ 1.220105368818618, 43.915452559388029 ], [ 1.129596971847582, 43.896057902894235 ], [ 1.000299261888961, 43.960706757873545 ], [ 1.05848323137034, 44.051215154844577 ], [ 1.000299261888961, 44.167583093807337 ], [ 1.052018345872408, 44.37122698699217 ], [ 0.909790864917925, 44.59426553667079 ], [ 0.774028269461372, 44.717098361131484 ], [ 0.664125215996544, 44.763160670304238 ], [ 0.56876815490206, 44.769625555802172 ], [ 0.457248880062749, 44.805182426040794 ], [ 0.437854223568956, 44.820536529098383 ], [ 0.439470444943438, 44.85851773139872 ], [ 0.458865101437232, 44.868215059645621 ], [ 0.507351742671715, 44.863366395522171 ], [ 0.50573552129723, 44.906196261945979 ], [ 0.47664353655654, 44.959531567303912 ], [ 0.449167773190333, 44.998320880291502 ], [ 0.411994681577229, 45.022564200908739 ], [ 0.373205368589642, 45.006401987163912 ], [ 0.336032276976539, 44.988623552044601 ], [ 0.327951170104125, 44.96761267417633 ], [ 0.348962047972401, 44.933672025312191 ], [ 0.344113383848953, 44.907812483320463 ], [ 0.289161857116538, 44.906196261945979 ], [ 0.251988765503435, 44.943369353559085 ], [ 0.245523880005503, 44.987815441357355 ], [ 0.271383421997228, 45.066202178019779 ], [ 0.245523880005503, 45.117113151315976 ], [ 0.10976128454895, 45.136507807809771 ], [ 0.064507086063433, 45.207621548287015 ], [ 0.142085712038607, 45.320757044500809 ], [ 0.258453651001367, 45.34661658649253 ], [ 0.342497162474471, 45.391870784978046 ], [ 0.374821589964126, 45.495308952944946 ], [ 0.303707849486885, 45.611676891907706 ], [ 0.316637620482747, 45.708650174376672 ], [ 0.39421624645792, 45.715115059874599 ], [ 0.484724643428955, 45.689255517882877 ], [ 0.57523304039999, 45.669860861389083 ], [ 0.659276551873094, 45.753904372862188 ], [ 0.672206322868956, 45.831482998837359 ], [ 0.756249834342061, 45.857342540829087 ], [ 0.820898689321371, 45.812088342343571 ], [ 1.001915483263442, 45.812088342343571 ], [ 1.221721590193099, 45.844412769833227 ], [ 1.331624643657927, 45.896131853816669 ], [ 1.428597926126893, 45.760369258360122 ], [ 1.422133040628962, 45.669860861389083 ], [ 1.370413956645514, 45.559957807924256 ], [ 1.486781895608273, 45.540563151430462 ], [ 1.570825407081377, 45.46298452545529 ], [ 1.687193346044137, 45.527633380434601 ], [ 1.725982659031723, 45.631071548401501 ], [ 1.816491056002759, 45.773299029355982 ], [ 1.725982659031723, 45.921991395808398 ], [ 1.596684949073102, 46.01249979277943 ], [ 1.544965865089653, 46.148262388235985 ], [ 1.758307086521379, 46.329279182178055 ], [ 1.932858994965518, 46.445647121140816 ], [ 1.894069681977931, 46.600804373091158 ], [ 1.803561285006896, 46.794750938029097 ], [ 1.713052888035861, 46.917583762489784 ], [ 1.674263575048275, 47.085670785435994 ], [ 1.738912430027586, 47.202038724398754 ], [ 1.835885712496552, 47.240828037386336 ], [ 1.784166628513103, 47.324871548859441 ], [ 1.680728460546206, 47.331336434357375 ], [ 1.616079605566895, 47.41537994583048 ], [ 1.52557120859586, 47.486493686307718 ], [ 1.422133040628962, 47.395985289336686 ], [ 1.325159758159996, 47.357195976349097 ], [ 1.318694872662065, 47.253757808382197 ], [ 1.247581132184823, 47.221433380892542 ], [ 1.021310139757235, 47.24729292288427 ], [ 0.98898571226758, 47.13092498392151 ], [ 0.904942200794475, 47.02748681595461 ], [ 0.788574261831716, 47.01455704495875 ], [ 0.659276551873094, 47.13092498392151 ], [ 0.348962047972402, 47.227898266390476 ], [ 0.051577315067572, 47.221433380892542 ], [ -0.032466196405531, 47.292547121369772 ], [ 0.019252887577917, 47.389520403838752 ], [ 0.200269681519987, 47.480028800809791 ], [ 0.439470444943437, 47.480028800809791 ], [ 0.452400215939299, 47.673975365747722 ], [ 0.361891818968264, 47.706299793237378 ], [ 0.129155941042745, 47.725694449731172 ], [ -0.116509707878636, 47.654580709253928 ], [ -0.413894440783465, 47.848527274191845 ], [ -0.698349402692433, 47.8808517016815 ], [ -0.85997154014071, 47.777413533714601 ], [ -0.97633947910347, 47.745089106224945 ], [ -1.144426502049679, 47.74508910622496 ], [ -1.222005128024852, 47.777413533714615 ], [ -1.196145586033127, 47.926105900167016 ], [ -1.196145586033127, 48.03600895363185 ], [ -1.183215815037264, 48.126517350602882 ], [ -1.105637189062092, 48.236420404067708 ], [ -1.066847876074505, 48.333393686536674 ], [ -1.112102074560023, 48.417437198009779 ], [ -1.144426502049678, 48.533805136972539 ], [ -1.079777647070367, 48.585524220955989 ], [ -1.040988334082781, 48.721286816412544 ], [ 21.518372461800695, 48.751798678175291 ], [ 21.877030756082917, 48.734216587408412 ], [ 21.786522359111881, 48.469156281993236 ], [ 21.618435336165671, 48.378647885022204 ], [ 21.59257579417395, 48.249350175063583 ], [ 21.754197931622226, 48.268744831557377 ], [ 21.805917015605672, 48.165306663590478 ], [ 21.689549076642916, 48.029544068133923 ], [ 21.683084191144982, 47.835597503195991 ], [ 21.611970450667741, 47.680440251245642 ], [ 21.48267274070912, 47.518818113797366 ], [ 21.398629229236015, 47.4218448313284 ], [ 21.321050603260844, 47.247292922884263 ], [ 21.266070506357838, 47.093146934060222 ], [ 21.238036955753078, 46.924945630431651 ], [ 21.157337748439978, 46.82451957985262 ], [ 21.096489000802237, 46.82451957985262 ], [ 21.040320926059707, 46.88068765459515 ], [ 20.927984776574643, 46.932175056442468 ], [ 20.764161225242262, 46.941536402232892 ], [ 20.745438533661417, 46.82451957985262 ], [ 20.717354496290152, 46.6887800658915 ], [ 20.590976328119456, 46.637292664044182 ], [ 20.380346047834966, 46.660696028520235 ], [ 20.19779980492174, 46.553040551930387 ], [ 20.249287206769058, 46.464107766921373 ], [ 20.165035094655263, 46.356452290331525 ], [ 20.052698945170199, 46.276880851112942 ], [ 19.976354419691177, 46.284024983692532 ], [ 19.924635335707727, 46.419787579149087 ], [ 19.763013198259451, 46.484436434128398 ], [ 19.64018037379876, 46.562015060103569 ], [ 19.64664525929669, 46.723637197551845 ], [ 19.549671976827725, 46.865864678506327 ], [ 19.517347549338069, 46.697777655560124 ], [ 19.497952892844278, 46.52322574711598 ], [ 19.622077038810794, 46.407939692178843 ], [ 19.617396365915582, 46.262838832427306 ], [ 19.491018197744889, 46.206670757684776 ], [ 19.495698870640098, 46.028805187666762 ], [ 19.327194646412504, 45.986679131609861 ], [ 19.392724066945458, 45.921149711076907 ], [ 19.618458888507419, 45.975521707694675 ], [ 19.69836434328014, 45.96078070879598 ], [ 19.685434572284279, 45.876737197322875 ], [ 19.782407854753245, 45.799158571347697 ], [ 19.743618541765656, 45.695720403380804 ], [ 19.620785717304965, 45.631071548401493 ], [ 19.497952892844278, 45.656931090393215 ], [ 19.362190297387723, 45.58581734991597 ], [ 19.342795640893929, 45.424195212467694 ], [ 19.135919304960137, 45.294897502509073 ], [ 19.038068978710339, 45.098625446597666 ], [ 18.961367396516, 45.036302082591824 ], [ 18.554079610146342, 44.751847120682861 ], [ 18.347203274212546, 44.590224983234584 ], [ 18.366597930706341, 44.428602845786301 ], [ 18.457106327677376, 44.40274330379458 ], [ 18.567009381142206, 44.473857044271824 ], [ 18.618728465125653, 44.409208189292514 ], [ 18.689842205602897, 44.189402082362854 ], [ 18.896718541536689, 44.137682998379404 ], [ 19.055803889661732, 43.987626557422047 ], [ 19.055803889661732, 43.894181388739511 ], [ 18.948341945676809, 43.758685894149828 ], [ 18.822190967955382, 43.674585242335546 ], [ 18.635300630590304, 43.641879433296651 ], [ 18.602594821551417, 43.576467815218876 ], [ 18.560544495644272, 43.352199410380784 ], [ 18.45775481009348, 43.310149084473643 ], [ 18.326931573937927, 43.207359398922847 ], [ 18.205452854650623, 43.146620039279199 ], [ 18.041923809456179, 43.099897454937931 ], [ 18.023234775719672, 42.992435510953008 ], [ 18.065538369629497, 42.916769342953771 ], [ 18.028160302156483, 42.842013208007735 ], [ 18.023488043722349, 42.678484162813291 ], [ 17.953404167210447, 42.477577050145833 ], [ 17.864631256962038, 42.314048004951388 ], [ 17.752497054542989, 42.150518959756944 ], [ 17.884054573572499, 42.04933819297662 ], [ 17.865365539835992, 41.937203990557578 ], [ 17.872343523751876, 41.86226543319971 ], [ 17.844309973147112, 41.759475747648914 ], [ 17.891032557488384, 41.642669286795744 ], [ 17.942427400263778, 41.544551859679075 ], [ 18.003166759907433, 41.254871836763201 ], [ 17.983294459694736, 41.245934234107906 ], [ 17.964605425958226, 41.138472290122984 ], [ 17.941244133787592, 41.031010346138068 ], [ 17.997311234997117, 40.918876143719018 ], [ 18.067395111509022, 40.839447750338856 ], [ 18.076739628377272, 40.699279997315053 ], [ 17.996188775991545, 40.428064516334565 ], [ 18.136356529015352, 40.306585797047262 ], [ 18.253162989868528, 40.245846437403614 ], [ 18.313902349512176, 40.245846437403614 ], [ 18.447794841952145, 39.982176758495747 ], [ 18.468680807689761, 39.94458520034236 ], [ 18.592580974306237, 39.878970415821996 ], [ 18.811314921948878, 39.713034317610337 ], [ 18.841485121623727, 39.577268419073526 ], [ 18.67426017879135, 39.514737424402682 ], [ 18.579079883170508, 39.346454278608867 ], [ 18.46931221370383, 39.181802774408851 ], [ 18.326614243397149, 39.148872473568844 ], [ 18.205869806983806, 39.044593187575501 ], [ 18.063171836677125, 38.934825518108823 ], [ 17.975357701103782, 38.912871984215485 ], [ 17.921822609625419, 38.873226499113073 ], [ 17.963561980001398, 38.838840428372059 ], [ 17.996814966191302, 38.815367732238009 ], [ 18.037892184425889, 38.795807152126301 ], [ 18.106354214816868, 38.760598107925226 ], [ 18.118055671410463, 38.737243713068807 ], [ 18.09559589575543, 38.689691005020286 ], [ 18.113200417855968, 38.65056984479687 ], [ 18.158189752112897, 38.644701670763354 ], [ 18.195354854325142, 38.638833496729845 ], [ 18.230563898526221, 38.595800220484087 ], [ 18.230563898526221, 38.542986654182471 ], [ 18.259904768693783, 38.523426074070763 ], [ 18.312718334995395, 38.484304913847346 ], [ 18.359544544237153, 38.473801306348776 ], [ 18.449642395777353, 38.45496404367978 ], [ 18.52984077423536, 38.433447405556905 ], [ 18.60025886263751, 38.390414129311146 ], [ 18.608083094682193, 38.314127866875481 ], [ 18.649160312916781, 38.284786996707922 ], [ 18.715666285296589, 38.237841604439815 ], [ 18.797018146072514, 38.2065164464627 ], [ 18.844766114033867, 38.206544676261082 ], [ 18.902423581172108, 38.197454349867002 ], [ 19.021780739999986, 38.155328293810101 ], [ 19.091229423441391, 38.12243418178074 ], [ 19.152839581065891, 38.08043752748673 ], [ 19.153823279798861, 38.05201609337859 ], [ 19.13411688948505, 38.026609789191802 ], [ 19.104921829519586, 38.016807049177515 ], [ 19.061566459609278, 38.019588779848988 ], [ 18.965612665257456, 38.040651807877431 ], [ 18.907104254067317, 38.033630798534617 ], [ 18.916465599857741, 37.991504742477716 ], [ 19.035822758685619, 37.928315658392371 ], [ 19.057976437251487, 37.879882988395551 ], [ 19.052205113818857, 37.83236186404055 ], [ 18.99538258089402, 37.811420958004575 ], [ 18.932847954990979, 37.811298836012099 ], [ 18.928167282095767, 37.738748406136331 ], [ 18.993696702628721, 37.713004705212668 ], [ 19.091990833428149, 37.56322317256592 ], [ 19.149911163776522, 37.545397068485336 ], [ 19.21134799225603, 37.549181153880284 ], [ 19.259450412402089, 37.557133416552361 ], [ 19.328364814636302, 37.581945864146761 ], [ 19.378769951083509, 37.576693996664069 ], [ 19.437451691418637, 37.564957648597044 ], [ 19.489848029521081, 37.574924854803946 ], [ 19.517650069876641, 37.59429851876461 ], [ 19.521562185898983, 37.647112085066219 ], [ 19.523518243910154, 37.709705941423692 ], [ 19.550696777158823, 37.736408069688721 ], [ 19.615452970435182, 37.741002869602426 ], [ 19.672178652759136, 37.778167971814668 ], [ 19.719201001386416, 37.818319845354914 ], [ 19.745530828178047, 37.787948261870525 ], [ 19.749625375205287, 37.750450088374357 ], [ 19.733794480111023, 37.701881709379009 ], [ 19.698137973357966, 37.656836630470139 ], [ 19.714233899999314, 37.596254576775777 ], [ 19.737923692967257, 37.56088283611831 ], [ 19.759223234256243, 37.539528894451827 ], [ 19.857026134814785, 37.539528894451827 ], [ 19.899406907852036, 37.549181153880284 ], [ 19.921576049183422, 37.635375736999194 ], [ 19.95323464614696, 37.69662235007943 ], [ 19.991994137585571, 37.73513469556891 ], [ 20.08897416010808, 37.778534125745622 ], [ 20.103891714082252, 37.925197968163815 ], [ 20.141269781555266, 38.032659912148738 ], [ 20.192664624330664, 38.130777339265407 ], [ 20.367557275730377, 38.173291690071181 ], [ 20.418414784020818, 38.198720444216399 ], [ 20.432107190099014, 38.167423516037665 ], [ 20.406678435953793, 38.120478123769566 ], [ 20.402916253866376, 38.074710238055879 ], [ 20.371469391752719, 38.048103977356249 ], [ 20.318655825451106, 38.036367629289224 ], [ 20.30300736136174, 38.001158585088149 ], [ 20.299095245339398, 37.965949540887074 ], [ 20.299095245339398, 37.936608670719508 ], [ 20.32843611550696, 37.919004148618967 ], [ 20.381249681808573, 37.909223858563116 ], [ 20.406678435953793, 37.885751162429067 ], [ 20.410590551976135, 37.850542118227992 ], [ 20.383205739819743, 37.829025480105109 ], [ 20.377337565786231, 37.797728551926376 ], [ 20.391029971864427, 37.772299797781159 ], [ 20.447755654188381, 37.758607391702959 ], [ 20.49470104645648, 37.748827101647109 ], [ 20.555338844802776, 37.727310463524226 ], [ 20.584679714970338, 37.701881709379009 ], [ 20.584679714970338, 37.670584781200276 ], [ 20.576855482925655, 37.613859098876318 ], [ 20.557294902813947, 37.57082582263056 ], [ 20.522085858612872, 37.543441010474169 ], [ 20.512305568557018, 37.510188024284261 ], [ 20.533822206679897, 37.484759270139044 ], [ 20.567075192869801, 37.488671386161386 ], [ 20.60424029508205, 37.500407734228411 ], [ 20.6277129912161, 37.533660720418311 ], [ 20.635537223260783, 37.57082582263056 ], [ 20.639449339283125, 37.607990924842802 ], [ 20.680526557517705, 37.625595446943343 ], [ 20.737252239841659, 37.635375736999194 ], [ 20.780285516087417, 37.651024201088561 ], [ 20.766593110009222, 37.713618057446034 ], [ 20.733340123819318, 37.746871043635934 ], [ 20.743120413875172, 37.785992203859351 ], [ 20.78615369012093, 37.811420958004575 ], [ 20.813538502277321, 37.862278466295017 ], [ 20.825274850344346, 37.92682838066365 ], [ 20.813538502277321, 37.997246469065807 ], [ 20.83309908238903, 38.038323687300391 ], [ 20.868308126590104, 38.083313021557323 ], [ 20.870264184601275, 38.147862935925957 ], [ 20.837011198411371, 38.218281024328107 ], [ 20.807670328243809, 38.286743054719089 ], [ 20.776373400065076, 38.349336911076556 ], [ 20.705955311662926, 38.415842883456364 ], [ 20.64336145530546, 38.460832217713296 ], [ 20.629669049227264, 38.511689726003738 ], [ 20.64531751331663, 38.554723002249496 ], [ 20.719647717741122, 38.582107814405887 ], [ 20.748988587908684, 38.646657728774528 ], [ 20.760724935975709, 38.69751523706497 ], [ 20.803758212221467, 38.726856107232528 ], [ 20.837011198411371, 38.760109093422436 ], [ 20.873224175024063, 38.822313656905479 ], [ 20.901561112780012, 38.812922659724045 ], [ 20.919165634880549, 38.769889383478287 ], [ 20.909385344824695, 38.726856107232528 ], [ 20.938726214992258, 38.70729552712082 ], [ 20.977847375215674, 38.675998598942087 ], [ 21.032616999528457, 38.705339469109653 ], [ 21.08543056583007, 38.685778888997945 ], [ 21.11085931997529, 38.654481960819211 ], [ 21.198881930477981, 38.642745612752186 ], [ 21.247783380757252, 38.638833496729845 ], [ 21.253498902135092, 38.609842968896444 ], [ 21.251695496779593, 38.564503292305353 ], [ 21.208662220533835, 38.509733667992563 ], [ 21.179321350366269, 38.470612507769147 ], [ 21.1781042397185, 38.419601464366096 ], [ 21.239959148712568, 38.349336911076556 ], [ 21.286904540980668, 38.345424795054214 ], [ 21.331893875237597, 38.386502013288805 ], [ 21.382751383528039, 38.40801865141168 ], [ 21.408180137673259, 38.38454595527763 ], [ 21.402311963639747, 38.347380853065388 ], [ 21.378155454570781, 38.319338435369936 ], [ 21.345586281315793, 38.273050648640897 ], [ 21.345586281315793, 38.212412850294598 ], [ 21.355366571371647, 38.153731109959473 ], [ 21.333849933248768, 38.108741775702541 ], [ 21.296684831036522, 38.089181195590832 ], [ 21.298640889047693, 38.024631281222199 ], [ 21.314250910901944, 37.979058660023234 ], [ 21.365146861427501, 37.942476844753017 ], [ 21.394487731595063, 37.891619336462576 ], [ 21.394487731595063, 37.838805770160967 ], [ 21.372971093472184, 37.805552783971059 ], [ 21.331893875237597, 37.787948261870525 ], [ 21.300596947058864, 37.710683970429272 ], [ 21.306465121092376, 37.652002230094148 ], [ 21.33971810728228, 37.593320489759023 ], [ 21.378839267505697, 37.595276547770197 ], [ 21.406224079662088, 37.575715967658489 ], [ 21.402311963639747, 37.540506923457414 ], [ 21.367102919438672, 37.503341821245165 ], [ 21.390575615572722, 37.456396428977065 ], [ 21.415491452654521, 37.408331146995366 ], [ 21.421872543751455, 37.352725354385008 ], [ 21.398399847617405, 37.266658801893492 ], [ 21.384707441539209, 37.188416481446659 ], [ 21.406224079662088, 37.145383205200901 ], [ 21.378839267505697, 37.10430598696631 ], [ 21.324069643192914, 37.061272710720552 ], [ 21.286904540980668, 37.035843956575334 ], [ 21.286904540980668, 36.992810680329576 ], [ 21.281036366947156, 36.959557694139669 ], [ 21.214530394567348, 36.891095663748686 ], [ 21.187145582410956, 36.855886619547611 ], [ 21.142156248154024, 36.832413923413561 ], [ 21.122595668042315, 36.865666909603469 ], [ 21.136288074120511, 36.904788069826886 ], [ 21.148024422187536, 36.949777404083818 ], [ 21.116727494008803, 36.97716221624021 ], [ 21.104991145941778, 37.014327318452452 ], [ 21.083761103831502, 37.06258402286997 ], [ 21.030660941517286, 37.086212450362979 ], [ 21.005232187372066, 37.06665187025127 ], [ 20.993495839305041, 37.021662535994345 ], [ 20.975891317204503, 36.988409549804437 ], [ 20.932858040958745, 36.964936853670388 ], [ 20.899605054768841, 36.949288389581021 ], [ 20.878088416645959, 36.87495818515653 ], [ 20.8350551404002, 36.855397605044821 ], [ 20.776373400065076, 36.85148548902248 ], [ 20.754856761942197, 36.82801279288843 ], [ 20.778329458076247, 36.786935574653839 ], [ 20.837011198411371, 36.759550762497447 ], [ 20.842879372444884, 36.730209892329889 ], [ 20.854615720511909, 36.685220558072956 ], [ 20.901561112780012, 36.663703919950073 ], [ 20.8956929387465, 36.603066121603781 ], [ 20.85657177852308, 36.587417657514415 ], [ 20.825274850344346, 36.567857077402707 ], [ 20.846791488467225, 36.520911685134607 ], [ 20.827230908355517, 36.448537538721283 ], [ 20.834507889803998, 36.375141964156455 ], [ 20.838282050067253, 36.324190800602487 ], [ 20.774417342053905, 36.291563883324827 ], [ 20.745815123617458, 36.224175553626175 ], [ 20.708073520984886, 36.195869351651751 ], [ 20.689202719668604, 36.144918188097776 ], [ 20.657122357430918, 36.156240668887548 ], [ 20.613719514403464, 36.19398227152012 ], [ 20.587300392560664, 36.160014829150803 ], [ 20.583526232297405, 36.086418704017298 ], [ 20.522637244266384, 36.056576125965563 ], [ 20.448333956790236, 36.053376201098544 ], [ 20.408027780055953, 36.088305784148922 ], [ 20.338205815185699, 36.084531623885667 ], [ 20.302831137336728, 36.053343683216596 ], [ 20.292915892026617, 35.976968056382837 ], [ 20.260809381600176, 35.933743301504869 ], [ 20.147673885386382, 35.901418874015214 ], [ 20.10043371860051, 35.884501129933042 ], [ 20.070240436494451, 35.844872447168846 ], [ 20.063630373913277, 35.801213148797281 ], [ 20.083449997415851, 35.748631360455789 ], [ 20.076560144909138, 35.675147881587627 ], [ 20.06080503583631, 35.635406552558081 ], [ 20.057030875573052, 35.612761590978543 ] ] ] ] } },
{ "type": "Feature", "properties": { "id": 4, "name": "Brandon's Gift", "ClaimedBy": "Night's Watch" }, "geometry": { "type": "MultiPolygon", "coordinates": [ [ [ [ 13.960778463866323, 34.513084713334514 ], [ 14.038357089841497, 34.579349789688301 ], [ 14.059881457832962, 34.629525841958078 ], [ 14.052057225788278, 34.699943930360227 ], [ 14.143991952313309, 34.711680278427252 ], [ 14.188981286570238, 34.75471355467301 ], [ 14.233970620827169, 34.786010482851744 ], [ 14.28482812911761, 34.799702888929943 ], [ 14.371298692984947, 34.834712766856583 ], [ 14.47796930370081, 34.863804751597272 ], [ 14.578175028918743, 34.847642537852444 ], [ 14.675148311387709, 34.860572308848312 ], [ 14.801213578597366, 34.95754559131727 ], [ 14.972533044292538, 35.00926467530072 ], [ 15.027484571024953, 34.980172690560032 ], [ 15.195571593971161, 35.015729560798654 ], [ 15.353961288670472, 35.054518873786243 ], [ 15.470329227633233, 35.115935286016587 ], [ 15.480026555880128, 35.183816583744864 ], [ 15.460631899386335, 35.274324980715896 ], [ 15.51558342611875, 35.316346736452452 ], [ 15.686902891813924, 35.34543872119314 ], [ 15.8485250292622, 35.327660286073836 ], [ 16.223488388142211, 35.384228034180722 ], [ 16.336623884356005, 35.423017347168305 ], [ 16.391575411088411, 35.495747309020047 ], [ 16.475618922561523, 35.523223072386237 ], [ 16.585521976026353, 35.494131087645549 ], [ 16.714819685984967, 35.418168683044875 ], [ 17.076853273869109, 35.405238912049008 ], [ 17.490605945736696, 35.469887767028318 ], [ 17.671622739678774, 35.477968873900728 ], [ 17.800920449637395, 35.532920400633145 ], [ 17.981937243579466, 35.5555474998759 ], [ 18.272857090986363, 35.571709713620727 ], [ 18.453873884928434, 35.545850171629006 ], [ 18.628425793372575, 35.545850171629006 ], [ 19.320168541651203, 35.597569255612456 ], [ 20.057030875573052, 35.612761590978543 ], [ 20.126852840443309, 35.550487946634803 ], [ 20.14949780202285, 35.514633424133862 ], [ 20.143836561627964, 35.450472699658491 ], [ 20.155159042417736, 35.41461817715755 ], [ 20.23819056820939, 35.422166497684067 ], [ 20.332544574790813, 35.35234453281381 ], [ 20.406140699924325, 35.305167529523096 ], [ 20.3901070915588, 35.258162766971061 ], [ 20.336318735054071, 35.239119724916101 ], [ 20.362737856896871, 35.156088199124447 ], [ 20.400479459529439, 35.099475795175593 ], [ 20.40236653966107, 35.040976311095108 ], [ 20.38915697873967, 35.016444269383939 ], [ 20.366512017160126, 34.980589746882991 ], [ 20.391044058871298, 34.939073983987164 ], [ 20.310678698178641, 34.931104676582173 ], [ 20.266496770183817, 34.922090262802513 ], [ 20.262722609920559, 34.888122820433196 ], [ 20.334431654922444, 34.835284576747597 ], [ 20.319335013869416, 34.776785092667119 ], [ 20.260809381600179, 34.766831469128299 ], [ 20.150906328135349, 34.760366583630372 ], [ 20.131511671641558, 34.656928415663472 ], [ 20.189695641122935, 34.598744446182096 ], [ 20.318993351081559, 34.669858186659333 ], [ 20.408796125295311, 34.636752395232172 ], [ 20.586341945792132, 34.505929159076622 ], [ 20.810324648924322, 34.514700934708991 ], [ 20.984876557368462, 34.411262766742091 ], [ 20.965481900874668, 34.314289484273125 ], [ 20.564659000002941, 34.33368414076692 ], [ 20.228484954110524, 34.34661391176278 ], [ 19.827662053238797, 34.327219255268986 ], [ 19.26521701491879, 34.301359713277265 ], [ 18.586404037636026, 34.314289484273125 ], [ 17.836477319876018, 34.301359713277265 ], [ 16.963717777655322, 34.327219255268986 ], [ 16.11485332600941, 34.310682938333017 ], [ 15.466194033000196, 34.310682938333017 ], [ 14.794907090234847, 34.355938237845287 ], [ 14.289556245681156, 34.423821187113695 ], [ 13.960778463866323, 34.513084713334514 ] ] ] ] } },
{ "type": "Feature", "properties": { "id": 5, "name": "The North", "ClaimedBy": "Stark" }, "geometry": { "type": "MultiPolygon", "coordinates": [ [ [ [ 9.200909587662059, 31.847100754254132 ], [ 9.075179710445141, 31.93790566557746 ], [ 9.089149696802577, 32.021725583722073 ], [ 9.005329778657966, 32.119515488224117 ], [ 9.012314771836685, 32.175395433653861 ], [ 9.117089669517448, 32.18238042683258 ], [ 9.165984621768471, 32.224290385904879 ], [ 9.110104676338729, 32.287155324513336 ], [ 9.008651248920005, 32.306242427132148 ], [ 8.921509860513355, 32.280170331334624 ], [ 8.823719956011308, 32.231275379083598 ], [ 8.823719956011308, 32.04268056325823 ], [ 8.718945058330544, 31.986800617828482 ], [ 8.711960065151827, 31.895995706505154 ], [ 8.621155153828498, 31.847100754254132 ], [ 8.55829021522004, 31.861070740611567 ], [ 8.43954533118184, 31.889010713326435 ], [ 8.299845467607488, 31.993785611007201 ], [ 8.271905494892618, 32.098560508687967 ], [ 8.334770433501076, 32.175395433653861 ], [ 8.334770433501076, 32.196350413190011 ], [ 8.243965522177749, 32.287155324513336 ], [ 8.278890488071337, 32.350020263121799 ], [ 8.285875481250052, 32.468765147159999 ], [ 8.334770433501076, 32.503690113053587 ], [ 8.498457903342015, 32.629208856901705 ], [ 8.525219586073449, 32.689254363300911 ], [ 8.657600781779186, 32.699418950329871 ], [ 8.713814401898825, 32.814984240517823 ], [ 8.788659622845092, 32.867923174557461 ], [ 8.905676445225366, 32.942813940880839 ], [ 9.055457977872114, 32.886645866138309 ], [ 9.28013027684224, 32.835158464290984 ], [ 9.528205940288419, 32.746225679281977 ], [ 9.706071510306435, 32.680696258749023 ], [ 9.701390837411223, 32.535595398997486 ], [ 9.613024185206395, 32.391930222194105 ], [ 9.69684410335101, 32.350020263121799 ], [ 9.822573980567926, 32.273185338155905 ], [ 9.759709041959466, 32.147455460938986 ], [ 9.626500071087849, 32.00667936183865 ], [ 9.457995846860255, 31.941149941305699 ], [ 9.291714498985387, 31.923935679220023 ], [ 9.200909587662059, 31.847100754254132 ] ] ], [ [ [ 23.981732891225818, 33.502687278291013 ], [ 23.898764842119988, 33.420662047925028 ], [ 23.883679742282563, 33.35560755487613 ], [ 23.778084043420598, 33.345236548737908 ], [ 23.687573444396058, 33.420662047925028 ], [ 23.736600018867684, 33.480059628534875 ], [ 23.664945794639923, 33.612054252112337 ], [ 23.770541493501888, 33.706336126096232 ], [ 23.729057468948973, 33.827016924795622 ], [ 23.785626593339309, 33.978810741909697 ], [ 23.698887269274124, 33.996724297966637 ], [ 23.649860694802499, 34.128718921544092 ], [ 23.559350095777955, 34.215458245609277 ], [ 23.502780971387619, 34.332367769349311 ], [ 23.359472522932094, 34.416278637194985 ], [ 23.193536424720435, 34.521874336056946 ], [ 23.06908435106169, 34.486990042682905 ], [ 22.95971737724037, 34.566186816829379 ], [ 22.929547177565521, 34.650097684675046 ], [ 22.944632277402945, 34.720809090162966 ], [ 22.831494028622267, 34.763235933455725 ], [ 22.861664228297116, 34.916915388049475 ], [ 22.92200462764681, 35.026282361870798 ], [ 22.842807853500336, 35.150734435529543 ], [ 22.703270680004167, 35.128106785773404 ], [ 22.673100480329321, 35.170533629066163 ], [ 22.680643030248032, 35.252558859432149 ], [ 22.763611079353861, 35.391153214188471 ], [ 22.740983429597726, 35.489206363131721 ], [ 22.673100480329321, 35.575945687196906 ], [ 22.778696179191286, 35.692855210936941 ], [ 22.823951478703556, 35.787137084920836 ], [ 22.903148252850031, 35.77582326004277 ], [ 22.98611630195586, 35.802222184758264 ], [ 22.952174827321656, 35.866333859067311 ], [ 22.978573752037146, 35.911589158579581 ], [ 23.038914151386841, 35.90404660866087 ], [ 23.189765149761079, 35.97947210784799 ], [ 23.227477899354636, 35.907817883620226 ], [ 23.385871447647585, 35.843706209311179 ], [ 23.487695871550194, 35.772051985083415 ], [ 23.548036270899889, 35.696626485896296 ], [ 23.646089419843143, 35.67777011109952 ], [ 23.668717069599278, 35.545775487522057 ], [ 23.623461770087008, 35.492977638091077 ], [ 23.638546869924429, 35.410009588985247 ], [ 23.642318144883784, 35.304413890123286 ], [ 23.695115994314769, 35.293100065245213 ], [ 23.747913843745753, 35.406238314025892 ], [ 23.819568067973513, 35.466578713375583 ], [ 23.823339342932869, 35.59480206199369 ], [ 23.721514919030259, 35.719254135652434 ], [ 23.725286193989614, 35.836163659392462 ], [ 23.740371293827039, 35.994557207685411 ], [ 23.668717069599278, 36.137865656140953 ], [ 23.766770218542529, 36.295316385694051 ], [ 23.721514919030259, 36.449938659027637 ], [ 23.785626593339309, 36.521592883255401 ], [ 23.747913843745753, 36.76295448065418 ], [ 23.672488344558634, 36.824237698743708 ], [ 23.725286193989614, 37.001487621833434 ], [ 23.827110617892224, 37.073141846061198 ], [ 23.932706316754189, 37.076913121020553 ], [ 24.011903090900663, 37.012801446711507 ], [ 24.121270064721987, 37.012801446711507 ], [ 24.170296639193612, 36.978859972077302 ], [ 24.158982814315543, 36.861950448337268 ], [ 24.272121063096222, 36.756354749475307 ], [ 24.215551938705882, 36.6281314008572 ], [ 24.388751195620653, 36.462548514562037 ], [ 24.458601127407832, 36.420638555489738 ], [ 24.522476692835081, 36.289659049671307 ], [ 24.743530433015707, 36.215176792807746 ], [ 24.796328282446691, 36.139751293620627 ], [ 24.792557007487336, 36.003985395083809 ], [ 24.713360233340861, 35.954958820612184 ], [ 24.735987883096996, 35.860676946628288 ], [ 24.769929357731201, 35.758852522725675 ], [ 24.751072982934421, 35.702283398335346 ], [ 24.668104933828591, 35.660799373782424 ], [ 24.656791108950522, 35.577831324676595 ], [ 24.690732583584726, 35.45337925101785 ], [ 24.508506706477647, 35.36763995008058 ], [ 24.400344411714322, 35.272358052968762 ], [ 24.389030586836252, 35.185618728903577 ], [ 24.487083735779507, 35.166762354106801 ], [ 24.720902783259572, 35.151677254269373 ], [ 24.796328282446691, 35.110193229716458 ], [ 24.856668681796386, 34.978198606139003 ], [ 24.766158082771845, 34.872602907277042 ], [ 24.822727207162181, 34.849975257520903 ], [ 24.966035655617706, 34.917858206789312 ], [ 25.01883350504869, 34.910315656870601 ], [ 25.030147329926756, 34.823576332805416 ], [ 24.977349480495775, 34.725523183862165 ], [ 25.017400581705239, 34.618510315380597 ], [ 25.052774979682891, 34.472847761585314 ], [ 25.060317529601605, 34.378565887601418 ], [ 25.011290955129976, 34.276741463698805 ], [ 25.007519680170621, 34.14474684012135 ], [ 24.8981527063493, 34.073092615893586 ], [ 24.683190033666015, 34.065550065974875 ], [ 24.611535809438251, 33.899613967763216 ], [ 24.532339035291777, 33.85058739329159 ], [ 24.524796485373066, 33.737449144510919 ], [ 24.464456086023372, 33.653538276665252 ], [ 24.151440264396832, 33.638453176827824 ], [ 24.060929665372292, 33.682765657600264 ], [ 23.993046716103883, 33.678994382640909 ], [ 23.981732891225818, 33.502687278291013 ] ] ], [ [ [ 25.327799333978358, 34.999400652732774 ], [ 25.383679279408103, 34.957490693660468 ], [ 25.482700325049464, 34.895230557033173 ], [ 25.475157775130754, 34.808491232967988 ], [ 25.399732275943634, 34.687810434268599 ], [ 25.354476976431364, 34.612384935081479 ], [ 25.263966377406824, 34.646326409715684 ], [ 25.290365302122314, 34.702895534106027 ], [ 25.380875901146855, 34.793406133130567 ], [ 25.369562076268789, 34.861289082398969 ], [ 25.279051477244245, 34.899001831992528 ], [ 25.252652552528755, 34.997054980935786 ], [ 25.327799333978358, 34.999400652732774 ] ] ], [ [ [ 25.607152398708209, 35.274243690448436 ], [ 25.497785424886889, 35.296871340204568 ], [ 25.347692149795506, 35.299282058908474 ], [ 25.305450401959739, 35.436408513700741 ], [ 25.358248251390719, 35.447722338578807 ], [ 25.429902475618483, 35.560860587359485 ], [ 25.331849326675229, 35.760738160205349 ], [ 25.226253627813264, 35.779594535002126 ], [ 25.253394741882822, 35.851096520027163 ], [ 25.335620601634584, 35.956844458091851 ], [ 25.286594027162959, 36.07752525679124 ], [ 25.33939187659394, 36.126551831262866 ], [ 25.369562076268789, 36.2434613550029 ], [ 25.267737652366179, 36.28117410459646 ], [ 25.190529803274362, 36.40989597432457 ], [ 25.204499789631797, 36.479745906111745 ], [ 25.316764226837805, 36.428253828011343 ], [ 25.388418451065569, 36.315115579230664 ], [ 25.441216300496549, 36.33397195402744 ], [ 25.40350355090299, 36.484822952401679 ], [ 25.309274687312559, 36.584520803792515 ], [ 25.25642382748811, 36.673386700369477 ], [ 25.282822752203604, 36.782753674190793 ], [ 25.232439762346665, 36.801055592332759 ], [ 25.1545994035855, 36.861950448337268 ], [ 25.162141953504214, 36.952461047361808 ], [ 25.27528020228489, 37.001487621833434 ], [ 25.395961000984279, 36.877035548174689 ], [ 25.400079598635887, 36.738190653724295 ], [ 25.525809475852807, 36.52864085836277 ], [ 25.659950248139193, 36.447110202808119 ], [ 25.671264073017259, 36.352828328824224 ], [ 25.602644400818697, 36.263211117571501 ], [ 25.641093873342413, 36.073753981831885 ], [ 25.708976822610818, 35.994557207685411 ], [ 25.852285271066343, 35.885190233864094 ], [ 26.006907544399933, 35.636286086546605 ], [ 25.901311845537968, 35.564631862318841 ], [ 25.874912920822478, 35.413780863944602 ], [ 25.746689572204378, 35.402467039066536 ], [ 25.754232122123089, 35.278014965407792 ], [ 25.708976822610818, 35.221445841017456 ], [ 25.607152398708209, 35.274243690448436 ] ] ], [ [ [ 22.759839804394506, 37.24379203797205 ], [ 22.823951478703556, 37.172137813744285 ], [ 22.812637653825487, 37.04014319016683 ], [ 22.891834427971961, 36.991116615695205 ], [ 22.971031202118436, 36.900606016670665 ], [ 22.961232923246399, 36.849231649739437 ], [ 22.961232923246399, 36.716516779343806 ], [ 22.912337970995377, 36.625711868020474 ], [ 22.828518052850765, 36.604756888484324 ], [ 22.73771314152744, 36.660636833914062 ], [ 22.667863209740261, 36.730486765701237 ], [ 22.529792031873797, 36.806324142686762 ], [ 22.522249481955082, 36.869492998255993 ], [ 22.620302630898337, 36.957175141061001 ], [ 22.620302630898337, 37.0853984896791 ], [ 22.597674981142202, 37.16082398886622 ], [ 22.759839804394506, 37.24379203797205 ] ] ], [ [ [ 23.476539135688785, 37.770766316661856 ], [ 23.404727822444364, 37.71897268285089 ], [ 23.38964272260694, 37.824568381712858 ], [ 23.32553104829789, 37.847196031468997 ], [ 23.322869285756997, 37.903481187057494 ], [ 23.308899299399563, 38.029211064274413 ], [ 23.22370662439528, 38.171525677973598 ], [ 23.28027574878562, 38.246951177160717 ], [ 23.434629176616482, 38.154940941491326 ], [ 23.518449094761088, 38.064136030168001 ], [ 23.462569149331351, 37.966346125665957 ], [ 23.49050912204622, 37.882526207521344 ], [ 23.476539135688785, 37.770766316661856 ] ] ], [ [ [ 12.890210032381662, 33.402206427331102 ], [ 13.263769456736352, 33.23964084987594 ], [ 13.806833050883601, 33.186843000444959 ], [ 14.410237044380546, 33.103874951339129 ], [ 15.010359818909608, 33.100529491849166 ], [ 16.260831398961098, 33.065222059000654 ], [ 17.361246389406414, 33.041683770434979 ], [ 17.870261879639141, 33.038741484364266 ], [ 18.558639499672033, 33.043534551989438 ], [ 19.459096357822219, 33.056395200788515 ], [ 20.041934234520038, 33.048219692095394 ], [ 20.857152851383553, 33.048219692095394 ], [ 21.272310480341822, 33.018026409989339 ], [ 21.355342006133473, 32.952922145448156 ], [ 21.370438647186504, 32.904801602091631 ], [ 21.349680765738587, 32.866116459393247 ], [ 21.264762159815309, 32.80667343524695 ], [ 21.28740712139485, 32.700996947875751 ], [ 21.196827275076682, 32.625513742610607 ], [ 21.181730634023655, 32.4594506910273 ], [ 21.098699108232001, 32.300935959970509 ], [ 21.393083608766045, 32.361322524182619 ], [ 21.517630897453525, 32.338677562603081 ], [ 21.578017461665638, 32.334903402339819 ], [ 21.619533224561465, 32.387741646025418 ], [ 21.687468109300092, 32.410386607604963 ], [ 21.834660359567113, 32.39151580628868 ], [ 21.90259524430574, 32.361322524182619 ], [ 21.947885167464825, 32.2669685176012 ], [ 22.049787494572762, 32.22167859444211 ], [ 22.227173026945842, 32.206581953389083 ], [ 22.287559591157954, 32.127324587860684 ], [ 22.415881040108694, 32.131098748123947 ], [ 22.532880008269661, 32.165066190493256 ], [ 22.634782335377601, 32.108453786544402 ], [ 22.781974585644623, 32.093357145491375 ], [ 22.793297066434395, 31.96126153627738 ], [ 22.983117164531937, 31.892326929849983 ], [ 23.067217816346226, 31.822243053338077 ], [ 23.212228855655923, 31.863133369432695 ], [ 23.306582862237345, 31.882004170748981 ], [ 23.382066067502485, 31.851810888642927 ], [ 23.416033509871799, 31.738586080745215 ], [ 23.417637198905744, 31.607319165368239 ], [ 23.638708965403964, 31.59328091060982 ], [ 23.748159613038418, 31.617812952320993 ], [ 23.789675375934245, 31.744247321140101 ], [ 23.936343802917968, 31.94984817169772 ], [ 24.076511555941778, 31.940503654829467 ], [ 24.29143544391162, 31.977881722302484 ], [ 24.431603196935431, 32.047965598814386 ], [ 24.67456063551003, 32.108704958458034 ], [ 24.824072905402094, 32.104032700023907 ], [ 24.945551624689394, 32.05731011568264 ], [ 25.001618725898915, 31.973209463868358 ], [ 25.020307759635426, 31.856403003015181 ], [ 25.160475512659236, 31.753613317464389 ], [ 25.19785358013225, 31.627462339742962 ], [ 25.174492287961616, 31.505983620455659 ], [ 25.127769703620348, 31.445244260812011 ], [ 25.155803254225106, 31.333110058392961 ], [ 25.309987782551296, 31.211631339105661 ], [ 25.342693591590187, 31.146219721027883 ], [ 25.342693591590187, 31.076135844515978 ], [ 25.286626490380662, 31.010724226438203 ], [ 25.342693591590187, 30.954657125228678 ], [ 25.422121984970346, 30.847195181243759 ], [ 25.422121984970346, 30.608910001103283 ], [ 25.295971007248919, 30.538826124591377 ], [ 25.394088434365585, 30.295868686016778 ], [ 25.263265198210028, 30.071600281178682 ], [ 25.19785358013225, 29.856676393208843 ], [ 25.113752928317968, 29.781920258262808 ], [ 25.001618725898922, 29.590357662463603 ], [ 25.006290984333045, 29.473551201610434 ], [ 24.940879366255267, 29.398795066664398 ], [ 24.856778714440985, 29.281988605811225 ], [ 24.787592463933656, 29.147459785380317 ], [ 24.793703225580263, 29.090426010012017 ], [ 24.82640903461915, 28.894191155778689 ], [ 24.93455331961929, 28.84417233381631 ], [ 24.869950071031607, 28.669363543520227 ], [ 24.797746440257136, 28.566758383998611 ], [ 24.793946249163742, 28.418550931356279 ], [ 24.8167473957241, 28.304545198554482 ], [ 24.892751217591965, 28.209540421219653 ], [ 24.892751217591965, 28.133536599351793 ], [ 24.896551408685358, 28.042332013110357 ], [ 24.873750262125, 27.992929528896244 ], [ 24.892751217591965, 27.894124560468022 ], [ 24.839548542284462, 27.799119783133193 ], [ 24.793946249163742, 27.897924751561415 ], [ 24.81294720463071, 27.951127426868918 ], [ 24.748343956043026, 27.985329146709457 ], [ 24.751652899673118, 28.109251738845359 ], [ 24.69514128073552, 28.15633774591215 ], [ 24.641938605428017, 28.209540421219653 ], [ 24.554534210279975, 28.251342523246979 ], [ 24.516532299346043, 28.289344434180911 ], [ 24.543133636999794, 28.338746918395021 ], [ 24.58493573902712, 28.43375169572985 ], [ 24.466645135191374, 28.515738222614402 ], [ 24.516532299346043, 28.593359721652362 ], [ 24.489930961692291, 28.680764116800407 ], [ 24.334123126863172, 28.794769849602201 ], [ 24.315122171396204, 28.855572907096491 ], [ 24.375925228890495, 28.912575773497387 ], [ 24.391125993264069, 28.984779404271858 ], [ 24.372125037797101, 29.049382652859542 ], [ 24.288520833742453, 29.034181888485968 ], [ 24.176965112275504, 28.992308582895355 ], [ 24.098511279072795, 29.00093021641878 ], [ 24.014907075018147, 29.0465325095395 ], [ 23.995906119551179, 29.149137669061112 ], [ 23.938903253150283, 29.217541108742189 ], [ 23.851498858002245, 29.293544930610054 ], [ 23.836298093628667, 29.133936904687541 ], [ 23.813496947068309, 29.076934038286645 ], [ 23.874300004562599, 29.027531554072532 ], [ 23.859099240189028, 28.977179022085071 ], [ 23.805896564881522, 28.866973480376672 ], [ 23.703291405359906, 28.787169467415413 ], [ 23.832497902535273, 28.654162779146652 ], [ 23.802096373788128, 28.589559530558969 ], [ 23.89211596848796, 28.534941487819886 ], [ 23.931302870963496, 28.49455475322414 ], [ 23.843898475815454, 28.475553797757176 ], [ 23.764094462854196, 28.403350166982705 ], [ 23.737493125200444, 28.327346345114844 ], [ 23.699491214266512, 28.270343478713944 ], [ 23.760294271760806, 28.190539465752689 ], [ 23.748893698480625, 28.103135070604647 ], [ 23.710891787546693, 28.053732586390534 ], [ 23.646288538959009, 28.042332013110357 ], [ 23.627287583492045, 27.939726853588741 ], [ 23.608286628025077, 27.882723987187845 ], [ 23.488026758578133, 27.81444679836838 ], [ 23.334672869300775, 27.717415674625244 ], [ 23.300471149460236, 27.618610706197021 ], [ 23.239668091965946, 27.527406119955586 ], [ 23.152263696817904, 27.523605928862192 ], [ 23.064859301669859, 27.611010324010238 ], [ 23.000256053082175, 27.584408986356486 ], [ 23.000256053082175, 27.527406119955586 ], [ 22.931852613401098, 27.519805737768802 ], [ 22.859648982626631, 27.576808604169699 ], [ 22.779844969665373, 27.478003635741477 ], [ 22.722842103264476, 27.382998858406648 ], [ 22.783645160758766, 27.287994081071819 ], [ 22.749443440918228, 27.147387010616271 ], [ 22.810246498412518, 27.044781851094655 ], [ 22.70775960007893, 26.996801572396159 ], [ 22.590953139225757, 26.889339628411243 ], [ 22.492835712109091, 26.861306077806478 ], [ 22.418826815793025, 26.873773251891965 ], [ 22.430227389073202, 26.9649778381334 ], [ 22.373224522672306, 27.021980704534297 ], [ 22.274419554244083, 27.040981660001265 ], [ 22.179794397022583, 27.010818347698546 ], [ 22.168014203629074, 27.151187201709664 ], [ 22.058315677735287, 27.155658359156476 ], [ 22.084409999574426, 27.306995036538783 ], [ 22.008406177706561, 27.348797138566109 ], [ 21.924801973651913, 27.356397520752896 ], [ 21.847129195469538, 27.334873247909151 ], [ 21.768994138822794, 27.42100076934058 ], [ 21.696790508048323, 27.371598285126467 ], [ 21.597985539620101, 27.417200578247186 ], [ 21.522430234266402, 27.43132160676997 ], [ 21.552383246499385, 27.276593507791638 ], [ 21.598040018382569, 27.25103051657025 ], [ 21.660633874740036, 27.237338110492054 ], [ 21.676282338829402, 27.194304834246292 ], [ 21.723227731097502, 27.178656370156926 ], [ 21.76626100734326, 27.155183674022876 ], [ 21.797557935521993, 27.153227616011705 ], [ 21.821030631656043, 27.131710977888826 ], [ 21.805382167566677, 27.082809527609555 ], [ 21.830810921711898, 27.035864135341455 ], [ 21.854283617845951, 26.985006627051014 ], [ 21.848415443812435, 26.940017292794085 ], [ 21.834723037734239, 26.900896132570665 ], [ 21.772625494356024, 26.900218582158001 ], [ 21.709535325019306, 26.914588538648861 ], [ 21.678238396840573, 26.900896132570665 ], [ 21.654765700706523, 26.869599204391932 ], [ 21.617600598494278, 26.846126508257882 ], [ 21.598040018382569, 26.814829580079149 ], [ 21.609776366449594, 26.783532651900416 ], [ 21.658677816728865, 26.76984024582222 ], [ 21.693197100975869, 26.718000503227053 ], [ 21.712469412036061, 26.687196794850252 ], [ 21.753546630270648, 26.679372562805568 ], [ 21.769195094360015, 26.655899866671518 ], [ 21.794623848505235, 26.632427170537468 ], [ 21.816140486628115, 26.603086300369906 ], [ 21.837657124750994, 26.562009082135319 ], [ 21.86895405292973, 26.534624269978924 ], [ 21.895849850583325, 26.517264255129785 ], [ 21.925190720750887, 26.502593820046002 ], [ 21.927146778762058, 26.477165065900781 ], [ 21.889981676549812, 26.48205521092871 ], [ 21.863574893399004, 26.501615791040418 ], [ 21.82983289270631, 26.517019747878386 ], [ 21.796579906516406, 26.534624269978924 ], [ 21.763326920326502, 26.552228792079465 ], [ 21.737898166181282, 26.569833314180002 ], [ 21.716381528058402, 26.593306010314052 ], [ 21.688996715902011, 26.614822648436931 ], [ 21.665524019767961, 26.608954474403419 ], [ 21.644007381645082, 26.573745430202344 ], [ 21.60684227943284, 26.564209647397885 ], [ 21.563809003187082, 26.566165705409055 ], [ 21.521753755946907, 26.560297531375543 ], [ 21.487522740751416, 26.540736951263835 ], [ 21.423950855388366, 26.535846806235906 ], [ 21.366247144058825, 26.54562709629176 ], [ 21.302675258695771, 26.565187676403468 ], [ 21.239184735617783, 26.589279372239968 ], [ 21.258663953444429, 26.550517241319689 ], [ 21.282136649578479, 26.536824835241493 ], [ 21.340818389913604, 26.52215440015771 ], [ 21.38825279668449, 26.485967326951052 ], [ 21.450846653041957, 26.474230978884027 ], [ 21.491923871276544, 26.461516601811415 ], [ 21.519308683432936, 26.425329528604752 ], [ 21.556473785645185, 26.387186397386923 ], [ 21.605864250427249, 26.379851179845033 ], [ 21.649875555678591, 26.369092860783592 ], [ 21.675304309823812, 26.331927758571346 ], [ 21.681172483857324, 26.283026308292076 ], [ 21.660633874740032, 26.256619525141268 ], [ 21.638139207611566, 26.231190770996047 ], [ 21.644007381645078, 26.205762016850827 ], [ 21.676282338829399, 26.195003697789385 ], [ 21.712469412036061, 26.161750711599481 ], [ 21.767239036348844, 26.149036334526873 ], [ 21.813206399611357, 26.139256044471018 ], [ 21.85330558884036, 26.123607580381652 ], [ 21.905141126136389, 26.130453783420748 ], [ 21.944262286359805, 26.142190131487773 ], [ 21.97947133056088, 26.150992392538043 ], [ 22.016636432773126, 26.144146189498944 ], [ 22.0586916800133, 26.109915174303456 ], [ 22.147203305018781, 26.086197970918008 ], [ 22.216540505562254, 26.003507021611586 ], [ 22.198060813309226, 25.945361794113708 ], [ 22.135466956951756, 25.890592169800925 ], [ 22.09634579672834, 25.808437733331747 ], [ 22.11981849286239, 25.741931760951939 ], [ 22.131554840929414, 25.640216744371056 ], [ 22.111526353192552, 25.521897829026805 ], [ 22.198060813309226, 25.507204799611436 ], [ 22.252830437622009, 25.46808363938802 ], [ 22.265710881518739, 25.400419109739509 ], [ 22.27038313995287, 25.311646199491097 ], [ 22.186324465242201, 25.268565722248592 ], [ 22.143291188996439, 25.217708213958151 ], [ 22.065048868549606, 25.249005142136884 ], [ 21.982894432080432, 25.280302070315621 ], [ 21.885091531521891, 25.299862650427329 ], [ 21.849882487320812, 25.252917258159226 ], [ 21.744255354717588, 25.241180910092201 ], [ 21.709712127857632, 25.16680618803316 ], [ 21.744255354717588, 25.151202241578343 ], [ 21.799024979030371, 25.061223573064485 ], [ 21.802937095052712, 24.990805484662335 ], [ 21.763815934829296, 24.947772208416573 ], [ 21.810761327097396, 24.900826816148474 ], [ 21.896827879588916, 24.924299512282523 ], [ 21.961377793957553, 24.941415019880271 ], [ 22.039620114404386, 24.91598626573505 ], [ 22.09634579672834, 24.914030207723879 ], [ 22.141335130985269, 24.925766555790904 ], [ 22.194148697286884, 24.933590787835588 ], [ 22.25478649563318, 24.931634729824417 ], [ 22.305644003923621, 24.925766555790904 ], [ 22.352589396191721, 24.919898381757392 ], [ 22.366281802269917, 24.886645395567484 ], [ 22.331072758068842, 24.857304525399922 ], [ 22.288039481823084, 24.839700003299384 ], [ 22.272391017733717, 24.798622785064797 ], [ 22.233269857510301, 24.767325856886064 ], [ 22.235225915521472, 24.720380464617964 ], [ 22.282171307789572, 24.702775942517427 ], [ 22.327160642046501, 24.68712747842806 ], [ 22.364325744258746, 24.683215362405718 ], [ 22.372149976303429, 24.646050260193473 ], [ 22.379974208348113, 24.618665448037081 ], [ 22.432787774649725, 24.61670939002591 ], [ 22.452348354761437, 24.591280635880686 ], [ 22.442568064705579, 24.55411553366844 ], [ 22.405402962493334, 24.522818605489707 ], [ 22.409315078515675, 24.485653503277462 ], [ 22.411271136526846, 24.452400517087558 ], [ 22.368237860281088, 24.430883878964679 ], [ 22.346721222158209, 24.38785060271892 ], [ 22.354483791767148, 24.358505478929192 ], [ 22.333028816080013, 24.323300688350283 ], [ 22.319336410001817, 24.293959818182717 ], [ 22.334984874091184, 24.266575006026326 ], [ 22.379974208348113, 24.245058367903447 ], [ 22.419895409844926, 24.260388051812527 ], [ 22.466040760839633, 24.27635529608218 ], [ 22.520810385152416, 24.280267412104521 ], [ 22.573623951454028, 24.248970483925788 ], [ 22.655153074907446, 24.24612370157892 ], [ 22.706635896213644, 24.258750773981642 ], [ 22.767273694559943, 24.274399238071009 ], [ 22.822043318872726, 24.282223470115692 ], [ 22.866646754155799, 24.258434661372558 ], [ 22.863120537107314, 24.194200859613005 ], [ 22.847957720419288, 24.132283683651124 ], [ 22.85529630506263, 24.108134307121489 ], [ 22.904197755341901, 24.098354017065635 ], [ 22.950165118604421, 24.058254827836631 ], [ 22.985374162805496, 24.025001841646727 ], [ 22.955419664404211, 23.982771413759064 ], [ 22.944296944570908, 23.942847405177552 ], [ 22.958534432331152, 23.911470460246885 ], [ 22.99515445286135, 23.888077780864769 ], [ 23.024495323028912, 23.86656114274189 ], [ 23.022539265017741, 23.85091267865252 ], [ 22.983418104794325, 23.835264214563153 ], [ 22.916912132414517, 23.835264214563153 ], [ 22.8777909721911, 23.815703634451445 ], [ 22.860186450090563, 23.786362764283883 ], [ 22.846494044012367, 23.762890068149833 ], [ 22.824977405889488, 23.749197662071637 ], [ 22.791724419699584, 23.7315931399711 ], [ 22.768251723565534, 23.704208327814708 ], [ 22.729130563342114, 23.696384095770025 ], [ 22.690009403118697, 23.715944675881733 ], [ 22.643064010850598, 23.745285546049296 ], [ 22.588294386537815, 23.760934010138662 ], [ 22.535480820236202, 23.760934010138662 ], [ 22.496359660012786, 23.741373430026954 ], [ 22.418117339565949, 23.727681023948758 ], [ 22.383674046985213, 23.693804299944031 ], [ 22.398556759454241, 23.663131109580121 ], [ 22.435721861666487, 23.651394761513096 ], [ 22.476799079901078, 23.659218993557779 ], [ 22.513964182113323, 23.653350819524267 ], [ 22.535480820236202, 23.6377023554349 ], [ 22.510052066090982, 23.602493311233825 ], [ 22.478755137912248, 23.58880090515563 ], [ 22.455282441778198, 23.563372151010405 ], [ 22.45919455780054, 23.532075222831672 ], [ 22.514732888051117, 23.506577384135593 ], [ 22.564821690403765, 23.500778294652939 ], [ 22.619591314716548, 23.506646468686451 ], [ 22.645020068861768, 23.539899454876355 ], [ 22.637195836817085, 23.575108499077434 ], [ 22.709569983230406, 23.596625137200313 ], [ 22.785856245666071, 23.602493311233825 ], [ 22.834757695945342, 23.627922065379046 ], [ 22.883659146224613, 23.635746297423729 ], [ 22.930604538492712, 23.600537253222654 ], [ 23.016671090984229, 23.600537253222654 ], [ 23.17002709338065, 23.553384113087702 ], [ 23.180979963922582, 23.504690410675281 ], [ 23.120342165576286, 23.47926165653006 ], [ 23.038187729107111, 23.485129830563572 ], [ 22.987330220816666, 23.504690410675281 ], [ 22.963857524682616, 23.446008670340156 ], [ 22.954077234626762, 23.40884356812791 ], [ 22.932560596503883, 23.379502697960348 ], [ 22.897351552302808, 23.367766349893323 ], [ 22.850406160034709, 23.391239046027373 ], [ 22.786211915973354, 23.375518543069688 ], [ 22.733042679364456, 23.350161827792785 ], [ 22.709569983230406, 23.293436145468831 ], [ 22.662624590962306, 23.252358927234241 ], [ 22.664580648973477, 23.215193825021995 ], [ 22.697833635163381, 23.180962809826507 ], [ 22.754559317487338, 23.169226461759482 ], [ 22.80737288378895, 23.161402229714799 ], [ 22.82888952191183, 23.106632605402012 ], [ 22.885615204235783, 23.075335677223279 ], [ 22.956033292637933, 23.03034634296635 ], [ 23.001022626894862, 22.995137298765275 ], [ 23.03623167109594, 22.965796428597713 ], [ 23.055792251207649, 22.918851036329613 ], [ 23.122298223587457, 22.903202572240247 ], [ 23.165331499833215, 22.875817760083855 ], [ 23.141858803699165, 22.832784483838097 ], [ 23.139902745687994, 22.779970917536481 ], [ 23.204452660056631, 22.719333119190185 ], [ 23.267046516414108, 22.724223264218114 ], [ 23.323772198738062, 22.722267206206944 ], [ 23.35702518492797, 22.704662684106406 ], [ 23.384409997084362, 22.710530858139919 ], [ 23.409838751229582, 22.734003554273968 ], [ 23.417662983274266, 22.780948946542068 ], [ 23.443091737419486, 22.786817120575581 ], [ 23.458740201508853, 22.753564134385677 ], [ 23.484168955654074, 22.720311148195773 ], [ 23.533070405933344, 22.71444297416226 ], [ 23.587840030246127, 22.673365755927673 ], [ 23.644565712570085, 22.669453639905328 ], [ 23.689555046827014, 22.659673349849474 ], [ 23.70520351091638, 22.687058162005869 ], [ 23.734544381083943, 22.681189987972356 ], [ 23.761929193240334, 22.665541523882986 ], [ 23.791270063407897, 22.618596131614886 ], [ 23.808874585508434, 22.585343145424982 ], [ 23.844083629709509, 22.577518913380299 ], [ 23.885160847944096, 22.573606797357957 ], [ 23.918413834134, 22.550134101223907 ], [ 23.926238066178687, 22.522749289067516 ], [ 23.910589602089317, 22.501232650944637 ], [ 23.883204789932925, 22.489496302877612 ], [ 23.851907861754192, 22.481672070832929 ], [ 23.806918527497263, 22.466023606743562 ], [ 23.777577657329701, 22.448419084643024 ], [ 23.783445831363213, 22.403429750386096 ], [ 23.79909429545258, 22.372132822207359 ], [ 23.853863919765363, 22.368220706185017 ], [ 23.898853254022292, 22.383869170274387 ], [ 23.945798646290395, 22.41321004044195 ], [ 23.994700096569666, 22.422990330497804 ], [ 24.084678765083524, 22.397561576352583 ], [ 24.188349839675578, 22.395605518341412 ], [ 24.241163405977193, 22.346704068062138 ], [ 24.290064856256464, 22.291934443749355 ], [ 24.333098132502222, 22.246945109492426 ], [ 24.413296510960226, 22.229340587391889 ], [ 24.481758541351205, 22.180439137112618 ], [ 24.53261604964165, 22.143274034900372 ], [ 24.575649325887408, 22.115889222743981 ], [ 24.538484223675162, 22.09046046859876 ], [ 24.43389291969844, 22.083753797524476 ], [ 24.391842593791296, 21.999653145710191 ], [ 24.360482944658614, 21.95744852383914 ], [ 24.275036132938123, 21.957602819803046 ], [ 24.205954361776115, 21.971140929917336 ], [ 24.116179346177809, 22.018342179446698 ], [ 24.045557604860107, 22.053295366386511 ], [ 23.933961267246858, 22.065064763787969 ], [ 23.798116266446989, 22.080680178542906 ], [ 23.708137597933131, 22.061119598431194 ], [ 23.63380739350864, 22.045471134341827 ], [ 23.555565073061803, 22.057207482408852 ], [ 23.487103042670824, 22.063075656442365 ], [ 23.426465244324529, 22.055251424397682 ], [ 23.35800321393355, 22.021998438207778 ], [ 23.301277531609593, 22.057207482408852 ], [ 23.211298863095735, 22.070899888487048 ], [ 23.186848137956098, 22.095839628129479 ], [ 23.202496602045464, 22.150609252442262 ], [ 23.12034216557629, 22.213203108799728 ], [ 22.979505988771987, 22.232763688911437 ], [ 22.889527320258129, 22.209290992777387 ], [ 22.779988071632562, 22.213203108799728 ], [ 22.643064010850601, 22.256236385045487 ], [ 22.623503430738893, 22.318830241402956 ], [ 22.63915189482826, 22.385336213782765 ], [ 22.67387576648829, 22.448745309817923 ], [ 22.510052066090985, 22.498787578430672 ], [ 22.459194557800544, 22.557469318765797 ], [ 22.346228663823524, 22.523636076141297 ], [ 22.21516982275762, 22.458106655608347 ], [ 22.046665598530026, 22.504913384560457 ], [ 21.850077336931168, 22.486190692979612 ], [ 21.690934458493995, 22.514274730350877 ], [ 21.491928983460273, 22.591139094592339 ], [ 21.304834784137977, 22.712598210203637 ], [ 21.093643386414051, 22.772938609553329 ], [ 21.207195283298958, 22.60411701483077 ], [ 21.26793464294261, 22.477966037109343 ], [ 21.300640451981497, 22.389193126860931 ], [ 21.235228833903719, 22.277058924441885 ], [ 21.150891522305436, 21.979052926860323 ], [ 20.992034735545115, 21.782818072626988 ], [ 20.982690218676861, 21.600599993696036 ], [ 20.898589566862579, 21.465104499106353 ], [ 20.842522465653055, 21.348298038253176 ], [ 20.884572791560199, 21.20813028522937 ], [ 20.879900533126069, 20.941811554484133 ], [ 20.847194724087181, 20.83902186893334 ], [ 20.707026971063375, 20.69418185747541 ], [ 20.678993420458614, 20.563358621319853 ], [ 20.65563212828798, 20.465241194203184 ], [ 20.576203734907821, 20.353106991784138 ], [ 20.506119858395913, 20.222283755628581 ], [ 20.501447599961789, 20.105477294775408 ], [ 20.422019206581631, 20.035393418263507 ], [ 20.356607588503852, 19.932603732712714 ], [ 20.239801127650679, 19.787763721254777 ], [ 20.183734026441154, 19.703663069440488 ], [ 20.113650149929253, 19.713007586308745 ], [ 19.959465621603059, 19.708335327874618 ], [ 19.852003677618143, 19.675629518835727 ], [ 19.763230767369731, 19.698990811006361 ], [ 19.674457857121318, 19.727024361611125 ], [ 19.52226141087619, 19.703714672764431 ], [ 19.410127208457141, 19.638303054686652 ], [ 19.316682039774605, 19.526168852267602 ], [ 19.176892888321415, 19.402361614629086 ], [ 19.168126954005576, 19.360292499507047 ], [ 19.10748915565928, 19.356380383484705 ], [ 19.078148285491718, 19.387677311663438 ], [ 19.074236169469376, 19.43853481995388 ], [ 19.040983183279472, 19.485480212221983 ], [ 19.060543763391181, 19.512865024378375 ], [ 19.094465233309212, 19.525949600811263 ], [ 19.087928575547572, 19.577414938747012 ], [ 19.042939241290643, 19.618492156981599 ], [ 19.01164231311191, 19.671305723283211 ], [ 18.958828746810298, 19.683042071350236 ], [ 18.904059122497515, 19.704558709473115 ], [ 18.814080453983653, 19.722163231573653 ], [ 18.798431989894286, 19.755416217763557 ], [ 18.77207940135445, 19.787596073122373 ], [ 18.687978749540168, 19.7922683315565 ], [ 18.63658390676477, 19.824974140595391 ], [ 18.575844547121122, 19.796940589990626 ], [ 18.542188390430905, 19.816054016109856 ], [ 18.501111172196318, 19.812141900087514 ], [ 18.450253663905876, 19.794537377986977 ], [ 18.422868851749485, 19.769108623841756 ], [ 18.381791633514897, 19.759328333785898 ], [ 18.362231053403189, 19.73976775367419 ], [ 18.368099227436701, 19.712382941517799 ], [ 18.397440097604264, 19.696734477428432 ], [ 18.399396155615435, 19.659569375216186 ], [ 18.370055285447872, 19.622404273003941 ], [ 18.38765980754841, 19.577414938747012 ], [ 18.36418711141436, 19.546118010568279 ], [ 18.313329603123918, 19.546118010568279 ], [ 18.248779688755278, 19.528513488467741 ], [ 18.188047097088582, 19.483899274904118 ], [ 18.131416208085028, 19.428754529898026 ], [ 18.072734467749903, 19.397457601719292 ], [ 18.031657249515316, 19.346600093428851 ], [ 18.010140611392437, 19.293786527127239 ], [ 17.959283103101992, 19.278138063037872 ], [ 17.907711591040965, 19.28766442067079 ], [ 17.846972231397313, 19.339059263446181 ], [ 17.781281824085447, 19.336819803372997 ], [ 17.704995561649781, 19.34464403541768 ], [ 17.671742575459877, 19.342687977406509 ], [ 17.618929009158265, 19.340731919395338 ], [ 17.589588138990703, 19.354424325473534 ], [ 17.60719266109124, 19.387677311663438 ], [ 17.628709299214119, 19.417018181831001 ], [ 17.613060835124752, 19.442446935976221 ], [ 17.585325759086203, 19.455865724299361 ], [ 17.605236603080069, 19.499661632802969 ], [ 17.646313821314656, 19.52509038694819 ], [ 17.685434981538073, 19.56421154717161 ], [ 17.685434981538073, 19.61311299745088 ], [ 17.683478923526902, 19.671794737786005 ], [ 17.652181995348169, 19.710915898009421 ], [ 17.611104777113582, 19.73047647812113 ], [ 17.595456313024215, 19.761773406299863 ], [ 17.613060835124752, 19.820455146634988 ], [ 17.652181995348169, 19.838059668735525 ], [ 17.669786517448706, 19.883049002992458 ], [ 17.660006227392852, 19.926082279238216 ], [ 17.632621415236461, 19.937818627305241 ], [ 17.604506934954991, 19.957210443024469 ], [ 17.594670275954456, 20.011864477960465 ], [ 17.626753241202948, 20.057627180489455 ], [ 17.64221968454855, 20.119375266276773 ], [ 17.638489589269973, 20.167166429115021 ], [ 17.61582075983306, 20.206114590341958 ], [ 17.568071500867823, 20.208243647349608 ], [ 17.53285271072723, 20.191029490504533 ], [ 17.457427211540111, 20.149545465951618 ], [ 17.408400637068485, 20.115603991317418 ], [ 17.41745503400767, 20.067407470545309 ], [ 17.421367150030012, 20.014593904243696 ], [ 17.412171912027841, 19.987380642699318 ], [ 17.362685409694883, 19.97547274402028 ], [ 17.314118763084586, 19.964752992943183 ], [ 17.272706741181025, 19.914834945673981 ], [ 17.223805290901755, 19.877669843461735 ], [ 17.174903840622484, 19.862021379372369 ], [ 17.122090274320872, 19.86593349539471 ], [ 17.086881230119793, 19.88940619152876 ], [ 17.084070990563877, 19.942125343187044 ], [ 17.135782680399068, 19.955912163908572 ], [ 17.169035666588972, 19.993077266120817 ], [ 17.155343260510776, 20.030242368333063 ], [ 17.147519028466093, 20.063495354522967 ], [ 17.169035666588972, 20.085011992645846 ], [ 17.223805290901755, 20.108484688779896 ], [ 17.234921988938115, 20.153316740910977 ], [ 17.200332594767705, 20.202375473316096 ], [ 17.196420478745363, 20.255189039617711 ], [ 17.16512355056663, 20.284529909785274 ], [ 17.127958448354384, 20.311914721941665 ], [ 17.122090274320872, 20.34712376614274 ], [ 17.133826622387897, 20.376464636310303 ], [ 17.178815956644826, 20.397981274433182 ], [ 17.174903840622484, 20.433190318634256 ], [ 17.174903840622484, 20.484047826924698 ], [ 17.198376536756534, 20.52903716118163 ], [ 17.202288652778876, 20.57598255344973 ], [ 17.1934379643852, 20.610583829732878 ], [ 17.159255376533117, 20.636620351796026 ], [ 17.143606912443751, 20.673785454008272 ], [ 17.135782680399068, 20.728555078321055 ], [ 17.094705462164477, 20.753005803460692 ], [ 17.086881230119793, 20.794083021695279 ], [ 17.106441810231502, 20.817555717829329 ], [ 17.145562970454922, 20.837116297941037 ], [ 17.143606912443751, 20.8664571681086 ], [ 17.112309984265014, 20.897754096287333 ], [ 17.075144882052768, 20.934919198499578 ], [ 17.073188824041598, 20.989688822812365 ], [ 17.065364591996914, 21.026853925024611 ], [ 17.014507083706473, 21.054238737181002 ], [ 17.004726793650619, 21.087491723370906 ], [ 17.03015554779584, 21.107052303482615 ], [ 17.05558430194106, 21.134437115639006 ], [ 17.065364591996914, 21.183338565918277 ], [ 17.073188824041598, 21.23810819023106 ], [ 17.039935837851694, 21.283097524487992 ], [ 16.987122271550081, 21.302658104599701 ], [ 16.910836009114419, 21.310482336644384 ], [ 16.836505804689928, 21.328086858744921 ], [ 16.771955890321287, 21.3496034968678 ], [ 16.734790788109041, 21.382856483057704 ], [ 16.750439252198408, 21.431757933336975 ], [ 16.725010498053187, 21.496307847705612 ], [ 16.695669627885625, 21.535429007929029 ], [ 16.680021163796258, 21.566725936107765 ], [ 16.670240873740404, 21.619539502409378 ], [ 16.607647017382941, 21.635676981001538 ], [ 16.576350089204208, 21.557434660554701 ], [ 16.53331681295845, 21.537874080442993 ], [ 16.47072295660098, 21.537874080442993 ], [ 16.458986608533955, 21.48310445613021 ], [ 16.482992349153271, 21.424797207248794 ], [ 16.490283536712688, 21.368675062476715 ], [ 16.537228928980792, 21.325641786230957 ], [ 16.584174321248891, 21.360850830432032 ], [ 16.662416641695724, 21.337378134297982 ], [ 16.685889337829774, 21.243487349761782 ], [ 16.744571078164899, 21.157420797270262 ], [ 16.760219542254266, 21.114387521024504 ], [ 16.725010498053191, 21.063530012734063 ], [ 16.701537801919141, 20.969639228197863 ], [ 16.611559133405283, 20.946166532063813 ], [ 16.646768177606358, 20.899221139795713 ], [ 16.713274149986166, 20.87574844366166 ], [ 16.787604354410657, 20.836627283438244 ], [ 16.85802244281281, 20.738824382879702 ], [ 16.92844053121496, 20.656669946410528 ], [ 16.897143603036227, 20.582339741986033 ], [ 16.81890128258939, 20.500185305516858 ], [ 16.791516470432999, 20.421942985070025 ], [ 16.791516470432999, 20.343700664623192 ], [ 16.701537801919141, 20.335876432578509 ], [ 16.680330167978131, 20.267828537882377 ], [ 16.572868223993211, 20.146349818595073 ], [ 16.490283536712688, 20.093325239193323 ], [ 16.408129100243514, 20.06202831101459 ], [ 16.325974663774339, 19.999434454657123 ], [ 16.322062547751997, 19.932928482277312 ], [ 16.404216984221172, 19.932928482277312 ], [ 16.482459304668005, 19.889895206031554 ], [ 16.505932000802055, 19.799916537517696 ], [ 16.537228928980792, 19.725586333093204 ], [ 16.6037349013606, 19.694289404914468 ], [ 16.607647017382941, 19.631695548557001 ], [ 16.548965277047817, 19.623871316512318 ], [ 16.478547188645663, 19.631695548557001 ], [ 16.404216984221172, 19.631695548557001 ], [ 16.346513272891631, 19.558832387640887 ], [ 16.305436054657044, 19.543183923551521 ], [ 16.27218306846714, 19.515799111395129 ], [ 16.287831532556506, 19.488414299238737 ], [ 16.328908750791093, 19.459073429071175 ], [ 16.366073853003339, 19.416040152825417 ], [ 16.373898085048022, 19.367138702546146 ], [ 16.366073853003339, 19.302588788177506 ], [ 16.362161736980998, 19.236082815797698 ], [ 16.313260286701727, 19.224346467730673 ], [ 16.260446720400115, 19.239994931820039 ], [ 16.207633154098499, 19.243907047842381 ], [ 16.152863529785716, 19.228258583753014 ], [ 16.091625605278132, 19.21657039020381 ], [ 16.047236397182491, 19.216522235685989 ], [ 16.009848026803304, 19.197281004316025 ], [ 16.013983410992587, 19.153928379328523 ], [ 16.057016687238345, 19.110895103082765 ], [ 16.031587933093125, 19.089378464959886 ], [ 15.992466772869706, 19.097202697004569 ], [ 15.95334561264629, 19.089378464959886 ], [ 15.879015408221798, 19.089378464959886 ], [ 15.847718480043063, 19.050257304736469 ], [ 15.83989424799838, 19.003311912468366 ], [ 15.857498770098918, 18.970058926278462 ], [ 15.892707814299994, 18.932893824066216 ], [ 15.931828974523411, 18.89572872185397 ], [ 15.970950134746827, 18.87029996770875 ], [ 15.978774366791511, 18.800859908312184 ], [ 15.955301670657461, 18.757826632066426 ], [ 15.908356278389361, 18.759782690077596 ], [ 15.859454828110088, 18.755870574055255 ], [ 15.826201841920184, 18.716749413831838 ], [ 15.808597319819647, 18.67371613758608 ], [ 15.808597319819647, 18.620902571284468 ], [ 15.798817029763793, 18.57982535304988 ], [ 15.740135289428668, 18.532879960781777 ], [ 15.716662593294618, 18.49180274254719 ], [ 15.722530767328131, 18.440945234256748 ], [ 15.751871637495693, 18.411604364089186 ], [ 15.787080681696768, 18.386175609943965 ], [ 15.790251880399337, 18.346929969304924 ], [ 15.764586014568302, 18.321136681072534 ], [ 15.76067389854596, 18.278103404826776 ], [ 15.741113318434252, 18.235070128581018 ], [ 15.705904274233175, 18.21550954846931 ], [ 15.655046765942734, 18.258542824715068 ], [ 15.604189257652292, 18.274191288804435 ], [ 15.541595401294824, 18.282015520849118 ], [ 15.463353080847991, 18.23898224460336 ], [ 15.39293499244584, 18.188124736312915 ], [ 15.377286528356473, 18.12944299597779 ], [ 15.263835163708563, 18.125530879955448 ], [ 15.216889771440464, 18.078585487687349 ], [ 15.220801887462805, 18.019903747352224 ], [ 15.271659395753248, 17.972958355084124 ], [ 15.306868439954323, 17.918188730771341 ], [ 15.252098815641538, 17.847770642369188 ], [ 15.271659395753248, 17.800825250101088 ], [ 15.349901716200081, 17.796913134078746 ], [ 15.381198644378815, 17.753879857832988 ], [ 15.330341136088373, 17.703022349542547 ], [ 15.252098815641538, 17.68737388545318 ], [ 15.236450351552172, 17.597395216939319 ], [ 15.259923047686222, 17.507416548425461 ], [ 15.376743953101496, 17.450240040001137 ], [ 15.372071694667367, 17.328761320713841 ], [ 15.297315559721337, 17.310072286977327 ], [ 15.203870391038796, 17.258677444201933 ], [ 15.001505334003033, 17.27528662913689 ], [ 14.866009839413351, 17.237908561663875 ], [ 14.833304030374462, 17.125774359244826 ], [ 14.774287523439067, 17.026401986692612 ], [ 14.725111833062551, 16.903462760751321 ], [ 14.916897025530966, 16.834616794224196 ], [ 14.730029402100202, 16.819864087111242 ], [ 14.552996916744743, 16.800193810960636 ], [ 14.395634707539887, 16.78052353481003 ], [ 14.05140487490427, 16.72643027539586 ], [ 13.702257473231001, 16.632996463680477 ], [ 13.362945209633034, 16.549397790040398 ], [ 12.856435598754912, 16.372365304684937 ], [ 12.153223226370722, 16.106816576651749 ], [ 11.295056473417738, 15.739965533335235 ], [ 11.006712438488217, 15.481044359112808 ], [ 10.72958698997056, 15.240095033765646 ], [ 10.654876096438107, 15.19756736146951 ], [ 10.457836188245675, 15.328927300264464 ], [ 10.442382077799209, 15.402334324885175 ], [ 10.500920029719758, 15.506873154058246 ], [ 10.436991632230285, 15.565883982510066 ], [ 10.476332184531499, 15.654400225187796 ], [ 10.42223892511733, 15.723246191714919 ], [ 10.353392958590208, 15.69865834652666 ], [ 10.255041577837174, 15.762586744016133 ], [ 10.166525335159443, 15.900278677070379 ], [ 10.287840973334557, 15.977999939016007 ], [ 10.314052406288994, 16.042888179162279 ], [ 10.237615114383544, 16.051406963636719 ], [ 10.110118703200206, 16.001181104685706 ], [ 10.009666985298182, 16.008908159908938 ], [ 9.925564452314511, 15.998630057823412 ], [ 9.928532905454238, 15.931637607676612 ], [ 10.036711678579495, 15.889138803948832 ], [ 10.092761799594667, 15.752751605940828 ], [ 10.018998264029893, 15.747834036903177 ], [ 9.768202243109657, 15.821597572467953 ], [ 9.723944121770792, 15.885525969957424 ], [ 9.748531966959051, 15.998630057823412 ], [ 9.669850862356624, 16.02321790301167 ], [ 9.640345448130713, 16.1117341456894 ], [ 9.723944121770792, 16.185497681254176 ], [ 9.881306330975645, 16.229755802593044 ], [ 9.817377933486174, 16.288766631044862 ], [ 9.714108983695489, 16.298601769120165 ], [ 9.589789885679943, 16.224751920492093 ], [ 9.431348764030513, 16.170744974141243 ], [ 9.342832521352783, 16.219920664517758 ], [ 9.36742036654104, 16.31335447623314 ], [ 9.544452851896501, 16.421540995061477 ], [ 9.272076312159312, 16.509759684973833 ], [ 9.089858233228359, 16.631238404261136 ], [ 8.92165692959979, 16.75271712354844 ], [ 8.497010646876694, 16.751018120584142 ], [ 8.344566006709492, 16.819864087111263 ], [ 8.31014302344593, 16.878874915563085 ], [ 8.329813299596536, 16.937885744014903 ], [ 8.595362027629728, 17.100165522257409 ], [ 8.560939044366165, 17.169011488784534 ], [ 8.437999818424874, 17.178846626859837 ], [ 7.951160483697358, 16.977226296316118 ], [ 7.638496940768785, 16.915034762146114 ], [ 7.526362738349738, 16.915034762146114 ], [ 7.456278861837835, 16.849623144068339 ], [ 7.330127884116407, 16.854295402502459 ], [ 7.232010456999741, 16.844950885634212 ], [ 7.101187220844184, 16.76552249225405 ], [ 7.003069793727518, 16.709455391044528 ], [ 6.86290204070371, 16.695438615742148 ], [ 6.778801388889424, 16.667405065137388 ], [ 6.652289769528959, 16.644550458247721 ], [ 6.519277824769342, 16.621077762113671 ], [ 6.335408371719282, 16.671935270404113 ], [ 6.171099498780931, 16.675847386426454 ], [ 6.073296598222389, 16.632814110180696 ], [ 6.014614857887263, 16.566308137800888 ], [ 5.940284653462771, 16.499802165421077 ], [ 5.865954449038279, 16.394175032817852 ], [ 5.817739526694469, 16.331512715478901 ], [ 5.6481148478307, 16.349691491616746 ], [ 5.599930559519043, 16.390262916795511 ], [ 5.57433728716264, 16.470599709497087 ], [ 5.481612624483849, 16.501507930390019 ], [ 5.349090308046574, 16.424447626562774 ], [ 5.29302320683705, 16.457153435601668 ], [ 5.199578038154512, 16.429119884996908 ], [ 5.073427060433084, 16.391741817523894 ], [ 4.998670925487052, 16.349691491616746 ], [ 4.919242532106894, 16.410430851260401 ], [ 4.84915865559499, 16.443136660299288 ], [ 4.811780588121974, 16.503876019942943 ], [ 4.74169671161007, 16.522565053679443 ], [ 4.573495407981499, 16.475842469338176 ], [ 4.31184893567039, 16.443136660299288 ], [ 4.185697957948961, 16.433792143431035 ], [ 4.061363374914879, 16.422770387320877 ], [ 3.94825928704889, 16.501451491923305 ], [ 3.783520724287559, 16.508827845479782 ], [ 3.741721387467519, 16.535874475186866 ], [ 3.749097741023997, 16.582591381044558 ], [ 3.835278575389439, 16.686094098873888 ], [ 3.760522440443408, 16.751505716951669 ], [ 3.714674757760436, 16.74978872832472 ], [ 3.643370006714486, 16.791588065144758 ], [ 3.55239497951793, 16.821093479370667 ], [ 3.456502383283723, 16.830928617445974 ], [ 3.409785477426031, 16.892398230416617 ], [ 3.385197632237773, 16.909609722048398 ], [ 3.34585707993656, 16.919444860123701 ], [ 3.272093544371784, 16.88502187686014 ], [ 3.2450469146647, 16.904692153010746 ], [ 3.254882052740003, 16.93911513627431 ], [ 3.326186803785953, 17.044842870583821 ], [ 3.449126029727245, 17.084183422885033 ], [ 3.458961167802548, 17.121065190667419 ], [ 3.449126029727245, 17.153029389412158 ], [ 3.370444925124818, 17.19236994171337 ], [ 3.289305036003565, 17.197287510751025 ], [ 3.247505699183526, 17.20958143334515 ], [ 3.21554150043879, 17.234169278533411 ], [ 3.205706362363486, 17.283344968909926 ], [ 3.242588130145874, 17.325144305729967 ], [ 3.33356315734243, 17.339897012842922 ], [ 3.31635166571065, 17.379237565144138 ], [ 3.299140174078869, 17.455459885227736 ], [ 3.331104372823605, 17.484965299453648 ], [ 3.370444925124818, 17.438248393595956 ], [ 3.503219289141414, 17.465295023303042 ], [ 3.559771333074408, 17.443165962633607 ], [ 3.672875420940397, 17.475130161378345 ], [ 3.699922050647481, 17.551352481461944 ], [ 3.707298404203958, 17.647245077696152 ], [ 3.729427464873391, 17.743137673930359 ], [ 3.692545697091003, 17.777560657193924 ], [ 3.569606471149711, 17.821818778532787 ], [ 3.476172659434329, 17.83165391660809 ], [ 3.4638787368402, 17.866076899871654 ], [ 3.49338415106611, 17.898041098616389 ], [ 3.532724703367323, 17.915252590248169 ], [ 3.65320514478979, 17.920170159285821 ], [ 3.633534868639183, 17.944758004474078 ], [ 3.626158515082706, 18.011145186482377 ], [ 3.640911222195661, 18.052944523302415 ], [ 3.663040282865093, 18.072614799453024 ], [ 3.783520724287559, 18.07507358397185 ], [ 3.805649784956992, 18.052944523302415 ], [ 3.817943707551121, 18.025897893595332 ], [ 3.852366690814683, 18.016062755520029 ], [ 3.994976192906582, 18.013603971001203 ], [ 4.031513429622771, 18.059738078507216 ], [ 4.06136337491488, 18.07507358397185 ], [ 4.302324257759811, 18.076302976231261 ], [ 4.346582379098677, 18.094743860122456 ], [ 4.361335086211632, 18.140231373720731 ], [ 4.329370887466896, 18.156213473093104 ], [ 4.051528236839576, 18.169736787946643 ], [ 4.002352546463059, 18.22383004736081 ], [ 4.00727011550071, 18.292676013887935 ], [ 4.061363374914879, 18.346769273302105 ], [ 4.149879617592609, 18.381192256565665 ], [ 4.277736412571553, 18.351686842339756 ], [ 4.262983705458598, 18.410697670791574 ], [ 4.213808015082082, 18.469708499243396 ], [ 4.282653981609204, 18.53855446577052 ], [ 4.32691210294807, 18.597565294222338 ], [ 4.292489119684508, 18.65657612267416 ], [ 4.184302600856171, 18.676246398824766 ], [ 4.199055307969126, 18.740174796314239 ], [ 4.28198730107698, 18.763603346991371 ], [ 4.382439018979005, 18.748149236544908 ], [ 4.451982515988099, 18.74428570893329 ], [ 4.506071902550727, 18.813829205942383 ], [ 4.578167666415625, 18.769921360494511 ], [ 4.645158896568915, 18.763603346991371 ], [ 4.652923801361657, 18.844677495440546 ], [ 4.734020031636089, 18.945189144737338 ], [ 4.753337669694171, 19.014732641746434 ], [ 4.907878774158824, 19.018596169358048 ], [ 4.904015246547208, 18.933598561902489 ], [ 4.985149326391151, 18.898826813397942 ], [ 5.031376734525941, 18.783938135796891 ], [ 5.054738026696575, 18.657787158075465 ], [ 5.197643345030048, 18.585881076857021 ], [ 5.255596259204293, 18.51247405223631 ], [ 5.316384499007685, 18.517619405051654 ], [ 5.377123858651336, 18.573686506261179 ], [ 5.479913544202129, 18.592375539997686 ], [ 5.564014196016415, 18.550325214090542 ], [ 5.643442589396573, 18.433518753237372 ], [ 5.680820656869589, 18.326056809252449 ], [ 5.750904533381493, 18.255972932740544 ], [ 5.854443039004823, 18.284525923150948 ], [ 5.981939450188162, 18.26134475748125 ], [ 6.045256814731491, 18.204578089965153 ], [ 6.07852764047857, 18.141575401521145 ], [ 6.19443346882706, 18.145438929132759 ], [ 6.321929880010399, 18.164756567190842 ], [ 6.329656935233632, 18.234300064199935 ], [ 6.333520462845248, 18.284525923150948 ], [ 6.418518070300807, 18.34634236493681 ], [ 6.391473377019492, 18.392704696276205 ], [ 6.381659421988633, 18.49425811288102 ], [ 6.345111045680096, 18.527928162682777 ], [ 6.325793407622015, 18.570426966410555 ], [ 6.260113438224538, 18.582017549245403 ], [ 6.171252303157362, 18.601335187303487 ], [ 6.082391168090187, 18.667015156700963 ], [ 5.993530033023012, 18.705650432817126 ], [ 5.947139387614826, 18.774593618928638 ], [ 5.993861971956094, 18.816643944835782 ], [ 6.096651657506888, 18.821316203269905 ], [ 6.227474893662442, 18.882055562913553 ], [ 6.437726523198156, 18.961483956293712 ], [ 6.546014481484145, 19.034050279804514 ], [ 6.677374420279101, 19.061094973085829 ], [ 6.789416721015974, 19.08041261114391 ], [ 6.858960218025068, 19.173137273822704 ], [ 6.990320156820022, 19.20790902232725 ], [ 7.044409543382652, 19.339268961122205 ], [ 6.978729573985174, 19.36631365440352 ], [ 7.02509190532457, 19.397221875296449 ], [ 7.102362457556896, 19.420403040966146 ], [ 7.133270678449827, 19.489946537975239 ], [ 7.210541230682153, 19.580739436848223 ], [ 7.334174114253876, 19.658009989080551 ], [ 7.310992948584177, 19.766188762205807 ], [ 7.401785847457161, 19.750734651759341 ], [ 7.537009313863733, 19.789369927875505 ], [ 7.614279866096059, 19.739144068924492 ], [ 7.726322166832932, 19.754598179370959 ], [ 7.82291035712334, 19.785506400263888 ], [ 7.907907964578899, 19.828005203991669 ], [ 8.000632627257691, 19.781642872652274 ], [ 8.077903179490018, 19.781642872652274 ], [ 8.128129038441029, 19.76232523459419 ], [ 8.166764314557193, 19.704372320419946 ], [ 8.228580756343055, 19.685054682361866 ], [ 8.286533670517299, 19.727553486089644 ], [ 8.359940695138009, 19.739144068924492 ], [ 8.452665357816802, 19.785506400263888 ], [ 8.529935910049128, 19.831868731603286 ], [ 8.634251155562769, 19.820278148768438 ], [ 8.581840369773607, 19.7850133126293 ], [ 8.614546178812496, 19.724273952985644 ], [ 8.697999361154439, 19.68891820997348 ], [ 8.722008122797416, 19.635501042737232 ], [ 8.879585158900406, 19.669600571915399 ], [ 9.007081570083745, 19.669600571915399 ], [ 9.058410730054558, 19.714929436117394 ], [ 9.138441508878699, 19.800960510710354 ], [ 9.262074392450423, 19.851186369661367 ], [ 9.323890834236284, 19.92072986667046 ], [ 9.405024914080226, 19.928456921893694 ], [ 9.5170672148171, 19.928456921893694 ], [ 9.7063800677863, 19.947774559951775 ], [ 9.783856006335851, 20.055672985833155 ], [ 9.83194471516383, 20.094588609193195 ], [ 10.100885468449439, 20.093414588465727 ], [ 10.164208089762834, 20.086861553969964 ], [ 10.221803080152171, 20.018626234335649 ], [ 10.318749194227486, 19.99413689129117 ], [ 10.415337384517896, 20.044362750242183 ], [ 10.453972660634058, 20.098452136804813 ], [ 10.506810844633916, 20.163466245793582 ], [ 10.646978597657725, 20.247566897607872 ], [ 10.717062474169628, 20.242894639173741 ], [ 10.79181860911566, 20.186827537964216 ], [ 10.866574744061692, 20.186827537964216 ], [ 10.930067472404092, 20.265211404202017 ], [ 11.019000257413101, 20.316698806049338 ], [ 11.184179379229544, 20.291628517385629 ], [ 11.289656584027036, 20.319864204261147 ], [ 11.388946342645209, 20.337990848725024 ], [ 11.570532140391176, 20.341854376336638 ], [ 11.606686046140625, 20.402895730052801 ], [ 11.508715698605315, 20.422988456180583 ], [ 11.244366660867952, 20.440637332685373 ], [ 11.017917045072531, 20.546313820056568 ], [ 10.867370115077003, 20.53116722930584 ], [ 10.753725826644541, 20.561410461109595 ], [ 10.678057262107803, 20.473214315131596 ], [ 10.546697323312848, 20.442306094238663 ], [ 10.457836188245674, 20.484804897966445 ], [ 10.295384307388399, 20.513575791833631 ], [ 10.159888812798718, 20.476197724360617 ], [ 10.0010320260384, 20.34537448820506 ], [ 9.944964924828877, 20.279962870127282 ], [ 9.832830722409831, 20.251929319522521 ], [ 9.748730070595546, 20.289307386995535 ], [ 9.641268126610624, 20.279962870127282 ], [ 9.519870813905387, 20.263013271662395 ], [ 9.46118907357026, 20.208243647349608 ], [ 9.373166463067573, 20.159342197070337 ], [ 9.326221070799471, 20.174990661159704 ], [ 9.236242402285614, 20.167166429115021 ], [ 9.212769706151564, 20.122177094858092 ], [ 9.1364834437159, 20.073275644578821 ], [ 9.028900253101503, 20.055671122478284 ], [ 8.974130628788719, 20.104572572757554 ], [ 8.917404946464766, 20.149561907014483 ], [ 8.866848134255353, 20.135432695188825 ], [ 8.787419740875194, 20.079365593979301 ], [ 8.740697156533924, 20.112071403018184 ], [ 8.619106099761211, 20.098215384221248 ], [ 8.566292533459597, 20.068874514053686 ], [ 8.523259257213839, 20.027797295819099 ], [ 8.45903638658428, 20.010383062674073 ], [ 8.38633519643188, 20.061050282009003 ], [ 8.366774616320171, 20.111907790299444 ], [ 8.323166617107027, 20.15380115267784 ], [ 8.208333917415333, 20.156897124556377 ], [ 8.151992593833928, 20.135432695188822 ], [ 8.104662842823277, 20.115819906321786 ], [ 8.047937160499323, 20.131468370411152 ], [ 7.99512359419771, 20.162765298589889 ], [ 7.97911903177123, 20.196172054832473 ], [ 7.981431188119514, 20.262524257159601 ], [ 7.938397911873755, 20.30751359141653 ], [ 7.915557308675272, 20.357605806893716 ], [ 7.902210838667094, 20.46448724681299 ], [ 7.878738142533044, 20.507520523058748 ], [ 7.812232170153235, 20.491872058969381 ], [ 7.696656013406365, 20.493475576370969 ], [ 7.677264167382447, 20.44101455067894 ], [ 7.681559372353337, 20.357605806893716 ], [ 7.632274833125518, 20.304090489896982 ], [ 7.530559816544633, 20.249320865584199 ], [ 7.381899407695649, 20.237584517517174 ], [ 7.251415957023028, 20.255417289538485 ], [ 7.171623171494783, 20.241496633539516 ], [ 7.122721721215512, 20.180858835193217 ], [ 7.069197878092075, 20.18533341302658 ], [ 6.973853461977304, 20.165079461363685 ], [ 6.957691248232477, 20.11982526287817 ], [ 6.883345065006269, 20.06810617889472 ], [ 6.817079988652475, 20.048711522400925 ], [ 6.697479606940751, 20.030933087281618 ], [ 6.636063194710405, 19.942040911685062 ], [ 6.497068156504886, 19.91133270556989 ], [ 6.432419301525576, 19.838602743718166 ], [ 6.382316438916609, 19.824056751347822 ], [ 6.340294683180058, 19.840218965092649 ], [ 6.282110713698677, 19.917797591067821 ], [ 6.199683423600056, 19.951738239931959 ], [ 6.017050408283503, 19.945273354434029 ], [ 5.971796209797986, 20.01477087353679 ], [ 5.907614446879681, 20.041438526215753 ], [ 5.753606324242811, 20.033357419343339 ], [ 5.688194706165033, 20.094096778986991 ], [ 5.674177930862653, 20.192214206103653 ], [ 5.611666907586033, 20.259590170142843 ], [ 5.599930559519008, 20.300667388377434 ], [ 5.625359313664229, 20.33783249058968 ], [ 5.644919893775938, 20.382821824846609 ], [ 5.568633631340274, 20.406294520980659 ], [ 5.545160935206225, 20.449327797226417 ], [ 5.51190794901632, 20.490405015461004 ], [ 5.410192932435436, 20.464976261315783 ], [ 5.310433973865722, 20.486492899438662 ], [ 5.30456579983221, 20.566691277896666 ], [ 5.32803849596626, 20.61363667016477 ], [ 5.267400697619964, 20.674274468511065 ], [ 5.187202319161959, 20.711439570723311 ], [ 5.057124461419098, 20.731000150835019 ], [ 4.99453060506163, 20.82880305139356 ], [ 4.926611596736561, 20.875353438528538 ], [ 4.823821911185767, 20.964126348776951 ], [ 4.795788360581006, 21.057571517459486 ], [ 4.794042904526827, 21.149186857400153 ], [ 4.831420971999843, 21.205253958609678 ], [ 4.882815814775239, 21.303371385726344 ], [ 4.892160331643493, 21.401488812843009 ], [ 4.864452747318769, 21.473324166074356 ], [ 4.75100138267086, 21.508533210275431 ], [ 4.616262200175421, 21.596355460132919 ], [ 4.496713841218649, 21.68849054730315 ], [ 4.492801725196307, 21.813678260018083 ], [ 4.54365923348675, 21.919305392621308 ], [ 4.563219813598458, 22.048405221358585 ], [ 4.449768448950549, 22.150120237939468 ], [ 4.394998824637765, 22.247923138498013 ], [ 4.312565401957169, 22.320555517422601 ], [ 4.331254435693677, 22.498101337919422 ], [ 4.394265783056493, 22.622101964847925 ], [ 4.382943302266722, 22.705133490639579 ], [ 4.359287986298439, 22.79712587770355 ], [ 4.379169142003465, 22.893841503802427 ], [ 4.315008417528095, 22.924034785908486 ], [ 4.224428571209928, 22.852325740906601 ], [ 4.099881282522446, 22.807035817747519 ], [ 3.951181192977127, 22.705144230367591 ], [ 3.888528307780054, 22.62587612511118 ], [ 3.809270942251657, 22.539070439056271 ], [ 3.69887923753427, 22.53694292673902 ], [ 3.582072776681096, 22.550959702041407 ], [ 3.497972124866811, 22.434153241188227 ], [ 3.497972124866811, 22.359397106242199 ], [ 3.395182439316017, 22.298657746598547 ], [ 3.271243497220113, 22.294868530766113 ], [ 3.180258551346177, 22.29398548816442 ], [ 3.1148469332684, 22.336035814071565 ], [ 3.071725580080686, 22.404407779391679 ], [ 3.173440596661571, 22.467001635749146 ], [ 3.198947585082685, 22.593010027948544 ], [ 3.236325652555702, 22.714488747235848 ], [ 3.311081787501732, 22.80326165748426 ], [ 3.362476630277128, 22.887362309298545 ], [ 3.245670169423955, 22.915395859903306 ], [ 3.156897259175543, 22.999496511717595 ], [ 3.072796607361258, 23.050891354492986 ], [ 3.049435315190623, 23.125647489439022 ], [ 3.002712730849352, 23.223764916555687 ], [ 3.020471447230943, 23.335418254603496 ], [ 2.967633203545344, 23.448643062501208 ], [ 2.893548729502267, 23.541081262496515 ], [ 2.833086502717843, 23.634768268418142 ], [ 2.860471314874235, 23.713010588864975 ], [ 2.846826145160997, 23.807399993241752 ], [ 2.846826145160997, 23.896172903490164 ], [ 2.884204212634013, 23.942895487831436 ], [ 2.973922679522144, 23.979034478384211 ], [ 3.032604419857269, 23.986858710428894 ], [ 3.071725580080686, 24.061188914853389 ], [ 2.989571143611511, 24.069013146898072 ], [ 2.898220987936394, 24.111096791460007 ], [ 2.887856127030627, 24.241146251881105 ], [ 2.903504591119994, 24.29982799221623 ], [ 2.966098447477461, 24.366333964596041 ], [ 2.989571143611511, 24.464136865154583 ], [ 2.993483259633853, 24.518906489467366 ], [ 3.063901348036003, 24.542379185601416 ], [ 3.13650616807687, 24.615700702345716 ], [ 3.196913292795621, 24.659742666271669 ], [ 3.212561756884988, 24.745809218763185 ], [ 3.108472617472108, 24.807263298144925 ], [ 3.127161651208616, 24.910052983695714 ], [ 3.193001176773279, 24.981514209109271 ], [ 3.181264828706254, 25.075404993645474 ], [ 3.216473872907329, 25.134086733980599 ], [ 3.302540425398846, 25.126262501935916 ], [ 3.41216941569036, 25.311867209030634 ], [ 3.466849298337198, 25.36490157929876 ], [ 3.545091618784032, 25.38837427543281 ], [ 3.607685475141499, 25.431407551678568 ], [ 3.635070287297891, 25.544858916326476 ], [ 3.58812489502979, 25.58006796052755 ], [ 3.49423411049359, 25.6035406566616 ], [ 3.468236516899884, 25.662286591590156 ], [ 3.510286842807027, 25.713681434365554 ], [ 3.465822358295266, 25.777299944930782 ], [ 3.450725717242238, 25.849008989932663 ], [ 3.582821326456234, 25.939588836250831 ], [ 3.58659548671949, 26.003749560726202 ], [ 3.703594454880458, 26.041491163358771 ], [ 3.752658538302799, 26.090555246781111 ], [ 3.752658538302799, 26.154715971256483 ], [ 3.72623941646, 26.203780054678823 ], [ 3.748884378039542, 26.24529581757465 ], [ 3.975333993834962, 26.256618298364423 ], [ 4.01684975673079, 26.328327343366304 ], [ 4.216880250683412, 26.422681349947727 ], [ 4.231976891736439, 26.366068945998876 ], [ 4.394265783056491, 26.343423984419331 ], [ 4.477297308848144, 26.241521657311392 ], [ 4.643360360431453, 26.215102535468596 ], [ 4.677327802800765, 26.166038452046251 ], [ 4.869809976226873, 26.139619330203455 ], [ 4.922648219912472, 26.098103567307625 ], [ 4.960389822545041, 26.056587804411802 ], [ 4.964163982808298, 25.954685477303862 ], [ 5.039647188073439, 25.882976432301977 ], [ 5.141549515181378, 25.867879791248949 ], [ 5.284967605185144, 25.882976432301977 ], [ 5.462353137558224, 25.962233797830372 ], [ 5.549224357687134, 25.879255325685715 ], [ 5.688311351705321, 25.921754129413497 ], [ 5.784899541995729, 26.010615264480673 ], [ 5.781036014384114, 26.107203454771081 ], [ 5.850579511393208, 26.157429313722094 ], [ 5.949219811518378, 26.192457573889051 ], [ 5.885351259897754, 26.230836338342801 ], [ 5.7539913211028, 26.203791645061489 ], [ 5.603313744249762, 26.172883424168557 ], [ 5.491271443512889, 26.203791645061489 ], [ 5.444909112173494, 26.292652780128662 ], [ 5.477449778611252, 26.347198144682586 ], [ 5.545384663349878, 26.411358869157958 ], [ 5.586606305603122, 26.514167938147065 ], [ 5.642673406812646, 26.598268589961346 ], [ 5.75947986766582, 26.649663432736745 ], [ 5.786930920198327, 26.701969209428746 ], [ 5.775608439408556, 26.815194017326455 ], [ 5.688802753353645, 26.871806421275313 ], [ 5.726544355986215, 26.96238626759348 ], [ 5.685028593090387, 27.034095312595362 ], [ 5.50856263834421, 27.005366910855539 ], [ 5.433318529338645, 27.004507742568965 ], [ 5.433318529338645, 27.101095932859373 ], [ 5.34036133471564, 27.178240472918233 ], [ 5.391756177491036, 27.229635315693631 ], [ 5.483544388289657, 27.232455871654327 ], [ 5.502862026347739, 27.28268173060534 ], [ 5.578646514856115, 27.313735967507917 ], [ 5.630358437531076, 27.332907589556353 ], [ 5.700125234143416, 27.252996607864269 ], [ 5.828446683094154, 27.20015836417867 ], [ 5.892607407569523, 27.128449319176788 ], [ 5.964316452571406, 27.143545960229815 ], [ 6.069992939942603, 27.151094280756329 ], [ 6.126605343891458, 27.17373924233587 ], [ 6.11150870283843, 27.24922244760101 ], [ 6.167217245037272, 27.276644161080625 ], [ 6.194540228630084, 27.32470565286615 ], [ 6.204595312510288, 27.421484172538563 ], [ 6.046075605304618, 27.592906497777257 ], [ 5.821807200466524, 27.662990374289162 ], [ 5.680584296482089, 27.703806240271522 ], [ 5.597538795628431, 27.784469093576462 ], [ 5.576269050968448, 27.850620289512939 ], [ 5.510589081570971, 27.908573203687187 ], [ 5.438682008868113, 27.915292329732019 ], [ 5.433318529338645, 27.962662590249813 ], [ 5.537633774852285, 28.001297866365977 ], [ 5.568541995745216, 28.059250780540221 ], [ 5.653605896837955, 28.078821374926459 ], [ 5.800353652442195, 28.105613111879617 ], [ 5.881487732286138, 28.155838970830629 ], [ 5.985336245660968, 28.186283318911382 ], [ 5.999353020963349, 28.298417521330432 ], [ 5.990008504095095, 28.368501397842333 ], [ 6.116159481816524, 28.443257532788365 ], [ 6.09011822331342, 28.574065834788094 ], [ 6.22362142580145, 28.555391735207419 ], [ 6.394570722582706, 28.566404379477706 ], [ 6.507294662365355, 28.632085668282635 ], [ 6.552549961877626, 28.70751116746975 ], [ 6.541236136999558, 28.813106866331715 ], [ 6.480895737649864, 28.850819615925275 ], [ 6.469581912771797, 28.922473840153035 ], [ 6.446954263015661, 29.005441889258865 ], [ 6.433029244439532, 29.054810798492792 ], [ 6.475079570346676, 29.194978551516602 ], [ 6.394156413584679, 29.231718386820219 ], [ 6.379071313747255, 29.280744961291845 ], [ 6.420555338300169, 29.337314085682181 ], [ 6.582541514331594, 29.409902439486437 ], [ 6.578948886593117, 29.49665045271497 ], [ 6.469581912771796, 29.575847226861441 ], [ 6.394156413584678, 29.628645076292425 ], [ 6.356443663991119, 29.685214200682761 ], [ 6.424326613259526, 29.768182249788591 ], [ 6.348901114072408, 29.866235398731845 ], [ 6.171651190982682, 29.88886304848798 ], [ 6.179193740901393, 29.990687472390587 ], [ 6.122624616511056, 30.084969346374486 ], [ 6.005715092771023, 30.092511896293196 ], [ 5.771896045290959, 30.032171496943501 ], [ 5.694812411847471, 30.115413463039612 ], [ 5.592022726296677, 30.124757979907866 ], [ 5.521938849784774, 30.213530890156278 ], [ 5.343856337404067, 30.257505175765019 ], [ 5.411739286672473, 30.340473224870848 ], [ 5.555047735127997, 30.400813624220543 ], [ 5.615388134477691, 30.513951873001218 ], [ 5.9424421088562, 30.507883171506279 ], [ 6.000058180331989, 30.627090121781894 ], [ 6.098111329275242, 30.679887971212874 ], [ 6.152794816185903, 30.699687164749491 ], [ 6.050970392283294, 30.790197763774035 ], [ 5.994401267892956, 30.839224338245661 ], [ 6.103768241714276, 30.907107287514066 ], [ 6.167879916023326, 30.907107287514066 ], [ 6.247076690169799, 30.895793462635996 ], [ 6.262161790007223, 30.839224338245661 ], [ 6.303645814560138, 30.801511588652101 ], [ 6.416784063340814, 30.801511588652101 ], [ 6.446954263015661, 30.756256289139831 ], [ 6.382842588706611, 30.711000989627561 ], [ 6.394156413584678, 30.665745690115291 ], [ 6.499752112446643, 30.62049039060302 ], [ 6.629264098672864, 30.615345115491202 ], [ 6.635518010983454, 30.563921266212681 ], [ 6.650603110820878, 30.484724492066206 ], [ 6.771283909520266, 30.458325567350716 ], [ 6.933448732772569, 30.394213893041666 ], [ 7.008874231959687, 30.341416043610685 ], [ 6.993789132122263, 30.262219269464211 ], [ 7.1899351107681, 30.092052170868982 ], [ 7.291719853911377, 30.121739277228205 ], [ 7.397315552773342, 30.06894142779722 ], [ 7.574565475863068, 30.102882902431425 ], [ 7.823469623180555, 29.97088827885397 ], [ 7.751815398952794, 29.872835129910715 ], [ 7.729187749196659, 29.816266005520379 ], [ 7.631134600253406, 29.82380855543909 ], [ 7.751815398952794, 29.578675683080959 ], [ 7.710331374399879, 29.491936359015774 ], [ 7.763129223830862, 29.427824684706724 ], [ 7.823469623180555, 29.352399185519605 ], [ 7.853639822855403, 29.250574761616996 ], [ 7.808384523343132, 29.209090737064081 ], [ 7.778639673468096, 29.162272742477718 ], [ 7.759950639731589, 29.143583708741211 ], [ 7.923479684926034, 29.134239191872958 ], [ 8.054302921081586, 29.115550158136454 ], [ 8.16665564448194, 29.077096113486625 ], [ 8.268480068384548, 29.122351412998896 ], [ 8.409394562075239, 29.166945000911845 ], [ 8.490985290986545, 29.212862012023439 ], [ 8.558868240254951, 29.288287511210555 ], [ 8.649378839279493, 29.378798110235095 ], [ 8.702176688710475, 29.450452334462859 ], [ 8.764486203068888, 29.498675349734864 ], [ 8.801864270541902, 29.554742450944385 ], [ 9.012115900077614, 29.578103743115022 ], [ 9.312974282075848, 29.853118508312402 ], [ 9.407405106110023, 29.85020748015458 ], [ 9.471516780419073, 29.963345728935259 ], [ 9.41576396762664, 30.096075946887005 ], [ 9.45643168058165, 30.204707326334034 ], [ 9.322318798944101, 30.236243699910816 ], [ 9.280268473036957, 30.353050160763988 ], [ 9.266251697734576, 30.451167587880654 ], [ 9.182151045920291, 30.54928501499732 ], [ 9.120788209198977, 30.740228370562569 ], [ 9.05290525993057, 30.84582406942453 ], [ 9.079304184646062, 30.94010594340843 ], [ 9.054790897410248, 31.072100566985888 ], [ 9.19055679594706, 30.966504868123923 ], [ 9.243354645378043, 30.845824069424534 ], [ 9.305580682207415, 30.770398570237415 ], [ 9.34706470676033, 30.653489046497384 ], [ 9.30935195716677, 30.57429227235091 ], [ 9.396091281231955, 30.529036972838639 ], [ 9.505458255053275, 30.457382748610875 ], [ 9.535628454728123, 30.385728524383115 ], [ 9.618596503833952, 30.366872149586335 ], [ 9.626139053752665, 30.30653175023664 ], [ 9.743048577492695, 30.20847860129339 ], [ 9.868973035736952, 30.212882407740185 ], [ 9.897006586341716, 30.212882407740185 ], [ 9.942379344318326, 30.221549113784576 ], [ 9.993236852608769, 30.237197577873946 ], [ 10.057786766977406, 30.218615026767822 ], [ 10.102776101234337, 30.236219548868359 ], [ 10.15754572554712, 30.26360436102475 ], [ 10.239700162016296, 30.302725521248167 ], [ 10.280777380250884, 30.367275435616804 ], [ 10.337503062574838, 30.408352653851395 ], [ 10.38640451285411, 30.408352653851395 ], [ 10.445086253189235, 30.379011783683833 ], [ 10.507680109546701, 30.359451203572121 ], [ 10.552669443803632, 30.361407261583292 ], [ 10.583966371982365, 30.316417927326363 ], [ 10.583966371982365, 30.289033115169971 ], [ 10.52919674766958, 30.28512099914763 ], [ 10.519416457613726, 30.245999838924213 ], [ 10.583966371982365, 30.230351374834846 ], [ 10.636779938283977, 30.212746852734309 ], [ 10.673945040496223, 30.197098388644942 ], [ 10.750231302931887, 30.173625692510893 ], [ 10.80500092724467, 30.157977228421526 ], [ 10.863682667579797, 30.150152996376843 ], [ 10.911078026233922, 30.172033366821921 ], [ 10.996694612339414, 30.165801460466209 ], [ 11.061244526708052, 30.173625692510893 ], [ 11.106233860964981, 30.175581750522063 ], [ 11.123838383065518, 30.202966562678455 ], [ 11.05733241068571, 30.236219548868359 ], [ 11.018539970218843, 30.288839827675098 ], [ 11.027991540518148, 30.328154275393388 ], [ 10.996694612339414, 30.355539087549779 ], [ 10.945837104048971, 30.375099667661491 ], [ 10.961485568138338, 30.398572363795541 ], [ 11.004518844384098, 30.416176885896078 ], [ 11.082761164830931, 30.402484479817883 ], [ 11.161003485277766, 30.408352653851395 ], [ 11.207948877545865, 30.404440537829053 ], [ 11.256850327825136, 30.341846681471583 ], [ 11.331180532249629, 30.349670913516267 ], [ 11.383994098551241, 30.349670913516267 ], [ 11.415291026729975, 30.377055725672662 ], [ 11.503313637232663, 30.377055725672662 ], [ 11.544390855467251, 30.427913233963103 ], [ 11.588555499182334, 30.50376371564494 ], [ 11.663311634128364, 30.485074681908433 ], [ 11.724050993772016, 30.489746940342556 ], [ 11.751733004651362, 30.510067670432278 ], [ 11.784985990841266, 30.529628250543986 ], [ 11.839755615154049, 30.545276714633353 ], [ 11.906261587533859, 30.555057004689207 ], [ 11.970811501902496, 30.558969120711549 ], [ 12.011888720137083, 30.58635393286794 ], [ 12.027537184226452, 30.646991731214236 ], [ 11.972767559913667, 30.674376543370631 ], [ 11.962336173912488, 30.746721154219539 ], [ 12.079142634765663, 30.826149547599698 ], [ 12.11751585274031, 30.912037591727888 ], [ 12.205538463242998, 30.943334519906621 ], [ 12.268132319600465, 31.003972318252917 ], [ 12.315077711868566, 31.103731276822629 ], [ 12.389407916293058, 31.138940321023707 ], [ 12.422660902482962, 31.180017539258294 ], [ 12.444177540605841, 31.228918989537565 ], [ 12.369847336181349, 31.248479569649273 ], [ 12.299429247779198, 31.248479569649273 ], [ 12.189889999153632, 31.289556787883861 ], [ 12.205538463242998, 31.342370354185473 ], [ 12.242703565455244, 31.371711224353035 ], [ 12.281824725678661, 31.403008152531768 ], [ 12.217274811310023, 31.444085370766359 ], [ 12.111848443804552, 31.442887660904457 ], [ 12.045141706326989, 31.463645950878067 ], [ 11.996240256047717, 31.510591343146167 ], [ 11.904305529522688, 31.518415575190851 ], [ 11.902349471511517, 31.56536096745895 ], [ 11.945382747757275, 31.606438185693538 ], [ 12.013844778148256, 31.649471461939296 ], [ 12.082306808539235, 31.657295693983979 ], [ 12.11751585274031, 31.708642216777207 ], [ 12.123384026773822, 31.753631551034136 ], [ 12.160549128986068, 31.788840595235214 ], [ 12.240747507444073, 31.814269349380435 ], [ 12.27986866766749, 31.835785987503314 ], [ 12.275956551645148, 31.890555611816097 ], [ 12.287488694379288, 31.93511727901523 ], [ 12.266176261589294, 31.982490338341126 ], [ 12.318989827890908, 31.99227062839698 ], [ 12.363979162147837, 32.009875150497521 ], [ 12.366917087759445, 32.070612773604914 ], [ 12.356154930103154, 32.151689356307408 ], [ 12.315522244984049, 32.206108268194598 ], [ 12.229011159377048, 32.261228604932974 ], [ 12.301385305790369, 32.282745243055849 ], [ 12.362023104136666, 32.308173997201074 ], [ 12.428529076516474, 32.327734577312782 ], [ 12.469606294751063, 32.321866403279266 ], [ 12.534156209119701, 32.317954287256924 ], [ 12.592837949454825, 32.339470925379807 ], [ 12.630003051667073, 32.376636027592049 ], [ 12.606530355533021, 32.409889013781957 ], [ 12.55762890525375, 32.421625361848982 ], [ 12.500903222929796, 32.423581419860156 ], [ 12.44222148259467, 32.452922290027715 ], [ 12.446133598617012, 32.531164610474548 ], [ 12.401144264360083, 32.57615394473148 ], [ 12.272044435622806, 32.593758466832014 ], [ 12.178153651086607, 32.662220497222997 ], [ 12.187933941142461, 32.685693193357046 ], [ 12.217274811310023, 32.71699012153578 ], [ 12.201626347220657, 32.779583977893246 ], [ 12.156637012963726, 32.785452151926762 ], [ 12.091253840145955, 32.799485089328726 ], [ 11.998196314058887, 32.80599076104405 ], [ 11.802590512941803, 32.915530009669624 ], [ 11.945382747757275, 32.989860214094115 ], [ 11.990372082014204, 33.079838882607973 ], [ 12.148812780919043, 33.093531288686165 ], [ 12.231421593169763, 33.131215438151735 ], [ 12.324866761852302, 33.191954797795383 ], [ 12.479051290178493, 33.177938022493002 ], [ 12.577168717295157, 33.201299314663636 ], [ 12.754714537791981, 33.318105775516813 ], [ 12.890210032381662, 33.402206427331102 ] ] ] ] } },
{ "type": "Feature", "properties": { "id": 6, "name": "The Iron Islands", "ClaimedBy": "Greyjoy" }, "geometry": { "type": "MultiPolygon", "coordinates": [ [ [ [ 6.968568730831567, 13.685108776245572 ], [ 7.040694364429248, 13.665780992078874 ], [ 7.049651142457718, 13.650224482871531 ], [ 7.032680405140617, 13.605440592729179 ], [ 7.000153158616173, 13.593183949111273 ], [ 6.917656518880262, 13.59648381470071 ], [ 6.867215716298878, 13.587527036672238 ], [ 6.862847594065569, 13.572567243248052 ], [ 6.846002294652501, 13.565842205655942 ], [ 6.686430222934756, 13.558535360422189 ], [ 6.616661636186672, 13.573620460259612 ], [ 6.597805261389892, 13.585169989822642 ], [ 6.594033986430537, 13.596248110015749 ], [ 6.597805261389892, 13.614868780127569 ], [ 6.620432911146028, 13.632075222129629 ], [ 6.692322840058749, 13.647867436021933 ], [ 6.754077467518202, 13.648810254761772 ], [ 6.769398272040585, 13.654702871885764 ], [ 6.779533573493854, 13.663423945229276 ], [ 6.779533573493854, 13.688408641835009 ], [ 6.790140284317042, 13.698072533918356 ], [ 6.810646591908539, 13.703965151042352 ], [ 6.906578398687154, 13.706557902576908 ], [ 6.968568730831567, 13.685108776245572 ] ] ], [ [ [ 7.541331115283739, 13.153123302291434 ], [ 7.673325738861196, 13.073926528144961 ], [ 7.760065062926381, 12.979644654161063 ], [ 7.816634187316718, 12.847650030583608 ], [ 7.854346936910277, 12.745825606681001 ], [ 7.986341560487733, 12.640229907819036 ], [ 7.954986234011652, 12.50960576871033 ], [ 8.038806152156262, 12.36990590513598 ], [ 8.020283035121937, 12.248017312046024 ], [ 7.95240008585353, 12.165049262940196 ], [ 7.843226343152168, 12.167341102953166 ], [ 7.752522513007668, 12.134879063265348 ], [ 7.680868288779907, 12.089623763753078 ], [ 7.575272589917942, 12.146192888143416 ], [ 7.431964141462419, 12.157506713021483 ], [ 7.403171772892962, 12.062566205272404 ], [ 7.34899609235659, 12.021740814484671 ], [ 7.270456902497327, 12.00668625984266 ], [ 7.160432344388796, 12.070767388956298 ], [ 7.134033419673305, 12.168820537899551 ], [ 7.035980270730052, 12.229819048352264 ], [ 6.987085318479028, 12.285698993782008 ], [ 7.00804029801518, 12.341578939211745 ], [ 7.035980270730052, 12.474293809607376 ], [ 6.973115332121592, 12.565098720930708 ], [ 7.028995277551333, 12.648918639075321 ], [ 7.17266699799528, 12.705185577714424 ], [ 7.247171668453981, 12.666628832534526 ], [ 7.420650316584352, 12.628916082940968 ], [ 7.563826616003465, 12.670260611820837 ], [ 7.626691554611923, 12.719155564071862 ], [ 7.668601513684229, 12.879810407182362 ], [ 7.545102390243096, 13.066383978226249 ], [ 7.541331115283739, 13.153123302291434 ] ] ], [ [ [ 6.588098099377104, 13.280446358076512 ], [ 6.663217201073052, 13.272539084213781 ], [ 6.722521755043537, 13.233002714900124 ], [ 6.671124474935783, 13.15392997627281 ], [ 6.742289939700365, 13.110439970027787 ], [ 6.801594493670851, 12.983923588224087 ], [ 6.776660504357404, 12.8523225589825 ], [ 6.667170838004417, 12.790195378587169 ], [ 6.584144462445739, 12.821824474038094 ], [ 6.505071723818425, 12.885082664939945 ], [ 6.461581717573402, 12.896943575734042 ], [ 6.399470872706652, 12.901217511233519 ], [ 6.342972609632432, 12.940433581979065 ], [ 6.275760781799216, 12.952294492773161 ], [ 6.216456227828731, 12.904850849596773 ], [ 6.101800756819126, 12.896943575734042 ], [ 6.043236220592056, 12.939634973716466 ], [ 6.015296247877184, 13.009484905503648 ], [ 5.983191648878156, 13.047181779125937 ], [ 6.06226438750547, 13.059042689920034 ], [ 6.161105310789612, 13.106486333096422 ], [ 6.240178049416925, 13.098579059233691 ], [ 6.331111698838336, 13.102532696165056 ], [ 6.406230800534283, 13.149976339341444 ], [ 6.505071723818425, 13.18160543479237 ], [ 6.548561730063447, 13.236956351831489 ], [ 6.588098099377104, 13.280446358076512 ] ] ], [ [ [ 5.298601037891793, 13.152887597606474 ], [ 5.363655530940682, 13.121303169821871 ], [ 5.446623580046511, 13.068505320390889 ], [ 5.445901452629959, 12.948309948938578 ], [ 5.423995930290376, 12.879941572423094 ], [ 5.407025192973275, 12.873813250614139 ], [ 5.366483987160199, 12.871927613134462 ], [ 5.35705579976181, 12.858728150776715 ], [ 5.358941437241487, 12.830443588581547 ], [ 5.344799156143902, 12.808287348195334 ], [ 5.284458756794209, 12.804516073235977 ], [ 5.160006683135465, 12.830914997951469 ], [ 5.122293933541906, 12.853071238337682 ], [ 5.061010715452373, 12.864385063215749 ], [ 5.057239440493017, 12.895498081630436 ], [ 5.106266014964643, 12.908697543988181 ], [ 5.11852265858255, 12.944053246732144 ], [ 5.115694202363033, 12.976580493256586 ], [ 5.143035945818363, 12.979408949476104 ], [ 5.193948157769667, 12.966209487118357 ], [ 5.243917550981133, 12.979408949476104 ], [ 5.271259294436463, 13.005807874191595 ], [ 5.288230031753565, 13.040692167565636 ], [ 5.299543856631632, 13.079819145268957 ], [ 5.289172850493403, 13.134031222809694 ], [ 5.298601037891793, 13.152887597606474 ] ] ], [ [ [ 4.991848688396146, 13.438903864092492 ], [ 5.033433267312082, 13.394484899690211 ], [ 4.952760934212495, 13.271016633795325 ], [ 4.676056044182204, 13.16338029080983 ], [ 4.660077046335851, 13.002272303917199 ], [ 4.698494508818797, 12.862572440342841 ], [ 4.788710795544551, 12.756318630377866 ], [ 4.841098244384932, 12.651543732697103 ], [ 4.956951930119728, 12.592075296823976 ], [ 5.052289642108862, 12.583660783428696 ], [ 5.154114066011471, 12.617602258062901 ], [ 5.257306636804583, 12.557150330930389 ], [ 5.320171575413042, 12.637477752485642 ], [ 5.459871438987395, 12.651447738843073 ], [ 5.535012836906414, 12.689256482290661 ], [ 5.644379810727735, 12.749596881640356 ], [ 5.73228617295738, 12.80861008536422 ], [ 5.817858458858105, 12.764681981477779 ], [ 5.817858458858105, 12.621373533022256 ], [ 5.73111913479292, 12.508235284241579 ], [ 5.596078805972389, 12.501270385500645 ], [ 5.627511275276616, 12.40697297758796 ], [ 5.683391220706358, 12.333630549211426 ], [ 5.648466254812769, 12.232348148120023 ], [ 5.564646336668158, 12.204408175405147 ], [ 5.407483990147012, 12.176468202690279 ], [ 5.309694085644966, 12.14852822997541 ], [ 5.169199165848894, 12.112251413509213 ], [ 5.025890717393371, 12.116022688468568 ], [ 4.963936923298444, 12.138050740207332 ], [ 4.796297087009222, 12.124080753849894 ], [ 4.688029692739099, 12.162498216332848 ], [ 4.562299815522183, 12.162498216332848 ], [ 4.475284573327412, 12.297043886517651 ], [ 4.305313955715193, 12.333416696837878 ], [ 4.183076575087634, 12.431206601339921 ], [ 4.141166616015329, 12.553443981967481 ], [ 4.172599085319558, 12.668696369416322 ], [ 4.214509044391864, 12.769978770507725 ], [ 4.207524051213146, 12.836336205705541 ], [ 4.127196629657893, 12.909678634082082 ], [ 4.060444327798266, 13.006043578876556 ], [ 4.095764160353665, 13.066840980603223 ], [ 4.218001540981223, 13.192570857820142 ], [ 4.20375277625379, 13.266261551072111 ], [ 4.339518674790601, 13.292660475787601 ], [ 4.454004213634891, 13.417948884556342 ], [ 4.590211580619885, 13.466843836807367 ], [ 4.754358920319747, 13.428426374324413 ], [ 4.855641321411153, 13.396993905020192 ], [ 4.904536273662176, 13.435411367503132 ], [ 4.991848688396146, 13.438903864092492 ] ] ], [ [ [ 6.059455760941841, 12.040125779911529 ], [ 6.108482335413467, 12.049553967309917 ], [ 6.182022197120907, 12.006184305277324 ], [ 6.176365284681873, 11.936415718529242 ], [ 6.174479647202196, 11.877960956659226 ], [ 6.117910522811857, 11.85533330690309 ], [ 6.087740323137011, 11.815734919829854 ], [ 6.093397235576044, 11.700711033569499 ], [ 6.142423810047671, 11.647913184138517 ], [ 6.176365284681873, 11.602657884626247 ], [ 6.223506221673822, 11.563059497553009 ], [ 6.197107296958331, 11.542317485276552 ], [ 6.131109985169603, 11.531003660398484 ], [ 6.01946327464713, 11.529338887291416 ], [ 5.938774962242453, 11.549860035195264 ], [ 5.879763411072777, 11.546801370238207 ], [ 5.823751075982099, 11.570602047471722 ], [ 5.776610138990151, 11.580030234870112 ], [ 5.720041014599812, 11.542317485276552 ], [ 5.67667135256722, 11.546088760235909 ], [ 5.62198786565656, 11.574373322431077 ], [ 5.569190016225577, 11.604543522105924 ], [ 5.48433632964007, 11.657341371536907 ], [ 5.48433632964007, 11.683740296252399 ], [ 5.518277804274273, 11.708253583488212 ], [ 5.523934716713307, 11.751623245520804 ], [ 5.539019816550731, 11.783679082675329 ], [ 5.552219278908476, 11.817620557309532 ], [ 5.57940870438792, 11.840171083744345 ], [ 5.673706112300609, 11.850648573512423 ], [ 5.733078554319708, 11.812231111029476 ], [ 5.837853452000473, 11.798261124672038 ], [ 5.985915899234402, 11.821391832268887 ], [ 6.004772274031181, 11.849676394464057 ], [ 6.001000999071825, 11.915673706252784 ], [ 5.997229724112469, 11.9741284681228 ], [ 6.002886636551503, 12.009955580236682 ], [ 6.059455760941841, 12.040125779911529 ] ] ], [ [ [ 5.040209850586333, 11.77167287165793 ], [ 5.131486416255335, 11.737009555053302 ], [ 5.169199165848894, 11.687982980581676 ], [ 5.157885340970826, 11.616328756353914 ], [ 5.086231116743065, 11.582387281719711 ], [ 4.855107531350316, 11.586570552421914 ], [ 4.803385494791374, 11.627642581231981 ], [ 4.618593021782936, 11.672897880744252 ], [ 4.595965372026801, 11.721924455215879 ], [ 4.631587749631351, 11.768180375068564 ], [ 4.67893342113263, 11.770951029687504 ], [ 4.74304509544168, 11.774722304646861 ], [ 4.833555694466221, 11.714381905297166 ], [ 4.927837568450117, 11.729467005134589 ], [ 5.040209850586333, 11.77167287165793 ] ] ] ] } },
{ "type": "Feature", "properties": { "id": 7, "name": "Dorne", "ClaimedBy": "Martell" }, "geometry": { "type": "MultiPolygon", "coordinates": [ [ [ [ 7.856485354850587, -8.970750629878014 ], [ 7.621303847176057, -8.594461012514898 ], [ 7.40357467794356, -8.111926096918555 ], [ 7.279998662973767, -7.599968320615121 ], [ 7.523331977421666, -6.88343337049958 ], [ 8.03475915733744, -6.431017019035625 ], [ 9.205140588298541, -5.831073596442121 ], [ 9.765743458590833, -5.545854592258322 ], [ 10.050962462774631, -5.221295035773311 ], [ 10.362223965471973, -4.909723595016827 ], [ 10.985155410967693, -4.693754762122172 ], [ 11.445752733822582, -4.449909120610759 ], [ 11.960767615380115, -4.250437230930418 ], [ 12.308450794562031, -4.080794176170395 ], [ 12.770354338534473, -3.985696387705481 ], [ 13.223200950272158, -3.97211098935335 ], [ 14.002097122460981, -3.976639455470727 ], [ 14.53327488992954, -3.991092662940384 ], [ 15.000912984889668, -3.870411864240996 ], [ 15.551519128955626, -3.742188515622896 ], [ 15.951274274647348, -3.621507716923508 ], [ 16.328401770582936, -3.508369468142832 ], [ 16.47171021903846, -3.493284368305408 ], [ 16.667816516924965, -3.606422617086085 ], [ 16.848837714974046, -3.779901265216455 ], [ 16.962671546410494, -3.924377558219333 ], [ 16.931374618231761, -3.971322950487433 ], [ 16.937024966224108, -4.024654229530964 ], [ 16.923129006515005, -4.143325108259328 ], [ 16.95289125635464, -4.218764288900545 ], [ 16.992012416578056, -4.261797565146304 ], [ 16.995924532600398, -4.343952001615479 ], [ 16.993968474589227, -4.418282206039971 ], [ 17.033089634812644, -4.471095772341585 ], [ 17.019397228734448, -4.525865396654368 ], [ 16.956803372376982, -4.555206266821931 ], [ 16.950935198343469, -4.615844065168227 ], [ 16.919638270164736, -4.654965225391645 ], [ 16.855088355796099, -4.656921283402816 ], [ 16.774889977338091, -4.721471197771454 ], [ 16.782714209382775, -4.764504474017212 ], [ 16.784670267393945, -4.813405924296483 ], [ 16.743593049159358, -4.842746794464046 ], [ 16.641625435858849, -4.852340325638091 ], [ 16.576213817781074, -4.875701617808732 ], [ 16.54584413795925, -4.927096460584126 ], [ 16.457071227710841, -4.938777106669443 ], [ 16.386987351198933, -4.966810657274204 ], [ 16.389323480415996, -5.039230663003175 ], [ 16.466415744579095, -5.139684219336901 ], [ 16.481481275662464, -5.215375845592092 ], [ 16.526470609919397, -5.242760657748485 ], [ 16.587108408265692, -5.25645306382668 ], [ 16.641878032578475, -5.301442398083609 ], [ 16.579284176221009, -5.315134804161806 ], [ 16.522558493897051, -5.32491509421766 ], [ 16.463876753561927, -5.305354514105951 ], [ 16.405195013226802, -5.30339845609478 ], [ 16.319239603904094, -5.314893910616663 ], [ 16.209441530702108, -5.310221652182535 ], [ 16.180248341942153, -5.352299906374052 ], [ 16.182204399953324, -5.403157414664494 ], [ 16.10200602149532, -5.422717994776202 ], [ 16.0765772673501, -5.467707329033132 ], [ 16.086357557405954, -5.514652721301232 ], [ 16.135259007685224, -5.549861765502308 ], [ 16.158731703819274, -5.57920263566987 ], [ 16.076134604219586, -5.810668233008368 ], [ 16.055756506691392, -5.896709089238528 ], [ 15.942544853756971, -5.978221479351312 ], [ 15.833861666939924, -5.975957246292623 ], [ 15.743292344592387, -6.073319267816226 ], [ 15.646506484196037, -6.104657066125484 ], [ 15.604456158288892, -6.177077071854449 ], [ 15.550725186296434, -6.235480302281042 ], [ 15.487649697435719, -6.319580954095317 ], [ 15.480641309784529, -6.410689993560803 ], [ 15.564417932956001, -6.422011158854245 ], [ 15.650458789186162, -6.417482692736868 ], [ 15.759141976003207, -6.3721980315631 ], [ 15.908759610482207, -6.340893701682401 ], [ 16.013885425250059, -6.303515634209387 ], [ 16.095649947847285, -6.331549184814148 ], [ 16.123683498452046, -6.401633061326049 ], [ 16.205448021049271, -6.417985965845493 ], [ 16.266187380692919, -6.481061454706206 ], [ 16.49048925395957, -6.438426848529736 ], [ 16.592379741600553, -6.341064827006133 ], [ 16.7302113654073, -6.336392568572006 ], [ 16.773488860540521, -6.426816385668882 ], [ 16.966160416330709, -6.418157091169232 ], [ 17.039318442484898, -6.490871706619334 ], [ 17.154618020195713, -6.532507665237128 ], [ 17.116184827625442, -6.602968518282625 ], [ 17.122590359720487, -6.654212775042987 ], [ 17.141806956005624, -6.708659797850872 ], [ 17.202659510908553, -6.711862563898395 ], [ 17.27312036395405, -6.667023839233078 ], [ 17.301945258381753, -6.58375192199749 ], [ 17.436461432377705, -6.567738091759877 ], [ 17.554963776136042, -6.535710431284651 ], [ 17.62862739522906, -6.58375192199749 ], [ 17.766346335272534, -6.609374050377671 ], [ 17.79837399574776, -6.558129793617309 ], [ 17.900862509268482, -6.580549155949967 ], [ 18.019364853026818, -6.625387880615284 ], [ 18.089825706072318, -6.590157454092536 ], [ 18.118868323265485, -6.540196478102479 ], [ 18.214733581925699, -6.506885536856947 ], [ 18.378074650349351, -6.494074472666857 ], [ 18.448535503394851, -6.564535325712354 ], [ 18.541415718773006, -6.651010008995465 ], [ 18.634295934151162, -6.663821073185556 ], [ 18.730378915576839, -6.743890224373621 ], [ 18.77842040628968, -6.782323416943892 ], [ 18.890517217952969, -6.775917884848847 ], [ 19.006784406449576, -6.833938569353879 ], [ 19.144616030256323, -6.880661153695147 ], [ 19.261422491109496, -6.887669541346344 ], [ 19.359539918226162, -6.873652766043964 ], [ 19.41327089021862, -6.836274698570943 ], [ 19.490363154381715, -6.836274698570943 ], [ 19.54643025559124, -6.85729986152452 ], [ 19.602497356800765, -6.831602440136816 ], [ 19.646883811924969, -6.8713166368269 ], [ 19.628194778188462, -6.960089547075309 ], [ 19.68192575018092, -7.023165035936021 ], [ 19.66557284566148, -7.153988272091577 ], [ 19.760068199855354, -7.214696833359445 ], [ 19.878570543613691, -7.304374282690078 ], [ 19.897787139898828, -7.397254498068234 ], [ 20.006681185514594, -7.42928215854346 ], [ 20.045114378084868, -7.349213007355394 ], [ 20.121980763225409, -7.339604709212827 ], [ 20.259699703268883, -7.352415773402917 ], [ 20.30774119398172, -7.313982580832646 ], [ 20.368593748884653, -7.34280747526035 ], [ 20.294930129791631, -7.410065562258325 ], [ 20.320552258171812, -7.451701520876118 ], [ 20.480690560547941, -7.442093222733551 ], [ 20.480690560547941, -7.387646199925666 ], [ 20.557556945688486, -7.371632369688053 ], [ 20.647234395019119, -7.422876626448415 ], [ 20.784953335062589, -7.448498754828596 ], [ 20.884239082535792, -7.442093222733551 ], [ 20.929077807201107, -7.374835135735576 ], [ 20.999538660246607, -7.329996411070259 ], [ 21.076405045387148, -7.291563218499988 ], [ 21.172488026812825, -7.281954920357419 ], [ 21.22693504962071, -7.301171516642555 ], [ 21.278179306381073, -7.320388112927692 ], [ 21.299107907545576, -7.355293891239086 ], [ 21.39668165013941, -7.265941090119806 ], [ 21.447925906899773, -7.320388112927692 ], [ 21.483662115693591, -7.366974537324403 ], [ 21.446324523876008, -7.453302903899877 ], [ 21.497568780636371, -7.517358224850329 ], [ 21.571232399729389, -7.632657802561143 ], [ 21.673720913250115, -7.680699293273982 ], [ 21.763398362580748, -7.64226610070371 ], [ 21.84809827355549, -7.621612621984319 ], [ 21.964904734408663, -7.680015852410918 ], [ 22.054850072905307, -7.773579508652138 ], [ 22.176555182711166, -7.783187806794706 ], [ 22.24381326970914, -7.853648659840204 ], [ 22.327085186944728, -7.802404403079842 ], [ 22.407154338132791, -7.735146316081867 ], [ 22.49042625536838, -7.731943550034344 ], [ 22.66107124109358, -7.661326818674418 ], [ 22.794230606466201, -7.630957138852595 ], [ 22.875995129063426, -7.633293268069657 ], [ 22.974112556180089, -7.567881649991875 ], [ 23.135305472157473, -7.549192616255368 ], [ 23.224078382405885, -7.50714229034822 ], [ 23.241474893512429, -7.436488382150384 ], [ 23.354901618561438, -7.423041638533938 ], [ 23.437830305985493, -7.391277197600437 ], [ 23.543774170657208, -7.253659394006253 ], [ 23.662335634763778, -7.235368716309044 ], [ 23.658455673652362, -7.150992143705827 ], [ 23.728356780239885, -7.096381904184326 ], [ 23.817917573055148, -7.024296388015943 ], [ 23.940335011594332, -7.036797732858649 ], [ 24.08441554192008, -6.94128882394326 ], [ 24.12810373353728, -7.002452292207342 ], [ 24.171791925154483, -7.009005520949922 ], [ 24.215480116771683, -6.97842378681788 ], [ 24.213295707190824, -6.919444728134658 ], [ 24.239508622161146, -6.823330706576814 ], [ 24.403339340725651, -6.781826924540472 ], [ 24.451947310131235, -6.667689316562613 ], [ 24.515022798991946, -6.700395125601493 ], [ 24.499453362283496, -6.832068344900255 ], [ 24.510375410187798, -6.901969451487777 ], [ 24.497268952702637, -6.939104414362399 ], [ 24.477609266474897, -6.995899063464761 ], [ 24.466687218570595, -7.105119542507766 ], [ 24.383679654497911, -7.153176553286688 ], [ 24.328132461626872, -7.251721620828481 ], [ 24.254799489227167, -7.338851367659795 ], [ 24.274459175454908, -7.406568064666458 ], [ 24.232955393418564, -7.483022399996561 ], [ 24.32251618623383, -7.45025625628366 ], [ 24.40058744448762, -7.390536849708225 ], [ 24.46172173707221, -7.288646362067245 ], [ 24.538705661067617, -7.29543906124331 ], [ 24.599839953652204, -7.23656900171741 ], [ 24.583990322241384, -7.166377776898069 ], [ 24.595404921793921, -7.12103877294105 ], [ 24.625774601615749, -7.074316188599775 ], [ 24.765128966936459, -6.996560297496437 ], [ 24.814942094227604, -6.887877110679391 ], [ 24.887397552105636, -6.862970547033819 ], [ 24.924799141399873, -6.784636165683908 ], [ 24.894190251281699, -6.699945766808251 ], [ 25.002873438098746, -6.607112211402026 ], [ 25.147784353854806, -6.618433376695468 ], [ 25.15457705303087, -6.65918957175186 ], [ 25.097971226563658, -6.699945766808251 ], [ 25.041365400096449, -6.747494661040709 ], [ 25.016458836450877, -6.826742818094804 ], [ 25.034597214601856, -6.875745205149381 ], [ 25.084385828211527, -6.951275636322668 ], [ 25.041365400096449, -7.091658085961351 ], [ 24.992546888694715, -7.095341351553346 ], [ 24.928153747162028, -7.166377776898069 ], [ 24.916832581868583, -7.272796730656426 ], [ 24.89192601822301, -7.358837586886586 ], [ 24.896454484340389, -7.426764578647239 ], [ 24.66323847929548, -7.793570334154766 ], [ 24.728901237997444, -7.811684198624273 ], [ 24.855698289283996, -7.709793710983294 ], [ 24.922463012182813, -7.602281391656122 ], [ 25.018723069509566, -7.596582058048872 ], [ 25.068536196800711, -7.521862367112154 ], [ 25.15457705303087, -7.503748502642646 ], [ 25.220239811732835, -7.318081391830194 ], [ 25.251939074554471, -7.2388332347761 ], [ 25.322130299373814, -7.2388332347761 ], [ 25.317601833256436, -7.29543906124331 ], [ 25.374207659723648, -7.297703294301998 ], [ 25.465675188120748, -7.196100391294512 ], [ 25.510061643244953, -7.186755874426265 ], [ 25.519406160113206, -7.242822975635779 ], [ 25.486700351074315, -7.322251369015942 ], [ 25.489683545716758, -7.388272616649536 ], [ 25.414280345345347, -7.427377183783801 ], [ 25.353829562195454, -7.449406909234123 ], [ 25.342508396902009, -7.54224046464035 ], [ 25.245146375378408, -7.610167456401003 ], [ 25.229296743967588, -7.716586410159359 ], [ 25.188540548911195, -7.809419965565585 ], [ 25.263730672721799, -7.810687082713006 ], [ 25.310809134080372, -7.693944079572475 ], [ 25.399496571258609, -7.671149909216838 ], [ 25.508863545079929, -7.618352059785856 ], [ 25.52174228933027, -7.551192032288161 ], [ 25.550347569632844, -7.467501061411621 ], [ 25.599984892027365, -7.476148312708633 ], [ 25.663060380888076, -7.469139925057442 ], [ 25.72759749272257, -7.343048987752877 ], [ 25.938788890446499, -7.226139464012845 ], [ 25.98404418995877, -7.244995838809625 ], [ 25.916161240690364, -7.316650063037386 ], [ 25.806794266869044, -7.437330861736775 ], [ 25.787937892072264, -7.501442536045825 ], [ 25.716283667844504, -7.52407018580196 ], [ 25.697427293047724, -7.599495684989077 ], [ 25.77285279223484, -7.648522259460703 ], [ 25.779866841741253, -7.702752846763789 ], [ 25.769081517275485, -7.772974333119447 ], [ 25.723799740531732, -7.786853498578077 ], [ 25.64462944361674, -7.791830707916227 ], [ 25.572975219388979, -7.80691580775365 ], [ 25.53526246979542, -7.886112581900123 ], [ 25.53526246979542, -7.984165730843376 ], [ 25.523948644917354, -8.055819955071138 ], [ 25.437209320852169, -8.108617804502121 ], [ 25.433438045892814, -8.187814578648593 ], [ 25.359319175773678, -8.223691763395012 ], [ 25.282587047518579, -8.214213503364084 ], [ 25.25241684784373, -8.289639002551203 ], [ 25.27881577255922, -8.361293226778963 ], [ 25.327842347030849, -8.316037927266693 ], [ 25.38064019646183, -8.308495377347981 ], [ 25.456065695648949, -8.255697527916999 ], [ 25.452294420689594, -8.327351752144761 ], [ 25.34063014203717, -8.426935005279526 ], [ 25.29271225135885, -8.490502527526356 ], [ 25.327817298072929, -8.530288247135649 ], [ 25.283350905568426, -8.591136994773391 ], [ 25.194418120559419, -8.635603387277895 ], [ 25.114846681340833, -8.65900675175395 ], [ 25.063359279493511, -8.73623785452493 ], [ 25.007191204750981, -8.701132807810849 ], [ 24.962724812246478, -8.722195835839297 ], [ 24.96740548514169, -8.776023574134223 ], [ 24.887834045923103, -8.822830303086333 ], [ 24.815283616047335, -8.881338714276469 ], [ 24.759115541304801, -8.935166452571394 ], [ 24.65146006471495, -8.925805106780974 ], [ 24.575845654738355, -8.89724930145587 ], [ 24.492317186277781, -8.91176308809534 ], [ 24.438489447982853, -8.977292508628294 ], [ 24.389342382583138, -9.007716882447165 ], [ 24.39402305547835, -9.070905966532512 ], [ 24.349556662973846, -9.098990003903777 ], [ 24.255795952000661, -9.109837060208646 ], [ 24.230199504145968, -9.159838751541519 ], [ 24.218497821907938, -9.225368172074473 ], [ 24.174031429403435, -9.285046751488407 ], [ 24.052333934127951, -9.351746340245167 ], [ 24.028930569651898, -9.38685138695925 ], [ 24.045312924785136, -9.410254751435305 ], [ 24.197380099882441, -9.387840644269746 ], [ 24.286367578888498, -9.290897592607426 ], [ 24.337854980735816, -9.255792545893344 ], [ 24.440829784430459, -9.225368172074473 ], [ 24.583590307734394, -9.216006826284051 ], [ 24.712308812352692, -9.213666489836445 ], [ 24.773157559990434, -9.169200097331942 ], [ 24.834006307628176, -9.131754714170254 ], [ 24.887834045923103, -9.152817742198703 ], [ 24.883153373027891, -9.197284134703207 ], [ 24.794220588018884, -9.281536246817003 ], [ 24.688905447876639, -9.307279947740664 ], [ 24.553165933915523, -9.328342975769113 ], [ 24.532102905887072, -9.384511050511644 ], [ 24.487636513382569, -9.403233742092489 ], [ 24.370619691002293, -9.384511050511644 ], [ 24.349556662973846, -9.424296770120938 ], [ 24.316791952707369, -9.496847199996706 ], [ 24.267644887307654, -9.51088921868234 ], [ 24.199728850791132, -9.509315156326499 ], [ 24.176371765851041, -9.548334601844028 ], [ 24.176371765851041, -9.604502676586558 ], [ 24.148287728479776, -9.625565704615008 ], [ 24.049993597680345, -9.627906041062612 ], [ 23.893191055690778, -9.602162340138953 ], [ 23.738728850148824, -9.624395536391201 ], [ 23.649796065139814, -9.640777891524438 ], [ 23.530438906311936, -9.643118227972044 ], [ 23.469939358809174, -9.706395663898775 ], [ 23.392847094646079, -9.720412439201155 ], [ 23.364275018531949, -9.720349330743025 ], [ 23.230875841018438, -9.725030003638235 ], [ 23.153644738247458, -9.732051012981053 ], [ 23.132581710219007, -9.762475386799924 ], [ 23.134922046666613, -9.790559424171189 ], [ 23.237896850361253, -9.858429181151747 ], [ 23.282363242865756, -10.040975424064973 ], [ 23.251938869046885, -10.085441816569478 ], [ 23.137487598865462, -10.084376270976085 ], [ 23.086092756090064, -10.100729175495536 ], [ 23.006664362709905, -10.166140793573311 ], [ 22.91961109348691, -10.15097123710243 ], [ 22.854081672953956, -10.141609891312008 ], [ 22.76514888794495, -10.153311573550036 ], [ 22.692598458069178, -10.195437629606934 ], [ 22.629409373983833, -10.214160321187778 ], [ 22.547497598317641, -10.260967050139888 ], [ 22.46090514975624, -10.263307386587492 ], [ 22.381333710537653, -10.314794788434813 ], [ 22.329846308690332, -10.349899835148895 ], [ 22.327505972242726, -10.408408246339032 ], [ 22.390695056328074, -10.485639349110013 ], [ 22.403943024707527, -10.563282760474101 ], [ 22.347875923498002, -10.619349861683622 ], [ 22.2777920469861, -10.670744704459024 ], [ 22.191766458281613, -10.731959760220489 ], [ 22.130917710643871, -10.778766489172598 ], [ 22.086229451186892, -10.79923181139751 ], [ 22.011560551815993, -10.731959760220489 ], [ 21.922700405992451, -10.740828580970932 ], [ 21.847737000483608, -10.664090003239931 ], [ 21.693759742720228, -10.673080833676087 ], [ 21.632426047303905, -10.717917741534857 ], [ 21.590299991247008, -10.675791685477959 ], [ 21.492005860447581, -10.682812694820775 ], [ 21.386690720305332, -10.734300096668095 ], [ 21.304778944639143, -10.837274900362736 ], [ 21.27903524371548, -10.818552208781892 ], [ 21.276694907267874, -10.748342115353728 ], [ 21.063724290535781, -10.75302278824894 ], [ 20.895220066308184, -10.631325292973456 ], [ 20.827350309327628, -10.570476545335712 ], [ 20.820329299984813, -10.479203423879099 ], [ 20.778203243927912, -10.481543760326705 ], [ 20.754799879451856, -10.558774863097685 ], [ 20.644804066414405, -10.607921928497401 ], [ 20.569913300091027, -10.666430339687537 ], [ 20.506724216005683, -10.675791685477959 ], [ 20.476299842186808, -10.63366562942106 ], [ 20.431833449682305, -10.668770676135143 ], [ 20.363963692701748, -10.734300096668095 ], [ 20.314816627302033, -10.778766489172598 ], [ 20.314816627302033, -10.820892545229498 ], [ 20.260585353244554, -10.838553613205486 ], [ 20.168650626719526, -10.836597555194315 ], [ 20.041031928761193, -10.792773842029234 ], [ 19.939791839412536, -10.809212743037923 ], [ 19.837387991990514, -10.774085816277388 ], [ 19.777439024485354, -10.836597555194315 ], [ 19.712889110116716, -10.852246019283681 ], [ 19.632690731658712, -10.815080917071436 ], [ 19.599437745468808, -10.764223408780994 ], [ 19.605694683677573, -10.722598414430069 ], [ 19.654841749077292, -10.58217822757374 ], [ 19.692287132238977, -10.493245442564731 ], [ 19.799942608828829, -10.411333666898541 ], [ 19.790581263038408, -10.336442900575166 ], [ 19.760156889219537, -10.235808433328131 ], [ 19.681461896662299, -10.341227458120182 ], [ 19.610375356572789, -10.378568956632064 ], [ 19.549526608935047, -10.387930302422486 ], [ 19.457193491824206, -10.418319722283274 ], [ 19.410470907482939, -10.467378435841605 ], [ 19.345150204016594, -10.499666562770138 ], [ 19.229742781357515, -10.515315026859504 ], [ 19.133895938810142, -10.550524071060579 ], [ 19.104555068642579, -10.536831664982383 ], [ 19.116291416709604, -10.499666562770138 ], [ 19.122159590743117, -10.437072706412669 ], [ 19.098686894609067, -10.407731836245107 ], [ 19.047829386318625, -10.409687894256278 ], [ 19.003984423713892, -10.387950042461449 ], [ 18.914207493714649, -10.389340967380704 ], [ 18.811417808163856, -10.396349355031894 ], [ 18.769091119726774, -10.456633286524378 ], [ 18.765179003704432, -10.503578678792479 ], [ 18.696716973313453, -10.5290074329377 ], [ 18.593045898721396, -10.546611955038237 ], [ 18.446341547883584, -10.542699839015896 ], [ 18.362231053403239, -10.5290074329377 ], [ 18.256603920800011, -10.43902876442384 ], [ 18.166625252286153, -10.403819720222765 ], [ 18.100119279906345, -10.384259140111057 ], [ 18.033613307526537, -10.325577399775931 ], [ 18.012096669403658, -10.261027485407293 ], [ 17.958730643935684, -10.272534506527535 ], [ 17.886206645253637, -10.186514775867872 ], [ 17.806710578230714, -10.190609397005144 ], [ 17.744036187598237, -10.168743468660947 ], [ 17.716731909716856, -10.120191308602992 ], [ 17.654138053359386, -10.11432313456948 ], [ 17.613060835124799, -10.135839772692359 ], [ 17.56807150086787, -10.147576120759384 ], [ 17.503521586499232, -10.135839772692359 ], [ 17.460488310253474, -10.112367076558309 ], [ 17.435059556108254, -10.128015540647676 ], [ 17.421367150030058, -10.16322458484875 ], [ 17.401806569918346, -10.198433629049827 ], [ 17.331388481516196, -10.200389687060998 ], [ 17.27753937341646, -10.253157177893842 ], [ 17.219893174879459, -10.225818441206219 ], [ 17.180772014656043, -10.1866972809828 ], [ 17.11230998426506, -10.194521513027485 ], [ 17.057540359952277, -10.233642673250902 ], [ 16.965605633427248, -10.249291137340268 ], [ 16.928440531215003, -10.231686615239731 ], [ 16.914748125136807, -10.200389687060998 ], [ 16.842373978723487, -10.188653338993971 ], [ 16.804230847505654, -10.198433629049827 ], [ 16.786626325405116, -10.257115369384952 ], [ 16.769021803304579, -10.32362134176476 ], [ 16.722076411036479, -10.378390966077545 ], [ 16.739680933137016, -10.435116648401499 ], [ 16.735768817114675, -10.497710504758967 ], [ 16.686867366835404, -10.532919548960042 ], [ 16.651658322634329, -10.620942159462729 ], [ 16.63014168451145, -10.685492073831368 ], [ 16.594932640310375, -10.710920827976588 ], [ 16.549943306053446, -10.683536015820197 ], [ 16.493217623729489, -10.703096595931905 ], [ 16.405195013226802, -10.750041988200005 ], [ 16.311304228690602, -10.775470742345226 ], [ 16.250337221431337, -10.792908098547965 ], [ 16.225237676199082, -10.82828430864684 ], [ 16.166555935863958, -10.87718575892611 ], [ 16.109830253540004, -10.902614513071331 ], [ 16.029631875082, -10.867405468870256 ], [ 15.957257728668678, -10.904570571082502 ], [ 15.900532046344724, -10.920219035171868 ], [ 15.900532046344724, -10.965208369428799 ], [ 15.849674538054281, -10.982812891529337 ], [ 15.822289725897889, -10.951515963350603 ], [ 15.814465493853206, -10.885009990970794 ], [ 15.783168565674472, -10.841976714725035 ], [ 15.757739811529252, -10.791119206434594 ], [ 15.706882303238809, -10.779382858367567 ], [ 15.670977175599596, -10.767210677160261 ], [ 15.594408967596484, -10.767646510300542 ], [ 15.568980213451264, -10.740261698144151 ], [ 15.525946937205504, -10.679623899797855 ], [ 15.457484906814525, -10.646370913607951 ], [ 15.409330703288482, -10.61302614883407 ], [ 15.271603072434814, -10.608583322032338 ], [ 15.191632190003652, -10.501955478790789 ], [ 15.067233039555179, -10.510841132394251 ], [ 14.936259683315944, -10.440862327394809 ], [ 14.765722250470313, -10.415164906007105 ], [ 14.659393601663433, -10.222351498754405 ], [ 14.593864181130479, -10.227032171649615 ], [ 14.575141489549637, -10.315964956658624 ], [ 14.655924177268327, -10.520290720774964 ], [ 14.623218368229439, -10.646441698496394 ], [ 14.539117716415154, -10.716525575008289 ], [ 14.483050615205633, -10.721197833442423 ], [ 14.419975126344914, -10.700172670488845 ], [ 14.345218991398886, -10.742222996395993 ], [ 14.237757047413966, -10.786609451520198 ], [ 14.018160901009999, -10.760912030132507 ], [ 13.929387990761585, -10.718861704225359 ], [ 13.754178299481826, -10.718861704225359 ], [ 13.623355063326269, -10.73988686717893 ], [ 13.511220860907223, -10.756239771698366 ], [ 13.375725366317539, -10.770256547000747 ], [ 13.258918905464368, -10.830995906644402 ], [ 13.170145995215954, -10.87071010333448 ], [ 13.060347922013969, -10.859029457249163 ], [ 12.734075648119099, -10.71235399273206 ], [ 12.673336288475449, -10.679648183693173 ], [ 12.656983383956003, -10.607228177964208 ], [ 12.514479501715133, -10.54648881832056 ], [ 12.421034333032592, -10.502102363196348 ], [ 12.339269810435372, -10.464724295723334 ], [ 12.229471737233387, -10.401648806862623 ], [ 12.105656888729023, -10.478741071025715 ], [ 11.923438809798073, -10.590875273444764 ], [ 11.839338157983788, -10.642270116220166 ], [ 11.715523309479423, -10.756740447856272 ], [ 11.608061365494502, -10.826824324368173 ], [ 11.47256587090482, -10.864202391841195 ], [ 11.330061988663948, -10.903916588531279 ], [ 11.238952949198472, -10.955311431306667 ], [ 11.140835522081804, -10.966992077391991 ], [ 10.963289701584982, -10.966992077391991 ], [ 10.797424527173474, -10.966992077391991 ], [ 10.659592903366729, -10.952975302089603 ], [ 10.56614773468419, -10.906252717748329 ], [ 10.479710953652841, -10.908588846965399 ], [ 10.409627077140936, -10.966992077391984 ], [ 10.299829003938953, -11.027731437035639 ], [ 10.232081256644113, -11.018386920167378 ], [ 10.157325121698079, -10.962319818957857 ], [ 10.033510273193716, -10.906252717748329 ], [ 9.970434784333003, -10.899244330097146 ], [ 9.851292194262765, -10.920269493050709 ], [ 9.775826318693305, -10.848495969325823 ], [ 9.669198475451756, -10.795182047705049 ], [ 9.558522331494549, -10.79092468252386 ], [ 9.502455230285024, -10.760555002702036 ], [ 9.397329415517168, -10.699815643058381 ], [ 9.324909409788201, -10.648420800282986 ], [ 9.166052623027884, -10.611042732809972 ], [ 9.109985521818359, -10.538622727081007 ], [ 9.004859707050505, -10.475547238220296 ], [ 8.913750667585028, -10.426488524661957 ], [ 8.867028083243758, -10.349396260498866 ], [ 8.806288723600108, -10.283984642421091 ], [ 8.764238397692965, -10.220909153560372 ], [ 8.80161646516598, -10.071396883668308 ], [ 8.731532588654076, -9.984960102636956 ], [ 8.752557751607647, -9.868153641783779 ], [ 8.736204847088201, -9.746674922496483 ], [ 8.773582914561219, -9.64622136616275 ], [ 8.759566139258839, -9.52007038844132 ], [ 8.775919043778282, -9.405600056805214 ], [ 8.822641628119552, -9.312154888122672 ], [ 8.878708729329075, -9.216373590223073 ], [ 8.857683566375504, -9.097231000152833 ], [ 8.766574526910029, -8.98976905616791 ], [ 8.716822157022944, -8.980698988137982 ], [ 8.671783858463099, -8.938080444581404 ], [ 8.681780218766992, -8.859220268850672 ], [ 8.761208612147149, -8.828850589028848 ], [ 8.789242162751911, -8.775119617036397 ], [ 8.782233775100721, -8.688682836005045 ], [ 8.868670556132072, -8.639624122446707 ], [ 8.999493792287625, -8.613926701059016 ], [ 9.041544118194768, -8.555523470632417 ], [ 9.083187382905908, -8.438894382294926 ], [ 9.162168667872505, -8.357280387829443 ], [ 9.201659310355803, -8.307258907350597 ], [ 9.175332215366938, -8.238808460379548 ], [ 9.309600399810151, -8.175623432406271 ], [ 9.311455478035933, -8.105258479251324 ], [ 9.334816770206571, -8.014149439785845 ], [ 9.422890800146183, -7.9159499296392 ], [ 9.380373248395628, -7.887916379034439 ], [ 9.299069561814605, -7.98606834848644 ], [ 9.235884533841327, -8.096642147439676 ], [ 9.138581915973239, -8.121611383770761 ], [ 9.024111584337129, -8.22673719853862 ], [ 9.001573388440425, -8.265135555368413 ], [ 8.880468751491644, -8.304626197851711 ], [ 8.822549142516142, -8.388872901816081 ], [ 8.762465112026019, -8.411291406686635 ], [ 8.677750120077382, -8.470486896281564 ], [ 8.569809030623034, -8.570529857239253 ], [ 8.585605287616353, -8.633714885212529 ], [ 8.526516061102608, -8.663593362129488 ], [ 8.425010008184273, -8.754819522161309 ], [ 8.274945566747741, -8.741655974666877 ], [ 8.17419892837122, -8.739473837388724 ], [ 8.101778922642252, -8.790868680164126 ], [ 8.059728596735109, -8.865624815110154 ], [ 7.982636332572016, -8.928700303970865 ], [ 7.931241489796617, -8.970750629878014 ], [ 7.856485354850587, -8.970750629878014 ] ] ], [ [ [ 25.658368908589047, -5.654436151958868 ], [ 25.674857831091057, -5.606533874262713 ], [ 25.676482773058556, -5.726891609836898 ], [ 25.72856013340839, -5.788025902421486 ], [ 25.690068171410687, -5.894444856179843 ], [ 25.699125103645439, -6.021241907466394 ], [ 25.805544057403797, -5.91255872064935 ], [ 25.810072523521171, -5.758590872658536 ], [ 25.789694425992977, -5.636322287489361 ], [ 25.873471049164447, -5.534431799848381 ], [ 25.8440360194015, -5.396313583268387 ], [ 26.108951287268045, -5.233288803042819 ], [ 26.131593617854929, -5.258195366688392 ], [ 26.122536685620176, -5.341971989859864 ], [ 26.047816994683458, -5.409898981620517 ], [ 26.052345460800836, -5.47782597338117 ], [ 26.120272452561487, -5.432541312207402 ], [ 26.154235948441816, -5.416691680796583 ], [ 26.181406745146077, -5.446126710559532 ], [ 26.167821346793946, -5.489147138674612 ], [ 26.15876441455919, -5.527639100672316 ], [ 26.038760062448706, -5.57971646102215 ], [ 25.968568837629363, -5.846895961947385 ], [ 26.047816994683458, -5.865009826416893 ], [ 26.068195092211653, -5.935201051236234 ], [ 25.95775005482912, -6.050080941111285 ], [ 26.022910431037886, -6.111811229813932 ], [ 26.009325032685755, -6.18653092075065 ], [ 25.877999515281825, -6.211437484396224 ], [ 25.814600989638549, -6.247665213335238 ], [ 25.789694425992977, -6.381254963797856 ], [ 25.733088599525765, -6.406161527443428 ], [ 25.606291548239213, -6.415218459678183 ], [ 25.542893022595937, -6.485409684497524 ], [ 25.490815662246103, -6.634849066370961 ], [ 25.441002534954958, -6.671076795309975 ], [ 25.395717873781187, -6.652962930840468 ], [ 25.443266768013647, -6.440125023323755 ], [ 25.364018610959551, -6.422011158854247 ], [ 25.377995620995559, -6.339958158028065 ], [ 25.388925174605124, -6.24540098027655 ], [ 25.441002534954958, -6.105018530637867 ], [ 25.561006887065446, -6.109546996755244 ], [ 25.563271120124131, -5.975957246292626 ], [ 25.556478420948068, -5.905766021473284 ], [ 25.545157255654626, -5.831046330536566 ], [ 25.619876946591344, -5.788025902421486 ], [ 25.608500395893241, -5.732263751479632 ], [ 25.633462344943474, -5.704249279250014 ], [ 25.658368908589047, -5.654436151958868 ] ] ], [ [ [ 17.758459766825094, -5.797082834656237 ], [ 17.916956080933286, -5.760855105717222 ], [ 17.966769208224431, -5.828782097477875 ], [ 17.887521051170335, -5.898973322297216 ], [ 17.806008661057554, -5.953314915705739 ], [ 17.713175105651327, -5.966900314057869 ], [ 17.656569279184115, -5.946522216529674 ], [ 17.640719647773295, -5.90803025453197 ], [ 17.758459766825094, -5.797082834656237 ] ] ] ] } },
{ "type": "Feature", "properties": { "id": 8, "name": "Stormlands", "ClaimedBy": "Baratheon" }, "geometry": { "type": "MultiPolygon", "coordinates": [ [ [ [ 16.962671546410494, -3.924377558219333 ], [ 16.848837714974046, -3.779901265216455 ], [ 16.667816516924965, -3.606422617086085 ], [ 16.47171021903846, -3.493284368305408 ], [ 16.328401770582936, -3.508369468142832 ], [ 15.951274274647348, -3.621507716923508 ], [ 15.551519128955626, -3.742188515622896 ], [ 15.000912984889668, -3.870411864240996 ], [ 14.53327488992954, -3.991092662940384 ], [ 14.002097122460981, -3.976639455470727 ], [ 13.223200950272158, -3.97211098935335 ], [ 12.770354338534473, -3.985696387705481 ], [ 12.308450794562031, -4.080794176170395 ], [ 11.960767615380115, -4.250437230930418 ], [ 11.794469890239757, -3.917769395944827 ], [ 11.74465676294861, -3.704931488428115 ], [ 11.825352458274326, -3.350790899081698 ], [ 11.990120478234052, -3.056562292010759 ], [ 12.365056621029241, -2.830937527774378 ], [ 12.740919308771522, -2.690555078135695 ], [ 13.157538191570195, -2.681498145900941 ], [ 13.546986277664605, -2.577343425201273 ], [ 14.149272271275729, -2.387147848271445 ], [ 14.688159739243577, -2.242236932515385 ], [ 15.208964128682478, -2.286345080572899 ], [ 16.138726527026652, -2.098038772047497 ], [ 16.433883427492361, -1.986378596883592 ], [ 16.732762191239235, -1.859581545597039 ], [ 17.036169421103484, -1.651272104197703 ], [ 17.298820455911343, -1.461076527267875 ], [ 17.733553203179522, -1.021815313882318 ], [ 18.447110650659898, -0.645290649495304 ], [ 18.502105495692447, -0.342819001816281 ], [ 18.494249089259228, 0.43889343828925 ], [ 18.462823463526341, 1.039908530430687 ], [ 18.56495674715822, 1.574144167889742 ], [ 18.667090030790099, 2.061241366749469 ], [ 18.635714931653851, 2.490079059397611 ], [ 18.665885131328697, 2.769153406389946 ], [ 18.688512781084832, 2.987887354032587 ], [ 18.914789278646186, 2.867206555333198 ], [ 19.186321075719807, 2.87474910525191 ], [ 19.65034495241833, 2.906789834229203 ], [ 20.044611285893392, 2.87148240138069 ], [ 20.368262753671427, 2.771444674976571 ], [ 20.733106226439393, 2.6243303714411 ], [ 21.227410286318573, 2.606676655016844 ], [ 21.868828649733224, 2.606676655016844 ], [ 22.24407811577413, 2.226412050183913 ], [ 22.661882737814864, 2.208758333759656 ], [ 22.800037666247128, 2.174489066985674 ], [ 22.866543638626936, 2.182313299030357 ], [ 22.958478365151965, 2.207742053175578 ], [ 23.021072221509431, 2.262511677488362 ], [ 23.032808569576456, 2.323149475834658 ], [ 23.099314541956268, 2.35053428799105 ], [ 23.157996282291393, 2.387699390203296 ], [ 23.187337152458955, 2.438556898493738 ], [ 23.234282544727055, 2.450293246560763 ], [ 23.281227936995155, 2.411172086337346 ], [ 23.351646025397308, 2.344666113957537 ], [ 23.392723243631895, 2.327061591857 ], [ 23.435756519877653, 2.332929765890512 ], [ 23.461185274022874, 2.301632837711779 ], [ 23.449448925955849, 2.244907155387824 ], [ 23.500895333907941, 2.201105115637065 ], [ 23.581482841709882, 2.154439472371172 ], [ 23.675373626246085, 2.174000052482881 ], [ 23.724275076525355, 2.166175820438197 ], [ 23.786868932882822, 2.138791008281806 ], [ 23.898468772214063, 2.145205248415464 ], [ 23.976606559966395, 2.158351588393514 ], [ 24.019947491501355, 2.128852343896021 ], [ 24.0619978174085, 2.072785242686507 ], [ 24.134417823137461, 2.065776855035309 ], [ 24.25515032577912, 2.038940292384761 ], [ 24.258921600738475, 1.922030768644729 ], [ 24.139090081571588, 1.885894905321428 ], [ 24.052892822402058, 1.888415582851937 ], [ 24.045068590357374, 1.821909610472128 ], [ 23.982474733999908, 1.796480856326907 ], [ 23.808505254685855, 1.757594094348778 ], [ 23.796649222938676, 1.714326419857732 ], [ 23.836538805290616, 1.661812796449172 ], [ 23.927049404315156, 1.661812796449172 ], [ 23.935529341731808, 1.629726910874592 ], [ 23.874251554884175, 1.59015857222141 ], [ 23.847852630168681, 1.50719052311558 ], [ 23.845550673217947, 1.443412385310569 ], [ 23.767308352771114, 1.417983631165348 ], [ 23.724275076525355, 1.382774586964273 ], [ 23.730143250558868, 1.345609484752027 ], [ 23.794693164927505, 1.324092846629148 ], [ 23.85337490526263, 1.277147454361047 ], [ 23.898364239519559, 1.247806584193484 ], [ 23.960958095877029, 1.193036959880701 ], [ 24.015727720189812, 1.175432437780163 ], [ 24.023551952234495, 1.128487045512063 ], [ 24.013771662178641, 1.095234059322158 ], [ 23.94139751576532, 1.079585595232791 ], [ 23.9218300643847, 1.026199353442095 ], [ 23.915968761620096, 0.968090288596053 ], [ 23.880759717419021, 0.954397882517857 ], [ 23.82990220912858, 0.958309998540199 ], [ 23.723259080934312, 0.953779347713137 ], [ 23.653175204422414, 0.94677096006194 ], [ 23.627450204972394, 0.904518403233 ], [ 23.553120000547903, 0.890825997154805 ], [ 23.455317099989362, 0.873221475054267 ], [ 23.377074779542529, 0.88104570709895 ], [ 23.337953619319112, 0.924078983344709 ], [ 23.259711298872276, 0.955375911523443 ], [ 23.218634080637688, 0.953419853512272 ], [ 23.208385819872852, 0.929242635594166 ], [ 23.275359762961642, 0.900606287210659 ], [ 23.321327126224158, 0.856105967456522 ], [ 23.327195300257671, 0.818940865244276 ], [ 23.356536170425237, 0.793512111099055 ], [ 23.415217910760362, 0.789599995076713 ], [ 23.479917616946476, 0.778391637219931 ], [ 23.469987535073145, 0.707445558607538 ], [ 23.445259704103773, 0.682788358533777 ], [ 23.279394529692272, 0.675779970882594 ], [ 23.209310653180367, 0.666435454014333 ], [ 23.168754601352834, 0.678104688439975 ], [ 23.129633441129418, 0.680060746451146 ], [ 23.045522946649072, 0.676148630428804 ], [ 22.995643467364211, 0.689841036507 ], [ 22.974126829241332, 0.719181906674563 ], [ 22.952610191118453, 0.762215182920321 ], [ 22.909576914872694, 0.762215182920321 ], [ 22.848939116526399, 0.766127298942663 ], [ 22.82742247840352, 0.785687879054371 ], [ 22.796125550224787, 0.811116633199592 ], [ 22.727663519833804, 0.813072691210763 ], [ 22.655289373420484, 0.815028749221934 ], [ 22.592695517063017, 0.801336343143738 ], [ 22.537925892750234, 0.807204517177251 ], [ 22.555858834644173, 0.784595458656465 ], [ 22.616168213197067, 0.7367864287751 ], [ 22.684630243588046, 0.723094022696904 ], [ 22.737443809889662, 0.689841036507 ], [ 22.788932122749969, 0.666404096556054 ], [ 22.828646319440047, 0.619681512214786 ], [ 22.828646319440047, 0.556606023354074 ], [ 22.809957285703536, 0.507547309795736 ], [ 22.830982448657107, 0.432791174849708 ], [ 22.882377291432501, 0.36037116912075 ], [ 22.924427617339646, 0.308976326345355 ], [ 22.944785959073769, 0.231145432887436 ], [ 22.931436004990836, 0.166472444104489 ], [ 22.793191463207997, 0.118549843619414 ], [ 22.730528892323385, 0.009951786561235 ], [ 22.728192763106318, -0.046115314648287 ], [ 22.758562442928145, -0.20029984297447 ], [ 22.735201150757508, -0.335795337564147 ], [ 22.718861258783502, -0.483916023821207 ], [ 22.683652214582427, -0.546509880178674 ], [ 22.613234126180277, -0.577806808357408 ], [ 22.589761430046227, -0.640400664714875 ], [ 22.559991459477757, -0.751626338201408 ], [ 22.464573717331294, -0.771456551463322 ], [ 22.339386004616358, -0.76754443544098 ], [ 22.304176960415283, -0.834050407820789 ], [ 22.222022523946109, -0.860457190971595 ], [ 22.169857880228172, -0.873105057488712 ], [ 22.100746927253514, -0.833072378815203 ], [ 22.001029037801747, -0.828240998066055 ], [ 21.869932081935357, -0.856545074949254 ], [ 21.748272701460355, -0.855154867213518 ], [ 21.700470227627601, -0.916527976102489 ], [ 21.759974383698381, -0.986213708279424 ], [ 21.731890346327116, -1.033020437231533 ], [ 21.61403344659626, -1.023989920087405 ], [ 21.536073584605088, -1.017788567429011 ], [ 21.411264253005168, -0.953448998012947 ], [ 21.296087106638002, -0.916533725899541 ], [ 21.195633550304272, -0.918869855116612 ], [ 21.097516123187606, -0.967928568674943 ], [ 21.018087729807448, -1.103424063264619 ], [ 20.98538192076856, -1.157155035257084 ], [ 21.018087729807448, -1.210886007249549 ], [ 21.146574836745941, -1.227238911768993 ], [ 21.422965935243194, -1.21556668014476 ], [ 21.453390309062065, -1.243650717516025 ], [ 21.451049972614459, -1.288117110020529 ], [ 21.371043611962406, -1.352959398715515 ], [ 21.331329415272325, -1.425379404444487 ], [ 21.258909409543357, -1.518824573127022 ], [ 21.097659169026034, -1.536192773466708 ], [ 21.011066720464633, -1.613423876237689 ], [ 21.034470084940686, -1.681293633218247 ], [ 21.116405527302486, -1.71739555657741 ], [ 21.200506179116768, -1.766454270135749 ], [ 21.350018449008836, -1.771126528569875 ], [ 21.497194589683833, -1.750101365616305 ], [ 21.590639758366375, -1.69870652284091 ], [ 21.757095348468873, -1.677310784372618 ], [ 21.864557292453789, -1.693663688892068 ], [ 21.943985685833947, -1.745058531667463 ], [ 22.081817309640694, -1.731041756365083 ], [ 22.133212152416093, -1.768419823838097 ], [ 22.104659043275856, -1.831639993517921 ], [ 22.065537883052439, -1.882497501808363 ], [ 22.057713651007756, -1.941179242143489 ], [ 22.135955971454589, -1.980300402366906 ], [ 22.186813479745034, -2.027245794635006 ], [ 22.233269857510344, -2.054630606791398 ], [ 22.301731887901322, -2.05854272281374 ], [ 22.314446264973935, -2.084949505964546 ], [ 22.297819771878981, -2.106466144087426 ], [ 22.27288003223655, -2.10548811508184 ], [ 22.233758872013134, -2.164169855416965 ], [ 22.261143684169525, -2.254148523930825 ], [ 22.284616380303575, -2.316742380288292 ], [ 22.339386004616358, -2.340215076422342 ], [ 22.401894110659828, -2.306061266585242 ], [ 22.471419920370401, -2.304272510467078 ], [ 22.530101660705526, -2.307206597483834 ], [ 22.59112057724197, -2.317741912670566 ], [ 22.665849613906566, -2.308065672979754 ], [ 22.722773374805843, -2.305006032221267 ], [ 22.77754299911863, -2.305006032221267 ], [ 22.801993724258267, -2.302316452455907 ], [ 22.827422478403488, -2.311118713506175 ], [ 22.852851232548709, -2.318942945550859 ], [ 22.878279986693929, -2.326767177595543 ], [ 22.91055494387825, -2.32089900356203 ], [ 22.936961727029058, -2.313074771517346 ], [ 22.947720046090495, -2.289602075383296 ], [ 22.927181436973203, -2.274931640299515 ], [ 22.902730711833566, -2.268085437260417 ], [ 22.884148160727445, -2.26319529223249 ], [ 22.852851232548709, -2.26319529223249 ], [ 22.822532333375563, -2.257327118198977 ], [ 22.797103579230338, -2.246324291886141 ], [ 22.769718767073947, -2.183730435528674 ], [ 22.71494914276116, -2.152433507349941 ], [ 22.640618938336669, -2.12896081121589 ], [ 22.588294386537854, -2.126026724199134 ], [ 22.551379282270457, -2.116503077180549 ], [ 22.531568704213896, -2.072235128891936 ], [ 22.535026377751013, -2.018385650063886 ], [ 22.57006831600696, -1.950637902769048 ], [ 22.665849613906566, -1.906251447644837 ], [ 22.679251084057295, -1.861469878188277 ], [ 22.713482099252786, -1.815502514925762 ], [ 22.733042679364495, -1.771491209674418 ], [ 22.751625230470619, -1.732370049451001 ], [ 22.791724419699619, -1.721611730389561 ], [ 22.862142508101769, -1.716721585361634 ], [ 22.875834914179965, -1.692270860221998 ], [ 22.873878856168794, -1.656083787015338 ], [ 22.901263668325189, -1.64923758397624 ], [ 22.942340886559776, -1.656083787015338 ], [ 22.958967379654727, -1.687380715194071 ], [ 22.99026430783346, -1.711831440333707 ], [ 23.021072221509403, -1.735304136467757 ], [ 23.057259294716065, -1.762688948624149 ], [ 23.098336512950652, -1.77735938370793 ], [ 23.116919064056773, -1.776381354702345 ], [ 23.130611470134969, -1.801810108847566 ], [ 23.121809209084702, -1.832129008020714 ], [ 23.091490309911553, -1.846799443104496 ], [ 23.06214943974399, -1.861469878188277 ], [ 23.032808569576428, -1.883964545316742 ], [ 23.027949642551405, -1.913259835296027 ], [ 23.074672226892673, -1.950637902769041 ], [ 23.128655412123798, -1.967341518042899 ], [ 23.167776572347215, -2.017220997327756 ], [ 23.197117442514781, -2.047539896500904 ], [ 23.26753553091693, -2.052430041528831 ], [ 23.304700633129176, -2.053408070534416 ], [ 23.34479982235818, -2.036781577439464 ], [ 23.377074779542493, -2.0612323025791 ], [ 23.402503533687714, -2.097419375785761 ], [ 23.43282243286086, -2.141430681037105 ], [ 23.447492867944643, -2.188376073305205 ], [ 23.452383012972568, -2.220651030489524 ], [ 23.49541628921833, -2.243145697617988 ], [ 23.53551547844733, -2.249991900657087 ], [ 23.599087363810384, -2.236299494578891 ], [ 23.639186553039387, -2.232387378556549 ], [ 23.684175887296316, -2.247057813640331 ], [ 23.718406902491804, -2.259772190712941 ], [ 23.75752806271522, -2.274442625796722 ], [ 23.77787421951022, -2.299052878934059 ], [ 23.776110613821341, -2.346083250455854 ], [ 23.802517396972146, -2.371512004601076 ], [ 23.869023369351954, -2.382270323662515 ], [ 23.935529341731765, -2.361731714545221 ], [ 24.011815604167428, -2.376402149629003 ], [ 24.039200416323819, -2.40476499079098 ], [ 24.069519315496969, -2.433127831952957 ], [ 24.092013982625431, -2.447798267036739 ], [ 24.116464707765068, -2.449754325047909 ], [ 24.142871490915873, -2.445842209025568 ], [ 24.161454042021997, -2.434105860958543 ], [ 24.131135142848848, -2.401830903774224 ], [ 24.11353062074831, -2.372490033606661 ], [ 24.118420765776239, -2.325544641338561 ], [ 24.137981345887948, -2.272731075036948 ], [ 24.171234332077852, -2.23165385680236 ], [ 24.198350380300209, -2.200603728994838 ], [ 24.252410739541435, -2.166859435182325 ], [ 24.277839493686656, -2.171749580210253 ], [ 24.312070508882147, -2.193266218333132 ], [ 24.389334800323397, -2.179573812254936 ], [ 24.405961293418347, -2.149254913081788 ], [ 24.403027206401593, -2.087639085729906 ], [ 24.414763554468617, -2.045583838489733 ], [ 24.449674306737482, -1.993286186475889 ], [ 24.509632368010401, -1.971253634065241 ], [ 24.562786538162111, -1.962318548854365 ], [ 24.581028485418138, -1.932132473841824 ], [ 24.609391326580116, -1.916484009752457 ], [ 24.639710225753262, -1.925286270802726 ], [ 24.678831385976682, -1.964407431026143 ], [ 24.688611676032536, -1.985924069149022 ], [ 24.715996488188928, -1.995704359204876 ], [ 24.749703973808629, -1.99301995149874 ], [ 24.820645591786569, -1.997660417216047 ], [ 24.867590984054669, -1.968319547048484 ], [ 24.899850833928422, -1.978453781178181 ], [ 24.946322319004288, -2.027979316389195 ], [ 24.980553334199776, -2.071501607137747 ], [ 25.062875614153988, -2.096193900229979 ], [ 25.115521336970566, -2.077369781171259 ], [ 25.137037975093445, -2.042160736970184 ], [ 25.166238485251281, -2.029954980400763 ], [ 25.211368179517937, -2.057809201059551 ], [ 25.301733979840961, -2.072005306307912 ], [ 25.356116472344578, -2.094974303271797 ], [ 25.393281574556823, -2.094974303271797 ], [ 25.440226966824927, -2.096930361282968 ], [ 25.420666386713219, -2.145831811562239 ], [ 25.375677052456286, -2.184952971785656 ], [ 25.339112047313979, -2.19582015481227 ], [ 25.292389462972707, -2.270576289758299 ], [ 25.234840875651987, -2.33165732262347 ], [ 25.217236353551449, -2.396207236992108 ], [ 25.183983367361545, -2.439240513237866 ], [ 25.131169801059933, -2.431416281193183 ], [ 25.064663828680121, -2.419679933126158 ], [ 25.043147190557242, -2.462713209371916 ], [ 25.005982088344997, -2.572252457997484 ], [ 24.951212464032213, -2.595725154131534 ], [ 24.880794375630064, -2.633868285349366 ], [ 24.859277737507185, -2.674945503583953 ], [ 24.808420229216743, -2.676901561595124 ], [ 24.814288403250249, -2.647071676924769 ], [ 24.826024751317274, -2.620664893773963 ], [ 24.838739128389886, -2.602082342667839 ], [ 24.849497447451323, -2.585455849572887 ], [ 24.847541389440153, -2.564917240455593 ], [ 24.810376287227907, -2.563939211450008 ], [ 24.783969504077099, -2.581543733550546 ], [ 24.76929906899332, -2.617730806757206 ], [ 24.761474836948636, -2.643159560902427 ], [ 24.74582637285927, -2.675434518086746 ], [ 24.751694546892786, -2.708198489773858 ], [ 24.75413961940675, -2.752943316779391 ], [ 24.736826053702853, -2.776595934365855 ], [ 24.708172256144238, -2.799888709047491 ], [ 24.656336718848209, -2.810647028108931 ], [ 24.615259500613622, -2.801844767058662 ], [ 24.578094398401376, -2.795976593025149 ], [ 24.554621702267326, -2.826295492198298 ], [ 24.548753528233814, -2.859548478388202 ], [ 24.518434629060664, -2.878131029494325 ], [ 24.48518164287076, -2.879109058499911 ], [ 24.453884714692027, -2.907471899661888 ], [ 24.450950627675269, -2.933878682812694 ], [ 24.437258221597073, -2.956373349941159 ], [ 24.401071148390415, -2.967131669002599 ], [ 24.361949988166995, -2.956373349941159 ], [ 24.337499263027361, -2.962241523974672 ], [ 24.304246276837457, -2.987670278119892 ], [ 24.294465986781603, -3.021901293315382 ], [ 24.28664175473692, -3.066890627572312 ], [ 24.270015261641966, -3.099165584756631 ], [ 24.23285015942972, -3.117748135862754 ], [ 24.16976728856946, -3.142932382756579 ], [ 24.095437084144969, -3.185965659002338 ], [ 24.048491691876869, -3.223130761214584 ], [ 23.985897835519403, -3.266164037460342 ], [ 23.944820617284815, -3.293548849616734 ], [ 23.892007050983199, -3.289636733594393 ], [ 23.862666180815637, -3.254427689393317 ], [ 23.798116266447, -3.26029586342683 ], [ 23.784423860368804, -3.318977603761955 ], [ 23.784423860368804, -3.362010880007714 ], [ 23.749214816167729, -3.385483576141764 ], [ 23.704335778940926, -3.383410394094356 ], [ 23.655324031631533, -3.366412010532848 ], [ 23.600554407318747, -3.384016532633386 ], [ 23.553609015050647, -3.403577112745094 ], [ 23.496883332726693, -3.421181634845632 ], [ 23.46754246255913, -3.440742214957341 ], [ 23.492971216704351, -3.468127027113732 ], [ 23.541872666983622, -3.481819433191928 ], [ 23.604466523341088, -3.479863375180758 ], [ 23.663148263676216, -3.487687607225441 ], [ 23.717917887989, -3.526808767448858 ], [ 23.735522410089537, -3.560061753638762 ], [ 23.776599628324124, -3.556149637616421 ], [ 23.819632904569882, -3.585490507783983 ], [ 23.807896556502858, -3.618743493973887 ], [ 23.745302700145391, -3.642216190107938 ], [ 23.686620959810266, -3.651996480163792 ], [ 23.616202871408113, -3.665688886241988 ], [ 23.543828724994793, -3.673513118286671 ], [ 23.526224202894255, -3.710678220498917 ], [ 23.534048434938938, -3.743931206688822 ], [ 23.555565073061818, -3.781096308901068 ], [ 23.553609015050647, -3.807503092051874 ], [ 23.512531796816059, -3.823151556141241 ], [ 23.449041084428455, -3.881975087547965 ], [ 23.375607736034102, -3.922910514710955 ], [ 23.362604303397106, -3.956731222493993 ], [ 23.354091097911223, -3.991372545101934 ], [ 23.391256200123468, -4.024625531291838 ], [ 23.416684954268689, -4.053966401459402 ], [ 23.41864101227986, -4.087219387649306 ], [ 23.401036490179322, -4.130252663895065 ], [ 23.358003213933564, -4.186978346219019 ], [ 23.365827445978248, -4.228055564453607 ], [ 23.408860722224006, -4.239791912520632 ], [ 23.44211370841391, -4.267176724677023 ], [ 23.484083022684406, -4.286125442099945 ], [ 23.534048434938938, -4.298473652855757 ], [ 23.563389305106501, -4.331726639045661 ], [ 23.580993827207038, -4.390408379380787 ], [ 23.655324031631533, -4.404100785458983 ], [ 23.657280089642704, -4.425617423581863 ], [ 23.622071045441626, -4.449090119715913 ], [ 23.582949885218209, -4.468650699827621 ], [ 23.545839464832735, -4.488356126734312 ], [ 23.503729535765792, -4.554717252319138 ], [ 23.45091596946418, -4.589926296520214 ], [ 23.392234229129055, -4.599706586576068 ], [ 23.341376720838614, -4.607530818620751 ], [ 23.317904024704561, -4.636871688788314 ], [ 23.288563154536998, -4.664256500944706 ], [ 23.249441994313582, -4.658388326911194 ], [ 23.210320834090165, -4.625135340721289 ], [ 23.161419383810895, -4.609486876631922 ], [ 23.122298223587478, -4.623179282710118 ], [ 23.071440715297037, -4.640783804810655 ], [ 23.018627148995421, -4.652520152877681 ], [ 22.979505988772004, -4.664256500944706 ], [ 22.977549930760834, -4.691641313101098 ], [ 23.008846858939567, -4.69750948713461 ], [ 23.044055903140645, -4.728806415313344 ], [ 23.044055903140645, -4.762059401503248 ], [ 22.999066568883713, -4.769883633547932 ], [ 22.934516654515075, -4.769883633547932 ], [ 22.883659146224634, -4.760103343492077 ], [ 22.855664263294333, -4.779048706900334 ], [ 22.799548651744288, -4.799224503715495 ], [ 22.697833635163402, -4.785532097637298 ], [ 22.64502006886179, -4.767927575536761 ], [ 22.59807467659369, -4.744454879402711 ], [ 22.545261110292078, -4.758147285480907 ], [ 22.506139950068661, -4.777707865592615 ], [ 22.449414267744707, -4.756191227469736 ], [ 22.380952237353725, -4.71902612525749 ], [ 22.308578090940404, -4.728806415313344 ], [ 22.228379712482401, -4.732718531335686 ], [ 22.154049508057909, -4.760103343492077 ], [ 22.107104115789806, -4.781619981614956 ], [ 22.058202665510535, -4.756191227469736 ], [ 22.073851129599902, -4.734674589346857 ], [ 22.124708637890343, -4.707289777190464 ], [ 22.181434320214301, -4.695553429123439 ], [ 22.20295095833718, -4.660344384922364 ], [ 22.240116060549425, -4.62709139873246 ], [ 22.310490954249989, -4.606932443118328 ], [ 22.371171947297871, -4.584058122486701 ], [ 22.396600701443091, -4.548849078285626 ], [ 22.406380991498946, -4.488211279939329 ], [ 22.382910959978958, -4.445739527140947 ], [ 22.340860634071813, -4.389672425931419 ], [ 22.211315878915372, -4.387035946777089 ], [ 22.173610088169617, -4.376715973302591 ], [ 22.161873740102592, -4.335638755068003 ], [ 22.099279883745123, -4.288693362799903 ], [ 22.017125447275948, -4.288693362799903 ], [ 21.999079857599884, -4.323816706385242 ], [ 21.890496031021993, -4.328750774131629 ], [ 21.825022340229527, -4.284575151452353 ], [ 21.766152280703626, -4.248347422513338 ], [ 21.668910621026082, -4.220713824022178 ], [ 21.594154486080051, -4.164646722812649 ], [ 21.485387381426261, -4.076265710053017 ], [ 21.277077940026924, -4.157778100165801 ], [ 21.15480935485775, -4.157778100165801 ], [ 21.028012303571195, -4.117021905109409 ], [ 20.937442981223658, -4.221176625809077 ], [ 20.792532065467601, -4.184948896870062 ], [ 20.670263480298424, -4.203062761339569 ], [ 20.588751090185639, -4.112493438992032 ], [ 20.466482505016465, -4.139664235696293 ], [ 20.335156987612535, -4.089851108405147 ], [ 20.258173063617129, -3.963054057118595 ], [ 20.051146343694075, -4.088487016672352 ], [ 19.899297944584955, -4.137545730230691 ], [ 19.784827612948842, -4.072134112152909 ], [ 19.663348893661539, -4.006722494075134 ], [ 19.572239854196063, -3.892252162439021 ], [ 19.522173454027534, -3.847602281280877 ], [ 19.510437105960509, -3.775228134867556 ], [ 19.518508882203605, -3.728723117244578 ], [ 19.524129512038705, -3.66960100226433 ], [ 19.547602208172755, -3.597226855851008 ], [ 19.567162788284463, -3.550281463582908 ], [ 19.533909802094559, -3.505292129325978 ], [ 19.475228061759431, -3.507248187337149 ], [ 19.465447771703577, -3.419225576834461 ], [ 19.396985741312598, -3.39379682268924 ], [ 19.334391884955132, -3.380104416611044 ], [ 19.285490434675861, -3.34880748843231 ], [ 19.246369274452444, -3.282301516052502 ], [ 19.258105622519469, -3.23340006577323 ], [ 19.218984462296053, -3.202103137594497 ], [ 19.220940520307224, -3.164938035382251 ], [ 19.242457158430103, -3.131685049192346 ], [ 19.254193506497128, -3.086695714935417 ], [ 19.270819999592081, -3.030948061617048 ], [ 19.232676868374249, -3.057354844767854 ], [ 19.209204172240199, -3.102344179024784 ], [ 19.179863302072633, -3.141465339248201 ], [ 19.144654257871561, -3.173984803683916 ], [ 19.121181561737508, -3.207971311628009 ], [ 19.091840691569949, -3.233644573024627 ], [ 19.059565734385632, -3.259073327169848 ], [ 19.030224864218066, -3.280589965292727 ], [ 19.026312748195725, -3.29917251639885 ], [ 19.059565734385632, -3.306996748443534 ], [ 19.081082372508511, -3.318733096510559 ], [ 19.075442456667865, -3.33472271847161 ], [ 19.042939241290679, -3.407733736018832 ], [ 19.005774139078433, -3.439519678700359 ], [ 18.977411297916454, -3.47766280991819 ], [ 18.982301442944383, -3.520696086163949 ], [ 19.001862023056091, -3.538300608264486 ], [ 19.012620342117529, -3.574487681471147 ], [ 19.015554429134287, -3.636103508823029 ], [ 19.006752168084017, -3.684026930096715 ], [ 18.972521152888529, -3.716301887281034 ], [ 18.9676310078606, -3.769115453582646 ], [ 18.948070427748892, -3.801390410766965 ], [ 18.899168977469621, -3.802368439772551 ], [ 18.837553150117738, -3.814104787839576 ], [ 18.824077592247978, -3.864532575575718 ], [ 18.760288858676507, -3.924377558219333 ], [ 18.660548547053533, -3.96265000269238 ], [ 18.56272699954825, -4.012400168722021 ], [ 18.453187750922684, -4.041741038889583 ], [ 18.402330242632242, -4.020224400766704 ], [ 18.363209082408826, -3.9869714145768 ], [ 18.294747052017843, -4.01044411071085 ], [ 18.226285021626865, -4.000663820654996 ], [ 18.212592615548669, -3.961542660431579 ], [ 18.210636557537498, -3.928289674241674 ], [ 18.116745773001298, -3.920465442196991 ], [ 17.999382292331045, -3.906773036118795 ], [ 17.872238521604942, -3.896992746062941 ], [ 17.784215911102255, -3.922421500208162 ], [ 17.700105416621906, -3.949806312364553 ], [ 17.598390400041023, -3.973279008498604 ], [ 17.567093471862286, -3.967410834465091 ], [ 17.55340106578409, -3.900904862085282 ], [ 17.500587499482478, -3.89503668805177 ], [ 17.449729991192036, -3.883300339984745 ], [ 17.363663438700517, -3.87156399191772 ], [ 17.295201408309538, -3.814838309593765 ], [ 17.203448907875465, -3.825965188299443 ], [ 17.153776647567582, -3.862090468523355 ], [ 17.056562330946694, -3.883300339984745 ], [ 16.962671546410494, -3.924377558219333 ] ] ], [ [ [ 24.57890963483916, 0.859726664769386 ], [ 24.686565111429012, 0.829302290950515 ], [ 24.817623952494916, 0.738029169493902 ], [ 24.865163990386996, 0.765067581300847 ], [ 24.953363466456036, 0.777814889103195 ], [ 24.997829858960539, 0.833982963845726 ], [ 25.039955915017437, 0.843344309636148 ], [ 25.06335927949349, 0.82696195450291 ], [ 25.07506096173152, 0.761432533969957 ], [ 25.105485335550391, 0.745050178836718 ], [ 25.159313073845315, 0.770793879760378 ], [ 25.201439129902212, 0.752071188179535 ], [ 25.20846013924503, 0.496974515390539 ], [ 25.133569372921656, 0.487613169600117 ], [ 25.103144999102785, 0.461869468676457 ], [ 25.130593731178266, 0.380892956471385 ], [ 25.178035765426159, 0.351288571527099 ], [ 25.231863503721083, 0.28341881454654 ], [ 25.290371914911223, 0.250654104280064 ], [ 25.348880326101359, 0.238952422042036 ], [ 25.362922344786991, 0.1804440108519 ], [ 25.31143494293967, 0.124275936109369 ], [ 25.217821485035451, 0.051725506233599 ], [ 25.194418120559398, -0.011463577851749 ], [ 25.086762643969546, -0.030186269432592 ], [ 25.14059038226447, -0.058270306803858 ], [ 25.14059038226447, -0.128480400232022 ], [ 25.213140812140242, -0.156564437603287 ], [ 25.20846013924503, -0.247837559059901 ], [ 25.269308886882772, -0.374215727230596 ], [ 25.161653410292921, -0.4186821197351 ], [ 25.135909709369262, -0.540379615010584 ], [ 25.082081971074334, -0.626972063571986 ], [ 24.986128176722509, -0.641014082257619 ], [ 24.983787840274907, -0.692501484104939 ], [ 25.023573559884198, -0.760371241085498 ], [ 25.070380288836308, -0.825900661618451 ], [ 25.241224849511507, -0.809518306485212 ], [ 25.262287877539958, -0.8469636896469 ], [ 25.105485335550391, -0.886749409256193 ], [ 25.056338270150675, -0.910152773732247 ], [ 24.901876064608715, -0.910152773732247 ], [ 24.830239024493409, -0.897360795233944 ], [ 24.766136550647598, -0.870367054122954 ], [ 24.686565111429012, -0.903131764389431 ], [ 24.653800401162535, -0.886749409256193 ], [ 24.663161746952955, -0.790795614904369 ], [ 24.597632326420005, -0.762711577533103 ], [ 24.599734249595731, -0.666856020336262 ], [ 24.562527279705922, -0.612930044886353 ], [ 24.539123915229869, -0.507614904744107 ], [ 24.485296176934941, -0.488892213163264 ], [ 24.480615504039729, -0.453787166449182 ], [ 24.515914331451121, -0.429366252259868 ], [ 24.492317186277759, -0.366609633775878 ], [ 24.518060887201418, -0.284697858109687 ], [ 24.496997859172968, -0.249592811395605 ], [ 24.401044064821143, -0.235550792709972 ], [ 24.342535653631007, -0.214487764681523 ], [ 24.314451616259742, -0.167681035729413 ], [ 24.246581859279186, -0.130235652567726 ], [ 24.248922195726788, -0.083428923615617 ], [ 24.300409597574109, -0.057685222691956 ], [ 24.333174307840586, 0.021886216526629 ], [ 24.375300363897484, 0.038268571659868 ], [ 24.447850793773252, 0.010184534288602 ], [ 24.536783578782263, 0.02656688942184 ], [ 24.599972662867611, 0.078054291269161 ], [ 24.616355018000846, 0.145924048249719 ], [ 24.614014681553243, 0.211453468782672 ], [ 24.606993672210425, 0.284003898658442 ], [ 24.55784660681071, 0.349533319191395 ], [ 24.621035690896058, 0.408041730381531 ], [ 24.616355018000846, 0.454848459333641 ], [ 24.57890963483916, 0.532079562104621 ], [ 24.513380214306206, 0.557823263028281 ], [ 24.474004372378811, 0.569487772296753 ], [ 24.478275167592123, 0.602289655532785 ], [ 24.518060887201418, 0.670159412513343 ], [ 24.50167853206818, 0.745050178836718 ], [ 24.468913821801703, 0.796537580684039 ], [ 24.487974358736249, 0.862857485802891 ], [ 24.57890963483916, 0.859726664769386 ] ] ], [ [ [ 25.420474288220092, -0.042803485179696 ], [ 25.488357237488497, -0.05788858501712 ], [ 25.548697636838192, -0.171026833797797 ], [ 25.695777360253071, -0.167255558838441 ], [ 25.714633735049851, -0.231367233147491 ], [ 25.624123136025311, -0.291707632497186 ], [ 25.529841262041412, -0.272851257700406 ], [ 25.450644487894941, -0.303021457375253 ], [ 25.371447713748466, -0.189883208594576 ], [ 25.367676438789111, -0.076744959813899 ], [ 25.420474288220092, -0.042803485179696 ] ] ], [ [ [ 24.696389496023759, -3.490691616770826 ], [ 24.700160770983114, -3.547260741161165 ], [ 24.647362921552133, -3.637771340185707 ], [ 24.665846538762807, -3.718420739778916 ], [ 24.600972070181548, -3.759273081836636 ], [ 24.560215875125156, -3.827200073597289 ], [ 24.523988146186142, -3.949468658766464 ], [ 24.424361891603851, -3.994753319940233 ], [ 24.379077230430081, -4.089851108405147 ], [ 24.356434899843197, -4.171363498517931 ], [ 24.252280179143529, -4.239290490278584 ], [ 24.183882009431294, -4.245787724772088 ], [ 24.173404519663219, -4.120057847555176 ], [ 24.222299471914241, -4.025760439642485 ], [ 24.2257919685036, -3.927970535140441 ], [ 24.279450975847791, -3.881541667005811 ], [ 24.338321035373689, -3.809086209127782 ], [ 24.36549183207795, -3.721913236368276 ], [ 24.439942798787559, -3.739595764088316 ], [ 24.49681734948188, -3.614362166080576 ], [ 24.575041627439479, -3.547288406900338 ], [ 24.696389496023759, -3.490691616770826 ] ] ], [ [ [ 25.020047480041562, -3.086901567462543 ], [ 25.073516991959348, -3.068308821322966 ], [ 25.096882405007456, -3.121826533356131 ], [ 25.047118067243858, -3.162590695306863 ], [ 25.013062486862843, -3.24755641057305 ], [ 24.978137520969256, -3.380271280968688 ], [ 24.894317602824646, -3.401226260504845 ], [ 24.828384119601218, -3.336069343437235 ], [ 24.866377630109774, -3.282481376466637 ], [ 24.929242568718234, -3.205646451500751 ], [ 24.956607468219318, -3.121106670753949 ], [ 25.020047480041562, -3.086901567462543 ] ] ], [ [ [ 21.386296738673344, -4.833455518910984 ], [ 21.429330014919103, -4.809982822776934 ], [ 21.522260108040065, -4.794999965409818 ], [ 21.566254075701064, -4.792378300676396 ], [ 21.595594945868626, -4.796290416698739 ], [ 21.638628222114384, -4.84714792498918 ], [ 21.691441788415997, -4.839323692944497 ], [ 21.726650832617072, -4.851060041011522 ], [ 21.771640166874, -4.86866456311206 ], [ 21.787288630963367, -4.921478129413672 ], [ 21.748167470739951, -4.931258419469526 ], [ 21.709046310516534, -4.944950825547723 ], [ 21.685573614382484, -4.991896217815823 ], [ 21.638628222114384, -5.040797668095094 ], [ 21.656232744214922, -5.083830944340852 ], [ 21.662100918248434, -5.12295210456427 ], [ 21.615819949807435, -5.150182491507247 ], [ 21.497075065769234, -5.171137471043397 ], [ 21.439110304974957, -5.158161148765345 ], [ 21.390208854695686, -5.138600568653636 ], [ 21.39998914475154, -5.117083930530757 ], [ 21.439110304974957, -5.085787002352023 ], [ 21.448740528771836, -5.03277533077953 ], [ 21.456714827075494, -4.972335637704115 ], [ 21.443022420997298, -4.905829665324306 ], [ 21.409769434807394, -4.878444853167914 ], [ 21.386296738673344, -4.833455518910984 ] ] ], [ [ [ 19.817515107231142, -4.267947902646318 ], [ 19.93993888483686, -4.34526609151819 ], [ 20.025736425368649, -4.399454011854059 ], [ 20.093471325788489, -4.458157592217917 ], [ 20.039283405452618, -4.485251552385852 ], [ 19.915305011733189, -4.460035215061046 ], [ 19.876887549250238, -4.474005201418484 ], [ 19.834977590177935, -4.428602745756811 ], [ 19.803545120873707, -4.376215296916433 ], [ 19.747665175443966, -4.337797834433493 ], [ 19.737187685675888, -4.278425392414389 ], [ 19.817515107231142, -4.267947902646318 ] ] ], [ [ [ 19.475250441473978, -4.316842854897336 ], [ 19.545100373261153, -4.397170276452583 ], [ 19.527637890314359, -4.480990194597195 ], [ 19.450802965348466, -4.498452677543985 ], [ 19.346028067667703, -4.477497698007843 ], [ 19.290148122237962, -4.474005201418484 ], [ 19.300625612006037, -4.379707793505792 ], [ 19.370475543793216, -4.313350358307977 ], [ 19.475250441473978, -4.316842854897336 ] ] ] ] } },
{ "type": "Feature", "properties": { "id": 9, "name": "The Vale", "ClaimedBy": "Arryn" }, "geometry": { "type": "MultiPolygon", "coordinates": [ [ [ [ 19.137854311859861, 18.225582600427479 ], [ 19.091096382996067, 18.13238477206599 ], [ 19.019442158768307, 18.155012421822125 ], [ 18.936474109662477, 18.19649644637504 ], [ 18.747910361694686, 18.20403899629375 ], [ 18.657399762670142, 18.200267721334395 ], [ 18.574431713564312, 18.230437921009241 ], [ 18.721511436979192, 18.309634695155715 ], [ 18.886394557426026, 18.358297470823114 ], [ 19.054034393715249, 18.358297470823114 ], [ 19.14483930503858, 18.337342491286961 ], [ 19.137854311859861, 18.225582600427479 ] ] ], [ [ [ 19.480118977617025, 18.204627620891326 ], [ 19.633788827548809, 18.155732668640304 ], [ 19.728441851127211, 18.090900747513075 ], [ 19.852893924785956, 18.08712947255372 ], [ 19.883064124460802, 18.019246523285315 ], [ 19.777468425598837, 18.000390148488535 ], [ 19.713356751289787, 17.94759229905755 ], [ 19.626803834370094, 17.967137852814925 ], [ 19.542983916225481, 17.974122845993652 ], [ 19.424239032187284, 18.016032805065951 ], [ 19.333434120863952, 18.120807702746717 ], [ 19.354389100400105, 18.16271766181902 ], [ 19.480118977617025, 18.204627620891326 ] ] ], [ [ [ 22.155492992157722, 17.640704799240112 ], [ 22.227867463203662, 17.611553961013211 ], [ 22.144179167279656, 17.557736750134282 ], [ 22.064982393133182, 17.535109100378147 ], [ 21.976407708769827, 17.464869104260142 ], [ 21.887732470043453, 17.504938900703301 ], [ 21.780827899765733, 17.49979407015373 ], [ 21.706711271994372, 17.482311250947166 ], [ 21.759509121425353, 17.561508025093641 ], [ 21.892587790625218, 17.590598981477061 ], [ 21.955615419311862, 17.595449499727842 ], [ 22.019727093620912, 17.602992049646556 ], [ 22.095152592808027, 17.629390974362046 ], [ 22.155492992157722, 17.640704799240112 ] ] ], [ [ [ 24.783835934143763, 17.903279818285121 ], [ 24.836633783574744, 17.925907468041256 ], [ 24.863032708290238, 17.990019142350306 ], [ 24.923373107639929, 18.027731891943866 ], [ 24.979942232030268, 18.005104242187731 ], [ 25.017654981623828, 17.956077667716102 ], [ 25.018654006812017, 17.89386716481545 ], [ 24.959281564792921, 17.827509729617635 ], [ 24.889431633005739, 17.799569756902766 ], [ 24.814006133818609, 17.812769219260581 ], [ 24.768750834306339, 17.805226669341867 ], [ 24.721791796716516, 17.7960772603134 ], [ 24.648070035606953, 17.775056469667021 ], [ 24.561330711541768, 17.778827744626376 ], [ 24.527389236907563, 17.835396869016716 ], [ 24.580187086338547, 17.89573726836641 ], [ 24.617899835932104, 17.940992567878681 ], [ 24.640527485688239, 17.982476592431595 ], [ 24.715952984875358, 17.967391492594171 ], [ 24.783835934143763, 17.903279818285121 ] ] ], [ [ [ 19.499336897346343, 8.64715683991604 ], [ 19.529507097021188, 8.869662062518035 ], [ 19.503108172305698, 9.01297051097356 ], [ 19.457852872793428, 9.129880034713592 ], [ 19.386198648565667, 9.2317044586162 ], [ 19.269289124825633, 9.348613982356232 ], [ 19.073182826939128, 9.503236255689822 ], [ 18.892161628890047, 9.627688329348567 ], [ 18.752624455393878, 9.763454227885378 ], [ 18.444007663427477, 10.25367815279059 ], [ 18.004026375961736, 10.481882107642674 ], [ 17.53638828100161, 11.036259526667987 ], [ 17.159260785066021, 11.419043935042611 ], [ 16.755734364414945, 11.897995854880806 ], [ 16.435175992869695, 12.309064825450596 ], [ 16.186271845552206, 12.737104533337492 ], [ 15.975080447828276, 13.227370278053757 ], [ 15.771431600023059, 13.604497773989344 ], [ 15.64320825140496, 14.185274117730149 ], [ 15.665835901161095, 14.547316513828312 ], [ 15.635665701486248, 14.931986559682612 ], [ 15.733718850429501, 15.399624654642739 ], [ 15.883312107450339, 15.727909249240588 ], [ 15.940538423525291, 16.057121872650317 ], [ 16.100711044911826, 16.089767972204999 ], [ 16.247790768326706, 16.101081797083069 ], [ 16.440125791253859, 16.176507296270184 ], [ 16.700343763449414, 16.300959369928929 ], [ 16.937934085888838, 16.346214669441203 ], [ 17.073699984425648, 16.349985944400558 ], [ 17.141582933694057, 16.338672119522489 ], [ 17.258492457434087, 16.153879646514049 ], [ 17.425710295656241, 16.111406311476294 ], [ 17.547189014943541, 16.083372760871534 ], [ 17.561597460838147, 16.098880869839572 ], [ 17.612992303613542, 16.168964746351474 ], [ 17.552252943969894, 16.262409915034016 ], [ 17.524219393365129, 16.351182825282425 ], [ 17.443284930442527, 16.402783793831539 ], [ 17.420657280686392, 16.512150767652862 ], [ 17.533795529467067, 16.557406067165132 ], [ 17.659714887954813, 16.552089937949884 ], [ 17.926008125240081, 16.481980567978013 ], [ 18.042917648980115, 16.455581643262523 ], [ 18.149910352945923, 16.429119884996929 ], [ 18.252700038496716, 16.368380525353274 ], [ 18.325763270931809, 16.414097618709608 ], [ 18.374789845403434, 16.466895468140589 ], [ 18.458279409598301, 16.517892795245345 ], [ 18.439590375861794, 16.61133796392788 ], [ 18.299364346216315, 16.666773040986453 ], [ 18.205082472232419, 16.806310214482622 ], [ 18.371018570444079, 16.806310214482622 ], [ 18.529412118737024, 16.817624039360688 ], [ 18.612380167842854, 16.749741090092282 ], [ 18.681273364127634, 16.731645295793275 ], [ 18.729289691582888, 16.806310214482622 ], [ 18.785858815973228, 16.836480414157467 ], [ 18.880140689957123, 16.776140014807773 ], [ 19.027220413372003, 16.723342165376792 ], [ 19.083789537762343, 16.666773040986453 ], [ 19.151672487030748, 16.651687941149028 ], [ 19.223326711258512, 16.693171965701943 ], [ 19.187151725322106, 16.756177975385818 ], [ 19.243218826531628, 16.802900559727085 ], [ 19.364697545818931, 16.933723795882642 ], [ 19.490848523540357, 16.933723795882642 ], [ 19.673066602471312, 16.929051537448515 ], [ 19.747533930608981, 16.910491685234824 ], [ 19.836158892153843, 16.946318797348702 ], [ 19.877642916706758, 16.991574096860973 ], [ 19.881414191666117, 17.051914496210667 ], [ 19.832387617194488, 17.102826708161974 ], [ 19.845587079552235, 17.138653820275856 ], [ 19.97909952990663, 17.146311554635425 ], [ 20.083177401991655, 17.157510195072632 ], [ 20.14351780134135, 17.180137844828771 ], [ 20.166145451097485, 17.225393144341041 ], [ 20.322653361910756, 17.191451669706836 ], [ 20.399964498577553, 17.131111270357142 ], [ 20.441448523130468, 17.168824019950701 ], [ 20.462190535406926, 17.193337307186514 ], [ 20.511217109878551, 17.197108582145869 ], [ 20.528187847195653, 17.166938382471024 ], [ 20.568044436009536, 17.141401656516859 ], [ 20.65075428337472, 17.148082007674244 ], [ 20.73372233248055, 17.183909119788126 ], [ 20.748807432317971, 17.240478244178462 ], [ 20.786520181911531, 17.280076631251699 ], [ 20.84308930630187, 17.278190993772021 ], [ 20.931714267846733, 17.314018105885904 ], [ 21.050509429066445, 17.366815955316888 ], [ 21.127820565733241, 17.444127091983681 ], [ 21.222102439717137, 17.453555279382073 ], [ 21.217488358353176, 17.389031353525585 ], [ 21.291871026465223, 17.380015417674631 ], [ 21.305070488822967, 17.329103205723328 ], [ 21.24552190895794, 17.31661134779662 ], [ 21.203246064920357, 17.306475555967193 ], [ 21.214559889798426, 17.238592606698784 ], [ 21.139134390611307, 17.221621869381686 ], [ 21.069365803863224, 17.236706969219107 ], [ 21.050509429066445, 17.204651132064583 ], [ 21.112735465895817, 17.168824019950701 ], [ 21.101421641017748, 17.131111270357142 ], [ 21.046950925507545, 17.108695847477971 ], [ 20.978855204838684, 17.100941070682296 ], [ 20.955841886042069, 17.040948100183126 ], [ 20.946497369173816, 16.963855836020034 ], [ 20.844974943781548, 16.904834772795788 ], [ 20.854403131179939, 16.86523638572255 ], [ 20.882687693375107, 16.840723098486738 ], [ 20.986397754757395, 16.84638001092577 ], [ 21.065639959244052, 16.896108088725196 ], [ 21.154412869492464, 16.93348615619821 ], [ 21.254866425826197, 16.961519706802971 ], [ 21.352983852942859, 16.998897774275985 ], [ 21.439420633974212, 17.015250678795429 ], [ 21.51184063970318, 16.956847448368844 ], [ 21.544546448742068, 16.921805510112893 ], [ 21.586030473294983, 16.925576785072245 ], [ 21.648256510124355, 16.951975709787739 ], [ 21.665227247441457, 17.014201746617111 ], [ 21.710482546953727, 17.034943758893569 ], [ 21.81796388329537, 17.034943758893569 ], [ 21.872647370206032, 17.061342683609059 ], [ 21.944301594433792, 17.065113958568414 ], [ 21.976357431588319, 16.961403897186127 ], [ 22.014070181181875, 16.974603359543874 ], [ 22.042354743377047, 16.999116646779687 ], [ 22.115894605084485, 17.001002284259364 ], [ 22.174349366954502, 16.992516915600817 ], [ 22.230918491344841, 16.990631278121139 ], [ 22.321429090369381, 16.991574096860973 ], [ 22.372341302320688, 17.040600671332601 ], [ 22.404397139475211, 17.117911807999398 ], [ 22.481708276142008, 17.146196370194566 ], [ 22.483593913621686, 17.208422407023939 ], [ 22.543934312971381, 17.248020794097176 ], [ 22.598617799882042, 17.261220256454919 ], [ 22.649530011833345, 17.208422407023939 ], [ 22.717412961101751, 17.195222944666192 ], [ 22.785295910370159, 17.198994219625547 ], [ 22.809809197605972, 17.291390456129768 ], [ 22.855299166903546, 17.33398202615999 ], [ 22.919176171427292, 17.353616492959141 ], [ 22.928604358825684, 17.440355817024326 ], [ 22.943689458663105, 17.47429729165853 ], [ 23.077569719720241, 17.491268028975632 ], [ 23.147338306468324, 17.545951515886291 ], [ 23.211449980777374, 17.589321177918883 ], [ 23.286875479964493, 17.549722790845646 ], [ 23.375500441509356, 17.570464803122103 ], [ 23.400013728745169, 17.587435540439206 ], [ 23.381157353948389, 17.636462114910834 ], [ 23.396242453785813, 17.674174864504391 ], [ 23.49240996524939, 17.713773251577628 ], [ 23.616862038908135, 17.691145601821493 ], [ 23.721320995463028, 17.742920448762941 ], [ 23.833455197882074, 17.79197916232128 ], [ 23.985504166185173, 17.834454050277017 ], [ 24.040187653095835, 17.843882237675409 ], [ 24.08167167764875, 17.817483312959915 ], [ 24.059044027892615, 17.753371638650865 ], [ 24.000589266022597, 17.725087076455697 ], [ 23.930820679274511, 17.71188761409795 ], [ 23.898764842119988, 17.6477759397889 ], [ 23.854480360835645, 17.593408178870884 ], [ 23.815796793014158, 17.578007353040817 ], [ 23.746028206266072, 17.593092452878238 ], [ 23.670602707078956, 17.585549902959528 ], [ 23.581977745534093, 17.5195525911708 ], [ 23.544264995940534, 17.483725479056918 ], [ 23.55779195026858, 17.439223650544694 ], [ 23.544264995940534, 17.398871792471411 ], [ 23.499009696428264, 17.380015417674631 ], [ 23.402842184964687, 17.400757429951089 ], [ 23.380214535208552, 17.361159042877851 ], [ 23.329302323257245, 17.321560655804614 ], [ 23.24256299919206, 17.308361193446871 ], [ 23.174680049923655, 17.334760118162361 ], [ 23.144509850248806, 17.323446293284292 ], [ 23.121882200492671, 17.291390456129768 ], [ 23.12565347545203, 17.255563344015886 ], [ 23.121882200492671, 17.214079319462972 ], [ 23.08794072585847, 17.204651132064583 ], [ 23.035142876427486, 17.204651132064583 ], [ 22.984230664476183, 17.182023482308448 ], [ 22.95971737724037, 17.138653820275856 ], [ 22.961603014720048, 17.070770871007447 ], [ 22.906919527809386, 17.053800133690345 ], [ 22.85789295333776, 17.01231610913743 ], [ 22.778696179191286, 16.991574096860973 ], [ 22.701385042524489, 17.004773559218719 ], [ 22.576617679101926, 16.862199733930009 ], [ 22.513542190241207, 16.810804891154621 ], [ 22.382718954085654, 16.733712626991522 ], [ 22.310298948356689, 16.637931329091916 ], [ 22.235714930024294, 16.562396021778547 ], [ 22.190725595767365, 16.521318803543956 ], [ 22.151604435543948, 16.486109759342881 ], [ 22.11639539134287, 16.441120425085952 ], [ 22.087054521175308, 16.386350800773169 ], [ 22.161384725599802, 16.400043206851365 ], [ 22.196593769800877, 16.427428019007756 ], [ 22.247451278091319, 16.464593121220002 ], [ 22.292440612348248, 16.495890049398735 ], [ 22.36872687478391, 16.495890049398735 ], [ 22.445794442946369, 16.530469385107001 ], [ 22.526020756914441, 16.572019757632635 ], [ 22.612760080979626, 16.664415994136853 ], [ 22.708927592443199, 16.662530356657175 ], [ 22.773039266752253, 16.641788344380718 ], [ 22.854617055932479, 16.66129262126255 ], [ 22.914462077728096, 16.662530356657175 ], [ 22.974802477077791, 16.664415994136853 ], [ 23.040799788866519, 16.671958544055567 ], [ 23.060196427034064, 16.736048756208586 ], [ 23.108682738134927, 16.76812605551914 ], [ 23.110568375614605, 16.828466454868835 ], [ 23.118110925533315, 16.890692491698207 ], [ 23.249422893616202, 16.981342324000249 ], [ 23.444326209517602, 16.984974365682106 ], [ 23.483924596590839, 17.052857314950511 ], [ 23.580092108054412, 17.105655164381496 ], [ 23.678145256997666, 17.145253551454729 ], [ 23.764884581062852, 17.182966301048289 ], [ 23.800711693176734, 17.101883889422137 ], [ 23.730665512331282, 17.065442975814538 ], [ 23.683942927990014, 16.988350711651446 ], [ 23.659288882200887, 16.975546178283714 ], [ 23.576320833095057, 16.986860003161784 ], [ 23.527294258623431, 16.964232353405649 ], [ 23.500895333907941, 16.930290878771444 ], [ 23.504060978276126, 16.855191346278826 ], [ 23.399070910005332, 16.830352092348512 ], [ 23.380214535208552, 16.803953167633022 ], [ 23.395299635045976, 16.764354780559785 ], [ 23.323645410818212, 16.705900018689768 ], [ 23.30667467350111, 16.628588882022974 ], [ 23.28781829870433, 16.57579103259199 ], [ 23.214380955360255, 16.49542744685105 ], [ 23.130280303545966, 16.446368733292712 ], [ 23.104911463175572, 16.374027822266449 ], [ 23.006858314232318, 16.326886885274501 ], [ 22.965374289679403, 16.291059773160619 ], [ 22.952174827321656, 16.240147561209316 ], [ 22.875345899677161, 16.237690391924186 ], [ 22.823951478703556, 16.204320449095434 ], [ 22.747155111947556, 16.170705485679225 ], [ 22.705168852705295, 16.100766331142225 ], [ 22.646701555613827, 16.049226766391921 ], [ 22.583893256012704, 16.053820938874125 ], [ 22.521299399655238, 16.020567952684221 ], [ 22.50173881954353, 15.957974096326753 ], [ 22.472397949375967, 15.899292355991628 ], [ 22.405339958215052, 15.848406374806219 ], [ 22.347210236661031, 15.750631947142644 ], [ 22.429364673130205, 15.74280771509796 ], [ 22.499621832198947, 15.791837250415881 ], [ 22.559962231548642, 15.871034024562356 ], [ 22.631616455776406, 15.97662972342432 ], [ 22.756068529435151, 15.991714823261743 ], [ 22.854121678378402, 16.010571198058521 ], [ 22.925775902606166, 16.029427572855301 ], [ 23.00497267675264, 16.05959777253015 ], [ 23.080398175939756, 16.101081797083065 ], [ 23.185993874801721, 16.135023271717266 ], [ 23.265190648948195, 16.229305145701165 ], [ 23.438688144911794, 16.257930491120121 ], [ 23.585749020493449, 16.288702726311023 ], [ 23.619690495127649, 16.305673463628125 ], [ 23.625347407566686, 16.333958025823296 ], [ 23.591405932932481, 16.352814400620076 ], [ 23.559350095777955, 16.424468624847837 ], [ 23.580092108054412, 16.462181374441396 ], [ 23.700772906753802, 16.498008486555278 ], [ 23.757342031144141, 16.575319623222072 ], [ 23.89687920464031, 16.590404723059496 ], [ 23.951562691550969, 16.61020391659611 ], [ 24.008131815941308, 16.629060291392889 ], [ 24.125041339681342, 16.666773040986449 ], [ 24.196695563909103, 16.723342165376788 ], [ 24.268349788136867, 16.700714515620653 ], [ 24.377716761958187, 16.704485790580009 ], [ 24.415429511551746, 16.738427265214213 ], [ 24.475769910901441, 16.738427265214213 ], [ 24.490855010738862, 16.674315590905159 ], [ 24.419200786511102, 16.598890091718044 ], [ 24.216619174193937, 16.599005356811382 ], [ 24.177839189112323, 16.538549692368349 ], [ 24.143897714478122, 16.48198056797801 ], [ 24.151440264396832, 16.421640168628315 ], [ 24.07878755038719, 16.384081468841543 ], [ 23.985342381704651, 16.313997592329635 ], [ 24.049615840494223, 16.267017895294725 ], [ 24.015674365860018, 16.22553387074181 ], [ 23.781855318379954, 16.138794546676625 ], [ 23.687573444396058, 16.093539247164351 ], [ 23.683802169436699, 15.9954860982211 ], [ 23.525408621143754, 15.931374423912048 ], [ 23.438669297078569, 15.867262749602999 ], [ 23.419812922281789, 15.806922350253304 ], [ 23.521637346184399, 15.806922350253304 ], [ 23.657403244721209, 15.833321274968796 ], [ 23.758737847649495, 15.928536271514162 ], [ 23.82414946572727, 15.982267243506627 ], [ 23.91525850519275, 16.050014990801465 ], [ 23.974190341307104, 16.070911597408216 ], [ 24.068472215291003, 16.074682872367575 ], [ 24.155211539356188, 16.067140322448861 ], [ 24.174067914152968, 16.157650921473405 ], [ 24.207274657325684, 16.24157758660067 ], [ 24.286703050705839, 16.246249845034797 ], [ 24.375475960954255, 16.309325333895515 ], [ 24.457240483551477, 16.38174533962448 ], [ 24.675647483747301, 16.432953993506384 ], [ 24.766158082771845, 16.564948617083839 ], [ 24.988663305373841, 16.557406067165129 ], [ 25.030147329926756, 16.678086865864518 ], [ 25.257569176926552, 16.709215681560799 ], [ 25.334661441089647, 16.826022142413976 ], [ 25.423434351338059, 16.835366659282229 ], [ 25.498190486284091, 16.821349883979849 ], [ 25.523887907671789, 16.776963428855645 ], [ 25.486509840198771, 16.695198906258426 ], [ 25.428106609772186, 16.685854389390165 ], [ 25.353350474826154, 16.620442771312391 ], [ 25.3183085365702, 16.562039540885799 ], [ 25.150828128626145, 16.534778417408994 ], [ 25.094259004235806, 16.451810368303164 ], [ 24.785014457568622, 16.327358294644419 ], [ 24.835926669519928, 16.24439024553859 ], [ 24.730330970657963, 16.157650921473405 ], [ 24.669990571308269, 16.067140322448861 ], [ 24.536668876931635, 16.057023378452662 ], [ 24.451256623665625, 15.950230798708828 ], [ 24.270350146186395, 15.972922726638373 ], [ 24.20989502626685, 15.901204224237201 ], [ 24.194809926429425, 15.852177649765576 ], [ 24.296634350332035, 15.776752150578456 ], [ 24.270235425616544, 15.731496851066186 ], [ 24.142012076998444, 15.739039400984899 ], [ 24.164639726754579, 15.599502227488729 ], [ 24.08921422756746, 15.580645852691951 ], [ 23.947964314231633, 15.599142051908217 ], [ 23.874251554884175, 15.527848003260967 ], [ 23.855395180087395, 15.463736328951917 ], [ 23.734714381388006, 15.475050153829985 ], [ 23.616233965408618, 15.559427855218139 ], [ 23.508772021423699, 15.510369141659808 ], [ 23.389629431353463, 15.470654944969731 ], [ 23.368900710330482, 15.358140630089952 ], [ 23.240677361712383, 15.373225729927377 ], [ 23.076588116266958, 15.454302040450287 ], [ 22.897491340410998, 15.331741705374462 ], [ 22.751866155095129, 15.384218163938378 ], [ 22.65842098641259, 15.32114267507766 ], [ 22.576932968865744, 15.182776344479903 ], [ 22.452480895207, 15.118664670170853 ], [ 22.282773522035985, 15.043239170983735 ], [ 22.147007623499171, 15.016840246268243 ], [ 22.097981049027545, 14.820733948381738 ], [ 21.894332201222326, 14.741537174235264 ], [ 21.735938652929381, 14.568058526104892 ], [ 21.626571679108057, 14.526574501551977 ], [ 21.662589932751231, 14.450831398719615 ], [ 21.645428053904837, 14.420978802690012 ], [ 21.576523380259715, 14.407798122473856 ], [ 21.519797697935758, 14.380413310317465 ], [ 21.494577055530602, 14.33046820366547 ], [ 21.473830334673245, 14.274297163211445 ], [ 21.490945842271003, 14.241044177021541 ], [ 21.487522740751441, 14.207791190831637 ], [ 21.460635580896398, 14.172074655372523 ], [ 21.403412246271095, 14.160845798563537 ], [ 21.334950215880117, 14.164757914585879 ], [ 21.325169925824262, 14.111944348284265 ], [ 21.323213867813092, 14.068911072038507 ], [ 21.268444243500308, 14.037614143859773 ], [ 21.220007625912121, 13.952137181221277 ], [ 21.178954589489251, 13.913404460150424 ], [ 21.15156977733286, 13.893843880038716 ], [ 21.130053139209981, 13.873305270921422 ], [ 21.124184965176468, 13.841030313737102 ], [ 21.153525835344031, 13.839074255725931 ], [ 21.182866705511593, 13.852766661804129 ], [ 21.223454909243376, 13.859612864843227 ], [ 21.280746985555773, 13.868036529406988 ], [ 21.350598679969483, 13.89090979302196 ], [ 21.407837731465417, 13.938255607892458 ], [ 21.43617621795822, 13.947635475345914 ], [ 21.470407233153708, 13.982844519546989 ], [ 21.48312161022632, 14.024899766787163 ], [ 21.463072015611804, 14.061575854496615 ], [ 21.456864305937042, 14.100420431144761 ], [ 21.535446162025124, 14.135906058921108 ], [ 21.572122249734594, 14.149109450496512 ], [ 21.630342954067412, 14.1569895555351 ], [ 21.613688482471961, 14.208280205334429 ], [ 21.634114229026771, 14.262585254397065 ], [ 21.723227731097527, 14.300214931859459 ], [ 21.860390726588125, 14.315383103828047 ], [ 21.873844197957684, 14.372589078272782 ], [ 21.841534351791346, 14.462462827242927 ], [ 21.869932081935342, 14.507557081043569 ], [ 21.920731125937817, 14.537888326430044 ], [ 22.26768842219856, 14.609542550657807 ], [ 22.589379396452266, 14.741035151054454 ], [ 22.713194244956632, 14.783085476961595 ], [ 22.820656188941552, 14.871858387210011 ], [ 22.888403936236394, 14.941942263721913 ], [ 22.928118132926471, 14.988664848063181 ], [ 23.00053813865544, 14.991000977280244 ], [ 23.082283813419433, 15.028154071146313 ], [ 23.208621524557859, 15.024382796186956 ], [ 23.219935349435925, 14.95649984691855 ], [ 23.329302323257245, 14.937643472121771 ], [ 23.382100172688229, 14.945186022040483 ], [ 23.4273554722005, 15.062095545780515 ], [ 23.559350095777955, 15.080951920577295 ], [ 23.608376670249584, 15.18654761943926 ], [ 23.747913843745753, 15.220489094073463 ], [ 23.770541493501888, 15.058324270821158 ], [ 23.661174519680564, 14.952728571959193 ], [ 23.793169143258023, 14.922558372284346 ], [ 23.898764842119988, 14.952728571959193 ], [ 24.026988190738088, 15.077180645617938 ], [ 24.355089112202052, 15.152606144805057 ], [ 24.661344779477929, 15.195975262314143 ], [ 24.702046408462792, 15.277058218463802 ], [ 24.863152875620159, 15.318889127343747 ], [ 24.921556106046747, 15.367947840902078 ], [ 25.055735245886986, 15.411314521558662 ], [ 25.154562518858789, 15.453602497475138 ], [ 25.216928161864367, 15.422995167643986 ], [ 25.319106862539197, 15.412795500242398 ], [ 25.391506373758578, 15.458867916472911 ], [ 25.481018496720719, 15.5102057517012 ], [ 25.571846974432304, 15.527318363443962 ], [ 25.679788063886654, 15.533900137191178 ], [ 25.756136639354363, 15.55496181318227 ], [ 25.818005312578197, 15.570758070175589 ], [ 25.85881230981094, 15.574707134423919 ], [ 25.912782854538111, 15.568125360676703 ], [ 25.939024595131528, 15.548590015537423 ], [ 25.932528175779762, 15.508889396951757 ], [ 25.90356837129201, 15.497042204206766 ], [ 25.871975857305372, 15.511522106450643 ], [ 25.829852505323185, 15.493093139958436 ], [ 25.818005312578197, 15.42595904773683 ], [ 25.790361862839887, 15.395682888499636 ], [ 25.72322777061828, 15.386468405253531 ], [ 25.701823264545947, 15.407662037592155 ], [ 25.607152398708209, 15.352483717650916 ], [ 25.546811999358514, 15.292143318301221 ], [ 25.610923673667564, 15.220489094073459 ], [ 25.608704907416715, 15.187698838087599 ], [ 25.66267545214389, 15.183749773839269 ], [ 25.735074963363271, 15.16795351684595 ], [ 25.787729153341001, 15.113982972118775 ], [ 25.85881230981094, 15.07975774863325 ], [ 25.806158119833206, 15.057379717892715 ], [ 25.716519372529529, 15.054552995861799 ], [ 25.629780048464344, 15.020611521227597 ], [ 25.535498174480448, 14.997983871471462 ], [ 25.479702141971277, 14.962273087245437 ], [ 25.448758850415263, 14.86976052285336 ], [ 25.358248251390719, 14.873531797812717 ], [ 25.296504845385435, 14.887873286795534 ], [ 25.288535645799517, 14.880331008615999 ], [ 25.301177103819569, 14.800268441155653 ], [ 25.270736240004958, 14.779340347283112 ], [ 25.270807423997727, 14.779243278202069 ], [ 25.180998328300994, 14.78679247374753 ], [ 25.116886653991944, 14.77924992382882 ], [ 25.073606701768028, 14.751656327334514 ], [ 25.04523242976418, 14.684968049844922 ], [ 25.002523545298093, 14.689458565423321 ], [ 24.948553000570918, 14.686825855924434 ], [ 24.903796939089847, 14.648651568190578 ], [ 24.906429648588734, 14.601262797210621 ], [ 24.873665457096937, 14.590016811619927 ], [ 24.78400865689051, 14.627589892199486 ], [ 24.619078359356966, 14.617085100576515 ], [ 24.549039334114884, 14.612780901268247 ], [ 24.551672043613774, 14.571973904035506 ], [ 24.531926722372123, 14.525901487804992 ], [ 24.464792630150516, 14.494308973818352 ], [ 24.425426981680371, 14.450206183625017 ], [ 24.402923956926681, 14.402164141357323 ], [ 24.425301987667218, 14.373204336869572 ], [ 24.438465535161651, 14.329764630137944 ], [ 24.402923956926681, 14.281059504408542 ], [ 24.459527211152743, 14.246834280923018 ], [ 24.527977658123792, 14.246834280923018 ], [ 24.668104933828591, 14.239014785901087 ], [ 24.683307518558099, 14.282375859157986 ], [ 24.656791108950522, 14.31821156004756 ], [ 24.693838356553645, 14.342928177632377 ], [ 24.743859837032488, 14.35214266087848 ], [ 24.80046309125855, 14.349509951379593 ], [ 24.85311728123628, 14.34819359663015 ], [ 24.908404180712896, 14.336346403885161 ], [ 24.903138761715123, 14.287641278155759 ], [ 24.861015409732939, 14.269212311663553 ], [ 24.85311728123628, 14.247821546985101 ], [ 24.889975214220691, 14.225443516244566 ], [ 24.958425661191743, 14.209647259251247 ], [ 24.966035655617706, 14.140961636957833 ], [ 25.050570493652771, 14.039837496573064 ], [ 25.14705685366679, 13.990110638583598 ], [ 25.205900354087078, 14.027990303828075 ], [ 25.233796177731975, 14.118333987201698 ], [ 25.263819963062581, 14.151727650275742 ], [ 25.213798482583737, 14.185952873761268 ], [ 25.215114837333179, 14.21096361400069 ], [ 25.25642382748811, 14.220158411104308 ], [ 25.408948236465065, 14.210775109522613 ], [ 25.534989041447893, 14.224127161495122 ], [ 25.607388552667274, 14.29126125371673 ], [ 25.705205547651463, 14.306897735169493 ], [ 25.720290647488888, 14.250328610779155 ], [ 25.641093873342413, 14.182445661510748 ], [ 25.616603035913375, 14.138564102781309 ], [ 25.652407698220479, 14.10702016232363 ], [ 25.686349172854683, 14.06176486281136 ], [ 25.739147022285668, 14.039137213055223 ], [ 25.769958364223516, 13.997385055903516 ], [ 25.831827037447351, 13.968425251415765 ], [ 25.951615319646688, 13.965792541916878 ], [ 25.979258769384998, 13.944730865925786 ], [ 25.958197093393906, 13.921036480435808 ], [ 25.913441031912836, 13.911821997189705 ], [ 25.92002280566005, 13.873647709455849 ], [ 25.980272914999414, 13.835488365249885 ], [ 25.996371381127759, 13.798615488737584 ], [ 25.958873971371101, 13.788799760969928 ], [ 25.955743558220238, 13.767740617955033 ], [ 25.904226548666731, 13.771959305061356 ], [ 25.885797582174526, 13.739050436325273 ], [ 25.912124677163391, 13.706141567589192 ], [ 25.913441031912836, 13.639007475367585 ], [ 25.955159525915974, 13.582741539384287 ], [ 26.013483992870523, 13.542913578658226 ], [ 25.950298964897247, 13.525800966915464 ], [ 25.918706450910609, 13.513953774170474 ], [ 25.916073741411722, 13.47972855068495 ], [ 25.895419228413907, 13.448461272545989 ], [ 25.857706478820347, 13.42017671035082 ], [ 25.808679904348722, 13.406977247993074 ], [ 25.674799643291589, 13.472974559781802 ], [ 25.64462944361674, 13.446575635066312 ], [ 25.635524853015603, 13.416923528115637 ], [ 25.565432669470269, 13.405091610513397 ], [ 25.510749182559607, 13.425833622789854 ], [ 25.474922070445729, 13.397549060594685 ], [ 25.480578982884762, 13.357950673521447 ], [ 25.459836970608304, 13.335323023765312 ], [ 25.395725296299254, 13.36549322344016 ], [ 25.341041809388592, 13.35606503604177 ], [ 25.308985972234069, 13.318352286448212 ], [ 25.25241684784373, 13.293838999212397 ], [ 25.17493837011666, 13.275632596299982 ], [ 25.156249336380156, 13.242926787261094 ], [ 25.180887599066129, 13.226513013114213 ], [ 25.302366318353428, 13.198479462509445 ], [ 25.352355634266662, 13.176929475472367 ], [ 25.412696033616356, 13.180700750431722 ], [ 25.480578982884762, 13.207099675147212 ], [ 25.523948644917354, 13.1825863879114 ], [ 25.5541188445922, 13.158073100675587 ], [ 25.522063007437676, 13.131674175960095 ], [ 25.456065695648949, 13.116589076122672 ], [ 25.437209320852169, 13.097732701325892 ], [ 25.442866233291202, 13.048706126854267 ], [ 25.414581671096034, 13.03550666449652 ], [ 25.344813084347951, 13.060019951732334 ], [ 25.293900872396645, 13.095847063846215 ], [ 25.250531210364052, 13.052477401813622 ], [ 25.18830517353468, 12.943110427992302 ], [ 25.048768000038514, 12.939339153032947 ], [ 25.008014037003431, 12.885438147422937 ], [ 24.928087201339125, 12.85259982896776 ], [ 24.852661702152009, 12.863913653845829 ], [ 24.816451441204226, 12.801337495608655 ], [ 24.704317238785176, 12.754614911267387 ], [ 24.552845342883217, 12.665450309109728 ], [ 24.560387892801927, 12.601338634800678 ], [ 24.556616617842572, 12.54476951041034 ], [ 24.516075412029497, 12.531098638682671 ], [ 24.467048837557869, 12.565040113316874 ], [ 24.406708438208174, 12.563154475837196 ], [ 24.370881326094295, 12.538641188601384 ], [ 24.340711126419446, 12.551840650959129 ], [ 24.334111395240576, 12.582482260003898 ], [ 24.381931406830414, 12.651825225716598 ], [ 24.185696552597086, 12.693875551623732 ], [ 24.113491810118255, 12.630566015735686 ], [ 24.11726308507761, 12.483486292320807 ], [ 24.128576909955679, 12.400518243214977 ], [ 23.985268461500155, 12.321321469068504 ], [ 24.075779060524699, 12.215725770206539 ], [ 24.038066310931139, 12.17801302061298 ], [ 23.924928062150464, 12.159156645816202 ], [ 23.890986587516259, 12.189326845491049 ], [ 23.860816387841414, 12.26098106971881 ], [ 23.81556108832914, 12.272294894596877 ], [ 23.721279214345245, 12.257209794759454 ], [ 23.600598415645855, 12.208183220287827 ], [ 23.589284590767789, 12.151614095897489 ], [ 23.491231441824535, 12.038475847116814 ], [ 23.363008093206435, 11.963050347929695 ], [ 23.234784744588335, 11.95927907297034 ], [ 23.12164649580766, 11.917795048417425 ], [ 23.072619921336035, 11.849912099149019 ], [ 23.07639119629539, 11.782029149880614 ], [ 23.023593346864409, 11.748087675246412 ], [ 22.925540197921155, 11.725460025490275 ], [ 22.876719749223252, 11.632162805511282 ], [ 23.008508247026985, 11.650034526303157 ], [ 23.110332670929594, 11.636835063945409 ], [ 23.242327294507049, 11.723574388010595 ], [ 23.336609168490945, 11.753744587685441 ], [ 23.40449211775935, 11.787686062319645 ], [ 23.48746016686518, 11.802771162157068 ], [ 23.585513315808434, 11.832941361831915 ], [ 23.685020458327212, 11.795691850705726 ], [ 23.85789402038991, 11.795691850705726 ], [ 24.00789611125629, 11.81031371207578 ], [ 24.17383220946795, 11.802771162157068 ], [ 24.237943883777, 11.836712636791271 ], [ 24.234172608817644, 11.885739211262898 ], [ 24.158747109630525, 11.908366861019033 ], [ 24.188917309305374, 11.953622160531303 ], [ 24.294513008167339, 11.98379236020615 ], [ 24.48864890899705, 12.015287997109692 ], [ 24.684883763230381, 12.029304772412072 ], [ 24.839068291556572, 11.982582188070797 ], [ 25.229789198087595, 12.096930608986826 ], [ 25.27881577255922, 12.017733834840353 ], [ 25.527719919876709, 11.998877460043573 ], [ 25.667257093372879, 11.93853706069388 ], [ 25.74645386751935, 11.968707260368726 ], [ 25.968959090121349, 11.885739211262898 ], [ 26.059469689145889, 11.836712636791271 ], [ 26.172607937926564, 11.870654111425473 ], [ 26.251804712073039, 11.802771162157068 ], [ 26.383799335650494, 11.791457337279001 ], [ 26.39511316052856, 11.719803113051238 ], [ 26.293288736625954, 11.689632913376391 ], [ 26.180150487845275, 11.716031838091883 ], [ 26.15752283808914, 11.663233988660901 ], [ 26.127352638414294, 11.584037214514428 ], [ 26.085868613861379, 11.606664864270563 ], [ 25.968959090121349, 11.591579764433138 ], [ 25.931246340527789, 11.633063788986053 ], [ 25.874677216137449, 11.587808489473783 ], [ 25.88221976605616, 11.512382990286666 ], [ 25.799251716950334, 11.497297890449243 ], [ 25.723826217763214, 11.50861171532731 ], [ 25.693656018088369, 11.455813865896328 ], [ 25.765310242316129, 11.410558566384056 ], [ 25.818108091747114, 11.338904342156296 ], [ 25.931246340527789, 11.387930916627921 ], [ 25.950102715324569, 11.327590517278228 ], [ 25.897304865893584, 11.289877767684668 ], [ 25.867995775933082, 11.229253673134364 ], [ 25.80725641628943, 11.20589238096373 ], [ 25.788567382552923, 11.103102695412941 ], [ 25.713811247606891, 11.033018818901033 ], [ 25.564298977714831, 10.981623976125638 ], [ 25.419458966256894, 10.883506549008976 ], [ 25.260602179496573, 10.776044605024053 ], [ 25.101745392736259, 10.691943953209771 ], [ 24.942888605975941, 10.635876852000242 ], [ 24.868132471029913, 10.640549110434369 ], [ 24.872804729464036, 10.701288470078017 ], [ 24.872804729464036, 10.888178807443103 ], [ 24.854115695727529, 10.967607200823258 ], [ 24.890374451745565, 11.037202345407826 ], [ 25.071395649794649, 11.105085294676231 ], [ 25.094023299550784, 11.180510793863348 ], [ 25.029911625241734, 11.203138443619483 ], [ 24.667869229143569, 11.093771469798163 ], [ 24.67541177906228, 11.014574695651691 ], [ 24.671640504102925, 10.961776846220708 ], [ 24.569816080200319, 10.871266247196166 ], [ 24.564435672811662, 10.80875041406294 ], [ 24.599986279875164, 10.720415248821931 ], [ 24.569816080200319, 10.675159949309661 ], [ 24.407651256948014, 10.656303574512881 ], [ 24.21908750898022, 10.622362099878679 ], [ 24.17383220946795, 10.648761024594171 ], [ 24.209344031818009, 10.766700088155799 ], [ 24.106554346267217, 10.864817515272462 ], [ 24.027125952887058, 10.967607200823258 ], [ 23.96171433480928, 10.967607200823258 ], [ 23.864587662800769, 10.973090671098776 ], [ 23.849502562963345, 11.040973620367181 ], [ 23.785390888654295, 11.090000194838808 ], [ 23.547800566214875, 11.116399119554298 ], [ 23.35923681824708, 11.090000194838808 ], [ 23.2121570948322, 11.082457644920096 ], [ 23.114901866476867, 11.018769335317947 ], [ 23.068179282135596, 10.967374492542545 ], [ 23.082196057437983, 10.91597964976715 ], [ 23.161624450818138, 10.906635132898897 ], [ 23.273758653237188, 10.864584806991749 ], [ 23.385892855656234, 10.799173188913974 ], [ 23.460648990602262, 10.785156413611594 ], [ 23.614833518928453, 10.644988660587783 ], [ 23.670900620137978, 10.537526716602867 ], [ 23.619505777362583, 10.467442840090959 ], [ 23.59615327679365, 10.379663409344589 ], [ 23.600065392815992, 10.311201378953609 ], [ 23.54725182651438, 10.320981669009463 ], [ 23.486614028168084, 10.309245320942438 ], [ 23.451404983967009, 10.250563580607313 ], [ 23.459229216011693, 10.156672796071112 ], [ 23.420108055788276, 10.137112215959403 ], [ 23.37654833878798, 10.098334423794929 ], [ 23.349689967386126, 10.035397199378519 ], [ 23.40445959169891, 10.021704793300323 ], [ 23.474877680101059, 10.021704793300323 ], [ 23.5726805806596, 9.978671517054565 ], [ 23.611801740883017, 9.927814008764123 ], [ 23.686131945307512, 9.898473138596561 ], [ 23.813275716033615, 9.892604964563048 ], [ 23.883693804435765, 9.890648906551878 ], [ 23.89543015250279, 9.843703514283776 ], [ 23.950199776815577, 9.788933889970993 ], [ 23.983452763005481, 9.751768787758747 ], [ 23.942375544770893, 9.704823395490646 ], [ 23.897386210513961, 9.679394641345425 ], [ 23.852396876257032, 9.687218873390108 ], [ 23.797627251944249, 9.741988497702893 ], [ 23.735033395586782, 9.734164265658208 ], [ 23.652878959117608, 9.722427917591183 ], [ 23.609845682871846, 9.751768787758747 ], [ 23.5726805806596, 9.728296091624696 ], [ 23.562900290603746, 9.693087047423621 ], [ 23.506174608279792, 9.689174931401279 ], [ 23.449448925955839, 9.708735511512987 ], [ 23.413926406260988, 9.701192456894139 ], [ 23.396635359654226, 9.663746177256058 ], [ 23.47683373811223, 9.632449249077325 ], [ 23.486614028168084, 9.590394001837151 ], [ 23.416195939765934, 9.574745537747784 ], [ 23.337953619319102, 9.574745537747784 ], [ 23.232326486715873, 9.590394001837151 ], [ 23.134523586157332, 9.574745537747784 ], [ 23.166296709252265, 9.514302119529068 ], [ 23.334041503296756, 9.457382057077535 ], [ 23.306656691140365, 9.418260896854116 ], [ 23.240150718760557, 9.359579156518992 ], [ 23.157996282291382, 9.312633764250892 ], [ 23.072851540569722, 9.336756299032244 ], [ 22.946742017084929, 9.320457996295575 ], [ 22.868499696638096, 9.296985300161523 ], [ 22.837202768459363, 9.24221567584874 ], [ 22.856763348571072, 9.187446051535957 ], [ 22.813730072325313, 9.109203731089123 ], [ 22.71983928778911, 9.077906802910389 ], [ 22.715927171766769, 9.019225062575265 ], [ 22.625948503252911, 8.933158510083747 ], [ 22.492936558493295, 8.91751004599438 ], [ 22.414694238046458, 8.862740421681597 ], [ 22.363836729756017, 8.792322333279445 ], [ 22.223000552951717, 8.78058598521242 ], [ 22.082660244505117, 8.771608913574783 ], [ 21.979543066984011, 8.734034961029868 ], [ 21.841298647106342, 8.75652381373736 ], [ 21.79732498805306, 8.67329560138622 ], [ 21.656506174097903, 8.64715683991604 ], [ 21.471713701089467, 8.684869589509598 ], [ 21.332176527593298, 8.69241213942831 ], [ 21.192639354097132, 8.715039789184445 ], [ 20.947506481738998, 8.699954689347022 ], [ 20.691059784502798, 8.65469938983475 ], [ 20.691059784502798, 8.556646240891498 ], [ 20.306389738648498, 8.530247316176007 ], [ 20.128162152454671, 8.602188385006441 ], [ 19.866515680143557, 8.560138059099307 ], [ 19.744469769704473, 8.556646240891498 ], [ 19.650187895720578, 8.48122074170438 ], [ 19.586076221411528, 8.492534566582448 ], [ 19.586076221411528, 8.567960065769565 ], [ 19.499336897346343, 8.64715683991604 ] ] ], [ [ [ 17.918229870636392, 17.732629626374266 ], [ 17.808862896815072, 17.74771472621169 ], [ 17.872974571124121, 17.860852974992365 ], [ 18.004969194701577, 17.898565724585925 ], [ 18.074819126488755, 18.003340622266688 ], [ 18.193564010526952, 18.094145533590019 ], [ 18.287814816653267, 18.090900747513075 ], [ 18.385867965596521, 18.1059858473505 ], [ 18.419809440230722, 18.056959272878871 ], [ 18.517862589173976, 18.056959272878871 ], [ 18.631000837954652, 18.03056034816338 ], [ 18.612144463157872, 17.932507199220129 ], [ 18.563117888686246, 17.909879549463994 ], [ 18.412266890312011, 17.909879549463994 ], [ 18.355697765921672, 17.87593807482979 ], [ 18.299128641531336, 17.815597675480095 ], [ 18.231245692262931, 17.823140225398806 ], [ 18.144506368197746, 17.823140225398806 ], [ 18.031368119417067, 17.77411365092718 ], [ 17.918229870636392, 17.732629626374266 ] ] ] ] } },
{ "type": "Feature", "properties": { "id": 10, "name": "The Westerlands", "ClaimedBy": "Lannister" }, "geometry": { "type": "MultiPolygon", "coordinates": [ [ [ [ 10.50060089882971, 11.006014146753536 ], [ 10.823113908062417, 11.163154891449494 ], [ 10.954439425466347, 11.262781146031786 ], [ 11.131049604044044, 11.122398696393104 ], [ 11.294074384269612, 10.850690729350491 ], [ 11.32577364709125, 10.615210491246893 ], [ 11.307659782621743, 10.338974058086905 ], [ 11.221343893735728, 10.086482682306663 ], [ 11.216426324698077, 9.889779920800594 ], [ 11.206591186622774, 9.683242021219224 ], [ 11.108407273457161, 9.39026040649645 ], [ 10.900097832057824, 9.032511583223677 ], [ 10.655560661719473, 8.720047421124674 ], [ 10.548592631444413, 8.20779802613866 ], [ 11.147525103300993, 7.129874011724038 ], [ 11.297500294678162, 6.95337769022213 ], [ 11.765567584199255, 6.532117129653146 ], [ 12.383416406367099, 5.806612830895454 ], [ 12.982542536954098, 5.478965728230689 ], [ 13.403803097523081, 5.273016120841408 ], [ 12.982542536954098, 4.720696719206518 ], [ 12.785954275355238, 4.43049499970344 ], [ 12.617450051127644, 4.046679822296143 ], [ 12.336609677414989, 3.7283940654218 ], [ 12.09321468686402, 3.428831000128301 ], [ 11.606424705762084, 3.250965430110285 ], [ 11.185164145193099, 3.082461205882692 ], [ 10.810710313576225, 2.979486402188051 ], [ 10.211584182989226, 2.867150252702989 ], [ 9.855853042953195, 2.932679673235942 ], [ 9.020925946806088, 3.084993390385605 ], [ 8.450122449088461, 3.067339673961348 ], [ 8.144124697734682, 2.949648231132973 ], [ 7.773396652825297, 2.702496201193382 ], [ 7.349707458643143, 2.502420748385143 ], [ 7.01428684658227, 2.331768156283997 ], [ 6.661212518097142, 2.190538424889945 ], [ 6.215258613406318, 2.104038741938565 ], [ 5.743171985791757, 1.897500842357194 ], [ 5.251415082026589, 1.730303495077037 ], [ 4.709262427991018, 1.551099833553131 ], [ 4.479356743115274, 1.553271009721577 ], [ 4.533450002529443, 1.646704821436959 ], [ 4.656389228470735, 1.754891340265296 ], [ 4.543285140604747, 1.931923825620756 ], [ 4.430181052738758, 2.040110344449093 ], [ 4.228560722195039, 2.108956310976217 ], [ 4.164632324705567, 2.17780227750334 ], [ 4.243313429307994, 2.226977967879857 ], [ 4.449851328889364, 2.202390122691599 ], [ 4.503944588303533, 2.26631852018107 ], [ 4.459686466964667, 2.379422608047059 ], [ 4.444933759851713, 2.541702386289565 ], [ 4.454768897927016, 2.600713214741385 ], [ 4.597378400018915, 2.694147026456767 ], [ 4.607213538094218, 2.772828131059194 ], [ 4.524835738988185, 2.821479129327196 ], [ 4.383464146881067, 2.807251114322758 ], [ 4.319535749391595, 2.910520064113443 ], [ 4.368711439768112, 3.028541721017084 ], [ 4.462145251483494, 3.107222825619511 ], [ 4.555590420166033, 3.172634443697286 ], [ 4.625674296677937, 3.172634443697286 ], [ 4.684077527104525, 3.226365415689743 ], [ 4.784531083438255, 3.226365415689743 ], [ 4.824245280128332, 3.282432516899271 ], [ 4.814900763260079, 3.38522220245006 ], [ 4.873303993686666, 3.422600269923075 ], [ 5.003742228486197, 3.543343057399804 ], [ 5.041120295959214, 3.618099192345839 ], [ 5.008414486920325, 3.744250170067269 ], [ 5.03878416674215, 3.849375984835122 ], [ 5.03878416674215, 3.928804378215277 ], [ 5.101662382468977, 4.03687631149576 ], [ 5.081758950227606, 4.095654202187498 ], [ 4.963737293323965, 4.115324478338105 ], [ 4.944067017173359, 4.228428566204094 ], [ 4.865385912570932, 4.312027239844173 ], [ 4.727693979516685, 4.30219210176887 ], [ 4.77195210085555, 4.380873206371296 ], [ 4.86046834353328, 4.430048896747813 ], [ 4.966364161013185, 4.474290550399624 ], [ 5.097187397168739, 4.567735719082174 ], [ 5.265388700797309, 4.633147337159941 ], [ 5.317802264034887, 4.730020608044565 ], [ 5.316319043446584, 4.850272774314249 ], [ 5.248956297507763, 4.97589905992715 ], [ 5.260251942237061, 5.079213437586468 ], [ 5.358369369353727, 5.191347640005517 ], [ 5.503209380811662, 5.284792808688053 ], [ 5.540587448284678, 5.42963282014599 ], [ 5.596654549494203, 5.537094764130913 ], [ 5.582637774191819, 5.742674135232498 ], [ 5.610671324796582, 5.854808337651541 ], [ 5.559276482021185, 5.948253506334075 ], [ 5.549931965152932, 6.079076742489633 ], [ 5.49483474939035, 6.156115628963557 ], [ 5.381730661524361, 6.175785905114164 ], [ 5.130934640604125, 6.106939938587041 ], [ 4.939149448135709, 6.161033198001209 ], [ 4.687765135977946, 6.053126060677864 ], [ 4.482185764876357, 5.992386701034216 ], [ 4.323328978116042, 5.870907981746913 ], [ 4.323328978116042, 5.782135071498504 ], [ 4.211194775696994, 5.735412487157237 ], [ 4.033648955200169, 5.651311835342947 ], [ 3.963565078688265, 5.61393376786994 ], [ 3.814052808796203, 5.61393376786994 ], [ 3.701918606377156, 5.576555700396919 ], [ 3.622490212996997, 5.515816340753271 ], [ 3.524372785880332, 5.515816340753271 ], [ 3.477650201539061, 5.581227958831046 ], [ 3.435599875631918, 5.63262280160644 ], [ 3.458961167802553, 5.777462813064377 ], [ 3.5966531008568, 5.934825022269232 ], [ 3.709757188722789, 6.01842369590931 ], [ 3.754015310061654, 6.102022369549389 ], [ 3.876954536002946, 6.190538612227119 ], [ 3.97530591675598, 6.338065683356669 ], [ 3.88975611525486, 6.457838585386452 ], [ 3.922461924293749, 6.551283754068987 ], [ 4.011234834542161, 6.588661821542009 ], [ 4.088410004621968, 6.642954963691074 ], [ 4.17961330697131, 6.660394730475643 ], [ 4.324453318429246, 6.80523474193358 ], [ 4.457842426640328, 6.807717478490288 ], [ 4.547008371094146, 6.809718659633033 ], [ 4.645125798210814, 6.847096727106054 ], [ 4.799310326537003, 6.875130277710808 ], [ 4.876453947128833, 6.920855727270965 ], [ 4.914166696722392, 6.969882301742591 ], [ 4.90662414680368, 7.105648200279403 ], [ 4.997134745828221, 7.177302424507165 ], [ 5.076331519974695, 7.158446049710387 ], [ 5.129129369405678, 7.203701349222657 ], [ 5.344092042088964, 7.233871548897504 ], [ 5.385576066641879, 7.264041748572351 ], [ 5.385576066641879, 7.331924697840758 ], [ 5.47608666566642, 7.358323622556249 ], [ 5.592996189406453, 7.350781072637537 ], [ 5.72499081298391, 7.392265097190452 ], [ 5.770246112496181, 7.501632071011772 ], [ 5.932410935748484, 7.509174620930485 ], [ 6.039538618491387, 7.571894003177882 ], [ 6.117203408756923, 7.769392593126041 ], [ 6.219027832659533, 7.871217017028651 ], [ 6.317080981602786, 7.969270165971905 ], [ 6.199735903581317, 8.051488130428551 ], [ 6.190391386713062, 8.215017175623002 ], [ 6.279164296961475, 8.411252029856326 ], [ 6.405315274682901, 8.602814625655531 ], [ 6.433348825287664, 8.682243019035687 ], [ 6.466054634326553, 8.911183682307913 ], [ 6.489415926497187, 9.051351435331716 ], [ 6.536138510838456, 9.126107570277759 ], [ 6.536138510838456, 9.224224997394421 ], [ 6.606222387350361, 9.331686941379344 ], [ 6.610894645784488, 9.411115334759499 ], [ 6.680978522296392, 9.44849340223252 ], [ 6.80712950001782, 9.44849340223252 ], [ 6.830490792188455, 9.630711481163464 ], [ 6.933280477739248, 9.766206975753148 ], [ 7.003364354251153, 9.897030211908698 ], [ 7.068775972328932, 10.013836672761874 ], [ 7.045414680158296, 10.08859280770791 ], [ 7.029389992159088, 10.207436709485451 ], [ 6.963978374081312, 10.28219284443148 ], [ 6.800449328886867, 10.356948979377508 ], [ 6.725693193940836, 10.43637737275767 ], [ 6.711676418638455, 10.529822541440206 ], [ 6.78176029515036, 10.660645777595763 ], [ 6.837827396359883, 10.772779980014812 ], [ 6.82848287949163, 10.889586440867982 ], [ 6.884549980701153, 10.898930957736235 ], [ 7.048079025895597, 10.889586440867982 ], [ 7.178902262051152, 11.029754193891792 ], [ 7.375137116284484, 11.011065160155285 ], [ 7.459237768098769, 11.057787744496553 ], [ 7.53808468453462, 11.142530633142364 ], [ 7.636436065287653, 11.15359516347708 ], [ 7.717575954408906, 11.152365771217667 ], [ 7.781504351898377, 11.081061020171719 ], [ 7.857828884686392, 11.085987106934741 ], [ 7.997996637710203, 11.062625814764107 ], [ 8.059347002525698, 11.046638036908156 ], [ 8.103605123864563, 11.036802898832853 ], [ 8.11098147742104, 10.980250854899859 ], [ 8.142945676165777, 10.931075164523342 ], [ 8.24129705691881, 10.931075164523342 ], [ 8.297849100851804, 10.918781241929212 ], [ 8.322436946040062, 10.857311628958566 ], [ 8.209332858174074, 10.788465662431443 ], [ 8.219167996249377, 10.69011428167841 ], [ 8.201956504617597, 10.658150082933673 ], [ 8.140486891646951, 10.64831494485837 ], [ 8.140486891646951, 10.616350746113634 ], [ 8.16999230587286, 10.581927762850071 ], [ 8.361777498341274, 10.65323251389602 ], [ 8.524057276583779, 10.749125110130228 ], [ 8.693713408382763, 10.840100137326784 ], [ 8.742889098759282, 10.918781241929212 ], [ 8.855993186625268, 10.808135938582048 ], [ 8.917462799595913, 10.803218369544396 ], [ 9.001061473235993, 10.803218369544396 ], [ 9.166279300237219, 10.919257666927322 ], [ 9.231690918314996, 10.95196347596621 ], [ 9.269068985788012, 11.045408644648745 ], [ 9.44194254785071, 11.040736386214625 ], [ 9.610143851479281, 11.059425419951125 ], [ 9.759656121371343, 11.031391869346372 ], [ 9.848429031619753, 11.050080903082872 ], [ 9.988596784643564, 11.143526071765415 ], [ 10.208324671979481, 11.093354942765846 ], [ 10.232912517167739, 11.039261683351677 ], [ 10.198489533904176, 10.967956932305729 ], [ 10.315318708691667, 10.958857726041007 ], [ 10.390674491842384, 10.952146323250364 ], [ 10.442069334617781, 10.994196649157505 ], [ 10.50060089882971, 11.006014146753536 ] ] ], [ [ [ 5.436488278593184, 8.506676847680119 ], [ 5.515685052739657, 8.555703422151746 ], [ 5.579796727048707, 8.525533222476898 ], [ 5.628823301520335, 8.419937523614934 ], [ 5.549626527373861, 8.355825849305884 ], [ 5.511913777780301, 8.231373775647139 ], [ 5.432123196675803, 8.176641097882115 ], [ 5.418153210318368, 7.97407629569931 ], [ 5.319578754853151, 7.858017554670905 ], [ 5.327121304771863, 7.680767631581178 ], [ 5.260990863797222, 7.60736415381663 ], [ 5.168727756478915, 7.533687908166297 ], [ 5.03747108207826, 7.554976704976245 ], [ 4.867025759730443, 7.480890058735315 ], [ 4.738802411112342, 7.394150734670129 ], [ 4.689775836640716, 7.333810335320435 ], [ 4.599265237616174, 7.35643798507657 ], [ 4.655834362006512, 7.492203883613382 ], [ 4.813951300359295, 7.586409174280473 ], [ 4.845383769663523, 7.743571520801621 ], [ 4.971113646880442, 7.858823908250454 ], [ 5.044456075256976, 7.918196350269565 ], [ 5.110813510454794, 7.977568792288662 ], [ 5.180663442241969, 8.12774614563109 ], [ 5.257498367207861, 8.236013539901219 ], [ 5.247924530625388, 8.359597124265239 ], [ 5.345977679568642, 8.465192823127204 ], [ 5.436488278593184, 8.506676847680119 ] ] ] ] } },
{ "type": "Feature", "properties": { "id": 11, "name": "Crownlands", "ClaimedBy": "Targaryen" }, "geometry": { "type": "MultiPolygon", "coordinates": [ [ [ [ 23.946029877287007, 6.83485243459876 ], [ 24.064774761325204, 6.827867441420034 ], [ 24.082237244271997, 6.758017509632859 ], [ 24.075252251093278, 6.688167577845684 ], [ 23.973969850001875, 6.674197591488253 ], [ 23.932059890929569, 6.625302639237229 ], [ 23.907612414804056, 6.565930197218131 ], [ 23.823792496659447, 6.548467714271334 ], [ 23.687585129674453, 6.57640768698621 ], [ 23.596780218351125, 6.558945204039413 ], [ 23.512960300206515, 6.57640768698621 ], [ 23.492005320670359, 6.618317646058509 ], [ 23.481527830902284, 6.688167577845684 ], [ 23.540900272921384, 6.730077536917998 ], [ 23.708540109210606, 6.71610755056056 ], [ 23.841254979606241, 6.730077536917998 ], [ 23.900627421625341, 6.778972489169016 ], [ 23.946029877287007, 6.83485243459876 ] ] ], [ [ [ 22.800037666247128, 2.174489066985674 ], [ 22.661882737814864, 2.208758333759656 ], [ 22.24407811577413, 2.226412050183913 ], [ 21.868828649733224, 2.606676655016844 ], [ 21.227410286318573, 2.606676655016844 ], [ 20.733106226439393, 2.6243303714411 ], [ 20.368262753671427, 2.771444674976571 ], [ 20.044611285893392, 2.87148240138069 ], [ 19.65034495241833, 2.906789834229203 ], [ 19.186321075719807, 2.87474910525191 ], [ 18.914789278646186, 2.867206555333198 ], [ 18.688512781084832, 2.987887354032587 ], [ 18.288757635393111, 3.153823452244245 ], [ 17.851289740107827, 3.576206247692103 ], [ 17.617470692627766, 3.719514696147626 ], [ 17.83201216071992, 4.289664287462625 ], [ 17.890888127181068, 4.467641366209819 ], [ 17.917287051896558, 4.690146588811817 ], [ 17.909744501977848, 4.931508186210593 ], [ 17.868260477424933, 5.24452400783713 ], [ 17.721180754010053, 5.549997279544956 ], [ 17.706095654172632, 5.881869475968273 ], [ 17.913515776937203, 6.225055497269658 ], [ 18.237845423441808, 6.448503538611493 ], [ 18.47355010840155, 6.967053845522928 ], [ 18.760167005312599, 7.249899467474618 ], [ 18.96758712807717, 7.370580266174007 ], [ 19.37111354872825, 7.62325568845085 ], [ 19.60870387116767, 7.672282262922477 ], [ 19.834980368729024, 7.638340788288274 ], [ 20.057485591331019, 7.657197163085053 ], [ 20.23096423946139, 7.743936487150238 ], [ 20.351645038160779, 7.872159835768338 ], [ 20.415756712469829, 8.030553384061285 ], [ 20.536878547322445, 8.062712695112719 ], [ 20.59556028765757, 8.10965808738082 ], [ 20.54861489538947, 8.140955015559554 ], [ 20.446899878808587, 8.176164059760628 ], [ 20.482108923009662, 8.211373103961703 ], [ 20.579911823568203, 8.211373103961703 ], [ 20.650329911970353, 8.211373103961703 ], [ 20.677714724126748, 8.297439656453221 ], [ 20.791166088774656, 8.297439656453221 ], [ 20.898715611952369, 8.261543975321993 ], [ 21.064651710164028, 8.276629075159416 ], [ 21.207960158619553, 8.223831225728434 ], [ 21.323249490918069, 8.117139639072033 ], [ 21.538173378887912, 8.107795122203779 ], [ 21.715719199384736, 8.028366728823624 ], [ 21.869818913986514, 8.072980227354194 ], [ 22.047068837076242, 8.069208952394836 ], [ 22.148893260978848, 8.016411102963854 ], [ 22.260165655163963, 8.054888463068036 ], [ 22.311023163454404, 8.164427711693603 ], [ 22.373617019811871, 8.234845800095753 ], [ 22.48315626843744, 8.313088120542588 ], [ 22.549662240817248, 8.297439656453221 ], [ 22.557486472861932, 8.246582148162778 ], [ 22.584871285018323, 8.215285219984045 ], [ 22.655289373420473, 8.254406380207463 ], [ 22.710058997733256, 8.340472932698979 ], [ 22.702234765688573, 8.406978905078789 ], [ 22.776564970113068, 8.410891021101131 ], [ 22.853214647947674, 8.474741395969762 ], [ 22.95971737724037, 8.412394973696223 ], [ 23.03137160146813, 8.431251348493003 ], [ 23.201078974639145, 8.593416171745307 ], [ 23.382100172688229, 8.649985296135645 ], [ 23.532951171062464, 8.653756571095002 ], [ 23.626672898942655, 8.565676448748217 ], [ 23.785529685702969, 8.649777100562506 ], [ 23.819568067973513, 8.834777769144084 ], [ 24.042503899579952, 8.916095831307739 ], [ 24.162754089274902, 9.000713867355744 ], [ 24.32967503098272, 9.147835876809747 ], [ 24.430301349612492, 9.191759078921226 ], [ 24.484203613865215, 9.224122139245411 ], [ 24.49398390392107, 9.330238286351429 ], [ 24.544841412211515, 9.341974634418454 ], [ 24.607435268568981, 9.349798866463138 ], [ 24.67589729895996, 9.353710982485479 ], [ 24.729325889396616, 9.416027483759326 ], [ 24.701326053105181, 9.473030521166901 ], [ 24.730666923272743, 9.508239565367976 ], [ 24.77174414150733, 9.516063797412659 ], [ 24.797172895652551, 9.490635043267439 ], [ 24.846074345931825, 9.521931971446172 ], [ 24.867590984054704, 9.572789479736613 ], [ 24.8812833901329, 9.625603046038227 ], [ 24.927250753395416, 9.639784466619215 ], [ 24.974196145663516, 9.620223886507507 ], [ 25.021141537931616, 9.631960234574532 ], [ 25.075911162244399, 9.676949568831462 ], [ 25.120900496501331, 9.727807077121904 ], [ 25.159173665336294, 9.738413315714087 ], [ 25.214791281037531, 9.723894961099562 ], [ 25.234351861149239, 9.680861684853804 ], [ 25.273473021372656, 9.655432930708582 ], [ 25.248044267227435, 9.618267828496336 ], [ 25.210879165015189, 9.612399654462823 ], [ 25.168518182204551, 9.626279113295038 ], [ 25.120900496501331, 9.606531480429311 ], [ 25.087647510311424, 9.55763003015004 ], [ 25.050482408099178, 9.53415733401599 ], [ 25.017229421909274, 9.49112405777023 ], [ 25.001580957819908, 9.440266549479789 ], [ 25.025053653953957, 9.426574143401593 ], [ 25.062218756166203, 9.407013563289885 ], [ 25.044614234065666, 9.367892403066469 ], [ 25.023097595942787, 9.346375764943588 ], [ 25.028965769976299, 9.320947010798367 ], [ 25.060262698155032, 9.311166720742513 ], [ 25.105572829113875, 9.328814788819708 ], [ 25.118944438490161, 9.293562198641975 ], [ 25.079173904398385, 9.253389289632588 ], [ 25.034833944009812, 9.240748632340363 ], [ 25.032877885998641, 9.201627472116945 ], [ 25.00744913185342, 9.185979008027578 ], [ 24.935074985440099, 9.197715356094603 ], [ 24.893997767205512, 9.176198717971724 ], [ 24.870525071071462, 9.139033615759478 ], [ 24.835316026870387, 9.118984021144977 ], [ 24.784458518579942, 9.115071905122635 ], [ 24.747293416367697, 9.064214396832194 ], [ 24.741425242334184, 9.00748871450824 ], [ 24.794238808635797, 8.970323612295992 ], [ 24.812821359741921, 8.938537669614467 ], [ 24.822601649797775, 8.875943813256999 ], [ 24.805975156702821, 8.845135899581058 ], [ 24.77174414150733, 8.821174188944216 ], [ 24.773700199518501, 8.770316680653773 ], [ 24.818689533775434, 8.737063694463869 ], [ 24.860149125552176, 8.719860977074408 ], [ 24.862700839026779, 8.664689548050548 ], [ 24.836294055875971, 8.637304735894157 ], [ 24.767832025484989, 8.604051749704251 ], [ 24.760985822445893, 8.549282125391468 ], [ 24.732622981283914, 8.514073081190393 ], [ 24.673258788187102, 8.500264830670442 ], [ 24.598100642395487, 8.502905572720673 ], [ 24.561467905306468, 8.486688269034001 ], [ 24.549074067923861, 8.457650273208403 ], [ 24.557555789284127, 8.410402006598337 ], [ 24.579244267598707, 8.382224774021285 ], [ 24.575160311384664, 8.355632382285554 ], [ 24.53310506414449, 8.316511222062136 ], [ 24.54190732519476, 8.25587342371584 ], [ 24.526446418167726, 8.23137377564705 ], [ 24.493005874915486, 8.20697197343657 ], [ 24.448016540658557, 8.203059857414228 ], [ 24.412807496457482, 8.173718987246664 ], [ 24.377598452256407, 8.144378117079102 ], [ 24.383137969712202, 8.091836602150883 ], [ 24.432164544183827, 8.035267477760545 ], [ 24.552845342883217, 7.997554728166985 ], [ 24.559511847295298, 7.930189764855895 ], [ 24.596676949507543, 7.877376198554281 ], [ 24.649490515809156, 7.857815618442573 ], [ 24.70817225614428, 7.838255038330864 ], [ 24.707467616216807, 7.790134605402413 ], [ 24.624499567110977, 7.741108030930786 ], [ 24.526258861105394, 7.738496079761151 ], [ 24.496917990937828, 7.758056659872859 ], [ 24.451928656680899, 7.742408195783493 ], [ 24.438236250602703, 7.705243093571247 ], [ 24.426499902535678, 7.670034049370171 ], [ 24.345425220118642, 7.661911256784313 ], [ 24.277839493686695, 7.660253759314317 ], [ 24.201360686340276, 7.691964121566475 ], [ 24.127223026826538, 7.683726455448367 ], [ 24.13113514284888, 7.621132599090901 ], [ 24.174168419094638, 7.595703844945679 ], [ 24.185904767161663, 7.542890278644066 ], [ 24.238718333463279, 7.519417582510016 ], [ 24.256322855563816, 7.486164596320112 ], [ 24.234806217440937, 7.464647958197232 ], [ 24.183948709150492, 7.472472190241916 ], [ 24.13113514284888, 7.486164596320112 ], [ 24.087123837597535, 7.481763465794978 ], [ 24.069519315496997, 7.430905957504535 ], [ 24.061695083452314, 7.376136333191751 ], [ 24.024529981240068, 7.34875152103536 ], [ 23.950199776815577, 7.321366708878967 ], [ 23.903254384547473, 7.311586418823113 ], [ 23.836748412167665, 7.276377374622038 ], [ 23.79958330995542, 7.315498534845455 ], [ 23.758506091720832, 7.360487869102385 ], [ 23.703736467408049, 7.378092391202922 ], [ 23.666571365195804, 7.333103056945993 ], [ 23.574636638670771, 7.299850070756088 ], [ 23.576592696681942, 7.364399985124726 ], [ 23.492482202201597, 7.413301435403998 ], [ 23.444454820011703, 7.4022840986506 ], [ 23.467816112182341, 7.308838929968058 ], [ 23.449127078445834, 7.224738278153775 ], [ 23.406415649710077, 7.174173343538362 ], [ 23.326217271252069, 7.172217285527191 ], [ 23.277315820972799, 7.178085459560704 ], [ 23.171688688369574, 7.176129401549533 ], [ 23.109094832012108, 7.176129401549533 ], [ 23.038676743609958, 7.160480937460165 ], [ 22.995643467364197, 7.170261227516019 ], [ 23.00346769940888, 7.213294503761778 ], [ 23.023028279520588, 7.252415663985196 ], [ 22.987819235319513, 7.283712592163929 ], [ 22.823510362381164, 7.293492882219783 ], [ 22.672893895521007, 7.266108070063392 ], [ 22.584760140590006, 7.280477779098356 ], [ 22.477298196605084, 7.252444228493594 ], [ 22.46795367973683, 7.196377127284067 ], [ 22.552054331551115, 7.140310026074546 ], [ 22.586827343029487, 7.080282559002161 ], [ 22.524233486672021, 7.021600818667035 ], [ 22.532057718716704, 6.972699368387764 ], [ 22.487068384459775, 6.957050904298398 ], [ 22.418606354068793, 6.978567542421277 ], [ 22.291462583342689, 6.982479658443618 ], [ 22.264077771186297, 6.937490324186689 ], [ 22.234736901018735, 6.900325221974443 ], [ 22.140846116482532, 6.921841860097322 ], [ 22.125197652393165, 6.949226672253713 ], [ 22.06455985404687, 6.959006962309569 ], [ 21.992185707633549, 6.925753976119664 ], [ 21.915899445197887, 6.935534266175518 ], [ 21.866997994918616, 6.96291907833191 ], [ 21.83765712475105, 6.931622150153176 ], [ 21.790711732482951, 6.908149454019126 ], [ 21.699875836130495, 6.920855727270882 ], [ 21.571652487512395, 6.928398277189594 ], [ 21.538380249041911, 6.945314556231372 ], [ 21.5113120881627, 6.996281226458 ], [ 21.46605678865043, 7.003823776376711 ], [ 21.428344039056874, 6.958568476864441 ], [ 21.405716389300739, 6.879371702717967 ], [ 21.432115314016229, 6.826573853286985 ], [ 21.43965786393494, 6.732291979303088 ], [ 21.432115314016229, 6.638010105319191 ], [ 21.379317464585245, 6.588983530847565 ], [ 21.27372176572328, 6.517329306619803 ], [ 21.202916300126105, 6.446642017008505 ], [ 21.21465264819313, 6.364487580539328 ], [ 21.179443603992056, 6.313630072248887 ], [ 21.218564764215472, 6.231475635779711 ], [ 21.148146675813322, 6.176706011466927 ], [ 21.087279359920164, 6.089289598732996 ], [ 21.019046847076048, 6.094551574997752 ], [ 20.952540874696236, 6.125848503176485 ], [ 20.86647432220472, 6.020221370573259 ], [ 20.792144117780229, 5.996748674439209 ], [ 20.74911084153447, 5.941979050126426 ], [ 20.776495653690862, 5.895033657858325 ], [ 20.780407769713204, 5.844176149567883 ], [ 20.690429101199346, 5.824615569456174 ], [ 20.627835244841876, 5.793318641277441 ], [ 20.598494374674313, 5.759087626081951 ], [ 20.608274664730168, 5.704318001769168 ], [ 20.565241388484409, 5.645636261434042 ], [ 20.496779358093431, 5.633899913367017 ], [ 20.436141559747135, 5.616295391266479 ], [ 20.449833965825331, 5.586954521098916 ], [ 20.515569993097554, 5.558023441040088 ], [ 20.61414283876368, 5.563481824964867 ], [ 20.705202065600393, 5.588181438508434 ], [ 20.746686090153307, 5.622122913142636 ], [ 20.743242667500958, 5.66519684154575 ], [ 20.792144117780229, 5.673021073590434 ], [ 20.841045568059499, 5.661284725523409 ], [ 20.897771250383453, 5.659328667512238 ], [ 20.940804526629211, 5.696493769724484 ], [ 20.974057512819119, 5.761043684093122 ], [ 21.050343775254785, 5.776692148182489 ], [ 21.142278501779813, 5.776692148182489 ], [ 21.191179952059084, 5.790384554260685 ], [ 21.22834505427133, 5.845154178573468 ], [ 21.274664584463132, 5.882340885338192 ], [ 21.31636766477402, 5.890143512830398 ], [ 21.300719200684654, 5.835373888517614 ], [ 21.294851026651141, 5.796252728294197 ], [ 21.265510156483579, 5.770823974148976 ], [ 21.224432938248988, 5.755175510059609 ], [ 21.202916300126109, 5.700405885746825 ], [ 21.193136010070255, 5.637812029389359 ], [ 21.15792696586918, 5.592822695132429 ], [ 21.11098157360108, 5.565437882976037 ], [ 21.046431659232443, 5.557613650931354 ], [ 21.003398382986685, 5.532184896786132 ], [ 20.980505137633372, 5.501442114443249 ], [ 20.96818933878561, 5.446118344294615 ], [ 20.979925686852635, 5.405041126060027 ], [ 21.01513473105371, 5.367876023847781 ], [ 20.977969628841464, 5.338046139177426 ], [ 20.936892410606873, 5.302837094976351 ], [ 20.946672700662727, 5.238287180607712 ], [ 20.899727308394628, 5.20894631044015 ], [ 20.898695184695963, 5.174898249441679 ], [ 20.92906817856219, 5.16395697618322 ], [ 20.938848468618044, 5.11701158391512 ], [ 20.911463656461653, 5.081802539714045 ], [ 20.862562206182382, 5.073978307669361 ], [ 20.825397103970136, 5.048549553524141 ], [ 20.823441045958965, 4.991823871200186 ], [ 20.805250016013421, 4.95997436147184 ], [ 20.751066899545645, 4.940966362909744 ], [ 20.696297275232862, 4.925317898820377 ], [ 20.659132173020613, 4.897933086663985 ], [ 20.645439766942417, 4.858811926440568 ], [ 20.570131533512338, 4.834361201300933 ], [ 20.513405851188384, 4.836317259312104 ], [ 20.468416516931455, 4.820668795222737 ], [ 20.45668016886443, 4.78154763499932 ], [ 20.466460458920285, 4.744382532787074 ], [ 20.464504400909114, 4.699393198530144 ], [ 20.437119588752722, 4.679832618418436 ], [ 20.378437848417597, 4.672008386373752 ], [ 20.34518486222769, 4.64462357421736 ], [ 20.380393906428768, 4.619194820072139 ], [ 20.40777871858516, 4.591810007915748 ], [ 20.388218138473452, 4.540952499625305 ], [ 20.386262080462281, 4.486182875312521 ], [ 20.392130254495793, 4.441193541055592 ], [ 20.362789384328227, 4.402072380832175 ], [ 20.331492456149494, 4.392292090776321 ], [ 20.331492456149494, 4.34534669850822 ], [ 20.315843992060127, 4.306225538284804 ], [ 20.247381961669149, 4.304269480273633 ], [ 20.192612337356366, 4.29644524822895 ], [ 20.143710887077095, 4.284708900161924 ], [ 20.135886655032408, 4.270038465078143 ], [ 20.137842713043582, 4.243631681927337 ], [ 20.135886655032408, 4.213312782754189 ], [ 20.128062422987725, 4.19375220264248 ], [ 20.105567755859258, 4.185927970597796 ], [ 20.044929957512963, 4.187884028608967 ], [ 20.015589087345401, 4.160499216452576 ], [ 19.971577782094055, 4.140938636340867 ], [ 19.920776874054372, 4.115498566879967 ], [ 19.879292849501457, 4.089099642164475 ], [ 19.874752910541098, 4.063429837648222 ], [ 19.88746728761371, 4.039223619759983 ], [ 19.920114072930364, 4.005951001999738 ], [ 19.907027867725418, 3.978585821413687 ], [ 19.854214301423806, 3.968805531357832 ], [ 19.795532561088681, 3.960981299313149 ], [ 19.744144239238814, 3.929238809042532 ], [ 19.68208119644077, 3.89447532693334 ], [ 19.615303602346547, 3.866594419562479 ], [ 19.558849541737008, 3.882738978866315 ], [ 19.558849541737008, 3.910123791022707 ], [ 19.617531282072132, 3.937508603179099 ], [ 19.621443398094474, 3.98641005345837 ], [ 19.662520616329061, 4.025531213681787 ], [ 19.709466008597161, 4.058784199871691 ], [ 19.711422066608332, 4.10181747611745 ], [ 19.765169402192384, 4.158179472314758 ], [ 19.809224967166877, 4.201576434687163 ], [ 19.858126417446147, 4.238741536899409 ], [ 19.877686997557856, 4.279818755133997 ], [ 19.883555171591368, 4.320895973368585 ], [ 19.846603227563495, 4.306847702366216 ], [ 19.805312851144535, 4.262214233033459 ], [ 19.756411400865261, 4.236785478888239 ], [ 19.705553892574819, 4.246565768944093 ], [ 19.668388790362574, 4.232873362865897 ], [ 19.664476674340232, 4.203532492698334 ], [ 19.63513580417267, 4.14680681037438 ], [ 19.582322237871058, 4.107685650150962 ], [ 19.524548092834848, 4.090431725019912 ], [ 19.4317057710109, 4.0783447799834 ], [ 19.389650523770733, 4.095460287581145 ], [ 19.361287682608758, 4.121867070731951 ], [ 19.329990754430021, 4.129691302776634 ], [ 19.306059055679363, 4.107956016961255 ], [ 19.290973955841942, 4.055158167530273 ], [ 19.188145485577706, 3.989978168686187 ], [ 19.11482437320122, 3.998146401525395 ], [ 19.079615329000145, 4.031399387715299 ], [ 19.048318400821412, 4.068564489927546 ], [ 19.036582052754387, 4.1252901722515 ], [ 19.009197240597995, 4.127246230262671 ], [ 18.961540951522547, 4.104448500322293 ], [ 18.922994011889791, 4.081045001259548 ], [ 18.88596558589423, 4.092037186061596 ], [ 18.887921643905401, 4.135070462307354 ], [ 18.876133710312796, 4.172067691270304 ], [ 18.812022036003746, 4.160753866392237 ], [ 18.733768080597105, 4.054686758160349 ], [ 18.733768080597105, 4.009431458648079 ], [ 18.75639573035324, 3.97171870905452 ], [ 18.760167005312599, 3.90760703474547 ], [ 18.720568618239362, 3.85198072909497 ], [ 18.686627143605158, 3.83406717303803 ], [ 18.60177345701965, 3.82463898563964 ], [ 18.560289432466735, 3.78881187352576 ], [ 18.520691045393498, 3.719043286777676 ], [ 18.418866621490892, 3.670959531045888 ], [ 18.480083548576296, 3.660726394598424 ], [ 18.531919085872321, 3.682243032721303 ], [ 18.581798565157179, 3.679308945704547 ], [ 18.634612131458791, 3.68713317774923 ], [ 18.645370450520232, 3.69789149681067 ], [ 18.644392421514645, 3.72136419294472 ], [ 18.652685668970957, 3.737899661574455 ], [ 18.68474150612548, 3.749213486452523 ], [ 18.75882181516814, 3.745814918084355 ], [ 18.817503555503265, 3.731144483000574 ], [ 18.873251208821635, 3.706693757860938 ], [ 18.939757181201443, 3.754617179134625 ], [ 18.98572454446396, 3.781023962285431 ], [ 19.017999501648276, 3.782001991291016 ], [ 19.021911617670618, 3.749727034106697 ], [ 19.018977530653864, 3.714517989905622 ], [ 18.98768060247513, 3.678330916698962 ], [ 18.96420790634108, 3.635297640453203 ], [ 18.904548137000369, 3.614759031335909 ], [ 18.920196601089735, 3.570747726084565 ], [ 18.925086746117664, 3.534560652877904 ], [ 18.919218572084151, 3.501307666688 ], [ 18.898679962966856, 3.471966796520437 ], [ 18.853690628709927, 3.465120593481339 ], [ 18.816525526497681, 3.447516071380801 ], [ 18.785228598318948, 3.413285056185312 ], [ 18.746107438095532, 3.383944186017749 ], [ 18.710491728347083, 3.375742918184158 ], [ 18.731271486191559, 3.321715547788528 ], [ 18.779360424285436, 3.287363821716188 ], [ 18.831014323845039, 3.259376274255103 ], [ 18.939069064636307, 3.263532225823993 ], [ 19.024156252467506, 3.268375929134681 ], [ 19.119380945191242, 3.245276870008626 ], [ 19.149055388396725, 3.195429095191158 ], [ 19.172528084530775, 3.166088225023596 ], [ 19.191110635636903, 3.12219917339795 ], [ 19.216539389782124, 3.079165897152191 ], [ 19.218495447793295, 3.002879634716528 ], [ 19.236099969893832, 2.977450880571307 ], [ 19.27717718812842, 2.965714532504282 ], [ 19.294781710228957, 2.997011460683015 ], [ 19.30260594227364, 3.036132620906432 ], [ 19.281089304150761, 3.085034071185703 ], [ 19.272287043100491, 3.144571586900716 ], [ 19.374002059681374, 3.265847183593309 ], [ 19.526678640801677, 3.305617269358319 ], [ 19.707699838850758, 3.320702369195743 ], [ 19.826829489267428, 3.33822133000663 ], [ 19.956603986168247, 3.396127868382861 ], [ 20.049820102540902, 3.428199998520489 ], [ 20.124150306965397, 3.443848462609856 ], [ 20.196524453378718, 3.434068172554002 ], [ 20.239557729624476, 3.398859128352926 ], [ 20.277700860842309, 3.364750366783135 ], [ 20.312909905043384, 3.35497007672728 ], [ 20.350075007255629, 3.382354888883672 ], [ 20.344206833222117, 3.442992687229969 ], [ 20.348118949244459, 3.517322891654461 ], [ 20.377459819412024, 3.53883952977734 ], [ 20.453746081847687, 3.540795587788511 ], [ 20.522208112238665, 3.552531935855536 ], [ 20.582845910584961, 3.548619819833195 ], [ 20.623923128819548, 3.570136457956074 ], [ 20.642033210031173, 3.61344758791578 ], [ 20.707055594294314, 3.634686372324712 ], [ 20.798990320819343, 3.632730314313541 ], [ 20.879188699277346, 3.622950024257687 ], [ 20.97503554182472, 3.611213676190661 ], [ 21.039585456193358, 3.624906082268858 ], [ 21.068187280438387, 3.583277388240933 ], [ 21.117213854910013, 3.561592557224638 ], [ 21.166240429381638, 3.557821282265281 ], [ 21.272002372835015, 3.610585406823174 ], [ 21.335947802552653, 3.591762756899485 ], [ 21.388745651983637, 3.610619131696264 ], [ 21.407602026780417, 3.663416981127246 ], [ 21.35927735578181, 3.710328244476654 ], [ 21.347664592952768, 3.750949570363679 ], [ 21.388741811187355, 3.768554092464217 ], [ 21.433731145444284, 3.770510150475388 ], [ 21.482632595723555, 3.7763783245089 ], [ 21.554681750195293, 3.835952810517777 ], [ 21.675362548894682, 3.828410260599065 ], [ 21.750788048081802, 3.828410260599065 ], [ 21.720617848406953, 3.764298586290015 ], [ 21.596165774748208, 3.715272011818389 ], [ 21.573538124992073, 3.598362488078357 ], [ 21.509426450683023, 3.534250813769307 ], [ 21.483027525967533, 3.477681689378969 ], [ 21.451335667544821, 3.455584810676881 ], [ 21.394609985220868, 3.455584810676881 ], [ 21.375901162057389, 3.419411634654009 ], [ 21.350965452644019, 3.332136651707207 ], [ 21.333972186874572, 3.303012285805555 ], [ 21.364344740316511, 3.26976963249354 ], [ 21.420038739366088, 3.297144111772042 ], [ 21.459159899589505, 3.336265271995459 ], [ 21.515885581913459, 3.363650084151851 ], [ 21.574567322248587, 3.355825852107168 ], [ 21.656721758717762, 3.377342490230047 ], [ 21.689974744907666, 3.349957678073655 ], [ 21.705050383858691, 3.318177641417952 ], [ 21.703667150985861, 3.259979009559796 ], [ 21.734964079164595, 3.224769965358721 ], [ 21.776041297399182, 3.220857849336379 ], [ 21.81907457364494, 3.238462371436917 ], [ 21.822986689667282, 3.2932319957497 ], [ 21.860151791879531, 3.346045562051314 ], [ 21.883624488013581, 3.375386432218876 ], [ 21.893404778069435, 3.412551534431122 ], [ 21.920789590225827, 3.443848462609856 ], [ 21.971647098516268, 3.449716636643368 ], [ 22.044021244929588, 3.457540868688052 ], [ 22.09487875322003, 3.47710144879976 ], [ 22.135955971454617, 3.459496926699223 ], [ 22.172143044661272, 3.44494874524114 ], [ 22.219088436929372, 3.487982021486898 ], [ 22.264077771186301, 3.476245673419873 ], [ 22.289506525331522, 3.439080571207627 ], [ 22.342320091633134, 3.441036629218798 ], [ 22.375573077823038, 3.511454717620949 ], [ 22.414694238046454, 3.576004631989586 ], [ 22.42838664412465, 3.622950024257687 ], [ 22.437188905174931, 3.653146669805137 ], [ 22.455426761552168, 3.686967475091263 ], [ 22.569390418947034, 3.66624543734683 ], [ 22.720241417321269, 3.692644362062321 ], [ 22.841629330075499, 3.744970802123269 ], [ 22.88601578519966, 3.829071453937465 ], [ 22.98179708309916, 3.871121779844557 ], [ 23.104675758490558, 3.873665560111335 ], [ 23.151150079252297, 3.905600406871874 ], [ 23.176578833397517, 3.981886669307537 ], [ 23.2313484577103, 4.007315423452758 ], [ 23.266557501911375, 4.022963887542125 ], [ 23.303722604123621, 4.071865337821396 ], [ 23.317415010201817, 4.12467890412301 ], [ 23.35653617042523, 4.188006282234666 ], [ 23.407882693218465, 4.208544891351959 ], [ 23.447492867944675, 4.216369123396642 ], [ 23.458251187006116, 4.247299290698281 ], [ 23.467053448056383, 4.299623842497102 ], [ 23.48270191214575, 4.324563582139531 ], [ 23.513509825821693, 4.331409785178629 ], [ 23.546273797508803, 4.34070106073169 ], [ 23.556054087564657, 4.365640800374118 ], [ 23.557521131073035, 4.394492656038888 ], [ 23.567394178501754, 4.45904171321019 ], [ 23.563878319609341, 4.508188527938193 ], [ 23.57121353715123, 4.558679275351541 ], [ 23.600099987540606, 4.622570758404464 ], [ 23.604466523341134, 4.685456285200551 ], [ 23.595664262290867, 4.736436047116692 ], [ 23.582949885218255, 4.769689033306596 ], [ 23.560455218089793, 4.78484848289317 ], [ 23.53844956546412, 4.786315526401548 ], [ 23.520671594160532, 4.804788837335217 ], [ 23.540405623475291, 4.851598962524376 ], [ 23.580015798201501, 4.875071658658426 ], [ 23.596827140686504, 4.911237583304084 ], [ 23.600065392816003, 4.982654849272823 ], [ 23.580504812704294, 4.996836269853811 ], [ 23.543339710492045, 5.003682472892909 ], [ 23.519867014357995, 5.027644183529752 ], [ 23.510087816621319, 5.047003481840895 ], [ 23.543339710492045, 5.072144503283889 ], [ 23.577970765889724, 5.080944956475098 ], [ 23.564856348614928, 5.140851040926265 ], [ 23.567301421128889, 5.202466868278147 ], [ 23.58362767832876, 5.265737429483536 ], [ 23.646032756078522, 5.185351360680402 ], [ 23.659725162156718, 5.118845388300593 ], [ 23.709965389467182, 5.084716231434454 ], [ 23.708626612435989, 5.024954603764392 ], [ 23.732099308570039, 4.968228921440438 ], [ 23.786868932882822, 4.921283529172337 ], [ 23.85337490526263, 4.927151703205849 ], [ 23.878803659407851, 4.870426020881895 ], [ 23.903796785758541, 4.811797224986414 ], [ 23.91547743184384, 4.776755286730492 ], [ 23.982474733999908, 4.762353815764706 ], [ 24.007903488145129, 4.697803901396068 ], [ 24.019639836212153, 4.590220710781671 ], [ 23.986386850022249, 4.502198100278983 ], [ 23.931617225709466, 4.451340591988541 ], [ 23.931617225709466, 4.386790677619903 ], [ 23.851418847251459, 4.332021053307119 ], [ 23.810341629016872, 4.261602964904968 ], [ 23.777088642826968, 4.200965166558673 ], [ 23.739923540614722, 4.142283426223547 ], [ 23.696890264368964, 4.075777453843738 ], [ 23.677329684257256, 3.999491191408075 ], [ 23.60104342182159, 3.973573422760061 ], [ 23.534537449441782, 3.944232552592498 ], [ 23.471943593084315, 3.844473594022785 ], [ 23.397613388659824, 3.824913013911077 ], [ 23.368272518492262, 3.748626751475414 ], [ 23.393701272637482, 3.713906721777131 ], [ 23.38783309860397, 3.684076837106776 ], [ 23.370228576503433, 3.661093155475518 ], [ 23.313502894179475, 3.642999618872188 ], [ 23.258733269866692, 3.613658748704625 ], [ 23.194183355498055, 3.525636138201937 ], [ 23.138852937809773, 3.492766789216459 ], [ 23.080731990850147, 3.500207384056716 ], [ 23.035742656593218, 3.451305933777445 ], [ 23.035742656593218, 3.378931787364123 ], [ 23.094424396928343, 3.359371207252415 ], [ 23.131589499140588, 3.306557640950802 ], [ 23.164842485330492, 3.23222743652631 ], [ 23.172191614289627, 3.174955273160385 ], [ 23.087578193889229, 3.147627927543171 ], [ 23.06508352676078, 3.098237462761107 ], [ 23.018172139110384, 2.99495849458148 ], [ 23.022050250515019, 2.951533111923293 ], [ 23.061171410738439, 2.916324067722218 ], [ 23.061171410738439, 2.867422617442946 ], [ 22.938975364963913, 2.838450583768212 ], [ 22.908805165289063, 2.786595553077067 ], [ 22.829608391142589, 2.775281728198999 ], [ 22.727783967239979, 2.748882803483508 ], [ 22.648587193093508, 2.718712603808661 ], [ 22.601210551416557, 2.667800391857225 ], [ 22.633772735297605, 2.641986931655506 ], [ 22.667025721487509, 2.620470293532627 ], [ 22.710058997733267, 2.565700669219843 ], [ 22.753092273979028, 2.530491625018768 ], [ 22.801993724258299, 2.487458348773009 ], [ 22.796125550224787, 2.434644782471397 ], [ 22.837202768459374, 2.381831216169783 ], [ 22.872411812660449, 2.364226694069246 ], [ 22.895884508794499, 2.327061591857 ], [ 22.866543638626936, 2.264467735499533 ], [ 22.817642188347666, 2.229258691298457 ], [ 22.800037666247128, 2.174489066985674 ] ] ], [ [ [ 23.330245141997086, 6.391463004851389 ], [ 23.423502852202049, 6.423128777675084 ], [ 23.493352783989227, 6.353278845887909 ], [ 23.514307763525377, 6.297398900458178 ], [ 23.437472838559483, 6.224056472081643 ], [ 23.312331585940143, 6.247683147025943 ], [ 23.173737231183814, 6.179800197757539 ], [ 23.088883544598307, 6.153401273042047 ], [ 22.992716033134734, 6.145858723123336 ], [ 22.945575096142782, 6.153401273042047 ], [ 22.894662884191479, 6.162829460440437 ], [ 22.798495372727903, 6.176028922798183 ], [ 22.776043519851804, 6.108413144012127 ], [ 22.715527323622073, 6.094946511172031 ], [ 22.724955511020465, 6.164715097920116 ], [ 22.679700211508194, 6.189228385155928 ], [ 22.62237366992002, 6.146830606495074 ], [ 22.560905050288483, 6.111917248489132 ], [ 22.559019412808805, 6.028949199383303 ], [ 22.509992838337176, 5.959180612635219 ], [ 22.467565995044424, 5.945981150277471 ], [ 22.428910426711024, 5.970494437513286 ], [ 22.392140495857305, 6.028949199383301 ], [ 22.392140495857305, 6.142087448163978 ], [ 22.411939689393925, 6.202427847513674 ], [ 22.487365188581041, 6.247683147025946 ], [ 22.502450288418466, 6.281624621660148 ], [ 22.493022101020077, 6.304252271416283 ], [ 22.43456733915006, 6.324994283692741 ], [ 22.452480895207, 6.375906495644044 ], [ 22.558076594068964, 6.398534145400179 ], [ 22.692223601707198, 6.34939540867788 ], [ 22.81169483508565, 6.330651196131775 ], [ 22.992716033134734, 6.345736295969198 ], [ 23.094540457037343, 6.361292805176541 ], [ 23.185051056061884, 6.336779517940728 ], [ 23.311388767200306, 6.357521530217186 ], [ 23.330245141997086, 6.391463004851389 ] ] ], [ [ [ 25.08188867349152, 8.690608973923526 ], [ 25.051596456258032, 8.630186102598893 ], [ 25.083652293412559, 8.586816440566301 ], [ 25.057253368697069, 8.53401859113532 ], [ 24.995027331867696, 8.479335104224658 ], [ 24.913944920241544, 8.434079804712388 ], [ 24.802692308940546, 8.428422892273355 ], [ 24.864918345769919, 8.475563829265303 ], [ 24.934686932518002, 8.547218053493065 ], [ 24.95965129286396, 8.603296559189554 ], [ 24.973621279221398, 8.669653994387369 ], [ 24.995027331867696, 8.703725964306333 ], [ 25.043471211008573, 8.708071456870316 ], [ 25.08188867349152, 8.690608973923526 ] ] ] ] } },
{ "type": "Feature", "properties": { "id": 12, "name": "The Reach", "ClaimedBy": "Tyrell" }, "geometry": { "type": "MultiPolygon", "coordinates": [ [ [ [ 5.531716517172737, -1.422472954187396 ], [ 5.622691544369292, -1.374526656070292 ], [ 5.686619941858765, -1.352397595400859 ], [ 5.737025024494694, -1.370838479292053 ], [ 5.772677400017669, -1.374526656070292 ], [ 5.804641598762405, -1.39050875544266 ], [ 5.787179115815611, -1.453373694051109 ], [ 5.741776660153946, -1.490044908239383 ], [ 5.703359197671001, -1.512746136070213 ], [ 5.671867234745809, -1.555247318203991 ], [ 5.599333091440447, -1.556476710463404 ], [ 5.540322262988627, -1.509759804605713 ], [ 5.440741489976181, -1.519594942681016 ], [ 5.386648230562012, -1.49992466653041 ], [ 5.339414468669054, -1.501781537077356 ], [ 5.341160716963734, -1.45812532971037 ], [ 5.333784363407257, -1.424931738706221 ], [ 5.35222524729845, -1.391738147702073 ], [ 5.384189446043186, -1.385591186405008 ], [ 5.418612429306748, -1.412637816112092 ], [ 5.464099942905026, -1.423702346446809 ], [ 5.531716517172737, -1.422472954187396 ] ] ], [ [ [ 6.323445132234657, -1.144630303560076 ], [ 6.368932645832935, -1.176594502304812 ], [ 6.402126236837083, -1.239293507534871 ], [ 6.491871871774227, -1.245440468831936 ], [ 6.625875628050235, -1.203641132011896 ], [ 6.676280710686164, -1.217164446865439 ], [ 6.676280710686164, -1.276175275317259 ], [ 6.6320225893473, -1.336415496028492 ], [ 6.536129993113092, -1.351168203141447 ], [ 6.498018833071291, -1.386820578664421 ], [ 6.490642479514814, -1.433537484522112 ], [ 6.346803585163502, -1.447060799375655 ], [ 6.318527563197005, -1.407720247074441 ], [ 6.325903916753482, -1.353626987660273 ], [ 6.305004248343463, -1.332727319250253 ], [ 6.260746127004598, -1.326580357953188 ], [ 6.216488005665733, -1.349938810882034 ], [ 6.092725621248027, -1.3499239374768 ], [ 6.051749442904401, -1.363462125735576 ], [ 6.018555851900253, -1.33149792699084 ], [ 6.024621937755531, -1.252134032974742 ], [ 6.056667011942053, -1.235605330756632 ], [ 6.129396835436295, -1.201492832429037 ], [ 6.209111652109256, -1.197494170714832 ], [ 6.323445132234657, -1.144630303560076 ] ] ], [ [ [ 5.461641158386199, -0.682378814020819 ], [ 5.530487124913323, -0.679920029501993 ], [ 5.605480052737511, -0.722948758581445 ], [ 5.633756074704008, -0.751224780547942 ], [ 5.622296001496705, -0.781914966817549 ], [ 5.698913864452893, -0.864328868413931 ], [ 5.709978394787609, -0.908586989752796 ], [ 5.617773975331641, -0.903669420715145 ], [ 5.557684814593567, -0.881451119614273 ], [ 5.500981710687413, -0.912275166531035 ], [ 5.410006683490857, -0.860640691635692 ], [ 5.378042484746121, -0.813923785778001 ], [ 5.387877622821424, -0.780730194773853 ], [ 5.37607499194691, -0.755721242397361 ], [ 5.341160716963734, -0.745077819250878 ], [ 5.284608673030739, -0.715572405024968 ], [ 5.279691103993088, -0.688525775317884 ], [ 5.344848893741973, -0.671314283686103 ], [ 5.414924252528508, -0.676231852723755 ], [ 5.461641158386199, -0.682378814020819 ] ] ], [ [ [ 4.971113646880444, -1.089307651886495 ], [ 4.996930884328115, -1.09545461318356 ], [ 5.03258325985109, -1.09545461318356 ], [ 5.065776850855239, -1.086848867367669 ], [ 5.105117403156452, -1.091766436405321 ], [ 5.14761022030057, -1.094340025671235 ], [ 5.258791435583067, -1.139712734522425 ], [ 5.240350551691874, -1.174135717785987 ], [ 5.140769778679427, -1.164300579710683 ], [ 5.087905911524671, -1.152006657116554 ], [ 5.035042044369916, -1.2134762700872 ], [ 4.962507901064554, -1.206099916530723 ], [ 4.910873426169211, -1.201182347493071 ], [ 4.846945028679739, -1.169218148748335 ], [ 4.779328454412028, -1.107748535777689 ], [ 4.801457515081461, -1.067178591217063 ], [ 4.860468343533281, -1.080701906070605 ], [ 4.928084917800992, -1.079472513811192 ], [ 4.946525801692186, -1.088078259627082 ], [ 4.971113646880444, -1.089307651886495 ] ] ], [ [ [ 13.403803097523081, 5.273016120841408 ], [ 14.06210122469502, 5.147885087003655 ], [ 14.861611516078465, 5.04228938814169 ], [ 15.208568812339205, 4.99703408862942 ], [ 15.721462206811605, 4.846183090255185 ], [ 16.189100301771735, 4.69533209188095 ], [ 16.68690859640671, 4.378544995295056 ], [ 17.199801990879109, 4.016502599196892 ], [ 17.617470692627766, 3.719514696147626 ], [ 17.851289740107827, 3.576206247692103 ], [ 18.288757635393111, 3.153823452244245 ], [ 18.688512781084832, 2.987887354032587 ], [ 18.665885131328697, 2.769153406389946 ], [ 18.635714931653851, 2.490079059397611 ], [ 18.667090030790099, 2.061241366749469 ], [ 18.56495674715822, 1.574144167889742 ], [ 18.462823463526341, 1.039908530430687 ], [ 18.494249089259228, 0.43889343828925 ], [ 18.502105495692447, -0.342819001816281 ], [ 18.447110650659898, -0.645290649495304 ], [ 17.733553203179522, -1.021815313882318 ], [ 17.298820455911343, -1.461076527267875 ], [ 17.036169421103484, -1.651272104197703 ], [ 16.732762191239235, -1.859581545597039 ], [ 16.433883427492361, -1.986378596883592 ], [ 16.138726527026652, -2.098038772047497 ], [ 15.208964128682478, -2.286345080572899 ], [ 14.688159739243577, -2.242236932515385 ], [ 14.149272271275729, -2.387147848271445 ], [ 13.546986277664605, -2.577343425201273 ], [ 13.157538191570195, -2.681498145900941 ], [ 12.740919308771522, -2.690555078135695 ], [ 12.365056621029241, -2.830937527774378 ], [ 11.990120478234052, -3.056562292010759 ], [ 11.825352458274326, -3.350790899081698 ], [ 11.74465676294861, -3.704931488428115 ], [ 11.794469890239757, -3.917769395944827 ], [ 11.960767615380115, -4.250437230930418 ], [ 11.445752733822582, -4.449909120610759 ], [ 10.985155410967693, -4.693754762122172 ], [ 10.362223965471973, -4.909723595016827 ], [ 10.050962462774631, -5.221295035773311 ], [ 9.765743458590833, -5.545854592258322 ], [ 9.205140588298541, -5.831073596442121 ], [ 8.03475915733744, -6.431017019035625 ], [ 7.523331977421666, -6.88343337049958 ], [ 7.279998662973767, -7.599968320615121 ], [ 7.40357467794356, -8.111926096918555 ], [ 7.621303847176057, -8.594461012514898 ], [ 7.856485354850587, -8.970750629878014 ], [ 7.809762770509318, -9.071204186211739 ], [ 7.727998247912097, -9.122599028987141 ], [ 7.704636955741462, -9.173993871762535 ], [ 7.61586404549305, -9.262766782010944 ], [ 7.489713067771621, -9.258094523576824 ], [ 7.349545314747813, -9.197355163933169 ], [ 7.242083370762893, -9.211371939235557 ], [ 7.125276909909719, -9.244077748274444 ], [ 7.115932393041465, -9.370228725995874 ], [ 7.041176258095435, -9.426295827205388 ], [ 6.957075606281149, -9.430968085639522 ], [ 6.943058830978767, -9.529085512756184 ], [ 6.896336246637498, -9.538430029624438 ], [ 6.760840752047816, -9.515068737453804 ], [ 6.527227830341467, -9.416951310337142 ], [ 6.424438144790676, -9.440312602507769 ], [ 6.326320717674008, -9.557119063360945 ], [ 6.214186515254962, -9.571135838663325 ], [ 6.134758121874802, -9.622530681438727 ], [ 6.045985211626391, -9.673925524214122 ], [ 5.971229076680359, -9.683270041082375 ], [ 5.915161975470836, -9.641219715175234 ], [ 5.849750357393058, -9.496379703717297 ], [ 5.854422615827186, -9.370228725995874 ], [ 5.859094874261311, -9.234733231406183 ], [ 5.793683256183535, -9.10858225368476 ], [ 5.746960671842265, -9.019809343436352 ], [ 5.686221312198615, -8.926364174753802 ], [ 5.50867549170179, -8.874969331978415 ], [ 5.3544909633756, -8.832919006071267 ], [ 5.298423862166076, -8.697423511481576 ], [ 5.181617401312903, -8.608650601233174 ], [ 5.111533524800998, -8.477827365077617 ], [ 5.029769002203777, -8.393726713263328 ], [ 4.971365771777189, -8.260567347890708 ], [ 4.854559310924015, -8.17880282529349 ], [ 4.704991486257592, -8.138765499421867 ], [ 4.62337749179211, -8.210835921953887 ], [ 4.578621430311038, -8.217746784388462 ], [ 4.565457882816606, -8.181876117466134 ], [ 4.578621430311038, -8.106843896747868 ], [ 4.545712561574956, -8.062087835266796 ], [ 4.5470289163244, -8.033457119466405 ], [ 4.569406947064936, -7.991004678796861 ], [ 4.657602715277635, -7.954475834499808 ], [ 4.662868134275407, -7.917288812828037 ], [ 4.607581234798791, -7.892278072588615 ], [ 4.594417687304358, -7.859698292539893 ], [ 4.611530299047121, -7.830409399364782 ], [ 4.668133553273181, -7.801778683564389 ], [ 4.669449908022624, -7.739580921653196 ], [ 4.641806458284315, -7.680674046615608 ], [ 4.553610690071617, -7.672446829431589 ], [ 4.431189698373393, -7.638550694633423 ], [ 4.362739251402342, -7.533242314677961 ], [ 4.282441611686303, -7.513167904748953 ], [ 4.270594418941313, -7.485853543698004 ], [ 4.354841122905682, -7.44373019171582 ], [ 4.620744782293223, -7.348952649755904 ], [ 4.736584000244231, -7.275236783787081 ], [ 4.747114838239777, -7.185724660824938 ], [ 4.83662696120192, -7.13833588984498 ], [ 4.941935341157381, -7.117274213853888 ], [ 5.005120369130658, -7.148866727840527 ], [ 5.0946324920928, -7.164662984833846 ], [ 5.089367073095027, -7.100161602111125 ], [ 5.095948846842243, -7.05803825012894 ], [ 5.176246486558283, -7.042241993135621 ], [ 5.222465023664062, -6.99294865504996 ], [ 5.268391319019312, -6.998802286403993 ], [ 5.294885029393031, -6.943889941491629 ], [ 5.283529398637909, -6.887899398763399 ], [ 5.254569594150158, -6.848408756280101 ], [ 5.254569594150158, -6.78785643780571 ], [ 5.334867233866197, -6.777325599810164 ], [ 5.404634035586691, -6.714140571836888 ], [ 5.44206117006803, -6.635520884839255 ], [ 5.434910194823885, -6.566708839899241 ], [ 5.474766979106919, -6.474327968861874 ], [ 5.484111495975173, -6.404244092349965 ], [ 5.509808917362871, -6.373874412528141 ], [ 5.615388134477694, -6.275778174255227 ], [ 5.638015784233829, -6.109842076043568 ], [ 5.456994586184747, -6.200352675068109 ], [ 5.414027619463269, -6.306126665233296 ], [ 5.332263096866047, -6.383218929396395 ], [ 5.208448248361683, -6.427605384520606 ], [ 5.082297270640255, -6.45797506434243 ], [ 4.946801776050572, -6.5747815251956 ], [ 4.910342827170743, -6.693407984533155 ], [ 4.769255955553747, -6.71494927821941 ], [ 4.525967240333308, -6.788185526493071 ], [ 4.368004670400116, -6.793450945490844 ], [ 4.331146737415704, -6.872432230457441 ], [ 4.104733720511462, -6.925086420435171 ], [ 3.957301988573815, -6.956678934421809 ], [ 3.867789865611673, -6.882963068452987 ], [ 3.788808580645077, -6.809247202484163 ], [ 3.788808580645077, -6.714469660524248 ], [ 3.651907686702977, -6.740796755513113 ], [ 3.615049753718565, -6.814512621481937 ], [ 3.546599306747515, -6.814512621481937 ], [ 3.420229250800961, -6.709204241526475 ], [ 3.4518217647876, -6.624957537562105 ], [ 3.52027221175865, -6.567037928586601 ], [ 3.57767168624555, -6.508479694046619 ], [ 3.582343944679677, -6.41269839614702 ], [ 3.572999427811422, -6.363639682588682 ], [ 3.631561026843833, -6.294446019147986 ], [ 3.687628128053356, -6.175303429077739 ], [ 3.687628128053356, -6.116900198651162 ], [ 3.557130144743061, -6.056292285802613 ], [ 3.541333887749742, -5.993107257829336 ], [ 3.64137684870743, -5.872002620880555 ], [ 3.567660982738607, -5.850940944889463 ], [ 3.430760088796507, -5.777225078920639 ], [ 3.344217133145025, -5.542212411253533 ], [ 3.309175194889073, -5.404380787446793 ], [ 3.318519711757327, -5.292246585027743 ], [ 3.407292622005738, -5.233843354601151 ], [ 3.489057144602961, -5.166095607306306 ], [ 3.53577972894423, -5.072650438623771 ], [ 3.540451987378358, -4.983877528375362 ], [ 3.437662301827564, -4.857726550653939 ], [ 3.454015206347008, -4.80165944944441 ], [ 3.351778803829911, -4.839980497317032 ], [ 3.325451708841046, -4.713610441370478 ], [ 3.309655451847727, -4.624098318408335 ], [ 3.399167574809869, -4.513524519455101 ], [ 3.591355368228586, -4.449681314107094 ], [ 3.662438524698523, -4.336474805654973 ], [ 3.767746904653984, -4.186410364218441 ], [ 3.799339418640623, -4.146919721735142 ], [ 3.857259027616127, -4.099530950755184 ], [ 3.93097489358495, -4.054774889274113 ], [ 3.986261793061567, -4.012651537291928 ], [ 3.967832826569361, -3.931037542826446 ], [ 3.98362908356268, -3.841525419864304 ], [ 4.083672044520369, -3.76780955389548 ], [ 4.173184167482511, -3.678297430933338 ], [ 4.270594418941314, -3.688828268928884 ], [ 4.2669881738851, -3.738720655680519 ], [ 4.353424954916449, -3.766754206285287 ], [ 4.415393441380073, -3.812565615376552 ], [ 4.481211178852236, -3.812565615376552 ], [ 4.560192463818833, -3.788871229886573 ], [ 4.636541039286542, -3.836260000866531 ], [ 4.719471388501468, -3.81980556649849 ], [ 4.743165773991447, -3.777682214516305 ], [ 4.806350801964724, -3.767151376520759 ], [ 4.887964796430206, -3.785580343012965 ], [ 4.959047952900144, -3.753987829026326 ], [ 4.953782533902371, -3.693435510551935 ], [ 5.045927366363399, -3.635515901576432 ], [ 5.082785299347811, -3.567065454605382 ], [ 5.035396528367853, -3.52230939312431 ], [ 5.035396528367853, -3.448593527155488 ], [ 4.990640466886782, -3.40120475617553 ], [ 4.922190019915732, -3.380143080184437 ], [ 4.866903120439114, -3.351183275696685 ], [ 4.890597505929094, -3.237976767244564 ], [ 4.953782533902371, -3.214282381754586 ], [ 5.035396528367853, -3.237976767244564 ], [ 5.104616082169865, -3.175790157664613 ], [ 5.191355406235051, -3.096593383518139 ], [ 5.304493655015727, -3.024939159290378 ], [ 5.323350029812507, -2.862774336038074 ], [ 5.444030828511895, -2.855231786119362 ], [ 5.530770152577081, -2.787348836850956 ], [ 5.477972303146099, -2.696838237826414 ], [ 5.542083977455149, -2.598785088883161 ], [ 5.655222226235826, -2.538444689533466 ], [ 5.662764776154537, -2.402678790996654 ], [ 5.813615774528774, -2.349880941565671 ], [ 5.932307596636641, -2.331749640396645 ], [ 5.955668888807277, -2.287363185272433 ], [ 5.993046956280292, -2.271010280752982 ], [ 6.049114057489816, -2.271010280752982 ], [ 6.091164383396959, -2.296707702140687 ], [ 6.105181158699339, -2.392489000040293 ], [ 6.182273422862433, -2.478925781071638 ], [ 6.272797941669226, -2.53551643659423 ], [ 6.357050053783023, -2.554239128175073 ], [ 6.413218128525554, -2.63849124028887 ], [ 6.54427696959146, -2.58700383844155 ], [ 6.628529081705257, -2.647852586079292 ], [ 6.698739175133421, -2.741466043983511 ], [ 6.853201380675382, -2.774230754249987 ], [ 6.900008109627491, -2.886566903735049 ], [ 7.073193006750295, -2.984861034534479 ], [ 7.09191569833114, -2.853802193468573 ], [ 6.979579548846077, -2.694659315031401 ], [ 6.778310614352007, -2.53551643659423 ], [ 6.684697156447788, -2.432541632899589 ], [ 6.534915623801038, -2.33892817499537 ], [ 6.450663511687242, -2.231272698405519 ], [ 6.324285343516546, -2.207869333929464 ], [ 6.183865156660219, -2.08617183865398 ], [ 6.254075250088382, -1.969155016273707 ], [ 6.258755922983593, -1.898944922845543 ], [ 6.179184483765008, -1.838096175207801 ], [ 6.071529007175156, -1.800650792046113 ], [ 6.029402951118258, -1.725760025722738 ], [ 6.207268521136273, -1.674272623875418 ], [ 6.338327362202179, -1.660230605189785 ], [ 6.44598283879203, -1.702356661246684 ], [ 6.562999661172304, -1.711718007037105 ], [ 6.654171524709256, -1.691650234921248 ], [ 6.829798016199327, -1.580659165971199 ], [ 6.928092146998757, -1.622785222028098 ], [ 7.016271553354096, -1.691650234921248 ], [ 7.142422531075524, -1.649599909014107 ], [ 7.219514795238619, -1.689314105704192 ], [ 7.283823287034788, -1.636827240713731 ], [ 7.185529156235358, -1.613423876237676 ], [ 7.148083773073671, -1.547894455704723 ], [ 7.307226651510843, -1.491726380962192 ], [ 7.352674160611238, -1.532793448160931 ], [ 7.410201455205483, -1.622785222028098 ], [ 7.541260296271389, -1.590020511761621 ], [ 7.531898950480967, -1.501087726752613 ], [ 7.765932595241513, -1.43555830621966 ], [ 7.709764520498982, -1.388751577267551 ], [ 7.522537604690545, -1.388751577267551 ], [ 7.321268670196475, -1.313860810944176 ], [ 7.175128340114413, -1.282827621935141 ], [ 7.051313491610048, -1.21975213307443 ], [ 6.964876710578699, -1.159012773430782 ], [ 6.883112187981479, -1.166021161081965 ], [ 6.827045086771954, -1.140323739694275 ], [ 6.787330890081877, -1.039870183360542 ], [ 6.745280564174734, -0.967450177631577 ], [ 6.817700569903701, -0.883349525817288 ], [ 6.782658631647748, -0.820274036956576 ], [ 6.724255401221161, -0.73150112670816 ], [ 6.377015970877269, -0.630796865098591 ], [ 6.346646291055445, -0.677519449439858 ], [ 6.218159184116954, -0.686863966308105 ], [ 6.080327560310208, -0.579402022323189 ], [ 6.035941105186002, -0.546696213284301 ], [ 5.92614303198402, -0.567721376237865 ], [ 5.823353346433225, -0.530343308764858 ], [ 5.76495011600664, -0.490629112074773 ], [ 5.66449088118933, -0.478914395087981 ], [ 5.566139500436297, -0.417444782117335 ], [ 5.568598284955122, -0.324010970401953 ], [ 5.622446233765767, -0.2523439319343 ], [ 5.617773975331639, -0.198612959941835 ], [ 5.514505025540954, -0.149437269565318 ], [ 5.423875250315371, -0.177587796988272 ], [ 5.286043626508626, -0.149554246383504 ], [ 5.192404253574769, -0.105179148226453 ], [ 5.084217734746431, -0.087967656594672 ], [ 4.993248386033455, -0.0677266925621 ], [ 4.918492251087423, 0.014037830035126 ], [ 4.923164509521551, 0.081785577329971 ], [ 4.951198060126313, 0.121499774020041 ], [ 4.953534189343376, 0.238306234873218 ], [ 4.946525801692185, 0.294373336082746 ], [ 4.838339282863847, 0.307896650936288 ], [ 4.749823040186117, 0.450506153028187 ], [ 4.806375084119111, 0.470176429178793 ], [ 4.887514973240363, 0.524269688592962 ], [ 4.87767983516506, 0.600492008676563 ], [ 4.914561602947447, 0.637373776458951 ], [ 4.956360939767487, 0.676714328760164 ], [ 4.779328454412027, 0.821782615370889 ], [ 4.668683151064863, 0.851288029596799 ], [ 4.644095305876605, 0.910298858048619 ], [ 4.474439174077623, 0.939804272274529 ], [ 4.467062820521145, 0.98652117813222 ], [ 4.523765912173796, 1.017784083872675 ], [ 4.470034940181336, 1.120573769423464 ], [ 4.423312355840067, 1.153279578462359 ], [ 4.341547833242844, 1.169632482981802 ], [ 4.194371692567844, 1.281766685400845 ], [ 4.194371692567844, 1.337833786610373 ], [ 4.343883962459907, 1.480337668851247 ], [ 4.479356743115274, 1.553271009721577 ], [ 4.709262427991018, 1.551099833553131 ], [ 5.251415082026589, 1.730303495077037 ], [ 5.743171985791757, 1.897500842357194 ], [ 6.215258613406318, 2.104038741938565 ], [ 6.661212518097142, 2.190538424889945 ], [ 7.01428684658227, 2.331768156283997 ], [ 7.349707458643143, 2.502420748385143 ], [ 7.773396652825297, 2.702496201193382 ], [ 8.144124697734682, 2.949648231132973 ], [ 8.450122449088461, 3.067339673961348 ], [ 9.020925946806088, 3.084993390385605 ], [ 9.855853042953195, 2.932679673235942 ], [ 10.211584182989226, 2.867150252702989 ], [ 10.810710313576225, 2.979486402188051 ], [ 11.185164145193099, 3.082461205882692 ], [ 11.606424705762084, 3.250965430110285 ], [ 12.09321468686402, 3.428831000128301 ], [ 12.336609677414989, 3.7283940654218 ], [ 12.617450051127644, 4.046679822296143 ], [ 12.785954275355238, 4.43049499970344 ], [ 12.982542536954098, 4.720696719206518 ], [ 13.403803097523081, 5.273016120841408 ] ] ], [ [ [ 2.877678218670206, -9.350310084870054 ], [ 3.043614316881865, -9.357852634788765 ], [ 3.10395471623156, -9.501161083244289 ], [ 3.179380215418678, -9.576586582431407 ], [ 3.224635514930949, -9.29751223543907 ], [ 3.239720614768372, -9.16928888682097 ], [ 3.337773763711626, -9.025980438365446 ], [ 3.435826912654879, -9.161746336902258 ], [ 3.360401413467761, -9.33522498503263 ], [ 3.51264633685965, -9.563772504165932 ], [ 3.620913731129772, -9.567265000755299 ], [ 3.737528909403351, -9.659554631537237 ], [ 3.908179101314206, -9.613356513285131 ], [ 4.019328904380497, -9.692156166898105 ], [ 4.054253870274087, -9.810901050936298 ], [ 4.138073788418698, -9.90170596225963 ], [ 4.138073788418698, -9.950600914510648 ], [ 4.144826605013788, -10.081937426985098 ], [ 4.396518536031249, -10.090300778085012 ], [ 4.45239848146099, -10.1252257439786 ], [ 4.431443501924837, -10.195075675765775 ], [ 4.280592503550601, -10.232788425359335 ], [ 4.174996804688635, -10.30067137462774 ], [ 3.973655886655012, -10.415941671969485 ], [ 3.782784208915622, -10.376096873814857 ], [ 3.647018310378809, -10.481692572676824 ], [ 3.690763662916949, -10.618506474152298 ], [ 3.503709861923285, -10.640086120969771 ], [ 3.372946473285299, -10.667401426403316 ], [ 3.26989081444322, -10.670256320644619 ], [ 3.170381671102488, -10.527701562828966 ], [ 3.156752565662543, -10.42889472324584 ], [ 3.239720614768372, -10.338384124221299 ], [ 3.209550415093525, -10.210160775603198 ], [ 3.093546746136594, -10.185436897071803 ], [ 3.088869616394136, -10.00651192779798 ], [ 2.922933518182477, -10.014054477716693 ], [ 2.794710169564376, -10.021597027635403 ], [ 2.674029370864988, -9.810405629911473 ], [ 2.749454870052106, -9.727437580805644 ], [ 2.674029370864988, -9.576586582431407 ], [ 2.553348572165599, -9.569044032512696 ], [ 2.568433672003022, -9.259799485845512 ], [ 2.756997419970817, -9.237171836089377 ], [ 2.877678218670206, -9.350310084870054 ] ] ] ] } }
]
}
