{
"type": "FeatureCollection",
"name": "got_islands",
"features": [
{ "type": "Feature", "properties": { "id": 1, "name": "Bear Island", "continent": "Westeros" }, "geometry": { "type": "MultiPolygon", "coordinates": [ [ [ [ 9.200909587662059, 31.847100754254132 ], [ 9.075179710445141, 31.93790566557746 ], [ 9.089149696802577, 32.021725583722073 ], [ 9.005329778657966, 32.119515488224117 ], [ 9.012314771836685, 32.175395433653861 ], [ 9.117089669517448, 32.18238042683258 ], [ 9.165984621768471, 32.224290385904879 ], [ 9.110104676338729, 32.287155324513336 ], [ 9.008651248920005, 32.306242427132148 ], [ 8.921509860513355, 32.280170331334624 ], [ 8.823719956011308, 32.231275379083598 ], [ 8.823719956011308, 32.04268056325823 ], [ 8.718945058330544, 31.986800617828482 ], [ 8.711960065151827, 31.895995706505154 ], [ 8.621155153828498, 31.847100754254132 ], [ 8.55829021522004, 31.861070740611567 ], [ 8.43954533118184, 31.889010713326435 ], [ 8.299845467607488, 31.993785611007201 ], [ 8.271905494892618, 32.098560508687967 ], [ 8.334770433501076, 32.175395433653861 ], [ 8.334770433501076, 32.196350413190011 ], [ 8.243965522177749, 32.287155324513336 ], [ 8.278890488071337, 32.350020263121799 ], [ 8.285875481250052, 32.468765147159999 ], [ 8.334770433501076, 32.503690113053587 ], [ 8.498457903342015, 32.629208856901705 ], [ 8.525219586073449, 32.689254363300911 ], [ 8.657600781779186, 32.699418950329871 ], [ 8.713814401898825, 32.814984240517823 ], [ 8.788659622845092, 32.867923174557461 ], [ 8.905676445225366, 32.942813940880839 ], [ 9.055457977872114, 32.886645866138309 ], [ 9.28013027684224, 32.835158464290984 ], [ 9.528205940288419, 32.746225679281977 ], [ 9.706071510306435, 32.680696258749023 ], [ 9.701390837411223, 32.535595398997486 ], [ 9.613024185206395, 32.391930222194105 ], [ 9.69684410335101, 32.350020263121799 ], [ 9.822573980567926, 32.273185338155905 ], [ 9.759709041959466, 32.147455460938986 ], [ 9.626500071087849, 32.00667936183865 ], [ 9.457995846860255, 31.941149941305699 ], [ 9.291714498985387, 31.923935679220023 ], [ 9.200909587662059, 31.847100754254132 ] ] ] ] } },
{ "type": "Feature", "properties": { "id": 2, "name": "Skagos", "continent": "Westeros" }, "geometry": { "type": "MultiPolygon", "coordinates": [ [ [ [ 23.981732891225818, 33.502687278291013 ], [ 23.898764842119988, 33.420662047925028 ], [ 23.883679742282563, 33.35560755487613 ], [ 23.778084043420598, 33.345236548737908 ], [ 23.687573444396058, 33.420662047925028 ], [ 23.736600018867684, 33.480059628534875 ], [ 23.664945794639923, 33.612054252112337 ], [ 23.770541493501888, 33.706336126096232 ], [ 23.729057468948973, 33.827016924795622 ], [ 23.785626593339309, 33.978810741909697 ], [ 23.698887269274124, 33.996724297966637 ], [ 23.649860694802499, 34.128718921544092 ], [ 23.559350095777955, 34.215458245609277 ], [ 23.502780971387619, 34.332367769349311 ], [ 23.359472522932094, 34.416278637194985 ], [ 23.193536424720435, 34.521874336056946 ], [ 23.06908435106169, 34.486990042682905 ], [ 22.95971737724037, 34.566186816829379 ], [ 22.929547177565521, 34.650097684675046 ], [ 22.944632277402945, 34.720809090162966 ], [ 22.831494028622267, 34.763235933455725 ], [ 22.861664228297116, 34.916915388049475 ], [ 22.92200462764681, 35.026282361870798 ], [ 22.842807853500336, 35.150734435529543 ], [ 22.703270680004167, 35.128106785773404 ], [ 22.673100480329321, 35.170533629066163 ], [ 22.680643030248032, 35.252558859432149 ], [ 22.763611079353861, 35.391153214188471 ], [ 22.740983429597726, 35.489206363131721 ], [ 22.673100480329321, 35.575945687196906 ], [ 22.778696179191286, 35.692855210936941 ], [ 22.823951478703556, 35.787137084920836 ], [ 22.903148252850031, 35.77582326004277 ], [ 22.98611630195586, 35.802222184758264 ], [ 22.952174827321656, 35.866333859067311 ], [ 22.978573752037146, 35.911589158579581 ], [ 23.038914151386841, 35.90404660866087 ], [ 23.189765149761079, 35.97947210784799 ], [ 23.227477899354636, 35.907817883620226 ], [ 23.385871447647585, 35.843706209311179 ], [ 23.487695871550194, 35.772051985083415 ], [ 23.548036270899889, 35.696626485896296 ], [ 23.646089419843143, 35.67777011109952 ], [ 23.668717069599278, 35.545775487522057 ], [ 23.623461770087008, 35.492977638091077 ], [ 23.638546869924429, 35.410009588985247 ], [ 23.642318144883784, 35.304413890123286 ], [ 23.695115994314769, 35.293100065245213 ], [ 23.747913843745753, 35.406238314025892 ], [ 23.819568067973513, 35.466578713375583 ], [ 23.823339342932869, 35.59480206199369 ], [ 23.721514919030259, 35.719254135652434 ], [ 23.725286193989614, 35.836163659392462 ], [ 23.740371293827039, 35.994557207685411 ], [ 23.668717069599278, 36.137865656140953 ], [ 23.766770218542529, 36.295316385694051 ], [ 23.721514919030259, 36.449938659027637 ], [ 23.785626593339309, 36.521592883255401 ], [ 23.747913843745753, 36.76295448065418 ], [ 23.672488344558634, 36.824237698743708 ], [ 23.725286193989614, 37.001487621833434 ], [ 23.827110617892224, 37.073141846061198 ], [ 23.932706316754189, 37.076913121020553 ], [ 24.011903090900663, 37.012801446711507 ], [ 24.121270064721987, 37.012801446711507 ], [ 24.170296639193612, 36.978859972077302 ], [ 24.158982814315543, 36.861950448337268 ], [ 24.272121063096222, 36.756354749475307 ], [ 24.215551938705882, 36.6281314008572 ], [ 24.388751195620653, 36.462548514562037 ], [ 24.458601127407832, 36.420638555489738 ], [ 24.522476692835081, 36.289659049671307 ], [ 24.743530433015707, 36.215176792807746 ], [ 24.796328282446691, 36.139751293620627 ], [ 24.792557007487336, 36.003985395083809 ], [ 24.713360233340861, 35.954958820612184 ], [ 24.735987883096996, 35.860676946628288 ], [ 24.769929357731201, 35.758852522725675 ], [ 24.751072982934421, 35.702283398335346 ], [ 24.668104933828591, 35.660799373782424 ], [ 24.656791108950522, 35.577831324676595 ], [ 24.690732583584726, 35.45337925101785 ], [ 24.630392184235031, 35.438294151180422 ], [ 24.508506706477647, 35.36763995008058 ], [ 24.400344411714322, 35.272358052968762 ], [ 24.389030586836252, 35.185618728903577 ], [ 24.487083735779507, 35.166762354106801 ], [ 24.596450709600827, 35.178076178984867 ], [ 24.720902783259572, 35.151677254269373 ], [ 24.796328282446691, 35.110193229716458 ], [ 24.856668681796386, 34.978198606139003 ], [ 24.766158082771845, 34.872602907277042 ], [ 24.822727207162181, 34.849975257520903 ], [ 24.966035655617706, 34.917858206789312 ], [ 25.01883350504869, 34.910315656870601 ], [ 25.030147329926756, 34.823576332805416 ], [ 24.977349480495775, 34.725523183862165 ], [ 25.017400581705239, 34.618510315380597 ], [ 25.052774979682891, 34.472847761585314 ], [ 25.060317529601605, 34.378565887601418 ], [ 25.011290955129976, 34.276741463698805 ], [ 25.007519680170621, 34.14474684012135 ], [ 24.8981527063493, 34.073092615893586 ], [ 24.683190033666015, 34.065550065974875 ], [ 24.611535809438251, 33.899613967763216 ], [ 24.532339035291777, 33.85058739329159 ], [ 24.524796485373066, 33.737449144510919 ], [ 24.464456086023372, 33.653538276665252 ], [ 24.151440264396832, 33.638453176827824 ], [ 24.060929665372292, 33.682765657600264 ], [ 23.993046716103883, 33.678994382640909 ], [ 23.981732891225818, 33.502687278291013 ] ] ] ] } },
{ "type": "Feature", "properties": { "id": 3, "name": null, "continent": "Westeros" }, "geometry": { "type": "MultiPolygon", "coordinates": [ [ [ [ 25.327799333978358, 34.999400652732774 ], [ 25.383679279408103, 34.957490693660468 ], [ 25.482700325049464, 34.895230557033173 ], [ 25.475157775130754, 34.808491232967988 ], [ 25.399732275943634, 34.687810434268599 ], [ 25.354476976431364, 34.612384935081479 ], [ 25.263966377406824, 34.646326409715684 ], [ 25.290365302122314, 34.702895534106027 ], [ 25.380875901146855, 34.793406133130567 ], [ 25.369562076268789, 34.861289082398969 ], [ 25.279051477244245, 34.899001831992528 ], [ 25.252652552528755, 34.997054980935786 ], [ 25.327799333978358, 34.999400652732774 ] ] ] ] } },
{ "type": "Feature", "properties": { "id": 4, "name": null, "continent": "Westeros" }, "geometry": { "type": "MultiPolygon", "coordinates": [ [ [ [ 25.607152398708209, 35.274243690448436 ], [ 25.497785424886889, 35.296871340204568 ], [ 25.347692149795506, 35.299282058908474 ], [ 25.305450401959739, 35.436408513700741 ], [ 25.358248251390719, 35.447722338578807 ], [ 25.429902475618483, 35.560860587359485 ], [ 25.331849326675229, 35.760738160205349 ], [ 25.226253627813264, 35.779594535002126 ], [ 25.253394741882822, 35.851096520027163 ], [ 25.335620601634584, 35.956844458091851 ], [ 25.286594027162959, 36.07752525679124 ], [ 25.33939187659394, 36.126551831262866 ], [ 25.369562076268789, 36.2434613550029 ], [ 25.267737652366179, 36.28117410459646 ], [ 25.190529803274362, 36.40989597432457 ], [ 25.204499789631797, 36.479745906111745 ], [ 25.316764226837805, 36.428253828011343 ], [ 25.388418451065569, 36.315115579230664 ], [ 25.441216300496549, 36.33397195402744 ], [ 25.40350355090299, 36.484822952401679 ], [ 25.309274687312559, 36.584520803792515 ], [ 25.25642382748811, 36.673386700369477 ], [ 25.282822752203604, 36.782753674190793 ], [ 25.232439762346665, 36.801055592332759 ], [ 25.1545994035855, 36.861950448337268 ], [ 25.162141953504214, 36.952461047361808 ], [ 25.27528020228489, 37.001487621833434 ], [ 25.395961000984279, 36.877035548174689 ], [ 25.400079598635887, 36.738190653724295 ], [ 25.525809475852807, 36.52864085836277 ], [ 25.659950248139193, 36.447110202808119 ], [ 25.671264073017259, 36.352828328824224 ], [ 25.602644400818697, 36.263211117571501 ], [ 25.641093873342413, 36.073753981831885 ], [ 25.708976822610818, 35.994557207685411 ], [ 25.852285271066343, 35.885190233864094 ], [ 26.006907544399933, 35.636286086546605 ], [ 25.901311845537968, 35.564631862318841 ], [ 25.874912920822478, 35.413780863944602 ], [ 25.746689572204378, 35.402467039066536 ], [ 25.754232122123089, 35.278014965407792 ], [ 25.708976822610818, 35.221445841017456 ], [ 25.607152398708209, 35.274243690448436 ] ] ] ] } },
{ "type": "Feature", "properties": { "id": 5, "name": "Skane", "continent": "Westeros" }, "geometry": { "type": "MultiPolygon", "coordinates": [ [ [ [ 22.759839804394506, 37.24379203797205 ], [ 22.823951478703556, 37.172137813744285 ], [ 22.812637653825487, 37.04014319016683 ], [ 22.891834427971961, 36.991116615695205 ], [ 22.971031202118436, 36.900606016670665 ], [ 22.961232923246399, 36.849231649739437 ], [ 22.961232923246399, 36.716516779343806 ], [ 22.912337970995377, 36.625711868020474 ], [ 22.828518052850765, 36.604756888484324 ], [ 22.73771314152744, 36.660636833914062 ], [ 22.667863209740261, 36.730486765701237 ], [ 22.529792031873797, 36.806324142686762 ], [ 22.522249481955082, 36.869492998255993 ], [ 22.620302630898337, 36.957175141061001 ], [ 22.620302630898337, 37.0853984896791 ], [ 22.597674981142202, 37.16082398886622 ], [ 22.759839804394506, 37.24379203797205 ] ] ] ] } },
{ "type": "Feature", "properties": { "id": 6, "name": null, "continent": "Westeros" }, "geometry": { "type": "MultiPolygon", "coordinates": [ [ [ [ 23.476539135688785, 37.770766316661856 ], [ 23.404727822444364, 37.71897268285089 ], [ 23.38964272260694, 37.824568381712858 ], [ 23.32553104829789, 37.847196031468997 ], [ 23.322869285756997, 37.903481187057494 ], [ 23.308899299399563, 38.029211064274413 ], [ 23.22370662439528, 38.171525677973598 ], [ 23.28027574878562, 38.246951177160717 ], [ 23.434629176616482, 38.154940941491326 ], [ 23.518449094761088, 38.064136030168001 ], [ 23.462569149331351, 37.966346125665957 ], [ 23.49050912204622, 37.882526207521344 ], [ 23.476539135688785, 37.770766316661856 ] ] ] ] } },
{ "type": "Feature", "properties": { "id": 7, "name": "Ib", "continent": null }, "geometry": { "type": "MultiPolygon", "coordinates": [ [ [ [ 81.454726063860036, 23.717677614480053 ], [ 81.373112069394551, 23.728208452475599 ], [ 81.373112069394551, 23.833516832431059 ], [ 81.412602711877852, 23.909865407898771 ], [ 81.333621426911265, 23.965152307375387 ], [ 81.244109303949116, 23.959886888377614 ], [ 81.165128018982514, 23.988846692865366 ], [ 81.115106538503682, 24.049399011339755 ], [ 81.030859834539299, 24.086256944324166 ], [ 80.93081687358162, 24.088889653823053 ], [ 80.830773912623926, 24.070460687330847 ], [ 80.77285430364843, 24.02307191635089 ], [ 80.71493469467292, 23.933559793388749 ], [ 80.685974890185165, 23.865109346417697 ], [ 80.659647795196307, 23.812455156439967 ], [ 80.55170670574195, 23.815087865938853 ], [ 80.464827292278699, 23.794026189947761 ], [ 80.417438521298749, 23.767699094958896 ], [ 80.317395560341055, 23.794026189947761 ], [ 80.291068465352183, 23.854578508422151 ], [ 80.196290923392269, 23.854578508422151 ], [ 80.133105895418993, 23.891436441406562 ], [ 80.075186286443497, 23.928294374390976 ], [ 79.996205001476895, 23.97831585486982 ], [ 79.948816230496945, 23.923028955393203 ], [ 79.954081649494711, 23.820353284936626 ], [ 79.961979777991374, 23.749270128466691 ], [ 79.950132585246379, 23.570245882542395 ], [ 80.018583032217435, 23.467570212085825 ], [ 80.134422250168441, 23.372792670125907 ], [ 80.055440965201839, 23.320138480148177 ], [ 80.102829736181803, 23.22009551919049 ], [ 80.213403535135029, 23.183237586206076 ], [ 80.30554836759606, 23.109521720237254 ], [ 80.347671719578244, 22.972620826295152 ], [ 80.400325909555974, 22.735676971395364 ], [ 80.352937138576024, 22.635634010437677 ], [ 80.379264233564882, 22.556652725471082 ], [ 80.489838032518122, 22.546121887475536 ], [ 80.516165127506994, 22.351301384557932 ], [ 80.600411831471362, 22.277585518589106 ], [ 80.658331440446858, 22.167011719635873 ], [ 80.624106216961337, 22.051172501684864 ], [ 80.589880993475816, 21.898475350749447 ], [ 80.479307194522576, 21.808963227787302 ], [ 80.46877635652703, 21.708920266829615 ], [ 80.52143054650476, 21.603611886874152 ], [ 80.505634289511448, 21.508834344914238 ], [ 80.484572613520342, 21.414056802954324 ], [ 80.442449261538158, 21.314013841996633 ], [ 80.379264233564882, 21.298217585003314 ], [ 80.350304429077141, 21.307432068249433 ], [ 80.34635536482881, 21.362718967726053 ], [ 80.384529652562662, 21.414056802954324 ], [ 80.372682459817668, 21.479874540426504 ], [ 80.351620783826576, 21.557539470643654 ], [ 80.322660979338821, 21.625989917614707 ], [ 80.264741370363325, 21.690491300337428 ], [ 80.234465211126121, 21.723400169073507 ], [ 80.168647473653962, 21.723400169073507 ], [ 80.134422250168441, 21.693124009836296 ], [ 80.061364561574351, 21.71484386320212 ], [ 80.061364561574351, 21.776712536425954 ], [ 80.058731852075454, 21.846479338146448 ], [ 80.031088402337147, 21.905715301871396 ], [ 80.023190273840484, 21.98338023208855 ], [ 80.069262690071, 21.989962005835764 ], [ 80.099538849308203, 22.020238165072961 ], [ 80.094273430310423, 22.104484869037329 ], [ 80.071895399569897, 22.192680637250028 ], [ 80.057415497326019, 22.284167292336331 ], [ 80.054782787827122, 22.35261773930738 ], [ 80.028455692838264, 22.401322865036782 ], [ 79.950790762621111, 22.430282669524534 ], [ 79.894187508395049, 22.393424736540123 ], [ 79.837584254168988, 22.428966314775089 ], [ 79.807308094931798, 22.523743856735006 ], [ 79.741490357459625, 22.60140878695216 ], [ 79.709897843472987, 22.693553619413187 ], [ 79.59537498027143, 22.76529495325784 ], [ 79.526924533300374, 22.891665009204395 ], [ 79.424907040218528, 22.940370134933794 ], [ 79.302486048520308, 22.94300284443268 ], [ 79.237984665797583, 22.974595358419322 ], [ 79.147156188086001, 23.044362160139812 ], [ 79.140574414338786, 23.094712729306018 ], [ 79.170850573575976, 23.132557928352512 ], [ 79.176115992573756, 23.194755690263708 ], [ 79.199810378063731, 23.268142467545168 ], [ 79.21297392555816, 23.307962198715828 ], [ 79.197177668564848, 23.351401905447457 ], [ 79.16031973558043, 23.379045355185767 ], [ 79.130701753717972, 23.430712279101407 ], [ 79.147814365460732, 23.48336646907914 ], [ 79.200468555438462, 23.517591692564665 ], [ 79.254439100165641, 23.550500561300744 ], [ 79.258388164413958, 23.59657297753126 ], [ 79.238642843172315, 23.659758005504536 ], [ 79.212315748183457, 23.679503326746186 ], [ 79.17414146044959, 23.662390715003422 ], [ 79.112272787225763, 23.638696329513444 ], [ 79.026709728511946, 23.615001944023465 ], [ 78.94641208879591, 23.611052879775137 ], [ 78.902972382064277, 23.56103139929629 ], [ 78.850318192086547, 23.546551497052416 ], [ 78.80556213060548, 23.539969723305198 ], [ 78.768704197621062, 23.547867851801858 ], [ 78.714733652893898, 23.520224402063551 ], [ 78.675243010410597, 23.482050114329695 ], [ 78.650232270171173, 23.434661343349738 ], [ 78.619956110933984, 23.371476315376462 ], [ 78.610741627687872, 23.349098284635925 ], [ 78.634436013177861, 23.33066931814372 ], [ 78.641017786925076, 23.287229611412091 ], [ 78.568618275705688, 23.234575421434361 ], [ 78.516622263102704, 23.276698773416545 ], [ 78.516622263102704, 23.333302027642606 ], [ 78.436324623386668, 23.32277118964706 ], [ 78.373139595413392, 23.262218871172671 ], [ 78.356026983670631, 23.220095519190483 ], [ 78.331016243431208, 23.160859555465539 ], [ 78.282311117701795, 23.131899750977787 ], [ 78.253351313214054, 23.104256301239477 ], [ 78.243478652593225, 23.05522208682272 ], [ 78.285602004575424, 23.007833315842763 ], [ 78.314561809063164, 22.928852030876168 ], [ 78.27243845708098, 22.839339907914024 ], [ 78.16713007712552, 22.768256751444088 ], [ 78.067087116167841, 22.710337142468585 ], [ 77.988105831201239, 22.639253985998646 ], [ 77.861735775254687, 22.547109153537619 ], [ 77.788019909285865, 22.47865870656657 ], [ 77.764325523795875, 22.383881164606652 ], [ 77.693242367325951, 22.336492393626695 ], [ 77.611628372860466, 22.283838203648966 ], [ 77.60109753486492, 22.218020466176803 ], [ 77.614261082359349, 22.152202728704637 ], [ 77.661649853339313, 22.110079376722453 ], [ 77.690609657827054, 22.070588734239156 ], [ 77.753794685800329, 22.073221443738042 ], [ 77.790652618784748, 22.05215976774695 ], [ 77.727467590811472, 22.010036415764766 ], [ 77.645853596345987, 21.991607449272561 ], [ 77.59583211586714, 21.9442186782926 ], [ 77.564239601880502, 21.875768231321551 ], [ 77.514218121401655, 21.815215912847162 ], [ 77.456298512426159, 21.799419655853843 ], [ 77.424705998439521, 21.878400940820438 ], [ 77.419440579441741, 21.936320549795941 ], [ 77.445767674430613, 21.996872868270334 ], [ 77.395746193951766, 22.038996220252518 ], [ 77.416807869942858, 22.099548538726907 ], [ 77.401011612949546, 22.152202728704637 ], [ 77.33256116597849, 22.181162533192389 ], [ 77.111413568072024, 22.186427952190162 ], [ 77.058759378094294, 22.254878399161214 ], [ 77.058759378094294, 22.336492393626695 ], [ 76.995574350121018, 22.360186779116674 ], [ 76.890265970165544, 22.349655941121128 ], [ 76.827080942192268, 22.31016529863783 ], [ 76.734936109731251, 22.252245689662328 ], [ 76.640158567771323, 22.199591499684598 ], [ 76.548013735310306, 22.167998985697956 ], [ 76.555911863806955, 22.128508343214659 ], [ 76.63752585827244, 22.094283119729134 ], [ 76.600667925288036, 22.05215976774695 ], [ 76.626995020276894, 22.00740370626588 ], [ 76.603300634786919, 21.957382225787033 ], [ 76.561177282804735, 21.907360745308189 ], [ 76.471665159842587, 21.834961234088809 ], [ 76.445338064853729, 21.755979949122214 ], [ 76.397949293873765, 21.690162211650051 ], [ 76.395316584374882, 21.619079055180112 ], [ 76.379520327381556, 21.555894027206836 ], [ 76.326866137403826, 21.532199641716858 ], [ 76.271579237927213, 21.516403384723539 ], [ 76.213659628951703, 21.46440737212053 ], [ 76.196547017208943, 21.372262539659499 ], [ 76.197863371958391, 21.305128447437887 ], [ 76.266313818929447, 21.273535933451249 ], [ 76.313702589909397, 21.226147162471293 ], [ 76.324233427904943, 21.165594843996903 ], [ 76.284742785421642, 21.094511687526964 ], [ 76.224190466947263, 21.028693950054802 ], [ 76.155740019976207, 20.997759613442891 ], [ 76.147841891479544, 20.928650989097115 ], [ 76.108351248996243, 20.886527637114927 ], [ 76.039900802025201, 20.878629508618268 ], [ 75.979348483550808, 20.857567832627176 ], [ 75.968817645555262, 20.802280933150559 ], [ 76.016206416535226, 20.7943828046539 ], [ 75.99514474054412, 20.73383048617951 ], [ 75.916163455577532, 20.710136100689532 ], [ 75.845080299107593, 20.662747329709571 ], [ 75.860876556100919, 20.607460430232955 ], [ 75.834549461112047, 20.560071659252998 ], [ 75.781895271134317, 20.552173530756338 ], [ 75.723975662158807, 20.554806240255225 ], [ 75.658157924686648, 20.546908111758565 ], [ 75.644994377192219, 20.646951072716252 ], [ 75.658157924686648, 20.760157581168375 ], [ 75.62656541070001, 20.833873447137197 ], [ 75.57917663972006, 20.894425765611587 ], [ 75.534420578238979, 20.953003551961817 ], [ 75.476500969263483, 20.979330646950686 ], [ 75.418581360287973, 21.105700702897238 ], [ 75.368559879809126, 21.166253021371627 ], [ 75.376458008305789, 21.237336177841566 ], [ 75.368559879809126, 21.311052043810388 ], [ 75.402785103294661, 21.390033328776983 ], [ 75.444908455276845, 21.463749194745809 ], [ 75.460704712270157, 21.551286785583784 ], [ 75.450173874274611, 21.609206394559287 ], [ 75.471235550265703, 21.675024132031449 ], [ 75.518624321245667, 21.696085808022545 ], [ 75.552849544731188, 21.782965221485799 ], [ 75.560747673227851, 21.869844634949054 ], [ 75.555482254230071, 21.925131534425674 ], [ 75.518624321245667, 21.961989467410085 ], [ 75.484399097760132, 21.98041843390229 ], [ 75.489664516757912, 22.019909076385588 ], [ 75.518624321245667, 22.048868880873339 ], [ 75.52125703074455, 22.088359523356637 ], [ 75.531787868740096, 22.164708098824349 ], [ 75.560747673227851, 22.191035193813214 ], [ 75.616034572704464, 22.191035193813214 ], [ 75.655525215187765, 22.198933322309873 ], [ 75.695015857671066, 22.254878399161214 ], [ 75.707521227790721, 22.326290644318515 ], [ 75.549558657857531, 22.35261773930738 ], [ 75.454781115897617, 22.405271929285114 ], [ 75.365268992935469, 22.473722376256163 ], [ 75.386330668926561, 22.579030756211623 ], [ 75.328411059951065, 22.689604555164859 ], [ 75.354738154939923, 22.805443773115865 ], [ 75.381065249928795, 22.89495589607801 ], [ 75.360003573937703, 22.963406343049058 ], [ 75.302083964962193, 23.042387628015653 ], [ 75.244164355986698, 23.10030723699116 ], [ 75.286287707968881, 23.184553940955528 ], [ 75.281022288971101, 23.25826980692435 ], [ 75.259960612980009, 23.379374443873132 ], [ 75.170448490017876, 23.447824890844181 ], [ 75.075670948057947, 23.495213661824138 ], [ 74.99668966309136, 23.542602432804099 ], [ 74.928239216120303, 23.574194946790737 ], [ 74.90191212113146, 23.652188965695242 ], [ 74.812399998169326, 23.720639412666291 ], [ 74.805818224422097, 23.76572456283473 ], [ 74.817665417167092, 23.799620697632889 ], [ 74.838727093158184, 23.813113333814687 ], [ 74.892697637885348, 23.797317076821368 ], [ 74.928239216120332, 23.841744049615073 ], [ 74.95456631110919, 23.925990753579441 ], [ 74.949300892111424, 24.004972038546036 ], [ 74.886115864138148, 24.036564552532674 ], [ 74.80186916017378, 24.057626228523766 ], [ 74.733418713202724, 24.105014999503723 ], [ 74.670233685229448, 24.141872932488134 ], [ 74.559659886276222, 24.162934608479226 ], [ 74.575456143269534, 24.252446731441367 ], [ 74.664968266231682, 24.336693435405738 ], [ 74.622844914249498, 24.389347625383468 ], [ 74.680764523224994, 24.457798072354517 ], [ 74.728153294204958, 24.536779357321112 ], [ 74.770276646187142, 24.631556899281026 ], [ 74.712357037211632, 24.705272765249848 ], [ 74.786072903180454, 24.763192374225351 ], [ 74.870319607144822, 24.826377402198631 ], [ 74.970362568102516, 24.836908240194177 ], [ 75.06514011006243, 24.936951201151864 ], [ 75.144121395029018, 25.021197905116232 ], [ 75.175713909015656, 25.121240866073919 ], [ 75.180979328013436, 25.21075298903606 ], [ 75.206346154907834, 25.302543030257677 ], [ 75.333676478948846, 25.379246396964799 ], [ 75.444250277902086, 25.41610432994921 ], [ 75.612743685830822, 25.547739804893535 ], [ 75.712786646788516, 25.674109860840087 ], [ 75.728582903781827, 25.774152821797774 ], [ 75.812829607746195, 25.858399525762145 ], [ 75.833891283737287, 25.958442486719832 ], [ 75.897076311710563, 26.000565838702016 ], [ 75.990146749787215, 26.015237768637892 ], [ 76.041875334149324, 25.976871453212038 ], [ 76.083998686131508, 26.05058731918086 ], [ 76.073467848135962, 26.145364861140774 ], [ 76.04714075314709, 26.234876984102915 ], [ 76.094529524127054, 26.287531174080648 ], [ 76.173510809093656, 26.271734917087326 ], [ 76.257757513058024, 26.282265755082875 ], [ 76.342004217022392, 26.303327431073967 ], [ 76.447312596977852, 26.36124704004947 ], [ 76.53155930094222, 26.434962906018292 ], [ 76.505232205953348, 26.529740447978206 ], [ 76.589478909917716, 26.535005866975979 ], [ 76.710583546866502, 26.503413352989341 ], [ 76.815891926821962, 26.529740447978206 ], [ 76.926465725775188, 26.587660056953709 ], [ 77.015977848737336, 26.582394637955936 ], [ 77.068632038715066, 26.492882514993795 ], [ 77.173940418670526, 26.419166649024973 ], [ 77.289779636621532, 26.371777878045016 ], [ 77.395088016576992, 26.429697487020519 ], [ 77.53198891051909, 26.403370392031654 ], [ 77.711013156443371, 26.392839554036108 ], [ 77.937426173347617, 26.424432068022746 ], [ 78.011142039316439, 26.371777878045016 ], [ 78.042734553303077, 26.271734917087326 ], [ 78.190166285240721, 26.20854988911405 ], [ 78.300740084193961, 26.292796593078421 ], [ 78.483789314589387, 26.329562461680187 ], [ 78.550847486588168, 26.36124704004947 ], [ 78.603501676565898, 26.4139012300272 ], [ 78.67721754253472, 26.450759163011611 ], [ 78.771995084494648, 26.4139012300272 ], [ 78.866772626454562, 26.419166649024973 ], [ 78.919426816432292, 26.498147933991568 ], [ 78.850976369461236, 26.529740447978206 ], [ 78.782525922490194, 26.545536704971525 ], [ 78.745667989505776, 26.629783408935893 ], [ 78.656155866543628, 26.692968436909169 ], [ 78.714075475519138, 26.740357207889126 ], [ 78.798322179483506, 26.750888045884672 ], [ 78.89309972144342, 26.798276816864629 ], [ 78.924692235430058, 26.919381453813411 ], [ 79.00367352039666, 26.898319777822319 ], [ 79.082654805363248, 26.845665587844589 ], [ 79.182697766320942, 26.861461844837908 ], [ 79.31959866026304, 26.945708548802276 ], [ 79.453866844706255, 26.941759484553941 ], [ 79.559175224661715, 26.994413674531671 ], [ 79.632891090630537, 27.073394959498266 ], [ 79.696076118603813, 27.16817250145818 ], [ 79.696076118603813, 27.252419205422548 ], [ 79.864569526532549, 27.278746300411413 ], [ 80.027797515463504, 27.299807976402509 ], [ 80.19629092339224, 27.315604233395828 ], [ 80.312130141343246, 27.368258423373558 ], [ 80.41217310230094, 27.463035965333471 ], [ 80.496419806265308, 27.53148641230452 ], [ 80.633320700207406, 27.494628479320109 ], [ 80.749159918158412, 27.547282669297839 ], [ 80.759690756153958, 27.657856468251072 ], [ 80.83867204112056, 27.705245239231029 ], [ 80.954511259071566, 27.705245239231029 ], [ 81.0440233820337, 27.731572334219894 ], [ 80.975572935062658, 27.773695686202093 ], [ 80.807079527133922, 27.868473228162006 ], [ 80.691240309182916, 27.942189094130828 ], [ 80.585931929227456, 28.058028312081838 ], [ 80.62805528120964, 28.205460044019482 ], [ 80.754425337156192, 28.331830099966034 ], [ 80.922918745084928, 28.447669317917043 ], [ 81.10194299100921, 28.563508535868049 ], [ 81.312559750920144, 28.521385183885865 ], [ 81.449460644862242, 28.510854345890319 ], [ 81.765385784728622, 28.510854345890319 ], [ 81.933879192657358, 28.426607641925951 ], [ 82.091841762590548, 28.373953451948218 ], [ 82.2182118185371, 28.279175909988304 ], [ 82.418297740452473, 28.268645071992758 ], [ 82.534136958403479, 28.18439836802839 ], [ 82.555198634394571, 28.005374122104108 ], [ 82.692099528336669, 27.994843284108562 ], [ 82.800040617791012, 28.01590496009964 ], [ 82.850062098269873, 27.942189094130828 ], [ 82.8790219027576, 27.836880714175358 ], [ 82.818469584283235, 27.721041496224363 ], [ 82.944839640229787, 27.626263954264449 ], [ 83.036984472690847, 27.548269935359965 ], [ 83.100169500664123, 27.500881164380008 ], [ 83.115965757657449, 27.31659149945795 ], [ 83.105434919661903, 27.137567253533664 ], [ 82.973799444717571, 27.09544390155148 ], [ 82.857960226766565, 27.026993454580431 ], [ 82.958003187724259, 27.021728035582658 ], [ 83.052780729684173, 26.995400940593793 ], [ 83.173885366632945, 27.005931778589339 ], [ 83.258132070597313, 27.005931778589339 ], [ 83.337113355563915, 26.963808426607152 ], [ 83.352909612557241, 26.89009256063833 ], [ 83.405563802534971, 26.826907532665054 ], [ 83.416094640530517, 26.742660828700682 ], [ 83.442421735519375, 26.658414124736314 ], [ 83.495075925497105, 26.605759934758584 ], [ 83.537199277479289, 26.542574906785308 ], [ 83.521403020485977, 26.495186135805355 ], [ 83.462167056761032, 26.470175395565935 ], [ 83.412145576282185, 26.464909976568158 ], [ 83.410829221532737, 26.389877755849888 ], [ 83.438472671271043, 26.334590856373275 ], [ 83.423992769027166, 26.274038537898885 ], [ 83.423992769027166, 26.227307944293656 ], [ 83.426625478526063, 26.162806561570935 ], [ 83.397665674038308, 26.120683209588751 ], [ 83.350276903058344, 26.115417790590978 ], [ 83.352909612557241, 26.071978083859349 ], [ 83.322633453320037, 26.046967343619926 ], [ 83.323949808069486, 26.000894927389414 ], [ 83.329215227067252, 25.969302413402776 ], [ 83.335797000814466, 25.928495416170033 ], [ 83.362124095803338, 25.887688418937291 ], [ 83.397665674038308, 25.862677678697871 ], [ 83.455585283013804, 25.848197776453993 ], [ 83.463483411510467, 25.891637483185622 ], [ 83.487177797000442, 25.917964578174487 ], [ 83.533250213230957, 25.921913642422815 ], [ 83.575373565213141, 25.927179061420588 ], [ 83.596435241204233, 25.902168321181168 ], [ 83.59380253170535, 25.871892161943972 ], [ 83.658303914428075, 25.856095904950653 ], [ 83.65172214068086, 25.782380038981831 ], [ 83.591169822206467, 25.70734781826356 ], [ 83.570108146215375, 25.638897371292511 ], [ 83.551679179723166, 25.578345052818118 ], [ 83.554311889222049, 25.509894605847069 ], [ 83.559577308219829, 25.430913320880475 ], [ 83.578006274712038, 25.367728292907195 ], [ 83.527984794233191, 25.320339521927238 ], [ 83.483228732752124, 25.251889074956189 ], [ 83.485861442251007, 25.188704046982913 ], [ 83.438472671271043, 25.159744242495158 ], [ 83.391083900291093, 25.178173208987367 ], [ 83.367389514801118, 25.230827398965097 ], [ 83.327898872317817, 25.233460108463984 ], [ 83.306837196326725, 25.175540499488481 ], [ 83.27787739183897, 25.091293795524109 ], [ 83.222590492362357, 25.041272315045266 ], [ 83.206794235369031, 25.007047091559741 ], [ 83.233121330357903, 24.949127482584238 ], [ 83.27787739183897, 24.891207873608732 ], [ 83.27261197284119, 24.841186393129888 ], [ 83.230488620859006, 24.812226588642137 ], [ 83.122547531404663, 24.830655555134342 ], [ 83.019871860948086, 24.822757426637683 ], [ 82.993544765959228, 24.772735946158839 ], [ 82.961952251972576, 24.70955091818556 ], [ 82.872440129010442, 24.670060275702262 ], [ 82.819785939032712, 24.638467761715624 ], [ 82.756600911059436, 24.620038795223419 ], [ 82.710528494828921, 24.528552140137105 ], [ 82.607852824372344, 24.544348397130424 ], [ 82.539402377401288, 24.557511944624856 ], [ 82.476217349428012, 24.539082978132651 ], [ 82.476217349428012, 24.470632531161602 ], [ 82.428828578448062, 24.420611050682759 ], [ 82.478850058926909, 24.391651246195007 ], [ 82.568362181889043, 24.381120408199461 ], [ 82.636812628860099, 24.35216060371171 ], [ 82.702630366332258, 24.338997056217273 ], [ 82.715793913826687, 24.286342866239544 ], [ 82.710528494828921, 24.209994290771835 ], [ 82.644710757356748, 24.149441972297446 ], [ 82.647343466855645, 24.080991525326393 ], [ 82.636812628860099, 23.996744821362025 ], [ 82.578893019884589, 23.949356050382068 ], [ 82.510442572913547, 23.965152307375387 ], [ 82.436726706944725, 23.865109346417697 ], [ 82.363010840975889, 23.749270128466691 ], [ 82.307723941499276, 23.654492586506773 ], [ 82.318254779494822, 23.572878592041292 ], [ 82.226109947033791, 23.520224402063562 ], [ 82.157659500062749, 23.517591692564675 ], [ 82.107638019583902, 23.414916022108098 ], [ 81.989166092134013, 23.335934737141503 ], [ 81.989166092134013, 23.270116999669341 ], [ 81.873326874182993, 23.267484290170454 ], [ 81.839101650697472, 23.301709513655979 ], [ 81.852265198191901, 23.356996413132595 ], [ 81.82330539370416, 23.404385184112552 ], [ 81.778549332223079, 23.470202921584718 ], [ 81.71273159475092, 23.507060854569129 ], [ 81.644281147779864, 23.528122530560221 ], [ 81.565299862813276, 23.522857111562448 ], [ 81.520543801332209, 23.649227167509 ], [ 81.454726063860036, 23.717677614480053 ] ] ] ] } },
{ "type": "Feature", "properties": { "id": 8, "name": "Blacktyde", "continent": "Westeros" }, "geometry": { "type": "MultiPolygon", "coordinates": [ [ [ [ 6.968568730831567, 13.685108776245572 ], [ 7.040694364429248, 13.665780992078874 ], [ 7.049651142457718, 13.650224482871531 ], [ 7.032680405140617, 13.605440592729179 ], [ 7.000153158616173, 13.593183949111273 ], [ 6.917656518880262, 13.59648381470071 ], [ 6.867215716298878, 13.587527036672238 ], [ 6.862847594065569, 13.572567243248052 ], [ 6.846002294652501, 13.565842205655942 ], [ 6.686430222934756, 13.558535360422189 ], [ 6.616661636186672, 13.573620460259612 ], [ 6.597805261389892, 13.585169989822642 ], [ 6.594033986430537, 13.596248110015749 ], [ 6.597805261389892, 13.614868780127569 ], [ 6.620432911146028, 13.632075222129629 ], [ 6.692322840058749, 13.647867436021933 ], [ 6.754077467518202, 13.648810254761772 ], [ 6.769398272040585, 13.654702871885764 ], [ 6.779533573493854, 13.663423945229276 ], [ 6.779533573493854, 13.688408641835009 ], [ 6.790140284317042, 13.698072533918356 ], [ 6.810646591908539, 13.703965151042352 ], [ 6.906578398687154, 13.706557902576908 ], [ 6.968568730831567, 13.685108776245572 ] ] ] ] } },
{ "type": "Feature", "properties": { "id": 9, "name": "Harlaw", "continent": "Westeros" }, "geometry": { "type": "MultiPolygon", "coordinates": [ [ [ [ 7.541331115283739, 13.153123302291434 ], [ 7.673325738861196, 13.073926528144961 ], [ 7.760065062926381, 12.979644654161063 ], [ 7.816634187316718, 12.847650030583608 ], [ 7.854346936910277, 12.745825606681001 ], [ 7.986341560487733, 12.640229907819036 ], [ 7.954986234011652, 12.50960576871033 ], [ 8.038806152156262, 12.36990590513598 ], [ 8.020283035121937, 12.248017312046024 ], [ 7.95240008585353, 12.165049262940196 ], [ 7.843226343152168, 12.167341102953166 ], [ 7.752522513007668, 12.134879063265348 ], [ 7.680868288779907, 12.089623763753078 ], [ 7.575272589917942, 12.146192888143416 ], [ 7.431964141462419, 12.157506713021483 ], [ 7.403171772892962, 12.062566205272404 ], [ 7.34899609235659, 12.021740814484671 ], [ 7.270456902497327, 12.00668625984266 ], [ 7.160432344388796, 12.070767388956298 ], [ 7.134033419673305, 12.168820537899551 ], [ 7.035980270730052, 12.229819048352264 ], [ 6.987085318479028, 12.285698993782008 ], [ 7.00804029801518, 12.341578939211745 ], [ 7.035980270730052, 12.474293809607376 ], [ 6.973115332121592, 12.565098720930708 ], [ 7.028995277551333, 12.648918639075321 ], [ 7.17266699799528, 12.705185577714424 ], [ 7.247171668453981, 12.666628832534526 ], [ 7.420650316584352, 12.628916082940968 ], [ 7.563826616003465, 12.670260611820837 ], [ 7.626691554611923, 12.719155564071862 ], [ 7.668601513684229, 12.879810407182362 ], [ 7.545102390243096, 13.066383978226249 ], [ 7.541331115283739, 13.153123302291434 ] ] ] ] } },
{ "type": "Feature", "properties": { "id": 10, "name": "Orkmont", "continent": "Westeros" }, "geometry": { "type": "MultiPolygon", "coordinates": [ [ [ [ 6.588098099377104, 13.280446358076512 ], [ 6.663217201073052, 13.272539084213781 ], [ 6.722521755043537, 13.233002714900124 ], [ 6.671124474935783, 13.15392997627281 ], [ 6.742289939700365, 13.110439970027787 ], [ 6.801594493670851, 12.983923588224087 ], [ 6.776660504357404, 12.8523225589825 ], [ 6.667170838004417, 12.790195378587169 ], [ 6.584144462445739, 12.821824474038094 ], [ 6.505071723818425, 12.885082664939945 ], [ 6.461581717573402, 12.896943575734042 ], [ 6.399470872706652, 12.901217511233519 ], [ 6.342972609632432, 12.940433581979065 ], [ 6.275760781799216, 12.952294492773161 ], [ 6.216456227828731, 12.904850849596773 ], [ 6.101800756819126, 12.896943575734042 ], [ 6.043236220592056, 12.939634973716466 ], [ 6.015296247877184, 13.009484905503648 ], [ 5.983191648878156, 13.047181779125937 ], [ 6.06226438750547, 13.059042689920034 ], [ 6.161105310789612, 13.106486333096422 ], [ 6.240178049416925, 13.098579059233691 ], [ 6.331111698838336, 13.102532696165056 ], [ 6.406230800534283, 13.149976339341444 ], [ 6.505071723818425, 13.18160543479237 ], [ 6.548561730063447, 13.236956351831489 ], [ 6.588098099377104, 13.280446358076512 ] ] ] ] } },
{ "type": "Feature", "properties": { "id": 11, "name": "Old Wyk", "continent": "Westeros" }, "geometry": { "type": "MultiPolygon", "coordinates": [ [ [ [ 5.363655530940682, 13.121303169821871 ], [ 5.446623580046511, 13.068505320390889 ], [ 5.445901452629959, 12.948309948938578 ], [ 5.423995930290376, 12.879941572423094 ], [ 5.407025192973275, 12.873813250614139 ], [ 5.366483987160199, 12.871927613134462 ], [ 5.35705579976181, 12.858728150776715 ], [ 5.358941437241487, 12.830443588581547 ], [ 5.344799156143902, 12.808287348195334 ], [ 5.284458756794209, 12.804516073235977 ], [ 5.160006683135465, 12.830914997951469 ], [ 5.122293933541906, 12.853071238337682 ], [ 5.061010715452373, 12.864385063215749 ], [ 5.057239440493017, 12.895498081630436 ], [ 5.106266014964643, 12.908697543988181 ], [ 5.11852265858255, 12.944053246732144 ], [ 5.115694202363033, 12.976580493256586 ], [ 5.143035945818363, 12.979408949476104 ], [ 5.193948157769667, 12.966209487118357 ], [ 5.243917550981133, 12.979408949476104 ], [ 5.271259294436463, 13.005807874191595 ], [ 5.288230031753565, 13.040692167565636 ], [ 5.299543856631632, 13.079819145268957 ], [ 5.289172850493403, 13.134031222809694 ], [ 5.298601037891793, 13.152887597606474 ], [ 5.363655530940682, 13.121303169821871 ] ] ] ] } },
{ "type": "Feature", "properties": { "id": 12, "name": "Great Wyk", "continent": "Westeros" }, "geometry": { "type": "MultiPolygon", "coordinates": [ [ [ [ 4.991848688396146, 13.438903864092492 ], [ 5.033433267312082, 13.394484899690211 ], [ 4.952760934212495, 13.271016633795325 ], [ 4.676056044182204, 13.16338029080983 ], [ 4.660077046335851, 13.002272303917199 ], [ 4.698494508818797, 12.862572440342841 ], [ 4.788710795544551, 12.756318630377866 ], [ 4.841098244384932, 12.651543732697103 ], [ 4.956951930119728, 12.592075296823976 ], [ 5.052289642108862, 12.583660783428696 ], [ 5.154114066011471, 12.617602258062901 ], [ 5.257306636804583, 12.557150330930389 ], [ 5.320171575413042, 12.637477752485642 ], [ 5.459871438987395, 12.651447738843073 ], [ 5.535012836906414, 12.689256482290661 ], [ 5.644379810727735, 12.749596881640356 ], [ 5.73228617295738, 12.80861008536422 ], [ 5.817858458858105, 12.764681981477779 ], [ 5.817858458858105, 12.621373533022256 ], [ 5.73111913479292, 12.508235284241579 ], [ 5.596078805972389, 12.501270385500645 ], [ 5.627511275276616, 12.40697297758796 ], [ 5.683391220706358, 12.333630549211426 ], [ 5.648466254812769, 12.232348148120023 ], [ 5.564646336668158, 12.204408175405147 ], [ 5.407483990147012, 12.176468202690279 ], [ 5.309694085644966, 12.14852822997541 ], [ 5.169199165848894, 12.112251413509213 ], [ 5.025890717393371, 12.116022688468568 ], [ 4.963936923298444, 12.138050740207332 ], [ 4.796297087009222, 12.124080753849894 ], [ 4.688029692739099, 12.162498216332848 ], [ 4.562299815522183, 12.162498216332848 ], [ 4.475284573327412, 12.297043886517651 ], [ 4.305313955715193, 12.333416696837878 ], [ 4.183076575087634, 12.431206601339921 ], [ 4.141166616015329, 12.553443981967481 ], [ 4.172599085319558, 12.668696369416322 ], [ 4.214509044391864, 12.769978770507725 ], [ 4.207524051213146, 12.836336205705541 ], [ 4.127196629657893, 12.909678634082082 ], [ 4.060444327798266, 13.006043578876556 ], [ 4.095764160353665, 13.066840980603223 ], [ 4.218001540981223, 13.192570857820142 ], [ 4.20375277625379, 13.266261551072111 ], [ 4.339518674790601, 13.292660475787601 ], [ 4.454004213634891, 13.417948884556342 ], [ 4.590211580619885, 13.466843836807367 ], [ 4.754358920319747, 13.428426374324413 ], [ 4.855641321411153, 13.396993905020192 ], [ 4.904536273662176, 13.435411367503132 ], [ 4.991848688396146, 13.438903864092492 ] ] ] ] } },
{ "type": "Feature", "properties": { "id": 13, "name": "Pyke", "continent": "Westeros" }, "geometry": { "type": "MultiPolygon", "coordinates": [ [ [ [ 6.059455760941841, 12.040125779911529 ], [ 6.108482335413467, 12.049553967309917 ], [ 6.182022197120907, 12.006184305277324 ], [ 6.176365284681873, 11.936415718529242 ], [ 6.174479647202196, 11.877960956659226 ], [ 6.117910522811857, 11.85533330690309 ], [ 6.087740323137011, 11.815734919829854 ], [ 6.093397235576044, 11.700711033569499 ], [ 6.142423810047671, 11.647913184138517 ], [ 6.176365284681873, 11.602657884626247 ], [ 6.223506221673822, 11.563059497553009 ], [ 6.197107296958331, 11.542317485276552 ], [ 6.131109985169603, 11.531003660398484 ], [ 6.01946327464713, 11.529338887291416 ], [ 5.938774962242453, 11.549860035195264 ], [ 5.879763411072777, 11.546801370238207 ], [ 5.823751075982099, 11.570602047471722 ], [ 5.776610138990151, 11.580030234870112 ], [ 5.720041014599812, 11.542317485276552 ], [ 5.67667135256722, 11.546088760235909 ], [ 5.62198786565656, 11.574373322431077 ], [ 5.569190016225577, 11.604543522105924 ], [ 5.48433632964007, 11.657341371536907 ], [ 5.48433632964007, 11.683740296252399 ], [ 5.518277804274273, 11.708253583488212 ], [ 5.523934716713307, 11.751623245520804 ], [ 5.539019816550731, 11.783679082675329 ], [ 5.552219278908476, 11.817620557309532 ], [ 5.57940870438792, 11.840171083744345 ], [ 5.673706112300609, 11.850648573512423 ], [ 5.733078554319708, 11.812231111029476 ], [ 5.837853452000473, 11.798261124672038 ], [ 5.985915899234402, 11.821391832268887 ], [ 6.004772274031181, 11.849676394464057 ], [ 6.001000999071825, 11.915673706252784 ], [ 5.997229724112469, 11.9741284681228 ], [ 6.002886636551503, 12.009955580236682 ], [ 6.059455760941841, 12.040125779911529 ] ] ] ] } },
{ "type": "Feature", "properties": { "id": 14, "name": "Saltcliffe", "continent": "Westeros" }, "geometry": { "type": "MultiPolygon", "coordinates": [ [ [ [ 5.040209850586333, 11.77167287165793 ], [ 5.131486416255335, 11.737009555053302 ], [ 5.169199165848894, 11.687982980581676 ], [ 5.157885340970826, 11.616328756353914 ], [ 5.086231116743065, 11.582387281719711 ], [ 4.855107531350316, 11.586570552421914 ], [ 4.803385494791374, 11.627642581231981 ], [ 4.618593021782936, 11.672897880744252 ], [ 4.595965372026801, 11.721924455215879 ], [ 4.631587749631351, 11.768180375068564 ], [ 4.67893342113263, 11.770951029687504 ], [ 4.74304509544168, 11.774722304646861 ], [ 4.833555694466221, 11.714381905297166 ], [ 4.927837568450117, 11.729467005134589 ], [ 5.040209850586333, 11.77167287165793 ] ] ] ] } },
{ "type": "Feature", "properties": { "id": 15, "name": "Fair Isle", "continent": "Westeros" }, "geometry": { "type": "MultiPolygon", "coordinates": [ [ [ [ 5.436488278593184, 8.506676847680119 ], [ 5.515685052739657, 8.555703422151746 ], [ 5.579796727048707, 8.525533222476898 ], [ 5.628823301520335, 8.419937523614934 ], [ 5.549626527373861, 8.355825849305884 ], [ 5.511913777780301, 8.231373775647139 ], [ 5.432123196675803, 8.176641097882115 ], [ 5.418153210318368, 7.97407629569931 ], [ 5.319578754853151, 7.858017554670905 ], [ 5.327121304771863, 7.680767631581178 ], [ 5.260990863797222, 7.60736415381663 ], [ 5.168727756478915, 7.533687908166297 ], [ 5.03747108207826, 7.554976704976245 ], [ 4.867025759730443, 7.480890058735315 ], [ 4.738802411112342, 7.394150734670129 ], [ 4.689775836640716, 7.333810335320435 ], [ 4.599265237616174, 7.35643798507657 ], [ 4.655834362006512, 7.492203883613382 ], [ 4.813951300359295, 7.586409174280473 ], [ 4.845383769663523, 7.743571520801621 ], [ 4.971113646880442, 7.858823908250454 ], [ 5.044456075256976, 7.918196350269565 ], [ 5.110813510454794, 7.977568792288662 ], [ 5.180663442241969, 8.12774614563109 ], [ 5.257498367207861, 8.236013539901219 ], [ 5.247924530625388, 8.359597124265239 ], [ 5.345977679568642, 8.465192823127204 ], [ 5.436488278593184, 8.506676847680119 ] ] ] ] } },
{ "type": "Feature", "properties": { "id": 17, "name": "The Arbor", "continent": "Westeros" }, "geometry": { "type": "MultiPolygon", "coordinates": [ [ [ [ 2.877678218670206, -9.350310084870054 ], [ 3.043614316881865, -9.357852634788765 ], [ 3.10395471623156, -9.501161083244289 ], [ 3.179380215418678, -9.576586582431407 ], [ 3.224635514930949, -9.29751223543907 ], [ 3.239720614768372, -9.16928888682097 ], [ 3.337773763711626, -9.025980438365446 ], [ 3.435826912654879, -9.161746336902258 ], [ 3.360401413467761, -9.33522498503263 ], [ 3.51264633685965, -9.563772504165932 ], [ 3.620913731129772, -9.567265000755299 ], [ 3.737528909403351, -9.659554631537237 ], [ 3.908179101314206, -9.613356513285131 ], [ 4.019328904380497, -9.692156166898105 ], [ 4.054253870274087, -9.810901050936298 ], [ 4.138073788418698, -9.90170596225963 ], [ 4.138073788418698, -9.950600914510648 ], [ 4.144826605013788, -10.081937426985098 ], [ 4.396518536031249, -10.090300778085012 ], [ 4.45239848146099, -10.1252257439786 ], [ 4.431443501924837, -10.195075675765775 ], [ 4.280592503550601, -10.232788425359335 ], [ 4.174996804688635, -10.30067137462774 ], [ 3.973655886655012, -10.415941671969485 ], [ 3.782784208915622, -10.376096873814857 ], [ 3.647018310378809, -10.481692572676824 ], [ 3.690763662916949, -10.618506474152298 ], [ 3.503709861923285, -10.640086120969771 ], [ 3.372946473285299, -10.667401426403316 ], [ 3.26989081444322, -10.670256320644619 ], [ 3.170381671102488, -10.527701562828966 ], [ 3.156752565662543, -10.42889472324584 ], [ 3.239720614768372, -10.338384124221299 ], [ 3.209550415093525, -10.210160775603198 ], [ 3.093546746136594, -10.185436897071803 ], [ 3.088869616394136, -10.00651192779798 ], [ 2.922933518182477, -10.014054477716693 ], [ 2.794710169564376, -10.021597027635403 ], [ 2.674029370864988, -9.810405629911473 ], [ 2.749454870052106, -9.727437580805644 ], [ 2.674029370864988, -9.576586582431407 ], [ 2.553348572165599, -9.569044032512696 ], [ 2.568433672003022, -9.259799485845512 ], [ 2.756997419970817, -9.237171836089377 ], [ 2.877678218670206, -9.350310084870054 ] ] ] ] } },
{ "type": "Feature", "properties": { "id": 19, "name": "Longsister", "continent": "Westeros" }, "geometry": { "type": "MultiPolygon", "coordinates": [ [ [ [ 17.918229870636392, 17.732629626374266 ], [ 17.808862896815072, 17.74771472621169 ], [ 17.872974571124121, 17.860852974992365 ], [ 18.004969194701577, 17.898565724585925 ], [ 18.074819126488755, 18.003340622266688 ], [ 18.193564010526952, 18.094145533590019 ], [ 18.287814816653267, 18.090900747513075 ], [ 18.385867965596521, 18.1059858473505 ], [ 18.419809440230722, 18.056959272878871 ], [ 18.517862589173976, 18.056959272878871 ], [ 18.631000837954652, 18.03056034816338 ], [ 18.612144463157872, 17.932507199220129 ], [ 18.563117888686246, 17.909879549463994 ], [ 18.412266890312011, 17.909879549463994 ], [ 18.355697765921672, 17.87593807482979 ], [ 18.299128641531336, 17.815597675480095 ], [ 18.231245692262931, 17.823140225398806 ], [ 18.144506368197746, 17.823140225398806 ], [ 18.031368119417067, 17.77411365092718 ], [ 17.918229870636392, 17.732629626374266 ] ] ] ] } },
{ "type": "Feature", "properties": { "id": 20, "name": "Sweetsister", "continent": "Westeros" }, "geometry": { "type": "MultiPolygon", "coordinates": [ [ [ [ 19.137854311859861, 18.225582600427479 ], [ 19.091096382996067, 18.13238477206599 ], [ 19.019442158768307, 18.155012421822125 ], [ 18.936474109662477, 18.19649644637504 ], [ 18.747910361694686, 18.20403899629375 ], [ 18.657399762670142, 18.200267721334395 ], [ 18.574431713564312, 18.230437921009241 ], [ 18.721511436979192, 18.309634695155715 ], [ 18.886394557426026, 18.358297470823114 ], [ 19.054034393715249, 18.358297470823114 ], [ 19.14483930503858, 18.337342491286961 ], [ 19.137854311859861, 18.225582600427479 ] ] ] ] } },
{ "type": "Feature", "properties": { "id": 21, "name": "Littlesister", "continent": "Westeros" }, "geometry": { "type": "MultiPolygon", "coordinates": [ [ [ [ 19.480118977617025, 18.204627620891326 ], [ 19.633788827548809, 18.155732668640304 ], [ 19.728441851127211, 18.090900747513075 ], [ 19.852893924785956, 18.08712947255372 ], [ 19.883064124460802, 18.019246523285315 ], [ 19.777468425598837, 18.000390148488535 ], [ 19.713356751289787, 17.94759229905755 ], [ 19.626803834370094, 17.967137852814925 ], [ 19.542983916225481, 17.974122845993652 ], [ 19.424239032187284, 18.016032805065951 ], [ 19.333434120863952, 18.120807702746717 ], [ 19.354389100400105, 18.16271766181902 ], [ 19.480118977617025, 18.204627620891326 ] ] ] ] } },
{ "type": "Feature", "properties": { "id": 22, "name": "Pebble", "continent": "Westeros" }, "geometry": { "type": "MultiPolygon", "coordinates": [ [ [ [ 22.155492992157722, 17.640704799240112 ], [ 22.227867463203662, 17.611553961013211 ], [ 22.144179167279656, 17.557736750134282 ], [ 22.064982393133182, 17.535109100378147 ], [ 21.976407708769827, 17.464869104260142 ], [ 21.887732470043453, 17.504938900703301 ], [ 21.780827899765733, 17.49979407015373 ], [ 21.706711271994372, 17.482311250947166 ], [ 21.759509121425353, 17.561508025093641 ], [ 21.892587790625218, 17.590598981477061 ], [ 21.955615419311862, 17.595449499727842 ], [ 22.019727093620912, 17.602992049646556 ], [ 22.095152592808027, 17.629390974362046 ], [ 22.155492992157722, 17.640704799240112 ] ] ] ] } },
{ "type": "Feature", "properties": { "id": 23, "name": "The Paps", "continent": "Westeros" }, "geometry": { "type": "MultiPolygon", "coordinates": [ [ [ [ 24.783835934143763, 17.903279818285121 ], [ 24.836633783574744, 17.925907468041256 ], [ 24.863032708290238, 17.990019142350306 ], [ 24.923373107639929, 18.027731891943866 ], [ 24.979942232030268, 18.005104242187731 ], [ 25.017654981623828, 17.956077667716102 ], [ 25.018654006812017, 17.89386716481545 ], [ 24.959281564792921, 17.827509729617635 ], [ 24.889431633005739, 17.799569756902766 ], [ 24.814006133818609, 17.812769219260581 ], [ 24.768750834306339, 17.805226669341867 ], [ 24.721791796716516, 17.7960772603134 ], [ 24.648070035606953, 17.775056469667021 ], [ 24.561330711541768, 17.778827744626376 ], [ 24.527389236907563, 17.835396869016716 ], [ 24.580187086338547, 17.89573726836641 ], [ 24.617899835932104, 17.940992567878681 ], [ 24.640527485688239, 17.982476592431595 ], [ 24.715952984875358, 17.967391492594171 ], [ 24.783835934143763, 17.903279818285121 ] ] ] ] } },
{ "type": "Feature", "properties": { "id": 24, "name": "Claw Isle", "continent": "Westeros" }, "geometry": { "type": "MultiPolygon", "coordinates": [ [ [ [ 25.08188867349152, 8.690608973923526 ], [ 25.051596456258032, 8.630186102598893 ], [ 25.083652293412559, 8.586816440566301 ], [ 25.057253368697069, 8.53401859113532 ], [ 24.995027331867696, 8.479335104224658 ], [ 24.913944920241544, 8.434079804712388 ], [ 24.802692308940546, 8.428422892273355 ], [ 24.864918345769919, 8.475563829265303 ], [ 24.934686932518002, 8.547218053493065 ], [ 24.95965129286396, 8.603296559189554 ], [ 24.973621279221398, 8.669653994387369 ], [ 24.995027331867696, 8.703725964306333 ], [ 25.043471211008573, 8.708071456870316 ], [ 25.08188867349152, 8.690608973923526 ] ] ] ] } },
{ "type": "Feature", "properties": { "id": 25, "name": "Dragonstone", "continent": "Westeros" }, "geometry": { "type": "MultiPolygon", "coordinates": [ [ [ [ 23.946029877287007, 6.83485243459876 ], [ 24.064774761325204, 6.827867441420034 ], [ 24.082237244271997, 6.758017509632859 ], [ 24.075252251093278, 6.688167577845684 ], [ 23.973969850001875, 6.674197591488253 ], [ 23.932059890929569, 6.625302639237229 ], [ 23.907612414804056, 6.565930197218131 ], [ 23.823792496659447, 6.548467714271334 ], [ 23.687585129674453, 6.57640768698621 ], [ 23.596780218351125, 6.558945204039413 ], [ 23.512960300206515, 6.57640768698621 ], [ 23.492005320670359, 6.618317646058509 ], [ 23.481527830902284, 6.688167577845684 ], [ 23.540900272921384, 6.730077536917998 ], [ 23.708540109210606, 6.71610755056056 ], [ 23.841254979606241, 6.730077536917998 ], [ 23.900627421625341, 6.778972489169016 ], [ 23.946029877287007, 6.83485243459876 ] ] ] ] } },
{ "type": "Feature", "properties": { "id": 26, "name": "Driftmark", "continent": "Westeros" }, "geometry": { "type": "MultiPolygon", "coordinates": [ [ [ [ 23.330245141997086, 6.391463004851389 ], [ 23.423502852202049, 6.423128777675084 ], [ 23.493352783989227, 6.353278845887909 ], [ 23.514307763525377, 6.297398900458178 ], [ 23.437472838559483, 6.224056472081643 ], [ 23.312331585940143, 6.247683147025943 ], [ 23.173737231183814, 6.179800197757539 ], [ 23.088883544598307, 6.153401273042047 ], [ 22.992716033134734, 6.145858723123336 ], [ 22.945575096142782, 6.153401273042047 ], [ 22.894662884191479, 6.162829460440437 ], [ 22.798495372727903, 6.176028922798183 ], [ 22.776043519851804, 6.108413144012127 ], [ 22.715527323622073, 6.094946511172031 ], [ 22.724955511020465, 6.164715097920116 ], [ 22.679700211508194, 6.189228385155928 ], [ 22.62237366992002, 6.146830606495074 ], [ 22.560905050288483, 6.111917248489132 ], [ 22.559019412808805, 6.028949199383303 ], [ 22.509992838337176, 5.959180612635219 ], [ 22.467565995044424, 5.945981150277471 ], [ 22.428910426711024, 5.970494437513286 ], [ 22.392140495857305, 6.028949199383301 ], [ 22.392140495857305, 6.142087448163978 ], [ 22.411939689393925, 6.202427847513674 ], [ 22.487365188581041, 6.247683147025946 ], [ 22.502450288418466, 6.281624621660148 ], [ 22.493022101020077, 6.304252271416283 ], [ 22.43456733915006, 6.324994283692741 ], [ 22.452480895207, 6.375906495644044 ], [ 22.558076594068964, 6.398534145400179 ], [ 22.692223601707198, 6.34939540867788 ], [ 22.81169483508565, 6.330651196131775 ], [ 22.992716033134734, 6.345736295969198 ], [ 23.094540457037343, 6.361292805176541 ], [ 23.185051056061884, 6.336779517940728 ], [ 23.311388767200306, 6.357521530217186 ], [ 23.330245141997086, 6.391463004851389 ] ] ] ] } },
{ "type": "Feature", "properties": { "id": 27, "name": "Tarth", "continent": "Westeros" }, "geometry": { "type": "MultiPolygon", "coordinates": [ [ [ [ 24.57890963483916, 0.859726664769386 ], [ 24.686565111429012, 0.829302290950515 ], [ 24.817623952494916, 0.738029169493902 ], [ 24.865163990386996, 0.765067581300847 ], [ 24.953363466456036, 0.777814889103195 ], [ 24.997829858960539, 0.833982963845726 ], [ 25.039955915017437, 0.843344309636148 ], [ 25.06335927949349, 0.82696195450291 ], [ 25.07506096173152, 0.761432533969957 ], [ 25.105485335550391, 0.745050178836718 ], [ 25.159313073845315, 0.770793879760378 ], [ 25.201439129902212, 0.752071188179535 ], [ 25.20846013924503, 0.496974515390539 ], [ 25.133569372921656, 0.487613169600117 ], [ 25.103144999102785, 0.461869468676457 ], [ 25.130593731178266, 0.380892956471385 ], [ 25.178035765426159, 0.351288571527099 ], [ 25.231863503721083, 0.28341881454654 ], [ 25.290371914911223, 0.250654104280064 ], [ 25.348880326101359, 0.238952422042036 ], [ 25.362922344786991, 0.1804440108519 ], [ 25.31143494293967, 0.124275936109369 ], [ 25.217821485035451, 0.051725506233599 ], [ 25.194418120559398, -0.011463577851749 ], [ 25.086762643969546, -0.030186269432592 ], [ 25.14059038226447, -0.058270306803858 ], [ 25.14059038226447, -0.128480400232022 ], [ 25.213140812140242, -0.156564437603287 ], [ 25.20846013924503, -0.247837559059901 ], [ 25.269308886882772, -0.374215727230596 ], [ 25.161653410292921, -0.4186821197351 ], [ 25.135909709369262, -0.540379615010584 ], [ 25.082081971074334, -0.626972063571986 ], [ 24.986128176722509, -0.641014082257619 ], [ 24.983787840274907, -0.692501484104939 ], [ 25.023573559884198, -0.760371241085498 ], [ 25.070380288836308, -0.825900661618451 ], [ 25.241224849511507, -0.809518306485212 ], [ 25.262287877539958, -0.8469636896469 ], [ 25.105485335550391, -0.886749409256193 ], [ 25.056338270150675, -0.910152773732247 ], [ 24.901876064608715, -0.910152773732247 ], [ 24.830239024493409, -0.897360795233944 ], [ 24.766136550647598, -0.870367054122954 ], [ 24.686565111429012, -0.903131764389431 ], [ 24.653800401162535, -0.886749409256193 ], [ 24.663161746952955, -0.790795614904369 ], [ 24.597632326420005, -0.762711577533103 ], [ 24.599734249595731, -0.666856020336262 ], [ 24.562527279705922, -0.612930044886353 ], [ 24.539123915229869, -0.507614904744107 ], [ 24.485296176934941, -0.488892213163264 ], [ 24.480615504039729, -0.453787166449182 ], [ 24.515914331451121, -0.429366252259868 ], [ 24.492317186277759, -0.366609633775878 ], [ 24.518060887201418, -0.284697858109687 ], [ 24.496997859172968, -0.249592811395605 ], [ 24.401044064821143, -0.235550792709972 ], [ 24.342535653631007, -0.214487764681523 ], [ 24.314451616259742, -0.167681035729413 ], [ 24.246581859279186, -0.130235652567726 ], [ 24.248922195726788, -0.083428923615617 ], [ 24.300409597574109, -0.057685222691956 ], [ 24.333174307840586, 0.021886216526629 ], [ 24.375300363897484, 0.038268571659868 ], [ 24.447850793773252, 0.010184534288602 ], [ 24.536783578782263, 0.02656688942184 ], [ 24.599972662867611, 0.078054291269161 ], [ 24.616355018000846, 0.145924048249719 ], [ 24.614014681553243, 0.211453468782672 ], [ 24.606993672210425, 0.284003898658442 ], [ 24.55784660681071, 0.349533319191395 ], [ 24.621035690896058, 0.408041730381531 ], [ 24.616355018000846, 0.454848459333641 ], [ 24.57890963483916, 0.532079562104621 ], [ 24.513380214306206, 0.557823263028281 ], [ 24.474004372378811, 0.569487772296753 ], [ 24.478275167592123, 0.602289655532785 ], [ 24.518060887201418, 0.670159412513343 ], [ 24.50167853206818, 0.745050178836718 ], [ 24.468913821801703, 0.796537580684039 ], [ 24.487974358736249, 0.862857485802891 ], [ 24.57890963483916, 0.859726664769386 ] ] ], [ [ [ 25.420474288220092, -0.042803485179696 ], [ 25.488357237488497, -0.05788858501712 ], [ 25.548697636838192, -0.171026833797797 ], [ 25.695777360253071, -0.167255558838441 ], [ 25.714633735049851, -0.231367233147491 ], [ 25.624123136025311, -0.291707632497186 ], [ 25.529841262041412, -0.272851257700406 ], [ 25.450644487894941, -0.303021457375253 ], [ 25.371447713748466, -0.189883208594576 ], [ 25.367676438789111, -0.076744959813899 ], [ 25.420474288220092, -0.042803485179696 ] ] ] ] } },
{ "type": "Feature", "properties": { "id": 28, "name": "Estermont", "continent": "Westeros" }, "geometry": { "type": "MultiPolygon", "coordinates": [ [ [ [ 24.696389496023759, -3.490691616770826 ], [ 24.700160770983114, -3.547260741161165 ], [ 24.647362921552133, -3.637771340185707 ], [ 24.665846538762807, -3.718420739778916 ], [ 24.600972070181548, -3.759273081836636 ], [ 24.560215875125156, -3.827200073597289 ], [ 24.523988146186142, -3.949468658766464 ], [ 24.424361891603851, -3.994753319940233 ], [ 24.379077230430081, -4.089851108405147 ], [ 24.356434899843197, -4.171363498517931 ], [ 24.252280179143529, -4.239290490278584 ], [ 24.183882009431294, -4.245787724772088 ], [ 24.173404519663219, -4.120057847555176 ], [ 24.222299471914241, -4.025760439642485 ], [ 24.2257919685036, -3.927970535140441 ], [ 24.279450975847791, -3.881541667005811 ], [ 24.338321035373689, -3.809086209127782 ], [ 24.36549183207795, -3.721913236368276 ], [ 24.439942798787559, -3.739595764088316 ], [ 24.49681734948188, -3.614362166080576 ], [ 24.575041627439479, -3.547288406900338 ], [ 24.696389496023759, -3.490691616770826 ] ] ], [ [ [ 25.020047480041562, -3.086901567462543 ], [ 25.073516991959348, -3.068308821322966 ], [ 25.096882405007456, -3.121826533356131 ], [ 25.047118067243858, -3.162590695306863 ], [ 25.013062486862843, -3.24755641057305 ], [ 24.978137520969256, -3.380271280968688 ], [ 24.894317602824646, -3.401226260504845 ], [ 24.828384119601218, -3.336069343437235 ], [ 24.866377630109774, -3.282481376466637 ], [ 24.929242568718234, -3.205646451500751 ], [ 24.956607468219318, -3.121106670753949 ], [ 25.020047480041562, -3.086901567462543 ] ] ] ] } },
{ "type": "Feature", "properties": { "id": 29, "name": null, "continent": "Westeros" }, "geometry": { "type": "MultiPolygon", "coordinates": [ [ [ [ 21.386296738673344, -4.833455518910984 ], [ 21.429330014919103, -4.809982822776934 ], [ 21.522260108040065, -4.794999965409818 ], [ 21.566254075701064, -4.792378300676396 ], [ 21.595594945868626, -4.796290416698739 ], [ 21.638628222114384, -4.84714792498918 ], [ 21.691441788415997, -4.839323692944497 ], [ 21.726650832617072, -4.851060041011522 ], [ 21.771640166874, -4.86866456311206 ], [ 21.787288630963367, -4.921478129413672 ], [ 21.748167470739951, -4.931258419469526 ], [ 21.709046310516534, -4.944950825547723 ], [ 21.685573614382484, -4.991896217815823 ], [ 21.638628222114384, -5.040797668095094 ], [ 21.656232744214922, -5.083830944340852 ], [ 21.662100918248434, -5.12295210456427 ], [ 21.615819949807435, -5.150182491507247 ], [ 21.497075065769234, -5.171137471043397 ], [ 21.439110304974957, -5.158161148765345 ], [ 21.390208854695686, -5.138600568653636 ], [ 21.39998914475154, -5.117083930530757 ], [ 21.439110304974957, -5.085787002352023 ], [ 21.448740528771836, -5.03277533077953 ], [ 21.456714827075494, -4.972335637704115 ], [ 21.443022420997298, -4.905829665324306 ], [ 21.409769434807394, -4.878444853167914 ], [ 21.386296738673344, -4.833455518910984 ] ] ] ] } },
{ "type": "Feature", "properties": { "id": 30, "name": null, "continent": "Westeros" }, "geometry": { "type": "MultiPolygon", "coordinates": [ [ [ [ 19.817515107231142, -4.267947902646318 ], [ 19.93993888483686, -4.34526609151819 ], [ 20.025736425368649, -4.399454011854059 ], [ 20.093471325788489, -4.458157592217917 ], [ 20.039283405452618, -4.485251552385852 ], [ 19.915305011733189, -4.460035215061046 ], [ 19.876887549250238, -4.474005201418484 ], [ 19.834977590177935, -4.428602745756811 ], [ 19.803545120873707, -4.376215296916433 ], [ 19.747665175443966, -4.337797834433493 ], [ 19.737187685675888, -4.278425392414389 ], [ 19.817515107231142, -4.267947902646318 ] ] ] ] } },
{ "type": "Feature", "properties": { "id": 31, "name": null, "continent": "Westeros" }, "geometry": { "type": "MultiPolygon", "coordinates": [ [ [ [ 19.475250441473978, -4.316842854897336 ], [ 19.545100373261153, -4.397170276452583 ], [ 19.527637890314359, -4.480990194597195 ], [ 19.450802965348466, -4.498452677543985 ], [ 19.346028067667703, -4.477497698007843 ], [ 19.290148122237962, -4.474005201418484 ], [ 19.300625612006037, -4.379707793505792 ], [ 19.370475543793216, -4.313350358307977 ], [ 19.475250441473978, -4.316842854897336 ] ] ] ] } },
{ "type": "Feature", "properties": { "id": 32, "name": "Bloodstone", "continent": "Westeros" }, "geometry": { "type": "MultiPolygon", "coordinates": [ [ [ [ 25.658368908589047, -5.654436151958868 ], [ 25.674857831091057, -5.606533874262713 ], [ 25.676482773058556, -5.726891609836898 ], [ 25.72856013340839, -5.788025902421486 ], [ 25.690068171410687, -5.894444856179843 ], [ 25.699125103645439, -6.021241907466394 ], [ 25.805544057403797, -5.91255872064935 ], [ 25.810072523521171, -5.758590872658536 ], [ 25.789694425992977, -5.636322287489361 ], [ 25.873471049164447, -5.534431799848381 ], [ 25.8440360194015, -5.396313583268387 ], [ 26.108951287268045, -5.233288803042819 ], [ 26.131593617854929, -5.258195366688392 ], [ 26.122536685620176, -5.341971989859864 ], [ 26.047816994683458, -5.409898981620517 ], [ 26.052345460800836, -5.47782597338117 ], [ 26.120272452561487, -5.432541312207402 ], [ 26.154235948441816, -5.416691680796583 ], [ 26.181406745146077, -5.446126710559532 ], [ 26.167821346793946, -5.489147138674612 ], [ 26.15876441455919, -5.527639100672316 ], [ 26.038760062448706, -5.57971646102215 ], [ 25.968568837629363, -5.846895961947385 ], [ 26.047816994683458, -5.865009826416893 ], [ 26.068195092211653, -5.935201051236234 ], [ 25.95775005482912, -6.050080941111285 ], [ 26.022910431037886, -6.111811229813932 ], [ 26.009325032685755, -6.18653092075065 ], [ 25.877999515281825, -6.211437484396224 ], [ 25.814600989638549, -6.247665213335238 ], [ 25.789694425992977, -6.381254963797856 ], [ 25.733088599525765, -6.406161527443428 ], [ 25.606291548239213, -6.415218459678183 ], [ 25.542893022595937, -6.485409684497524 ], [ 25.490815662246103, -6.634849066370961 ], [ 25.441002534954958, -6.671076795309975 ], [ 25.395717873781187, -6.652962930840468 ], [ 25.443266768013647, -6.440125023323755 ], [ 25.364018610959551, -6.422011158854247 ], [ 25.377995620995559, -6.339958158028065 ], [ 25.388925174605124, -6.24540098027655 ], [ 25.441002534954958, -6.105018530637867 ], [ 25.561006887065446, -6.109546996755244 ], [ 25.563271120124131, -5.975957246292626 ], [ 25.556478420948068, -5.905766021473284 ], [ 25.545157255654626, -5.831046330536566 ], [ 25.619876946591344, -5.788025902421486 ], [ 25.608500395893241, -5.732263751479632 ], [ 25.633462344943474, -5.704249279250014 ], [ 25.658368908589047, -5.654436151958868 ] ] ] ] } },
{ "type": "Feature", "properties": { "id": 33, "name": "Grey Gallows", "continent": null }, "geometry": { "type": "MultiPolygon", "coordinates": [ [ [ [ 28.274621737194206, -7.10019794716051 ], [ 28.31305492976448, -7.135428373683259 ], [ 28.245108712487543, -7.187637778171828 ], [ 28.210566416243754, -7.273147313726732 ], [ 28.268216205099161, -7.375635827247454 ], [ 28.207363650196232, -7.458907744483042 ], [ 28.210566416243754, -7.571004556146334 ], [ 28.175335989721006, -7.651073707334399 ], [ 28.008792155249829, -7.756764986902645 ], [ 27.955231495570764, -7.847719633560645 ], [ 27.883884279396447, -7.891281160898595 ], [ 27.794206830065814, -7.89768669299364 ], [ 27.720543210972796, -7.990566908371797 ], [ 27.640474059784729, -8.051419463274726 ], [ 27.5796215048818, -8.064230527464817 ], [ 27.59899684345617, -7.90359957899039 ], [ 27.611649165357026, -7.840036904138234 ], [ 27.653285123974818, -7.788792647377872 ], [ 27.733354275162885, -7.775981583187781 ], [ 27.819828958445996, -7.686304133857148 ], [ 27.89669534358654, -7.647870941286877 ], [ 27.903100875681584, -7.558193491956244 ], [ 27.983170026869647, -7.494138171005791 ], [ 28.031211517582488, -7.484529872863224 ], [ 28.063498889840886, -7.425127546248229 ], [ 27.954345132441944, -7.417271785865249 ], [ 27.86442658424744, -7.393695076943994 ], [ 27.768584701685633, -7.398055189580113 ], [ 27.656487890022341, -7.420474551912771 ], [ 27.589229803024367, -7.442893914245429 ], [ 27.553999376501618, -7.410866253770203 ], [ 27.567564374151939, -7.323845145156819 ], [ 27.616459326402964, -7.299397669031316 ], [ 27.646879591879774, -7.253930717441595 ], [ 27.791084155870902, -7.27145769631644 ], [ 27.874275981253881, -7.228308589061415 ], [ 27.916814033087821, -7.145727819099529 ], [ 27.999183857107262, -7.077778584827851 ], [ 28.274621737194206, -7.10019794716051 ] ] ] ] } },
{ "type": "Feature", "properties": { "id": 34, "name": "Stepstones", "continent": null }, "geometry": { "type": "MultiPolygon", "coordinates": [ [ [ [ 26.778032156110477, -7.828099888299763 ], [ 26.821052584225558, -7.873384549473532 ], [ 26.741804427171463, -7.916404977588613 ], [ 26.743857252117401, -7.974568270187135 ], [ 26.750861359406215, -8.036409329699101 ], [ 26.610478909767533, -8.160942147926963 ], [ 26.48594609153967, -8.276418033920073 ], [ 26.408962167544264, -8.287739199213515 ], [ 26.42953255907511, -8.198088051906105 ], [ 26.464457524968697, -8.170148079191229 ], [ 26.508588422126554, -8.167734847103031 ], [ 26.515381121302621, -8.115657486753197 ], [ 26.492738790715734, -8.068108592520737 ], [ 26.553873083300324, -8.004710066877461 ], [ 26.628592774237042, -7.884705714766975 ], [ 26.778032156110477, -7.828099888299763 ] ] ], [ [ [ 28.832919803871562, -7.866623054839095 ], [ 28.887951435294791, -7.846442436233279 ], [ 28.920232218605531, -7.898055524143314 ], [ 28.887951435294791, -7.932917119516389 ], [ 28.881545903199747, -8.0193918027995 ], [ 28.827098880391862, -8.029000100942067 ], [ 28.788665687821592, -7.990566908371797 ], [ 28.801487334567334, -7.887578034375244 ], [ 28.832919803871562, -7.866623054839095 ] ] ], [ [ [ 28.863732096194695, -7.136814128903938 ], [ 28.900762499484884, -7.193078162538666 ], [ 28.974426118577902, -7.209091992776279 ], [ 28.87420958596277, -7.259051509531489 ], [ 28.772651857583977, -7.24752518534655 ], [ 28.81483714394367, -7.157769108440086 ], [ 28.863732096194695, -7.136814128903938 ] ] ], [ [ [ 29.136519327738466, -6.713486603499015 ], [ 29.221139626435299, -6.708436640778335 ], [ 29.436241767010703, -6.765042467245546 ], [ 29.397749805013, -6.86014025571046 ], [ 29.402278271130374, -6.934859946647179 ], [ 29.375107474426112, -7.005051171466521 ], [ 29.302652016548084, -7.054864298757666 ], [ 29.182647664437596, -7.113734358283565 ], [ 29.098871041266126, -6.989201540055701 ], [ 29.012830185035963, -6.941652645823244 ], [ 28.981130922214327, -7.007315404525209 ], [ 28.879240434573347, -7.002786938407832 ], [ 28.820370375047446, -6.943916878881933 ], [ 28.655081361763191, -6.957502277234063 ], [ 28.639231730352371, -6.8329694590062 ], [ 28.74112221799335, -6.7740993994803 ], [ 28.861126570103838, -6.753721301952104 ], [ 28.940374727157934, -6.71749357301309 ], [ 29.136519327738466, -6.713486603499015 ] ] ], [ [ [ 28.333784194322526, -5.771370148441304 ], [ 28.52234794229032, -5.771370148441304 ], [ 28.459620433079316, -5.860173909735254 ], [ 28.445650446721878, -5.933516338111781 ], [ 28.511034117412251, -6.057987045352353 ], [ 28.386278004702778, -6.090678684632929 ], [ 28.323413066094318, -6.157036119830751 ], [ 28.257937490167588, -6.179932432092004 ], [ 28.250816145216696, -6.284263542913706 ], [ 28.106878277554078, -6.261811017511514 ], [ 27.96449027886322, -6.263514844746057 ], [ 27.933126572233476, -6.309832845615193 ], [ 27.934029048630798, -6.363460317060181 ], [ 27.730380200825582, -6.457742191044078 ], [ 27.696438726191378, -6.397401791694383 ], [ 27.741694025703648, -6.31820501754791 ], [ 27.824662074809478, -6.257864618198215 ], [ 27.900820978781905, -6.18497609254562 ], [ 27.963685917390364, -6.150051126652032 ], [ 28.001911997899207, -6.024045570718149 ], [ 28.160305546192152, -6.057987045352353 ], [ 28.235731045379271, -6.035359395596217 ], [ 28.299842719688321, -5.956162621449743 ], [ 28.284757619850897, -5.835481822750355 ], [ 28.333784194322526, -5.771370148441304 ] ] ], [ [ [ 27.312190539913665, -6.084921110095841 ], [ 27.354248265005072, -6.120471483611853 ], [ 27.32820437015128, -6.200220687806656 ], [ 27.296176709676054, -6.261073242709585 ], [ 27.289771177581009, -6.353953458087741 ], [ 27.232121388725602, -6.411603246943148 ], [ 27.183115932126487, -6.396378714171208 ], [ 27.1481909662329, -6.368438741456332 ], [ 27.142443939394969, -6.305911967374902 ], [ 27.132835641252399, -6.235451114329404 ], [ 27.177674365917717, -6.184206857569042 ], [ 27.212904792440465, -6.158584729188862 ], [ 27.203296494297899, -6.113746004523545 ], [ 27.312190539913665, -6.084921110095841 ] ] ], [ [ [ 28.783950352105784, -5.349425627613687 ], [ 28.804905331641933, -5.335455641256257 ], [ 28.90269523614398, -5.370380607149845 ], [ 28.909680229322696, -5.461185518473177 ], [ 28.853800283892959, -5.56596041615394 ], [ 28.767480814648454, -5.575263850554798 ], [ 28.81650738912008, -5.477210701611544 ], [ 28.783950352105784, -5.349425627613687 ] ] ], [ [ [ 28.964939997771342, -5.05983938507737 ], [ 28.895090065984167, -5.150644296400694 ], [ 28.879240434573347, -5.218571288161347 ], [ 28.822634608106135, -5.216307055102659 ], [ 28.852069637869086, -5.14158736416594 ], [ 28.858862337045149, -5.066867673229222 ], [ 28.884612576216089, -5.02840691577314 ], [ 28.933507528467114, -5.024914419183782 ], [ 28.964939997771342, -5.05983938507737 ] ] ], [ [ [ 28.71468296521747, -4.749354634455858 ], [ 28.609087266355505, -4.975631132017212 ], [ 28.556289416924521, -5.088769380797889 ], [ 28.62417236619293, -5.216992729415989 ], [ 28.438666901087313, -5.263996657997816 ], [ 28.284757619850897, -5.299960778521819 ], [ 28.389771948836291, -5.194146726210641 ], [ 28.393264445425647, -5.152236767138334 ], [ 28.27451956138745, -5.05095436604693 ], [ 28.239594595493863, -4.991581924027828 ], [ 28.229117105725784, -4.848389563864118 ], [ 28.183714650064118, -4.809972101381164 ], [ 28.020768372695983, -4.832322683561688 ], [ 28.096193871883102, -4.696556785024876 ], [ 28.278012057976806, -4.733137176415277 ], [ 28.330399506817187, -4.754092155951434 ], [ 28.43517440449795, -4.69821221052169 ], [ 28.501531839695769, -4.754092155951434 ], [ 28.71468296521747, -4.749354634455858 ] ] ], [ [ [ 27.722837650906868, -4.905862545269128 ], [ 27.703981276110088, -5.056713543643364 ], [ 27.587071752370058, -5.143452867708549 ], [ 27.522960078061008, -5.252819841529871 ], [ 27.500332428304869, -5.381043190147971 ], [ 27.447534578873888, -5.418755939741531 ], [ 27.417364379199039, -5.362186815351192 ], [ 27.409821829280329, -5.279218766245362 ], [ 27.358106235489636, -5.17887017674307 ], [ 27.410493684330024, -5.109020244955895 ], [ 27.424463670687455, -5.035677816579359 ], [ 27.477704778548734, -4.966202944618822 ], [ 27.588611010387318, -4.972812877970897 ], [ 27.677582351394598, -4.860607245756857 ], [ 27.722837650906868, -4.905862545269128 ] ] ], [ [ [ 27.170876591792922, -4.860822464888574 ], [ 27.218406371915286, -4.930902918898598 ], [ 27.145063943538755, -4.986782864328335 ], [ 27.131093957181317, -5.056632796115517 ], [ 27.159033929896186, -5.098542755187816 ], [ 27.188990456262431, -5.195928957574462 ], [ 27.173140824851611, -5.218571288161346 ], [ 27.11427076532571, -5.225363987337412 ], [ 27.078706508340936, -5.280152577834473 ], [ 27.025965676036861, -5.334047174154456 ], [ 27.025965676036861, -5.494807721321336 ], [ 26.992002180156536, -5.598962442021003 ], [ 26.841216740264535, -5.618924747002277 ], [ 26.785336794834794, -5.681789685610733 ], [ 26.68406648417491, -5.732552192483621 ], [ 26.607082560179503, -5.82085728177247 ], [ 26.471228576658195, -5.881991574357058 ], [ 26.423679682425739, -5.872934642122305 ], [ 26.398773118780166, -5.836706913183289 ], [ 26.530098636184096, -5.757458756129194 ], [ 26.526892047222248, -5.69925216855753 ], [ 26.551339523347757, -5.636387229949074 ], [ 26.548212500653602, -5.58990550978625 ], [ 26.534627102301471, -5.5604704800233 ], [ 26.478021275834262, -5.54688508167117 ], [ 26.473492809716884, -5.510657352732155 ], [ 26.555005199829669, -5.433673428736748 ], [ 26.561797899005732, -5.354425271682652 ], [ 26.564062132064421, -5.293290979098065 ], [ 26.611611026296877, -5.209514355926593 ], [ 26.672745318881468, -5.121209266637743 ], [ 26.781428505698511, -5.114416567461678 ], [ 26.840298565224412, -5.057810740994467 ], [ 26.930867887571949, -5.021583012055452 ], [ 27.01464451074342, -4.960448719470865 ], [ 27.071250337210632, -4.883464795475458 ], [ 27.170876591792922, -4.860822464888574 ] ] ], [ [ [ 27.390249962023226, -3.565283210193712 ], [ 27.481054873346558, -3.589730686319227 ], [ 27.505502349472067, -3.628148148802181 ], [ 27.498517356293352, -3.694505584 ], [ 27.529949825597576, -3.743400536251016 ], [ 27.606784750563474, -3.771340508965885 ], [ 27.634724723278342, -3.774833005555244 ], [ 27.631232226688986, -3.848175433931779 ], [ 27.634724723278342, -3.93898034525511 ], [ 27.522964832418861, -3.970412814559339 ], [ 27.47057738357848, -3.952950331612541 ], [ 27.414697438148739, -3.904055379361523 ], [ 27.351832499540279, -3.869130413467935 ], [ 27.372787479076433, -3.79928048168076 ], [ 27.418189934738098, -3.708475570357429 ], [ 27.390249962023226, -3.652595624927683 ], [ 27.358817492718998, -3.635133141980894 ], [ 27.390249962023226, -3.565283210193712 ] ] ], [ [ [ 29.077125814683527, -3.362718408010913 ], [ 29.146975746470702, -3.418598353440643 ], [ 29.063155828326096, -3.470985802281027 ], [ 29.052678338558017, -3.537343237478851 ], [ 29.057868986518855, -3.588744765714078 ], [ 29.057868986518855, -3.664170264901196 ], [ 28.959815837575604, -3.698111739535399 ], [ 28.827821213998146, -3.72451066425089 ], [ 28.724383659158288, -3.729430549893525 ], [ 28.699597865380046, -3.837648913031567 ], [ 28.68828404050198, -3.916845687178041 ], [ 28.552518141965166, -4.014898836121295 ], [ 28.465778817899981, -3.999813736283871 ], [ 28.427521449062791, -3.893577889593445 ], [ 28.364656510454335, -3.900562882772163 ], [ 28.326241644403812, -3.965872261649668 ], [ 28.245911626416131, -3.980890304327416 ], [ 28.171619371070221, -3.969643536609024 ], [ 28.291314082077797, -3.879607903236007 ], [ 28.417043959294716, -3.79928048168076 ], [ 28.518326360386119, -3.802772978270119 ], [ 28.563831966843235, -3.781079788641229 ], [ 28.609087266355505, -3.709425564413467 ], [ 28.620401091233571, -3.622686240348281 ], [ 28.680741490583266, -3.569888390917299 ], [ 28.77879463952652, -3.573659665876654 ], [ 28.83536376391686, -3.517090541486316 ], [ 28.839135038876215, -3.44920759221791 ], [ 28.948502012697535, -3.419037392543063 ], [ 29.077125814683527, -3.362718408010913 ] ] ] ] } },
{ "type": "Feature", "properties": { "id": 35, "name": null, "continent": "Essos" }, "geometry": { "type": "MultiPolygon", "coordinates": [ [ [ [ 32.116137273871423, -9.457791421211686 ], [ 31.999227750131393, -9.487961620886532 ], [ 31.935116075822343, -9.604871144626564 ], [ 31.857352444521947, -9.620621706357289 ], [ 31.886089501350714, -9.782121067716291 ], [ 31.814435277122953, -9.940514616009237 ], [ 31.720153403139058, -10.019711390155711 ], [ 31.689983203464209, -10.117764539098964 ], [ 31.577952717373243, -10.165451174297266 ], [ 31.361417928832996, -10.200376140190853 ], [ 31.293999332731843, -10.321413386904181 ], [ 31.180861083951168, -10.283700637310622 ], [ 31.037552635495643, -10.313870836985469 ], [ 31.063951560211134, -10.396838886091299 ], [ 30.998198283539679, -10.444850901445966 ], [ 30.924414386714968, -10.491120760075196 ], [ 30.867845262324629, -10.562774984302957 ], [ 30.882930362162053, -10.657056858286854 ], [ 30.788648488178154, -10.668370683164921 ], [ 30.683052789316193, -10.653285583327499 ], [ 30.626483664925853, -10.592945183977804 ], [ 30.675510239397479, -10.506205859912619 ], [ 30.713222988991038, -10.351583586579029 ], [ 30.686824064275548, -10.245987887717064 ], [ 30.637797489803919, -10.223360237960929 ], [ 30.637797489803919, -10.166791113570589 ], [ 30.698137889153614, -10.144163463814454 ], [ 30.71181356321226, -10.074646262973934 ], [ 30.645340039722633, -10.000855015358932 ], [ 30.641568764763278, -9.906573141375034 ], [ 30.784877213218799, -9.910344416334391 ], [ 30.875387812243339, -9.997083740399576 ], [ 30.943270761511748, -9.963142265765374 ], [ 31.060180285251779, -10.046110314871202 ], [ 31.139377059398253, -10.049881589830559 ], [ 31.192174908829234, -9.997083740399576 ], [ 31.493876905577704, -9.955599715846661 ], [ 31.591930054520958, -9.797206167553714 ], [ 31.686211928504854, -9.793434892594359 ], [ 31.731622567305028, -9.641576685893446 ], [ 31.682440653545498, -9.570929669992362 ], [ 31.737591350538644, -9.472920639659113 ], [ 31.599472604439669, -9.291855323000027 ], [ 32.116137273871423, -9.457791421211686 ] ] ], [ [ [ 31.309084432569268, -10.460950560400349 ], [ 31.376967381837673, -10.472264385278416 ], [ 31.392052481675094, -10.574088809181024 ], [ 31.493876905577704, -10.641971758449431 ], [ 31.354339732081538, -10.721168532595904 ], [ 31.350568457122183, -10.830535506417224 ], [ 31.298552990224536, -10.856965498990304 ], [ 31.207748078901211, -10.926815430777479 ], [ 31.146919609316964, -10.958758855035324 ], [ 30.999839885902084, -10.947445030157256 ], [ 31.105435584764049, -10.890875905766919 ], [ 31.214733072079927, -10.829025526275428 ], [ 31.177089808991809, -10.736253632433327 ], [ 31.248744033219573, -10.675913233083634 ], [ 31.282685507853774, -10.585402634059092 ], [ 31.309084432569268, -10.460950560400349 ] ] ], [ [ [ 31.116943167577883, -9.526324298444591 ], [ 31.244972758260218, -9.533216920398804 ], [ 31.203488733707303, -9.661440269016902 ], [ 31.131834509479539, -9.627498794382699 ], [ 31.075265385089203, -9.657668994057547 ], [ 30.984228297182248, -9.686979141555097 ], [ 30.901786736958833, -9.684067918773039 ], [ 30.871616537283984, -9.631270069342056 ], [ 30.958355861349169, -9.582243494870429 ], [ 31.045095185414354, -9.529445645439447 ], [ 31.116943167577883, -9.526324298444591 ] ] ], [ [ [ 31.570967724194524, -9.690471638144457 ], [ 31.51858027535414, -9.718411610859325 ], [ 31.483655309460552, -9.767306563110351 ], [ 31.389357901547868, -9.756829073342272 ], [ 31.473177819692477, -9.686979141555097 ], [ 31.570967724194524, -9.690471638144457 ] ] ] ] } },
{ "type": "Feature", "properties": { "id": 36, "name": null, "continent": "Essos" }, "geometry": { "type": "MultiPolygon", "coordinates": [ [ [ [ 38.662494626949133, -9.573271069624957 ], [ 38.655312164541684, -9.633124923020382 ], [ 38.626582314911879, -9.671431389193456 ], [ 38.547575228429913, -9.669037235057639 ], [ 38.470025916629481, -9.72691321092989 ], [ 38.408714288552524, -9.762409246354505 ], [ 38.351281032591281, -9.765330673412837 ], [ 38.289006581761669, -9.748044321539602 ], [ 38.260476121267949, -9.712943224572459 ], [ 38.317736431391474, -9.69297877641581 ], [ 38.368743515538071, -9.653570782553356 ], [ 38.437444138182329, -9.587635994439859 ], [ 38.490115529170303, -9.527782141044431 ], [ 38.583487540467168, -9.544541219995152 ], [ 38.662494626949133, -9.573271069624957 ] ] ], [ [ [ 38.144962395155176, -9.832889011964713 ], [ 38.193857347406194, -9.888768957394458 ], [ 38.193857347406194, -9.958618889181633 ], [ 38.133386562933559, -10.028160355430201 ], [ 38.103052436082862, -10.01100633802201 ], [ 38.111839175711204, -9.941970806540786 ], [ 38.066350247130678, -9.918029265182616 ], [ 38.061561938859043, -9.834233870429017 ], [ 38.144962395155176, -9.832889011964713 ] ] ], [ [ [ 38.209999495279703, -10.254407921264916 ], [ 38.245911807316958, -10.28313777089472 ], [ 38.334495510342194, -10.285531925030536 ], [ 38.310048034216685, -10.36236684999643 ], [ 38.243690599018869, -10.425231788604886 ], [ 38.233213109250791, -10.467141747677193 ], [ 38.14296317947683, -10.486640872439171 ], [ 38.090291788488848, -10.460305176945184 ], [ 38.0687444012665, -10.419604556636294 ], [ 38.130992408797738, -10.393268861142305 ], [ 38.159722258427543, -10.347779932561782 ], [ 38.166904720834999, -10.271167000215634 ], [ 38.209999495279703, -10.254407921264916 ] ] ], [ [ [ 39.292710350540382, -10.242870342089846 ], [ 39.348419786860724, -10.299896849845439 ], [ 39.415456102663605, -10.326232545339428 ], [ 39.448974260565045, -10.369327319784135 ], [ 39.45376256883668, -10.426787019043745 ], [ 39.532769655318639, -10.453122714537733 ], [ 39.575602574278442, -10.515285076059834 ], [ 39.624497526529467, -10.522270069238546 ], [ 39.662053978652764, -10.546494725834599 ], [ 39.647689053837858, -10.623107658180745 ], [ 39.659422492423055, -10.668954925991615 ], [ 39.652437499244343, -10.700387395295843 ], [ 39.616565050072239, -10.733238748428331 ], [ 39.561499504948443, -10.656625816082185 ], [ 39.505752642491267, -10.595612497615081 ], [ 39.425425220936013, -10.560687531721493 ], [ 39.373037772095635, -10.480360110166247 ], [ 39.317295783095105, -10.498611643118258 ], [ 39.259836083835495, -10.481852564167538 ], [ 39.262230237971309, -10.417210402500476 ], [ 39.212382928985129, -10.365107722717399 ], [ 39.159281610131174, -10.319050082931977 ], [ 39.164069918402809, -10.259196229536549 ], [ 39.243815398289357, -10.263825321625996 ], [ 39.275247867593585, -10.246362838679206 ], [ 39.292710350540382, -10.242870342089846 ] ] ] ] } },
{ "type": "Feature", "properties": { "id": 37, "name": null, "continent": "Essos" }, "geometry": { "type": "MultiPolygon", "coordinates": [ [ [ [ 44.740562466432024, -10.84273853773502 ], [ 44.820741621396877, -10.851702569128449 ], [ 44.820889887987271, -10.919573462700914 ], [ 44.894705634295484, -10.982820591994161 ], [ 44.889662633416037, -11.053422604306466 ], [ 44.879576631657137, -11.147558620722874 ], [ 44.864447629018784, -11.263547640950232 ], [ 44.817379620810577, -11.191264628344777 ], [ 44.775354613481824, -11.108895613980421 ], [ 44.687942598238017, -11.078637608703717 ], [ 44.672813595599671, -11.048379603427016 ], [ 44.704752601169517, -11.026526599616064 ], [ 44.701390600583217, -10.974415590528409 ], [ 44.676175596185971, -10.905494578509254 ], [ 44.681218597065417, -10.829849565317497 ], [ 44.740562466432024, -10.84273853773502 ] ] ] ] } },
{ "type": "Feature", "properties": { "id": 38, "name": null, "continent": "Essos" }, "geometry": { "type": "MultiPolygon", "coordinates": [ [ [ [ 46.673203944448332, -10.284785220263572 ], [ 46.772783063671554, -10.280425081142138 ], [ 46.877557961352323, -10.269947591374059 ], [ 46.958973994283859, -10.157029197984162 ], [ 47.016128004250966, -10.180563202088264 ], [ 47.044705009234498, -10.12551044248759 ], [ 47.103540019494773, -10.13685719446636 ], [ 47.115047729428724, -10.200097659586884 ], [ 47.045197797641549, -10.252485108427262 ], [ 47.027895006302998, -10.300334472975205 ], [ 46.972421996629059, -10.328491227885475 ], [ 46.832155505690658, -10.336305026571882 ], [ 46.676565945034632, -10.341939230230677 ], [ 46.673203944448332, -10.284785220263572 ] ] ], [ [ [ 47.402758071675493, -10.577279271271696 ], [ 47.463274082228899, -10.506677258959391 ], [ 47.65490811564802, -10.523487261890892 ], [ 47.67844211975212, -10.617623278307299 ], [ 47.612042608172665, -10.674357038201112 ], [ 47.620447609638418, -10.721425046409315 ], [ 47.651477410045096, -10.729927514955801 ], [ 47.73559612971922, -10.752103301759311 ], [ 47.779302137341126, -10.842877317589418 ], [ 47.843180148480833, -10.883221324625021 ], [ 47.997832175450647, -10.903393328142823 ], [ 47.96421216958764, -11.007615346318131 ], [ 47.984384173105447, -11.098389362148239 ], [ 48.007918177209547, -11.195887379150948 ], [ 47.769216135582226, -11.182439376805746 ], [ 47.667515617846625, -11.226565634500931 ], [ 47.638098112716513, -11.296747396739956 ], [ 47.506980089850806, -11.34045340436186 ], [ 47.382586068157693, -11.293385396153655 ], [ 47.332156059363193, -11.384159411983763 ], [ 47.211124038256379, -11.47157142722757 ], [ 47.080006015390666, -11.481657428986471 ], [ 46.932077989593459, -11.47157142722757 ], [ 46.985869998974259, -11.327005402016658 ], [ 47.140522025944072, -11.303471397912556 ], [ 47.227934041187879, -11.189163377978346 ], [ 47.316197737466652, -11.093147160249107 ], [ 47.352328062880993, -11.024425349249633 ], [ 47.43494262150486, -11.016312235283213 ], [ 47.480084085160399, -10.987443342800329 ], [ 47.473360083987799, -10.918522330781176 ], [ 47.459912081642599, -10.846239318175718 ], [ 47.385948068743993, -10.812619312312716 ], [ 47.409482072848093, -10.725207297068907 ], [ 47.402758071675493, -10.577279271271696 ] ] ] ] } },
{ "type": "Feature", "properties": { "id": 39, "name": null, "continent": "Essos" }, "geometry": { "type": "MultiPolygon", "coordinates": [ [ [ [ 31.418985617990316, 16.267026531418541 ], [ 31.391045645275444, 16.225116572346234 ], [ 31.346151678785791, 16.2273290026735 ], [ 31.284482192160571, 16.249211723734064 ], [ 31.272546162491171, 16.308891872081052 ], [ 31.349135686203141, 16.294966504133409 ], [ 31.418985617990316, 16.267026531418541 ] ] ], [ [ [ 31.218834028978879, 16.374540035262743 ], [ 31.194961969640083, 16.283030474464024 ], [ 31.155175204075423, 16.263137091681692 ], [ 31.089527040893735, 16.269105106516392 ], [ 31.039793583937907, 16.26711576823816 ], [ 31.074428530167772, 16.304957813934383 ], [ 31.133292483014859, 16.316849225193984 ], [ 31.218834028978879, 16.374540035262743 ] ] ], [ [ [ 30.948284023139191, 16.131840765318316 ], [ 30.978124097312687, 16.173616869161208 ], [ 31.011942848042647, 16.151734148100644 ], [ 31.007103357576476, 16.100894475981182 ], [ 30.992049465260315, 16.05027789591076 ], [ 30.952262699695655, 15.980651056172606 ], [ 30.950273361417423, 16.06818194041486 ], [ 30.948284023139191, 16.131840765318316 ] ] ] ] } },
{ "type": "Feature", "properties": { "id": 40, "name": null, "continent": "Essos" }, "geometry": { "type": "MultiPolygon", "coordinates": [ [ [ [ 34.92596591046609, 14.009714157013221 ], [ 35.077155619611801, 13.969927391448559 ], [ 35.160707827297585, 13.965948714892093 ], [ 35.148771797628193, 13.902289889988637 ], [ 35.006334348548222, 13.91725401240571 ], [ 34.93790194013549, 13.926161949327433 ], [ 34.92596591046609, 14.009714157013221 ] ] ] ] } },
{ "type": "Feature", "properties": { "id": 41, "name": null, "continent": "Essos" }, "geometry": { "type": "MultiPolygon", "coordinates": [ [ [ [ 37.936829394571753, 15.161541020110164 ], [ 37.996509542918744, 15.179445064614262 ], [ 38.038990296237031, 15.139756780950687 ], [ 38.068125720935129, 15.079978150702612 ], [ 38.095976456830392, 15.016319325799156 ], [ 38.113880501334492, 14.96061785400863 ], [ 38.16361395829032, 14.9407244712263 ], [ 38.1856751529901, 14.867342046980706 ], [ 38.185496679350877, 14.757705349628864 ], [ 38.091377745077409, 14.72065719022763 ], [ 38.091377745077409, 14.664777244797893 ], [ 38.042482792826384, 14.619374789136227 ], [ 37.996509542918744, 14.66221711227368 ], [ 38.018035316700875, 14.692717217512762 ], [ 38.052960282594462, 14.783522128836086 ], [ 38.020381602257537, 14.839268219036418 ], [ 38.030328293648708, 14.86711895493168 ], [ 38.052211014709265, 14.90093770566164 ], [ 38.064147044378664, 14.950671162617466 ], [ 38.014542820111515, 15.003549413965697 ], [ 37.952744100797617, 15.03223403202502 ], [ 37.899031967285325, 15.123743592823738 ], [ 37.936829394571753, 15.161541020110164 ] ] ], [ [ [ 37.282337101033093, 14.737811966846534 ], [ 37.421590780509405, 14.749747996515932 ], [ 37.529799688747516, 14.681732042071461 ], [ 37.640417991115037, 14.68211049505601 ], [ 37.628481961445637, 14.554792845249096 ], [ 37.73590622847022, 14.507048726571504 ], [ 37.835373142381869, 14.419517842329252 ], [ 37.798721926128138, 14.30803490701007 ], [ 37.831394465825404, 14.180797248941291 ], [ 37.950754762519381, 14.164882542715427 ], [ 37.938818732849988, 14.001756803900321 ], [ 38.058179029543965, 13.830673711972281 ], [ 37.712034169131421, 13.826695035415815 ], [ 37.592673872437445, 13.882396507206339 ], [ 37.50884470921136, 13.937830268538038 ], [ 37.381804014944741, 13.981863421117991 ], [ 37.313264900207265, 14.018157690093291 ], [ 37.232937478652012, 14.021650186682651 ], [ 37.065297642362793, 14.164842546846353 ], [ 36.915120289020365, 14.175320036614432 ], [ 36.771927928856648, 14.231199982044176 ], [ 36.698585500480121, 14.30803490701007 ], [ 36.607780589156789, 14.32898988654622 ], [ 36.327454727481246, 14.308114898748203 ], [ 36.200137077674334, 14.415539165772786 ], [ 36.36724149304591, 14.435432548555116 ], [ 36.625855469216198, 14.463283284450378 ], [ 36.709062990248192, 14.423287294458911 ], [ 36.91232018128175, 14.419517842329252 ], [ 36.999851065524005, 14.363816370538729 ], [ 37.079267628720224, 14.332482383135586 ], [ 37.218967492294581, 14.30803490701007 ], [ 37.320249893385984, 14.245169968401614 ], [ 37.438994777424185, 14.231199982044176 ], [ 37.543769675104947, 14.266124947937763 ], [ 37.589172130766613, 14.325497389956867 ], [ 37.640417991115037, 14.339944311199933 ], [ 37.560844459985717, 14.423496518885718 ], [ 37.485249605412861, 14.503070050015038 ], [ 37.345995925936549, 14.542856815579698 ], [ 37.313264900207265, 14.594419627337489 ], [ 37.310187836928357, 14.646302406047814 ], [ 37.230614305799037, 14.690067848168942 ], [ 37.282337101033093, 14.737811966846534 ] ] ], [ [ [ 36.733279736240789, 14.777598732411198 ], [ 36.862849812244022, 14.747098627172115 ], [ 36.987915035854613, 14.74576931995947 ], [ 36.936192240620557, 14.642323729491352 ], [ 36.844682679821837, 14.638345052934886 ], [ 36.713386353458453, 14.733833290290072 ], [ 36.733279736240789, 14.777598732411198 ] ] ] ] } },
{ "type": "Feature", "properties": { "id": 42, "name": "Ax Isle", "continent": "Sothoryos" }, "geometry": { "type": "MultiPolygon", "coordinates": [ [ [ [ 64.911108661544432, -28.484673595504372 ], [ 64.982191818014371, -28.471510048009939 ], [ 65.045376845987647, -28.445182953021074 ], [ 65.113827292958689, -28.447815662519961 ], [ 65.132256259450898, -28.479408176506599 ], [ 65.163848773437536, -28.5188988189899 ], [ 65.242830058404138, -28.508367980994354 ], [ 65.306015086377414, -28.482040886005485 ], [ 65.36920011435069, -28.51100069049324 ], [ 65.403425337836211, -28.57155300896763 ], [ 65.450814108816175, -28.566287589969857 ], [ 65.511366427290568, -28.550491332976538 ], [ 65.513999136789451, -28.482040886005485 ], [ 65.53242810328166, -28.413590439034436 ], [ 65.591664067006604, -28.345139992063388 ], [ 65.619307516744911, -28.392528763043344 ], [ 65.611409388248248, -28.426753986528869 ], [ 65.643001902234886, -28.453081081517734 ], [ 65.700921511210396, -28.484673595504372 ], [ 65.764106539183672, -28.497837142998808 ], [ 65.837822405152494, -28.489939014502145 ], [ 65.894425659378555, -28.495204433499921 ], [ 65.879945757134678, -28.553124042475424 ], [ 65.874680338136898, -28.621574489446473 ], [ 65.893109304629107, -28.705821193410841 ], [ 65.90627285212355, -28.766373511885234 ], [ 65.966825170597929, -28.797966025871872 ], [ 65.965508815848494, -28.834823958856283 ], [ 65.90100743312577, -28.879580020337354 ], [ 65.853618662145806, -28.926968791317311 ], [ 65.836506050403059, -28.971724852798385 ], [ 65.882578466633561, -29.040175299769434 ], [ 65.889160240380789, -29.108625746740483 ], [ 65.866782209640249, -29.158647227219326 ], [ 65.811495310163622, -29.179708903210422 ], [ 65.811495310163622, -29.227097674190379 ], [ 65.798331762669193, -29.271853735671449 ], [ 65.733830379946482, -29.274486445170336 ], [ 65.695656092212616, -29.269221026172563 ], [ 65.706186930208162, -29.195505160203741 ], [ 65.650900030731549, -29.15601451772044 ], [ 65.658798159228212, -29.105993037241596 ], [ 65.628521999991023, -29.074400523254958 ], [ 65.558755198270518, -29.066502394758299 ], [ 65.488988396550027, -29.098094908744937 ], [ 65.359985631104593, -29.182341612709308 ], [ 65.294167893632434, -29.242893931183698 ], [ 65.178328675681428, -29.269221026172563 ], [ 65.171519058727554, -29.33528026978253 ], [ 65.144103452195893, -29.406121920114664 ], [ 65.067754876728188, -29.414020048611324 ], [ 64.999304429757132, -29.427183596105756 ], [ 64.938752111282753, -29.519328428566784 ], [ 64.868985309562248, -29.561451780548968 ], [ 64.737349834617916, -29.593044294535606 ], [ 64.610979778671364, -29.587778875537833 ], [ 64.73208441562015, -29.527226557063443 ], [ 64.805800281588972, -29.464041529090167 ], [ 64.887414276054457, -29.392958372620228 ], [ 64.934803047034407, -29.287649992664768 ], [ 64.99008994651102, -29.227097674190379 ], [ 65.055907683983193, -29.208668707698173 ], [ 65.148052516444224, -29.182341612709308 ], [ 65.224922842986047, -29.068304556688258 ], [ 65.234931929907475, -29.024379042776115 ], [ 65.279687991388542, -29.008582785782796 ], [ 65.321811343370726, -28.995419238288363 ], [ 65.332342181366272, -28.950663176807293 ], [ 65.279626408315266, -28.892486293569501 ], [ 65.227033801410812, -28.908539824825105 ], [ 65.187543158927511, -28.953295886306179 ], [ 65.134888968949781, -28.958561305303952 ], [ 65.084867488470948, -28.929601500816197 ], [ 65.058540393482076, -28.869049182341808 ], [ 65.003253494005463, -28.840089377854056 ], [ 64.961130142023279, -28.803231444869645 ], [ 64.940068466032187, -28.747944545393029 ], [ 64.982191818014371, -28.73214828839971 ], [ 65.029580588994321, -28.703188483911955 ], [ 65.050642264985413, -28.640003455938679 ], [ 65.040111426989867, -28.582083846963176 ], [ 64.971660980018825, -28.545225913978765 ], [ 64.911108661544432, -28.484673595504372 ] ] ] ] } },
{ "type": "Feature", "properties": { "id": 43, "name": "Isle of Toads", "continent": "Sothoryos" }, "geometry": { "type": "MultiPolygon", "coordinates": [ [ [ [ 60.038621556480159, -31.180239033676791 ], [ 60.132082743690631, -31.172340905180132 ], [ 60.163675257677269, -31.197351645419552 ], [ 60.174206095672815, -31.243424061650067 ], [ 60.158409838679496, -31.302660025375015 ], [ 60.159726193428945, -31.356630570102187 ], [ 60.20053319066168, -31.36189598909996 ], [ 60.221594866652772, -31.398753922084374 ], [ 60.247921961641637, -31.402702986332702 ], [ 60.268983637632729, -31.377692246093282 ], [ 60.299259796869926, -31.365845053348291 ], [ 60.329535956107122, -31.382957665091055 ], [ 60.357179405845429, -31.405335695831589 ], [ 60.400619112577061, -31.414550179077693 ], [ 60.411149950572607, -31.456673531059877 ], [ 60.325586891858791, -31.477735207050969 ], [ 60.247921961641637, -31.533022106527586 ], [ 60.175522450422264, -31.580410877507543 ], [ 60.133399098440073, -31.626483293738058 ], [ 60.049152394475705, -31.614636100993071 ], [ 60.049152394475705, -31.584359941755874 ], [ 60.030723427983503, -31.536971170775917 ], [ 59.99352831766064, -31.535184521930706 ], [ 59.957007562014681, -31.515909494784825 ], [ 59.891189824542515, -31.506695011538721 ], [ 59.887240760294183, -31.472469788053196 ], [ 59.912251500533607, -31.443509983565445 ], [ 59.964905690511337, -31.394804857836043 ], [ 60.007029042493521, -31.355314215352745 ], [ 60.035988846981276, -31.27633293038615 ], [ 60.016243525739625, -31.223678740408417 ], [ 60.038621556480159, -31.180239033676791 ] ] ] ] } },
{ "type": "Feature", "properties": { "id": 44, "name": "Isle of Tears", "continent": "Sothoryos" }, "geometry": { "type": "MultiPolygon", "coordinates": [ [ [ [ 59.02552833007838, -32.162070677329218 ], [ 59.066493574016306, -32.17968137719167 ], [ 59.119147763994036, -32.170466893945573 ], [ 59.132311311488472, -32.146772508455591 ], [ 59.123096828242367, -32.120445413466726 ], [ 59.141525794734569, -32.095434673227302 ], [ 59.215241660703398, -32.095434673227302 ], [ 59.228405208197827, -32.133608960961155 ], [ 59.229721562947269, -32.173099603444456 ], [ 59.229721562947269, -32.206008472180535 ], [ 59.259997722184465, -32.262611726406597 ], [ 59.256048657936134, -32.306051433138229 ], [ 59.246834174690036, -32.352123849368738 ], [ 59.224456143949496, -32.413992522592572 ], [ 59.258681367435024, -32.470595776818634 ], [ 59.238936046193373, -32.531148095293027 ], [ 59.186940033590368, -32.544640731474821 ], [ 59.113224167621539, -32.532793538729834 ], [ 59.036875592153834, -32.547273440973711 ], [ 58.996068594921091, -32.574916890712018 ], [ 58.932883566947815, -32.605193049949214 ], [ 58.88417844121841, -32.632836499687521 ], [ 58.840738734486784, -32.680225270667478 ], [ 58.768339223267404, -32.692072463412472 ], [ 58.701205131045796, -32.681541625416926 ], [ 58.640897137589938, -32.710392641858554 ], [ 58.615312983644621, -32.733866726707284 ], [ 58.572531454287713, -32.750979338450044 ], [ 58.571215099538271, -32.779280965563075 ], [ 58.642956433382928, -32.783559118498772 ], [ 58.650854561879591, -32.844111436973165 ], [ 58.671916237870683, -32.92309272193976 ], [ 58.777224617826143, -32.949419816928625 ], [ 58.742999394340622, -32.999441297407465 ], [ 58.627160176389609, -33.036299230391876 ], [ 58.608731209897407, -33.117913224857361 ], [ 58.532382634429695, -33.115280515358478 ], [ 58.361256517002069, -33.131076772351797 ], [ 58.255948137046609, -33.110015096360705 ], [ 58.18749769007556, -33.13634219134957 ], [ 58.090087438616756, -33.125811353354024 ], [ 58.033659298700478, -33.091074770098651 ], [ 57.926859449685793, -33.067891744378521 ], [ 57.871572550209173, -33.062626325380748 ], [ 57.797856684240351, -33.046830068387429 ], [ 57.800489393739241, -32.994175878409692 ], [ 57.821551069730333, -32.952052526427508 ], [ 57.858409002714744, -32.925725431438643 ], [ 57.874205259708063, -32.875703950959803 ], [ 57.91896132118913, -32.852009565469821 ], [ 57.934757578182449, -32.786191827997655 ], [ 57.979513639663523, -32.770395571004336 ], [ 58.009211822574969, -32.734840117984042 ], [ 58.000575315654615, -32.686148867039968 ], [ 57.908430483193584, -32.688781576538858 ], [ 57.871572550209173, -32.65455635305333 ], [ 57.818918360231443, -32.649290934055557 ], [ 57.750467913260394, -32.638760096060011 ], [ 57.710977270777093, -32.609800291572263 ], [ 57.737304365765958, -32.565044230091189 ], [ 57.763631460754823, -32.509757330614569 ], [ 57.811020231734787, -32.467633978632385 ], [ 57.871572550209173, -32.436041464645747 ], [ 57.905797773694701, -32.399183531661336 ], [ 57.950553835175768, -32.357060179679152 ], [ 57.982146349162406, -32.309671408699195 ], [ 58.005840734652388, -32.257017218721465 ], [ 58.034800539140143, -32.225424704734827 ], [ 58.074291181623437, -32.156974257763778 ], [ 58.040065958137916, -32.072727553799403 ], [ 58.076923891122327, -32.020073363821673 ], [ 58.195724907259581, -32.01744065432279 ], [ 58.314618555347714, -31.96684073952915 ], [ 58.418188859915496, -31.939775724105637 ], [ 58.555089753857594, -31.954255626349511 ], [ 58.613009362833097, -31.908183210118995 ], [ 58.701205131045796, -31.968735528593388 ], [ 58.814411639497919, -31.999011687830585 ], [ 58.867065829475649, -32.038502330313882 ], [ 58.884836618593134, -32.079638416233983 ], [ 58.973032386805833, -32.098067382726192 ], [ 59.027002931533005, -32.12702718721394 ], [ 59.02552833007838, -32.162070677329218 ] ] ] ] } },
{ "type": "Feature", "properties": { "id": 45, "name": null, "continent": "Sothoryos" }, "geometry": { "type": "MultiPolygon", "coordinates": [ [ [ [ 51.778166415036303, -34.068321353955348 ], [ 51.767168614737479, -34.110904380437944 ], [ 51.662393717056716, -34.1737693190464 ], [ 51.60967300710756, -34.207854957396336 ], [ 51.55965152662872, -34.236814761884091 ], [ 51.443812308677707, -34.234182052385201 ], [ 51.480670241662118, -34.176262443409698 ], [ 51.467506694167689, -34.123608253431968 ], [ 51.50173191765321, -34.076219482452011 ], [ 51.571588805733384, -34.058516931597566 ], [ 51.654429068588634, -34.08938302994644 ], [ 51.778166415036303, -34.068321353955348 ] ] ] ] } },
{ "type": "Feature", "properties": { "id": 46, "name": null, "continent": "Sothoryos" }, "geometry": { "type": "MultiPolygon", "coordinates": [ [ [ [ 51.34376934772002, -34.363184817830643 ], [ 51.472772113165462, -34.365817527329526 ], [ 51.525426303143192, -34.400042750815054 ], [ 51.525426303143192, -34.450064231293901 ], [ 51.472772113165462, -34.486922164278312 ], [ 51.406954375693296, -34.505351130770514 ], [ 51.385892699702204, -34.581699706238226 ], [ 51.388525409201094, -34.636986605714846 ], [ 51.430648761183278, -34.668579119701484 ], [ 51.475404822664345, -34.694906214690349 ], [ 51.478037532163235, -34.765989371160281 ], [ 51.441179599178824, -34.844970656126883 ], [ 51.377994571205548, -34.89235942710684 ], [ 51.351667476216683, -34.973973421572317 ], [ 51.327973090726701, -35.05295470653892 ], [ 51.317442252731155, -35.102976187017759 ], [ 51.267420772252308, -35.134568701004397 ], [ 51.217399291773468, -35.10560889651665 ], [ 51.193704906283486, -35.071383673031121 ], [ 51.267420772252308, -35.013464064055619 ], [ 51.280584319746744, -34.955544455080116 ], [ 51.272686191250081, -34.773887499656944 ], [ 51.23582825826567, -34.715967890681441 ], [ 51.201603034780149, -34.650150153209275 ], [ 51.204235744279032, -34.565903449244907 ], [ 51.267420772252308, -34.550107192251588 ], [ 51.301645995737836, -34.486922164278312 ], [ 51.2884824482434, -34.405308169812827 ], [ 51.34376934772002, -34.363184817830643 ] ] ] ] } },
{ "type": "Feature", "properties": { "id": 47, "name": null, "continent": "Sothoryos" }, "geometry": { "type": "MultiPolygon", "coordinates": [ [ [ [ 50.927801246895946, -35.014122241430336 ], [ 50.959393760882584, -35.027285788924765 ], [ 50.975190017875903, -35.079939978902495 ], [ 51.038375045849179, -35.087838107399158 ], [ 51.085763816829143, -35.106267073891367 ], [ 51.056804012341388, -35.148390425873551 ], [ 51.043640464846952, -35.21420816334571 ], [ 51.033109626851406, -35.285291319815649 ], [ 51.014680660359204, -35.335312800294496 ], [ 50.967291889379247, -35.372170733278907 ], [ 50.91990311839929, -35.37743615227668 ], [ 50.890943313911535, -35.343210928791152 ], [ 50.914637699401517, -35.290556738813422 ], [ 50.925168537397063, -35.245800677332348 ], [ 50.935699375392609, -35.190513777855735 ], [ 50.930433956394836, -35.143125006875778 ], [ 50.86724892842156, -35.124696040383569 ], [ 50.854085380927124, -35.032551207922538 ], [ 50.927801246895946, -35.014122241430336 ] ] ] ] } },
{ "type": "Feature", "properties": { "id": 49, "name": null, "continent": "Sothoryos" }, "geometry": { "type": "MultiPolygon", "coordinates": [ [ [ [ 53.930406430376046, -35.46168285624104 ], [ 54.019918553338186, -35.435355761252175 ], [ 54.077838162313689, -35.470897339487138 ], [ 54.096267128805898, -35.534082367460414 ], [ 54.188411961266929, -35.623594490422555 ], [ 54.177881123271384, -35.719688387131917 ], [ 54.054143776823715, -35.615696361925899 ], [ 53.904079335387181, -35.609114588178684 ], [ 53.893548497391635, -35.54461320545596 ], [ 53.851425145409451, -35.503806208223224 ], [ 53.843527016912788, -35.447202953997163 ], [ 53.798770955431721, -35.377436152276672 ], [ 53.835628888416132, -35.362956250032788 ], [ 53.930406430376046, -35.46168285624104 ] ] ] ] } },
{ "type": "Feature", "properties": { "id": 50, "name": "Naath", "continent": "Sothoryos" }, "geometry": { "type": "MultiPolygon", "coordinates": [ [ [ [ 49.159936818393639, -32.516010015674368 ], [ 49.132293368655326, -32.47158304288066 ], [ 49.183631203883614, -32.450521366889568 ], [ 49.22970362011413, -32.421561562401813 ], [ 49.253398005604105, -32.351794760681322 ], [ 49.257347069852436, -32.279395249461942 ], [ 49.224438201116357, -32.253068154473077 ], [ 49.19416204187916, -32.217526576238107 ], [ 49.223121846366915, -32.188566771750359 ], [ 49.283674164841301, -32.17277051475704 ], [ 49.315266678827939, -32.129330808025408 ], [ 49.250765296105222, -32.085891101293782 ], [ 49.198644068048971, -32.025062318506876 ], [ 49.120446175910338, -31.967419173843886 ], [ 49.012505086455988, -31.883172469879518 ], [ 48.938789220487166, -31.862110793888426 ], [ 48.872971483015, -31.833150989400675 ], [ 48.804521036043951, -31.809456603910697 ], [ 48.726597005375268, -31.804614259348902 ], [ 48.693947237090718, -31.834467344150116 ], [ 48.634711273365774, -31.843681827396221 ], [ 48.584689792886927, -31.810772958660138 ], [ 48.579424373889154, -31.767333251928509 ], [ 48.561413961190993, -31.730914050885183 ], [ 48.476748703432577, -31.75153699493519 ], [ 48.393061918508614, -31.827800270491331 ], [ 48.401716482714313, -31.880539760380632 ], [ 48.385920225720994, -31.931548506921555 ], [ 48.356960421233239, -31.964786464345 ], [ 48.317469778749945, -31.968406439905966 ], [ 48.295091748009405, -32.017440654322733 ], [ 48.306938940754399, -32.052653143870337 ], [ 48.354327711734356, -32.089840165542114 ], [ 48.401716482714313, -32.131634428836932 ], [ 48.535319034493106, -32.223450037367236 ], [ 48.543882795654184, -32.305393255763441 ], [ 48.633394918616325, -32.336985769750079 ], [ 48.638660337614098, -32.442294149705539 ], [ 48.596536985631914, -32.483759324313013 ], [ 48.617237860166043, -32.550123428697709 ], [ 48.657516867569576, -32.629200300647376 ], [ 48.638660337614098, -32.737157613580834 ], [ 48.754499555565111, -32.774015546565245 ], [ 48.612333242625233, -32.889854764516251 ], [ 48.533351957658638, -33.047817334449448 ], [ 48.433308996700951, -33.095206105429405 ], [ 48.296408102758853, -33.12153320041827 ], [ 48.175303465810067, -33.163656552400454 ], [ 48.054198828861288, -33.295292027344779 ], [ 47.906767096923645, -33.337415379326963 ], [ 47.790927878972639, -33.395334988302473 ], [ 47.775131621979313, -33.490112530262387 ], [ 47.722477432001583, -33.579624653224528 ], [ 47.61190363304835, -33.65334051919335 ], [ 47.480268158104025, -33.695463871175534 ], [ 47.3486326831597, -33.753383480151037 ], [ 47.216997208215368, -33.763914318146583 ], [ 47.143281342246546, -33.863957279104277 ], [ 47.127485085253227, -33.97453107805751 ], [ 47.132750504251, -34.07983945801297 ], [ 47.043238381288859, -34.121962809995154 ], [ 47.032707543293313, -34.011389011041921 ], [ 46.958991677324491, -33.958734821064191 ], [ 46.901072068348988, -33.900815212088688 ], [ 46.97478793431781, -33.832364765117632 ], [ 47.001115029306675, -33.716525547166626 ], [ 47.074830895275497, -33.590155491220074 ], [ 47.043238381288859, -33.458520016275749 ], [ 47.127485085253227, -33.405865826298019 ], [ 47.222262627213141, -33.379538731309147 ], [ 47.216997208215368, -33.27949577035146 ], [ 47.259120560197552, -33.211045323380411 ], [ 47.332836426166381, -33.168921971398227 ], [ 47.369694359150792, -33.089940686431632 ], [ 47.459206482112933, -33.042551915451675 ], [ 47.548718605075074, -33.137329457411589 ], [ 47.675088661021626, -33.111002362422724 ], [ 47.785662459974866, -33.074144429438313 ], [ 47.93309419191251, -33.010959401465037 ], [ 48.080525923850153, -32.96357063048508 ], [ 48.117383856834564, -32.858262250529613 ], [ 48.133180113827883, -32.763484708569699 ], [ 48.212161398794478, -32.731892194583061 ], [ 48.23322307478557, -32.64238007162092 ], [ 48.18056888480784, -32.505479177678822 ], [ 48.185834303805613, -32.394905378725582 ], [ 48.159507208816748, -32.279066160774576 ], [ 48.101587599841245, -32.205350294805754 ], [ 47.964686705899148, -32.226411970796846 ], [ 47.901501677925872, -32.184288618814662 ], [ 47.901501677925872, -32.115838171843613 ], [ 47.93309419191251, -32.042122305874791 ], [ 47.953268416580933, -31.968163255193993 ], [ 47.875174582937007, -31.868363478948275 ], [ 47.817254973961504, -31.778851355986134 ], [ 47.896236258928099, -31.73672800400395 ], [ 47.896236258928099, -31.647215881041806 ], [ 47.875174582937007, -31.557703758079665 ], [ 48.012075476879104, -31.557703758079665 ], [ 48.185834303805613, -31.510314987099708 ], [ 48.34379687373881, -31.420802864137563 ], [ 48.507024862669773, -31.431333702133109 ], [ 48.575475309640822, -31.36288325516206 ], [ 48.654456594607417, -31.431333702133109 ], [ 48.749234136567338, -31.468191635117524 ], [ 48.924182468422678, -31.46524374632633 ], [ 49.096751790420356, -31.505049568101935 ], [ 49.091486371422583, -31.631419624048487 ], [ 49.186263913382504, -31.663012138035125 ], [ 49.30210313133351, -31.641950462044033 ], [ 49.30210313133351, -31.741993423001723 ], [ 49.343282059145743, -31.863388357513223 ], [ 49.449534863271154, -31.926283087923782 ], [ 49.486392796255565, -32.021060629883699 ], [ 49.465331120264473, -32.173757780819116 ], [ 49.486392796255565, -32.310658674761214 ], [ 49.35475732131124, -32.389639959727809 ], [ 49.281041455342418, -32.516010015674368 ], [ 49.159936818393639, -32.516010015674368 ] ] ], [ [ [ 48.754499555565111, -32.115179994468896 ], [ 48.80320468129451, -32.133608960961098 ], [ 48.867706064017227, -32.14019073470832 ], [ 48.891400449507209, -32.198110343683823 ], [ 48.940105575236608, -32.242866405164889 ], [ 48.942738284735498, -32.294204240393178 ], [ 48.923479312992029, -32.360994676861729 ], [ 48.916494319813317, -32.413382125702107 ], [ 48.870338773516117, -32.44031961758138 ], [ 48.809786455041724, -32.44031961758138 ], [ 48.766346748310099, -32.415308877341964 ], [ 48.796622907547295, -32.378450944357546 ], [ 48.837429904780038, -32.348174785120356 ], [ 48.864106870972925, -32.291144745074554 ], [ 48.842695323777811, -32.254713597909884 ], [ 48.792673843298964, -32.229702857670461 ], [ 48.743968717569565, -32.220488374424356 ], [ 48.713692558332369, -32.173099603444399 ], [ 48.672885561099626, -32.178365022442172 ], [ 48.679467334846841, -32.13755802520943 ], [ 48.711059848833479, -32.113863639719455 ], [ 48.754499555565111, -32.115179994468896 ] ] ] ] } },
{ "type": "Feature", "properties": { "id": 51, "name": "Basilisk Isles", "continent": "Sothoryos" }, "geometry": { "type": "MultiPolygon", "coordinates": [ [ [ [ 63.612589832640246, -29.043021402178191 ], [ 63.663204359072211, -29.082298651751618 ], [ 63.713225839551058, -29.105993037241596 ], [ 63.700062292056622, -29.150749098722667 ], [ 63.67900061606553, -29.184974322208195 ], [ 63.684266035063303, -29.237628512185925 ], [ 63.634244554584463, -29.250792059680357 ], [ 63.605284750096708, -29.158647227219326 ], [ 63.531568884127886, -29.116523875237142 ], [ 63.526303465130113, -29.074400523254958 ], [ 63.578957655107843, -29.071767813756072 ], [ 63.612589832640246, -29.043021402178191 ] ] ], [ [ [ 62.610088192864502, -29.13987813462726 ], [ 62.657509330497554, -29.166545355715986 ], [ 62.707530810976394, -29.224464964691492 ], [ 62.610088192864502, -29.272593005022891 ], [ 62.567997207535413, -29.337671473143612 ], [ 62.567997207535413, -29.395591082119115 ], [ 62.478485084573265, -29.442979853099075 ], [ 62.460056118081063, -29.487735914580146 ], [ 62.481117794072155, -29.556186361551195 ], [ 62.481117794072155, -29.611473261027811 ], [ 62.473219665575492, -29.666760160504431 ], [ 62.415300056599989, -29.700985383989956 ], [ 62.357380447624486, -29.679923707998864 ], [ 62.360013157123376, -29.63780035601668 ], [ 62.386340252112241, -29.5746153280434 ], [ 62.383707542613351, -29.498266752575692 ], [ 62.352115028626713, -29.41665275811021 ], [ 62.412667347101106, -29.403489210615778 ], [ 62.456418342932714, -29.342442936810066 ], [ 62.491648632067701, -29.258690188177017 ], [ 62.51007759855991, -29.161279936718213 ], [ 62.610088192864502, -29.13987813462726 ] ] ], [ [ [ 59.962931158387178, -29.072425991130785 ], [ 59.994523672373816, -29.096120376620764 ], [ 59.962931158387178, -29.196163337578451 ], [ 59.910276968409448, -29.235653980061752 ], [ 59.849724649935055, -29.31990068402612 ], [ 59.828662973943963, -29.398881968992715 ], [ 59.868153616427264, -29.467332415963767 ], [ 59.810234007451761, -29.491026801453746 ], [ 59.749681688977368, -29.4804959634582 ], [ 59.707558336995184, -29.52525202493927 ], [ 59.631209761527472, -29.591069762411433 ], [ 59.583820990547515, -29.656887499883595 ], [ 59.536432219567558, -29.662152918881368 ], [ 59.552228476560877, -29.596335181409206 ], [ 59.631209761527472, -29.504190348948178 ], [ 59.625944342529699, -29.398881968992715 ], [ 59.697027498999638, -29.393616549994942 ], [ 59.745262598569738, -29.358083425928978 ], [ 59.802335878955098, -29.222490432567319 ], [ 59.883949873420583, -29.127712890607402 ], [ 59.962931158387178, -29.072425991130785 ] ] ], [ [ [ 61.068669147919529, -29.920816627146987 ], [ 61.057545263970852, -30.018546967970625 ], [ 61.113425209400596, -30.081411906579067 ], [ 61.092363533409504, -30.128800677559024 ], [ 61.026545795937345, -30.152495063049003 ], [ 60.958095348966289, -30.144596934552343 ], [ 60.968626186961835, -30.078779197080181 ], [ 60.959755359468801, -29.997591988434468 ], [ 60.94229909197297, -29.955041850632515 ], [ 60.968626186961835, -29.905020370153668 ], [ 61.068669147919529, -29.920816627146987 ] ] ], [ [ [ 57.469250383844397, -32.888986902801456 ], [ 57.515169501797409, -32.888538409766859 ], [ 57.579670884520134, -32.863527669527436 ], [ 57.623110591251759, -32.871425798024099 ], [ 57.575721820271802, -32.92539634275127 ], [ 57.536231177788501, -32.949090728241252 ], [ 57.521751275544631, -32.971468758981771 ], [ 57.490158761557993, -32.987265015975105 ], [ 57.465757887255037, -32.997254297071599 ], [ 57.430922797833041, -32.975417823230117 ], [ 57.420355431593364, -32.948359344820567 ], [ 57.454617183323023, -32.920130923753497 ], [ 57.469250383844397, -32.888986902801456 ] ] ], [ [ [ 57.664320807916013, -32.346775300304273 ], [ 57.683662909726152, -32.373185525359816 ], [ 57.657335814737287, -32.416625232091448 ], [ 57.608440862486269, -32.458535191163747 ], [ 57.552560917056525, -32.549340102487079 ], [ 57.507271373300753, -32.581169575771852 ], [ 57.448035409575809, -32.587751349519074 ], [ 57.468740998911919, -32.54235510930836 ], [ 57.49937324480409, -32.510086419301921 ], [ 57.500173468216147, -32.465520184342466 ], [ 57.587485882950112, -32.339790307125554 ], [ 57.627059655500091, -32.31263320688543 ], [ 57.664320807916013, -32.346775300304273 ] ] ], [ [ [ 57.391432155349747, -31.90291779112118 ], [ 57.420391959837495, -31.925295821861717 ], [ 57.350625158117005, -31.991113559333879 ], [ 57.284807420644839, -32.045084104061054 ], [ 57.301920032387599, -32.097738294038784 ], [ 57.265062099403188, -32.138545291271527 ], [ 57.201877071429912, -32.133279872273754 ], [ 57.125528495962207, -32.141178000770417 ], [ 57.061027113239483, -32.181984998003159 ], [ 57.026801889753962, -32.21357751198979 ], [ 56.962300507031237, -32.232006478481999 ], [ 56.94782060478736, -32.166188741009833 ], [ 56.960984152281796, -32.116167260530993 ], [ 57.061027113239483, -32.046400458810496 ], [ 57.170284557443274, -32.001644397329429 ], [ 57.226887811669336, -31.931877595608935 ], [ 57.261113035154864, -31.912132274367284 ], [ 57.330879836875354, -31.93056124085949 ], [ 57.391432155349747, -31.90291779112118 ] ] ], [ [ [ 56.831981386836354, -32.909600085757923 ], [ 56.868839319820765, -32.885905700267948 ], [ 56.918860800299612, -32.879323926520726 ], [ 56.926758928796268, -32.939876244995119 ], [ 56.95045331428625, -32.989897725473966 ], [ 56.979413118774005, -33.030704722706709 ], [ 57.02022011600674, -33.051766398697801 ], [ 57.067608886986697, -33.075460784187776 ], [ 57.038649082498949, -33.101787879176641 ], [ 56.983362183022329, -33.129431328914954 ], [ 56.983362183022329, -33.17287103564658 ], [ 56.955718733284023, -33.217627097127647 ], [ 56.916228090800722, -33.261066803859279 ], [ 56.893850060060188, -33.296608382094249 ], [ 56.883319222064642, -33.237372418369297 ], [ 56.855675772326336, -33.230790644622083 ], [ 56.856992127075777, -33.167605616648807 ], [ 56.808287001346379, -33.154442069154371 ], [ 56.80697064659693, -33.133380393163279 ], [ 56.835473883425699, -33.108672391351369 ], [ 56.866206610321882, -33.083358912684439 ], [ 56.856992127075777, -33.02938836795726 ], [ 56.856992127075777, -32.97936688747842 ], [ 56.843828579581341, -32.968836049482874 ], [ 56.822766903590249, -32.937243535496236 ], [ 56.831981386836354, -32.909600085757923 ] ] ], [ [ [ 55.522208411140305, -32.356402002304385 ], [ 55.501146735149213, -32.395892644787686 ], [ 55.468237866413126, -32.444597770517085 ], [ 55.481272163611607, -32.489928417712392 ], [ 55.409001902688182, -32.57623324546141 ], [ 55.356347712710452, -32.656530885177453 ], [ 55.327387908222697, -32.757890200884582 ], [ 55.27999913724274, -32.753941136636257 ], [ 55.290529975238286, -32.665745368423558 ], [ 55.358980422209335, -32.552538859971435 ], [ 55.44285470112866, -32.448018458640078 ], [ 55.432696288178157, -32.380096387794367 ], [ 55.49324860665255, -32.331391262064962 ], [ 55.522208411140305, -32.356402002304385 ] ] ], [ [ [ 54.747862729780316, -33.893904349654122 ], [ 54.729433763288114, -33.946558539631852 ], [ 54.608329126339328, -33.983416472616263 ], [ 54.513551584379414, -34.070295886079521 ], [ 54.429304880415046, -34.099255690567276 ], [ 54.36611985244177, -34.093990271569503 ], [ 54.395079656929518, -34.057132338585085 ], [ 54.47142823239723, -34.007110858106245 ], [ 54.610961835838218, -33.891271640155239 ], [ 54.747862729780316, -33.893904349654122 ] ] ], [ [ [ 58.282791039518983, -31.351053737208272 ], [ 58.335258510700569, -31.365186875973585 ], [ 58.4274033431616, -31.323063523991401 ], [ 58.443199600154919, -31.378350423468017 ], [ 58.387912700678299, -31.428371903946861 ], [ 58.303665996713931, -31.431004613445751 ], [ 58.282604320722839, -31.486291512922367 ], [ 58.224684711747337, -31.541578412398984 ], [ 58.137805298284079, -31.570538216886735 ], [ 58.056191303818593, -31.567905507387849 ], [ 58.043027756324165, -31.531047574403438 ], [ 58.185194069264035, -31.420473775450201 ], [ 58.222052002248446, -31.352023328479152 ], [ 58.282791039518983, -31.351053737208272 ] ] ], [ [ [ 54.190057404703715, -32.022047895945775 ], [ 54.271671399169193, -31.9983535104558 ], [ 54.316427460650267, -31.932535772983634 ], [ 54.37697977912466, -31.906208677994769 ], [ 54.434899388100163, -31.89831054949811 ], [ 54.471757321084574, -31.924637644486975 ], [ 54.387510617120206, -32.003618929453573 ], [ 54.37697977912466, -32.079967504921278 ], [ 54.287467656162512, -32.148417951892334 ], [ 54.171628438211506, -32.172112337382309 ], [ 54.092647153244911, -32.15631608038899 ], [ 54.013665868278316, -32.119458147404579 ], [ 54.037360253768291, -32.040476862437984 ], [ 54.100545281741567, -32.029946024442438 ], [ 54.190057404703715, -32.022047895945775 ] ] ], [ [ [ 55.581702192376, -30.916794156105901 ], [ 55.708472608186526, -31.009442004936556 ], [ 55.690498245376432, -31.062825963839181 ], [ 55.726901574678728, -31.117383094390902 ], [ 55.799983229210916, -31.129836448056786 ], [ 55.861169759121942, -31.083157870905378 ], [ 55.926987496594109, -31.033136390426534 ], [ 56.01913232905514, -31.05156535691874 ], [ 56.077051938030642, -31.062096194914286 ], [ 56.137604256505028, -31.05156535691874 ], [ 56.178919109156354, -31.000614074250514 ], [ 56.253443474456041, -30.93572613896773 ], [ 56.253443474456041, -30.867275691996682 ], [ 56.192891155981648, -30.783028988032314 ], [ 56.263974312451587, -30.767232731038995 ], [ 56.395609787395912, -30.777763569034541 ], [ 56.489751305609282, -30.770109299352832 ], [ 56.580556216932614, -30.742169326637971 ], [ 56.682575122774544, -30.714578541061261 ], [ 56.74839286024671, -30.738272926551243 ], [ 56.74839286024671, -30.811988792520065 ], [ 56.806312469222213, -30.840948597007817 ], [ 56.869497497195489, -30.825152340014498 ], [ 56.90372272068101, -30.867275691996682 ], [ 56.864232078197716, -30.919929881974412 ], [ 56.898457301683237, -30.964685943455486 ], [ 56.943213363164311, -31.001543876439897 ], [ 56.887926463687691, -31.05156535691874 ], [ 56.824741435714415, -31.04366722842208 ], [ 56.751025569745593, -31.054198066417626 ], [ 56.724698474756728, -31.125281222887562 ], [ 56.69573867026898, -31.193731669858614 ], [ 56.732596603253391, -31.25691669783189 ], [ 56.674676994277881, -31.267447535827436 ], [ 56.622022804300151, -31.293774630816301 ], [ 56.648349899289016, -31.341163401796258 ], [ 56.690473251271207, -31.359592368288464 ], [ 56.703636798765636, -31.396450301272875 ], [ 56.64045177079236, -31.422777396261743 ], [ 56.574634033320194, -31.459635329246154 ], [ 56.493020038854716, -31.454369910248381 ], [ 56.42720230138255, -31.462268038745041 ], [ 56.361384563910384, -31.499125971729452 ], [ 56.287668697941562, -31.53071848571609 ], [ 56.198156574979421, -31.57547454719716 ], [ 56.10864445201728, -31.562310999702728 ], [ 56.008601491059594, -31.567576418700501 ], [ 55.958580010580746, -31.649190413165986 ], [ 55.895394982607471, -31.680782927152624 ], [ 55.819046407139759, -31.717640860137035 ], [ 55.729534284177618, -31.730804407631467 ], [ 55.658451127707679, -31.730804407631467 ], [ 55.634756742217704, -31.688681055649283 ], [ 55.674247384700998, -31.607067061183798 ], [ 55.684778222696544, -31.541249323711636 ], [ 55.671614675202115, -31.464900748243927 ], [ 55.653185708709906, -31.393817591773988 ], [ 55.690043641694317, -31.364857787286237 ], [ 55.724268865179845, -31.301672759312961 ], [ 55.719003446182072, -31.225324183845252 ], [ 55.64265487071436, -31.206895217353047 ], [ 55.571571714244428, -31.206895217353047 ], [ 55.505753976772262, -31.130546641885335 ], [ 55.505753976772262, -31.064728904413172 ], [ 55.479426881783397, -31.025238261929875 ], [ 55.389914758821256, -31.025238261929875 ], [ 55.331995149845753, -30.988380328945464 ], [ 55.353056825836845, -30.933093429468844 ], [ 55.455732496293415, -30.904133624981093 ], [ 55.581702192376, -30.916794156105901 ] ] ], [ [ [ 53.807656349990452, -30.839303153571006 ], [ 53.87479044221206, -30.825481428701849 ], [ 53.926128277440341, -30.814292413331582 ], [ 53.961011678300594, -30.80968517170853 ], [ 53.975491580544457, -30.830746847699622 ], [ 53.991287837537776, -30.859706652187374 ], [ 54.041638406703996, -30.874844731805972 ], [ 54.091001709808118, -30.87287019968181 ], [ 54.132466884415578, -30.850492168941273 ], [ 54.165046664464292, -30.814950590706303 ], [ 54.194664646326764, -30.793066192996807 ], [ 54.325641943896372, -30.775459948223006 ], [ 54.430950323851832, -30.796521624214098 ], [ 54.547776807864921, -30.772498150036753 ], [ 54.616885432210687, -30.743538345549002 ], [ 54.670526888250507, -30.714907629748613 ], [ 54.710017530733808, -30.714907629748613 ], [ 54.723181078228237, -30.740247458675395 ], [ 54.711333885483249, -30.758018247792879 ], [ 54.705410289110752, -30.783687165407024 ], [ 54.715282949731581, -30.801787043211871 ], [ 54.750166350591826, -30.820545098391435 ], [ 54.757406301713765, -30.833379557198509 ], [ 54.731408295412251, -30.855593043595363 ], [ 54.702119402237145, -30.87023749018292 ], [ 54.634656221328171, -30.87862925171062 ], [ 54.57048392729282, -30.86233936168626 ], [ 54.526056954499104, -30.87007294583924 ], [ 54.488476997706876, -30.894389881749902 ], [ 54.427330348290859, -30.935232505936682 ], [ 54.373359803563687, -30.967483197298041 ], [ 54.306554800029446, -30.993316659255868 ], [ 54.257191496925323, -31.010429270998628 ], [ 54.259166029049481, -31.039389075486383 ], [ 54.264431448047254, -31.068348879974135 ], [ 54.236129820934231, -31.093524164557241 ], [ 54.162413954965409, -31.113269485798892 ], [ 54.11107611973712, -31.105371357302232 ], [ 54.038676608517747, -31.084967858685861 ], [ 53.980756999542237, -31.095498696681407 ], [ 53.947189953431433, -31.113927663173612 ], [ 53.893877586078986, -31.125774855918603 ], [ 53.829376203356261, -31.123142146419717 ], [ 53.811605414238777, -31.157367369905241 ], [ 53.802390930992679, -31.195541657639094 ], [ 53.766191175382986, -31.227134171625735 ], [ 53.738547725644672, -31.233551401029263 ], [ 53.710904275906373, -31.215286978880748 ], [ 53.708929743782207, -31.174479981648002 ], [ 53.693133486788881, -31.153253761313223 ], [ 53.65890826330336, -31.160658256778849 ], [ 53.622708507693666, -31.18089721105153 ], [ 53.551625351223727, -31.162468244559324 ], [ 53.562156189219273, -31.086119669091616 ], [ 53.622708507693666, -31.02293464111834 ], [ 53.688526245165825, -30.95974961314506 ], [ 53.699057083161371, -30.909728132666217 ], [ 53.665490037050574, -30.88998281142457 ], [ 53.660882795427526, -30.852466701065438 ], [ 53.735256838771072, -30.839303153571006 ], [ 53.807656349990452, -30.839303153571006 ] ] ], [ [ [ 55.545244619255556, -28.951321354182003 ], [ 55.605796937729949, -28.919728840195365 ], [ 55.679512803698771, -28.935525097188684 ], [ 55.753228669667592, -28.953954063680889 ], [ 55.829577245135305, -28.998710125161963 ], [ 55.908558530101899, -29.00134283466085 ], [ 55.979641686571838, -28.996077415663077 ], [ 56.045459424044004, -28.985546577667527 ], [ 56.061255681037323, -29.027669929649715 ], [ 56.099633709020971, -29.088105996981181 ], [ 56.179727608487212, -29.096120376620764 ], [ 56.274505150447133, -29.072425991130785 ], [ 56.335057468921519, -29.138243728602948 ], [ 56.377180820903703, -29.182999790084018 ], [ 56.361384563910384, -29.25934836555173 ], [ 56.399507373722756, -29.293003523301035 ], [ 56.408773334890341, -29.373213051378571 ], [ 56.469838347493003, -29.405923186612835 ], [ 56.5351433908369, -29.460092464841825 ], [ 56.629920932796814, -29.483786850331803 ], [ 56.627288223297924, -29.549604587803969 ], [ 56.703636798765636, -29.615422325276132 ], [ 56.769454536237802, -29.602258777781699 ], [ 56.795781631226667, -29.673341934251635 ], [ 56.740494731750047, -29.704934448238273 ], [ 56.69573867026898, -29.733894252726028 ], [ 56.608859256805722, -29.776017604708212 ], [ 56.553572357329102, -29.85236618017592 ], [ 56.490387329355826, -29.847100761178147 ], [ 56.429835010881433, -29.833937213683715 ], [ 56.348221016415955, -29.870795146668126 ], [ 56.309183504382496, -29.926305178427295 ], [ 56.3192612119282, -29.976103526623589 ], [ 56.385078949400366, -30.007696040610227 ], [ 56.445631267874752, -30.041921264095752 ], [ 56.435100429879206, -30.094575454073478 ], [ 56.392977077897022, -30.178822158037846 ], [ 56.398242496894795, -30.268334281 ], [ 56.311363083431544, -30.32296300310189 ], [ 56.229749088966059, -30.310457632982175 ], [ 56.21132012247385, -30.222920042144203 ], [ 56.240279926961605, -30.136698806055662 ], [ 56.141543668093277, -30.059020048822926 ], [ 56.132338837507255, -29.978078058747755 ], [ 56.174856712484086, -29.946185543628257 ], [ 56.208687412974967, -29.901729483280043 ], [ 56.216585541471623, -29.828013617311221 ], [ 56.232381798464949, -29.762195879839059 ], [ 56.316628502429317, -29.722705237355761 ], [ 56.382446239901476, -29.701643561364669 ], [ 56.392977077897022, -29.635825823892503 ], [ 56.360997921426801, -29.578258665711029 ], [ 56.308730373932654, -29.572640795919227 ], [ 56.295566826438225, -29.512088477444838 ], [ 56.229749088966059, -29.469965125462654 ], [ 56.166564060992783, -29.498924929950405 ], [ 56.111277161516163, -29.483128672957086 ], [ 56.061255681037323, -29.430474482979353 ], [ 56.01913232905514, -29.367289455006077 ], [ 55.966478139077402, -29.296206298536141 ], [ 55.900660401605244, -29.238286689560638 ], [ 55.845373502128623, -29.188265209081791 ], [ 55.779555764656465, -29.225123142066206 ], [ 55.666349256204342, -29.251450237055071 ], [ 55.603164228231066, -29.219857723068429 ], [ 55.532081071761127, -29.190897918580678 ], [ 55.468896043787851, -29.180367080585132 ], [ 55.450467077295642, -29.132978309605175 ], [ 55.405711015814575, -29.085589538625218 ], [ 55.329362440346863, -29.072425991130785 ], [ 55.318831602351317, -29.032935348647488 ], [ 55.400445596816802, -29.006608253658623 ], [ 55.479426881783397, -28.969750320674208 ], [ 55.545244619255556, -28.951321354182003 ] ] ], [ [ [ 55.797504597101444, -29.561261954027337 ], [ 55.903293111104126, -29.620687744273901 ], [ 55.977008977072948, -29.620687744273901 ], [ 55.971743558075175, -29.715465286233815 ], [ 56.003336072061821, -29.80497740919596 ], [ 55.929620206092991, -29.852366180175917 ], [ 55.887496854110807, -29.999797912113564 ], [ 55.819046407139759, -29.847100761178144 ], [ 55.850638921126396, -29.74179238122268 ], [ 55.782188474155348, -29.673341934251631 ], [ 55.703207189188753, -29.610156906278355 ], [ 55.797504597101444, -29.561261954027337 ] ] ], [ [ [ 57.795553063428827, -28.929272412128817 ], [ 57.831094641663796, -28.91479250988494 ], [ 57.892963314887631, -28.917425219383826 ], [ 57.948250214364251, -28.873985512652197 ], [ 58.002220759091429, -28.837127579667786 ], [ 58.020649725583631, -28.833178515419458 ], [ 58.010118887588085, -28.889781769645516 ], [ 58.01406795183641, -28.979293892607661 ], [ 58.006169823339754, -29.017468180341513 ], [ 57.96141376185868, -29.024049954088731 ], [ 57.927188538373159, -29.043795275330382 ], [ 57.92587218362371, -29.089867691560894 ], [ 57.938875686435736, -29.115234518455313 ], [ 57.987740856847545, -29.160950848030833 ], [ 57.986424502098103, -29.228084940252437 ], [ 57.971944599854226, -29.320229772713468 ], [ 57.977210018851999, -29.454497957156679 ], [ 57.967995535605894, -29.507152147134413 ], [ 57.924555828874269, -29.57955165835379 ], [ 57.879799767393202, -29.572969884606572 ], [ 57.898228733885404, -29.517682985129959 ], [ 57.896912379135962, -29.478192342646661 ], [ 57.871901638896539, -29.432119926416146 ], [ 57.849523608156005, -29.372883962691198 ], [ 57.869268929397649, -29.332076965458455 ], [ 57.874534348395422, -29.23335035925021 ], [ 57.862687155650434, -29.182012524021921 ], [ 57.838909640093775, -29.152602367326164 ], [ 57.842941834408784, -29.017468180341513 ], [ 57.802134837176048, -28.972712118860443 ], [ 57.795553063428827, -28.929272412128817 ] ] ], [ [ [ 58.183877714514594, -29.395920170806448 ], [ 58.187826778762926, -29.343265980828718 ], [ 58.172030521769607, -29.304433515720149 ], [ 58.144387072031293, -29.283371839729057 ], [ 58.118059977042428, -29.249146616243532 ], [ 58.108845493796331, -29.217554102256891 ], [ 58.127274460288533, -29.179379814523038 ], [ 58.125958105539091, -29.133307398292523 ], [ 58.145703426780742, -29.105663948554213 ], [ 58.182561359765153, -29.099082174806998 ], [ 58.218102938000115, -29.124092915046418 ], [ 58.233899194993441, -29.166216267028606 ], [ 58.258909935232857, -29.201757845263572 ], [ 58.286553384971171, -29.224135876004109 ], [ 58.31682954420836, -29.258361099489633 ], [ 58.348422058195005, -29.278106420731284 ], [ 58.353687477192778, -29.311015289467363 ], [ 58.329993091702796, -29.363011302070369 ], [ 58.301033287215041, -29.422247265795317 ], [ 58.295767868217268, -29.47226874627416 ], [ 58.312880479960036, -29.580209835728507 ], [ 58.303665996713931, -29.69341634418063 ], [ 58.257593580483416, -29.734223341413369 ], [ 58.22995013074511, -29.810571916881081 ], [ 58.217444760625398, -29.882313250725733 ], [ 58.260884467357023, -29.917854828960703 ], [ 58.251669984110919, -29.954712761945114 ], [ 58.250353629361477, -29.994203404428411 ], [ 58.245088210363704, -30.057388432401687 ], [ 58.227975598620944, -30.087664591638884 ], [ 58.18321953713987, -30.096879074884985 ], [ 58.167423280146551, -30.154798683860491 ], [ 58.156892442151005, -30.221932776082095 ], [ 58.154461693088635, -30.250588149816434 ], [ 58.204281213130962, -30.284459626680647 ], [ 58.204281213130962, -30.318684850166171 ], [ 58.188484956137643, -30.366073621146128 ], [ 58.174005053893772, -30.410829682627202 ], [ 58.178909169214137, -30.446167958820521 ], [ 58.226659243871502, -30.4503203251105 ], [ 58.260884467357023, -30.425309584871076 ], [ 58.280629788598674, -30.38713529713722 ], [ 58.289844271844778, -30.327899333412276 ], [ 58.283920675472281, -30.277219675558712 ], [ 58.301146549841697, -30.198200700976042 ], [ 58.336574865450011, -30.153482329111043 ], [ 58.331309446452238, -30.09556272013554 ], [ 58.326044027454465, -30.019214144667828 ], [ 58.349738412944447, -29.984988921182303 ], [ 58.423454278913269, -29.953396407195665 ], [ 58.455046792899907, -29.884945960224616 ], [ 58.502435563879864, -29.871782412730184 ], [ 58.499802854380981, -29.919171183710141 ], [ 58.465577630895453, -29.998152468676736 ], [ 58.46294492139657, -30.063970206148902 ], [ 58.484006597387662, -30.145584200614383 ], [ 58.441883245405471, -30.206136519088773 ], [ 58.386596345928858, -30.264056128064279 ], [ 58.391861764926631, -30.324608446538669 ], [ 58.383963636429968, -30.385160765013058 ], [ 58.376065507933312, -30.46677475947854 ], [ 58.318145898957809, -30.5141635304585 ], [ 58.255744094180031, -30.613807795109746 ], [ 58.307615060962263, -30.687922357385009 ], [ 58.241797323490097, -30.785332608843813 ], [ 58.128590815037974, -30.843252217819316 ], [ 58.046976820572496, -30.890640988799273 ], [ 57.994322630594766, -30.999240255628337 ], [ 58.068038496563588, -31.067690702599389 ], [ 58.048293175321938, -31.167075486182377 ], [ 58.010118887588085, -31.20985701553926 ], [ 57.973260954603667, -31.120344892577119 ], [ 57.867952574648207, -31.020301931619432 ], [ 57.846890898657115, -30.920258970661742 ], [ 57.858738091402103, -30.826797783451273 ], [ 57.85347267240433, -30.778092657721874 ], [ 57.847121993225052, -30.722075189379876 ], [ 57.736317099703882, -30.73070388674191 ], [ 57.69551010247114, -30.653038956524764 ], [ 57.634957783996747, -30.659620730271978 ], [ 57.55466014428071, -30.638559054280886 ], [ 57.53491482303906, -30.584588509553711 ], [ 57.466464376068011, -30.591170283300929 ], [ 57.404595702844176, -30.57274131680872 ], [ 57.330879836875354, -30.488494612844349 ], [ 57.334828901123686, -30.434524068117181 ], [ 57.257163970906532, -30.30420494792229 ], [ 57.49937324480409, -30.30420494792229 ], [ 57.533598468289618, -30.320001204915616 ], [ 57.574405465522361, -30.385818942387779 ], [ 57.673132071730606, -30.39503342563388 ], [ 57.703408230967803, -30.388451651886665 ], [ 57.708673649965576, -30.347644654653923 ], [ 57.76527690419163, -30.343695590405595 ], [ 57.798185772927717, -30.384502587638334 ], [ 57.836360060661569, -30.388451651886662 ], [ 57.877167057894312, -30.376604459141674 ], [ 57.899545088634845, -30.346328299904478 ], [ 57.916657700377613, -30.310128544294795 ], [ 57.915341345628164, -30.272612433935652 ], [ 57.855812909850727, -30.231878392306125 ], [ 57.835043705912128, -30.171911295603252 ], [ 57.815298384670477, -30.116624396126635 ], [ 57.788971289681612, -30.073184689395006 ], [ 57.728418971207219, -30.057388432401687 ], [ 57.682346554976711, -30.027112273164494 ], [ 57.644172267242851, -29.981039856933979 ], [ 57.634957783996747, -29.938916504951795 ], [ 57.628376010249532, -29.898109507719052 ], [ 57.641539557743968, -29.854669800987423 ], [ 57.682346554976711, -29.866516993732414 ], [ 57.749480647198311, -29.862567929484083 ], [ 57.828461932164913, -29.845455317741322 ], [ 57.854789027153778, -29.861251574734641 ], [ 57.857421736652661, -29.909956700464043 ], [ 57.885065186390975, -29.927069312206804 ], [ 57.920606764625937, -29.946814633448454 ], [ 57.956148342860907, -29.952080052446227 ], [ 57.962730116608121, -29.996836113927298 ], [ 57.960097407109238, -30.065286560898347 ], [ 57.996955340093649, -30.119257105625522 ], [ 58.035129627827502, -30.108726267629976 ], [ 58.035129627827502, -30.036326756410595 ], [ 58.028547854080287, -29.986305275931752 ], [ 58.03381327307806, -29.888895024472948 ], [ 58.039078692075833, -29.84348078561716 ], [ 58.08910017255468, -29.825051819124955 ], [ 58.119376331791877, -29.788193886140544 ], [ 58.115427267543545, -29.728957922415596 ], [ 58.119376331791877, -29.659191120695105 ], [ 58.114110912794104, -29.597322447471267 ], [ 58.110161848545772, -29.540719193245209 ], [ 58.12200904129076, -29.492014067515807 ], [ 58.157550619525729, -29.463054263028056 ], [ 58.187826778762926, -29.440676232287522 ], [ 58.183877714514594, -29.395920170806448 ] ] ] ] } },
{ "type": "Feature", "properties": { "id": 52, "name": "Ghaen", "continent": "Essos" }, "geometry": { "type": "MultiPolygon", "coordinates": [ [ [ [ 63.773092430597274, -21.763793741442829 ], [ 63.831021319870821, -21.841830380620365 ], [ 63.759122444239836, -21.917463591374617 ], [ 63.680343743017787, -21.95387268135724 ], [ 63.59148260795061, -21.938418570910773 ], [ 63.668753160182938, -21.861148018678445 ], [ 63.695797853464249, -21.768423355999655 ], [ 63.773092430597274, -21.763793741442829 ] ] ], [ [ [ 64.489752777651404, -21.467068202293582 ], [ 64.462708084370092, -21.382070594838023 ], [ 64.493616305263018, -21.31252709782893 ], [ 64.570886857495353, -21.327981208275393 ], [ 64.636566826892832, -21.358889429168325 ], [ 64.659747992562529, -21.467068202293582 ], [ 64.694519741067069, -21.555929337360759 ], [ 64.72156443434838, -21.695016331378945 ], [ 64.779517348522631, -21.756832773164806 ], [ 64.779517348522631, -21.834103325397134 ], [ 64.659747992562529, -21.907510350017844 ], [ 64.597931550776664, -21.892056239571378 ], [ 64.613385661223134, -21.787740994057735 ], [ 64.567305739761125, -21.668100830585981 ], [ 64.504440801152668, -21.570310926083945 ], [ 64.489752777651404, -21.467068202293582 ] ] ], [ [ [ 65.208368913412045, -21.570900506855772 ], [ 65.173597164907491, -21.431813512837586 ], [ 65.104053667898398, -21.342952377770409 ], [ 64.999738422384766, -21.230910077033535 ], [ 64.957239618656985, -21.172957162859291 ], [ 64.876105538813036, -21.165230107636059 ], [ 64.852924373143338, -21.122731303908278 ], [ 64.876105538813036, -21.037733696452719 ], [ 64.825879679862027, -20.995234892724941 ], [ 64.833606735085255, -20.929554923327462 ], [ 64.887696121647892, -20.945009033773928 ], [ 64.949512563433743, -20.95273608899716 ], [ 64.941785508210515, -20.860011426318369 ], [ 64.887696121647892, -20.844557315871903 ], [ 64.802698514192329, -20.821376150202205 ], [ 64.690656213455455, -20.809785567367356 ], [ 64.567023329883739, -20.817512622590588 ], [ 64.493616305263018, -20.860011426318369 ], [ 64.393164587360999, -20.898646702434533 ], [ 64.323621090351907, -20.890919647211298 ], [ 64.37771047691453, -20.817512622590588 ], [ 64.366119894079688, -20.759559708416344 ], [ 64.277258759012511, -20.705470321853714 ], [ 64.180670568722107, -20.736378542746646 ], [ 64.080218850820074, -20.724787959911797 ], [ 64.033856519480679, -20.790467929309273 ], [ 63.925677746355426, -20.817512622590588 ], [ 63.933404801578654, -20.728651487523415 ], [ 63.832953083676628, -20.705470321853714 ], [ 63.793407571211119, -20.641180585291597 ], [ 63.728637838162989, -20.678425628572402 ], [ 63.716572646245226, -20.794850435223371 ], [ 63.775000169502384, -20.840693788260285 ], [ 63.682275506823594, -20.979780782278475 ], [ 63.682275506823594, -21.049324279287568 ], [ 63.744091948609459, -21.095686610626963 ], [ 63.693866089658442, -21.126594831519895 ], [ 63.624322592649349, -21.219319494198686 ], [ 63.496826181466012, -21.300453574042628 ], [ 63.473645015796315, -21.242500659868384 ], [ 63.508416764300861, -21.142048941966358 ], [ 63.450463850126617, -21.126594831519895 ], [ 63.462054432961466, -21.049324279287568 ], [ 63.400237991175601, -21.014552530783021 ], [ 63.450463850126617, -20.945009033773928 ], [ 63.469781488184694, -20.8677384815416 ], [ 63.473645015796315, -20.740242070358264 ], [ 63.450463850126617, -20.612745659174923 ], [ 63.431146212068533, -20.492976303214817 ], [ 63.496826181466012, -20.435023389040573 ], [ 63.512280291912475, -20.326844615915316 ], [ 63.57409673369834, -20.322981088303699 ], [ 63.608868482202887, -20.261164646517837 ], [ 63.581823788921568, -20.191621149508745 ], [ 63.512280291912475, -20.176167039062278 ], [ 63.508416764300861, -20.118214124888034 ], [ 63.562506150863491, -20.06026121071379 ], [ 63.66295786876551, -20.044807100267324 ], [ 63.747955476221073, -20.002308296539546 ], [ 63.817498973230165, -19.967536548034996 ], [ 63.902496580685728, -19.963673020423382 ], [ 63.96803240067905, -20.012531199207007 ], [ 64.087945906043302, -19.98685418609308 ], [ 64.172943513498865, -19.925037744307218 ], [ 64.199988206780176, -19.867084830132974 ], [ 64.261804648566041, -19.870948357744588 ], [ 64.288849341847353, -19.921174216695601 ], [ 64.381574004526144, -19.952082437588533 ], [ 64.489752777651404, -19.913447161472369 ], [ 64.578613912718581, -19.952082437588533 ], [ 64.655884464950901, -19.890265995802672 ], [ 64.75247265524132, -19.805268388347113 ], [ 64.84519731792011, -19.805268388347113 ], [ 64.891559649259506, -19.863221302521357 ], [ 64.961103146268599, -19.905720106249134 ], [ 65.011329005219608, -19.836176609240042 ], [ 65.073145447005473, -19.836176609240042 ], [ 65.057691336559003, -19.894129523414286 ], [ 65.077008974617087, -19.98685418609308 ], [ 65.123371305956482, -20.091169431606719 ], [ 65.080872502228701, -20.176167039062278 ], [ 65.073145447005473, -20.280482284575921 ], [ 65.015192532831222, -20.319117560692082 ], [ 64.957239618656985, -20.41570575098249 ], [ 65.030646643277692, -20.427296333817338 ], [ 65.119507778344868, -20.404115168147641 ], [ 65.177460692519105, -20.465931609933502 ], [ 65.200641858188803, -20.54320216216583 ], [ 65.231550079081742, -20.647517407679469 ], [ 65.289502993255979, -20.713197377076948 ], [ 65.301093576090835, -20.790467929309273 ], [ 65.25473124475144, -20.84842084348352 ], [ 65.200641858188803, -20.914100812880996 ], [ 65.181324220130733, -20.979780782278475 ], [ 65.173597164907491, -21.060914862122416 ], [ 65.177460692519105, -21.130458359131509 ], [ 65.25473124475144, -21.153639524801207 ], [ 65.304957103702449, -21.20386538375222 ], [ 65.316547686537305, -21.261818297926467 ], [ 65.266321827586282, -21.304317101654245 ], [ 65.266321827586282, -21.408632347167885 ], [ 65.339728852207003, -21.431813512837586 ], [ 65.39768176638124, -21.493629954623444 ], [ 65.316547686537305, -21.512947592681527 ], [ 65.301093576090835, -21.559309924020923 ], [ 65.208368913412045, -21.570900506855772 ] ] ] ] } },
{ "type": "Feature", "properties": { "id": 53, "name": null, "continent": "Essos" }, "geometry": { "type": "MultiPolygon", "coordinates": [ [ [ [ 46.528474234638047, -15.707988316896659 ], [ 46.447086799558363, -15.801663053953089 ], [ 46.49496988227471, -15.911794144200675 ], [ 46.499758190546338, -16.079384933707871 ], [ 46.430352243998662, -16.253297302735795 ], [ 46.480604957459803, -16.352318505191018 ], [ 46.566794506349218, -16.400201587907357 ], [ 46.633830822152099, -16.50554436988331 ], [ 46.629042513880464, -16.62046376840253 ], [ 46.595524355979023, -16.773689633094822 ], [ 46.595524355979023, -16.926915497787117 ], [ 46.710443754498243, -17.046623204577969 ], [ 46.633830822152099, -17.132812753467384 ], [ 46.624254205608828, -17.271673693344777 ], [ 46.504546498817973, -17.276462001616409 ], [ 46.514172162143268, -17.356926224973158 ], [ 46.423145258200194, -17.515877415198119 ], [ 46.456663416101634, -17.616431888902436 ], [ 46.418356949928558, -17.740927903964923 ], [ 46.346532325854049, -17.831905761125974 ], [ 46.255554468692999, -17.860635610755779 ], [ 46.255554468692999, -17.693044821248581 ], [ 46.202883077705025, -17.635585121988971 ], [ 46.262712407709444, -17.51059607490496 ], [ 46.308225859680974, -17.190272452726994 ], [ 46.269919393507898, -17.041834896306337 ], [ 46.304622366781743, -16.937826634250108 ], [ 46.32259078449588, -16.845514257169334 ], [ 46.313014167952609, -16.740171475193385 ], [ 46.226824619063194, -16.606098843587628 ], [ 46.11669352881561, -16.539062527784751 ], [ 46.107116912272339, -16.443296362352065 ], [ 46.236401235606465, -16.371471738277553 ], [ 46.220802448637137, -16.22535733002092 ], [ 46.193306461161754, -16.017136926176626 ], [ 46.11669352881561, -15.887852602842504 ], [ 46.212459694248288, -15.725050121606943 ], [ 46.432721874743464, -15.667590422347333 ], [ 46.528474234638047, -15.707988316896659 ] ] ] ] } },
{ "type": "Feature", "properties": { "id": 54, "name": null, "continent": "Essos" }, "geometry": { "type": "MultiPolygon", "coordinates": [ [ [ [ 46.617071743201379, -20.162614812343897 ], [ 46.56918866048504, -20.277534210863116 ], [ 46.645801592831184, -20.445125000370314 ], [ 46.779874224436945, -20.459489925185217 ], [ 46.822968998881649, -20.521737932716459 ], [ 46.913946856042699, -20.722846880125093 ], [ 46.952253322215775, -20.823401353829411 ], [ 46.870852081597995, -20.957473985435168 ], [ 46.947465013944139, -21.043663534324583 ], [ 47.086325953821529, -21.038875226052948 ], [ 47.100690878636435, -21.101123233584193 ], [ 47.081537645549894, -21.211254323831778 ], [ 47.17231675138158, -21.279325750459737 ], [ 47.0959025703648, -21.335750338894265 ], [ 47.143785653081139, -21.388421729882243 ], [ 47.311376442588333, -21.412363271240412 ], [ 47.411930916292654, -21.402786654697145 ], [ 47.440660765922459, -21.48897620358656 ], [ 47.502908773453697, -21.60389560210578 ], [ 47.378412758391214, -21.766698083341339 ], [ 47.512485389996968, -21.872040865317292 ], [ 47.335317983946503, -21.995339803311875 ], [ 47.258705051600359, -22.111456278898999 ], [ 47.134209036537868, -22.144974436800439 ], [ 47.105479186908063, -22.058784887911024 ], [ 46.947465013944139, -22.030055038281219 ], [ 46.928311780857605, -21.953442105935071 ], [ 47.024077946290284, -21.923515179237363 ], [ 47.028866254561919, -21.822960705533045 ], [ 47.019289638018648, -21.684099765655656 ], [ 47.081537645549894, -21.621851758124411 ], [ 47.052807795920089, -21.502144051333556 ], [ 46.928311780857605, -21.425531118987411 ], [ 46.803815765795115, -21.248363712936946 ], [ 46.72720283344897, -21.123867697874459 ], [ 46.540458810855235, -21.080772923429752 ], [ 46.439904337150921, -20.994583374540337 ], [ 46.420751104064379, -20.83656920157641 ], [ 46.320196630360066, -20.72164980305719 ], [ 46.358503096533134, -20.654613487254309 ], [ 46.51172896122543, -20.68813164515575 ], [ 46.516517269497065, -20.587577171451432 ], [ 46.459057570237455, -20.525329163920187 ], [ 46.473422495052354, -20.396044840586065 ], [ 46.39680956270621, -20.362526682684628 ], [ 46.277101855915355, -20.386468224042797 ], [ 46.25794862282882, -20.314643599968285 ], [ 46.114299374679796, -20.290702058610115 ], [ 46.10951106640816, -20.209300817992332 ], [ 46.253160314557185, -20.156629427004358 ], [ 46.329773246903329, -20.012980178855333 ], [ 46.439904337150921, -20.094381419473113 ], [ 46.617071743201379, -20.162614812343897 ] ] ] ] } },
{ "type": "Feature", "properties": { "id": 55, "name": null, "continent": "Essos" }, "geometry": { "type": "MultiPolygon", "coordinates": [ [ [ [ 47.806966348702474, -16.571383608618248 ], [ 48.003286987839473, -16.475617443185563 ], [ 48.084688228457253, -16.322391578493271 ], [ 48.257067326236083, -16.327179886764906 ], [ 48.228337476606278, -16.456464210099028 ], [ 48.348045183397133, -16.557018683803346 ], [ 48.371986724755303, -16.676726390594197 ], [ 48.539577514262497, -16.734186089853807 ], [ 48.597037213522107, -16.86347041318793 ], [ 48.553942439077403, -16.949659962077344 ], [ 48.534789205990862, -17.069367668868196 ], [ 48.563519055620667, -17.184287067387416 ], [ 48.534789205990862, -17.270476616276831 ], [ 48.371986724755303, -17.327936315536441 ], [ 48.309738717224057, -17.490738796772003 ], [ 48.309738717224057, -17.620023120106126 ], [ 48.276220559322617, -17.773248984798418 ], [ 48.194819318704837, -17.840285300601295 ], [ 48.180454393889939, -17.95999300739215 ], [ 48.213972551791379, -18.050970864553197 ], [ 48.070323303642354, -18.175466879615687 ], [ 48.032016837469278, -18.323904436036344 ], [ 48.075111611913989, -18.481918609000271 ], [ 48.166089469075033, -18.419670601469026 ], [ 48.348147129781786, -18.375985190282716 ], [ 48.424658115743277, -18.304751202949809 ], [ 48.429446424014913, -18.228138270603662 ], [ 48.520424281175963, -18.175466879615687 ], [ 48.515786966071005, -18.040705517704279 ], [ 48.467752890187988, -17.955204699120515 ], [ 48.582672288707208, -17.940839774305612 ], [ 48.649708604510081, -17.940839774305612 ], [ 48.721533228584597, -17.825920375786392 ], [ 48.941795409079766, -17.912109924675807 ], [ 48.975313566981207, -18.007876090108489 ], [ 49.13332773994513, -17.940839774305612 ], [ 49.181210822661477, -17.964781315663782 ], [ 49.123751123401867, -18.146737029985882 ], [ 49.185999130933105, -18.242503195418564 ], [ 49.152480973031672, -18.414882293197394 ], [ 49.051926499327351, -18.529801691716614 ], [ 48.932218792536496, -18.654297706779101 ], [ 49.109386198586961, -18.769217105298321 ], [ 49.147692664760037, -18.864983270731003 ], [ 48.889124018091792, -18.903289736904075 ], [ 48.759839694757666, -19.018209135423294 ], [ 48.750263078214402, -19.11397530085598 ], [ 48.664073529324988, -19.13791684221415 ], [ 48.448599657101447, -19.123551917399247 ], [ 48.400716574385108, -19.190588233202124 ], [ 48.228337476606278, -19.224106391103565 ], [ 48.079899920185618, -19.248047932461734 ], [ 47.917097438950059, -19.190588233202124 ], [ 47.818937119381559, -19.279171936227357 ], [ 47.684864487775798, -19.350996560301869 ], [ 47.680076179504162, -19.465915958821089 ], [ 47.780630653208483, -19.633506748328283 ], [ 47.751900803578678, -19.748426146847503 ], [ 47.742324187035408, -19.863345545366723 ], [ 47.680076179504169, -19.892075394996528 ], [ 47.598674938886383, -19.853768928823452 ], [ 47.531638623083509, -19.949535094256134 ], [ 47.469390615552264, -20.064454492775354 ], [ 47.431084149379188, -20.232045282282552 ], [ 47.407142608021019, -20.346964680801769 ], [ 47.474178923823899, -20.375694530431574 ], [ 47.485680054380182, -20.531825637299765 ], [ 47.555580164441679, -20.600745019198381 ], [ 47.550791856170044, -20.701299492902699 ], [ 47.488543848638798, -20.911985056854601 ], [ 47.402354299749383, -20.82100719969355 ], [ 47.258705051600359, -20.801853966607013 ], [ 47.258705051600359, -20.686934568087796 ], [ 47.124632419994605, -20.447519154506086 ], [ 47.119844111722969, -20.375694530431574 ], [ 47.177303810982579, -20.337388064258501 ], [ 47.153362269624409, -20.16022065820804 ], [ 47.043231179376825, -20.040512951417185 ], [ 46.961829938759045, -19.95432340252777 ], [ 47.024077946290291, -19.858557237095088 ], [ 46.966618247030681, -19.772367688205673 ], [ 46.86606377332636, -19.786732613020575 ], [ 46.80860407406675, -19.652659981414818 ], [ 46.837333923696555, -19.465915958821085 ], [ 46.789450840980216, -19.384514718203306 ], [ 46.69368467554753, -19.327055018943696 ], [ 46.703261292090801, -19.183405770794671 ], [ 46.741567758263869, -19.020603289559112 ], [ 46.75114437480714, -18.838647575237015 ], [ 46.77508591616531, -18.714151560174525 ], [ 46.861275465054725, -18.723728176717795 ], [ 46.928311780857605, -18.642326936100016 ], [ 46.937888397400876, -18.556137387210601 ], [ 46.890005314684529, -18.460371221777915 ], [ 46.966618247030681, -18.340663514987064 ], [ 47.028866254561919, -18.187437650294772 ], [ 47.03126040869774, -18.007876090108489 ], [ 47.198851198204935, -17.964781315663782 ], [ 47.380806912527035, -17.931263157762345 ], [ 47.46699646141645, -17.81155545097149 ], [ 47.49093800277462, -17.653541278007562 ], [ 47.608834573129307, -17.662901659898491 ], [ 47.629798942652009, -17.548198496031613 ], [ 47.629798942652009, -17.394972631339321 ], [ 47.50051461931789, -17.361454473437881 ], [ 47.514879544132789, -17.203440300473954 ], [ 47.610645709565475, -17.165133834300882 ], [ 47.663317100553449, -17.074155977139831 ], [ 47.67289371709672, -16.95444827034898 ], [ 47.773448190801034, -16.959236578620612 ], [ 47.773448190801034, -16.853893796644662 ], [ 47.7542949577145, -16.738974398125443 ], [ 47.749506649442864, -16.638419924421125 ], [ 47.806966348702474, -16.571383608618248 ] ] ] ] } },
{ "type": "Feature", "properties": { "id": 56, "name": null, "continent": "Essos" }, "geometry": { "type": "MultiPolygon", "coordinates": [ [ [ [ 49.158627042513423, -16.506309723407202 ], [ 49.270386933372905, -16.499324730228484 ], [ 49.291341912909061, -16.618069614266677 ], [ 49.262612063279256, -16.718624087970998 ], [ 49.291341912909061, -16.828755178218582 ], [ 49.243458830192715, -16.96282780982434 ], [ 49.137672062977281, -17.058124184525884 ], [ 49.152480973031672, -17.125630291059899 ], [ 49.023196649697546, -17.173513373776242 ], [ 48.989678491796106, -17.063382283528657 ], [ 49.061503115870622, -16.96282780982434 ], [ 49.085444657228791, -16.833543486490218 ], [ 49.047138191055716, -16.694682546612828 ], [ 49.151642049334711, -16.625054607445396 ], [ 49.158627042513423, -16.506309723407202 ] ] ] ] } },
{ "type": "Feature", "properties": { "id": 57, "name": null, "continent": "Essos" }, "geometry": { "type": "MultiPolygon", "coordinates": [ [ [ [ 50.389456522638675, -17.089465332164199 ], [ 50.599747148133112, -17.031659741229142 ], [ 50.733819779738866, -17.031659741229142 ], [ 50.820009328628281, -17.055601282587311 ], [ 50.95887026850567, -17.108272673575289 ], [ 50.92535211060423, -17.199250530736336 ], [ 50.858315794801356, -17.237556996909412 ], [ 50.700301621837426, -17.266286846539217 ], [ 50.65488626342993, -17.354895072955475 ], [ 50.529156386213025, -17.410775018385198 ], [ 50.475251133070621, -17.524855493207461 ], [ 50.389061584181206, -17.658928124813215 ], [ 50.187952636772572, -17.644563199998313 ], [ 50.101763087883157, -17.577526884195436 ], [ 50.235835719488911, -17.524855493207461 ], [ 50.331601884921596, -17.409936094688241 ], [ 50.403426508996105, -17.271075154810848 ], [ 50.350755118008131, -17.151367448019997 ], [ 50.389456522638675, -17.089465332164199 ] ] ] ] } },
{ "type": "Feature", "properties": { "id": 58, "name": null, "continent": "Essos" }, "geometry": { "type": "MultiPolygon", "coordinates": [ [ [ [ 48.407899036792557, -19.567667509593313 ], [ 48.489300277410337, -19.677798599840898 ], [ 48.565913209756481, -19.68258690811253 ], [ 48.537183360126676, -19.893272472064435 ], [ 48.604219675929556, -19.984250329225482 ], [ 48.527606743583412, -20.099169727744702 ], [ 48.45720533833051, -20.224429688555883 ], [ 48.460570427780532, -20.305066983424972 ], [ 48.609007984201192, -20.396044840586018 ], [ 48.534040263296404, -20.48985942934716 ], [ 48.575489826299751, -20.702496569970606 ], [ 48.427052269879091, -20.745591344415313 ], [ 48.393534111977651, -20.855722434662898 ], [ 48.288191330001702, -20.908393825650872 ], [ 48.259461480371897, -21.013736607626825 ], [ 48.338460454292317, -21.062628870001998 ], [ 48.316921179631507, -21.176539088862384 ], [ 48.235519939013727, -21.463837585160434 ], [ 48.149330390124312, -21.526085592691679 ], [ 48.106235615679601, -21.387224652814286 ], [ 48.139753773581042, -21.181327397134019 ], [ 48.058352532963262, -21.032889840713359 ], [ 48.029622683333457, -20.903605517379237 ], [ 47.900338359999338, -20.803051043674923 ], [ 47.972162984073847, -20.630671945896093 ], [ 48.029622683333457, -20.520540855648505 ], [ 47.996104525432017, -20.439139615030726 ], [ 47.996104525432017, -20.367314990956213 ], [ 48.072717457778168, -20.252395592436994 ], [ 48.067929149506533, -20.080016494658164 ], [ 48.149330390124312, -20.041710028485092 ], [ 48.106235615679601, -19.926790629965872 ], [ 48.020046066790187, -19.907637396879338 ], [ 47.981739600617118, -19.840601081076457 ], [ 48.072717457778168, -19.768776457001945 ], [ 48.125388848766143, -19.649068750211093 ], [ 48.249884863828626, -19.582032434408212 ], [ 48.407899036792557, -19.567667509593313 ] ] ] ] } },
{ "type": "Feature", "properties": { "id": 59, "name": null, "continent": "Essos" }, "geometry": { "type": "MultiPolygon", "coordinates": [ [ [ [ 50.088595240136151, -18.158707800664967 ], [ 50.155631555939024, -18.273627199184183 ], [ 50.107748473222685, -18.359816748073598 ], [ 50.155631555939024, -18.450794605234648 ], [ 50.217879563470269, -18.469947838321186 ], [ 50.232244488285176, -18.541772462395699 ], [ 50.189149713840465, -18.647115244371648 ], [ 50.189149713840465, -18.80991772560721 ], [ 50.275339262729879, -18.876954041410087 ], [ 50.323222345446219, -18.819494342150477 ], [ 50.323222345446219, -18.666268477458186 ], [ 50.442930052237074, -18.66148016918655 ], [ 50.553061142484658, -18.690210018816355 ], [ 50.62967407483081, -18.54656077066733 ], [ 50.667980541003878, -18.422064755604843 ], [ 50.811629789152903, -18.378969981160136 ], [ 50.859512871869249, -18.225744116467844 ], [ 51.022315353104808, -18.211379191652942 ], [ 51.07575195352711, -18.101368618132973 ], [ 51.113293210265859, -18.013861475448035 ], [ 51.295248924587952, -17.999496550633133 ], [ 51.405380014835536, -17.889365460385545 ], [ 51.558605879527832, -17.669103279890376 ], [ 51.726196669035026, -17.635585121988935 ], [ 51.879422533727322, -17.75529282877979 ], [ 51.89998114861578, -17.975638740916061 ], [ 51.94167054125856, -18.10005102433745 ], [ 51.915135950345622, -18.199158522635024 ], [ 51.802809601381171, -18.329889821375886 ], [ 51.733526127698958, -18.492528236141162 ], [ 51.730984977306662, -18.588458468044131 ], [ 51.644795428417247, -18.650706475575376 ], [ 51.697466819405221, -18.775202490637863 ], [ 51.793232984837907, -18.84223880644074 ], [ 51.774079751751366, -18.9906763628614 ], [ 51.788444676566272, -19.115172377923887 ], [ 51.620853887059077, -19.148690535825327 ], [ 51.550731489679904, -19.218967526727802 ], [ 51.510722796811493, -19.330646250147424 ], [ 51.529876029898027, -19.483872114839716 ], [ 51.467628022366782, -19.550908430642593 ], [ 51.362285240390833, -19.550908430642593 ], [ 51.371861856934096, -19.646674596075279 ], [ 51.477204638910052, -19.699345987063253 ], [ 51.491569563724951, -19.819053693854109 ], [ 51.568182496071103, -19.876513393113715 ], [ 51.544240954712926, -19.977067866818032 ], [ 51.592124037429272, -20.13508203978196 ], [ 51.71183174422012, -20.173388505955035 ], [ 51.772882674683487, -20.239826283224033 ], [ 51.844707298757996, -20.244614591495665 ], [ 51.916531922832512, -20.244614591495665 ], [ 52.0697577875248, -20.15842504260625 ], [ 52.079334404068071, -20.024352411000496 ], [ 52.132005795056045, -19.933374553839446 ], [ 52.199042110858926, -19.914221320752908 ], [ 52.256501810118536, -19.813666847048591 ], [ 52.304384892834875, -19.895068087666374 ], [ 52.313961509378146, -19.995622561370691 ], [ 52.277170780266538, -20.085106680888778 ], [ 52.304384892834875, -20.172789967421153 ], [ 52.342691359007951, -20.244614591495665 ], [ 52.285231659748341, -20.38826383964469 ], [ 52.227771960488731, -20.488818313349007 ], [ 52.172706415364928, -20.589372787053325 ], [ 52.232560268760366, -20.665985719399472 ], [ 52.211012881538004, -20.785693426190324 ], [ 52.143976565735123, -20.857518050264837 ], [ 52.110458407833683, -20.914977749524446 ], [ 52.048210400302445, -20.905401132981179 ], [ 52.014692242401004, -20.847941433721569 ], [ 51.938079310054853, -20.857518050264837 ], [ 51.885407919066878, -20.900612824709544 ], [ 51.804006678449099, -20.910189441252815 ], [ 51.736970362646218, -20.910189441252815 ], [ 51.631627580670269, -20.838364817178302 ], [ 51.483190024249609, -20.76654019310379 ], [ 51.34432908437222, -20.76654019310379 ], [ 51.29644600165588, -20.867094666808107 ], [ 51.339540776100584, -20.977225757055692 ], [ 51.329964159557321, -21.082568539031644 ], [ 51.282081076840974, -21.125663313476352 ], [ 51.358694009187126, -21.259735945082106 ], [ 51.368270625730389, -21.331560569156618 ], [ 51.459248482891439, -21.412961809774401 ], [ 51.449671866348169, -21.475209817305643 ], [ 51.35390570091549, -21.460844892490741 ], [ 51.334752467828949, -21.556611057923426 ], [ 51.392212167088559, -21.638012298541206 ], [ 51.516708182151049, -21.647588915084473 ], [ 51.58374449795393, -21.714625230887354 ], [ 51.602897731040464, -21.819968012863303 ], [ 51.751335287461124, -21.829544629406573 ], [ 51.784853445362565, -21.921719563635527 ], [ 51.684298971658244, -21.964814338080235 ], [ 51.713028821288049, -22.103675277957624 ], [ 51.784853445362565, -22.079733736599454 ], [ 51.832736528078904, -22.156346668945599 ], [ 51.81358329499237, -22.247324526106649 ], [ 51.885407919066878, -22.285630992279721 ], [ 51.918926076968319, -22.218594676476844 ], [ 52.009903934129369, -22.237747909563382 ], [ 52.024268858944268, -22.323937458452797 ], [ 51.918926076968319, -22.376608849440771 ], [ 51.894984535610149, -22.453221781786919 ], [ 51.851889761165438, -22.577717796849406 ], [ 51.736970362646218, -22.683060578825359 ], [ 51.622050964126998, -22.702213811911893 ], [ 51.473613407706345, -22.702213811911893 ], [ 51.449671866348169, -22.83628644351765 ], [ 51.306022618199144, -22.884169526233993 ], [ 51.176738294865025, -22.865016293147455 ], [ 51.109701979062145, -22.946417533765235 ], [ 51.100125362518881, -23.00866554129648 ], [ 51.061818896345805, -23.051760315741188 ], [ 51.037877354987636, -23.133161556358967 ], [ 50.940369469482228, -23.158528298252474 ], [ 50.831980099307366, -23.104431706729162 ], [ 50.750578858689586, -23.018242157839747 ], [ 50.646999755976083, -23.004858448320686 ], [ 50.654812693256901, -22.932052608950332 ], [ 50.611717918812197, -22.884169526233993 ], [ 50.539893294737681, -22.879381217962358 ], [ 50.437449960614558, -22.921038530176073 ], [ 50.305266189427606, -22.946417533765235 ], [ 50.195135099180021, -22.922475992407065 ], [ 50.094580625475707, -22.888957834505625 ], [ 49.998814460043022, -22.927264300678701 ], [ 49.90663952581405, -22.979337153132644 ], [ 49.730669196831506, -22.960782458580137 ], [ 49.673209497571897, -22.908111067592163 ], [ 49.614552721244365, -22.893147604243229 ], [ 49.625326414855557, -22.83628644351765 ], [ 49.686377345318881, -22.759074972637471 ], [ 49.662435803960712, -22.648943882389887 ], [ 49.470903473095341, -22.653732190661522 ], [ 49.327254224946316, -22.538812792142302 ], [ 49.446961931737171, -22.390375235721642 ], [ 49.437385315193907, -22.208419521399545 ], [ 49.442173623465536, -21.954639183002936 ], [ 49.557093021984755, -21.911544408558228 ], [ 49.566669638528026, -21.796625010039008 ], [ 49.566669638528026, -21.643399145346716 ], [ 49.576246255071297, -21.509326513740959 ], [ 49.743837044578491, -21.3465240325054 ], [ 49.753413661121755, -21.144218008028854 ], [ 49.729472119763585, -21.005357068151461 ], [ 49.858756443097711, -20.923955827533682 ], [ 49.892274600999151, -20.788686118860021 ], [ 49.815661668653, -20.745591344415313 ], [ 49.815661668653, -20.520540855648505 ], [ 49.710318886677051, -20.434351306759091 ], [ 49.604976104701102, -20.309855291696604 ], [ 49.628917646059271, -20.194935893177384 ], [ 49.748625352850127, -20.065651569843261 ], [ 49.806085052109736, -19.97946202095385 ], [ 49.810873360381365, -19.83102446453319 ], [ 49.916216142357321, -19.826236156261555 ], [ 50.011982307789999, -19.850177697619728 ], [ 49.98804076643183, -19.763988148730313 ], [ 49.892274600999151, -19.711316757742335 ], [ 49.753413661121755, -19.696951832927432 ], [ 49.719895503220322, -19.590411973883576 ], [ 49.777355202479932, -19.470704267092721 ], [ 49.786931819023195, -19.341419943758599 ], [ 49.734260428035221, -19.283960244498989 ], [ 49.638494262602535, -19.346208252030234 ], [ 49.58582287161456, -19.283960244498989 ], [ 49.576246255071297, -19.145099304621599 ], [ 49.523574864083322, -19.082851297090357 ], [ 49.676800728775611, -18.915260507583159 ], [ 49.686377345318881, -18.814706033878842 ], [ 49.739048736306856, -18.71893986844616 ], [ 49.858756443097711, -18.651903552643283 ], [ 49.844391518282805, -18.575290620297135 ], [ 49.743837044578491, -18.522619229309161 ], [ 49.710318886677051, -18.43164137214811 ], [ 49.739048736306856, -18.378969981160136 ], [ 49.786931819023195, -18.321510281900526 ], [ 49.75820196939339, -18.211379191652942 ], [ 49.830026593467906, -18.149131184121696 ], [ 49.921004450628956, -18.206590883381306 ], [ 50.088595240136151, -18.158707800664967 ] ] ] ] } },
{ "type": "Feature", "properties": { "id": 60, "name": null, "continent": "Essos" }, "geometry": { "type": "MultiPolygon", "coordinates": [ [ [ [ 51.860454508174023, -21.330894591297376 ], [ 51.96202085141303, -21.326772260884987 ], [ 52.072151941660614, -21.384231960144596 ], [ 52.070004303535555, -21.456624468514288 ], [ 52.182283031908199, -21.590129215824863 ], [ 52.167918107093293, -21.657165531627744 ], [ 52.029057167215903, -21.63322399026957 ], [ 51.947655926598124, -21.618859065454668 ], [ 51.909349460425048, -21.561399366195058 ], [ 51.770488520547659, -21.360290418786423 ], [ 51.860454508174023, -21.330894591297376 ] ] ] ] } },
{ "type": "Feature", "properties": { "id": 61, "name": null, "continent": "Essos" }, "geometry": { "type": "MultiPolygon", "coordinates": [ [ [ [ 52.23854565409988, -22.262287989455476 ], [ 52.272063812001321, -22.171310132294426 ], [ 52.406136443607082, -22.228769831554036 ], [ 52.425289676693616, -22.358054154888158 ], [ 52.482749375953226, -22.439455395505941 ], [ 52.458807834595056, -22.62619941809967 ], [ 52.554574000027735, -22.77463697452033 ], [ 52.497114300768125, -22.83209667377994 ], [ 52.367829977434006, -22.879979756496283 ], [ 52.357290538138074, -22.950668611980415 ], [ 52.372618285705641, -23.018840696373672 ], [ 52.487537684224861, -23.047570546003477 ], [ 52.492325992496497, -23.124183478349625 ], [ 52.55936230829937, -23.196008102424138 ], [ 52.477961067681591, -23.320504117486625 ], [ 52.458807834595056, -23.425846899462577 ], [ 52.382194902248905, -23.445000132549112 ], [ 52.406136443607082, -23.334869042301527 ], [ 52.44444290978015, -23.263044418227015 ], [ 52.439654601508515, -23.196008102424138 ], [ 52.363041669162371, -23.196008102424138 ], [ 52.32952351126093, -23.08587701217655 ], [ 52.315158586446032, -23.009264079830405 ], [ 52.259500633636037, -22.971623591516572 ], [ 52.214604112741711, -23.057147162546745 ], [ 52.147567796938837, -23.08587701217655 ], [ 52.075743172864321, -23.047570546003477 ], [ 51.960823774345101, -23.09545362871982 ], [ 51.826431056555535, -23.153233414163221 ], [ 51.730984977306662, -23.258256109955379 ], [ 51.711831744220127, -23.368387200202967 ], [ 51.625642195330713, -23.406693666376039 ], [ 51.577759112614366, -23.344445658844794 ], [ 51.659160353232153, -23.224737952053943 ], [ 51.616065578787442, -23.15291332797943 ], [ 51.663948661503781, -23.076300395633282 ], [ 51.831539451010983, -22.956592688842427 ], [ 51.970400390888372, -22.841673290323207 ], [ 52.051801631506152, -22.875191448224648 ], [ 52.112815776882961, -22.824938734763489 ], [ 52.157144413482101, -22.71717727526072 ], [ 52.18108595484027, -22.630987726371306 ], [ 52.252910578914786, -22.635776034642941 ], [ 52.267275503729685, -22.544798177481891 ], [ 52.18108595484027, -22.439455395505941 ], [ 52.224180729284981, -22.386784004517963 ], [ 52.315158586446032, -22.396360621061234 ], [ 52.300793661631126, -22.314959380443451 ], [ 52.23854565409988, -22.262287989455476 ] ] ] ] } },
{ "type": "Feature", "properties": { "id": 62, "name": null, "continent": "Essos" }, "geometry": { "type": "MultiPolygon", "coordinates": [ [ [ [ 53.147929287252936, -19.425789353655198 ], [ 53.133959300895491, -19.50960927179981 ], [ 53.057124375929604, -19.621369162659285 ], [ 52.947215278301755, -19.720294835751716 ], [ 52.971156819659925, -19.844790850814203 ], [ 52.91848542867195, -19.916615474888715 ], [ 52.808354338424365, -19.97886348241996 ], [ 52.683858323361875, -19.921403783160351 ], [ 52.742799682887316, -19.747099039876197 ], [ 52.86154456692551, -19.747099039876197 ], [ 52.846660804597441, -19.586222204145958 ], [ 52.956791894845026, -19.591010512417594 ], [ 52.999886669289729, -19.471302805626738 ], [ 53.047769752006076, -19.375536640194056 ], [ 53.147929287252936, -19.425789353655198 ] ] ] ] } },
{ "type": "Feature", "properties": { "id": 63, "name": null, "continent": "Essos" }, "geometry": { "type": "MultiPolygon", "coordinates": [ [ [ [ 51.735773285578318, -19.357580484175447 ], [ 51.774079751751394, -19.340821405224727 ], [ 51.857875146504995, -19.362368792447079 ], [ 51.905758229221334, -19.328850634545642 ], [ 51.946458849530224, -19.333638942817274 ], [ 51.939276387122774, -19.391098642076884 ], [ 51.953641311937673, -19.431799262385773 ], [ 51.991947778110749, -19.467711574423031 ], [ 52.032648398419639, -19.443171494530901 ], [ 52.032648398419639, -19.404865028357825 ], [ 52.047013323234538, -19.349799483234033 ], [ 52.07460597808371, -19.295802451693696 ], [ 52.025465936012189, -19.198967772677559 ], [ 52.054195785641994, -19.131931456874682 ], [ 52.109261330765783, -19.024194520762912 ], [ 52.157144413482129, -18.952369896688399 ], [ 52.161932721753757, -18.79674987786029 ], [ 52.183480108976113, -18.724925253785777 ], [ 52.221290834836786, -18.653183079251683 ], [ 52.145173642803044, -18.547757847735312 ], [ 52.068560710456893, -18.507057227426422 ], [ 52.068560710456893, -18.447203374030995 ], [ 52.102078868358333, -18.37059044168485 ], [ 52.121232101444868, -18.29637166347452 ], [ 52.149961951074673, -18.214970422856737 ], [ 52.197845033791019, -18.183846419091118 ], [ 52.260093041322257, -18.191028881498568 ], [ 52.312764432310239, -18.202999652177652 ], [ 52.329523511260959, -18.253276889029813 ], [ 52.315158586446053, -18.305948280017788 ], [ 52.269669657865528, -18.349043054462495 ], [ 52.226574883420824, -18.392137828907202 ], [ 52.228969037556638, -18.463962452981715 ], [ 52.291217045087883, -18.56691108082185 ], [ 52.341494281940044, -18.633947396624727 ], [ 52.389377364656383, -18.662677246254532 ], [ 52.334311819532587, -18.744078486872315 ], [ 52.322341048853502, -18.806326494403557 ], [ 52.315158586446053, -18.876355502876212 ], [ 52.370224131569849, -18.929026893864187 ], [ 52.389377364656383, -18.991274901395432 ], [ 52.370224131569849, -19.077464450284847 ], [ 52.372618285705663, -19.158865690902626 ], [ 52.331917665396773, -19.204354619483151 ], [ 52.284155773445242, -19.218967526727802 ], [ 52.216998266877553, -19.309697401459104 ], [ 52.186365868943199, -19.407562342553184 ], [ 52.216998266877553, -19.527565427818459 ], [ 52.082925635271799, -19.646674596075353 ], [ 52.015889319468918, -19.750221762449446 ], [ 51.953641311937673, -19.764586687264348 ], [ 51.929699770579504, -19.632309671260451 ], [ 51.809992063788648, -19.616149130843688 ], [ 51.774079751751394, -19.563477739855713 ], [ 51.805203755517013, -19.515594657139374 ], [ 51.778868060023029, -19.455740803743947 ], [ 51.735773285578318, -19.357580484175447 ] ] ] ] } },
{ "type": "Feature", "properties": { "id": 64, "name": null, "continent": "Essos" }, "geometry": { "type": "MultiPolygon", "coordinates": [ [ [ [ 52.794964498057638, -18.453373966903765 ], [ 52.871799423023525, -18.502268919154783 ], [ 52.862222806480254, -18.583670159772566 ], [ 52.871799423023525, -18.634983789550414 ], [ 52.871799423023525, -18.729713562057409 ], [ 52.871799423023525, -18.808720648539371 ], [ 52.838281265122085, -18.847027114712443 ], [ 52.790398182405745, -18.868574501934798 ], [ 52.732938483146135, -18.847027114712443 ], [ 52.730544329010314, -18.815903110946824 ], [ 52.780821565862475, -18.77520249063793 ], [ 52.80194949123635, -18.704833721337589 ], [ 52.799974798949009, -18.631553242488906 ], [ 52.76885079518339, -18.590852622180016 ], [ 52.713785250059594, -18.547757847735308 ], [ 52.718573558331229, -18.485509840204067 ], [ 52.794964498057638, -18.453373966903765 ] ] ] ] } },
{ "type": "Feature", "properties": { "id": 65, "name": null, "continent": "Essos" }, "geometry": { "type": "MultiPolygon", "coordinates": [ [ [ [ 53.654687825435708, -18.679436325205248 ], [ 53.700176754016233, -18.665071400390346 ], [ 53.721724141238589, -18.715348637242506 ], [ 53.750453990868394, -18.782384953045383 ], [ 53.731300757781852, -18.835056344033358 ], [ 53.680604059081219, -18.887159850726153 ], [ 53.640322900620809, -18.899698505700421 ], [ 53.602016434447734, -18.880545272613883 ], [ 53.582863201361199, -18.835056344033358 ], [ 53.596784140936613, -18.796354939402821 ], [ 53.640322900620809, -18.753655103415579 ], [ 53.654687825435708, -18.679436325205248 ] ] ] ] } },
{ "type": "Feature", "properties": { "id": 66, "name": null, "continent": "Essos" }, "geometry": { "type": "MultiPolygon", "coordinates": [ [ [ [ 53.508224961302389, -18.295156193863352 ], [ 53.625957975805903, -18.302955587348016 ], [ 53.637928746484988, -18.331685436977821 ], [ 53.578074893089564, -18.358021132471809 ], [ 53.54216258105231, -18.36280944074344 ], [ 53.551739197595573, -18.429845756546321 ], [ 53.515826885558319, -18.499276226485016 ], [ 53.439213953212175, -18.508852843028283 ], [ 53.42724318253309, -18.441816527225406 ], [ 53.473299995408802, -18.392946098365403 ], [ 53.508224961302389, -18.295156193863352 ] ] ] ] } },
{ "type": "Feature", "properties": { "id": 67, "name": null, "continent": "Essos" }, "geometry": { "type": "MultiPolygon", "coordinates": [ [ [ [ 53.821044752788474, -18.346518870423214 ], [ 53.752848145004208, -18.377174365558343 ], [ 53.733694911917674, -18.348444515928538 ], [ 53.743271528460944, -18.307743895619648 ], [ 53.793104780073605, -18.283653931814758 ], [ 53.827066923214538, -18.137758951976636 ], [ 53.911849664111806, -18.081089129631952 ], [ 53.985081096178469, -18.082693406852844 ], [ 53.970716171363563, -18.137758951976636 ], [ 53.922833088647224, -18.144941414384089 ], [ 53.874950005930877, -18.178459572285526 ], [ 53.903679855560682, -18.245495888088406 ], [ 53.951562938277029, -18.295773124940563 ], [ 53.867767543523428, -18.317320512162919 ], [ 53.821044752788474, -18.346518870423214 ] ] ] ] } },
{ "type": "Feature", "properties": { "id": 68, "name": null, "continent": "Essos" }, "geometry": { "type": "MultiPolygon", "coordinates": [ [ [ [ 53.733694911917667, -17.888766921851655 ], [ 53.601917058783037, -17.916311956109052 ], [ 53.455973032162888, -17.864825380493485 ], [ 53.259652393025881, -17.874401997036752 ], [ 53.274017317840787, -17.80257737296224 ], [ 53.364995175001837, -17.77863583160407 ], [ 53.465549648706151, -17.668504741356486 ], [ 53.532585964509032, -17.711599515801193 ], [ 53.580469047225371, -17.797789064690608 ], [ 53.664781997391501, -17.804552065249577 ], [ 53.755586908714832, -17.783597085713421 ], [ 53.733694911917667, -17.888766921851655 ] ] ] ] } },
{ "type": "Feature", "properties": { "id": 69, "name": null, "continent": "Essos" }, "geometry": { "type": "MultiPolygon", "coordinates": [ [ [ [ 52.943624047098027, -16.983776658512799 ], [ 53.025025287715813, -16.978988350241167 ], [ 53.020458972063921, -17.060611583478693 ], [ 52.992518999349059, -17.158401487980743 ], [ 52.914894197468222, -17.189673914193069 ], [ 52.922669067561884, -17.067596576657412 ], [ 52.943624047098027, -16.983776658512799 ] ] ] ] } },
{ "type": "Feature", "properties": { "id": 70, "name": null, "continent": "Essos" }, "geometry": { "type": "MultiPolygon", "coordinates": [ [ [ [ 53.584652686115291, -16.765890239610158 ], [ 53.605607665651434, -16.828755178218614 ], [ 53.563697706579134, -16.870665137290928 ], [ 53.581666124293264, -16.981981042910906 ], [ 53.610395973923069, -17.092112133158494 ], [ 53.543359658120188, -17.183089990319541 ], [ 53.50505319194712, -17.360257396370006 ], [ 53.409287026514434, -17.432082020444518 ], [ 53.351827327254824, -17.403352170814713 ], [ 53.428440259600968, -17.288432772295494 ], [ 53.428440259600968, -17.159148448961371 ], [ 53.399710409971163, -17.082535516615224 ], [ 53.48111165058895, -16.972404426367639 ], [ 53.476323342317315, -16.886214877478224 ], [ 53.528772740685547, -16.814785191861176 ], [ 53.584652686115291, -16.765890239610158 ] ] ] ] } },
{ "type": "Feature", "properties": { "id": 72, "name": null, "continent": "Essos" }, "geometry": { "type": "MultiPolygon", "coordinates": [ [ [ [ 54.804783324903006, -17.750319312974923 ], [ 54.923528208941207, -17.7363493266175 ], [ 54.931969056894097, -17.591293270476321 ], [ 55.027735222326783, -17.620023120106126 ], [ 55.104348154672927, -17.543410187759978 ], [ 55.085194921586393, -17.457220638870563 ], [ 55.204902628377248, -17.347089548622979 ], [ 55.271938944180121, -17.380607706524419 ], [ 55.310245410353197, -17.481162180228733 ], [ 55.251822888340925, -17.56870949032826 ], [ 55.209690936648876, -17.682271127637367 ], [ 55.166596162204172, -17.763672368255151 ], [ 55.075618305043122, -17.778037293070053 ], [ 55.066041688499851, -17.888168383317637 ], [ 54.979408154370944, -17.924944142442868 ], [ 54.853678277154032, -17.883034183370569 ], [ 54.764378267386903, -18.01745270665176 ], [ 54.611152402694607, -17.979146240478684 ], [ 54.679053447686087, -17.91097415608543 ], [ 54.755888372651988, -17.841124224298255 ], [ 54.804783324903006, -17.750319312974923 ] ] ] ] } },
{ "type": "Feature", "properties": { "id": 73, "name": null, "continent": "Essos" }, "geometry": { "type": "MultiPolygon", "coordinates": [ [ [ [ 55.169187785568717, -18.281377545886834 ], [ 55.228844169735417, -18.352634285666149 ], [ 55.252785711093587, -18.467553684185368 ], [ 55.180961087019071, -18.534589999988246 ], [ 55.180961087019071, -18.615991240606029 ], [ 55.137866312574367, -18.687815864680541 ], [ 55.042100147141682, -18.659086015050736 ], [ 55.056465071956588, -18.510648458630076 ], [ 55.141247812853855, -18.407107423103746 ], [ 55.120292833317698, -18.295347532244257 ], [ 55.169187785568717, -18.281377545886834 ] ] ] ] } },
{ "type": "Feature", "properties": { "id": 74, "name": null, "continent": "Essos" }, "geometry": { "type": "MultiPolygon", "coordinates": [ [ [ [ 55.941092763445496, -18.011868390617497 ], [ 55.98300272251781, -18.004883397438778 ], [ 56.011732572147615, -18.0922700233961 ], [ 55.992579339061081, -18.147335568519892 ], [ 55.939907948073106, -18.18324788055715 ], [ 55.87526578640604, -18.195218651236235 ], [ 55.848930090912056, -18.16648880160643 ], [ 55.88484240294931, -18.130576489569176 ], [ 55.923148869122386, -18.111423256482638 ], [ 55.913572252579115, -18.027627861729041 ], [ 55.941092763445496, -18.011868390617497 ] ] ] ] } },
{ "type": "Feature", "properties": { "id": 75, "name": null, "continent": "Essos" }, "geometry": { "type": "MultiPolygon", "coordinates": [ [ [ [ 55.201508866402278, -18.994039470597702 ], [ 55.237223709210795, -19.031975521704311 ], [ 55.20849385958099, -19.091829375099739 ], [ 55.1677932392721, -19.156471536766801 ], [ 55.127092618963211, -19.122953378865361 ], [ 55.1677932392721, -19.060705371334116 ], [ 55.159598907329972, -19.014994450133859 ], [ 55.201508866402278, -18.994039470597702 ] ] ] ] } },
{ "type": "Feature", "properties": { "id": 76, "name": null, "continent": "Essos" }, "geometry": { "type": "MultiPolygon", "coordinates": [ [ [ [ 54.876225272215578, -18.311354801467257 ], [ 54.896056744856857, -18.393933444509052 ], [ 54.869240279036866, -18.492964624113906 ], [ 54.876903511770323, -18.566312542287882 ], [ 54.805078887695807, -18.690808557350369 ], [ 54.761984113251103, -18.767421489696517 ], [ 54.771450374534815, -18.863169262585938 ], [ 54.771560729794366, -18.973318745376787 ], [ 54.872115203498687, -19.030778444636397 ], [ 54.872115203498687, -19.126544610069079 ], [ 54.800290579424171, -19.241464008588299 ], [ 54.714101030534756, -19.342018482292616 ], [ 54.733254263621298, -19.428208031182031 ], [ 54.738042571892933, -19.562280662787789 ], [ 54.666217947818417, -19.643681903405568 ], [ 54.594393323743908, -19.614952053775763 ], [ 54.560875165842475, -19.677200061307008 ], [ 54.479473925224688, -19.729871452294983 ], [ 54.541721932755927, -19.792119459826228 ], [ 54.541721932755927, -19.863944083900741 ], [ 54.618334865102078, -19.897462241802177 ], [ 54.690159489176587, -19.878309008715643 ], [ 54.699736105719857, -19.950133632790156 ], [ 54.642276406460248, -20.0267465651363 ], [ 54.675794564361688, -20.09378288093918 ], [ 54.704524413991493, -20.170395813285324 ], [ 54.642276406460248, -20.227855512544934 ], [ 54.536933624484298, -20.285315211804544 ], [ 54.536933624484298, -20.419387843410302 ], [ 54.512992083126122, -20.577402016374229 ], [ 54.533960606458422, -20.658312509516374 ], [ 54.517780391397757, -20.736613266406064 ], [ 54.589605015472273, -20.808437890480576 ], [ 54.594393323743908, -20.894627439369991 ], [ 54.469897308681418, -20.999970221345944 ], [ 54.422014225965079, -21.090948078506994 ], [ 54.422014225965079, -21.191502552211311 ], [ 54.460320692138147, -21.287268717643993 ], [ 54.426802534236707, -21.335151800360336 ], [ 54.340612985347292, -21.35430503344687 ], [ 54.235270203371343, -21.44528289060792 ], [ 54.177810504111733, -21.41176473270648 ], [ 54.168233887568462, -21.205867477026214 ], [ 54.110774188308852, -21.172349319124773 ], [ 54.077256030407419, -21.282480409372358 ], [ 54.005431406332903, -21.368669958261773 ], [ 53.986278173246369, -21.44528289060792 ], [ 53.971913248431463, -21.5266841312257 ], [ 53.866570466455514, -21.569778905670407 ], [ 53.818687383739174, -21.684698304189627 ], [ 53.708556293491583, -21.780464469622313 ], [ 53.603213511515634, -21.804406010980482 ], [ 53.574483661885829, -21.737369695177605 ], [ 53.651096594231973, -21.646391838016555 ], [ 53.631943361145439, -21.550625672583873 ], [ 53.732497834849759, -21.464436123694458 ], [ 53.786566336335639, -21.314901868315825 ], [ 53.679826443861778, -21.210655785297845 ], [ 53.708556293491583, -21.100524695050261 ], [ 53.718132910034853, -21.014335146160846 ], [ 53.818687383739174, -20.942510522086334 ], [ 53.852205541640608, -20.851532664925283 ], [ 53.809110767195904, -20.794072965665674 ], [ 53.727709526578124, -20.789284657394042 ], [ 53.660673210775244, -20.731824958134432 ], [ 53.574483661885829, -20.770131424307504 ], [ 53.517023962626219, -20.731824958134432 ], [ 53.550542120527659, -20.612117251343577 ], [ 53.545753812256024, -20.478044619737819 ], [ 53.540965503984388, -20.382278454305137 ], [ 53.507447346082948, -20.320030446773892 ], [ 53.521812270897854, -20.248205822699379 ], [ 53.545753812256024, -20.171592890353235 ], [ 53.631943361145439, -20.162016273809964 ], [ 53.655884902503608, -20.056673491834015 ], [ 53.655884902503608, -19.898659318870088 ], [ 53.660673210775244, -19.831623003067207 ], [ 53.804322458924268, -19.802893153437402 ], [ 53.900088624356954, -19.644878980473475 ], [ 53.924030165715124, -19.534747890225891 ], [ 53.852205541640608, -19.534747890225891 ], [ 53.761227684479564, -19.601784206028768 ], [ 53.679826443861778, -19.620937439115306 ], [ 53.660673210775244, -19.534747890225891 ], [ 53.751651067936294, -19.434193416521573 ], [ 53.809110767195904, -19.348003867632158 ], [ 53.756439376207929, -19.257026010471112 ], [ 53.789957534109369, -19.166048153310062 ], [ 53.884356240837676, -19.121614010198495 ], [ 53.94023618626742, -19.037794092053883 ], [ 53.928818473986759, -18.925435662660444 ], [ 53.976701556703098, -18.796151339326322 ], [ 54.082044338679047, -18.848822730314296 ], [ 54.110774188308852, -18.75784487315325 ], [ 54.072467722135784, -18.64292547463403 ], [ 54.019796331147809, -18.580677467102785 ], [ 53.971913248431463, -18.508852843028272 ], [ 54.125139113123758, -18.465758068583565 ], [ 54.230481895099707, -18.480122993398467 ], [ 54.345401293618927, -18.465758068583565 ], [ 54.412437609421808, -18.37956851969415 ], [ 54.455532383866512, -18.341262053521078 ], [ 54.546510241027562, -18.384356827965785 ], [ 54.673660470032772, -18.339294774182118 ], [ 54.738042571892933, -18.29816727907637 ], [ 54.805078887695807, -18.202401113643688 ], [ 54.872115203498687, -18.226342655001858 ], [ 54.876225272215578, -18.311354801467257 ] ] ] ] } },
{ "type": "Feature", "properties": { "id": 77, "name": null, "continent": "Essos" }, "geometry": { "type": "MultiPolygon", "coordinates": [ [ [ [ 56.047644884184855, -16.595325149976418 ], [ 56.13383443307427, -16.681514698865833 ], [ 56.057221500728119, -16.820375638743222 ], [ 56.085951350357924, -16.89698857108937 ], [ 56.1098928917161, -16.983178119978785 ], [ 56.050680492788892, -17.037380218014601 ], [ 56.02972551325275, -17.100245156623057 ], [ 56.008770533716593, -17.198035061125108 ], [ 55.90399563603583, -17.260899999733564 ], [ 55.848115690606086, -17.21899004066125 ], [ 55.938920601929418, -17.163110095231513 ], [ 55.889630711220924, -17.069367668868196 ], [ 55.947090410480534, -16.935295037262442 ], [ 55.875265786406025, -16.935295037262442 ], [ 55.827382703689686, -16.887411954546099 ], [ 55.889630711220924, -16.829952255286489 ], [ 55.90399563603583, -16.729397781582172 ], [ 55.975820260110339, -16.662361465779295 ], [ 56.047644884184855, -16.595325149976418 ] ] ] ] } },
{ "type": "Feature", "properties": { "id": 78, "name": "Isle of Cedars", "continent": "Essos" }, "geometry": { "type": "MultiPolygon", "coordinates": [ [ [ [ 57.047632715775464, -12.097530803172582 ], [ 57.13263032323102, -12.074349637502882 ], [ 57.227286749715624, -12.055031999444802 ], [ 57.31228435717118, -12.058895527056418 ], [ 57.389554909403508, -12.031850833775103 ], [ 57.4590984064126, -12.049236708027378 ], [ 57.511256029169424, -12.122643732648086 ], [ 57.594321872819172, -12.153551953541017 ], [ 57.644547731770182, -12.232754269579152 ], [ 57.744999449672207, -12.340933042704409 ], [ 57.826133529516149, -12.385363610237997 ], [ 57.951698176893686, -12.460702398664516 ], [ 58.071467532853788, -12.524450604256185 ], [ 58.096580462329293, -12.590613514605112 ], [ 58.100443989940914, -12.743222855263957 ], [ 58.113966336581569, -12.816629879884667 ], [ 58.13521573844546, -12.905491014951842 ], [ 58.183509833590662, -12.976966275766744 ], [ 58.322596827608848, -13.090940340309425 ], [ 58.504182625354815, -13.139717376406082 ], [ 58.52929555483032, -13.20539734580356 ], [ 58.579521413781336, -13.248862031434241 ], [ 58.63747432795558, -13.305849063705583 ], [ 58.749516628692454, -13.341586694113031 ], [ 58.726335463022757, -13.542490129917081 ], [ 58.811333070478312, -13.681577123935268 ], [ 58.806503660963791, -13.739530038109512 ], [ 58.734062518245992, -13.74339356572113 ], [ 58.675143722168841, -13.832254700788305 ], [ 58.672246076460127, -13.928842891078713 ], [ 58.659689611722371, -14.037021664203969 ], [ 58.610429634674269, -14.098838105989831 ], [ 58.471342640656076, -14.199289823891856 ], [ 58.335153292346604, -14.311332124628729 ], [ 58.33225564663789, -14.477463811928232 ], [ 58.271405086754932, -14.560529655577982 ], [ 58.157431022212251, -14.572120238412831 ], [ 58.092716934717679, -14.562461419383791 ], [ 58.066638123339267, -14.523826143267627 ], [ 58.062774595727653, -14.433033244394643 ], [ 58.072433414756695, -14.282355667541607 ], [ 58.10334163564962, -14.19349453247443 ], [ 58.113000454678662, -14.08676458220353 ], [ 58.122659273707704, -13.984381100495698 ], [ 58.167089841241292, -13.972790517660849 ], [ 58.201861589745839, -13.943814060573727 ], [ 58.192202770716797, -13.85495292550655 ], [ 58.221179227803923, -13.811971180827323 ], [ 58.22241550713386, -13.707209767829616 ], [ 58.203793353551646, -13.630385383081355 ], [ 58.153567494600637, -13.589818343159385 ], [ 58.089819289008965, -13.568568941295494 ], [ 58.120727509901897, -13.531865428985139 ], [ 58.124591037513511, -13.481156629082674 ], [ 58.089819289008965, -13.415476659685197 ], [ 58.060842831921846, -13.342069635064487 ], [ 58.020275791999872, -13.289912012307665 ], [ 57.962322877825628, -13.28604848469605 ], [ 57.914028782680425, -13.255140263803119 ], [ 57.869598215146837, -13.218436751492764 ], [ 57.827099411419056, -13.164347364930135 ], [ 57.808747655263879, -13.111706801221866 ], [ 57.741135922060593, -13.102047982192826 ], [ 57.689944181206677, -13.115570328833481 ], [ 57.654206550799223, -13.080798580328935 ], [ 57.677387716468921, -13.030572721377924 ], [ 57.706364173556047, -12.984210390038527 ], [ 57.667728897439886, -12.903076310194585 ], [ 57.625230093712105, -12.83353281318549 ], [ 57.602048928042407, -12.709899929613767 ], [ 57.461051250653654, -12.589610859234815 ], [ 57.337397286646684, -12.563085880372348 ], [ 57.223423222104003, -12.514791785227144 ], [ 57.144220906065868, -12.462634162470323 ], [ 57.051496243387078, -12.44524828821805 ], [ 56.95683981690248, -12.447180052023858 ], [ 56.887296319893387, -12.400817720684463 ], [ 56.947180997873438, -12.352523625539257 ], [ 56.976157454960564, -12.317751877034711 ], [ 56.976157454960564, -12.255935435248849 ], [ 56.929795123621162, -12.196050757268797 ], [ 56.966498635931522, -12.122643732648086 ], [ 57.047632715775464, -12.097530803172582 ] ] ], [ [ [ 57.576839898964131, -13.343848917597617 ], [ 57.659035960313744, -13.388914907355336 ], [ 57.722784165905416, -13.497093680480592 ], [ 57.763351205827384, -13.52993366517933 ], [ 57.768390950517222, -13.567509904255266 ], [ 57.740170040157686, -13.607204217411658 ], [ 57.745965331575114, -13.676747714420751 ], [ 57.792327662914509, -13.70958769911949 ], [ 57.844485285671333, -13.734700628594997 ], [ 57.817285902768241, -13.798014679152947 ], [ 57.815508828584207, -13.8776511502248 ], [ 57.776873552468047, -13.962648757680359 ], [ 57.72664769351703, -13.937535828204853 ], [ 57.713125346876375, -13.856401748360911 ], [ 57.680285362177635, -13.794585306575049 ], [ 57.618468920391777, -13.746291211429845 ], [ 57.556652478605912, -13.632317146887164 ], [ 57.514153674878131, -13.489366625257359 ], [ 57.576839898964131, -13.343848917597617 ] ] ] ] } },
{ "type": "Feature", "properties": { "id": 79, "name": "Yaros", "continent": "Essos" }, "geometry": { "type": "MultiPolygon", "coordinates": [ [ [ [ 62.415521391164873, -9.551707577593234 ], [ 62.434839029222957, -9.501481718642221 ], [ 62.512109581455285, -9.509208773865454 ], [ 62.577789550852756, -9.532389939535152 ], [ 62.622220118386345, -9.553639341399043 ], [ 62.674377741143168, -9.549775813787425 ], [ 62.747784765763882, -9.518867592894495 ], [ 62.834714137025244, -9.476368789166715 ], [ 62.927438799704042, -9.445460568273784 ], [ 62.948688201567933, -9.48699349009866 ], [ 62.904257634034344, -9.509208773865454 ], [ 62.911984689257572, -9.55557110520485 ], [ 62.86369059411237, -9.605796964155862 ], [ 62.790283569491656, -9.640568712660411 ], [ 62.734262419123219, -9.65215929549526 ], [ 62.678241268754782, -9.669545169747533 ], [ 62.674377741143168, -9.706248682057888 ], [ 62.685968323978017, -9.768065123843749 ], [ 62.707217725841907, -9.845335676076077 ], [ 62.670514213531554, -9.864653314134159 ], [ 62.628015409803773, -9.930333283531636 ], [ 62.583584842270184, -10.003740308152349 ], [ 62.568130731823722, -10.088737915607908 ], [ 62.533358983319168, -10.177599050675084 ], [ 62.475406069144924, -10.21430256298544 ], [ 62.446429612057806, -10.179530814480893 ], [ 62.458020194892654, -10.117714372695032 ], [ 62.442566084446185, -10.042375584268513 ], [ 62.388476697883554, -10.021126182404622 ], [ 62.369159059825478, -9.939992102560678 ], [ 62.413589627359066, -9.903288590250323 ], [ 62.430975501611336, -9.854994495105119 ], [ 62.483133124368159, -9.833745093241228 ], [ 62.52563192809594, -9.777723942872791 ], [ 62.550744857571445, -9.719771028698545 ], [ 62.539154274736596, -9.677272224970766 ], [ 62.485064888173966, -9.67340869735915 ], [ 62.440634320640378, -9.665681642135917 ], [ 62.40006728071841, -9.625114602213944 ], [ 62.415521391164873, -9.551707577593234 ] ] ] ] } },
{ "type": "Feature", "properties": { "id": 81, "name": null, "continent": "Essos" }, "geometry": { "type": "MultiPolygon", "coordinates": [ [ [ [ 52.086516866475513, -16.629441846411872 ], [ 52.187071340179834, -16.662960004313312 ], [ 52.187071340179834, -16.768302786289265 ], [ 52.139805188540706, -16.869536140598644 ], [ 52.07694024993225, -16.935893575796459 ], [ 51.966809159684658, -16.916740342709922 ], [ 52.014692242401004, -16.830550793820507 ], [ 52.043422092030809, -16.744361244931092 ], [ 52.086516866475513, -16.629441846411872 ] ] ] ] } },
{ "type": "Feature", "properties": { "id": 82, "name": "Isle of Faces", "continent": "Westeros" }, "geometry": { "type": "MultiPolygon", "coordinates": [ [ [ [ 16.378370722429626, 7.821642512283748 ], [ 16.494806920863589, 7.84779082113534 ], [ 16.555444719209884, 7.839966589090657 ], [ 16.636526626510573, 7.796618777532657 ], [ 16.710698497989604, 7.756113091750795 ], [ 16.556236292447643, 7.728029054379529 ], [ 16.411135432696103, 7.709306362798685 ], [ 16.322202647687096, 7.709306362798685 ], [ 16.231397022144947, 7.716291355977411 ], [ 16.217046683277328, 7.75390003659914 ], [ 16.295289003724161, 7.773460616710848 ], [ 16.378370722429626, 7.821642512283748 ] ] ] ] } },
{ "type": "Feature", "properties": { "id": 83, "name": null, "continent": "Essos" }, "geometry": { "type": "MultiPolygon", "coordinates": [ [ [ [ 30.643821691630304, 3.309358372720248 ], [ 30.578168404992375, 3.296227715392662 ], [ 30.535493768677721, 3.302793044056455 ], [ 30.486757542589132, 3.30956089296744 ], [ 30.454928130137404, 3.357305011645032 ], [ 30.397621866738064, 3.384859652353868 ], [ 30.377925880746687, 3.420968960004731 ], [ 30.437013838720823, 3.43081695300042 ], [ 30.495281130611989, 3.382397654104946 ], [ 30.550416367492588, 3.387145085818528 ], [ 30.594181809613715, 3.367251703036197 ], [ 30.63794725173484, 3.345368981975634 ], [ 30.643821691630304, 3.309358372720248 ] ] ] ] } },
{ "type": "Feature", "properties": { "id": 84, "name": null, "continent": "Essos" }, "geometry": { "type": "MultiPolygon", "coordinates": [ [ [ [ 31.127324468180163, 15.847365391530994 ], [ 31.213860683283297, 15.837418700139819 ], [ 31.259136273834478, 15.756710038722497 ], [ 31.200081155724241, 15.705528936360293 ], [ 31.150868557299045, 15.703560432423286 ], [ 31.087876431314793, 15.75474153478549 ], [ 31.127324468180163, 15.847365391530994 ] ] ] ] } },
{ "type": "Feature", "properties": { "id": 85, "name": null, "continent": "Essos" }, "geometry": { "type": "MultiPolygon", "coordinates": [ [ [ [ 54.189781274790796, -10.24363422765374 ], [ 54.347795447754727, -10.238845919382106 ], [ 54.433984996644142, -10.253210844197008 ], [ 54.390890222199431, -10.363341934444593 ], [ 54.429151299424753, -10.48195214474652 ], [ 54.381313605656167, -10.559662573581594 ], [ 54.290335748495117, -10.583604114939765 ], [ 54.156263116889356, -10.583604114939765 ], [ 54.132321575531186, -10.511779490865253 ], [ 54.189781274790796, -10.24363422765374 ] ] ] ] } },
{ "type": "Feature", "properties": { "id": 86, "name": null, "continent": "Essos" }, "geometry": { "type": "MultiPolygon", "coordinates": [ [ [ [ 62.464781368213004, -16.4215426119985 ], [ 62.503416644329164, -16.456314360503047 ], [ 62.530461337610475, -16.568356661239921 ], [ 62.607731889842803, -16.572220188851539 ], [ 62.700456552521594, -16.618582520190934 ], [ 62.708183607744829, -16.695853072423258 ], [ 62.78931768758877, -16.769260097043968 ], [ 62.824089436093317, -16.819485955994981 ], [ 62.808635325646854, -16.900620035838926 ], [ 62.874315295044333, -16.954709422401553 ], [ 62.950978324840925, -16.979833933949624 ], [ 63.00181170622767, -17.105386999254591 ], [ 62.967039957723124, -17.186521079098533 ], [ 63.005675233839284, -17.29469985222379 ], [ 62.905223515937259, -17.279245741777324 ], [ 62.858861184597863, -17.194248134321764 ], [ 62.78931768758877, -17.167203441040449 ], [ 62.731364773414526, -17.113114054477823 ], [ 62.715910662968064, -17.055161140303579 ], [ 62.704320080133215, -16.985617643294482 ], [ 62.619322472677652, -16.88516592539246 ], [ 62.515007227164013, -16.792441262713666 ], [ 62.453190785378155, -16.699716600034876 ], [ 62.364329650310978, -16.703580127646493 ], [ 62.348875539864508, -16.645627213472249 ], [ 62.375920233145827, -16.595401354521236 ], [ 62.34114848464128, -16.545175495570223 ], [ 62.225242656292785, -16.52585785751214 ], [ 62.163426214506927, -16.460177888114664 ], [ 62.256150877185718, -16.444723777668198 ], [ 62.364329650310978, -16.440860250056581 ], [ 62.464781368213004, -16.4215426119985 ] ] ] ] } },
{ "type": "Feature", "properties": { "id": 87, "name": null, "continent": "Westeros" }, "geometry": { "type": "MultiPolygon", "coordinates": [ [ [ [ 17.640719647773295, -5.90803025453197 ], [ 17.758459766825094, -5.797082834656237 ], [ 17.916956080933286, -5.760855105717222 ], [ 17.966769208224431, -5.828782097477875 ], [ 17.887521051170335, -5.898973322297216 ], [ 17.806008661057554, -5.953314915705739 ], [ 17.713175105651327, -5.966900314057869 ], [ 17.656569279184115, -5.946522216529674 ], [ 17.640719647773295, -5.90803025453197 ] ] ] ] } },
{ "type": "Feature", "properties": { "id": 88, "name": "Lonely Light", "continent": null }, "geometry": { "type": "MultiPolygon", "coordinates": [ [ [ [ -2.85465971955076, 13.058605723622698 ], [ -2.756606570607507, 13.164201422484663 ], [ -2.703808721176524, 13.15665887256595 ], [ -2.545415172883577, 13.23962692167178 ], [ -2.47753222361517, 13.141573772728528 ], [ -2.47753222361517, 13.081233373378833 ], [ -2.424734374184188, 13.035978073866563 ], [ -2.47753222361517, 12.945467474842021 ], [ -2.590670472395848, 12.915297275167173 ], [ -2.568042822639712, 12.802159026386496 ], [ -2.688723621339101, 12.802159026386496 ], [ -2.877287369306896, 12.749361176955514 ], [ -3.013053267843708, 12.756903726874226 ], [ -3.065851117274691, 12.862499425736191 ], [ -3.141276616461809, 12.907754725248461 ], [ -3.080936217112114, 13.005807874191715 ], [ -2.862202269469472, 13.058605723622698 ], [ -2.85465971955076, 13.058605723622698 ] ] ] ] } },
{ "type": "Feature", "properties": { "id": 89, "name": "Xon", "continent": null }, "geometry": { "type": "MultiPolygon", "coordinates": [ [ [ [ 31.857769991712065, -36.94661328578497 ], [ 31.836708315720973, -36.84130490582951 ], [ 31.784054125743243, -36.783385296854007 ], [ 31.789319544741016, -36.699138592889639 ], [ 31.810381220732108, -36.57803395594086 ], [ 31.836708315720973, -36.493787251976492 ], [ 31.841973734718746, -36.388478872021032 ], [ 31.93675127667866, -36.356886358034394 ], [ 31.952547533671979, -36.28317049206558 ], [ 31.963078371667525, -36.193658369103439 ], [ 31.920955019685341, -36.162065855116801 ], [ 32.03152881863857, -36.114677084136844 ], [ 32.094713846611846, -36.046226637165795 ], [ 32.147368036589576, -35.983041609192519 ], [ 32.168429712580668, -35.940918257210335 ], [ 32.18949138857176, -35.882998648234832 ], [ 32.257941835542809, -35.867202391241513 ], [ 32.300065187524993, -35.86193697224374 ], [ 32.357984796500496, -35.793486525272691 ], [ 32.436966081467091, -35.793486525272691 ], [ 32.45276233846041, -35.846140715250421 ], [ 32.458027757458183, -35.91459116222147 ], [ 32.479089433449275, -35.940918257210335 ], [ 32.40010814848268, -36.051492056163568 ], [ 32.410638986478226, -36.114677084136844 ], [ 32.421169824473772, -36.188392950105666 ], [ 32.363250215498269, -36.235781721085623 ], [ 32.279003511533901, -36.267374235072261 ], [ 32.247410997547263, -36.330559263045529 ], [ 32.194756807569533, -36.393744291018805 ], [ 32.110510103605165, -36.42007138600767 ], [ 32.105244684607392, -36.488521832978719 ], [ 32.105244684607392, -36.541176022956449 ], [ 32.068386751622981, -36.609626469927498 ], [ 32.005201723649705, -36.609626469927498 ], [ 31.968343790665298, -36.662280659905228 ], [ 31.926220438683114, -36.720200268880731 ], [ 31.926220438683114, -36.793916134849553 ], [ 31.920955019685341, -36.867632000818375 ], [ 31.910424181689795, -36.94661328578497 ], [ 31.905158762692022, -36.9992674757627 ], [ 31.857769991712065, -36.94661328578497 ] ] ], [ [ [ 31.88409708670093, -37.072983341731522 ], [ 31.920955019685341, -37.130902950707025 ], [ 31.894627924696476, -37.15723004569589 ], [ 31.868300829707611, -37.120372112711479 ], [ 31.88409708670093, -37.072983341731522 ] ] ] ] } },
{ "type": "Feature", "properties": { "id": 90, "name": "Jhala", "continent": null }, "geometry": { "type": "MultiPolygon", "coordinates": [ [ [ [ 30.754380999714893, -32.292299807833935 ], [ 30.69041692488797, -32.441549315763417 ], [ 30.562488775234126, -32.558816786279444 ], [ 30.370596550753355, -32.622780861106364 ], [ 30.189365005410409, -32.718726973346755 ], [ 30.146722288859124, -32.835994443862774 ], [ 29.976151422653999, -32.878637160414058 ], [ 29.848223273000151, -32.835994443862774 ], [ 29.688313085932844, -32.878637160414058 ], [ 29.645670369381563, -32.9532619143788 ], [ 29.475099503176434, -32.963922593516621 ], [ 29.453778144900792, -33.081190064032647 ], [ 29.325849995246948, -33.198457534548673 ], [ 29.1979218455931, -33.291738477004607 ], [ 29.043341998094704, -33.339711533124799 ], [ 29.064663356370342, -33.467639682778639 ], [ 29.075324035508164, -33.547594776312295 ], [ 28.968717244129959, -33.584907153294665 ], [ 28.830128415338294, -33.611558851139222 ], [ 28.819467736200473, -33.696844284241784 ], [ 28.707530605253357, -33.77679937777544 ], [ 28.627575511719705, -33.808781415188896 ], [ 28.627575511719705, -33.899397187860373 ], [ 28.686209246977715, -33.947370243980565 ], [ 28.712860944822268, -33.995343300100757 ], [ 28.723521623960089, -34.059307374927677 ], [ 28.627575511719705, -34.107280431047869 ], [ 28.526299059910407, -34.155253487168068 ], [ 28.430352947670023, -34.192565864150438 ], [ 28.361058533274189, -34.256529938977359 ], [ 28.33440683542964, -34.347145711648835 ], [ 28.291764118878358, -34.427100805182491 ], [ 28.313085477153997, -34.507055898716139 ], [ 28.393040570687653, -34.523046917422874 ], [ 28.393040570687653, -34.597671671387616 ], [ 28.430352947670023, -34.634984048369986 ], [ 28.472995664221305, -34.677626764921271 ], [ 28.499647362065858, -34.762912198023834 ], [ 28.515638380772589, -34.826876272850754 ], [ 28.542290078617139, -34.869518989402039 ], [ 28.622245172150794, -34.842867291557489 ], [ 28.654227209564255, -34.789563895868383 ], [ 28.691539586546625, -34.800224575006204 ], [ 28.664887888702076, -34.896170687246588 ], [ 28.696869926115536, -34.960134762073515 ], [ 28.696869926115536, -35.045420195176078 ], [ 28.686209246977715, -35.09339325129627 ], [ 28.648896869995344, -35.152026986554283 ], [ 28.611584493012973, -35.226651740519024 ], [ 28.643566530426433, -35.295946154914859 ], [ 28.643566530426433, -35.349249550603957 ], [ 28.622245172150794, -35.402552946293063 ], [ 28.558281097323871, -35.397222606724156 ], [ 28.520968720341497, -35.349249550603957 ], [ 28.478326003790215, -35.34391921103505 ], [ 28.520968720341497, -35.461186681551077 ], [ 28.526299059910407, -35.541141775084732 ], [ 28.526299059910407, -35.626427208187295 ], [ 28.542290078617139, -35.70638230172095 ], [ 28.600923813875152, -35.7330339995655 ], [ 28.680878907408808, -35.7330339995655 ], [ 28.728851963528999, -35.826314942021426 ], [ 28.718191284391178, -35.890279016848353 ], [ 28.776825019649191, -35.948912752106366 ], [ 28.776825019649191, -36.012876826933287 ], [ 28.76616434051137, -36.092831920466942 ], [ 28.73418230309791, -36.178117353569505 ], [ 28.696869926115536, -36.220760070120789 ], [ 28.664887888702076, -36.231420749258611 ], [ 28.675548567839897, -36.332697201067901 ], [ 28.718191284391178, -36.407321955032643 ], [ 28.76616434051137, -36.433973652877199 ], [ 28.808807057062651, -36.492607388135212 ], [ 28.824798075769383, -36.572562481668861 ], [ 28.830128415338294, -36.647187235633609 ], [ 28.846119434045022, -36.743133347873993 ], [ 28.883431811027396, -36.812427762269827 ], [ 28.883431811027396, -36.892382855803476 ], [ 28.883431811027396, -36.940355911923675 ], [ 28.878101471458486, -37.025641345026237 ], [ 28.862110452751754, -37.078944740715336 ], [ 28.878101471458486, -37.153569494680085 ], [ 28.952726225423227, -37.185551532093541 ], [ 29.006029621112333, -37.249515606920468 ], [ 29.043341998094704, -37.313479681747388 ], [ 29.096645393783806, -37.329470700454117 ], [ 29.176600487317458, -37.29748866304066 ], [ 29.251225241282203, -37.292158323471746 ], [ 29.267216259988935, -37.350792058729759 ], [ 29.288537618264574, -37.404095454418865 ], [ 29.325849995246948, -37.430747152263415 ], [ 29.341841013953676, -37.484050547952521 ], [ 29.341841013953676, -37.553344962348348 ], [ 29.325849995246948, -37.595987678899633 ], [ 29.4058050887806, -37.638630395450917 ], [ 29.453778144900792, -37.675942772433288 ], [ 29.544393917572268, -37.713255149415659 ], [ 29.613688331968099, -37.734576507691301 ], [ 29.672322067226112, -37.761228205535851 ], [ 29.704304104639576, -37.857174317776234 ], [ 29.746946821190857, -37.921138392603154 ], [ 29.789589537742138, -38.002426071029042 ], [ 29.869544631275794, -37.901149619219744 ], [ 29.949499724809446, -37.853176563099552 ], [ 29.986812101791816, -37.794542827841539 ], [ 29.944169385240535, -37.693266376032241 ], [ 30.024124478774191, -37.607980942929679 ], [ 30.093418893170021, -37.607980942929679 ], [ 30.152052628428034, -37.549347207671666 ], [ 30.189365005410409, -37.496043811982567 ], [ 30.269320098944061, -37.442740416293461 ], [ 30.322623494633163, -37.40542803931109 ], [ 30.391917909028997, -37.40542803931109 ], [ 30.434560625580279, -37.480052793275831 ], [ 30.498524700407202, -37.496043811982567 ], [ 30.557158435665215, -37.448070755862375 ], [ 30.589140473078675, -37.389437020604362 ], [ 30.615792170923228, -37.293490908363978 ], [ 30.669095566612331, -37.213535814830323 ], [ 30.733059641439255, -37.133580721296667 ], [ 30.765041678852715, -36.989661552936091 ], [ 30.786363037128357, -36.888385101126794 ], [ 30.754380999714893, -36.856403063713337 ], [ 30.701077604025791, -36.819090686730966 ], [ 30.69041692488797, -36.755126611904039 ], [ 30.65843488747451, -36.712483895352761 ], [ 30.727729301870344, -36.680501857939298 ], [ 30.770372018421625, -36.611207443543464 ], [ 30.781032697559446, -36.531252350009808 ], [ 30.834336093248549, -36.477948954320709 ], [ 30.898300168075469, -36.483279293889616 ], [ 30.935612545057843, -36.435306237769424 ], [ 30.946273224195664, -36.360681483804683 ], [ 30.919621526351111, -36.318038767253398 ], [ 30.962264242902393, -36.232753334150836 ], [ 31.010237299022585, -36.163458919755001 ], [ 31.052880015573869, -36.083503826221346 ], [ 31.106183411262972, -36.019539751394426 ], [ 31.1221744299697, -35.950245336998591 ], [ 31.180808165227713, -35.891611601740578 ], [ 31.27142393789919, -35.891611601740578 ], [ 31.30340597531265, -35.848968885189301 ], [ 31.324727333588292, -35.779674470793466 ], [ 31.30340597531265, -35.705049716828718 ], [ 31.244772240054637, -35.66240700027744 ], [ 31.212790202641177, -35.598442925450513 ], [ 31.239441900485726, -35.529148511054679 ], [ 31.223450881778994, -35.427872059245388 ], [ 31.191468844365534, -35.369238323987375 ], [ 31.250102579623547, -35.305274249160455 ], [ 31.340718352295021, -35.283952890884812 ], [ 31.394021747984123, -35.219988816057885 ], [ 31.426003785397587, -35.117379779356362 ], [ 31.468646501948868, -35.048085364960535 ], [ 31.52194989763797, -35.000112308840336 ], [ 31.596574651602715, -34.957469592289058 ], [ 31.655208386860725, -34.978790950564701 ], [ 31.676529745136367, -35.048085364960535 ], [ 31.756484838670023, -35.053415704529442 ], [ 31.841770271772585, -35.0320943462538 ], [ 31.857761290479317, -34.96813027142688 ], [ 31.905734346599509, -34.904166196599952 ], [ 31.98035910056425, -34.866853819617582 ], [ 32.001680458839893, -34.813550423928483 ], [ 32.044323175391177, -34.760247028239377 ], [ 32.124278268924826, -34.744256009532648 ], [ 32.19357268332066, -34.744256009532648 ], [ 32.246876079009766, -34.706943632550278 ], [ 32.289518795561044, -34.674961595136814 ], [ 32.300179474698865, -34.610997520309894 ], [ 32.430772794137162, -34.528377256991782 ], [ 32.526718906377553, -34.437761484320305 ], [ 32.606673999911202, -34.363136730355563 ], [ 32.7079504517205, -34.341815372079921 ], [ 32.814557243098704, -34.320494013804286 ], [ 32.89451233663236, -34.373797409493385 ], [ 33.027770825855114, -34.384458088631206 ], [ 33.17168999421569, -34.379127749062292 ], [ 33.272966446024988, -34.368467069924478 ], [ 33.315609162576266, -34.320494013804286 ], [ 33.427546293523385, -34.30450299509755 ], [ 33.491510368350305, -34.30450299509755 ], [ 33.566135122315046, -34.363136730355563 ], [ 33.699393611537808, -34.384458088631206 ], [ 33.78467904464037, -34.347145711648835 ], [ 33.806000402916013, -34.251199599408451 ], [ 33.843312779898383, -34.181905185012617 ], [ 33.93392855256986, -34.171244505874796 ], [ 33.99789262739678, -34.128601789323511 ], [ 33.99789262739678, -34.016664658376399 ], [ 33.939258892138767, -33.99001296053185 ], [ 33.960580250414409, -33.947370243980565 ], [ 34.040535343948065, -33.947370243980565 ], [ 34.083178060499343, -34.021994997945306 ], [ 34.187119682093098, -34.059307374927677 ], [ 34.256414096488932, -34.059307374927677 ], [ 34.261744436057839, -34.139262468461332 ], [ 34.29905681304021, -34.229878241132809 ], [ 34.410993943987329, -34.229878241132809 ], [ 34.48561869795207, -34.235208580701716 ], [ 34.560243451916811, -34.192565864150438 ], [ 34.608216508037003, -34.197896203719345 ], [ 34.624207526743739, -34.261860278546273 ], [ 34.576234470623547, -34.320494013804286 ], [ 34.565573791485726, -34.384458088631206 ], [ 34.538922093641169, -34.469743521733768 ], [ 34.581564810192454, -34.539037936129603 ], [ 34.624207526743739, -34.603002010956523 ], [ 34.714823299415208, -34.629653708801079 ], [ 34.800108732517771, -34.650975067076715 ], [ 34.880063826051426, -34.661635746214536 ], [ 34.890724505189247, -34.746921179317106 ], [ 34.917376203033797, -34.805554914575119 ], [ 34.965349259153989, -34.837536951988575 ], [ 35.045304352687644, -34.864188649833125 ], [ 35.135920125359121, -34.864188649833125 ], [ 35.215875218892776, -34.864188649833125 ], [ 35.269178614581875, -34.906831366384409 ], [ 35.327812349839888, -34.949474082935694 ], [ 35.349133708115637, -35.014770742654839 ], [ 35.423758462080386, -35.057413459206124 ], [ 35.477061857769485, -34.982788705241383 ], [ 35.535695593027498, -34.982788705241383 ], [ 35.610320346992239, -35.036092100930482 ], [ 35.636972044836796, -35.11071685489523 ], [ 35.668954082250252, -35.158689911015422 ], [ 35.599659667854418, -35.206662967135614 ], [ 35.573007970009868, -35.254636023255806 ], [ 35.599659667854418, -35.32393043765164 ], [ 35.599659667854418, -35.371903493771832 ], [ 35.652963063543524, -35.398555191616381 ], [ 35.748909175783908, -35.398555191616381 ], [ 35.807542911041921, -35.446528247736573 ], [ 35.892828344144483, -35.446528247736573 ], [ 35.967453098109232, -35.467849606012216 ], [ 36.04740819164288, -35.467849606012216 ], [ 36.138023964314357, -35.457188926874394 ], [ 36.207318378710191, -35.45185858730548 ], [ 36.265952113968204, -35.45185858730548 ], [ 36.329916188795124, -35.494501303856765 ], [ 36.38321958448423, -35.53714402040805 ], [ 36.484496036293521, -35.585117076528242 ], [ 36.59643316724064, -35.590447416097149 ], [ 36.713700637756666, -35.579786736959328 ], [ 36.80964674999705, -35.590447416097149 ], [ 36.921583880944162, -35.606438434803877 ], [ 37.006869314046725, -35.611768774372791 ], [ 37.054842370166917, -35.659741830492983 ], [ 37.11347610542493, -35.697054207475354 ], [ 37.193431198958585, -35.697054207475354 ], [ 37.294707650767883, -35.670402509630804 ], [ 37.326689688181339, -35.617099113941698 ], [ 37.353341386025896, -35.574456397390421 ], [ 37.411975121283909, -35.515822662132408 ], [ 37.459948177404101, -35.510492322563493 ], [ 37.566554968782306, -35.547804699545871 ], [ 37.641179722747047, -35.542474359976957 ], [ 37.683822439298332, -35.446528247736573 ], [ 37.737125834987431, -35.425206889460931 ], [ 37.838402286796729, -35.446528247736573 ], [ 37.929018059468198, -35.478510285150037 ], [ 38.024964171708582, -35.45185858730548 ], [ 38.110249604811152, -35.419876549892024 ], [ 38.200865377482621, -35.398555191616381 ], [ 38.243508094033906, -35.371903493771832 ], [ 38.270159791878456, -35.318600098082726 ], [ 38.33945420627429, -35.259966362824713 ], [ 38.371436243687754, -35.206662967135614 ], [ 38.424739639376853, -35.142698892308687 ], [ 38.462052016359223, -35.094725836188495 ], [ 38.563328468168521, -35.100056175757409 ], [ 38.616631863857627, -35.078734817481767 ], [ 38.664604919977819, -35.030761761361575 ], [ 38.707247636529097, -34.918824630414456 ], [ 38.70191729696019, -34.870851574294264 ], [ 38.717908315666918, -34.822878518174072 ], [ 38.749890353080382, -34.780235801622794 ], [ 38.744560013511467, -34.732262745502602 ], [ 38.675265599115633, -34.705611047658046 ], [ 38.643283561702177, -34.68428968938241 ], [ 38.643283561702177, -34.630986293693304 ], [ 38.680595938684547, -34.567022218866384 ], [ 38.744560013511467, -34.519049162746192 ], [ 38.73922967394256, -34.460415427488179 ], [ 38.707247636529097, -34.412442371367987 ], [ 38.70191729696019, -34.34847829654106 ], [ 38.723238655235832, -34.268523203007405 ], [ 38.70191729696019, -34.199228788611578 ], [ 38.669935259546726, -34.177907430335935 ], [ 38.643283561702177, -34.215219807318306 ], [ 38.5526677890307, -34.225880486456127 ], [ 38.520685751617236, -34.279183882145226 ], [ 38.520685751617236, -34.359138975678881 ], [ 38.462052016359223, -34.396451352661252 ], [ 38.435400318514674, -34.471076106626001 ], [ 38.371436243687754, -34.524379502315099 ], [ 38.360775564549932, -34.56169187929747 ], [ 38.360775564549932, -34.614995274986576 ], [ 38.296811489723005, -34.673629010244589 ], [ 38.1902046983448, -34.678959349813496 ], [ 38.12624062351788, -34.700280708089139 ], [ 38.030294511277496, -34.668298670675675 ], [ 37.950339417743841, -34.625655954124397 ], [ 37.918357380330377, -34.689620028951317 ], [ 37.843732626365636, -34.737593085071509 ], [ 37.737125834987431, -34.748253764209331 ], [ 37.69981345800506, -34.700280708089139 ], [ 37.63584938317814, -34.673629010244589 ], [ 37.539903270937749, -34.668298670675675 ], [ 37.529242591799935, -34.742923424640416 ], [ 37.454617837835187, -34.77490546205388 ], [ 37.369332404732624, -34.77490546205388 ], [ 37.358671725594803, -34.796226820329522 ], [ 37.294707650767883, -34.806887499467344 ], [ 37.214752557234227, -34.806887499467344 ], [ 37.118806444993844, -34.806887499467344 ], [ 37.028190672322367, -34.812217839036251 ], [ 36.958896257926533, -34.817548178605165 ], [ 36.958896257926533, -34.780235801622794 ], [ 36.969556937064354, -34.716271726795867 ], [ 36.894932183099613, -34.641646972831126 ], [ 36.894932183099613, -34.577682898004205 ], [ 36.932244560081983, -34.508388483608371 ], [ 36.894932183099613, -34.444424408781444 ], [ 36.798986070859229, -34.433763729643623 ], [ 36.745682675170123, -34.353808636109974 ], [ 36.681718600343203, -34.337817617403239 ], [ 36.612424185947368, -34.257862523869584 ], [ 36.564451129827177, -34.273853542576319 ], [ 36.4738353571557, -34.353808636109974 ], [ 36.399210603190959, -34.28451422171414 ], [ 36.393880263622052, -34.231210826025034 ], [ 36.329916188795124, -34.167246751198114 ], [ 36.324585849226217, -34.081961318095551 ], [ 36.265952113968204, -34.055309620250995 ], [ 36.265952113968204, -33.975354526717346 ], [ 36.297934151381661, -33.906060112321512 ], [ 36.271282453537111, -33.847426377063499 ], [ 36.223309397416919, -33.762140943960937 ], [ 36.17000600172782, -33.714167887840745 ], [ 36.122032945607629, -33.666194831720546 ], [ 36.074059889487437, -33.639543133875996 ], [ 36.04740819164288, -33.591570077755804 ], [ 35.956792418971411, -33.580909398617983 ], [ 35.924810381557947, -33.602230756893626 ], [ 35.823533929748649, -33.548927361204527 ], [ 35.727587817508265, -33.500954305084328 ], [ 35.628976535483439, -33.428328428457931 ], [ 35.636972044836803, -33.383020542122189 ], [ 35.636972044836803, -33.340377825570911 ], [ 35.644967554190167, -33.300400278804084 ], [ 35.64230238440571, -33.244431713330528 ], [ 35.652963063543531, -33.17780246871915 ], [ 35.64230238440571, -33.135159752167866 ], [ 35.612985516776703, -33.100512544969945 ], [ 35.541025932596419, -33.073860847125395 ], [ 35.466401178631671, -33.057869828418667 ], [ 35.386446085098022, -33.057869828418667 ], [ 35.354464047684559, -33.023222621220746 ], [ 35.30382582177991, -33.009896772298475 ], [ 35.27717412393536, -33.025887791005204 ], [ 35.197219030401705, -33.039213639927482 ], [ 35.165236992988241, -33.009896772298475 ], [ 35.159906653419334, -32.956593376609369 ], [ 35.202549369970619, -32.937937188118184 ], [ 35.237196577168532, -32.900624811135813 ], [ 35.282504463504267, -32.857982094584528 ], [ 35.359794387253466, -32.863312434153443 ], [ 35.410432613158115, -32.836660736308893 ], [ 35.407767443373658, -32.78069217083533 ], [ 35.423758462080393, -32.748710133421874 ], [ 35.439749480787121, -32.727388775146231 ], [ 35.431753971433757, -32.679415719026039 ], [ 35.389111254882472, -32.663424700319311 ], [ 35.319816840486638, -32.607456134845748 ], [ 35.301160651995453, -32.572808927647834 ], [ 35.237196577168532, -32.543492060018828 ], [ 35.207879709539526, -32.508844852820907 ], [ 35.146580804497056, -32.473531353176881 ], [ 35.146580804497056, -32.441549315763417 ], [ 35.109268427514685, -32.409567278349954 ], [ 35.061295371394493, -32.390911089858768 ], [ 35.02931333398103, -32.340272863954127 ], [ 35.021317824627666, -32.294964977618385 ], [ 35.02664816419658, -32.268313279773835 ], [ 35.018652654843208, -32.220340223653643 ], [ 35.02664816419658, -32.193688525809094 ], [ 35.06396054117895, -32.18835818624018 ], [ 35.111933597299142, -32.196353695593544 ], [ 35.111933597299142, -32.156376148826723 ], [ 35.101272918161321, -32.129724450982167 ], [ 35.117263936868049, -32.087081734430889 ], [ 35.111933597299142, -32.047104187664061 ], [ 35.0906122390235, -32.031113168957326 ], [ 35.093277408807957, -31.993800791974959 ], [ 35.055965031825586, -31.969814263914863 ], [ 34.981340277860838, -31.967149094130406 ], [ 34.929369467063964, -31.928504132255807 ], [ 34.868070562021494, -31.893856925057889 ], [ 34.865405392237037, -31.843218699153244 ], [ 34.825427845470209, -31.81123666173978 ], [ 34.798776147625659, -31.765928775404046 ], [ 34.796110977841202, -31.731281568206128 ], [ 34.766794110212196, -31.691304021439301 ], [ 34.766794110212196, -31.632670286181288 ], [ 34.742807582152103, -31.608683758121192 ], [ 34.766794110212196, -31.568706211354364 ], [ 34.74813792172101, -31.523398325018629 ], [ 34.697499695816362, -31.478090438682891 ], [ 34.64952663969617, -31.464764589760616 ], [ 34.604218753360435, -31.427452212778242 ], [ 34.588227734653707, -31.376813986873596 ], [ 34.633535620989441, -31.344831949460133 ], [ 34.68417384689409, -31.310184742262216 ], [ 34.697499695816362, -31.25954651635757 ], [ 34.68417384689409, -31.219568969590743 ], [ 34.660187318833991, -31.195582441530647 ], [ 34.64952663969617, -31.155604894763819 ], [ 34.676178337540726, -31.131618366703723 ], [ 34.708160374954183, -31.126288027134812 ], [ 34.692169356247454, -31.088975650152442 ], [ 34.665517658402905, -31.059658782523435 ], [ 34.630870451204984, -31.04633293360116 ], [ 34.601553583575978, -31.003690217049879 ], [ 34.612214262713799, -30.963712670283051 ], [ 34.617544602282713, -30.934395802654045 ], [ 34.606883923144892, -30.918404783947313 ], [ 34.49761196198223, -30.925734000854565 ], [ 34.43364788715531, -30.963046377836939 ], [ 34.383009661250661, -30.949720528914661 ], [ 34.295059058363641, -30.947055359130207 ], [ 34.231094983536721, -30.957716038268028 ], [ 34.212438795045529, -30.981702566328124 ], [ 34.156470229571973, -30.971041887190303 ], [ 34.153805059787523, -31.035005962017227 ], [ 34.156470229571973, -31.088309357706329 ], [ 34.169796078494251, -31.136282413826521 ], [ 34.153805059787523, -31.173594790808892 ], [ 34.09783649431396, -31.21890267714463 ], [ 34.063189287116046, -31.258880223911458 ], [ 34.017881400780311, -31.256215054127001 ], [ 33.980569023797933, -31.256215054127001 ], [ 33.959247665522298, -31.314848789385014 ], [ 33.977903854013483, -31.360156675720752 ], [ 33.977903854013483, -31.408129731840944 ], [ 33.972573514444569, -31.461433127530047 ], [ 33.94592181660002, -31.512071353434692 ], [ 33.94592181660002, -31.55204890020152 ], [ 33.924600458324377, -31.600021956321712 ], [ 33.8819577417731, -31.637334333304086 ], [ 33.809998157592808, -31.655990521795271 ], [ 33.762025101472616, -31.642664672872993 ], [ 33.740703743196974, -31.621343314597354 ], [ 33.724712724490246, -31.597356786537258 ], [ 33.703391366214603, -31.573370258477162 ], [ 33.674074498585597, -31.560044409554884 ], [ 33.618105933112041, -31.600021956321712 ], [ 33.559472197854014, -31.642664672872993 ], [ 33.479517104320358, -31.669316370717546 ], [ 33.415553029493438, -31.661320861364182 ], [ 33.367579973373246, -31.693302898777642 ], [ 33.303615898546319, -31.698633238346552 ], [ 33.268968691348405, -31.693302898777642 ], [ 33.282294540270684, -31.759932143389019 ], [ 33.260973181995041, -31.791914180802483 ], [ 33.244982163288313, -31.834556897353764 ], [ 33.205004616521485, -31.866538934767224 ], [ 33.146370881263472, -31.86387376498277 ], [ 33.085071976221002, -31.847882746276039 ], [ 33.050424769023088, -31.8265613880004 ], [ 32.991791033765075, -31.837222067138217 ], [ 32.935822468291512, -31.810570369293668 ], [ 32.869193223680135, -31.813235539078121 ], [ 32.810559488422122, -31.839887236922674 ], [ 32.773247111439751, -31.869204104551681 ], [ 32.685296508552732, -31.85854342541386 ], [ 32.602676245234626, -31.893190632611777 ], [ 32.514725642347607, -31.885195123258409 ], [ 32.466752586227415, -31.911846821102962 ], [ 32.36014579484921, -31.914511990887416 ], [ 32.280190701315554, -31.925172670025237 ], [ 32.237547984764269, -31.946494028300879 ], [ 32.176249079721806, -31.930503009594148 ], [ 32.136271532954979, -31.949159198085333 ], [ 32.066977118559144, -31.949159198085333 ], [ 32.029664741576774, -31.975810895929886 ], [ 31.99768270416331, -32.021118782265624 ], [ 32.003013043732217, -32.050435649894631 ], [ 31.967033251642071, -32.099074998460935 ], [ 31.967033251642071, -32.14171771501222 ], [ 31.977693930779893, -32.189690771132412 ], [ 31.95637257250425, -32.211012129408047 ], [ 31.900404007030694, -32.213677299192504 ], [ 31.860426460263866, -32.189690771132412 ], [ 31.828444422850406, -32.160373903503405 ], [ 31.844435441557138, -32.109735677598756 ], [ 31.871087139401688, -32.08041880996975 ], [ 31.860426460263866, -32.05643228190965 ], [ 31.807123064574764, -32.05643228190965 ], [ 31.759150008454572, -32.075088470400836 ], [ 31.695185933627648, -32.061762621478564 ], [ 31.655208386860824, -32.045771602771829 ], [ 31.620561179662907, -32.016454735142823 ], [ 31.612565670309539, -31.989803037298273 ], [ 31.561927444404894, -31.98713786751382 ], [ 31.527280237206977, -32.013789565358373 ], [ 31.471311671733417, -32.048436772556286 ], [ 31.436664464535504, -32.091079489107571 ], [ 31.378030729277491, -32.107070507814299 ], [ 31.275421692575961, -32.155709856380604 ], [ 31.211457617749037, -32.187691893794067 ], [ 31.1128463357242, -32.198352572931888 ], [ 31.035556411975001, -32.201017742716346 ], [ 30.950270978872435, -32.20901325206971 ], [ 30.862320375985416, -32.222339100991981 ], [ 30.803686640727406, -32.240995289483173 ], [ 30.754380999714893, -32.292299807833935 ] ] ], [ [ [ 28.227978950378009, -35.585032910998478 ], [ 28.244672017978431, -35.685191316601021 ], [ 28.21462449629767, -35.765318041083056 ], [ 28.164545293496396, -35.802042789803991 ], [ 28.16120667997631, -35.878830900765941 ], [ 28.204608655737413, -35.932248717087298 ], [ 28.281396766699366, -35.968973465808233 ], [ 28.288073993739534, -36.109195233651796 ], [ 28.331475969500637, -36.019052668609504 ], [ 28.378216558781826, -35.962296238768062 ], [ 28.378216558781826, -35.888846741326198 ], [ 28.351507650621148, -35.822074470924498 ], [ 28.338153196540809, -35.745286359962549 ], [ 28.338153196540809, -35.658482408440342 ], [ 28.304767061339959, -35.598387365078814 ], [ 28.227978950378009, -35.585032910998478 ] ] ], [ [ [ 34.564667411499002, -30.757397760955826 ], [ 34.674841657661801, -30.760736374475911 ], [ 34.761645609184008, -30.767413601516083 ], [ 34.835095106625872, -30.744043306875486 ], [ 34.835095106625872, -30.703979944634469 ], [ 34.798370357904936, -30.667255195913537 ], [ 34.778338676784429, -30.61383737959218 ], [ 34.70155056582248, -30.627191833672519 ], [ 34.671503044141716, -30.703979944634469 ], [ 34.614746614300273, -30.703979944634469 ], [ 34.564667411499002, -30.757397760955826 ] ] ], [ [ [ 38.859793705088137, -34.251256809724566 ], [ 38.889841226768901, -34.308013239566009 ], [ 38.886502613248815, -34.351415215327116 ], [ 38.933243202530001, -34.334722147726687 ], [ 38.929904589009915, -34.284642944925416 ], [ 38.899857067329151, -34.234563742124145 ], [ 38.859793705088137, -34.251256809724566 ] ] ] ] } },
{ "type": "Feature", "properties": { "id": 91, "name": "The Bones", "continent": null }, "geometry": { "type": "MultiPolygon", "coordinates": [ [ [ [ 33.952031830563442, -35.865476446685605 ], [ 33.948693217043356, -35.938925944127469 ], [ 33.915307081842514, -36.002359601009083 ], [ 33.952031830563442, -36.045761576770182 ], [ 34.028819941525398, -36.049100190290268 ], [ 34.085576371366841, -36.012375441569333 ], [ 34.115623893047598, -35.965634852288147 ], [ 34.199089231049719, -35.932248717087298 ], [ 34.169041709368962, -35.902201195406533 ], [ 34.065544690246327, -35.865476446685605 ], [ 33.952031830563442, -35.865476446685605 ] ] ], [ [ [ 34.422776336895403, -35.922232876527048 ], [ 34.456162472096253, -35.982327919888576 ], [ 34.509580288417609, -35.995682373968911 ], [ 34.526273356018038, -36.05577741733044 ], [ 34.522934742497952, -36.095840779571454 ], [ 34.579691172339395, -36.095840779571454 ], [ 34.596384239939816, -35.999020987488997 ], [ 34.599722853459902, -35.942264557647555 ], [ 34.549643650658631, -35.895523968366369 ], [ 34.449485245056081, -35.892185354846283 ], [ 34.422776336895403, -35.922232876527048 ] ] ], [ [ [ 34.295909023132182, -36.152597209412896 ], [ 34.242491206810826, -36.155935822932982 ], [ 34.212443685130062, -36.192660571653917 ], [ 34.212443685130062, -36.246078387975274 ], [ 34.155687255288619, -36.269448682615867 ], [ 34.135655574168112, -36.309512044856888 ], [ 34.182396163449297, -36.319527885417138 ], [ 34.245829820330911, -36.289480363736374 ], [ 34.302586250172354, -36.246078387975274 ], [ 34.339310998893282, -36.206015025734253 ], [ 34.295909023132182, -36.152597209412896 ] ] ] ] } },
{ "type": "Feature", "properties": { "id": 92, "name": "Lizard Head", "continent": null }, "geometry": { "type": "MultiPolygon", "coordinates": [ [ [ [ 38.662815507403131, -33.942435059116725 ], [ 38.696201642603981, -33.85229249407444 ], [ 38.702878869644152, -33.778842996632569 ], [ 38.682847188523638, -33.708732112710791 ], [ 38.669492734443303, -33.66866875046977 ], [ 38.61273630460186, -33.631944001748842 ], [ 38.565995715320675, -33.578526185427485 ], [ 38.586027396441182, -33.525108369106128 ], [ 38.652799666842874, -33.5084153015057 ], [ 38.672831347963388, -33.468351939264686 ], [ 38.696201642603981, -33.398241055342901 ], [ 38.679508575003553, -33.31477571734078 ], [ 38.746280845405252, -33.291405422700187 ], [ 38.866470932128308, -33.264696514539509 ], [ 38.926565975489837, -33.274712355099766 ], [ 38.923227361969751, -33.341484625501458 ], [ 38.869809545648394, -33.351500466061715 ], [ 38.826407569887287, -33.408256895903158 ], [ 38.819730342847116, -33.481706393345021 ], [ 38.83976202396763, -33.518431142065957 ], [ 38.853116478047966, -33.565171731347142 ], [ 38.856455091568051, -33.611912320628328 ], [ 38.809714502286866, -33.675345977509942 ], [ 38.779666980606102, -33.73544102087147 ], [ 38.793021434686437, -33.775504383112484 ], [ 38.783005594126188, -33.868985561674862 ], [ 38.742942231885166, -33.952450899676982 ], [ 38.686185802043724, -33.97248258079749 ], [ 38.662815507403131, -33.942435059116725 ] ] ], [ [ [ 39.100173878534243, -33.11112029261561 ], [ 39.183639216536363, -33.074395543894674 ], [ 39.27044316805857, -33.017639114053232 ], [ 39.310506530299591, -33.051025249254081 ], [ 39.30382930325942, -33.117797519655774 ], [ 39.22704119229747, -33.147845041336538 ], [ 39.207009511176956, -33.191247017097645 ], [ 39.160268921895771, -33.227971765818573 ], [ 39.1101897190945, -33.254680673979252 ], [ 39.070126356853478, -33.241326219898916 ], [ 39.116866946134671, -33.181231176537388 ], [ 39.100173878534243, -33.11112029261561 ] ] ], [ [ [ 39.440712457582897, -33.007623273492975 ], [ 39.454066911663233, -32.977575751812211 ], [ 39.50748472798459, -32.967559911251961 ], [ 39.520839182064933, -32.997607432932725 ], [ 39.490791660384168, -33.020977727573317 ], [ 39.440712457582897, -33.007623273492975 ] ] ] ] } },
{ "type": "Feature", "properties": { "id": 93, "name": "Omboru", "continent": null }, "geometry": { "type": "MultiPolygon", "coordinates": [ [ [ [ 27.817329487407587, -28.921160324909138 ], [ 27.944196801170811, -28.94786923306982 ], [ 27.97090570933149, -29.101445454993719 ], [ 28.057709660853696, -29.141508817234737 ], [ 28.084418569014375, -29.228312768756943 ], [ 28.204608655737427, -29.288407812118471 ], [ 28.318121515420312, -29.355180082520167 ], [ 28.444988829183536, -29.348502855479996 ], [ 28.491729418464722, -29.428629579962035 ], [ 28.5852105970271, -29.47537016924322 ], [ 28.578533369986928, -29.548819666685088 ], [ 28.665337321509135, -29.635623618207294 ], [ 28.77885018119202, -29.622269164126955 ], [ 28.832267997513377, -29.548819666685088 ], [ 28.899040267915073, -29.542142439644916 ], [ 29.079325397999654, -29.568851347805598 ], [ 29.172806576562028, -29.535465212604748 ], [ 29.252933301044063, -29.50875630444407 ], [ 29.366446160726948, -29.568851347805598 ], [ 29.506667928570511, -29.555496893725259 ], [ 29.56676297193204, -29.462015715162881 ], [ 29.586794653052547, -29.388566217721017 ], [ 29.640212469373903, -29.441984034042374 ], [ 29.720339193855938, -29.555496893725259 ], [ 29.800465918337977, -29.648978072287633 ], [ 29.900624323940519, -29.655655299327801 ], [ 30.007459956583237, -29.70239588860899 ], [ 30.060877772904593, -29.789199840131197 ], [ 30.087586681065272, -29.849294883492721 ], [ 30.187745086667817, -29.909389926854249 ], [ 30.321289627471209, -29.89603547277391 ], [ 30.434802487154094, -29.889358245733739 ], [ 30.528283665716469, -29.86264933757306 ], [ 30.628442071319014, -29.842617656452553 ], [ 30.635119298359182, -29.782522613091025 ], [ 30.628442071319014, -29.729104796769668 ], [ 30.688537114680539, -29.729104796769668 ], [ 30.768663839162578, -29.795877067171364 ], [ 30.828758882524102, -29.842617656452553 ], [ 30.989012331488176, -29.889358245733739 ], [ 31.102525191171058, -29.889358245733739 ], [ 31.175974688612925, -29.842617656452553 ], [ 31.28948754829581, -29.802554294211536 ], [ 31.416354862059034, -29.735782023809836 ], [ 31.549899402862426, -29.735782023809836 ], [ 31.683443943665818, -29.742459250850008 ], [ 31.750216214067514, -29.675686980448312 ], [ 31.810311257429042, -29.615591937086784 ], [ 31.903792435991416, -29.582205801885937 ], [ 31.943855798232434, -29.50875630444407 ], [ 31.983919160473455, -29.502079077403899 ], [ 32.09743202015634, -29.535465212604748 ], [ 32.217622106879389, -29.522110758524409 ], [ 32.29107160432126, -29.47537016924322 ], [ 32.344489420642617, -29.401920671801356 ], [ 32.344489420642617, -29.341825628439828 ], [ 32.397907236963974, -29.2817305850783 ], [ 32.498065642566516, -29.214958314676604 ], [ 32.531451777767366, -29.128154363154398 ], [ 32.57151514000838, -29.114799909074058 ], [ 32.618255729289572, -29.148186044274908 ], [ 32.738445816012621, -29.08809100091338 ], [ 32.771831951213471, -29.001287049391177 ], [ 32.811895313454492, -28.89445141674846 ], [ 32.811895313454492, -28.787615784105746 ], [ 32.778509178253643, -28.7542296489049 ], [ 32.725091361932286, -28.747552421864729 ], [ 32.738445816012621, -28.674102924422861 ], [ 32.751800270092964, -28.593976199940826 ], [ 32.738445816012621, -28.520526702498959 ], [ 32.685027999691265, -28.447077205057095 ], [ 32.60490127520923, -28.407013842816077 ], [ 32.578192367048551, -28.326887118334039 ], [ 32.578192367048551, -28.266792074972514 ], [ 32.624932956329744, -28.17331089641014 ], [ 32.618255729289572, -28.10653862600844 ], [ 32.624932956329744, -28.046443582646916 ], [ 32.691705226731436, -28.039766355606744 ], [ 32.785186405293814, -27.993025766325559 ], [ 32.851958675695506, -27.892867360723013 ], [ 32.838604221615171, -27.812740636240978 ], [ 32.831926994574999, -27.712582230638432 ], [ 32.831926994574999, -27.632455506156397 ], [ 32.785186405293814, -27.55900600871453 ], [ 32.718414134892114, -27.518942646473512 ], [ 32.718414134892114, -27.445493149031645 ], [ 32.758477497133136, -27.412107013830799 ], [ 32.871990356816021, -27.445493149031645 ], [ 33.005534897619413, -27.425461467911138 ], [ 33.038921032820262, -27.518942646473512 ], [ 33.012212124659584, -27.55900600871453 ], [ 33.085661622101448, -27.632455506156397 ], [ 33.15243389250314, -27.699227776558093 ], [ 33.205851708824504, -27.766000046959789 ], [ 33.18582002770399, -27.872835679602503 ], [ 33.159111119543311, -28.013057447446066 ], [ 33.172465573623654, -28.126570307128951 ], [ 33.212528935864668, -28.166633669369968 ], [ 33.172465573623654, -28.246760393852004 ], [ 33.125724984342462, -28.273469302012682 ], [ 33.159111119543311, -28.33356434537421 ], [ 33.252592298105689, -28.346918799454549 ], [ 33.326041795547553, -28.407013842816077 ], [ 33.326041795547553, -28.487140567298113 ], [ 33.306010114427046, -28.533881156579302 ], [ 33.359427930748403, -28.627362335141676 ], [ 33.392814065949253, -28.70081183258354 ], [ 33.486295244511624, -28.707489059623711 ], [ 33.486295244511624, -28.787615784105746 ], [ 33.432877428190267, -28.821001919306596 ], [ 33.392814065949253, -28.867742508587781 ], [ 33.399491292989424, -28.941192006029649 ], [ 33.459586336350945, -29.014641503471516 ], [ 33.53971306083298, -28.981255368270666 ], [ 33.599808104194508, -28.981255368270666 ], [ 33.613162558274851, -29.068059319792873 ], [ 33.599808104194508, -29.134831590194569 ], [ 33.653225920515865, -29.188249406515926 ], [ 33.673257601636379, -29.261698903957793 ], [ 33.646548693475701, -29.328471174359489 ], [ 33.57309919603383, -29.355180082520167 ], [ 33.533035833792816, -29.408597898841524 ], [ 33.553067514913323, -29.47537016924322 ], [ 33.506326925632138, -29.542142439644916 ], [ 33.452909109310781, -29.595560255966276 ], [ 33.439554655230438, -29.682364207488479 ], [ 33.419522974109931, -29.775845386050857 ], [ 33.472940790431288, -29.815908748291875 ], [ 33.599808104194508, -29.802554294211536 ], [ 33.686612055716715, -29.722427569729497 ], [ 33.753384326118415, -29.762490931970518 ], [ 33.699966509797058, -29.869326564613232 ], [ 33.646548693475701, -29.909389926854249 ], [ 33.633194239395358, -29.989516651336285 ], [ 33.593130877154337, -30.056288921737981 ], [ 33.559744741953494, -30.129738419179848 ], [ 33.492972471551795, -30.189833462541376 ], [ 33.439554655230438, -30.28331464110375 ], [ 33.366105157788574, -30.376795819666125 ], [ 33.285978433306539, -30.45692254414816 ], [ 33.18582002770399, -30.537049268630195 ], [ 33.058952713940769, -30.563758176790873 ], [ 32.965471535378391, -30.563758176790873 ], [ 32.885344810896356, -30.623853220152402 ], [ 32.865313129775849, -30.677271036473758 ], [ 32.79854085937415, -30.724011625754947 ], [ 32.664996318570758, -30.717334398714776 ], [ 32.564837912968216, -30.744043306875454 ], [ 32.524774550727194, -30.770752215036133 ], [ 32.411261691044309, -30.770752215036133 ], [ 32.311103285441767, -30.730688852795115 ], [ 32.210944879839225, -30.730688852795115 ], [ 32.090754793116169, -30.744043306875454 ], [ 31.930501344152095, -30.737366079835287 ], [ 31.823665711509381, -30.744043306875454 ], [ 31.803634030388874, -30.810815577277154 ], [ 31.710152851826496, -30.904296755839528 ], [ 31.603317219183783, -30.944360118080546 ], [ 31.476449905420559, -30.937682891040374 ], [ 31.342905364617167, -30.931005664000207 ], [ 31.269455867175299, -30.87758784767885 ], [ 31.269455867175299, -30.770752215036133 ], [ 31.276133094215471, -30.724011625754947 ], [ 31.216038050853943, -30.730688852795115 ], [ 31.142588553412075, -30.770752215036133 ], [ 31.122556872291568, -30.817492804317322 ], [ 31.069139055970211, -30.884265074719018 ], [ 30.975657877407837, -30.890942301759189 ], [ 30.922240061086477, -30.957714572160885 ], [ 30.955626196287326, -31.031164069602752 ], [ 30.875499471805291, -31.097936340004448 ], [ 30.761986612122406, -31.111290794084788 ], [ 30.6751826606002, -31.111290794084788 ], [ 30.588378709077997, -31.104613567044616 ], [ 30.548315346836979, -31.117968021124955 ], [ 30.494897530515619, -31.171385837446312 ], [ 30.474865849395112, -31.238158107848012 ], [ 30.401416351953245, -31.26486701600869 ], [ 30.327966854511377, -31.271544243048858 ], [ 30.334644081551549, -31.218126426727501 ], [ 30.347998535631888, -31.164708610406144 ], [ 30.294580719310531, -31.151354156325805 ], [ 30.234485675949003, -31.178063064486484 ], [ 30.134327270346461, -31.184740291526651 ], [ 30.0809094540251, -31.171385837446312 ], [ 30.007459956583237, -31.178063064486484 ], [ 29.95404214026188, -31.24483533488818 ], [ 29.893947096900352, -31.284898697129197 ], [ 29.860560961699502, -31.344993740490725 ], [ 29.780434237217467, -31.378379875691571 ], [ 29.706984739775599, -31.4384749190531 ], [ 29.660244150494414, -31.505247189454796 ], [ 29.56676297193204, -31.592051140977002 ], [ 29.479959020409833, -31.585373913936831 ], [ 29.439895658168815, -31.525278870575306 ], [ 29.446572885208983, -31.411766010892421 ], [ 29.393155068887626, -31.338316513450554 ], [ 29.299673890325252, -31.324962059370215 ], [ 29.206192711762878, -31.351670967530893 ], [ 29.246256074003895, -31.278221470089029 ], [ 29.33973725256627, -31.198094745606994 ], [ 29.333060025526102, -31.104613567044616 ], [ 29.406509522967966, -31.07122743184377 ], [ 29.493313474490172, -31.077904658883938 ], [ 29.560085744891868, -31.017809615522413 ], [ 29.56676297193204, -30.977746253281392 ], [ 29.666921377534582, -30.991100707361735 ], [ 29.74704810201662, -30.971069026241224 ], [ 29.813820372418316, -30.884265074719018 ], [ 29.847206507619163, -30.837524485437832 ], [ 29.860560961699502, -30.730688852795115 ], [ 29.74704810201662, -30.724011625754947 ], [ 29.653566923454242, -30.730688852795115 ], [ 29.600149107132886, -30.68394826351393 ], [ 29.593471880092718, -30.637207674232741 ], [ 29.493313474490172, -30.577112630871216 ], [ 29.433218431128644, -30.643884901272912 ], [ 29.346414479606441, -30.65056212831308 ], [ 29.232901619923556, -30.637207674232741 ], [ 29.199515484722706, -30.577112630871216 ], [ 29.099357079120161, -30.557080949750706 ], [ 29.025907581678297, -30.49030867934901 ], [ 28.999198673517618, -30.403504727826803 ], [ 28.925749176075751, -30.370118592625953 ], [ 28.858976905674055, -30.403504727826803 ], [ 28.77885018119202, -30.423536408947314 ], [ 28.712077910790324, -30.383473046706296 ], [ 28.672014548549303, -30.310023549264429 ], [ 28.625273959268117, -30.236574051822561 ], [ 28.55182446182625, -30.209865143661883 ], [ 28.498406645504893, -30.163124554380694 ], [ 28.571856142946761, -30.109706738059337 ], [ 28.611919505187778, -30.056288921737981 ], [ 28.598565051107439, -29.989516651336285 ], [ 28.491729418464722, -29.956130516135435 ], [ 28.39157101286218, -29.956130516135435 ], [ 28.311444288380144, -29.86264933757306 ], [ 28.237994790938277, -29.855972110532893 ], [ 28.18457697461692, -29.775845386050857 ], [ 28.117804704215224, -29.695718661568819 ], [ 28.037677979733186, -29.675686980448312 ], [ 27.977582936371661, -29.628946391167123 ], [ 27.950874028210983, -29.548819666685088 ], [ 27.95755125525115, -29.462015715162881 ], [ 28.004291844532339, -29.401920671801356 ], [ 27.997614617492168, -29.288407812118471 ], [ 27.924165120050304, -29.255021676917622 ], [ 27.844038395568266, -29.214958314676604 ], [ 27.77726612516657, -29.188249406515926 ], [ 27.770588898126402, -29.101445454993719 ], [ 27.770588898126402, -29.027995957551855 ], [ 27.817329487407587, -28.921160324909138 ] ] ], [ [ [ 33.973732818444013, -29.582205801885937 ], [ 34.033827861805541, -29.482047396283392 ], [ 34.093922905167062, -29.388566217721017 ], [ 34.087245678126898, -29.288407812118471 ], [ 34.174049629649097, -29.234989995797115 ], [ 34.340980305653339, -29.194926633556097 ], [ 34.41442980309521, -29.261698903957793 ], [ 34.401075349014867, -29.321793947319318 ], [ 34.294239716372154, -29.355180082520167 ], [ 34.200758537809776, -29.368534536600507 ], [ 34.160695175568762, -29.468692942203052 ], [ 34.113954586287576, -29.568851347805598 ], [ 34.013796180685027, -29.635623618207294 ], [ 33.973732818444013, -29.582205801885937 ] ] ], [ [ [ 33.908629854802349, -29.680277574038428 ], [ 33.941181336623181, -29.690293414598681 ], [ 33.942850643383224, -29.718671629519402 ], [ 33.918645695362606, -29.727852816699638 ], [ 33.89110213382191, -29.712829055859256 ], [ 33.908629854802349, -29.680277574038428 ] ] ] ] } },
{ "type": "Feature", "properties": { "id": 94, "name": "Doquu", "continent": null }, "geometry": { "type": "MultiPolygon", "coordinates": [ [ [ [ 32.716744828132072, -37.276875312301442 ], [ 32.696713147011565, -37.357002036783477 ], [ 32.636618103650036, -37.393726785504413 ], [ 32.559829992688087, -37.457160442386026 ], [ 32.463010200605623, -37.497223804627041 ], [ 32.51642801692698, -37.570673302068911 ], [ 32.576523060288508, -37.604059437269754 ], [ 32.58320028732868, -37.670831707671454 ], [ 32.559829992688087, -37.744281205113317 ], [ 32.51642801692698, -37.794360407914589 ], [ 32.469687427645795, -37.79102179439451 ], [ 32.459671587085538, -37.841100997195781 ], [ 32.466348814125709, -37.901196040557309 ], [ 32.446317133005202, -37.954613856878666 ], [ 32.38956070316376, -37.977984151519259 ], [ 32.306095365161639, -38.001354446159851 ], [ 32.262693389400539, -38.034740581360701 ], [ 32.199259732518925, -38.094835624722222 ], [ 32.199259732518925, -38.15493066808375 ], [ 32.149180529717654, -38.198332643844857 ], [ 32.095762713396297, -38.241734619605957 ], [ 32.015635988914262, -38.2550890736863 ], [ 31.95887955907282, -38.285136595367057 ], [ 31.928832037392056, -38.351908865768756 ], [ 31.938847877952309, -38.435374203770877 ], [ 32.008958761874091, -38.452067271371298 ], [ 32.089085486356126, -38.455405884891384 ], [ 32.175889437878332, -38.428696976730706 ], [ 32.229307254199689, -38.365263319849099 ], [ 32.309433978681724, -38.308506890007656 ], [ 32.402915157244102, -38.275120754806807 ], [ 32.51642801692698, -38.298491049447399 ], [ 32.563168606208173, -38.268443527766635 ], [ 32.596554741409015, -38.161607895123922 ], [ 32.596554741409015, -38.094835624722222 ], [ 32.629940876609865, -38.031401967840615 ], [ 32.663327011810715, -37.957952470398745 ], [ 32.730099282212414, -37.901196040557309 ], [ 32.786855712053857, -37.897857427037223 ], [ 32.803548779654278, -37.824407929595353 ], [ 32.866982436535892, -37.794360407914589 ], [ 32.917061639337163, -37.75763565919366 ], [ 32.910384412296992, -37.690863388791961 ], [ 32.887014117656399, -37.654138640071032 ], [ 32.917061639337163, -37.587366369669333 ], [ 32.957125001578177, -37.574011915588997 ], [ 32.943770547497842, -37.507239645187298 ], [ 32.913723025817077, -37.467176282946276 ], [ 32.90370718525682, -37.383710944944156 ], [ 32.917061639337163, -37.33697035566297 ], [ 32.873659663576056, -37.296906993421956 ], [ 32.830257687814957, -37.323615901582635 ], [ 32.783517098533771, -37.280213925821528 ], [ 32.746792349812836, -37.256843631180935 ], [ 32.716744828132072, -37.276875312301442 ] ] ], [ [ [ 32.8202418472547, -37.059865433495929 ], [ 32.8202418472547, -37.126637703897629 ], [ 32.860305209495721, -37.153346612058307 ], [ 32.900368571736735, -37.119960476857457 ], [ 32.890352731176485, -37.036495138855337 ], [ 32.860305209495721, -37.003109003654487 ], [ 32.8202418472547, -37.059865433495929 ] ] ] ] } },
{ "type": "Feature", "properties": { "id": 95, "name": "Moluu", "continent": null }, "geometry": { "type": "MultiPolygon", "coordinates": [ [ [ [ 26.460183091493125, -32.598643117282613 ], [ 26.373379139970918, -32.712155976965498 ], [ 26.246511826207694, -32.745542112166348 ], [ 26.119644512444474, -32.758896566246683 ], [ 26.046195015002606, -32.818991609608211 ], [ 26.012808879801756, -32.925827242250925 ], [ 25.97942274460091, -33.019308420813296 ], [ 25.919327701239382, -33.146175734576524 ], [ 25.992777198681249, -33.266365821299573 ], [ 26.046195015002606, -33.266365821299573 ], [ 26.046195015002606, -33.353169772821779 ], [ 25.97942274460091, -33.373201453942293 ], [ 25.986099971641078, -33.520100448826021 ], [ 26.006131652761589, -33.620258854428563 ], [ 25.992777198681249, -33.74044894115162 ], [ 25.992777198681249, -33.827252892673826 ], [ 25.999454425721417, -33.987506341637896 ], [ 25.939359382359893, -34.06095583907976 ], [ 25.97942274460091, -34.154437017642138 ], [ 26.052872242042774, -34.154437017642138 ], [ 26.099612831323963, -34.227886515084002 ], [ 26.099612831323963, -34.301336012525873 ], [ 26.159707874685491, -34.328044920686551 ], [ 26.226480145087187, -34.348076601807058 ], [ 26.213125691006848, -34.401494418128415 ], [ 26.15303064764532, -34.4482350074096 ], [ 26.046195015002606, -34.468266688530107 ], [ 26.032840560922267, -34.541716185971978 ], [ 26.046195015002606, -34.615165683413842 ], [ 25.999454425721417, -34.688615180855706 ], [ 25.952713836440232, -34.768741905337741 ], [ 25.892618793078704, -34.808805267578762 ], [ 25.912650474199214, -34.90228644614114 ], [ 25.9593910634804, -34.982413170623175 ], [ 25.992777198681249, -35.015799305824018 ], [ 26.039517787962435, -35.089248803265889 ], [ 26.039517787962435, -35.202761662948774 ], [ 26.006131652761589, -35.289565614470973 ], [ 26.079581150203456, -35.34298343079233 ], [ 26.193094009886337, -35.369692338953008 ], [ 26.233157372127355, -35.429787382314537 ], [ 26.233157372127355, -35.483205198635893 ], [ 26.293252415488883, -35.463173517515386 ], [ 26.326638550689729, -35.329628976711994 ], [ 26.339993004770069, -35.176052754788095 ], [ 26.373379139970918, -35.082571576225718 ], [ 26.339993004770069, -34.955704262462497 ], [ 26.279897961408544, -34.935672581341983 ], [ 26.239834599167526, -34.862223083900119 ], [ 26.233157372127355, -34.768741905337741 ], [ 26.299929642529051, -34.668583499735199 ], [ 26.339993004770069, -34.615165683413842 ], [ 26.339993004770069, -34.528361731891636 ], [ 26.393410821091429, -34.441557780369429 ], [ 26.466860318533293, -34.421526099248922 ], [ 26.54030981597516, -34.388139964048072 ], [ 26.600404859336685, -34.301336012525873 ], [ 26.647145448617874, -34.281304331405359 ], [ 26.526955361894821, -34.227886515084002 ], [ 26.453505864452953, -34.227886515084002 ], [ 26.480214772613632, -34.101019201320781 ], [ 26.446828637412786, -34.040924157959253 ], [ 26.386733594051258, -34.014215249798575 ], [ 26.31328409660939, -34.027569703878918 ], [ 26.293252415488883, -33.940765752356711 ], [ 26.299929642529051, -33.847284573794333 ], [ 26.286575188448712, -33.787189530432805 ], [ 26.360024685890579, -33.700385578910605 ], [ 26.440151410372614, -33.680353897790091 ], [ 26.426796956292275, -33.580195492187549 ], [ 26.393410821091429, -33.580195492187549 ], [ 26.413442502211936, -33.486714313625171 ], [ 26.433474183332446, -33.3932331350628 ], [ 26.473537545573464, -33.299751956500423 ], [ 26.473537545573464, -33.166207415697031 ], [ 26.520278134854649, -33.106112372335502 ], [ 26.567018724135838, -33.106112372335502 ], [ 26.567018724135838, -32.999276739692789 ], [ 26.607082086376856, -32.932504469291096 ], [ 26.620436540457195, -32.832346063688547 ], [ 26.720594946059741, -32.825668836648383 ], [ 26.727272173099909, -32.705478749925327 ], [ 26.707240491979402, -32.65206093360397 ], [ 26.707240491979402, -32.591965890242442 ], [ 26.727272173099909, -32.538548073921085 ], [ 26.600404859336685, -32.525193619840749 ], [ 26.593727632296517, -32.58528866320227 ], [ 26.533632588934989, -32.61867479840312 ], [ 26.460183091493125, -32.598643117282613 ] ] ], [ [ [ 27.481798828639079, -33.379878680982458 ], [ 27.4550899204784, -33.466682632504664 ], [ 27.43505823935789, -33.600227173308056 ], [ 27.408349331197211, -33.666999443709756 ], [ 27.515184963839925, -33.673676670749927 ], [ 27.575280007201453, -33.586872719227721 ], [ 27.64872950464332, -33.553486584026871 ], [ 27.575280007201453, -33.453328178424329 ], [ 27.635375050562981, -33.31978363762093 ], [ 27.535216644960435, -33.279720275379916 ], [ 27.468444374558739, -33.31978363762093 ], [ 27.481798828639079, -33.379878680982458 ] ] ] ] } },
{ "type": "Feature", "properties": { "id": 96, "name": "Isle of Love", "continent": null }, "geometry": { "type": "MultiPolygon", "coordinates": [ [ [ [ 26.553664270055499, -31.054534364243377 ], [ 26.453505864452953, -31.134661088725412 ], [ 26.440151410372614, -31.228142267287787 ], [ 26.420119729252107, -31.301591764729654 ], [ 26.493569226693971, -31.308268991769822 ], [ 26.453505864452953, -31.381718489211689 ], [ 26.493569226693971, -31.481876894814235 ], [ 26.513600907814482, -31.595389754497116 ], [ 26.580373178216178, -31.595389754497116 ], [ 26.600404859336685, -31.488554121854403 ], [ 26.573695951176006, -31.408427397372368 ], [ 26.653822675658041, -31.328300672890332 ], [ 26.727272173099909, -31.321623445850161 ], [ 26.727272173099909, -31.201433359127108 ], [ 26.613759313417024, -31.181401678006601 ], [ 26.613759313417024, -31.114629407604902 ], [ 26.553664270055499, -31.054534364243377 ] ] ] ] } },
{ "type": "Feature", "properties": { "id": 97, "name": "The Three Exiles", "continent": null }, "geometry": { "type": "MultiPolygon", "coordinates": [ [ [ [ 23.522203193818484, -32.443397588598664 ], [ 23.462108150456956, -32.356593637076458 ], [ 23.381981425974921, -32.42336590747815 ], [ 23.341918063733903, -32.476783723799507 ], [ 23.261791339251868, -32.510169859000356 ], [ 23.275145793332207, -32.61700549164307 ], [ 23.355272517814242, -32.65039162684392 ], [ 23.355272517814242, -32.750550032446462 ], [ 23.341918063733903, -32.84403121100884 ], [ 23.381981425974921, -32.897449027330197 ], [ 23.508848739738145, -32.84403121100884 ], [ 23.575621010139841, -32.763904486526805 ], [ 23.655747734621876, -32.717163897245619 ], [ 23.622361599421026, -32.590296583482392 ], [ 23.669102188702215, -32.523524313080699 ], [ 23.755906140224422, -32.483460950839678 ], [ 23.802646729505607, -32.403334226357643 ], [ 23.802646729505607, -32.316530274835436 ], [ 23.802646729505607, -32.249758004433744 ], [ 23.695811096862894, -32.249758004433744 ], [ 23.655747734621876, -32.303175820755101 ], [ 23.655747734621876, -32.376625318196965 ], [ 23.595652691260348, -32.436720361558493 ], [ 23.522203193818484, -32.443397588598664 ] ] ], [ [ [ 24.096444719273073, -31.575358073376609 ], [ 24.103121946313241, -31.648807570818473 ], [ 24.022995221831206, -31.695548160099662 ], [ 24.056381357032055, -31.782352111621869 ], [ 24.063058584072223, -31.875833290184243 ], [ 24.056381357032055, -31.975991695786785 ], [ 24.156539762634598, -31.975991695786785 ], [ 24.196603124875615, -31.862478836103904 ], [ 24.263375395277315, -31.755643203461187 ], [ 24.250020941196972, -31.675516478979151 ], [ 24.196603124875615, -31.595389754497116 ], [ 24.216634805996126, -31.521940257055252 ], [ 24.236666487116633, -31.448490759613385 ], [ 24.123153627433751, -31.401750170332196 ], [ 24.016317994791038, -31.448490759613385 ], [ 23.98960908663036, -31.508585802974913 ], [ 24.096444719273073, -31.575358073376609 ] ] ], [ [ [ 23.635716053501366, -30.727350239275065 ], [ 23.682456642782554, -30.740704693355404 ], [ 23.742551686144083, -30.713995785194726 ], [ 23.742551686144083, -30.670593809433623 ], [ 23.715842777983404, -30.637207674232773 ], [ 23.675779415742387, -30.630530447192605 ], [ 23.68579525630264, -30.590467084951587 ], [ 23.675779415742387, -30.537049268630231 ], [ 23.642393280541537, -30.523694814549891 ], [ 23.592314077740266, -30.547065109190484 ], [ 23.55558932901933, -30.547065109190484 ], [ 23.512187353258231, -30.547065109190484 ], [ 23.475462604537295, -30.51701758750972 ], [ 23.465446763977042, -30.466938384708449 ], [ 23.498832899177891, -30.423536408947346 ], [ 23.542234874938991, -30.396827500786667 ], [ 23.52554180733857, -30.346748297985396 ], [ 23.478801218057381, -30.333393843905057 ], [ 23.435399242296278, -30.333393843905057 ], [ 23.418706174695853, -30.363441365585818 ], [ 23.341918063733903, -30.393488887266582 ], [ 23.2985160879728, -30.436890863027685 ], [ 23.245098271651443, -30.443568090067856 ], [ 23.228405204051018, -30.500324519909295 ], [ 23.171648774209576, -30.523694814549891 ], [ 23.158294320129237, -30.570435403831077 ], [ 23.231743817571104, -30.573774017351163 ], [ 23.265129952771954, -30.600482925511841 ], [ 23.238421044611275, -30.657239355353283 ], [ 23.195019068850172, -30.680609649993876 ], [ 23.148278479568983, -30.74404330687549 ], [ 23.161632933649322, -30.810815577277186 ], [ 23.181664614769833, -30.87091062063871 ], [ 23.185003228289915, -30.941021504560492 ], [ 23.185003228289915, -31.024486842562613 ], [ 23.198357682370258, -31.07790465888397 ], [ 23.251775498691615, -31.074566045363884 ], [ 23.301854701492886, -31.01447100200236 ], [ 23.338579450213818, -30.947698731600664 ], [ 23.408690334135599, -30.907635369359646 ], [ 23.361949744854414, -30.880926461198968 ], [ 23.328563609653564, -30.820831417837439 ], [ 23.381981425974921, -30.747381920395572 ], [ 23.462108150456956, -30.747381920395572 ], [ 23.502171512697974, -30.707318558154554 ], [ 23.542234874938991, -30.673932422953708 ], [ 23.635716053501366, -30.727350239275065 ] ] ] ] } },
{ "type": "Feature", "properties": { "id": 98, "name": "The Singing Stones", "continent": null }, "geometry": { "type": "MultiPolygon", "coordinates": [ [ [ [ 23.909482362148321, -29.608914710046658 ], [ 23.896127908067982, -29.709073115649201 ], [ 23.829355637666286, -29.762490931970557 ], [ 23.769260594304761, -29.842617656452596 ], [ 23.829355637666286, -29.91606715389446 ], [ 23.936191270308999, -29.902712699814121 ], [ 24.049704129991884, -29.909389926854292 ], [ 24.143185308554258, -29.876003791653442 ], [ 24.183248670795276, -29.829263202372253 ], [ 24.350179346799518, -29.789199840131236 ], [ 24.410274390161046, -29.702395888609033 ], [ 24.423628844241385, -29.662332526368015 ], [ 24.296761530478161, -29.675686980448354 ], [ 24.14986253559443, -29.735782023809879 ], [ 24.096444719273073, -29.655655299327844 ], [ 24.016317994791038, -29.602237483006487 ], [ 23.909482362148321, -29.608914710046658 ] ] ], [ [ [ 24.657331790647323, -29.642300845247505 ], [ 24.567189225605031, -29.687372127768651 ], [ 24.550496158004606, -29.747467171130179 ], [ 24.60057536080588, -29.770837465770772 ], [ 24.670686244727662, -29.740789944090007 ], [ 24.730781288089187, -29.697387968328904 ], [ 24.810908012571222, -29.657324606087887 ], [ 24.887696123533175, -29.620599857366955 ], [ 24.964484234495124, -29.633954311447294 ], [ 25.007886210256228, -29.610584016806701 ], [ 24.997870369695974, -29.557166200485341 ], [ 24.961145620975039, -29.503748384163984 ], [ 24.914405031693853, -29.503748384163984 ], [ 24.867664442412664, -29.540473132884919 ], [ 24.814246626091307, -29.540473132884919 ], [ 24.754151582729783, -29.523780065284495 ], [ 24.687379312328083, -29.513764224724241 ], [ 24.650654563607151, -29.54881966668513 ], [ 24.657331790647323, -29.642300845247505 ] ] ], [ [ [ 25.218218862021573, -29.630615697927208 ], [ 25.228234702581826, -29.670679060168226 ], [ 25.30168420002369, -29.670679060168226 ], [ 25.361779243385218, -29.684033514248565 ], [ 25.388488151545896, -29.650647379047719 ], [ 25.341747562264707, -29.633954311447294 ], [ 25.278313905383097, -29.617261243846869 ], [ 25.218218862021573, -29.630615697927208 ] ] ] ] } },
{ "type": "Feature", "properties": { "id": 99, "name": "Walano", "continent": null }, "geometry": { "type": "MultiPolygon", "coordinates": [ [ [ [ 25.416866366466618, -22.925010442836861 ], [ 25.496993090948653, -22.911655988756522 ], [ 25.577119815430688, -22.848222331874911 ], [ 25.683955448073402, -22.851560945394993 ], [ 25.794129694236201, -22.901640148196268 ], [ 25.837531669997304, -22.931687669877029 ], [ 25.864240578157982, -22.884947080595843 ], [ 25.920997007999425, -22.864915399475333 ], [ 25.941028689119936, -22.925010442836861 ], [ 26.014478186561799, -22.9383648969172 ], [ 26.071234616403242, -22.975089645638132 ], [ 26.064557389363074, -23.008475780838982 ], [ 25.997785118961374, -23.011814394359067 ], [ 26.024494027122056, -23.075248051240678 ], [ 26.071234616403242, -23.115311413481695 ], [ 26.174731635525873, -23.108634186441527 ], [ 26.261535587048076, -23.115311413481695 ], [ 26.341662311530111, -23.115311413481695 ], [ 26.385064287291215, -23.055216370120167 ], [ 26.461852398253164, -23.021830234919321 ], [ 26.558672190335624, -23.065232210680424 ], [ 26.642137528337745, -23.048539143079999 ], [ 26.715587025779612, -23.021830234919321 ], [ 26.752311774500544, -22.958396578037711 ], [ 26.752311774500544, -22.884947080595843 ], [ 26.799052363781733, -22.864915399475333 ], [ 26.799052363781733, -22.811497583153976 ], [ 26.815745431382158, -22.768095607392873 ], [ 26.879179088263768, -22.724693631631773 ], [ 26.972660266826143, -22.731370858671941 ], [ 27.072818672428689, -22.754741153312533 ], [ 27.162961237470977, -22.734709472192026 ], [ 27.206363213232081, -22.751402539792451 ], [ 27.206363213232081, -22.811497583153976 ], [ 27.271466176873734, -22.854899558915079 ], [ 27.32488399319509, -22.854899558915079 ], [ 27.364947355436108, -22.818174810194147 ], [ 27.42170378527755, -22.861576785955251 ], [ 27.461767147518568, -22.9383648969172 ], [ 27.465105761038654, -22.991782713238557 ], [ 27.505169123279671, -23.055216370120167 ], [ 27.555248326080942, -23.065232210680424 ], [ 27.622020596482638, -23.065232210680424 ], [ 27.64872950464332, -23.101956959401356 ], [ 27.625359210002724, -23.155374775722713 ], [ 27.682115639844167, -23.198776751483816 ], [ 27.755565137286034, -23.198776751483816 ], [ 27.825676021207816, -23.22882427316458 ], [ 27.905802745689851, -23.22882427316458 ], [ 27.995945310732139, -23.235501500204748 ], [ 28.082749262254346, -23.248855954285087 ], [ 28.196262121937227, -23.275564862445766 ], [ 28.219632416577824, -23.315628224686783 ], [ 28.291412607259645, -23.359030200447886 ], [ 28.354846264141258, -23.392416335648736 ], [ 28.461681896783972, -23.395754949168822 ], [ 28.5217769401455, -23.372384654528226 ], [ 28.531792780705754, -23.328982678767122 ], [ 28.571856142946771, -23.282242089485937 ], [ 28.651982867428806, -23.275564862445766 ], [ 28.718755137830502, -23.322305451726955 ], [ 28.748802659511266, -23.372384654528226 ], [ 28.805559089352709, -23.405770789729075 ], [ 28.885685813834744, -23.392416335648736 ], [ 28.982505605917204, -23.395754949168822 ], [ 29.055955103359068, -23.415786630289329 ], [ 29.092679852080003, -23.472543060130771 ], [ 29.089341238559918, -23.512606422371789 ], [ 29.009214514077883, -23.515945035891875 ], [ 28.945780857196269, -23.542653944052553 ], [ 28.989182832957372, -23.592733146853824 ], [ 29.062632330399239, -23.592733146853824 ], [ 29.106034306160343, -23.619442055014503 ], [ 29.169467963041953, -23.682875711896113 ], [ 29.219547165843224, -23.729616301177302 ], [ 29.266287755124413, -23.736293528217473 ], [ 29.309689730885516, -23.696230165976456 ], [ 29.343075866086362, -23.642812349655095 ], [ 29.359768933686787, -23.729616301177302 ], [ 29.359768933686787, -23.786372731018744 ], [ 29.411517443248101, -23.826436093259762 ], [ 29.484966940689969, -23.863160841980694 ], [ 29.508337235330561, -23.913240044781968 ], [ 29.518353075890818, -23.966657861103325 ], [ 29.481628327169883, -24.000043996304171 ], [ 29.451580805489119, -24.020075677424682 ], [ 29.45825803252929, -24.073493493746039 ], [ 29.444903578448951, -24.130249923587481 ], [ 29.421533283808358, -24.183667739908838 ], [ 29.441564964928865, -24.277148918471212 ], [ 29.45825803252929, -24.333905348312655 ], [ 29.498321394770308, -24.370630097033587 ], [ 29.545061984051497, -24.404016232234437 ], [ 29.608495640933107, -24.41403207279469 ], [ 29.65189761669421, -24.4774657296763 ], [ 29.595141186852768, -24.511686518257168 ], [ 29.55507782461175, -24.528379585857593 ], [ 29.575109505732257, -24.60182908329946 ], [ 29.608495640933107, -24.651908286100731 ], [ 29.671929297814717, -24.691971648341749 ], [ 29.738701568216413, -24.69864887538192 ], [ 29.778764930457431, -24.685294421301581 ], [ 29.818828292698452, -24.66526274018107 ], [ 29.902293630700569, -24.66526274018107 ], [ 29.942356992941587, -24.728696397062681 ], [ 29.949034219981758, -24.785452826904123 ], [ 30.009129263343286, -24.83887064322548 ], [ 30.065885693184725, -24.875595391946415 ], [ 29.999113422783029, -24.918997367707515 ], [ 29.949034219981758, -24.918997367707515 ], [ 29.929002538861248, -24.962399343468618 ], [ 29.939018379421505, -25.005801319229722 ], [ 29.942356992941587, -25.055880522030993 ], [ 29.915648084780909, -25.072573589631418 ], [ 29.875584722539891, -25.089266657231843 ], [ 29.892277790140316, -25.150196353973389 ], [ 29.932341152381333, -25.210291397334917 ], [ 29.995774809262947, -25.213630010854999 ], [ 30.08257876078515, -25.280402281256698 ], [ 30.166044098787271, -25.360529005738734 ], [ 30.259525277349645, -25.390576527419494 ], [ 30.35300645591202, -25.397253754459665 ], [ 30.394739124913084, -25.343835938138309 ], [ 30.46151139531478, -25.347174551658394 ], [ 30.508251984595969, -25.417285435580173 ], [ 30.474865849395119, -25.470703251901533 ], [ 30.454834168274612, -25.49073493302204 ], [ 30.49489753051563, -25.580877498064332 ], [ 30.498236144035715, -25.674358676626706 ], [ 30.549984653597022, -25.728611146328081 ], [ 30.610079696958547, -25.772013122089184 ], [ 30.663497513279907, -25.812076484330202 ], [ 30.743624237761942, -25.798722030249863 ], [ 30.807057894643552, -25.862155687131473 ], [ 30.800380667603385, -25.922250730493001 ], [ 30.703560875520925, -25.922250730493001 ], [ 30.646804445679482, -25.945621025133594 ], [ 30.646804445679482, -25.992361614414783 ], [ 30.620095537518804, -26.022409136095547 ], [ 30.586709402317954, -26.059133884816479 ], [ 30.596725242878207, -26.102535860577582 ], [ 30.633449991599143, -26.145937836338685 ], [ 30.690206421440585, -26.169308130979278 ], [ 30.773671759442706, -26.212710106740381 ], [ 30.833766802804231, -26.209371493220296 ], [ 30.887184619125588, -26.179323971539532 ], [ 30.913893527286266, -26.149276449858768 ], [ 30.980665797687962, -26.179323971539532 ], [ 31.000697478808473, -26.242757628421145 ], [ 31.024067773449065, -26.286159604182245 ], [ 31.1041944979311, -26.309529898822841 ], [ 31.170966768332796, -26.339577420503602 ], [ 31.281141014495596, -26.342916034023688 ], [ 31.347913284897292, -26.319545739383095 ], [ 31.431378622899413, -26.299514058262584 ], [ 31.488135052740855, -26.299514058262584 ], [ 31.553238016382508, -26.320380392763113 ], [ 31.616671673264122, -26.37379820908447 ], [ 31.673428103105564, -26.400507117245152 ], [ 31.750216214067514, -26.39382989020498 ], [ 31.823665711509381, -26.39382989020498 ], [ 31.907131049511499, -26.420538798365659 ], [ 31.903792435991416, -26.460602160606676 ], [ 31.847036006149974, -26.473956614687015 ], [ 31.773586508708107, -26.483972455247269 ], [ 31.743538987027343, -26.510681363407947 ], [ 31.700137011266243, -26.530713044528458 ], [ 31.636703354384629, -26.514019976928033 ], [ 31.593301378623526, -26.477295228207101 ], [ 31.523190494701748, -26.480633841727187 ], [ 31.44974099725988, -26.483972455247269 ], [ 31.396323180938523, -26.524035817488286 ], [ 31.349582591657335, -26.564099179729308 ], [ 31.292826161815892, -26.564099179729308 ], [ 31.266117253655214, -26.607501155490407 ], [ 31.212699437333857, -26.607501155490407 ], [ 31.169297461572757, -26.610839769010493 ], [ 31.142588553412075, -26.634210063651086 ], [ 31.132572712851822, -26.670934812372021 ], [ 31.145927166932161, -26.717675401653207 ], [ 31.206022210293689, -26.724352628693378 ], [ 31.262778640135132, -26.717675401653207 ], [ 31.312857842936403, -26.6976437205327 ], [ 31.369614272777845, -26.680950652932275 ], [ 31.446402383739795, -26.674273425892103 ], [ 31.493142973020984, -26.680950652932275 ], [ 31.556576629902594, -26.700982334052785 ], [ 31.6433805814248, -26.690966493492528 ], [ 31.686782557185904, -26.68428926645236 ], [ 31.756893441107682, -26.717675401653207 ], [ 31.81698848446921, -26.731029855733546 ], [ 31.893776595431159, -26.737707082773717 ], [ 31.967226092873027, -26.737707082773717 ], [ 32.000612228073877, -26.717675401653207 ], [ 32.047352817355062, -26.704320947572867 ], [ 32.080738952555912, -26.657580358291682 ], [ 32.077400339035826, -26.604162541970325 ], [ 32.124140928317011, -26.594146701410068 ], [ 32.170881517598204, -26.600823928450239 ], [ 32.174220131118282, -26.667596198851935 ], [ 32.15084983647769, -26.690966493492528 ], [ 32.177558744638368, -26.704320947572867 ], [ 32.220960720399475, -26.694305107012614 ], [ 32.26770130968066, -26.687627879972442 ], [ 32.291071604321253, -26.714336788133124 ], [ 32.274378536720832, -26.76107737741431 ], [ 32.227637947439639, -26.777770445014735 ], [ 32.154188449997775, -26.787786285574988 ], [ 32.147511222957604, -26.817833807255752 ], [ 32.094093406636247, -26.841204101896345 ], [ 32.037336976794805, -26.87792885061728 ], [ 31.980580546953366, -26.85789716949677 ], [ 31.91380827655167, -26.831188261336091 ], [ 31.860390460230313, -26.85789716949677 ], [ 31.847036006149974, -26.89128330469762 ], [ 31.786940962788446, -26.911314985818127 ], [ 31.730184532947003, -26.904637758777959 ], [ 31.680105330145732, -26.914653599338212 ], [ 31.650057808464968, -26.941362507498891 ], [ 31.686782557185904, -26.978087256219823 ], [ 31.74020037350726, -26.978087256219823 ], [ 31.800295416868785, -26.961394188619398 ], [ 31.853713233190142, -26.961394188619398 ], [ 31.890437981911077, -26.968071415659569 ], [ 31.893776595431159, -27.001457550860419 ], [ 31.967226092873027, -27.004796164380501 ], [ 32.010628068634126, -26.991441710300162 ], [ 32.064045884955483, -26.991441710300162 ], [ 32.117463701276847, -27.021489231980926 ], [ 32.18590527843859, -27.032339725921204 ], [ 32.205936959559097, -27.069064474642136 ], [ 32.239323094759946, -27.092434769282729 ], [ 32.27938645700096, -27.095773382802815 ], [ 32.349497340922746, -27.07908031520239 ], [ 32.362851795003081, -27.012308044800694 ], [ 32.406253770764181, -27.005630817760526 ], [ 32.459671587085538, -26.998953590720355 ], [ 32.503073562846645, -27.032339725921204 ], [ 32.509750789886816, -27.069064474642136 ], [ 32.459671587085538, -27.082418928722475 ], [ 32.422946838364609, -27.089096155762647 ], [ 32.412930997804352, -27.115805063923325 ], [ 32.392899316683845, -27.149191199124171 ], [ 32.349497340922746, -27.155868426164343 ], [ 32.286063684041132, -27.172561493764764 ], [ 32.246000321800111, -27.212624856005785 ], [ 32.209275573079182, -27.246010991206632 ], [ 32.125810235077061, -27.239333764166464 ], [ 32.015635988914262, -27.19593178840536 ], [ 31.952202332032648, -27.202609015445528 ], [ 31.878752834590784, -27.212624856005785 ], [ 31.798626110108746, -27.229317923606207 ], [ 31.748546907307475, -27.266042672327142 ], [ 31.685113250425864, -27.27271989936731 ], [ 31.594970685383572, -27.27271989936731 ], [ 31.514843960901537, -27.269381285847224 ], [ 31.451410304019927, -27.262704058807056 ], [ 31.387976647138313, -27.27271989936731 ], [ 31.344574671377213, -27.312783261608327 ], [ 31.277802400975517, -27.312783261608327 ], [ 31.211030130573818, -27.286074353447649 ], [ 31.144257860172122, -27.266042672327142 ], [ 31.080824203290511, -27.302767421048074 ], [ 31.022398466689022, -27.336153556248934 ], [ 30.932255901646734, -27.339492169769017 ], [ 30.835436109564274, -27.329476329208763 ], [ 30.751970771562153, -27.329476329208763 ], [ 30.638457911879268, -27.292751580487831 ], [ 30.591717322598083, -27.239333764166474 ], [ 30.605071776678422, -27.162545653204521 ], [ 30.541638119796808, -27.099111996322911 ], [ 30.468188622354944, -27.09243476928274 ], [ 30.384723284352823, -27.082418928722486 ], [ 30.347998535631891, -27.029001112401129 ], [ 30.267871811149856, -26.988937750160112 ], [ 30.261194584109685, -26.928842706798584 ], [ 30.334644081551552, -26.882102117517398 ], [ 30.37470744379257, -26.835361528236209 ], [ 30.37470744379257, -26.75857341727426 ], [ 30.347998535631891, -26.681785306312307 ], [ 30.307935173390874, -26.641721944071289 ], [ 30.227808448908835, -26.621690262950782 ], [ 30.1476817244268, -26.618351649430696 ], [ 30.120972816266121, -26.581626900709765 ], [ 30.017475797143494, -26.574949673669593 ], [ 29.944026299701626, -26.551579379029 ], [ 29.903962937460609, -26.504838789747811 ], [ 29.897285710420441, -26.431389292305948 ], [ 29.863899575219591, -26.367955635424334 ], [ 29.797127304817895, -26.327892273183316 ], [ 29.71700058033586, -26.327892273183316 ], [ 29.638543162613868, -26.321215046143148 ], [ 29.498321394770304, -26.284490297422217 ], [ 29.411517443248098, -26.277813070382045 ], [ 29.374792694527166, -26.231072481100856 ], [ 29.374792694527166, -26.160961597179078 ], [ 29.388147148607505, -26.120898234938061 ], [ 29.358099626926741, -26.060803191576532 ], [ 29.294665970045131, -26.057464578056447 ], [ 29.247925380763942, -26.057464578056447 ], [ 29.227893699643435, -26.010723988775261 ], [ 29.247925380763942, -25.960644785973987 ], [ 29.294665970045131, -25.917242810212883 ], [ 29.294665970045131, -25.883856675012037 ], [ 29.271295675404538, -25.833777472210766 ], [ 29.241248153723774, -25.800391337009916 ], [ 29.241248153723774, -25.756989361248813 ], [ 29.318036264685723, -25.763666588288984 ], [ 29.318036264685723, -25.736957680128306 ], [ 29.298004583565216, -25.696894317887288 ], [ 29.251263994284027, -25.656830955646271 ], [ 29.221216472603263, -25.583381458204403 ], [ 29.151105588681482, -25.583381458204403 ], [ 29.0809947047597, -25.590058685244571 ], [ 29.047608569558854, -25.566688390603979 ], [ 28.984174912677243, -25.566688390603979 ], [ 28.970820458596904, -25.533302255403132 ], [ 28.987513526197326, -25.489900279642029 ], [ 29.050947183078939, -25.489900279642029 ], [ 29.070978864199446, -25.433143849800587 ], [ 29.064301637159279, -25.383064646999316 ], [ 29.050947183078939, -25.343001284758294 ], [ 28.990852139717411, -25.309615149557448 ], [ 28.977497685637072, -25.272055747456495 ], [ 28.927418482835801, -25.225315158175309 ], [ 28.853968985393934, -25.218637931135138 ], [ 28.790535328512323, -25.175235955374035 ], [ 28.763826420351645, -25.138511206653103 ], [ 28.763826420351645, -25.08175477681166 ], [ 28.74713335275122, -25.008305279369793 ], [ 28.707069990510202, -24.9849349847292 ], [ 28.633620493068335, -24.968241917128775 ], [ 28.558501688866436, -24.981596371209115 ], [ 28.515099713105332, -25.045030028090729 ], [ 28.511761099585247, -25.105125071452253 ], [ 28.5217769401455, -25.15854288777361 ], [ 28.495068031984822, -25.201944863534713 ], [ 28.451666056223722, -25.135172593133017 ], [ 28.408264080462619, -25.095109230892 ], [ 28.388232399342108, -25.031675574010389 ], [ 28.304767061339987, -24.994950825289454 ], [ 28.28473538021948, -24.958226076568522 ], [ 28.227978950378038, -24.974919144168947 ], [ 28.16788390701651, -24.954887463048436 ], [ 28.104450250134899, -24.908146873767251 ], [ 28.031000752693032, -24.818004308724959 ], [ 27.940858187650743, -24.730365703822734 ], [ 27.870747303728962, -24.700318182141974 ], [ 27.824006714447776, -24.727027090302652 ], [ 27.753895830525995, -24.757074611983413 ], [ 27.760573057566162, -24.800476587744516 ], [ 27.80063641980718, -24.827185495905194 ], [ 27.890778984849472, -24.883941925746637 ], [ 27.927503733570404, -24.947375582628247 ], [ 27.997614617492186, -24.977423104309011 ], [ 28.061048274373796, -24.994116171909436 ], [ 28.087757182534475, -25.060888442311132 ], [ 28.017646298612693, -25.08759735047181 ], [ 27.924165120050318, -25.084258736951725 ], [ 27.830683941487944, -25.020825080070114 ], [ 27.750557217005909, -24.960730036708586 ], [ 27.650398811403363, -24.870587471666298 ], [ 27.608666142402299, -24.920666674467569 ], [ 27.508507736799757, -24.920666674467569 ], [ 27.451751306958315, -24.92734390150774 ], [ 27.361608741916022, -24.917328060947487 ], [ 27.288159244474159, -24.887280539266722 ], [ 27.218048360552377, -24.840539949985533 ], [ 27.111212727909663, -24.803815201264602 ], [ 27.001038481746864, -24.803815201264602 ], [ 26.924250370784915, -24.820508268865026 ], [ 26.837446419262708, -24.833862722945366 ], [ 26.753981081260587, -24.833862722945366 ], [ 26.693886037899059, -24.827185495905194 ], [ 26.643806835097788, -24.76709045254367 ], [ 26.610420699896938, -24.720349863262481 ], [ 26.528624668654864, -24.703656795662056 ], [ 26.461852398253164, -24.690302341581717 ], [ 26.451836557692911, -24.610175617099681 ], [ 26.428466263052318, -24.5400647331779 ], [ 26.345000925050197, -24.520033052057393 ], [ 26.298260335769008, -24.466615235736036 ], [ 26.214794997766887, -24.44324494109544 ], [ 26.204779157206634, -24.383149897733915 ], [ 26.204779157206634, -24.289668719171541 ], [ 26.201440543686548, -24.196187540609163 ], [ 26.254858360007908, -24.182833086528824 ], [ 26.278228654648501, -24.092690521486535 ], [ 26.27155142760833, -24.008390530104396 ], [ 26.268212814088248, -23.9416182597027 ], [ 26.224810838327144, -23.88820044338134 ], [ 26.181408862566041, -23.88820044338134 ], [ 26.141345500325023, -23.938279646182615 ], [ 26.074573229923327, -23.914909351542022 ], [ 26.054541548802817, -23.868168762260833 ], [ 26.007800959521632, -23.838121240580069 ], [ 25.947705916160103, -23.804735105379223 ], [ 25.894288099838747, -23.784703424258712 ], [ 25.890949486318661, -23.711253926816845 ], [ 25.864240578157982, -23.63112720233481 ], [ 25.787452467196033, -23.607756907694217 ], [ 25.697309902153741, -23.607756907694217 ], [ 25.637214858792216, -23.61777274825447 ], [ 25.563765361350349, -23.574370772493367 ], [ 25.517024772069163, -23.527630183212182 ], [ 25.565434668110392, -23.510102462231742 ], [ 25.618852484431748, -23.500086621671485 ], [ 25.628868324992002, -23.443330191830047 ], [ 25.628868324992002, -23.376557921428347 ], [ 25.618852484431748, -23.299769810466398 ], [ 25.565434668110392, -23.273060902305719 ], [ 25.508678238268949, -23.273060902305719 ], [ 25.428551513786914, -23.273060902305719 ], [ 25.411858446186489, -23.219643085984362 ], [ 25.445244581387339, -23.152870815582666 ], [ 25.475292103068103, -23.146193588542495 ], [ 25.471953489548017, -23.072744091100631 ], [ 25.428551513786914, -23.029342115339528 ], [ 25.381810924505729, -22.992617366618596 ], [ 25.381810924505729, -22.955892617897661 ], [ 25.416866366466618, -22.925010442836861 ] ] ], [ [ [ 26.082919763723538, -22.880773813695761 ], [ 26.156369261165406, -22.840710451454743 ], [ 26.203109850446591, -22.760583726972708 ], [ 26.226480145087187, -22.820678770334233 ], [ 26.213125691006848, -22.87409658665559 ], [ 26.15303064764532, -22.900805494816268 ], [ 26.096274217803877, -22.904144108336354 ], [ 26.082919763723538, -22.880773813695761 ] ] ], [ [ [ 28.490060111704693, -25.284575548156823 ], [ 28.566848222666643, -25.307945842797416 ], [ 28.566848222666643, -25.381395340239283 ], [ 28.540139314505964, -25.451506224161065 ], [ 28.493398725224779, -25.458183451201233 ], [ 28.493398725224779, -25.411442861920044 ], [ 28.500075952264947, -25.334654750958094 ], [ 28.490060111704693, -25.284575548156823 ] ] ] ] } },
{ "type": "Feature", "properties": { "id": 100, "name": "Isle of Women", "continent": null }, "geometry": { "type": "MultiPolygon", "coordinates": [ [ [ [ 30.115964895985996, -24.14443903104786 ], [ 30.146012417666757, -24.221227142009813 ], [ 30.142673804146675, -24.284660798891423 ], [ 30.12598073654625, -24.348094455773033 ], [ 30.119303509506079, -24.384819204493969 ], [ 30.169382712307353, -24.438237020815325 ], [ 30.242832209749217, -24.464945928976004 ], [ 30.29958863959066, -24.451591474895665 ], [ 30.322958934231256, -24.484977610096511 ], [ 30.39640843167312, -24.528379585857614 ], [ 30.436471793914137, -24.494993450656768 ], [ 30.373038137032527, -24.431559793775154 ], [ 30.309604480150913, -24.398173658574308 ], [ 30.312943093670999, -24.334740001692694 ], [ 30.363022296472273, -24.30469248001193 ], [ 30.403085658713291, -24.274644958331169 ], [ 30.386392591112866, -24.22790436904998 ], [ 30.332974774791509, -24.174486552728624 ], [ 30.256186663829556, -24.14443903104786 ], [ 30.149351031186843, -24.127745963447435 ], [ 30.115964895985996, -24.14443903104786 ] ] ] ] } },
{ "type": "Feature", "properties": { "id": 101, "name": "Koj", "continent": null }, "geometry": { "type": "MultiPolygon", "coordinates": [ [ [ [ 27.19801667943187, -26.453924933566526 ], [ 27.344915674315601, -26.440570479486187 ], [ 27.458428533998482, -26.387152663164827 ], [ 27.498491896239504, -26.293671484602452 ], [ 27.605327528882217, -26.273639803481945 ], [ 27.738872069685609, -26.266962576441774 ], [ 27.879093837529172, -26.313703165722963 ], [ 27.992606697212054, -26.373798209084487 ], [ 27.939188880890697, -26.467279387646865 ], [ 27.939188880890697, -26.5474061121289 ], [ 27.899125518649679, -26.607501155490425 ], [ 27.865739383448833, -26.654241744771614 ], [ 27.91915719977019, -26.727691242213481 ], [ 28.019315605372732, -26.761077377414328 ], [ 28.099442329854771, -26.787786285575006 ], [ 28.199600735457313, -26.794463512615177 ], [ 28.27305023289918, -26.841204101896363 ], [ 28.266373005859009, -26.91465359933823 ], [ 28.27305023289918, -26.974748642699755 ], [ 28.353176957381216, -26.974748642699755 ], [ 28.439980908903422, -26.981425869739926 ], [ 28.433303681863251, -27.054875367181793 ], [ 28.366531411461555, -27.094938729422811 ], [ 28.326468049220537, -27.094938729422811 ], [ 28.319790822180366, -27.195097135025353 ], [ 28.239664097698331, -27.228483270226203 ], [ 28.159537373216295, -27.228483270226203 ], [ 28.11279678393511, -27.228483270226203 ], [ 28.106119556894939, -27.295255540627899 ], [ 28.132828465055617, -27.368705038069766 ], [ 28.07941064873426, -27.44215453551163 ], [ 27.999283924252225, -27.44215453551163 ], [ 27.932511653850529, -27.435477308471462 ], [ 27.859062156408662, -27.455508989591969 ], [ 27.839030475288155, -27.495572351832987 ], [ 27.792289886006966, -27.508926805913326 ], [ 27.738872069685609, -27.495572351832987 ], [ 27.69213148040442, -27.462186216632141 ], [ 27.625359210002724, -27.448831762551801 ], [ 27.578618620721539, -27.502249578873158 ], [ 27.545232485520689, -27.562344622234683 ], [ 27.511846350319843, -27.63579411967655 ], [ 27.485137442159161, -27.709243617118418 ], [ 27.418365171757465, -27.822756476801299 ], [ 27.311529539114751, -27.869497066082488 ], [ 27.238080041672887, -27.869497066082488 ], [ 27.224725587592548, -27.796047568640621 ], [ 27.271466176873734, -27.749306979359435 ], [ 27.251434495753227, -27.6691802548774 ], [ 27.264788949833566, -27.562344622234683 ], [ 27.318206766154923, -27.488895124792819 ], [ 27.378301809516447, -27.428800081431291 ], [ 27.418365171757465, -27.355350583989427 ], [ 27.438396852877975, -27.255192178386881 ], [ 27.465105761038654, -27.155033772784336 ], [ 27.471782988078822, -27.061552594221961 ], [ 27.558586939601028, -27.068229821262133 ], [ 27.598650301842046, -26.988103096780094 ], [ 27.591973074801878, -26.887944691177552 ], [ 27.505169123279671, -26.854558555976702 ], [ 27.465105761038654, -26.827849647816024 ], [ 27.438396852877975, -26.767754604454499 ], [ 27.465105761038654, -26.714336788133142 ], [ 27.471782988078822, -26.654241744771614 ], [ 27.398333490636958, -26.607501155490425 ], [ 27.298175085034412, -26.634210063651103 ], [ 27.218048360552377, -26.600823928450257 ], [ 27.184662225351531, -26.52737443100839 ], [ 27.19801667943187, -26.453924933566526 ] ] ], [ [ [ 27.314868152634837, -27.955466364224673 ], [ 27.308190925594666, -28.012222794066115 ], [ 27.344915674315601, -28.062301996867387 ], [ 27.301513698554498, -28.122397040228915 ], [ 27.311529539114751, -28.209200991751121 ], [ 27.254773109273309, -28.242587126951967 ], [ 27.224725587592545, -28.169137629510104 ], [ 27.26145033631348, -28.102365359108404 ], [ 27.224725587592545, -28.058963383347304 ], [ 27.234741428152802, -27.992191112945608 ], [ 27.314868152634837, -27.955466364224673 ] ] ] ] } },
{ "type": "Feature", "properties": { "id": 102, "name": "Isle of Birds", "continent": null }, "geometry": { "type": "MultiPolygon", "coordinates": [ [ [ [ 29.346414479606452, -27.598234717575597 ], [ 29.346414479606452, -27.638298079816614 ], [ 29.282980822724841, -27.644975306856786 ], [ 29.222885779363313, -27.6416366933367 ], [ 29.262949141604331, -27.708408963738396 ], [ 29.316366957925688, -27.745133712459332 ], [ 29.359768933686791, -27.77184262062001 ], [ 29.403170909447894, -27.808567369340942 ], [ 29.479959020409844, -27.798551528780688 ], [ 29.499990701530354, -27.851969345102045 ], [ 29.493313474490183, -27.918741615503741 ], [ 29.443234271688912, -27.955466364224673 ], [ 29.376462001287216, -27.972159431825098 ], [ 29.393155068887641, -28.025577248146455 ], [ 29.443234271688912, -28.065640610387472 ], [ 29.486636247450015, -28.102365359108404 ], [ 29.473281793369676, -28.159121788949847 ], [ 29.50332931505044, -28.205862378231036 ], [ 29.56676297193205, -28.215878218791289 ], [ 29.623519401773493, -28.195846537670782 ], [ 29.690291672175189, -28.199185151190864 ], [ 29.750386715536713, -28.215878218791289 ], [ 29.803804531858074, -28.255941581032307 ], [ 29.847206507619173, -28.306020783833581 ], [ 29.877254029299937, -28.36277721367502 ], [ 29.867238188739684, -28.399501962395956 ], [ 29.950703526741805, -28.449581165197227 ], [ 30.044184705304179, -28.399501962395956 ], [ 30.107618362185789, -28.399501962395956 ], [ 30.161036178507146, -28.426210870556634 ], [ 30.197760927228082, -28.469612846317737 ], [ 30.211115381308421, -28.533046503199348 ], [ 30.211115381308421, -28.56977125192028 ], [ 30.261194584109692, -28.616511841201469 ], [ 30.337982695071641, -28.616511841201469 ], [ 30.388061897872916, -28.583125706000619 ], [ 30.454834168274612, -28.586464319520704 ], [ 30.508251984595969, -28.606496000641215 ], [ 30.565008414437411, -28.609834614161297 ], [ 30.581701482037836, -28.579787092480533 ], [ 30.628442071319022, -28.563094024880112 ], [ 30.695214341720717, -28.573109865440365 ], [ 30.765325225642499, -28.576448478960451 ], [ 30.872160858285213, -28.56977125192028 ], [ 30.918901447566402, -28.549739570799773 ], [ 30.985673717968098, -28.563094024880112 ], [ 31.052445988369794, -28.573109865440365 ], [ 31.092509350610811, -28.513014822078837 ], [ 31.11921825877149, -28.452919778717312 ], [ 31.159281621012507, -28.409517802956209 ], [ 31.229392504934289, -28.386147508315617 ], [ 31.262778640135139, -28.382808894795531 ], [ 31.266117253655221, -28.346084146074599 ], [ 31.222715277894121, -28.339406919034428 ], [ 31.175974688612932, -28.336068305514342 ], [ 31.145927166932168, -28.279311875672899 ], [ 31.139249939892, -28.225894059351543 ], [ 31.085832123570643, -28.205862378231036 ], [ 31.055784601889879, -28.219216832311375 ], [ 31.055784601889879, -28.255941581032307 ], [ 31.019059853168947, -28.275973262152817 ], [ 31.002366785568523, -28.306020783833581 ], [ 30.952287582767248, -28.342745532554513 ], [ 30.918901447566402, -28.382808894795531 ], [ 30.842113336604452, -28.399501962395956 ], [ 30.755309385082246, -28.366115827195106 ], [ 30.681859887640378, -28.33272969199426 ], [ 30.611749003718597, -28.33272969199426 ], [ 30.568347027957497, -28.316036624393835 ], [ 30.598394549638257, -28.275973262152817 ], [ 30.658489592999786, -28.252602967512221 ], [ 30.701891568760889, -28.209200991751121 ], [ 30.681859887640378, -28.165799015990018 ], [ 30.635119298359193, -28.142428721349425 ], [ 30.571685641477579, -28.145767334869507 ], [ 30.511590598116054, -28.145767334869507 ], [ 30.484881689955376, -28.122397040228915 ], [ 30.484881689955376, -28.092349518548151 ], [ 30.484881689955376, -28.052286156307133 ], [ 30.424786646593848, -28.04227031574688 ], [ 30.378046057312662, -28.045608929266965 ], [ 30.351337149151981, -28.068979223907558 ], [ 30.294580719310542, -28.085672291507983 ], [ 30.251178743549438, -28.048947542787047 ], [ 30.251178743549438, -28.002206953505862 ], [ 30.184406473147742, -28.002206953505862 ], [ 30.154358951466978, -28.022238634626369 ], [ 30.104279748665707, -28.038931702226794 ], [ 30.057539159384518, -27.978836658865266 ], [ 30.044184705304179, -27.925418842543909 ], [ 30.074232226984943, -27.882016866782809 ], [ 30.114295589225961, -27.858646572142213 ], [ 30.174390632587485, -27.848630731581959 ], [ 30.211115381308421, -27.828599050461449 ], [ 30.217792608348589, -27.798551528780688 ], [ 30.181067859627657, -27.775181234140092 ], [ 30.117634202746046, -27.778519847660178 ], [ 30.067554999944772, -27.758488166539671 ], [ 30.054200545864433, -27.718424804298653 ], [ 30.050861932344347, -27.67502282853755 ], [ 30.012467876863365, -27.647896593686855 ], [ 29.964057980822144, -27.654991147417039 ], [ 29.890608483380277, -27.671684215017464 ], [ 29.817158985938413, -27.671684215017464 ], [ 29.767079783137138, -27.695054509658057 ], [ 29.676937218094849, -27.721763417818735 ], [ 29.580117426012389, -27.685038669097803 ], [ 29.553408517851711, -27.644975306856786 ], [ 29.453250112249165, -27.604911944615768 ], [ 29.416525363528233, -27.568187195894836 ], [ 29.346414479606452, -27.598234717575597 ] ] ], [ [ [ 29.981585701802583, -28.539723730239515 ], [ 29.978247088282497, -28.583125706000619 ], [ 30.014971837003429, -28.616511841201469 ], [ 30.051696585724361, -28.596480160080958 ], [ 30.028326291083768, -28.549739570799773 ], [ 29.981585701802583, -28.539723730239515 ] ] ], [ [ [ 31.304511309136196, -28.25886286786238 ], [ 31.329550910536831, -28.288910389543144 ], [ 31.371283579537891, -28.288910389543144 ], [ 31.426370702619291, -28.293918309823269 ], [ 31.484796439220773, -28.287241082783101 ], [ 31.499820200061155, -28.268878708422633 ], [ 31.469772678380391, -28.245508413782041 ], [ 31.429709316139373, -28.235492573221784 ], [ 31.362937045737677, -28.235492573221784 ], [ 31.304511309136196, -28.25886286786238 ] ] ], [ [ [ 31.574939004263065, -28.247177720542084 ], [ 31.578277617783151, -28.28056385574293 ], [ 31.606655832703868, -28.28056385574293 ], [ 31.615002366504083, -28.262201481382466 ], [ 31.604986525943829, -28.235492573221784 ], [ 31.574939004263065, -28.247177720542084 ] ] ] ] } },
{ "type": "Feature", "properties": { "id": 103, "name": "Stone Head", "continent": null }, "geometry": { "type": "MultiPolygon", "coordinates": [ [ [ [ 26.275830498472022, -21.261286472103645 ], [ 26.31886377471778, -21.308231864371745 ], [ 26.350160702896513, -21.378649952773895 ], [ 26.361897050963538, -21.445155925153703 ], [ 26.357984934941197, -21.511661897533511 ], [ 26.397106095164613, -21.562519405823956 ], [ 26.475348415611446, -21.589904217980347 ], [ 26.557502852080624, -21.589904217980347 ], [ 26.627920940482774, -21.566431521846297 ], [ 26.604448244348724, -21.488189201399461 ], [ 26.592711896281699, -21.41385899697497 ], [ 26.530118039924233, -21.316056096416428 ], [ 26.447963603455054, -21.280847052215353 ], [ 26.401018211186955, -21.222165311880225 ], [ 26.334512238807147, -21.2104289638132 ], [ 26.287566846539047, -21.229989543924908 ], [ 26.275830498472022, -21.261286472103645 ] ] ] ] } },
{ "type": "Feature", "properties": { "id": 104, "name": "Green Shield", "continent": "Westeros" }, "geometry": { "type": "MultiPolygon", "coordinates": [ [ [ [ 6.024621937755531, -1.252134032974742 ], [ 6.05490953349754, -1.229518362579588 ], [ 6.129396835436295, -1.201492832429037 ], [ 6.209111652109256, -1.197494170714832 ], [ 6.323445132234657, -1.144630303560076 ], [ 6.368932645832935, -1.176594502304812 ], [ 6.402126236837083, -1.239293507534871 ], [ 6.491871871774227, -1.245440468831936 ], [ 6.625875628050235, -1.203641132011896 ], [ 6.676280710686164, -1.217164446865439 ], [ 6.676280710686164, -1.276175275317259 ], [ 6.6320225893473, -1.336415496028492 ], [ 6.536129993113092, -1.351168203141447 ], [ 6.498018833071291, -1.386820578664421 ], [ 6.490642479514814, -1.433537484522112 ], [ 6.346803585163502, -1.447060799375655 ], [ 6.318527563197005, -1.407720247074441 ], [ 6.325903916753482, -1.353626987660273 ], [ 6.305004248343463, -1.332727319250253 ], [ 6.260746127004598, -1.326580357953188 ], [ 6.216488005665733, -1.349938810882034 ], [ 6.092725621248027, -1.3499239374768 ], [ 6.051749442904401, -1.363462125735576 ], [ 6.018555851900253, -1.33149792699084 ], [ 6.024621937755531, -1.252134032974742 ] ] ] ] } },
{ "type": "Feature", "properties": { "id": 105, "name": "Grey Shield", "continent": "Westeros" }, "geometry": { "type": "MultiPolygon", "coordinates": [ [ [ [ 4.801457515081461, -1.067178591217063 ], [ 4.860468343533281, -1.080701906070605 ], [ 4.928084917800992, -1.079472513811192 ], [ 4.946525801692186, -1.088078259627082 ], [ 4.971113646880444, -1.089307651886495 ], [ 4.996930884328115, -1.09545461318356 ], [ 5.03258325985109, -1.09545461318356 ], [ 5.065776850855239, -1.086848867367669 ], [ 5.105117403156452, -1.091766436405321 ], [ 5.14761022030057, -1.094340025671235 ], [ 5.258791435583067, -1.139712734522425 ], [ 5.240350551691874, -1.174135717785987 ], [ 5.140769778679427, -1.164300579710683 ], [ 5.087905911524671, -1.152006657116554 ], [ 5.035042044369916, -1.2134762700872 ], [ 4.962507901064554, -1.206099916530723 ], [ 4.910873426169211, -1.201182347493071 ], [ 4.846945028679739, -1.169218148748335 ], [ 4.779328454412028, -1.107748535777689 ], [ 4.801457515081461, -1.067178591217063 ] ] ] ] } },
{ "type": "Feature", "properties": { "id": 106, "name": "Oakenshield", "continent": "Westeros" }, "geometry": { "type": "MultiPolygon", "coordinates": [ [ [ [ 5.279691103993088, -0.688525775317884 ], [ 5.344848893741973, -0.671314283686103 ], [ 5.414924252528508, -0.676231852723755 ], [ 5.461641158386199, -0.682378814020819 ], [ 5.530487124913323, -0.679920029501993 ], [ 5.605480052737511, -0.722948758581445 ], [ 5.633756074704008, -0.751224780547942 ], [ 5.622296001496705, -0.781914966817549 ], [ 5.698913864452893, -0.864328868413931 ], [ 5.709978394787609, -0.908586989752796 ], [ 5.617773975331641, -0.903669420715145 ], [ 5.557684814593567, -0.881451119614273 ], [ 5.500981710687413, -0.912275166531035 ], [ 5.410006683490857, -0.860640691635692 ], [ 5.378042484746121, -0.813923785778001 ], [ 5.387877622821424, -0.780730194773853 ], [ 5.37607499194691, -0.755721242397361 ], [ 5.341160716963734, -0.745077819250878 ], [ 5.284608673030739, -0.715572405024968 ], [ 5.279691103993088, -0.688525775317884 ] ] ] ] } },
{ "type": "Feature", "properties": { "id": 107, "name": "South Shield", "continent": "Westeros" }, "geometry": { "type": "MultiPolygon", "coordinates": [ [ [ [ 5.35222524729845, -1.391738147702073 ], [ 5.384189446043186, -1.385591186405008 ], [ 5.418612429306748, -1.412637816112092 ], [ 5.464099942905026, -1.423702346446809 ], [ 5.531716517172737, -1.422472954187396 ], [ 5.622691544369292, -1.374526656070292 ], [ 5.686619941858765, -1.352397595400859 ], [ 5.737025024494694, -1.370838479292053 ], [ 5.772677400017669, -1.374526656070292 ], [ 5.804641598762405, -1.39050875544266 ], [ 5.787179115815611, -1.453373694051109 ], [ 5.741776660153946, -1.490044908239383 ], [ 5.703359197671001, -1.512746136070213 ], [ 5.671867234745809, -1.555247318203991 ], [ 5.599333091440447, -1.556476710463404 ], [ 5.540322262988627, -1.509759804605713 ], [ 5.440741489976181, -1.519594942681016 ], [ 5.386648230562012, -1.49992466653041 ], [ 5.339414468669054, -1.501781537077356 ], [ 5.341160716963734, -1.45812532971037 ], [ 5.333784363407257, -1.424931738706221 ], [ 5.35222524729845, -1.391738147702073 ] ] ] ] } },
{ "type": "Feature", "properties": { "id": 108, "name": "Skull Island", "continent": "Sothoryos" }, "geometry": { "type": "MultiPolygon", "coordinates": [ [ [ [ 61.905967444150633, -27.536482896740154 ], [ 62.000646002752845, -27.580180693018097 ], [ 62.095324561355056, -27.536482896740154 ], [ 62.124456425540352, -27.441804338137942 ], [ 62.219134984142563, -27.398106541859999 ], [ 62.393926169254335, -27.361691711628382 ], [ 62.481321761810221, -27.427238406045294 ], [ 62.393926169254335, -27.492785100462211 ], [ 62.284681678559473, -27.492785100462211 ], [ 62.219134984142563, -27.558331794879123 ], [ 62.168154221818291, -27.638444421388687 ], [ 62.109890493447701, -27.667576285573983 ], [ 62.095324561355056, -27.7039911158056 ], [ 62.095324561355056, -27.79138670836149 ], [ 62.022494900891814, -27.827801538593107 ], [ 61.920533376243284, -27.827801538593107 ], [ 61.811288885548421, -27.856933402778402 ], [ 61.702044394853566, -27.835084504639433 ], [ 61.738459225085187, -27.754971878129869 ], [ 61.767591089270482, -27.667576285573983 ], [ 61.825854817641073, -27.653010353481335 ], [ 61.854986681826368, -27.587463659064419 ], [ 61.905967444150633, -27.536482896740154 ] ] ] ] } },
{ "type": "Feature", "properties": { "id": 110, "name": "Great Moraq", "continent": null }, "geometry": { "type": "MultiPolygon", "coordinates": [ [ [ [ 85.651702777461168, -18.092838371365982 ], [ 85.70230789628296, -18.008172114875688 ], [ 85.756805716552563, -17.945888891710425 ], [ 85.935869983152699, -17.899176474336475 ], [ 86.11104154830501, -17.929344910557159 ], [ 86.251178800426857, -17.937130313452819 ], [ 86.30567662069646, -17.929344910557159 ], [ 86.387423351100878, -17.867061687391892 ], [ 86.45359927571397, -17.874847090287552 ], [ 86.523667901774886, -17.847598180152747 ], [ 86.558702214805351, -17.921559507661502 ], [ 86.620985437970617, -17.929344910557159 ], [ 86.659912452448907, -17.964379223587621 ], [ 86.694946765479372, -18.022769745305059 ], [ 86.753337287196814, -18.030555148200715 ], [ 86.82340591325773, -17.968271925035449 ], [ 86.877903733527347, -17.968271925035449 ], [ 86.975221269723065, -17.941023014900647 ], [ 87.025826388544843, -18.026662446752887 ], [ 87.037504492888331, -18.123979982948615 ], [ 87.095895014605773, -18.15122889308342 ], [ 87.165963640666689, -18.131765385844272 ], [ 87.232139565279795, -18.197941310457367 ], [ 87.239924968175444, -18.260224533622633 ], [ 87.290530086997222, -18.27579533941395 ], [ 87.364491414505977, -18.27579533941395 ], [ 87.430667339119069, -18.28358074230961 ], [ 87.473487055045197, -18.326400458235728 ], [ 87.547448382553952, -18.353649368370533 ], [ 87.516306770971312, -18.392576382848823 ], [ 87.508521368075662, -18.427610695879284 ], [ 87.555233785449602, -18.454859606014089 ], [ 87.629195112958357, -18.478215814701063 ], [ 87.67590753033231, -18.548284440761989 ], [ 87.672014828884485, -18.618353066822912 ], [ 87.687585634675798, -18.665065484196862 ], [ 87.734298052049752, -18.653387379853374 ], [ 87.773225066528042, -18.583318753792451 ], [ 87.827722886797645, -18.521035530627184 ], [ 87.9016842143064, -18.521035530627184 ], [ 87.963967437471666, -18.443181501670601 ], [ 88.04960686932391, -18.419825292983628 ], [ 88.100211988145688, -18.427610695879284 ], [ 88.174173315654429, -18.36922017416185 ], [ 88.244241941715359, -18.377005577057506 ], [ 88.290954359089312, -18.40814718864014 ], [ 88.34934488080674, -18.400361785744483 ], [ 88.411628103972006, -18.36143477126619 ], [ 88.466125924241624, -18.36143477126619 ], [ 88.493374834376425, -18.431503397327116 ], [ 88.481696730032937, -18.505464724835868 ], [ 88.524516445959051, -18.524928232075013 ], [ 88.582906967676493, -18.524928232075013 ], [ 88.610155877811295, -18.567747948001134 ], [ 88.643243840117833, -18.623218943632693 ], [ 88.756132182104878, -18.611540839289209 ], [ 88.841771613957121, -18.650467853767498 ], [ 88.892376732778899, -18.69328756969362 ], [ 88.958552657391991, -18.69328756969362 ], [ 88.989694268974631, -18.739999987067566 ], [ 88.942981851600678, -18.790605105889345 ], [ 88.896269434226724, -18.845102926158955 ], [ 88.919625642913701, -18.895708044980733 ], [ 88.993586970422456, -18.907386149324221 ], [ 89.063655596483386, -18.91127885077205 ], [ 89.102582610961676, -18.985240178280801 ], [ 89.153187729783454, -19.008596386967778 ], [ 89.199900147157393, -19.039737998550411 ], [ 89.273861474666148, -19.109806624611334 ], [ 89.227149057292209, -19.168197146328769 ], [ 89.176543938470431, -19.265514682524497 ], [ 89.199900147157393, -19.316119801346275 ], [ 89.110368013857325, -19.351154114376737 ], [ 89.110368013857325, -19.413437337542003 ], [ 89.153187729783454, -19.47572056070727 ], [ 89.196007445709569, -19.534111082424708 ], [ 89.246612564531347, -19.576930798350826 ], [ 89.2933249819053, -19.623643215724776 ], [ 89.2933249819053, -19.682033737442215 ], [ 89.33225199638359, -19.693711841785699 ], [ 89.417891428235833, -19.709282647577016 ], [ 89.476281949953261, -19.763780467846626 ], [ 89.476281949953261, -19.806600183772744 ], [ 89.522994367327215, -19.849419899698866 ], [ 89.515208964431551, -19.915595824311961 ], [ 89.460711144161948, -19.970093644581567 ], [ 89.468496547057612, -20.036269569194662 ], [ 89.386749816653193, -20.063518479329467 ], [ 89.347822802174903, -20.090767389464268 ], [ 89.328359294935765, -20.156943314077363 ], [ 89.382857115205368, -20.223119238690458 ], [ 89.484067352848925, -20.318490424162274 ], [ 89.589170291940306, -20.38077364732754 ], [ 89.655346216553411, -20.454734974836295 ], [ 89.651453515105572, -20.548159809584192 ], [ 89.608633799179458, -20.590979525510313 ], [ 89.608633799179458, -20.661048151571237 ], [ 89.573599486148993, -20.711653270393015 ], [ 89.538565173118528, -20.762258389214793 ], [ 89.542457874566367, -20.832327015275716 ], [ 89.476281949953261, -20.863468626858349 ], [ 89.487960054296749, -20.921859148575788 ], [ 89.577492187596818, -20.953000760158421 ], [ 89.643668112209923, -20.953000760158421 ], [ 89.624204604970771, -21.054210997801977 ], [ 89.593062993388145, -21.1242796238629 ], [ 89.600848396283794, -21.194348249923824 ], [ 89.631990007866435, -21.299451189015212 ], [ 89.581384889044656, -21.34227090494133 ], [ 89.515208964431551, -21.35005630783699 ], [ 89.472389248505436, -21.392876023763108 ], [ 89.425676831131483, -21.404554128106597 ], [ 89.375071712309705, -21.455159246928375 ], [ 89.378964413757544, -21.533013275884958 ], [ 89.406213323892345, -21.579725693258908 ], [ 89.44903303981846, -21.614760006289369 ], [ 89.472389248505436, -21.700399438141609 ], [ 89.44124763692281, -21.815234130852566 ], [ 89.44124763692281, -21.920337069943955 ], [ 89.468496547057612, -21.990405696004878 ], [ 89.484067352848925, -22.056581620617973 ], [ 89.44903303981846, -22.111079440887579 ], [ 89.382857115205368, -22.177255365500674 ], [ 89.328359294935765, -22.177255365500674 ], [ 89.273861474666148, -22.173362664052846 ], [ 89.273861474666148, -22.212289678531135 ], [ 89.2933249819053, -22.294036408935547 ], [ 89.402320622444506, -22.317392617622524 ], [ 89.44124763692281, -22.406924750922592 ], [ 89.503530860088077, -22.492564182774831 ], [ 89.499638158640238, -22.621023330553193 ], [ 89.468496547057612, -22.702770060957604 ], [ 89.530779770222878, -22.757267881227211 ], [ 89.542457874566367, -22.831229208735966 ], [ 89.456818442714123, -22.839014611631622 ], [ 89.378964413757544, -22.815658402944649 ], [ 89.340037399279254, -22.846800014527282 ], [ 89.343930100727079, -22.928546744931694 ], [ 89.390642518101032, -22.975259162305644 ], [ 89.421784129683658, -23.033649684023079 ], [ 89.421784129683658, -23.132913570942719 ], [ 89.417891428235833, -23.222445704242791 ], [ 89.398427920996681, -23.276943524512397 ], [ 89.328359294935765, -23.34701215057332 ], [ 89.336144697831415, -23.436544283873392 ], [ 89.305003086248789, -23.498827507038659 ], [ 89.246612564531347, -23.506612909934315 ], [ 89.176543938470431, -23.502720208486487 ], [ 89.090904506618187, -23.506612909934315 ], [ 89.032513984900746, -23.494934805590827 ], [ 88.974123463183304, -23.529969118621288 ], [ 89.03640668634857, -23.557218028756093 ], [ 89.110368013857325, -23.596145043234383 ], [ 89.137616923992127, -23.650642863503993 ], [ 89.160973132679104, -23.7051406837736 ], [ 89.22325635584437, -23.732389593908405 ], [ 89.33225199638359, -23.728496892460573 ], [ 89.402320622444506, -23.779102011282355 ], [ 89.421784129683658, -23.856956040238934 ], [ 89.487960054296749, -23.899775756165056 ], [ 89.554135978909855, -23.923131964852029 ], [ 89.59695569483597, -23.985415188017296 ], [ 89.643668112209923, -24.074947321317364 ], [ 89.643668112209923, -24.164479454617435 ], [ 89.686487828136038, -24.246226185021847 ], [ 89.686487828136038, -24.308509408187113 ], [ 89.635882709314259, -24.359114527008892 ], [ 89.612526500627283, -24.452539361756788 ], [ 89.585277590492481, -24.487573674787253 ], [ 89.526887068775039, -24.503144480578566 ], [ 89.51910166587939, -24.569320405191661 ], [ 89.589170291940306, -24.584891210982978 ], [ 89.705951335375175, -24.586837561706893 ], [ 89.807161573018732, -24.590730263154722 ], [ 89.803268871570893, -24.524554338541627 ], [ 89.873337497631823, -24.50119812985465 ], [ 89.943406123692739, -24.540125144332944 ], [ 89.970655033827555, -24.606301068946038 ], [ 90.009582048305845, -24.684155097902622 ], [ 90.025152854097158, -24.762009126859201 ], [ 90.060187167127623, -24.808721544233151 ], [ 90.130255793188539, -24.832077752920128 ], [ 90.200324419249469, -24.902146378981051 ], [ 90.145826598979866, -24.956644199250658 ], [ 90.0835433758146, -24.991678512281119 ], [ 90.0835433758146, -25.050069033998557 ], [ 90.099114181605913, -25.104566854268164 ], [ 90.060187167127623, -25.151279271642114 ], [ 90.048509062784134, -25.233026002046525 ], [ 90.064079868575448, -25.29141652376396 ], [ 90.103006883053737, -25.33812894113791 ], [ 90.149719300427691, -25.427661074437982 ], [ 90.169182807666829, -25.501622401946733 ], [ 90.15750470332334, -25.598939938142461 ], [ 90.122470390292889, -25.707935578681678 ], [ 90.071865271471111, -25.754647996055628 ], [ 90.025152854097158, -25.778004204742601 ], [ 90.017367451201494, -25.820823920668722 ], [ 90.075757972918936, -25.859750935147012 ], [ 90.188646314905981, -25.867536338042669 ], [ 90.231466030832095, -25.922034158312279 ], [ 90.328783567027827, -25.937604964103596 ], [ 90.348247074266979, -25.988210082925374 ], [ 90.41442299888007, -26.027137097403664 ], [ 90.511740535075802, -26.054386007538469 ], [ 90.57013105679323, -26.054386007538469 ], [ 90.647985085749809, -26.069956813329785 ], [ 90.683019398780274, -26.124454633599392 ], [ 90.651877787197648, -26.214959942261419 ], [ 90.67912669733245, -26.362882597278922 ], [ 90.71805371181074, -26.440736626235505 ], [ 90.694697503123763, -26.569195774013867 ], [ 90.632414279958496, -26.576981176909523 ], [ 90.515633236523627, -26.588659281253012 ], [ 90.410530297432246, -26.596444684148672 ], [ 90.352139775714804, -26.627586295731305 ], [ 90.317105462684339, -26.670406011657423 ], [ 90.301534656893025, -26.717118429031373 ], [ 90.274285746758224, -26.806650562331441 ], [ 90.278178448206049, -26.86504108404888 ], [ 90.212002523592957, -26.897155870993465 ], [ 90.227573329384271, -26.96333179560656 ], [ 90.317105462684339, -26.967224497054389 ], [ 90.379388685849605, -27.052863928906628 ], [ 90.352139775714804, -27.157966867998017 ], [ 90.313212761236514, -27.204679285371967 ], [ 90.285963851101712, -27.325353030254668 ], [ 90.297641955445201, -27.399314357763419 ], [ 90.313212761236514, -27.488846491063491 ], [ 90.313212761236514, -27.531666206989609 ], [ 90.274285746758224, -27.593949430154876 ], [ 90.212002523592957, -27.636769146080997 ], [ 90.165290106219004, -27.703918246056052 ], [ 90.122470390292889, -27.785664976460463 ], [ 90.005689346858006, -27.809021185147436 ], [ 89.908371810662288, -27.844055498177898 ], [ 89.881122900527487, -27.914124124238825 ], [ 89.842195886049183, -27.960836541612775 ], [ 89.764341857092603, -27.972514645956259 ], [ 89.682595126688199, -27.953051138717115 ], [ 89.651453515105558, -27.976407347404091 ], [ 89.667024320896886, -28.042583272017186 ], [ 89.756556454196954, -28.073724883599816 ], [ 89.82662508025787, -28.093188390838964 ], [ 89.8966937063188, -28.139900808212911 ], [ 89.8966937063188, -28.217754837169494 ], [ 89.916157213557938, -28.295608866126077 ], [ 89.970655033827555, -28.295608866126077 ], [ 90.044616361336296, -28.2722526574391 ], [ 90.060187167127623, -28.322857776260882 ], [ 90.032938256992821, -28.365677492187 ], [ 90.029045555544982, -28.484404886345786 ], [ 90.029045555544982, -28.577829721093686 ], [ 90.048509062784134, -28.64400564570678 ], [ 90.044616361336296, -28.714074271767704 ], [ 90.009582048305845, -28.764679390589482 ], [ 89.951191526588403, -28.803606405067775 ], [ 89.947298825140578, -28.830855315202577 ], [ 89.997903943962356, -28.881460434024358 ], [ 90.091328778710249, -28.881460434024358 ], [ 90.176968210562492, -28.900923941263503 ], [ 90.173075509114668, -28.974885268772255 ], [ 90.11857768884505, -29.009919581802716 ], [ 90.169182807666829, -29.060524700624494 ], [ 90.219787926488607, -29.09555901365496 ], [ 90.192539016353805, -29.181198445507199 ], [ 90.219787926488607, -29.266837877359439 ], [ 90.192539016353805, -29.34079920486819 ], [ 90.122470390292889, -29.44200944251175 ], [ 90.091328778710249, -29.500399964229185 ], [ 90.025152854097158, -29.547112381603135 ], [ 90.025152854097158, -29.57436129173794 ], [ 90.0835433758146, -29.609395604768402 ], [ 90.11857768884505, -29.65221532069452 ], [ 90.11857768884505, -29.726176648203275 ], [ 90.103006883053737, -29.749532856890248 ], [ 90.079650674366761, -29.831279587294659 ], [ 90.075757972918936, -29.91497266842298 ], [ 90.032938256992821, -29.981148593036075 ], [ 89.958976929484066, -30.023968308962196 ], [ 89.904479109214449, -30.062895323440486 ], [ 89.85776669184051, -30.125178546605753 ], [ 89.822732378810045, -30.199139874114508 ], [ 89.783805364331755, -30.273101201623259 ], [ 89.764341857092603, -30.339277126236354 ], [ 89.721522141166488, -30.40156034940162 ], [ 89.63977541076207, -30.436594662432082 ], [ 89.60084839628378, -30.483307079806032 ], [ 89.56192138180549, -30.549483004419127 ], [ 89.526887068775025, -30.530019497179982 ], [ 89.499638158640224, -30.444380065327742 ], [ 89.480174651401086, -30.413238453745109 ], [ 89.402320622444492, -30.409345752297277 ], [ 89.363393607966202, -30.358740633475499 ], [ 89.363393607966202, -30.273101201623259 ], [ 89.336144697831401, -30.195247172666676 ], [ 89.289432280457461, -30.175783665427531 ], [ 89.203792848605218, -30.152427456740558 ], [ 89.110368013857311, -30.136856650949241 ], [ 89.071440999379021, -30.121285845157924 ], [ 88.985801567526778, -30.094036935023119 ], [ 88.939089150152839, -30.097929636470948 ], [ 88.845664315404932, -30.175783665427531 ], [ 88.748346779209214, -30.167998262531874 ], [ 88.697741660387436, -30.105715039366608 ], [ 88.600424124191704, -30.020075607514368 ], [ 88.506999289443797, -30.000612100275223 ], [ 88.417467156143729, -29.996719398827391 ], [ 88.308471515604523, -29.96947048869259 ], [ 88.238402889543593, -29.907187265527323 ], [ 88.15276345769135, -29.899401862631663 ], [ 88.047660518599969, -29.938328877109956 ], [ 87.977591892539039, -29.977255891588246 ], [ 87.907523266478123, -29.96168508579693 ], [ 87.891952460686809, -29.899401862631663 ], [ 87.853025446208505, -29.868260251049033 ], [ 87.779064118699765, -29.82933323657074 ], [ 87.708995492638834, -29.82933323657074 ], [ 87.664229425988808, -29.812789255417471 ], [ 87.640873217301831, -29.742720629356548 ], [ 87.656444023093144, -29.664866600399964 ], [ 87.699263739019273, -29.641510391712991 ], [ 87.687585634675784, -29.563656362756408 ], [ 87.629195112958342, -29.528622049725946 ], [ 87.586375397032228, -29.520836646830286 ], [ 87.566911889793076, -29.470231528008508 ], [ 87.539662979658274, -29.450768020769363 ], [ 87.481272457940833, -29.458553423665023 ], [ 87.422881936223405, -29.458553423665023 ], [ 87.38784762319294, -29.431304513530218 ], [ 87.356706011610314, -29.404055603395413 ], [ 87.30999359423636, -29.369021290364952 ], [ 87.228246863831941, -29.361235887469295 ], [ 87.150392834875362, -29.37291399181278 ], [ 87.064753403023118, -29.407948304843245 ], [ 87.010255582753516, -29.400162901947585 ], [ 87.01414828420134, -29.318416171543173 ], [ 86.983006672618714, -29.28727455996054 ], [ 86.959650463931737, -29.263918351273567 ], [ 86.909045345109959, -29.256132948377907 ], [ 86.893474539318646, -29.189957023764812 ], [ 86.912938046557784, -29.096532189016916 ], [ 86.912938046557784, -29.010892757164672 ], [ 86.9401869566926, -28.956394936895066 ], [ 86.889581837870807, -28.890219012281971 ], [ 86.823405913257716, -28.874648206490654 ], [ 86.749444585748961, -28.827935789116705 ], [ 86.702732168375022, -28.76175986450361 ], [ 86.656019751001068, -28.707262044234003 ], [ 86.613200035074954, -28.707262044234003 ], [ 86.570380319148825, -28.746189058712293 ], [ 86.539238707566199, -28.843506594908021 ], [ 86.508097095983558, -28.851291997803681 ], [ 86.480848185848757, -28.773437968847098 ], [ 86.469170081505268, -28.718940148577492 ], [ 86.434135768474803, -28.711154745681831 ], [ 86.387423351100878, -28.691691238442687 ], [ 86.344603635174749, -28.664442328307882 ], [ 86.309569322144284, -28.574910195007813 ], [ 86.348496336622588, -28.489270763155574 ], [ 86.391316052548703, -28.384167824064185 ], [ 86.391316052548703, -28.294635690764117 ], [ 86.387423351100878, -28.197318154568389 ], [ 86.364067142413901, -28.068859006790028 ], [ 86.290105814905147, -27.983219574937788 ], [ 86.270642307665995, -27.94039985901167 ], [ 86.26674960621817, -27.882982512656135 ], [ 86.329032829383436, -27.859626303969161 ], [ 86.367959843861726, -27.786638151822419 ], [ 86.348496336622588, -27.669857108387546 ], [ 86.379637948205215, -27.619251989565768 ], [ 86.449706574266145, -27.541397960609185 ], [ 86.504204394535748, -27.545290662057013 ], [ 86.570380319148839, -27.424616917174312 ], [ 86.539238707566213, -27.350655589665561 ], [ 86.445813872818306, -27.374011798352534 ], [ 86.379637948205215, -27.385689902696022 ], [ 86.282320412009483, -27.38179720124819 ], [ 86.185002875813765, -27.38179720124819 ], [ 86.134397756991987, -27.319513978082927 ], [ 86.095470742513683, -27.226089143335027 ], [ 86.052651026587569, -27.159913218721933 ], [ 85.912513774465722, -27.163805920169761 ], [ 85.846337849852631, -27.152127815826276 ], [ 85.799625432478678, -27.097629995556666 ], [ 85.799625432478678, -27.008097862256598 ], [ 85.741234910761236, -26.934136534747843 ], [ 85.628346568774191, -26.875746013030408 ], [ 85.604990360087214, -26.782321178282508 ], [ 85.67116628470032, -26.720037955117242 ], [ 85.749020313656899, -26.622720418921514 ], [ 85.749020313656899, -26.564329897204079 ], [ 85.725664104969923, -26.486475868247496 ], [ 85.663380881804656, -26.412514540738744 ], [ 85.667273583252481, -26.342445914677818 ], [ 85.760698418000388, -26.307411601647356 ], [ 85.838552446956967, -26.25875283354949 ], [ 85.889157565778746, -26.169220700249422 ], [ 85.943655386048349, -26.196469610384224 ], [ 85.986475101974477, -26.118615581427644 ], [ 86.076007235274545, -26.134186387218961 ], [ 86.18889557726159, -26.114722879979812 ], [ 86.142183159887637, -26.064117761158034 ], [ 86.07989993672237, -26.040761552471061 ], [ 86.025402116452767, -26.009619940888427 ], [ 85.998153206317966, -25.959014822066649 ], [ 85.920299177361386, -25.955122120618821 ], [ 85.881372162883082, -25.931765911931844 ], [ 85.877479461435257, -25.885053494557898 ], [ 85.885264864330921, -25.803306764153486 ], [ 85.819088939717815, -25.729345436644731 ], [ 85.745127612209075, -25.667062213479465 ], [ 85.67116628470032, -25.643706004792492 ], [ 85.616668464430703, -25.546388468596763 ], [ 85.531029032578473, -25.565851975835908 ], [ 85.480423913756695, -25.569744677283737 ], [ 85.433711496382742, -25.51524685701413 ], [ 85.40646258624794, -25.433500126609719 ], [ 85.422033392039253, -25.316719083174846 ], [ 85.480423913756695, -25.242757755666094 ], [ 85.44538960072623, -25.145440219470366 ], [ 85.45317500362188, -25.040337280378978 ], [ 85.410355287695765, -24.970268654318055 ], [ 85.33639396018701, -24.970268654318055 ], [ 85.33639396018701, -25.040337280378978 ], [ 85.254647229782606, -25.141547518022534 ], [ 85.157329693586874, -25.137654816574706 ], [ 85.14954429069121, -25.254435860009579 ], [ 85.075582963182455, -25.328397187518334 ], [ 85.021085142912852, -25.320611784622674 ], [ 85.005514337121539, -25.250543158561751 ], [ 84.962694621195411, -25.188259935396484 ], [ 85.013299740017189, -25.161011025261683 ], [ 85.032763247256341, -25.052015384722466 ], [ 84.989943531330226, -24.95080514707891 ], [ 84.884840592238831, -24.765901828307037 ], [ 84.900411398030144, -24.532339741437291 ], [ 84.760274145908298, -24.470056518272024 ], [ 84.620136893786452, -24.423344100898074 ], [ 84.557853670621185, -24.236494431402278 ], [ 84.729132534325672, -24.065215567697798 ], [ 84.633761348853866, -23.918266088042188 ], [ 84.46248248514938, -23.894909879355211 ], [ 84.427448172118915, -23.797592343159486 ], [ 84.293149972168806, -23.738228646080152 ], [ 84.170529876562199, -23.571815659185397 ], [ 84.302881725788396, -23.501747033124474 ], [ 84.402145612708026, -23.426812530253823 ], [ 84.427448172118915, -23.322682766524334 ], [ 84.402145612708026, -23.22439205496671 ], [ 84.446911679358067, -23.081335276758928 ], [ 84.489731395284181, -22.972339636219715 ], [ 84.443018977910242, -22.890592905815303 ], [ 84.335969688094934, -22.864317171042515 ], [ 84.199725137420913, -22.766999634846787 ], [ 84.141334615703471, -22.70471641168152 ], [ 84.088783146157795, -22.649245416049954 ], [ 84.022607221544689, -22.575284088541199 ], [ 83.925289685348972, -22.594747595780348 ], [ 83.808508641914088, -22.532464372615081 ], [ 83.78904513467495, -22.474073850897643 ], [ 83.82797214915324, -22.388434419045403 ], [ 83.925289685348972, -22.298902285745335 ], [ 83.952538595483773, -22.205477450997435 ], [ 83.890255372318506, -22.154872332175657 ], [ 83.812401343361927, -22.13151612348868 ], [ 83.824079447705415, -22.041983990188612 ], [ 83.769581627435798, -21.983593468471177 ], [ 83.672264091240081, -21.987486169919006 ], [ 83.594410062283487, -21.956344558336372 ], [ 83.53212683911822, -21.878490529379789 ], [ 83.582731957939998, -21.796743798975378 ], [ 83.555483047805197, -21.691640859883993 ], [ 83.512663331879082, -21.637143039614383 ], [ 83.407560392787701, -21.606001428031753 ], [ 83.321920960935458, -21.563181712105632 ], [ 83.205139917500574, -21.551503607762143 ], [ 83.096144276961368, -21.516469294731682 ], [ 83.061109963930903, -21.454186071566415 ], [ 83.002719442213461, -21.407473654192469 ], [ 82.909294607465569, -21.39579554984898 ], [ 82.870367592987279, -21.367573464352223 ], [ 82.874260294435103, -21.278041331052155 ], [ 83.0066121436613, -21.239114316573861 ], [ 83.092251575513529, -21.169045690512938 ], [ 83.127285888543994, -21.040586542734577 ], [ 83.135071291439658, -20.896556589164899 ], [ 83.150642097230971, -20.822595261656147 ], [ 83.061109963930903, -20.775882844282197 ], [ 82.97547053207866, -20.736955829803907 ], [ 82.987148636422148, -20.647423696503836 ], [ 83.08446617261788, -20.631852890712519 ], [ 83.115607784200506, -20.530642653068963 ], [ 83.100036978409193, -20.448895922664551 ], [ 83.068895366826567, -20.386612699499288 ], [ 82.998826740765637, -20.372988244431887 ], [ 82.952114323391683, -20.302919618370961 ], [ 83.037753755243926, -20.299026916923133 ], [ 83.05332456103524, -20.213387485070893 ], [ 83.131178589991833, -20.166675067696943 ], [ 83.209032618948413, -20.170567769144771 ], [ 83.290779349352817, -20.100499143083848 ], [ 83.356955273965909, -20.034323218470753 ], [ 83.438702004370327, -19.929220279379368 ], [ 83.512663331879082, -19.792975728705347 ], [ 83.53212683911822, -19.699550893957451 ], [ 83.598302763731326, -19.594447954866062 ], [ 83.676156792687905, -19.602233357761722 ], [ 83.769581627435798, -19.590555253418234 ], [ 83.769581627435798, -19.532164731700799 ], [ 83.75790352309231, -19.468908333173513 ], [ 83.777367030331462, -19.39981288247461 ], [ 83.86689916363153, -19.360885867996316 ], [ 83.983680207066399, -19.360885867996316 ], [ 84.123817459188245, -19.333636957861515 ], [ 84.228920398279641, -19.255782928904932 ], [ 84.357379546057999, -19.25967563035276 ], [ 84.392413859088464, -19.310280749174538 ], [ 84.474160589492868, -19.290817241935393 ], [ 84.53255111121031, -19.22074861587447 ], [ 84.544229215553798, -19.150679989813543 ], [ 84.622083244510378, -19.084504065200449 ], [ 84.71940078070611, -19.076718662304792 ], [ 84.797254809662689, -18.99497193190038 ], [ 84.882894241514933, -18.897654395704652 ], [ 84.879001540067094, -18.873325011655723 ], [ 84.991889882054139, -18.838290698625258 ], [ 85.08920741824987, -18.811041788490456 ], [ 85.159276044310801, -18.713724252294728 ], [ 85.120349029832497, -18.643655626233805 ], [ 85.174846850102114, -18.550230791485905 ], [ 85.229344670371717, -18.550230791485905 ], [ 85.159276044310801, -18.503518374111955 ], [ 85.139812537071649, -18.456805956738005 ], [ 85.213773864580403, -18.425664345155372 ], [ 85.24491547616303, -18.340024913303132 ], [ 85.303305997880472, -18.285527093033526 ], [ 85.338340310910937, -18.214485291610639 ], [ 85.381160026837051, -18.144416665549716 ], [ 85.470692160137119, -18.093811546727938 ], [ 85.494048368824096, -18.031528323562672 ], [ 85.556331591989363, -18.000386711980042 ], [ 85.634185620945942, -18.04320642790616 ], [ 85.651702777461168, -18.092838371365982 ] ] ] ] } },
{ "type": "Feature", "properties": { "id": 111, "name": "Qal", "continent": null }, "geometry": { "type": "MultiPolygon", "coordinates": [ [ [ [ 86.770854443712039, -17.215034194880463 ], [ 86.872064681355596, -17.144965568819536 ], [ 86.942133307416512, -17.144965568819536 ], [ 87.004416530581778, -17.207248791984803 ], [ 87.113412171120999, -17.207248791984803 ], [ 87.214622408764555, -17.17610718040217 ], [ 87.311939944960287, -17.160536374610853 ], [ 87.36643776522989, -17.071004241310785 ], [ 87.479326107216934, -17.086575047102102 ], [ 87.553287434725689, -17.12939476302822 ], [ 87.673961179608384, -17.109931255789075 ], [ 87.724566298430162, -17.179999881850001 ], [ 87.767386014356291, -17.242283105015265 ], [ 87.868596251999847, -17.265639313702241 ], [ 88.012626205569518, -17.265639313702241 ], [ 88.090480234526098, -17.207248791984803 ], [ 88.183905069274005, -17.26953201515007 ], [ 88.211153979408806, -17.339600641210993 ], [ 88.273437202574073, -17.386313058584943 ], [ 88.362969335874141, -17.401883864376259 ], [ 88.347398530082828, -17.456381684645866 ], [ 88.304578814156699, -17.503094102019816 ], [ 88.324042321395851, -17.561484623737254 ], [ 88.339613127187164, -17.612089742559032 ], [ 88.324042321395851, -17.674372965724299 ], [ 88.347398530082828, -17.721085383098245 ], [ 88.448608767726384, -17.697729174411272 ], [ 88.491428483652498, -17.771690501920023 ], [ 88.44082336483072, -17.849544530876607 ], [ 88.44082336483072, -17.954647469967995 ], [ 88.359076634426316, -17.954647469967995 ], [ 88.226724785200119, -17.923505858385361 ], [ 88.152763457691364, -17.869008038115751 ], [ 88.090480234526098, -17.806724814950488 ], [ 88.024304309913006, -17.740548890337394 ], [ 87.92309407226945, -17.744441591785222 ], [ 87.821883834625893, -17.732763487441733 ], [ 87.767386014356291, -17.705514577306928 ], [ 87.681746582504047, -17.74833429323305 ], [ 87.603892553547468, -17.763905099024367 ], [ 87.522145823143049, -17.760012397576538 ], [ 87.510467718799561, -17.705514577306928 ], [ 87.557180136173514, -17.674372965724299 ], [ 87.537716628934362, -17.608197041111204 ], [ 87.444291794186469, -17.588733533872055 ], [ 87.36643776522989, -17.588733533872055 ], [ 87.304154542064623, -17.623767846902517 ], [ 87.195158901525403, -17.600411638215544 ], [ 87.125090275464487, -17.56927002663291 ], [ 87.035558142164419, -17.577055429528571 ], [ 86.99273842623829, -17.577055429528571 ], [ 86.99273842623829, -17.506986803467644 ], [ 86.946026008864337, -17.471952490437182 ], [ 86.899313591490397, -17.483630594780671 ], [ 86.856493875564269, -17.471952490437182 ], [ 86.856493875564269, -17.409669267271916 ], [ 86.837030368325131, -17.347386044106653 ], [ 86.798103353846841, -17.335707939763164 ], [ 86.759176339368551, -17.285102820941386 ], [ 86.728034727785911, -17.277317418045726 ], [ 86.770854443712039, -17.215034194880463 ] ] ] ] } },
{ "type": "Feature", "properties": { "id": 112, "name": "Vahar", "continent": null }, "geometry": { "type": "MultiPolygon", "coordinates": [ [ [ [ 83.351116221794186, -24.890468274637509 ], [ 83.425077549302927, -24.929395289115799 ], [ 83.530180488394322, -24.925502587667971 ], [ 83.600249114455238, -24.944966094907116 ], [ 83.608034517350902, -25.061747138341989 ], [ 83.600249114455238, -25.162957375985549 ], [ 83.643068830381367, -25.221347897702984 ], [ 83.584678308663925, -25.295309225211739 ], [ 83.530180488394322, -25.326450836794372 ], [ 83.51071698115517, -25.40819756719878 ], [ 83.456219160885567, -25.447124581677073 ], [ 83.409506743511614, -25.50162240194668 ], [ 83.425077549302927, -25.563905625111946 ], [ 83.526287786946483, -25.630081549725041 ], [ 83.530180488394322, -25.719613683025109 ], [ 83.600249114455238, -25.774111503294719 ], [ 83.604141815903077, -25.871429039490447 ], [ 83.573000204320437, -25.910356053968737 ], [ 83.584678308663925, -26.007673590164465 ], [ 83.5807856072161, -26.0660641118819 ], [ 83.522395085498658, -26.124454633599338 ], [ 83.464004563781216, -26.168247524887413 ], [ 83.444541056542079, -26.234423449500508 ], [ 83.370579729033324, -26.281135866874457 ], [ 83.261584088494104, -26.273350463978797 ], [ 83.238227879807141, -26.199389136470046 ], [ 83.28494029718108, -26.152676719096096 ], [ 83.238227879807141, -26.059251884348196 ], [ 83.195408163881012, -25.981397855391613 ], [ 83.175944656641875, -25.899651124987201 ], [ 83.125339537820096, -25.860724110508912 ], [ 83.016343897280876, -25.845153304717595 ], [ 82.95406067411561, -25.767299275761012 ], [ 82.977416882802586, -25.708908754043577 ], [ 82.965738778459098, -25.619376620743505 ], [ 82.907348256741656, -25.557093397578242 ], [ 82.841172332128565, -25.533737188891266 ], [ 82.759425601724161, -25.467561264278171 ], [ 82.774996407515474, -25.374136429530271 ], [ 82.872313943711191, -25.327424012156325 ], [ 82.9929876885939, -25.284604296230203 ], [ 82.996880390041724, -25.20675026727362 ], [ 83.016343897280876, -25.132788939764868 ], [ 83.133124940715746, -25.109432731077892 ], [ 83.218764372567989, -25.051042209360457 ], [ 83.292725700076744, -24.992651687643018 ], [ 83.288832998628919, -24.930368464477755 ], [ 83.351116221794186, -24.890468274637509 ] ] ] ] } },
{ "type": "Feature", "properties": { "id": 114, "name": "Lesser Moraq", "continent": null }, "geometry": { "type": "MultiPolygon", "coordinates": [ [ [ [ 81.489431754369932, -25.573637378731522 ], [ 81.559500380430862, -25.667062213479422 ], [ 81.722993841239685, -25.674847616375079 ], [ 81.777491661509288, -25.799414062705612 ], [ 81.769706258613624, -25.923980509036141 ], [ 81.824204078883241, -26.017405343784041 ], [ 81.933199719422447, -26.095259372740621 ], [ 82.042195359961667, -26.141971790114571 ], [ 82.09669318023127, -26.243182027758127 ], [ 82.158976403396537, -26.35217766829734 ], [ 82.20568882077049, -26.430031697253924 ], [ 82.182332612083513, -26.507885726210503 ], [ 82.24461583524878, -26.593525158062747 ], [ 82.400323893161939, -26.65580838122801 ], [ 82.462607116327206, -26.718091604393276 ], [ 82.556031951075113, -26.757018618871566 ], [ 82.680598397405632, -26.757018618871566 ], [ 82.711740008988272, -26.819301842036833 ], [ 82.672812994509982, -26.873799662306439 ], [ 82.680598397405632, -26.920512079680389 ], [ 82.641671382927342, -26.959439094158679 ], [ 82.742881620570898, -27.006151511532629 ], [ 82.742881620570898, -27.091790943384868 ], [ 82.633885980031692, -27.169644972341452 ], [ 82.524890339492472, -27.216357389715398 ], [ 82.43146550474458, -27.278640612880665 ], [ 82.361396878683649, -27.410992462106854 ], [ 82.384753087370626, -27.551129714228701 ], [ 82.376967684474963, -27.660125354767914 ], [ 82.32246986420536, -27.699052369246207 ], [ 82.28354284972707, -27.76133559241147 ], [ 82.151191000500887, -27.831404218472397 ], [ 82.104478583126934, -27.878116635846343 ], [ 82.190118014979177, -27.909258247428976 ], [ 82.21347422366614, -28.041610096655166 ], [ 82.299113655518383, -28.041610096655166 ], [ 82.299113655518383, -28.166176542985696 ], [ 82.306899058414047, -28.306313795107545 ], [ 82.32246986420536, -28.415309435646758 ], [ 82.275757446831406, -28.454236450125048 ], [ 82.190118014979177, -28.524305076185971 ], [ 82.12783479181391, -28.609944508038215 ], [ 82.12783479181391, -28.695583939890454 ], [ 82.09669318023127, -28.765652565951378 ], [ 82.034409957066003, -28.796794177534011 ], [ 81.995482942587714, -28.866862803594934 ], [ 82.042195359961667, -28.92136062386454 ], [ 82.065551568648644, -29.00700005571678 ], [ 82.065551568648644, -29.123781099151653 ], [ 82.120049388918247, -29.232776739690866 ], [ 82.05776616575298, -29.318416171543106 ], [ 81.972126733900737, -29.365128588917056 ], [ 81.902058107839821, -29.458553423664956 ], [ 81.878701899152844, -29.551978258412852 ], [ 81.816418675987578, -29.575334467099825 ], [ 81.769706258613624, -29.637617690265092 ], [ 81.738564647030998, -29.715471719221675 ], [ 81.676281423865731, -29.723257122117332 ], [ 81.598427394909152, -29.676544704743382 ], [ 81.559500380430862, -29.567549064204169 ], [ 81.528358768848221, -29.513051243934562 ], [ 81.450504739891642, -29.474124229456272 ], [ 81.450504739891642, -29.388484797604029 ], [ 81.505002560161259, -29.287274559960473 ], [ 81.512787963056908, -29.13156650204731 ], [ 81.481646351474282, -29.05371247309073 ], [ 81.434933934100329, -28.975858444134147 ], [ 81.380436113830726, -28.820150386220984 ], [ 81.302582084874146, -28.703369342786111 ], [ 81.403792322517702, -28.609944508038215 ], [ 81.372650710935062, -28.516519673290315 ], [ 81.302582084874146, -28.508734270394658 ], [ 81.170230235647949, -28.391953226959785 ], [ 81.162444832752286, -28.314099198003202 ], [ 81.006736774839126, -28.290742989316229 ], [ 80.89774113429992, -28.220674363255306 ], [ 80.796530896656364, -28.189532751672672 ], [ 80.75760388217806, -28.096107916924772 ], [ 80.656393644534504, -28.057180902446483 ], [ 80.555183406890947, -28.002683082176876 ], [ 80.570754212682274, -27.932614456115953 ], [ 80.648608241638854, -27.89368744163766 ], [ 80.671964450325831, -27.737979383724497 ], [ 80.664179047430167, -27.621198340289624 ], [ 80.664179047430167, -27.473275685272117 ], [ 80.710891464804121, -27.387636253419878 ], [ 80.695320659012808, -27.247499001298031 ], [ 80.75760388217806, -27.185215778132765 ], [ 80.851028716925967, -27.185215778132765 ], [ 80.835457911134654, -27.091790943384868 ], [ 80.882170328508593, -27.021722317323945 ], [ 80.882170328508593, -26.990580705741312 ], [ 80.7887454937607, -26.943868288367362 ], [ 80.687535256117144, -26.967224497054339 ], [ 80.609681227160564, -26.920512079680389 ], [ 80.570754212682274, -26.850443453619466 ], [ 80.485114780830031, -26.866014259410782 ], [ 80.415046154769101, -26.928297482576045 ], [ 80.321621320021208, -26.904941273889072 ], [ 80.290479708438582, -26.834872647828149 ], [ 80.220411082377652, -26.733662410184593 ], [ 80.142557053421072, -26.686949992810643 ], [ 80.173698665003698, -26.585739755167086 ], [ 80.290479708438582, -26.593525158062747 ], [ 80.415046154769101, -26.53124193489748 ], [ 80.477329377934367, -26.43781710014958 ], [ 80.547398003995298, -26.289894445132077 ], [ 80.578539615577924, -26.219825819071151 ], [ 80.664179047430167, -26.219825819071151 ], [ 80.804316299552013, -26.227611221966811 ], [ 80.874384925612944, -26.157542595905888 ], [ 80.94445355167386, -26.040761552471015 ], [ 81.076805400900056, -26.001834537992725 ], [ 81.185801041439262, -25.978478329305748 ], [ 81.248084264604529, -25.861697285870875 ], [ 81.185801041439262, -25.783843256914295 ], [ 81.084590803795706, -25.783843256914295 ], [ 81.20137184723059, -25.690418422166395 ], [ 81.279225876187169, -25.674847616375079 ], [ 81.287011279082819, -25.589208184522839 ], [ 81.388221516726375, -25.558066572940206 ], [ 81.489431754369932, -25.573637378731522 ] ] ] ] } },
{ "type": "Feature", "properties": { "id": 115, "name": null, "continent": null }, "geometry": { "type": "MultiPolygon", "coordinates": [ [ [ [ 80.742033076386747, -30.801535423165991 ], [ 80.734247673491097, -30.965028883974814 ], [ 80.742033076386747, -31.074024524514027 ], [ 80.804316299552013, -31.206376373740216 ], [ 80.726462270595434, -31.307586611383773 ], [ 80.773174687969387, -31.447723863505619 ], [ 80.835457911134654, -31.533363295357859 ], [ 80.86659952271728, -31.626788130105759 ], [ 80.967809760360836, -31.657929741688392 ], [ 81.09237620669137, -31.665715144584048 ], [ 81.123517818273996, -31.774710785123261 ], [ 81.170230235647949, -31.681285950375365 ], [ 81.162444832752286, -31.548934101149175 ], [ 81.302582084874146, -31.510007086670885 ], [ 81.434933934100329, -31.510007086670885 ], [ 81.512787963056908, -31.556719504044835 ], [ 81.606212797804815, -31.510007086670885 ], [ 81.730779244135334, -31.424367654818646 ], [ 81.824204078883241, -31.362084431653379 ], [ 81.863131093361531, -31.229732582427189 ], [ 81.917628913631134, -31.1908055679489 ], [ 81.987697539692064, -31.214161776635873 ], [ 82.112263986022583, -31.206376373740216 ], [ 82.1667618062922, -31.112951538992316 ], [ 82.21347422366614, -30.965028883974814 ], [ 82.32246986420536, -30.965028883974814 ], [ 82.32246986420536, -31.097380733201 ], [ 82.275757446831406, -31.23751798532285 ], [ 82.275757446831406, -31.338728222966406 ], [ 82.229045029457467, -31.393226043236012 ], [ 82.081122374439957, -31.471080072192596 ], [ 81.979912136796401, -31.494436280879569 ], [ 81.979912136796401, -31.580075712731809 ], [ 81.816418675987578, -31.704642159062338 ], [ 81.746350049926662, -31.836994008288528 ], [ 81.652925215178755, -31.984916663306034 ], [ 81.559500380430862, -32.086126900949587 ], [ 81.512787963056908, -32.187337138593143 ], [ 81.434933934100329, -32.234049555967097 ], [ 81.341509099352436, -32.24962036175841 ], [ 81.325938293561109, -32.2885473762367 ], [ 81.450504739891642, -32.327474390714997 ], [ 81.466075545682955, -32.405328419671577 ], [ 81.520573365952572, -32.413113822567233 ], [ 81.520573365952572, -32.4753970457325 ], [ 81.543929574639549, -32.576607283376056 ], [ 81.388221516726375, -32.716744535497902 ], [ 81.388221516726375, -32.810169370245802 ], [ 81.403792322517702, -32.864667190515405 ], [ 81.341509099352436, -32.872452593411069 ], [ 81.263655070395842, -32.965877428158961 ], [ 81.240298861708879, -33.074873068698182 ], [ 81.263655070395842, -33.199439515028708 ], [ 81.178015638543613, -33.261722738193974 ], [ 81.069019998004393, -33.285078946880951 ], [ 81.069019998004393, -33.347362170046217 ], [ 81.139088624065323, -33.421323497554972 ], [ 81.178015638543613, -33.538104540989842 ], [ 81.139088624065323, -33.639314778633398 ], [ 81.162444832752286, -33.724954210485642 ], [ 81.287011279082819, -33.654885584424719 ], [ 81.403792322517702, -33.647100181529062 ], [ 81.559500380430862, -33.623743972842085 ], [ 81.660710618074418, -33.569246152572475 ], [ 81.738564647030998, -33.577031555468139 ], [ 81.707423035448357, -33.686027196007352 ], [ 81.800847870196264, -33.717168807589985 ], [ 81.933199719422447, -33.717168807589985 ], [ 82.011053748379027, -33.662670987320375 ], [ 82.158976403396537, -33.647100181529062 ], [ 82.338040669996673, -33.615958569946429 ], [ 82.447036310535893, -33.483606720720239 ], [ 82.571602756866426, -33.483606720720239 ], [ 82.563817353970762, -33.654885584424719 ], [ 82.501534130805496, -33.771666627859588 ], [ 82.485963325014183, -33.833949851024855 ], [ 82.485963325014183, -33.942945491564068 ], [ 82.39253849026629, -34.028584923416311 ], [ 82.275757446831406, -34.028584923416311 ], [ 82.260186641040093, -34.090868146581577 ], [ 82.158976403396537, -34.129795161059867 ], [ 82.088907777335621, -34.192078384225134 ], [ 82.01883915127469, -34.231005398703424 ], [ 81.894272704944157, -34.231005398703424 ], [ 81.808633273091914, -34.31664483055566 ], [ 81.684066826761395, -34.402284262407903 ], [ 81.660710618074418, -34.480138291364483 ], [ 81.575071186222175, -34.557992320321063 ], [ 81.567285783326511, -34.666987960860283 ], [ 81.512787963056908, -34.822696018773442 ], [ 81.333723696456772, -34.853837630356075 ], [ 81.216942653021903, -34.923906256416998 ], [ 81.115732415378346, -35.017331091164898 ], [ 81.022307580630439, -35.071828911434508 ], [ 80.835457911134654, -35.102970523017142 ], [ 80.734247673491097, -35.056258105643188 ], [ 80.687535256117144, -34.993974882477922 ], [ 80.617466630056214, -34.884979241938709 ], [ 80.492900183725695, -34.830481421669099 ], [ 80.352762931603849, -34.775983601399496 ], [ 80.274908902647255, -34.682558766651596 ], [ 80.119200844734095, -34.666987960860283 ], [ 79.986848995507913, -34.635846349277649 ], [ 79.908994966551319, -34.511279902947116 ], [ 79.768857714429473, -34.50349450005146 ], [ 79.574222642038023, -34.519065305842773 ], [ 79.574222642038023, -34.386713456616583 ], [ 79.60536425362065, -34.31664483055566 ], [ 79.543081030455397, -34.254361607390393 ], [ 79.434085389916177, -34.215434592912104 ], [ 79.356231360959598, -34.192078384225134 ], [ 79.332875152272621, -34.122009758164211 ], [ 79.379587569646574, -34.036370326311967 ], [ 79.325089749376957, -33.896233074190121 ], [ 79.387372972542224, -33.810593642337878 ], [ 79.55865183624671, -33.818379045233542 ], [ 79.71435989415987, -33.732739613381298 ], [ 79.870067952073029, -33.662670987320375 ], [ 79.994634398403562, -33.662670987320375 ], [ 80.095844636047119, -33.600387764155109 ], [ 80.103630038942782, -33.538104540989842 ], [ 80.197054873690675, -33.553675346781162 ], [ 80.212625679481988, -33.397967288867996 ], [ 80.352762931603849, -33.296757051224439 ], [ 80.267123499751605, -33.17997600778957 ], [ 80.220411082377652, -33.078765770146013 ], [ 80.259338096855942, -32.938628518024167 ], [ 80.313835917125544, -32.868559891963244 ], [ 80.337192125812521, -32.775135057215344 ], [ 80.282694305542918, -32.689495625363101 ], [ 80.220411082377652, -32.634997805093498 ], [ 80.150342456316736, -32.588285387719544 ], [ 80.165913262108049, -32.471504344284675 ], [ 80.251552693960292, -32.432577329806385 ], [ 80.298265111334231, -32.292440077684539 ], [ 80.368333737395162, -32.245727660310585 ], [ 80.352762931603849, -32.121161213980059 ], [ 80.469543975038718, -31.988809364753866 ], [ 80.446187766351741, -31.825315903945047 ], [ 80.422831557664765, -31.646251637344907 ], [ 80.453973169247405, -31.537255996805694 ], [ 80.446187766351741, -31.451616564953454 ], [ 80.500685586621344, -31.334835521518581 ], [ 80.555183406890947, -31.218054478083708 ], [ 80.547398003995298, -31.093488031753175 ], [ 80.531827198203985, -31.000063197005279 ], [ 80.531827198203985, -30.914423765153039 ], [ 80.625252032951877, -30.914423765153039 ], [ 80.742033076386747, -30.801535423165991 ] ] ], [ [ [ 82.011053748379027, -32.315796286371508 ], [ 82.1667618062922, -32.315796286371508 ], [ 82.28354284972707, -32.269083868997562 ], [ 82.408109296057603, -32.152302825562685 ], [ 82.532675742388136, -32.175659034249662 ], [ 82.657242188718669, -32.082234199501762 ], [ 82.719525411883922, -31.949882350275576 ], [ 82.812950246631829, -31.965453156066893 ], [ 82.797379440840515, -32.121161213980059 ], [ 82.851877261110118, -32.245727660310585 ], [ 82.789594037944852, -32.346937897954142 ], [ 82.711740008988272, -32.401435718223752 ], [ 82.602744368449052, -32.479289747180331 ], [ 82.680598397405632, -32.533787567449941 ], [ 82.711740008988272, -32.619426999302178 ], [ 82.828521052423142, -32.619426999302178 ], [ 82.929731290066698, -32.697281028258764 ], [ 82.890804275588408, -32.798491265902321 ], [ 82.703954606092609, -32.852989086171924 ], [ 82.587173562657739, -32.923057712232847 ], [ 82.423680101848916, -32.946413920919824 ], [ 82.229045029457467, -33.04762415856338 ], [ 82.151191000500887, -33.17997600778957 ], [ 81.956555928109424, -33.17997600778957 ], [ 81.855345690465867, -33.16440520199825 ], [ 81.722993841239685, -33.133263590415616 ], [ 81.777491661509288, -33.039838755667724 ], [ 81.886487302048508, -32.95419932381548 ], [ 82.049980762857331, -32.938628518024167 ], [ 82.05776616575298, -32.790705863006657 ], [ 82.104478583126934, -32.720637236945734 ], [ 81.995482942587714, -32.705066431154421 ], [ 81.948770525213774, -32.650568610884811 ], [ 81.847560287570218, -32.642783207989154 ], [ 81.831989481778891, -32.596070790615208 ], [ 81.917628913631134, -32.572714581928231 ], [ 81.964341331005087, -32.463718941389018 ], [ 82.011053748379027, -32.315796286371508 ] ] ] ] } },
{ "type": "Feature", "properties": { "id": 116, "name": null, "continent": null }, "geometry": { "type": "MultiPolygon", "coordinates": [ [ [ [ 85.062931683477032, -29.960711910434906 ], [ 84.977292251624789, -30.038565939391489 ], [ 84.977292251624789, -30.131990774139389 ], [ 85.070717086372682, -30.217630205991629 ], [ 85.187498129807551, -30.295484234948209 ], [ 85.241995950077168, -30.412265278383082 ], [ 85.241995950077168, -30.529046321817955 ], [ 85.273137561659794, -30.653612768148484 ], [ 85.312064576138084, -30.731466797105067 ], [ 85.327635381929397, -30.84046243764428 ], [ 85.413274813781641, -30.871604049226914 ], [ 85.467772634051244, -30.770393811583357 ], [ 85.506699648529548, -30.708110588418094 ], [ 85.592339080381777, -30.599114947878878 ], [ 85.71690552671231, -30.583544142087561 ], [ 85.74804713829495, -30.458977695757032 ], [ 85.78697415277324, -30.318840443635185 ], [ 85.67797851223402, -30.311055040739525 ], [ 85.623480691964417, -30.186488594408996 ], [ 85.514485051425197, -30.186488594408996 ], [ 85.374347799303351, -30.194273997304652 ], [ 85.343206187720725, -30.139776177035046 ], [ 85.195283532703215, -30.116419968348072 ], [ 85.148571115329261, -30.015209730704516 ], [ 85.148571115329261, -29.937355701747933 ], [ 85.062931683477032, -29.960711910434906 ] ] ], [ [ [ 85.86482818172982, -32.272976570445387 ], [ 85.849257375938507, -32.327474390714997 ], [ 85.934896807790736, -32.350830599401966 ], [ 86.075034059912582, -32.366401405193287 ], [ 86.106175671495222, -32.498753254419476 ], [ 86.043892448329956, -32.522109463106446 ], [ 86.028321642538643, -32.599963492063033 ], [ 85.911540599103773, -32.631105103645666 ], [ 85.973823822269026, -32.685602923915269 ], [ 86.145102685973512, -32.732315341289215 ], [ 86.285239938095359, -32.771242355767512 ], [ 86.285239938095359, -32.942521219471992 ], [ 86.339737758364961, -32.958092025263305 ], [ 86.487660413382471, -32.958092025263305 ], [ 86.596656053921691, -32.989233636845938 ], [ 86.838003543687094, -32.989233636845938 ], [ 87.001497004495917, -32.911379607889359 ], [ 86.931428378434987, -32.833525578932772 ], [ 86.915857572643674, -32.740100744184879 ], [ 86.775720320521827, -32.685602923915269 ], [ 86.729007903147874, -32.599963492063033 ], [ 86.557729039443402, -32.545465671793423 ], [ 86.448733398904182, -32.506538657315133 ], [ 86.518802024965098, -32.42089922546289 ], [ 86.425377190217205, -32.34304519650631 ], [ 86.324166952573648, -32.272976570445387 ], [ 86.160673491764825, -32.272976570445387 ], [ 86.01275083674733, -32.21069334728012 ], [ 85.86482818172982, -32.272976570445387 ] ] ], [ [ [ 86.067248657016933, -29.415733707738834 ], [ 86.020536239642979, -29.361235887469228 ], [ 85.927111404895086, -29.369021290364884 ], [ 85.919326001999423, -29.454660722217127 ], [ 86.004965433851666, -29.548085556965024 ], [ 86.090604865703909, -29.524729348278051 ], [ 86.067248657016933, -29.415733707738834 ] ] ], [ [ [ 86.246312923617069, -29.672652003295553 ], [ 86.152888088869176, -29.68822280908687 ], [ 86.238527520721405, -29.727149823565163 ], [ 86.339737758364961, -29.727149823565163 ], [ 86.246312923617069, -29.672652003295553 ] ] ], [ [ [ 86.526587427860761, -29.968497313330566 ], [ 86.456518801799845, -29.937355701747933 ], [ 86.440947996008518, -29.991853522017539 ], [ 86.534372830756425, -30.046351342287146 ], [ 86.666724679982607, -29.999638924913199 ], [ 86.526587427860761, -29.968497313330566 ] ] ], [ [ [ 87.250629897156969, -30.334411249426498 ], [ 87.172775868200389, -30.334411249426498 ], [ 87.1338488537221, -30.388909069696108 ], [ 87.172775868200389, -30.458977695757032 ], [ 87.250629897156969, -30.505690113130981 ], [ 87.320698523217899, -30.560187933400588 ], [ 87.406337955070143, -30.560187933400588 ], [ 87.453050372444082, -30.505690113130981 ], [ 87.577616818774615, -30.505690113130981 ], [ 87.507548192713699, -30.443406889965715 ], [ 87.421908760861456, -30.420050681278742 ], [ 87.328483926113549, -30.396694472591765 ], [ 87.250629897156969, -30.334411249426498 ] ] ] ] } },
{ "type": "Feature", "properties": { "id": 117, "name": "Isle of Elephants", "continent": null }, "geometry": { "type": "MultiPolygon", "coordinates": [ [ [ [ 91.299039402899226, -33.359040274389706 ], [ 91.205614568151333, -33.320113259911416 ], [ 91.213399971046982, -33.156619799102593 ], [ 91.190043762360006, -33.016482546980747 ], [ 91.244541582629623, -32.884130697754557 ], [ 91.291254000003562, -32.767349654319688 ], [ 91.299039402899226, -32.510431358762965 ], [ 91.392464237647118, -32.401435718223752 ], [ 91.548172295560292, -32.401435718223752 ], [ 91.618240921621208, -32.518216761658621 ], [ 91.688309547682138, -32.611641596406521 ], [ 91.688309547682138, -32.705066431154421 ], [ 91.727236562160428, -32.829632877484947 ], [ 91.742807367951741, -32.938628518024167 ], [ 91.696094950577788, -33.03205335277206 ], [ 91.680524144786474, -33.203332216476539 ], [ 91.773948979534381, -33.257830036746149 ], [ 91.890730022969251, -33.288971648328783 ], [ 91.867373814282274, -33.405752691763652 ], [ 91.921871634551877, -33.522533735198529 ], [ 91.851803008490961, -33.584816958363795 ], [ 91.766163576638718, -33.623743972842085 ], [ 91.735021965056077, -33.740525016276955 ], [ 91.602670115829895, -33.763881224963932 ], [ 91.517030683977652, -33.849520656816175 ], [ 91.555957698455941, -33.904018477085778 ], [ 91.478103669499362, -34.005228714729334 ], [ 91.423605849229759, -34.114224355268547 ], [ 91.478103669499362, -34.246576204494737 ], [ 91.353537223168829, -34.33221563634698 ], [ 91.221185373942646, -34.35557184503395 ], [ 91.197829165255669, -34.417855068199216 ], [ 91.026550301551197, -34.456782082677506 ], [ 90.948696272594603, -34.456782082677506 ], [ 90.93312546680329, -34.581348529008039 ], [ 90.831915229159733, -34.643631752173306 ], [ 90.645065559663934, -34.713700378234229 ], [ 90.512713710437751, -34.659202557964619 ], [ 90.341434846733264, -34.612490140590673 ], [ 90.279151623567998, -34.50349450005146 ], [ 90.286937026463661, -34.41006966530356 ], [ 90.232439206194059, -34.31664483055566 ], [ 90.139014371446152, -34.231005398703424 ], [ 89.998877119324305, -34.223219995807767 ], [ 89.897666881680749, -34.176507578433814 ], [ 89.897666881680749, -34.098653549477234 ], [ 89.819812852724169, -33.997443311833678 ], [ 89.718602615080613, -33.904018477085778 ], [ 89.81202744982852, -33.841735253920511 ], [ 89.936593896159039, -33.841735253920511 ], [ 89.913237687472076, -33.740525016276955 ], [ 89.998877119324305, -33.662670987320375 ], [ 90.115658162759189, -33.662670987320375 ], [ 90.177941385924441, -33.584816958363795 ], [ 90.201297594611418, -33.460250512033262 ], [ 90.286937026463661, -33.421323497554972 ], [ 90.372576458315905, -33.468035914928919 ], [ 90.504928307542087, -33.421323497554972 ], [ 90.536069919124728, -33.483606720720239 ], [ 90.481572098855111, -33.561460749676819 ], [ 90.504928307542087, -33.686027196007352 ], [ 90.613923948081307, -33.709383404694321 ], [ 90.78520281178578, -33.686027196007352 ], [ 90.878627646533687, -33.600387764155109 ], [ 90.956481675490267, -33.545889943885506 ], [ 91.010979495759869, -33.584816958363795 ], [ 91.104404330507776, -33.553675346781162 ], [ 91.112189733403426, -33.444679706241949 ], [ 91.213399971046982, -33.405752691763652 ], [ 91.299039402899226, -33.359040274389706 ] ] ] ] } },
{ "type": "Feature", "properties": { "id": 118, "name": "Far Ib", "continent": null }, "geometry": { "type": "MultiPolygon", "coordinates": [ [ [ [ 86.575246195958641, 21.517345211018917 ], [ 86.676456433602183, 21.566977154478742 ], [ 86.913911221919761, 21.617582273300517 ], [ 87.019014161011143, 21.687650899361444 ], [ 87.135795204446026, 21.766478103679979 ], [ 87.151366010237325, 21.835573554378946 ], [ 87.22532733774608, 21.878393270305068 ], [ 87.322644873941826, 21.859902938427876 ], [ 87.381035395659254, 21.835573554378946 ], [ 87.602919378185518, 21.875473744219192 ], [ 87.665202601350771, 21.944569194918163 ], [ 87.793661749129129, 21.952354597813819 ], [ 87.813125256368281, 22.041886731113891 ], [ 87.883193882429211, 22.046752607923672 ], [ 87.96883331428144, 22.034101328218231 ], [ 88.042794641790195, 22.073028342696521 ], [ 88.159575685225064, 22.131418864413959 ], [ 88.182931893912041, 21.979603507948624 ], [ 88.194609998255544, 21.844332132636559 ], [ 88.295820235899086, 21.73436331673539 ], [ 88.210180804046843, 21.707114406600589 ], [ 88.171253789568553, 21.640938481987494 ], [ 88.132326775090263, 21.543620945791766 ], [ 88.116755969298964, 21.439491182062334 ], [ 88.019438433103218, 21.438518006700381 ], [ 87.89876468822051, 21.407376395117748 ], [ 87.824803360711769, 21.341200470504653 ], [ 87.817017957816105, 21.259453740100241 ], [ 87.820910659263944, 21.159216677818641 ], [ 87.731378525963862, 21.130021416959924 ], [ 87.665202601350785, 21.034650231488111 ], [ 87.719700421620374, 20.912030135881498 ], [ 87.789769047681318, 20.878942173574945 ], [ 87.883193882429197, 20.939279046016299 ], [ 87.945477105594478, 20.878942173574945 ], [ 88.003867627311905, 20.779678286655308 ], [ 87.961047911385791, 20.676521698287832 ], [ 87.867623076637898, 20.598667669331252 ], [ 87.758627436098678, 20.333963970878873 ], [ 87.525065349228939, 20.318393165087556 ], [ 87.416069708689719, 20.209397524548343 ], [ 87.318752172493987, 20.160738756450481 ], [ 87.18250762181998, 20.17825591296571 ], [ 87.178614920372141, 20.051743115911268 ], [ 87.213649233402592, 20.00113799708949 ], [ 87.307074068150513, 19.991406243469914 ], [ 87.349893784076613, 19.91549856523725 ], [ 87.322644873941826, 19.835698185556751 ], [ 87.342108381180964, 19.748112402980599 ], [ 87.244790844985246, 19.695560933434905 ], [ 87.18250762181998, 19.508711263939109 ], [ 86.902233117576287, 19.477569652356475 ], [ 86.777666671245754, 19.493140458147792 ], [ 86.699812642289174, 19.570994487104372 ], [ 86.618065911884742, 19.540826050883698 ], [ 86.590817001749954, 19.493140458147792 ], [ 86.497392167002047, 19.45907932047929 ], [ 86.458465152523758, 19.401661974123808 ], [ 86.310542497506248, 19.354949556749862 ], [ 86.11201472366696, 19.300451736480252 ], [ 85.971877471545113, 19.276122352431322 ], [ 85.921272352723335, 19.334512874148757 ], [ 85.858989129558068, 19.378305765436835 ], [ 85.749993489018877, 19.461998846565159 ], [ 85.695495668749246, 19.49022093206192 ], [ 85.605963535449177, 19.45907932047929 ], [ 85.532002207940451, 19.461998846565159 ], [ 85.47750438767082, 19.474650126270603 ], [ 85.434684671744705, 19.556396856675015 ], [ 85.345152538444651, 19.586565292895688 ], [ 85.352937941340286, 19.634250885631598 ], [ 85.500860596357796, 19.677070601557716 ], [ 85.500860596357811, 19.757844156600168 ], [ 85.781135100601503, 19.851268991348068 ], [ 85.839525622318931, 19.953452404353584 ], [ 85.905701546932036, 19.960264631887281 ], [ 85.99523368023209, 19.950532878267712 ], [ 86.10422932077131, 19.969996385506857 ], [ 86.119800126562623, 20.028386907224291 ], [ 86.014697187471256, 20.084831078217814 ], [ 85.84341832376677, 20.147114301383077 ], [ 85.84731102521458, 20.22594150570162 ], [ 85.91737965127551, 20.315473639001688 ], [ 85.925165054171174, 20.428361980988733 ], [ 85.936843158514677, 20.598667669331252 ], [ 85.975770172992952, 20.656085015686735 ], [ 86.076980410636523, 20.660950892496519 ], [ 86.174297946832226, 20.667763120030219 ], [ 86.279400885923636, 20.738804921453099 ], [ 86.322220601849736, 20.846827386630359 ], [ 86.326113303297575, 20.972367008322845 ], [ 86.419538138045482, 20.972367008322845 ], [ 86.462357853971582, 21.002535444543522 ], [ 86.458465152523758, 21.095960279291422 ], [ 86.419538138045482, 21.174787483609958 ], [ 86.380611123567178, 21.263346441548073 ], [ 86.388396526462842, 21.346066347314437 ], [ 86.454572451075919, 21.380127484982943 ], [ 86.571353494510802, 21.376234783535114 ], [ 86.594709703197765, 21.446303409596037 ], [ 86.575246195958641, 21.517345211018917 ] ] ] ] } },
{ "type": "Feature", "properties": { "id": 119, "name": null, "continent": null }, "geometry": { "type": "MultiPolygon", "coordinates": [ [ [ [ 78.365538842487098, 21.989335261568197 ], [ 78.414197610584949, 21.967925403605136 ], [ 78.513461497504593, 21.958193649985564 ], [ 78.583530123565524, 21.880339621028984 ], [ 78.544603109087234, 21.818056397863717 ], [ 78.560173914878547, 21.732416966011478 ], [ 78.48426623664588, 21.699329003704928 ], [ 78.48426623664588, 21.644831183435322 ], [ 78.573798369945948, 21.590333363165715 ], [ 78.651652398902527, 21.496908528417816 ], [ 78.651652398902527, 21.426839902356893 ], [ 78.601047280080749, 21.360663977743798 ], [ 78.519300549676345, 21.306166157474191 ], [ 78.472588132302391, 21.255561038652413 ], [ 78.468695430854567, 21.201063218382806 ], [ 78.402519506241461, 21.154350801008857 ], [ 78.402519506241461, 21.076496772052277 ], [ 78.495944340989368, 21.080389473500105 ], [ 78.577691071393772, 21.142672696665368 ], [ 78.639974294559039, 21.18549241259149 ], [ 78.741184532202595, 21.18549241259149 ], [ 78.869643679980953, 21.193277815487146 ], [ 78.935819604594059, 21.275024545891558 ], [ 78.943605007489708, 21.348985873400313 ], [ 78.998102827759325, 21.434625305252553 ], [ 79.091527662507218, 21.438518006700381 ], [ 79.18884519870295, 21.457981513939526 ], [ 79.181059795807286, 21.520264737104792 ], [ 79.192737900150775, 21.621474974748349 ], [ 79.22777221318124, 21.691543600809272 ], [ 79.235557616076889, 21.746041421078878 ], [ 79.146025482776821, 21.757719525422367 ], [ 79.072064155268066, 21.753826823974538 ], [ 79.068171453820241, 21.823895450035462 ], [ 79.005888230654975, 21.839466255826778 ], [ 78.974746619072349, 21.86671516596158 ], [ 78.966961216176685, 21.91342758333553 ], [ 79.048707946581104, 21.944569194918163 ], [ 79.025351737894127, 22.006852418083426 ], [ 79.021459036446288, 22.111955357174814 ], [ 78.943605007489708, 22.127526162966131 ], [ 78.885214485772281, 22.096384551383498 ], [ 78.819038561159175, 22.123633461518299 ], [ 78.710042920619969, 22.139204267309616 ], [ 78.612725384424238, 22.139204267309616 ], [ 78.546549459811146, 22.108062655726982 ], [ 78.507622445332856, 22.088599148487837 ], [ 78.421983013480613, 22.057457536905204 ], [ 78.365538842487098, 21.989335261568197 ] ] ], [ [ [ 76.968059022716446, 20.884781225746693 ], [ 76.933024709685981, 20.857532315611888 ], [ 76.956380918372957, 20.81471259968577 ], [ 77.006986037194736, 20.756322077968331 ], [ 76.995307932851247, 20.670682646116092 ], [ 76.940810112581644, 20.659004541772607 ], [ 76.909668500999018, 20.59672131860734 ], [ 76.839599874938088, 20.592828617159512 ], [ 76.808458263355462, 20.526652692546417 ], [ 76.839599874938088, 20.433227857798517 ], [ 76.93691741113382, 20.402086246215884 ], [ 77.038127648777376, 20.382622738976739 ], [ 77.108196274838292, 20.281412501333183 ], [ 77.123767080629605, 20.176309562241798 ], [ 77.100410871942643, 20.08677742894173 ], [ 77.080947364703491, 19.985567191298173 ], [ 77.151015990764421, 19.985567191298173 ], [ 77.189943005242711, 20.032279608672123 ], [ 77.244440825512314, 20.098455533285218 ], [ 77.298938645781917, 20.176309562241798 ], [ 77.310616750125405, 20.238592785407064 ], [ 77.287260541438428, 20.308661411467988 ], [ 77.256118929855802, 20.394300843320227 ], [ 77.252226228407977, 20.460476767933322 ], [ 77.318402153021069, 20.491618379515955 ], [ 77.365114570395022, 20.573365109920367 ], [ 77.302831347229755, 20.639541034533458 ], [ 77.232762721168825, 20.670682646116092 ], [ 77.201621109586199, 20.736858570729186 ], [ 77.201621109586199, 20.810819898237941 ], [ 77.154908692212246, 20.86142501705972 ], [ 77.034234947329537, 20.845854211268403 ], [ 76.968059022716446, 20.884781225746693 ] ] ], [ [ [ 78.636081593111214, 19.535960174073914 ], [ 78.760648039441747, 19.524282069730425 ], [ 78.842394769846152, 19.481462353804307 ], [ 78.908570694459243, 19.465891548012991 ], [ 78.908570694459243, 19.395822921952064 ], [ 78.822931262607014, 19.349110504578118 ], [ 78.784004248128724, 19.275149177069363 ], [ 78.780111546680885, 19.189509745217123 ], [ 78.721721024963458, 19.138904626395345 ], [ 78.655545100350352, 19.08051410467791 ], [ 78.694472114828656, 19.022123582960472 ], [ 78.729506427859107, 18.944269554003892 ], [ 78.764540740889572, 18.924806046764747 ], [ 78.834609366950502, 18.94816225545172 ], [ 78.916356097354907, 19.010445478616987 ], [ 78.959175813281021, 19.064943298886593 ], [ 78.986424723415837, 19.185617043769295 ], [ 78.982532021967998, 19.271256475621534 ], [ 79.037029842237615, 19.337432400234629 ], [ 79.122669274089844, 19.411393727743381 ], [ 79.11877657264202, 19.493140458147792 ], [ 79.044815245133265, 19.524282069730425 ], [ 78.990317424863662, 19.559316382760887 ], [ 78.955283111833197, 19.621599605926153 ], [ 78.881321784324442, 19.644955814613127 ], [ 78.803467755367862, 19.687775530539248 ], [ 78.721721024963458, 19.687775530539248 ], [ 78.663330503246016, 19.652741217508787 ], [ 78.643866996006878, 19.609921501582665 ], [ 78.608832682976413, 19.567101785656547 ], [ 78.636081593111214, 19.535960174073914 ] ] ], [ [ [ 80.956131656017348, 21.114450611168611 ], [ 80.917204641539058, 21.056060089451172 ], [ 80.870492224165105, 21.028811179316367 ], [ 80.780960090865037, 20.993776866285906 ], [ 80.777067389417212, 20.915922837329326 ], [ 80.835457911134654, 20.841961509820571 ], [ 80.886063029956432, 20.791356390998793 ], [ 80.886063029956432, 20.72128776493787 ], [ 80.82767250823899, 20.659004541772607 ], [ 80.796530896656364, 20.612292124398657 ], [ 80.839350612582479, 20.522759991098589 ], [ 80.854921418373792, 20.441013260694177 ], [ 80.819887105343327, 20.363159231737594 ], [ 80.765389285073724, 20.304768710020159 ], [ 80.730354972043258, 20.199665770928775 ], [ 80.738140374938922, 20.129597144867848 ], [ 80.722569569147609, 20.036172310119952 ], [ 80.675857151773656, 19.973889086954685 ], [ 80.633037435847541, 19.899927759445934 ], [ 80.555183406890947, 19.767575910219744 ], [ 80.477329377934367, 19.681936478367504 ], [ 80.543505302547473, 19.611867852306581 ], [ 80.629144734399702, 19.658580269680531 ], [ 80.668071748877992, 19.724756194293622 ], [ 80.710891464804121, 19.7753613131154 ], [ 80.734247673491097, 19.814288327593694 ], [ 80.851028716925967, 19.899927759445934 ], [ 80.93666814877821, 19.966103684059028 ], [ 80.952238954569523, 20.043957713015608 ], [ 80.94445355167386, 20.121811741972191 ], [ 80.901633835747745, 20.184094965137458 ], [ 80.924990044434722, 20.277519799885354 ], [ 80.998951371943477, 20.304768710020159 ], [ 81.033985684973928, 20.378730037528911 ], [ 81.041771087869591, 20.444905962142006 ], [ 81.111839713930507, 20.472154872276811 ], [ 81.170230235647949, 20.526652692546417 ], [ 81.178015638543613, 20.63564833308563 ], [ 81.174122937095774, 20.717395063490041 ], [ 81.224728055917552, 20.81471259968577 ], [ 81.224728055917552, 20.912030135881498 ], [ 81.166337534200125, 20.919815538777154 ], [ 81.100161609587033, 20.989884164838077 ], [ 81.104054311034858, 21.071630895242489 ], [ 81.088483505243545, 21.118343312616439 ], [ 81.01452217773479, 21.098879805377294 ], [ 80.956131656017348, 21.114450611168611 ] ] ], [ [ [ 81.146874026960973, 19.82985913338501 ], [ 81.088483505243545, 19.767575910219744 ], [ 81.123517818273996, 19.728648895741454 ], [ 81.162444832752286, 19.771468611667572 ], [ 81.232513458813216, 19.771468611667572 ], [ 81.251976966052368, 19.82985913338501 ], [ 81.224728055917552, 19.876571550758957 ], [ 81.146874026960973, 19.82985913338501 ] ] ], [ [ [ 79.963492786820936, 21.535835542896109 ], [ 79.928458473790471, 21.535835542896109 ], [ 79.928458473790471, 21.489123125522159 ], [ 79.944029279581784, 21.446303409596037 ], [ 79.998527099851401, 21.438518006700381 ], [ 80.049132218673179, 21.434625305252553 ], [ 80.049132218673179, 21.399590992222091 ], [ 80.080273830255805, 21.360663977743798 ], [ 80.095844636047119, 21.310058858922019 ], [ 80.095844636047119, 21.275024545891558 ], [ 80.142557053421072, 21.275024545891558 ], [ 80.185376769347187, 21.337307769056824 ], [ 80.19316217224285, 21.391805589326431 ], [ 80.16202056066021, 21.457981513939526 ], [ 80.103630038942782, 21.493015826969987 ], [ 80.025776009986203, 21.496908528417816 ], [ 79.963492786820936, 21.535835542896109 ] ] ], [ [ [ 81.018414879182615, 22.974188727868956 ], [ 81.018414879182615, 22.908012803255861 ], [ 81.057341893660904, 22.861300385881911 ], [ 81.119625116826171, 22.853514982986255 ], [ 81.193586444334926, 22.83405147574711 ], [ 81.224728055917552, 22.79512446126882 ], [ 81.259762368948017, 22.725055835207893 ], [ 81.310367487769796, 22.70948502941658 ], [ 81.31426018921762, 22.66277261204263 ], [ 81.31426018921762, 22.577133180190391 ], [ 81.298689383426307, 22.530420762816441 ], [ 81.325938293561109, 22.507064554129467 ], [ 81.396006919622039, 22.510957255577296 ], [ 81.419363128309016, 22.581025881638219 ], [ 81.438826635548153, 22.627738299012169 ], [ 81.466075545682955, 22.717270432312237 ], [ 81.427148531204665, 22.791231759820988 ], [ 81.368758009487237, 22.83405147574711 ], [ 81.333723696456772, 22.88076389312106 ], [ 81.360972606591574, 22.939154414838494 ], [ 81.349294502248085, 23.005330339451589 ], [ 81.279225876187169, 23.020901145242906 ], [ 81.232513458813216, 23.001437638003761 ], [ 81.178015638543613, 22.985866832212444 ], [ 81.045663789317416, 22.997544936555933 ], [ 81.018414879182615, 22.974188727868956 ] ] ], [ [ [ 82.684491098853471, 23.215536217634359 ], [ 82.715632710436097, 23.157145695916924 ], [ 82.719525411883922, 23.087077069856001 ], [ 82.684491098853471, 23.028686548138563 ], [ 82.680598397405632, 22.981974130764616 ], [ 82.69227650174912, 22.950832519181983 ], [ 82.738988919123074, 22.950832519181983 ], [ 82.774023232153539, 23.028686548138563 ], [ 82.80905754518399, 23.114325979990802 ], [ 82.875233469797095, 23.137682188677779 ], [ 82.805164843736165, 23.176609203156069 ], [ 82.7701305307057, 23.219428919082191 ], [ 82.719525411883922, 23.25057053066482 ], [ 82.684491098853471, 23.215536217634359 ] ] ], [ [ [ 81.446612038443817, 22.390283510694594 ], [ 81.419363128309016, 22.378605406351106 ], [ 81.380436113830726, 22.351356496216301 ], [ 81.411577725413352, 22.292965974498866 ], [ 81.454397441339481, 22.261824362916233 ], [ 81.493324455817771, 22.261824362916233 ], [ 81.489431754369932, 22.328000287529328 ], [ 81.446612038443817, 22.390283510694594 ] ] ] ] } },
{ "type": "Feature", "properties": { "id": 120, "name": "Ulos", "continent": "Ulthos" }, "geometry": { "type": "MultiPolygon", "coordinates": [ [ [ [ 124.968528779321574, -30.127378940314323 ], [ 125.068382965423993, -30.148776265907699 ], [ 125.118310058475203, -30.077451847263113 ], [ 125.168237151526412, -30.163041149636616 ], [ 125.360813081866795, -30.234365568281202 ], [ 125.460667267969214, -30.270027777603495 ], [ 125.432137500511374, -30.334219754383621 ], [ 125.367945523731251, -30.391279289299291 ], [ 125.275223779493288, -30.434073940486041 ], [ 125.182502035255325, -30.426941498621584 ], [ 125.253826453899919, -30.526795684724004 ], [ 125.253826453899919, -30.633782312690883 ], [ 125.211031802713165, -30.690841847606549 ], [ 125.104045174746275, -30.719371615064386 ], [ 125.054118081695066, -30.719371615064386 ], [ 125.046985639830609, -30.804960917437889 ], [ 125.032720756101696, -30.897682661675848 ], [ 124.968528779321574, -30.976139522184894 ], [ 124.890071918812524, -31.075993708287314 ], [ 124.818747500167945, -31.133053243202983 ], [ 124.904336802541437, -31.218642545576486 ], [ 125.004190988643856, -31.268569638627696 ], [ 125.061250523559536, -31.361291382865659 ], [ 125.096912732881819, -31.454013127103618 ], [ 125.075515407288449, -31.546734871341581 ], [ 125.02558831423724, -31.689383708630753 ], [ 125.111177616610746, -31.774973011004256 ], [ 125.218164244577622, -31.789237894733173 ], [ 125.332283314408954, -31.725045917953047 ], [ 125.410740174918004, -31.675118824901833 ], [ 125.524859244749337, -31.646589057444 ], [ 125.660375640174053, -31.639456615579544 ], [ 125.767362268140928, -31.639456615579544 ], [ 125.924275989159014, -31.667986383037377 ], [ 126.05979238458373, -31.725045917953047 ], [ 126.166779012550606, -31.732178359817503 ], [ 126.223838547466286, -31.660853941172917 ], [ 126.352222501026532, -31.575264638799414 ], [ 126.480606454586791, -31.568132196934958 ], [ 126.509136222044617, -31.496807778290371 ], [ 126.530533547638001, -31.396953592187952 ], [ 126.616122850011507, -31.325629173543366 ], [ 126.644652617469333, -31.261437196763236 ], [ 126.637520175604877, -31.1473181269319 ], [ 126.73024191984284, -31.09025859201623 ], [ 126.780169012894049, -31.026066615236104 ], [ 126.673182384927173, -30.954742196591518 ], [ 126.573328198824754, -30.904815103540308 ], [ 126.566195756960298, -30.804960917437889 ], [ 126.487738896451248, -30.762166266251135 ], [ 126.487738896451248, -30.662312080148716 ], [ 126.430679361535582, -30.59812010336859 ], [ 126.537665989502457, -30.519663242859544 ], [ 126.608990408147037, -30.412676614892664 ], [ 126.694579710520543, -30.334219754383621 ], [ 126.815831222216346, -30.319954870654705 ], [ 126.865758315267556, -30.255762893874575 ], [ 126.787301454758506, -30.241498010145659 ], [ 126.822963664080802, -30.163041149636616 ], [ 126.958480059505519, -30.120246498449863 ], [ 127.036936920014554, -30.105981614720946 ], [ 126.979877385098888, -30.013259870482983 ], [ 126.872890757132012, -29.949067893702857 ], [ 126.773036571029593, -29.93480300997394 ], [ 126.658917501198246, -29.920538126245024 ], [ 126.55193087323137, -29.863478591329354 ], [ 126.623255291875964, -29.799286614549228 ], [ 126.594725524418124, -29.749359521498018 ], [ 126.466341570857878, -29.749359521498018 ], [ 126.337957617297619, -29.735094637769098 ], [ 126.18817633814399, -29.749359521498018 ], [ 126.095454593906027, -29.649505335395595 ], [ 126.102587035770483, -29.571048474886553 ], [ 125.988467965939151, -29.585313358615469 ], [ 125.910011105430101, -29.663770219124515 ], [ 125.795892035598769, -29.592445800479929 ], [ 125.610448547122843, -29.563916033022092 ], [ 125.446402384240287, -29.549651149293176 ], [ 125.318018430680041, -29.563916033022092 ], [ 125.196766918984238, -29.613843126073302 ], [ 125.104045174746275, -29.606710684208846 ], [ 125.061250523559536, -29.656637777260055 ], [ 125.046985639830609, -29.713697312175725 ], [ 124.968528779321574, -29.756491963362475 ], [ 124.875807035083611, -29.763624405226935 ], [ 124.840144825761314, -29.827816382007061 ], [ 124.882939476948067, -29.863478591329354 ], [ 124.882939476948067, -29.899140800651647 ], [ 124.882939476948067, -29.9419354518384 ], [ 124.939999011863733, -29.99186254488961 ], [ 124.918601686270364, -30.063186963534196 ], [ 124.968528779321574, -30.127378940314323 ] ] ] ] } },
{ "type": "Feature", "properties": { "id": 121, "name": null, "continent": "Ulthos" }, "geometry": { "type": "MultiPolygon", "coordinates": [ [ [ [ 123.24247784812259, -32.48286786605177 ], [ 123.049901917782208, -32.48286786605177 ], [ 122.950047731679788, -32.44720565672948 ], [ 122.871590871170739, -32.475735424187313 ], [ 122.814531336255072, -32.532794959102979 ], [ 122.707544708288196, -32.539927400967436 ], [ 122.643352731508074, -32.48286786605177 ], [ 122.550630987270111, -32.504265191645146 ], [ 122.415114591845395, -32.490000307916226 ], [ 122.336657731336345, -32.518530075374066 ], [ 122.251068428962853, -32.554192284696356 ], [ 122.251068428962853, -32.625516703340942 ], [ 122.194008894047172, -32.639781587069862 ], [ 122.12981691726705, -32.625516703340942 ], [ 122.00143296370679, -32.668311354527695 ], [ 121.894446335739914, -32.725370889443361 ], [ 121.815989475230879, -32.725370889443361 ], [ 121.709002847263989, -32.654046470798775 ], [ 121.637678428619409, -32.654046470798775 ], [ 121.602016219297113, -32.725370889443361 ], [ 121.55922156811036, -32.768165540630115 ], [ 121.544956684381447, -32.853754843003614 ], [ 121.302453660989855, -32.95360902910604 ], [ 121.302453660989855, -33.02493344775062 ], [ 121.281056335396485, -33.124787633853046 ], [ 121.245394126074189, -33.210376936226545 ], [ 121.138407498107313, -33.295966238600052 ], [ 121.109877730649472, -33.353025773515718 ], [ 121.131275056242842, -33.438615075889224 ], [ 121.159804823700682, -33.502807052669347 ], [ 121.131275056242842, -33.58126391317839 ], [ 121.067083079462719, -33.666853215551896 ], [ 121.223996800480805, -33.65972077368744 ], [ 121.323850986583224, -33.58126391317839 ], [ 121.352380754041064, -33.48140972707597 ], [ 121.452234940143484, -33.452879959618137 ], [ 121.55922156811036, -33.410085308431384 ], [ 121.55922156811036, -33.317363564193428 ], [ 121.644810870483866, -33.238906703684378 ], [ 121.716135289128459, -33.253171587413298 ], [ 121.823121917095335, -33.260304029277755 ], [ 121.908711219468842, -33.260304029277755 ], [ 121.972903196248964, -33.288833796735588 ], [ 122.072757382351384, -33.295966238600052 ], [ 122.165479126589346, -33.246039145548842 ], [ 122.236803545233926, -33.174714726904256 ], [ 122.300995522014063, -33.203244494362089 ], [ 122.393717266252025, -33.167582285039792 ], [ 122.429379475574308, -33.096257866395206 ], [ 122.457909243032148, -33.032065889615083 ], [ 122.536366103541184, -33.032065889615083 ], [ 122.57202831286348, -33.032065889615083 ], [ 122.579160754727937, -32.97500635469941 ], [ 122.721809592017109, -32.95360902910604 ], [ 122.857325987441826, -32.960741470970497 ], [ 122.857325987441826, -32.917946819783744 ], [ 122.971445057273158, -32.868019726732534 ], [ 122.935782847950875, -32.753900656901195 ], [ 123.007107266595455, -32.661178912663232 ], [ 123.106961452697874, -32.625516703340942 ], [ 123.135491220155714, -32.547059842831899 ], [ 123.24247784812259, -32.48286786605177 ] ] ] ] } },
{ "type": "Feature", "properties": { "id": 122, "name": "Leng", "continent": "Essos" }, "geometry": { "type": "MultiPolygon", "coordinates": [ [ [ [ 105.717860157593265, -23.774483253133347 ], [ 105.666268828107007, -23.721049376165443 ], [ 105.555715979207903, -23.721049376165443 ], [ 105.452533320235403, -23.72841956609205 ], [ 105.341980471336299, -23.713679186238835 ], [ 105.268278572070216, -23.64734747689937 ], [ 105.224057432510577, -23.566275387706693 ], [ 105.165095913097716, -23.529424438073658 ], [ 105.084023823905042, -23.566275387706693 ], [ 105.025062304492181, -23.639977286972766 ], [ 104.969785880042636, -23.536794628000262 ], [ 104.999266639749067, -23.374650449614908 ], [ 104.925564740482983, -23.31568893020205 ], [ 104.925564740482983, -23.278837980569012 ], [ 104.969785880042636, -23.21250627122955 ], [ 105.072968539015136, -23.197765891376335 ], [ 105.109819488648171, -23.153544751816693 ], [ 104.991896449822448, -23.116693802183654 ], [ 104.881343600923344, -23.10932361225705 ], [ 104.837122461363705, -23.0577322827708 ], [ 104.918194550556379, -22.947179433871693 ], [ 105.058228159161914, -22.910328484238654 ], [ 105.102449298721567, -22.814516015192762 ], [ 105.087708918868344, -22.762924685706512 ], [ 105.213002147620671, -22.82188620511937 ], [ 105.28670404688674, -22.77029487563312 ], [ 105.28670404688674, -22.674482406587227 ], [ 105.242482907327101, -22.600780507321154 ], [ 105.15404062820781, -22.549189177834904 ], [ 105.072968539015136, -22.541818987908297 ], [ 105.08033872894174, -22.401785379302762 ], [ 105.168781008061032, -22.313343100183477 ], [ 105.316184806593171, -22.276492150550439 ], [ 105.38988670585924, -22.165939301651335 ], [ 105.441478035345497, -22.247011390844012 ], [ 105.559401074171205, -22.210160441210977 ], [ 105.618362593584067, -22.121718162091689 ], [ 105.677324112996914, -21.99642493333937 ], [ 105.625732783510671, -21.94483360385312 ], [ 105.66995392307031, -21.863761514660439 ], [ 105.662583733143705, -21.73846828590812 ], [ 105.77313658204281, -21.701617336275081 ], [ 105.920540380574963, -21.745838475834727 ], [ 106.038463419400671, -21.672136576568654 ], [ 106.126905698519963, -21.672136576568654 ], [ 106.18586721793281, -21.73846828590812 ], [ 106.281679686978705, -21.73846828590812 ], [ 106.340641206391567, -21.68687695642187 ], [ 106.377492156024601, -21.627915437009012 ], [ 106.49541519485031, -21.627915437009012 ], [ 106.613338233676032, -21.546843347816331 ], [ 106.679669943015497, -21.48051163847687 ], [ 106.768112222134775, -21.473141448550262 ], [ 106.878665071033879, -21.517362588109904 ], [ 106.933941495483438, -21.545922074075506 ], [ 107.007643394749508, -21.534866789185596 ], [ 107.12556643357523, -21.520126409332381 ], [ 107.22874909254773, -21.534866789185596 ], [ 107.265600042180765, -21.586458118671846 ], [ 107.317191371667008, -21.612253783414971 ], [ 107.372467796116567, -21.615938878378273 ], [ 107.43511441049273, -21.597513403561756 ], [ 107.468280265162463, -21.571717738818631 ], [ 107.494075929905577, -21.542236979112204 ], [ 107.523556689612008, -21.571717738818631 ], [ 107.52724178457531, -21.626994163268186 ], [ 107.553037449318438, -21.667530207864523 ], [ 107.615684063694601, -21.693325872607648 ], [ 107.623054253621206, -21.752287392020506 ], [ 107.593573493914775, -21.785453246690238 ], [ 107.600943683841379, -21.837044576176488 ], [ 107.634109538511112, -21.877580620772829 ], [ 107.689385962960671, -21.89232100062604 ], [ 107.76308786222674, -21.907061380479256 ], [ 107.844159951419428, -21.925486855295773 ], [ 107.914176755722195, -21.94391233011229 ], [ 107.96945318017174, -21.932857045222381 ], [ 108.013674319731393, -21.896006095589346 ], [ 108.032099794547904, -21.859155145956311 ], [ 108.07263583914424, -21.859155145956311 ], [ 108.105801693813973, -21.921801760332471 ], [ 108.124227168630497, -21.940227235148988 ], [ 108.098431503887369, -21.988133469671936 ], [ 108.05421036432773, -21.991818564635238 ], [ 107.962082990245136, -22.028669514268273 ], [ 107.947342610391928, -22.076575748791221 ], [ 108.009989224768077, -22.124481983314169 ], [ 108.109486788777275, -22.131852173240773 ], [ 108.208984352786473, -22.106056508497648 ], [ 108.286371347015844, -22.135537268204079 ], [ 108.337962676502102, -22.216609357396756 ], [ 108.253205492346126, -22.238719927176579 ], [ 108.179503593080042, -22.271885781846311 ], [ 108.208984352786473, -22.327162206295863 ], [ 108.186873783006661, -22.382438630745419 ], [ 108.14633773841031, -22.445085245121579 ], [ 108.135282453520404, -22.507731859497738 ], [ 108.057895459291032, -22.515102049424346 ], [ 108.046840174401126, -22.544582809130777 ], [ 108.07263583914424, -22.588803948690419 ], [ 108.113171883740577, -22.588803948690419 ], [ 108.142652643447008, -22.629339993286756 ], [ 108.179503593080042, -22.684616417736311 ], [ 108.24952039738281, -22.714097177442738 ], [ 108.326907391612195, -22.680931322773006 ], [ 108.389554005988344, -22.710412082479436 ], [ 108.415349670731473, -22.769373601892294 ], [ 108.452200620364508, -22.809909646488631 ], [ 108.441145335474602, -22.868871165901488 ], [ 108.415349670731473, -22.902037020571221 ], [ 108.396924195914963, -22.943494338908387 ], [ 108.422719860658077, -22.995085668394637 ], [ 108.46694100021773, -23.042991902917585 ], [ 108.514847234740671, -23.105638517293745 ], [ 108.48536647503424, -23.168285131669908 ], [ 108.407979480804869, -23.17197022663321 ], [ 108.337962676502102, -23.175655321596512 ], [ 108.308481916795671, -23.249357220862585 ], [ 108.267945872199334, -23.260412505752495 ], [ 108.27900115708924, -23.323059120128658 ], [ 108.304796821832369, -23.352539879835085 ], [ 108.275316062125938, -23.407816304284637 ], [ 108.242150207456206, -23.466777823697495 ], [ 108.17581849811674, -23.514684058220443 ], [ 108.164763213226834, -23.569960482669995 ], [ 108.183188688043344, -23.59575614741312 ], [ 108.116856978703893, -23.617866717192943 ], [ 108.080006029070844, -23.6768282366058 ], [ 108.094746408924067, -23.72841956609205 ], [ 108.024729604621299, -23.754215230835175 ], [ 108.046840174401126, -23.809491655284727 ], [ 108.076320934107542, -23.909910493034754 ], [ 108.150022833373626, -23.972557107410918 ], [ 108.208984352786473, -24.020463341933862 ], [ 108.312167011758973, -24.06836957645681 ], [ 108.345332866428706, -24.167867140466004 ], [ 108.337962676502102, -24.248939229658685 ], [ 108.343490318947062, -24.341987877482097 ], [ 108.365600888726874, -24.496761865940847 ], [ 108.450358072882864, -24.596259429950045 ], [ 108.553540731855364, -24.625740189656472 ], [ 108.634612821048037, -24.58151905009683 ], [ 108.708314720314107, -24.614684904766563 ], [ 108.734110385057235, -24.717867563739063 ], [ 108.833607949066433, -24.728922848628972 ], [ 108.933105513075631, -24.703127183885847 ], [ 108.881514183589374, -24.795254557968438 ], [ 108.840978138993037, -24.89106702701433 ], [ 108.815182474249909, -24.957398736353795 ], [ 108.852033423882943, -25.027415540656563 ], [ 108.877829088626072, -25.119542914739153 ], [ 108.811497379286607, -25.167449149262097 ], [ 108.734110385057235, -25.219961752489173 ], [ 108.697259435424201, -25.264182892048819 ], [ 108.66777867571777, -25.312089126571763 ], [ 108.664093580754468, -25.363680456058013 ], [ 108.645668105937943, -25.441067450287388 ], [ 108.612502251268211, -25.503714064663551 ], [ 108.535115257038839, -25.525824634443371 ], [ 108.457728262809468, -25.551620299186496 ], [ 108.398766743396607, -25.603211628672746 ], [ 108.395081648433305, -25.673228432975513 ], [ 108.343490318947062, -25.706394287645246 ], [ 108.258733134791072, -25.732189952388371 ], [ 108.155550475818572, -25.735875047351676 ], [ 108.078163481589201, -25.805891851654444 ], [ 108.052367816846072, -25.881436298402171 ], [ 108.070793291662596, -26.010414622117796 ], [ 108.078163481589201, -26.109912186126994 ], [ 108.081848576552503, -26.209409750136189 ], [ 108.081848576552503, -26.283111649402262 ], [ 108.019201962176339, -26.312592409108689 ], [ 107.92707458809376, -26.342073168815119 ], [ 107.882853448534107, -26.38260921341146 ], [ 107.860742878754294, -26.437885637861012 ], [ 107.860742878754294, -26.482106777420654 ], [ 107.787040979488211, -26.482106777420654 ], [ 107.73913474496527, -26.511587537127085 ], [ 107.691228510442329, -26.533698106906904 ], [ 107.676488130589107, -26.574234151503244 ], [ 107.661747750735898, -26.611085101136279 ], [ 107.680173225552409, -26.662676430622529 ], [ 107.735449650001968, -26.681101905439046 ], [ 107.691228510442329, -26.765859089595029 ], [ 107.702283795332235, -26.824820609007887 ], [ 107.73913474496527, -26.850616273751012 ], [ 107.746504934891874, -26.894837413310654 ], [ 107.790726074451527, -26.909577793163869 ], [ 107.742819839928572, -26.957484027686817 ], [ 107.694913605405631, -26.986964787393244 ], [ 107.676488130589107, -27.042241211842796 ], [ 107.6654328456992, -27.075407066512529 ], [ 107.654377560809294, -27.075407066512529 ], [ 107.565935281690003, -27.082777256439137 ], [ 107.481178097534027, -27.10488782621896 ], [ 107.411161293231245, -27.149108965778602 ], [ 107.348514678855096, -27.168455714335945 ], [ 107.267442589662409, -27.17214080929925 ], [ 107.164259930689909, -27.2237321387855 ], [ 107.108983506240364, -27.312174417904785 ], [ 107.002115752304562, -27.315859512868091 ], [ 106.902618188295364, -27.341655177611216 ], [ 106.832601383992596, -27.400616697024073 ], [ 106.814175909176072, -27.444837836583716 ], [ 106.854711953772409, -27.478003691253448 ], [ 106.8399715739192, -27.522224830813091 ], [ 106.766269674653131, -27.573816160299341 ], [ 106.663087015680631, -27.592241635115858 ], [ 106.629921161010898, -27.662258439418625 ], [ 106.600440401304468, -27.735960338684698 ], [ 106.508313027221874, -27.728590148758091 ], [ 106.386704893432864, -27.728590148758091 ], [ 106.349853943799829, -27.691739199125053 ], [ 106.412500558175978, -27.669628629345233 ], [ 106.478832267515443, -27.629092584748893 ], [ 106.5304235970017, -27.522224830813091 ], [ 106.548849071818211, -27.422727266803893 ], [ 106.570959641598037, -27.37850612724425 ], [ 106.578329831524641, -27.256897993455233 ], [ 106.545163976854909, -27.2237321387855 ], [ 106.497257742331968, -27.28637875316166 ], [ 106.419870748102596, -27.367450842354341 ], [ 106.320373184093398, -27.437467646657108 ], [ 106.206135240230978, -27.474318596290143 ], [ 106.007140112212596, -27.48168878621675 ], [ 105.896587263313478, -27.49274407110666 ], [ 105.8081449841942, -27.551705590519518 ], [ 105.79708969930428, -27.625407489785591 ], [ 105.734443084928131, -27.688054104161751 ], [ 105.605464761212502, -27.706479578978268 ], [ 105.531762861946433, -27.735960338684698 ], [ 105.443320582827141, -27.743330528611303 ], [ 105.391729253340898, -27.717534863868178 ], [ 105.454375867717047, -27.680683914235143 ], [ 105.439635487863839, -27.632777679712198 ], [ 105.3954143483042, -27.59592673007916 ], [ 105.303286974221606, -27.592241635115858 ], [ 105.17799374546928, -27.588556540152553 ], [ 105.071125991533478, -27.525909925776393 ], [ 104.986368807377502, -27.463263311400233 ], [ 104.934777477891245, -27.393246507097466 ], [ 104.85002029373527, -27.360080652427733 ], [ 104.7763183944692, -27.382191222207553 ], [ 104.665765545570082, -27.37850612724425 ], [ 104.632599690900349, -27.33797008264791 ], [ 104.599433836230617, -27.304804227978178 ], [ 104.58837855134071, -27.264268183381841 ], [ 104.621544406010443, -27.216361948858893 ], [ 104.610489121120537, -27.153715334482733 ], [ 104.525731936964547, -27.124234574776303 ], [ 104.393068518285617, -27.109494194923091 ], [ 104.271460384496606, -27.072643245290053 ], [ 104.219869055010349, -27.0173668208405 ], [ 104.271460384496606, -26.96577549135425 ], [ 104.337792093836072, -26.92523944675791 ], [ 104.348847378725978, -26.855222642455143 ], [ 104.326736808946166, -26.777835648225768 ], [ 104.319366619019547, -26.726244318739518 ], [ 104.411493993102141, -26.715189033849608 ], [ 104.492566082294815, -26.67833808421657 ], [ 104.55889779163428, -26.645172229546837 ], [ 104.595748741267315, -26.589895805097285 ], [ 104.603118931193933, -26.48302805116148 ], [ 104.610489121120537, -26.416696341822018 ], [ 104.665765545570082, -26.350364632482552 ], [ 104.717356875056339, -26.365105012335768 ], [ 104.842650103808666, -26.339309347592643 ], [ 104.949517857744468, -26.284032923143087 ], [ 104.978998617450898, -26.206645928913712 ], [ 105.082181276423398, -26.206645928913712 ], [ 105.170623555542676, -26.1919055490605 ], [ 105.207474505175711, -26.15136950446416 ], [ 105.218529790065631, -26.04818684549166 ], [ 105.200104315249106, -26.000280610968712 ], [ 105.240640359845443, -25.937633996592552 ], [ 105.218529790065631, -25.882357572142997 ], [ 105.126402415983037, -25.867617192289785 ], [ 105.078496181460082, -25.838136432583354 ], [ 105.078496181460082, -25.771804723243893 ], [ 105.093236561313304, -25.69810282397782 ], [ 105.170623555542676, -25.694417729014518 ], [ 105.229585074955537, -25.73863886857416 ], [ 105.299601879258304, -25.760749438353979 ], [ 105.3954143483042, -25.775489818207195 ], [ 105.529920314464775, -25.763513259576456 ], [ 105.640473163363879, -25.704551740163598 ], [ 105.736285632409775, -25.649275315714046 ], [ 105.776821677006112, -25.557147941631456 ], [ 105.891059620868532, -25.546092656741546 ], [ 106.034778324437369, -25.564518131558064 ], [ 106.141646078373171, -25.546092656741546 ], [ 106.211662882675938, -25.505556612145206 ], [ 106.281679686978705, -25.468705662512171 ], [ 106.373807061061299, -25.461335472585564 ], [ 106.473304625070497, -25.457650377622262 ], [ 106.432768580474146, -25.376578288429581 ], [ 106.351696491281473, -25.317616769016723 ], [ 106.285364781942008, -25.262340344567171 ], [ 106.178497028006205, -25.262340344567171 ], [ 106.101110033776834, -25.218119205007529 ], [ 106.056888894217181, -25.122306735961637 ], [ 106.071629274070403, -25.019124076989137 ], [ 106.027408134510765, -24.960162557576279 ], [ 105.920540380574963, -24.893830848236814 ], [ 105.861578861162101, -24.853294803640473 ], [ 105.828413006492369, -24.767616345743662 ], [ 105.90580000072174, -24.808152390340002 ], [ 105.99055718487773, -24.808152390340002 ], [ 106.042148514363973, -24.76393125078036 ], [ 106.045833609327275, -24.682859161587679 ], [ 105.968446615097903, -24.638638022028037 ], [ 105.865263956125403, -24.620212547211519 ], [ 105.78419186693273, -24.598101977431696 ], [ 105.736285632409775, -24.520714983202321 ], [ 105.625732783510671, -24.505974603349106 ], [ 105.504124649721646, -24.505974603349106 ], [ 105.478328984978532, -24.428587609119731 ], [ 105.400941990749146, -24.362255899780269 ], [ 105.330925186446379, -24.329090045110537 ], [ 105.353035756226205, -24.248017955917856 ], [ 105.408312180675765, -24.211167006284821 ], [ 105.456218415198705, -24.203796816358214 ], [ 105.46358860512531, -24.139307654500399 ], [ 105.548345789281299, -24.139307654500399 ], [ 105.592566928840938, -24.087716325014149 ], [ 105.57782654898773, -23.980848571078347 ], [ 105.56677126409781, -23.907146671812274 ], [ 105.56677126409781, -23.85924043728933 ], [ 105.622047688547369, -23.837129867509507 ], [ 105.703119777740042, -23.826074582619597 ], [ 105.717860157593265, -23.774483253133347 ] ] ] ] } },
{ "type": "Feature", "properties": { "id": 123, "name": "Marahai", "continent": "Essos" }, "geometry": { "type": "MultiPolygon", "coordinates": [ [ [ [ 99.784857266674507, -29.329763910313488 ], [ 99.847503881050656, -29.390567977208001 ], [ 99.83644859616075, -29.449529496620855 ], [ 99.806967836454319, -29.467954971437376 ], [ 99.832763501197448, -29.512176110997018 ], [ 99.891725020610309, -29.549027060630053 ], [ 99.983852394692889, -29.56745253544657 ], [ 100.035443724179146, -29.552712155593355 ], [ 100.079664863738785, -29.60798858004291 ], [ 100.131256193225042, -29.626414054859428 ], [ 100.208643187454413, -29.626414054859428 ], [ 100.238123947160844, -29.655894814565855 ], [ 100.223383567307621, -29.696430859162195 ], [ 100.149681668041552, -29.696430859162195 ], [ 100.094405243592007, -29.707486144052105 ], [ 100.14599657307825, -29.751707283611751 ], [ 100.212328282417715, -29.781188043318178 ], [ 100.274974896793879, -29.847519752657643 ], [ 100.297085466573705, -29.906481272070501 ], [ 100.293400371610389, -29.965442791483358 ], [ 100.256549421977354, -30.002293741116393 ], [ 100.271289801830576, -30.050199975639337 ], [ 100.319196036353517, -30.098106210162285 ], [ 100.359732080949854, -30.13495715979532 ], [ 100.378157555766379, -30.197603774171483 ], [ 100.374472460803077, -30.274990768400858 ], [ 100.341306606133344, -30.322897002923803 ], [ 100.278659991757181, -30.345007572703626 ], [ 100.23075375723424, -30.326582097887108 ], [ 100.204958092491111, -30.308156623070591 ], [ 100.171792237821379, -30.370803237446751 ], [ 100.149681668041552, -30.448190231676126 ], [ 100.090720148628705, -30.510836846052285 ], [ 100.009648059436017, -30.529262320868803 ], [ 99.93963125513325, -30.514521941015591 ], [ 99.884354830683705, -30.518207035978893 ], [ 99.843818786087354, -30.569798365465143 ], [ 99.840133691124052, -30.643500264731216 ], [ 99.81802312134424, -30.728257448887199 ], [ 99.759061601931379, -30.750368018667018 ], [ 99.703785177481819, -30.757738208593626 ], [ 99.626398183252448, -30.805644443116574 ], [ 99.571121758802889, -30.820384822969785 ], [ 99.519530429316646, -30.816699728006483 ], [ 99.50847514442674, -30.79458915822666 ], [ 99.42371796027075, -30.779848778373449 ], [ 99.342645871078076, -30.816699728006483 ], [ 99.259731234403745, -30.832361381600521 ], [ 99.171288955284453, -30.84341666649043 ], [ 99.134438005651418, -30.824991191673913 ], [ 99.11969762579821, -30.795510431967486 ], [ 99.075476486238557, -30.795510431967486 ], [ 99.042310631568824, -30.84341666649043 ], [ 98.994404397045884, -30.858157046343646 ], [ 98.946498162522943, -30.828676286637215 ], [ 98.865426073330255, -30.821306096710611 ], [ 98.765928509321057, -30.828676286637215 ], [ 98.677486230201779, -30.828676286637215 ], [ 98.585358856119186, -30.813935906784003 ], [ 98.51902714677972, -30.777084957150965 ], [ 98.541137716559547, -30.710753247811503 ], [ 98.607469425899012, -30.707068152848198 ], [ 98.570618476265977, -30.670217203215163 ], [ 98.504286766926512, -30.629681158618823 ], [ 98.467435817293477, -30.611255683802305 ], [ 98.463750722330175, -30.559664354316055 ], [ 98.404789202917314, -30.522813404683021 ], [ 98.308976733871418, -30.489647550013288 ], [ 98.242645024531953, -30.48227736008668 ], [ 98.198423884972314, -30.452796600380253 ], [ 98.157887840375977, -30.415945650747215 ], [ 98.117351795779641, -30.404890365857305 ], [ 98.117351795779641, -30.349613941407753 ], [ 98.135777270596151, -30.323818276664628 ], [ 98.157887840375977, -30.268541852215073 ], [ 98.146832555486057, -30.228005807618732 ], [ 98.194738790009012, -30.198525047912305 ], [ 98.205794074898918, -30.139563528499448 ], [ 98.161572935339279, -30.102712578866413 ], [ 98.109981605853022, -30.102712578866413 ], [ 98.039964801550255, -30.135878433536146 ], [ 97.981003282137408, -30.135878433536146 ], [ 97.918356667761245, -30.128508243609538 ], [ 97.888875908054814, -30.06954672419668 ], [ 97.818859103752047, -30.032695774563646 ], [ 97.789378344045616, -29.999529919893913 ], [ 97.737787014559359, -29.951623685370965 ], [ 97.759897584339186, -29.911087640774625 ], [ 97.785693249082314, -29.87423669114159 ], [ 97.826229293678651, -29.855811216325073 ], [ 97.833599483605255, -29.793164601948913 ], [ 97.800433628935522, -29.774739127132396 ], [ 97.76726777426579, -29.70840741779293 ], [ 97.782008154119012, -29.642075708453465 ], [ 97.829914388641953, -29.590484378967215 ], [ 97.840969673531859, -29.55363342933418 ], [ 97.914671572797943, -29.52415266962775 ], [ 97.940467237541057, -29.457820960288288 ], [ 98.043649896513557, -29.443080580435073 ], [ 98.117351795779641, -29.384119061022215 ], [ 98.07681575118329, -29.350953206352482 ], [ 98.036279706586953, -29.369378681169 ], [ 97.992058567027314, -29.325157541609357 ], [ 97.933097047614453, -29.321472446646055 ], [ 97.933097047614453, -29.2661960221965 ], [ 98.00311385191722, -29.251455642343288 ], [ 98.028909516660349, -29.209998324006122 ], [ 98.080500846146592, -29.158406994519872 ], [ 98.154202745412675, -29.14366661466666 ], [ 98.213164264825522, -29.139981519703355 ], [ 98.264755594311779, -29.084705095253803 ], [ 98.320032018761324, -29.055224335547372 ], [ 98.401104107954012, -29.055224335547372 ], [ 98.456380532403557, -29.055224335547372 ], [ 98.456380532403557, -29.01100319598773 ], [ 98.515342051816418, -28.966782056428087 ], [ 98.452695437440255, -28.952041676574872 ], [ 98.378993538174186, -28.95941186650148 ], [ 98.367938253284279, -28.882024872272105 ], [ 98.297921448981512, -28.874654682345497 ], [ 98.213164264825522, -28.90782053701523 ], [ 98.150517650449359, -28.870969587382195 ], [ 98.109981605853022, -28.841488827675764 ], [ 98.028909516660349, -28.878339777308803 ], [ 97.966262902284186, -28.918875821905143 ], [ 97.888875908054814, -28.95941186650148 ], [ 97.826229293678651, -28.922560916868445 ], [ 97.745157204485977, -28.904135442051928 ], [ 97.649344735440081, -28.952041676574872 ], [ 97.564587551284092, -28.992577721171212 ], [ 97.435609227568477, -29.022058480877643 ], [ 97.343481853485883, -29.025743575840945 ], [ 97.26240976429321, -29.066279620437285 ], [ 97.236614099550081, -29.132611329776747 ], [ 97.247669384439988, -29.20631322904282 ], [ 97.199763149917047, -29.25790455852907 ], [ 97.17765258013722, -29.280015128308893 ], [ 97.203448244880349, -29.32055117290523 ], [ 97.240299194513383, -29.35003193261166 ], [ 97.302945808889547, -29.35003193261166 ], [ 97.343481853485883, -29.346346837648355 ], [ 97.376647708155616, -29.379512692318087 ], [ 97.380332803118918, -29.445844401657553 ], [ 97.328741473632675, -29.486380446253893 ], [ 97.240299194513383, -29.501120826107105 ], [ 97.221873719696859, -29.574822725373178 ], [ 97.225558814660161, -29.641154434712643 ], [ 97.221873719696859, -29.729596713831928 ], [ 97.207133339843651, -29.806983708061303 ], [ 97.166597295247314, -29.847519752657643 ], [ 97.067099731238116, -29.880685607327376 ], [ 97.011823306788557, -29.891740892217285 ], [ 97.011823306788557, -29.932276936813626 ], [ 97.05604444634821, -29.972812981409962 ], [ 97.111320870797755, -30.013349026006303 ], [ 97.155542010357394, -30.039144690749428 ], [ 97.196078054953745, -30.094421115198983 ], [ 97.266094859256512, -30.164437919501751 ], [ 97.299260713926245, -30.197603774171483 ], [ 97.299260713926245, -30.263935483510945 ], [ 97.284520334073022, -30.337637382777018 ], [ 97.306630903852849, -30.385543617299966 ], [ 97.380332803118918, -30.396598902189876 ], [ 97.38401789808222, -30.437134946786216 ], [ 97.424553942678557, -30.459245516566035 ], [ 97.48720055705472, -30.481356086345858 ], [ 97.520366411724453, -30.577168555391751 ], [ 97.505626031871245, -30.643500264731216 ], [ 97.479830367128116, -30.720887258960591 ], [ 97.454034702384988, -30.761423303556928 ], [ 97.498255841944626, -30.821306096710611 ], [ 97.535106791577675, -30.906063280866594 ], [ 97.608808690843745, -30.939229135536323 ], [ 97.67514040018321, -30.968709895242753 ], [ 97.653029830403383, -31.020301224729003 ], [ 97.619863975733651, -31.031356509618913 ], [ 97.671455305219894, -31.057152174362038 ], [ 97.719361539742849, -31.097688218958378 ], [ 97.76726777426579, -31.138224263554719 ], [ 97.863080243311686, -31.145594453481323 ], [ 97.947837427467675, -31.127168978664805 ], [ 98.010484041843824, -31.123483883701503 ], [ 98.07681575118329, -31.094003123995073 ], [ 98.117351795779641, -31.156649738371236 ], [ 98.172628220229186, -31.222981447710698 ], [ 98.205794074898918, -31.234036732600611 ], [ 98.216849359788824, -31.304053536903378 ], [ 98.220534454752141, -31.370385246242844 ], [ 98.250015214458557, -31.407236195875878 ], [ 98.301606543944814, -31.433031860619003 ], [ 98.356882968394359, -31.466197715288736 ], [ 98.423214677733824, -31.484623190105253 ], [ 98.493231482036592, -31.499363569958469 ], [ 98.563248286339373, -31.510418854848378 ], [ 98.625894900715522, -31.506733759885076 ], [ 98.688541515091686, -31.466197715288736 ], [ 98.769613604284373, -31.469882810252038 ], [ 98.832260218660522, -31.46251262032543 ], [ 98.869111168293557, -31.418291480765788 ], [ 98.917017402816512, -31.421976575729094 ], [ 98.957553447412849, -31.473567905215344 ], [ 98.998089492009186, -31.510418854848378 ], [ 99.064421201348651, -31.517789044774986 ], [ 99.116012530834908, -31.495678474995163 ], [ 99.208139904917488, -31.469882810252038 ], [ 99.311322563889988, -31.466197715288736 ], [ 99.407135032935884, -31.444087145508913 ], [ 99.473466742275349, -31.407236195875878 ], [ 99.53242826168821, -31.374070341206146 ], [ 99.602445065990977, -31.374070341206146 ], [ 99.701942630000175, -31.399866005949271 ], [ 99.764589244376339, -31.399866005949271 ], [ 99.794070004082755, -31.348274676463021 ], [ 99.823550763789186, -31.270887682233646 ], [ 99.875142093275443, -31.270887682233646 ], [ 99.94515889757821, -31.296683346976771 ], [ 99.996750227064453, -31.311423726829986 ], [ 100.044656461587408, -31.292998252013469 ], [ 100.099932886036953, -31.289313157050163 ], [ 100.16994969033972, -31.289313157050163 ], [ 100.206800639972755, -31.245092017490521 ], [ 100.236281399679186, -31.186130498077663 ], [ 100.302613109018651, -31.127168978664805 ], [ 100.372629913321418, -31.097688218958378 ], [ 100.413165957917755, -31.04978198443543 ], [ 100.47949766725722, -31.005560844875788 ], [ 100.545829376596686, -30.983450275095969 ], [ 100.604790896009547, -30.957654610352844 ], [ 100.612161085936151, -30.902378185903288 ], [ 100.608475990972849, -30.824991191673913 ], [ 100.626901465789373, -30.766029672261055 ], [ 100.674807700312314, -30.703383057884896 ], [ 100.730084124761873, -30.68864267803168 ], [ 100.774305264321512, -30.651791728398646 ], [ 100.785360549211418, -30.59651530394909 ], [ 100.763249979431606, -30.537553784536236 ], [ 100.777990359284814, -30.48227736008668 ], [ 100.77062016935821, -30.438056220527038 ], [ 100.748509599578384, -30.408575460820607 ], [ 100.748509599578384, -30.353299036371055 ], [ 100.814841308917849, -30.305392801848107 ], [ 100.918023967890349, -30.301707706884805 ], [ 100.954874917523384, -30.279597137104982 ], [ 100.906968683000443, -30.257486567325163 ], [ 100.899598493073839, -30.194839952949003 ], [ 100.906968683000443, -30.091657293976503 ], [ 100.921709062853651, -30.01795539471043 ], [ 100.929079252780255, -29.988474635004 ], [ 100.884858113220616, -30.006900109820521 ], [ 100.796415834101339, -30.010585204783823 ], [ 100.733769219725176, -29.988474635004 ], [ 100.693233175128839, -29.918457830701232 ], [ 100.645326940605884, -29.911087640774625 ], [ 100.586365421193022, -29.903717450848021 ], [ 100.578995231266418, -29.826330456618646 ], [ 100.630586560752675, -29.785794412022305 ], [ 100.601105801046245, -29.723147797646146 ], [ 100.542144281633384, -29.664186278233288 ], [ 100.47949766725722, -29.608909853783732 ], [ 100.442646717624186, -29.527837764591055 ], [ 100.435276527697582, -29.454135865324982 ], [ 100.405795767991151, -29.413599820728642 ], [ 100.335778963688384, -29.380433966058913 ], [ 100.262077064422314, -29.413599820728642 ], [ 100.166264595376418, -29.424655105618555 ], [ 100.107303075963571, -29.380433966058913 ], [ 100.04834155655071, -29.354638301315788 ], [ 99.993065132101151, -29.376748871095607 ], [ 99.926733422761686, -29.339897921462573 ], [ 99.856716618458918, -29.30673206679284 ], [ 99.794070004082755, -29.291991686939625 ], [ 99.784857266674507, -29.329763910313488 ] ] ] ] } },
{ "type": "Feature", "properties": { "id": 124, "name": "Isle of Whips", "continent": "Essos" }, "geometry": { "type": "MultiPolygon", "coordinates": [ [ [ [ 93.276979561480388, -23.899776481885699 ], [ 93.335941080893249, -23.943997621445341 ], [ 93.413328075122621, -23.943997621445341 ], [ 93.498085259278596, -23.966108191225164 ], [ 93.549676588764854, -24.061920660271056 ], [ 93.616008298104319, -24.072975945160966 ], [ 93.715505862113517, -24.102456704867397 ], [ 93.733931336930027, -24.047180280417841 ], [ 93.708135672186899, -24.002959140858199 ], [ 93.627063582994225, -23.925572146628824 ], [ 93.586527538397888, -23.859240437289362 ], [ 93.509140544168517, -23.829759677582931 ], [ 93.472289594535482, -23.778168348096681 ], [ 93.409642980159319, -23.759742873280164 ], [ 93.391217505342794, -23.811334202766414 ], [ 93.324885796003329, -23.829759677582931 ], [ 93.254868991700562, -23.881351007069181 ], [ 93.276979561480388, -23.899776481885699 ] ] ] ] } },
{ "type": "Feature", "properties": { "id": 125, "name": "Manticore Isles", "continent": "Essos" }, "geometry": { "type": "MultiPolygon", "coordinates": [ [ [ [ 105.376988873487676, -32.338643947850898 ], [ 105.3954143483042, -32.412345847116967 ], [ 105.465431152606968, -32.430771321933491 ], [ 105.568613811579468, -32.419716037043578 ], [ 105.653370995735443, -32.375494897483932 ], [ 105.723387800038211, -32.316533378071078 ], [ 105.793404604340978, -32.309163188144467 ], [ 105.819200269084106, -32.357069422667415 ], [ 105.789719509377676, -32.42340113200688 ], [ 105.738128179891433, -32.504473221199561 ], [ 105.716017610111606, -32.541324170832596 ], [ 105.716017610111606, -32.60028569024545 ], [ 105.686536850405176, -32.6518770197317 ], [ 105.627575330992315, -32.6518770197317 ], [ 105.553873431726245, -32.6518770197317 ], [ 105.46911624757027, -32.688727969364741 ], [ 105.410154728157408, -32.736634203887682 ], [ 105.354878303707864, -32.747689488777596 ], [ 105.26275092962527, -32.777170248484026 ], [ 105.192734125322502, -32.821391388043665 ], [ 105.082181276423398, -32.83613176789688 ], [ 105.030589946937141, -32.795595723300544 ], [ 105.067440896570176, -32.747689488777596 ], [ 105.067440896570176, -32.699783254254648 ], [ 105.026904851973839, -32.666617399584915 ], [ 104.942147667817849, -32.666617399584915 ], [ 104.894241433294908, -32.644506829805096 ], [ 104.908981813148131, -32.57817512046563 ], [ 104.993738997304106, -32.522898696016078 ], [ 105.045330326790349, -32.545009265795898 ], [ 105.122717321019735, -32.545009265795898 ], [ 105.17799374546928, -32.49710303127295 ], [ 105.214844695102315, -32.430771321933491 ], [ 105.255380739698666, -32.353384327704113 ], [ 105.28117640444178, -32.309163188144467 ], [ 105.321712449038131, -32.301792998217863 ], [ 105.376988873487676, -32.338643947850898 ] ] ], [ [ [ 106.021880492065804, -32.301792998217863 ], [ 106.0145103021392, -32.231776193915096 ], [ 106.066101631625443, -32.169129579538932 ], [ 106.069786726588745, -32.091742585309561 ], [ 106.121378056075002, -32.036466160860009 ], [ 106.213505430157596, -32.065946920566432 ], [ 106.31300299416678, -32.065946920566432 ], [ 106.364594323653037, -32.091742585309561 ], [ 106.298262614313572, -32.128593534942596 ], [ 106.298262614313572, -32.191240149318759 ], [ 106.272466949570443, -32.228091098951793 ], [ 106.202450145267676, -32.220720909025182 ], [ 106.139803530891513, -32.231776193915096 ], [ 106.091897296368572, -32.26862714354813 ], [ 106.021880492065804, -32.301792998217863 ] ] ], [ [ [ 106.515683217148478, -31.95907916663063 ], [ 106.475147172552141, -31.914858027070988 ], [ 106.441981317882409, -31.863266697584738 ], [ 106.475147172552141, -31.807990273135182 ], [ 106.537793786928304, -31.778509513428755 ], [ 106.62255097108428, -31.79324989328197 ], [ 106.652031730790711, -31.819045558025095 ], [ 106.710993250203572, -31.830100842915005 ], [ 106.769954769616433, -31.85589650765813 ], [ 106.751529294799909, -31.914858027070988 ], [ 106.685197585460443, -31.922228216997595 ], [ 106.60412549626777, -31.911172932107682 ], [ 106.559904356708131, -31.933283501887505 ], [ 106.515683217148478, -31.95907916663063 ] ] ], [ [ [ 106.957894612744909, -31.581356932892017 ], [ 107.042651796900898, -31.577671837928712 ], [ 107.105298411277062, -31.592412217781927 ], [ 107.075817651570631, -31.644003547268177 ], [ 107.01685613215777, -31.67716940193791 ], [ 106.965264802671513, -31.688224686827819 ], [ 106.91367347318527, -31.658743927121392 ], [ 106.91367347318527, -31.607152597635142 ], [ 106.957894612744909, -31.581356932892017 ] ] ], [ [ [ 107.127408981056874, -31.404472374653444 ], [ 107.024226322084374, -31.411842564580052 ], [ 106.961579707708211, -31.459748799102996 ], [ 106.898933093332062, -31.500284843699337 ], [ 106.792065339396245, -31.507655033625944 ], [ 106.729418725020096, -31.459748799102996 ], [ 106.7367889149467, -31.378676709910319 ], [ 106.803120624286166, -31.338140665313979 ], [ 106.851026858809107, -31.319715190497462 ], [ 106.93209894800178, -31.301289715680944 ], [ 107.024226322084374, -31.286549335827729 ], [ 107.068447461644013, -31.246013291231389 ], [ 107.12003879113027, -31.183366676855229 ], [ 107.1495195508367, -31.153885917148802 ], [ 107.182685405506433, -31.183366676855229 ], [ 107.164259930689909, -31.246013291231389 ], [ 107.131094076020176, -31.293919525754337 ], [ 107.116353696166968, -31.338140665313979 ], [ 107.127408981056874, -31.404472374653444 ] ] ], [ [ [ 107.422216578121166, -30.973316263946927 ], [ 107.411161293231245, -31.028592688396479 ], [ 107.3558848687817, -31.039647973286389 ], [ 107.348514678855096, -30.988056643800139 ], [ 107.422216578121166, -30.973316263946927 ] ] ], [ [ [ 107.702283795332235, -30.730099996368889 ], [ 107.676488130589107, -30.641657717249604 ], [ 107.728079460075364, -30.597436577689962 ], [ 107.73913474496527, -30.516364488497281 ], [ 107.687543415479027, -30.464773159011031 ], [ 107.705968890295537, -30.427691890942789 ], [ 107.726236912593706, -30.407423868644617 ], [ 107.757560219781794, -30.365275595001837 ], [ 107.746504934891874, -30.330958148156068 ], [ 107.742819839928572, -30.295258790699066 ], [ 107.735449650001968, -30.247352556176121 ], [ 107.76953677841253, -30.227775489183568 ], [ 107.809151549268037, -30.239982366249514 ], [ 107.803623906823077, -30.321745410747809 ], [ 107.782434610784094, -30.419400427275356 ], [ 107.771379325894173, -30.465464114316649 ], [ 107.798096264378131, -30.497939013680764 ], [ 107.838632308974468, -30.523734678423889 ], [ 107.834947214011166, -30.582696197836746 ], [ 107.787040979488211, -30.645342812212906 ], [ 107.750190029855176, -30.645342812212906 ], [ 107.702283795332235, -30.730099996368889 ] ] ] ] } },
{ "type": "Feature", "properties": { "id": 126, "name": null, "continent": "Essos" }, "geometry": { "type": "MultiPolygon", "coordinates": [ [ [ [ 98.662745850348557, -29.395404664347378 ], [ 98.788039079100884, -29.314332575154701 ], [ 98.891221738073384, -29.284851815448274 ], [ 98.987034207119279, -29.189039346402378 ], [ 99.075476486238557, -29.18166915647577 ], [ 99.163918765357849, -29.218520106108809 ], [ 99.097587056018384, -29.262741245668451 ], [ 99.038625536605522, -29.284851815448274 ], [ 99.023885156752314, -29.380664284494166 ], [ 98.988876754600923, -29.404156764885226 ], [ 98.953868352449547, -29.459433189334778 ], [ 98.972293827266057, -29.535438272952916 ], [ 98.950183257486245, -29.609140172218986 ], [ 98.847000598513745, -29.609140172218986 ], [ 98.743817939541245, -29.675471881558451 ], [ 98.670116040275175, -29.653361311778632 ], [ 98.677486230201779, -29.572289222585951 ], [ 98.729077559688022, -29.520697893099701 ], [ 98.692226610054988, -29.476476753540059 ], [ 98.670116040275175, -29.454366183760236 ], [ 98.662745850348557, -29.395404664347378 ] ] ], [ [ [ 99.182344240174373, -30.2213265729978 ], [ 99.193399525064279, -30.180790528401459 ], [ 99.296582184036779, -30.184475623364765 ], [ 99.34448841855972, -30.136569388841817 ], [ 99.410820127899186, -30.180790528401459 ], [ 99.554538831468022, -30.110773724098692 ], [ 99.484522027165255, -30.206586193144584 ], [ 99.484522027165255, -30.27291790248405 ], [ 99.410820127899186, -30.339249611823515 ], [ 99.322377848779908, -30.346619801750119 ], [ 99.237620664623918, -30.387155846346459 ], [ 99.226565379734012, -30.4276918909428 ], [ 99.123382720761512, -30.4276918909428 ], [ 99.112327435871606, -30.387155846346459 ], [ 99.045995726532141, -30.309768852117084 ], [ 99.057051011422047, -30.250807332704227 ], [ 99.171288955284453, -30.250807332704227 ], [ 99.182344240174373, -30.2213265729978 ] ] ] ] } },
{ "type": "Feature", "properties": { "id": 127, "name": null, "continent": "Essos" }, "geometry": { "type": "MultiPolygon", "coordinates": [ [ [ [ 90.824548863401859, -16.743091744714963 ], [ 90.912991142521136, -16.717296079971838 ], [ 91.060394941053289, -16.6804451303388 ], [ 91.170947789952393, -16.691500415228713 ], [ 91.248334784181765, -16.709925890045231 ], [ 91.322036683447834, -16.691500415228713 ], [ 91.347832348190963, -16.754147029604873 ], [ 91.436274627310254, -16.754147029604873 ], [ 91.513661621539626, -16.713610985008533 ], [ 91.53208709635615, -16.805738359091123 ], [ 91.487865956796497, -16.853644593614071 ], [ 91.524716906429532, -16.919976302953533 ], [ 91.576308235915789, -16.942086872733356 ], [ 91.594733710732299, -16.986308012292998 ], [ 91.554197666135963, -17.034214246815946 ], [ 91.451015007163463, -17.060009911559071 ], [ 91.421534247457032, -17.122656525935231 ], [ 91.384683297823997, -17.218468994981123 ], [ 91.303611208631324, -17.23689446979764 ], [ 91.277815543888195, -17.270060324467373 ], [ 91.274130448924893, -17.336392033806838 ], [ 91.215168929512032, -17.373242983439873 ], [ 91.137781935282661, -17.358502603586658 ], [ 91.08987570075972, -17.362187698549963 ], [ 91.078820415869799, -17.395353553219696 ], [ 91.08987570075972, -17.472740547449071 ], [ 91.086190605796418, -17.528016971898623 ], [ 91.034599276310161, -17.564867921531661 ], [ 90.975637756897299, -17.605403966127998 ], [ 90.938786807264265, -17.668050580504161 ], [ 90.938786807264265, -17.749122669696838 ], [ 90.968267566970695, -17.797028904219786 ], [ 90.990378136750522, -17.833879853852821 ], [ 90.924046427411056, -17.874415898449161 ], [ 90.831919053328463, -17.896526468228981 ], [ 90.784012818805522, -17.951802892678536 ], [ 90.691885444722928, -18.003394222164786 ], [ 90.643979210199987, -17.966543272531748 ], [ 90.67714506486972, -17.914951943045498 ], [ 90.673459969906403, -17.867045708522554 ], [ 90.647664305163289, -17.833879853852821 ], [ 90.625553735383463, -17.793343809256481 ], [ 90.596072975677032, -17.734382289843623 ], [ 90.59238788071373, -17.671735675467463 ], [ 90.662404685016497, -17.627514535907821 ], [ 90.747161869172487, -17.54644244671514 ], [ 90.78032772384222, -17.469055452485765 ], [ 90.78032772384222, -17.399038648182998 ], [ 90.772957533915601, -17.299541084173804 ], [ 90.772957533915601, -17.214783900017821 ], [ 90.820863768438556, -17.192673330237998 ], [ 90.876140192888101, -17.192673330237998 ], [ 90.898250762667928, -17.144767095715054 ], [ 90.898250762667928, -17.052639721632463 ], [ 90.854029623108289, -17.037899341779248 ], [ 90.791383008732126, -16.997363297182908 ], [ 90.791383008732126, -16.931031587843446 ], [ 90.850344528144987, -16.923661397916838 ], [ 90.876140192888101, -16.8868104482838 ], [ 90.839289243255067, -16.805738359091123 ], [ 90.824548863401859, -16.743091744714963 ] ] ], [ [ [ 91.382840750342353, -17.817296926517955 ], [ 91.445487364718502, -17.762020502068403 ], [ 91.49707869420476, -17.762020502068403 ], [ 91.471283029461631, -17.802556546664743 ], [ 91.456542649608423, -17.850462781187687 ], [ 91.434432079828596, -17.89468392074733 ], [ 91.390210940268958, -17.93521996534367 ], [ 91.397581130195562, -17.994181484756528 ], [ 91.4418022697552, -18.02734733942626 ], [ 91.397581130195562, -18.067883384022601 ], [ 91.327564325892794, -18.097364143729028 ], [ 91.298083566186364, -18.137900188325368 ], [ 91.268602806479933, -18.178436232921708 ], [ 91.169105242470735, -18.19317661277492 ], [ 91.10277353313127, -18.167380948031795 ], [ 91.180160527360655, -18.137900188325368 ], [ 91.202271097140468, -18.07893866891251 ], [ 91.261232616553329, -18.042087719279476 ], [ 91.257547521590027, -17.994181484756528 ], [ 91.224381666920294, -17.949960345196885 ], [ 91.21701147699369, -17.876258445930812 ], [ 91.253862426626725, -17.828352211407868 ], [ 91.316509041002888, -17.809926736591351 ], [ 91.360730180562527, -17.828352211407868 ], [ 91.382840750342353, -17.817296926517955 ] ] ], [ [ [ 95.277986126554225, -20.864870461170014 ], [ 95.359058215746913, -20.883295935986531 ], [ 95.39959426034325, -20.960682930215906 ], [ 95.458555779756097, -21.015959354665458 ], [ 95.558053343765295, -21.027014639555372 ], [ 95.617014863178156, -21.012274259702156 ], [ 95.65386581281119, -21.074920874078316 ], [ 95.63544033799468, -21.122827108601264 ], [ 95.664921097701111, -21.174418438087514 ], [ 95.760733566746993, -21.203899197793941 ], [ 95.867601320682795, -21.203899197793941 ], [ 95.93393303002226, -21.189158817940729 ], [ 96.007634929288329, -21.148622773344389 ], [ 96.085021923517715, -21.207584292757247 ], [ 96.096077208407621, -21.296026571876531 ], [ 96.107132493297527, -21.354988091289389 ], [ 96.15135363285718, -21.399209230849031 ], [ 96.214000247233344, -21.439745275445372 ], [ 96.210315152270027, -21.487651509968316 ], [ 96.162408917747086, -21.495021699894924 ], [ 96.155038727820482, -21.520817364638049 ], [ 96.085021923517715, -21.472911130115104 ], [ 96.000264739361725, -21.450800560335281 ], [ 95.922877745132354, -21.465540940188497 ], [ 95.84180565593968, -21.391839040922424 ], [ 95.734937902003878, -21.384468850995816 ], [ 95.63544033799468, -21.410264515738941 ], [ 95.535942773985482, -21.362358281215997 ], [ 95.535942773985482, -21.277601097060014 ], [ 95.484351444499225, -21.211269387720549 ], [ 95.414334640196458, -21.181788628014122 ], [ 95.340632740930388, -21.159678058234299 ], [ 95.29641160137075, -21.104401633784747 ], [ 95.204284227288156, -21.063865589188406 ], [ 95.21165441721476, -21.001218974812247 ], [ 95.244820271884493, -20.975423310069122 ], [ 95.263245746701017, -20.934887265472781 ], [ 95.277986126554225, -20.864870461170014 ] ] ], [ [ [ 96.320868001169146, -21.539242839454566 ], [ 96.379829520581993, -21.535557744491264 ], [ 96.438791039994854, -21.620314928647247 ], [ 96.309812716279225, -21.583463979014212 ], [ 96.320868001169146, -21.539242839454566 ] ] ] ] } },
{ "type": "Feature", "properties": { "id": 128, "name": null, "continent": "Essos" }, "geometry": { "type": "MultiPolygon", "coordinates": [ [ [ [ 111.941985550613012, -23.525509024675198 ], [ 112.004632164989175, -23.481287885115556 ], [ 112.159406153447918, -23.466547505262341 ], [ 112.218367672860779, -23.525509024675198 ], [ 112.258903717457116, -23.551304689418323 ], [ 112.299439762053453, -23.543934499491716 ], [ 112.325235426796581, -23.613951303794483 ], [ 112.299439762053453, -23.672912823207341 ], [ 112.303124857016769, -23.720819057730289 ], [ 112.362086376429616, -23.753984912400021 ], [ 112.402622421025953, -23.787150767069754 ], [ 112.395252231099349, -23.838742096556004 ], [ 112.339975806649804, -23.875593046189039 ], [ 112.288384477163547, -23.938239660565198 ], [ 112.281014287236943, -24.004571369904664 ], [ 112.188886913154349, -24.052477604427612 ], [ 112.063593684402036, -24.100383838950556 ], [ 111.964096120392838, -24.100383838950556 ], [ 112.045168209585512, -24.037737224574396 ], [ 112.085704254181849, -23.964035325308323 ], [ 112.115185013888279, -23.905073805895466 ], [ 112.16309124841122, -23.849797381445914 ], [ 112.137295583668106, -23.794520956996358 ], [ 112.078334064255245, -23.798206051959664 ], [ 112.082019159218547, -23.709763772840379 ], [ 112.056223494475418, -23.636061873574306 ], [ 111.993576880099269, -23.588155639051358 ], [ 111.949355740539616, -23.558674879344931 ], [ 111.941985550613012, -23.525509024675198 ] ] ], [ [ [ 113.275989927328908, -24.048792509464306 ], [ 113.38285768126471, -24.048792509464306 ], [ 113.427078820824349, -24.081958364134039 ], [ 113.3644322064482, -24.118809313767073 ], [ 113.27967502229221, -24.118809313767073 ], [ 113.239138977695873, -24.104068933913862 ], [ 113.275989927328908, -24.048792509464306 ] ] ] ] } },
{ "type": "Feature", "properties": { "id": 129, "name": null, "continent": "Essos" }, "geometry": { "type": "MultiPolygon", "coordinates": [ [ [ [ 107.112668601203666, -19.52625971574999 ], [ 107.138464265946794, -19.599961615016063 ], [ 107.112668601203666, -19.651552944502313 ], [ 107.097928221350443, -19.751050508511511 ], [ 107.057392176754107, -19.861603357410619 ], [ 107.064762366680711, -19.935305256676688 ], [ 107.01685613215777, -19.950045636529904 ], [ 107.038966701937596, -19.854233167484011 ], [ 107.01685613215777, -19.758420698438119 ], [ 106.93209894800178, -19.732625033694994 ], [ 106.9431542328917, -19.681033704208744 ], [ 107.005800847267864, -19.666293324355529 ], [ 107.027911417047676, -19.599961615016063 ], [ 107.064762366680711, -19.555740475456421 ], [ 107.112668601203666, -19.52625971574999 ] ] ], [ [ [ 107.175315215579829, -19.426762151740796 ], [ 107.208481070249562, -19.37148572729124 ], [ 107.2527022098092, -19.367800632327938 ], [ 107.282182969515631, -19.434132341667404 ], [ 107.263757494699107, -19.470983291300438 ], [ 107.193740690396339, -19.470983291300438 ], [ 107.175315215579829, -19.470983291300438 ], [ 107.175315215579829, -19.426762151740796 ] ] ], [ [ [ 107.215851260176166, -19.622072184795886 ], [ 107.2527022098092, -19.706829368951869 ], [ 107.245332019882596, -19.758420698438119 ], [ 107.182685405506433, -19.765790888364723 ], [ 107.186370500469735, -19.714199558878473 ], [ 107.204795975286245, -19.651552944502313 ], [ 107.215851260176166, -19.622072184795886 ] ] ], [ [ [ 107.779670789561607, -19.762105793401421 ], [ 107.790726074451527, -19.736310128658296 ], [ 107.875483258607503, -19.769475983328029 ], [ 107.904964018313933, -19.810012027924369 ], [ 107.901278923350631, -19.883713927190438 ], [ 107.92707458809376, -19.935305256676688 ], [ 107.882853448534107, -19.997951871052848 ], [ 107.816521739194641, -20.038487915649188 ], [ 107.820206834157943, -19.957415826456511 ], [ 107.779670789561607, -19.894769212080348 ], [ 107.798096264378131, -19.839492787630796 ], [ 107.779670789561607, -19.762105793401421 ] ] ], [ [ [ 108.107644241295631, -19.898454307043654 ], [ 108.122384621148839, -19.821067312814279 ], [ 108.196086520414909, -19.765790888364723 ], [ 108.240307659974562, -19.706829368951869 ], [ 108.232937470047943, -19.644182754575706 ], [ 108.232937470047943, -19.599961615016063 ], [ 108.280843704570898, -19.614701994869279 ], [ 108.288213894497503, -19.699459179025261 ], [ 108.288213894497503, -19.762105793401421 ], [ 108.214511995231433, -19.850548072520706 ], [ 108.181346140561701, -19.894769212080348 ], [ 108.107644241295631, -19.898454307043654 ] ] ], [ [ [ 108.33980522398376, -20.038487915649188 ], [ 108.291898989460805, -20.086394150172136 ], [ 108.251362944864468, -20.045858105575796 ], [ 108.277158609607596, -20.020062440832671 ], [ 108.33980522398376, -20.038487915649188 ] ] ], [ [ [ 108.505634497332409, -20.086394150172136 ], [ 108.542485446965443, -20.086394150172136 ], [ 108.571966206671874, -20.130615289731779 ], [ 108.535115257038839, -20.182206619218029 ], [ 108.465098452736072, -20.185891714181331 ], [ 108.457728262809468, -20.149040764548296 ], [ 108.505634497332409, -20.086394150172136 ] ] ], [ [ [ 108.826237759139829, -20.034802820685886 ], [ 108.826237759139829, -19.986896586162938 ], [ 108.822552664176527, -19.931620161713386 ], [ 108.85571851884626, -19.887399022153744 ], [ 108.907309848332503, -19.905824496970261 ], [ 108.881514183589374, -19.997951871052848 ], [ 108.85571851884626, -20.056913390465706 ], [ 108.826237759139829, -20.034802820685886 ] ] ], [ [ [ 108.734110385057235, -20.185891714181331 ], [ 108.678833960607676, -20.137985479658386 ], [ 108.686204150534294, -20.067968675355619 ], [ 108.774646429653572, -20.097449435062046 ], [ 108.796756999433399, -20.156410954474904 ], [ 108.807812284323305, -20.193261904107938 ], [ 108.844663233956339, -20.215372473887761 ], [ 108.815182474249909, -20.255908518484102 ], [ 108.756220954837062, -20.274333993300619 ], [ 108.704629625350805, -20.325925322786869 ], [ 108.630927726084735, -20.388571937163029 ], [ 108.56459601674527, -20.388571937163029 ], [ 108.549855636892062, -20.373831557309813 ], [ 108.630927726084735, -20.340665702640081 ], [ 108.697259435424201, -20.252223423520796 ], [ 108.734110385057235, -20.185891714181331 ] ] ], [ [ [ 108.468783547699374, -20.406997411979546 ], [ 108.454043167846166, -20.465958931392404 ], [ 108.406136933323211, -20.458588741465796 ], [ 108.402451838359909, -20.418052696869456 ], [ 108.435617693029641, -20.395942127089636 ], [ 108.468783547699374, -20.406997411979546 ] ] ], [ [ [ 108.623557536158131, -20.591252160144727 ], [ 108.689889245497596, -20.587567065181421 ], [ 108.734110385057235, -20.605992539997938 ], [ 108.708314720314107, -20.642843489630977 ], [ 108.630927726084735, -20.635473299704369 ], [ 108.623557536158131, -20.591252160144727 ] ] ] ] } },
{ "type": "Feature", "properties": { "id": 130, "name": null, "continent": null }, "geometry": { "type": "MultiPolygon", "coordinates": [ [ [ [ 99.157596665600892, 8.524056194308534 ], [ 99.247853662497164, 8.591748941980738 ], [ 99.315546410169375, 8.636877440428874 ], [ 99.332469597087425, 8.777903998079298 ], [ 99.434008718595734, 8.845596745751502 ], [ 99.552471027022094, 8.92457161803574 ], [ 99.654010148530389, 8.935853742647774 ], [ 99.716061833896575, 8.947135867259808 ], [ 99.811959893098873, 8.947135867259808 ], [ 99.890934765383108, 9.014828614932012 ], [ 99.964268575361331, 9.0768803002982 ], [ 100.043243447645565, 9.088162424910234 ], [ 100.099654070705739, 9.054316051074132 ], [ 100.065807696869641, 8.997905428013961 ], [ 100.043243447645565, 8.958417991871842 ], [ 100.043243447645565, 8.896366306505655 ], [ 99.986832824585392, 8.834314621139468 ], [ 99.936063263831244, 8.777903998079298 ], [ 99.919140076913195, 8.715852312713112 ], [ 99.845806266934972, 8.659441689652942 ], [ 99.727343958508612, 8.614313191204806 ], [ 99.676574397754464, 8.580466817368704 ], [ 99.648369086224378, 8.524056194308534 ], [ 99.580676338552166, 8.462004508942346 ], [ 99.512983590879969, 8.405593885882176 ], [ 99.428367656289709, 8.383029636658108 ], [ 99.388880220147598, 8.41687601049421 ], [ 99.377598095535561, 8.450722384330312 ], [ 99.309905347863364, 8.450722384330312 ], [ 99.219648350967091, 8.450722384330312 ], [ 99.157596665600892, 8.47328663355438 ], [ 99.157596665600892, 8.524056194308534 ] ] ], [ [ [ 100.074269290328658, 9.188291280842037 ], [ 100.110936195317777, 9.224958185831149 ], [ 100.158885224918919, 9.250342966208224 ], [ 100.16452628722493, 9.219317123525132 ], [ 100.150423631459887, 9.18265021853602 ], [ 100.105295133011751, 9.174188625076996 ], [ 100.074269290328658, 9.188291280842037 ] ] ], [ [ [ 99.514393856456479, 9.530280683144317 ], [ 99.522855449915497, 9.499254840461225 ], [ 99.511573325303459, 9.490793247002198 ], [ 99.4551627022433, 9.482331653543174 ], [ 99.398752079183126, 9.476690591237157 ], [ 99.359264643041001, 9.442844217401055 ], [ 99.300033488827822, 9.43156209278902 ], [ 99.285930833062778, 9.389254125493894 ], [ 99.25208445922668, 9.355407751657792 ], [ 99.198494367319526, 9.355407751657792 ], [ 99.164647993483413, 9.369510407422833 ], [ 99.161827462330407, 9.408997843564952 ], [ 99.127981088494309, 9.43156209278902 ], [ 99.108237370423254, 9.459767404319106 ], [ 99.144904275412358, 9.499254840461225 ], [ 99.195673836166506, 9.513357496226266 ], [ 99.260546052685712, 9.513357496226266 ], [ 99.308495082286854, 9.541562807756351 ], [ 99.381828892265077, 9.572588650439446 ], [ 99.415675266101175, 9.569768119286437 ], [ 99.457983233396305, 9.538742276603344 ], [ 99.514393856456479, 9.530280683144317 ] ] ], [ [ [ 99.644138289494862, 9.679768834253768 ], [ 99.68080519448398, 9.730538395007921 ], [ 99.709010506014053, 9.741820519619955 ], [ 99.742856879850166, 9.724897332701904 ], [ 99.776703253686264, 9.691050958865802 ], [ 99.745677411003172, 9.634640335805633 ], [ 99.69772838140203, 9.614896617734573 ], [ 99.67798466333096, 9.637460866958641 ], [ 99.649779351800888, 9.662845647335716 ], [ 99.644138289494862, 9.679768834253768 ] ] ], [ [ [ 96.867325369357999, 12.744981064785751 ], [ 96.926556523571179, 12.756263189397785 ], [ 96.982967146631339, 12.804212218998931 ], [ 97.011172458161425, 12.835238061682023 ], [ 97.002710864702408, 12.905751340507237 ], [ 97.047839363150544, 12.953700370108381 ], [ 97.129634766587785, 13.010110993168551 ], [ 97.219891763484057, 13.032675242392619 ], [ 97.35245672767546, 13.060880553922704 ], [ 97.442713724571732, 13.066521616228721 ], [ 97.487842223019868, 13.041136835851644 ], [ 97.468098504948813, 12.990367275097491 ], [ 97.468098504948813, 12.942418245496347 ], [ 97.473739567254825, 12.90011027820122 ], [ 97.451175318030749, 12.866263904365118 ], [ 97.358097789981471, 12.860622842059101 ], [ 97.301687166921312, 12.894469215895203 ], [ 97.248097075014144, 12.871904966671135 ], [ 97.225532825790083, 12.826776468222999 ], [ 97.219891763484057, 12.767545314009819 ], [ 97.174763265035921, 12.736519471326726 ], [ 97.118352641975747, 12.736519471326726 ], [ 97.081685736986643, 12.708314159796641 ], [ 97.047839363150544, 12.682929379419564 ], [ 96.977326084325327, 12.682929379419564 ], [ 96.926556523571179, 12.682929379419564 ], [ 96.881428025123043, 12.685749910572573 ], [ 96.853222713592956, 12.708314159796641 ], [ 96.867325369357999, 12.744981064785751 ] ] ], [ [ [ 96.743221998625629, 12.713955222102658 ], [ 96.717837218248548, 12.688570441725581 ], [ 96.669888188647406, 12.688570441725581 ], [ 96.655785532882362, 12.713955222102658 ], [ 96.683990844412449, 12.736519471326726 ], [ 96.743221998625629, 12.736519471326726 ], [ 96.743221998625629, 12.713955222102658 ] ] ], [ [ [ 96.901171743194098, 14.829353586859035 ], [ 96.977326084325327, 14.866020491848147 ], [ 97.045018831997538, 14.908328459143274 ], [ 97.109891048516729, 14.961918551050436 ], [ 97.166301671576903, 14.981662269121495 ], [ 97.208609638872019, 15.046534485640692 ], [ 97.236814950402106, 15.091662984088826 ], [ 97.287584511156268, 15.091662984088826 ], [ 97.363738852287497, 15.114227233312894 ], [ 97.4342521311127, 15.142432544842979 ], [ 97.487842223019868, 15.136791482536962 ], [ 97.53579125262101, 15.142432544842979 ], [ 97.59502240683419, 15.179099449832091 ], [ 97.63733037412932, 15.190381574444125 ], [ 97.640150905282326, 15.117047764465903 ], [ 97.642971436435332, 15.043713954487682 ], [ 97.628868780670288, 14.992944393733529 ], [ 97.57809921991614, 14.933713239520351 ], [ 97.521688596855967, 14.885764209919206 ], [ 97.462457442642787, 14.834994649165052 ], [ 97.372200445746515, 14.834994649165052 ], [ 97.324251416145373, 14.85755889838912 ], [ 97.298866635768292, 14.840635711471069 ], [ 97.304507698074318, 14.789866150716918 ], [ 97.273481855391225, 14.747558183421789 ], [ 97.19168645195397, 14.736276058809755 ], [ 97.138096360046816, 14.764481370339841 ], [ 97.081685736986643, 14.775763494951875 ], [ 97.028095645079475, 14.770122432645858 ], [ 96.980146615478333, 14.753199245727806 ], [ 96.937838648183202, 14.753199245727806 ], [ 96.898351212041092, 14.76730190149285 ], [ 96.901171743194098, 14.829353586859035 ] ] ], [ [ [ 95.420392887864637, 14.145374782254475 ], [ 95.400649169793581, 14.184862218396594 ], [ 95.468341917465779, 14.232811247997738 ], [ 95.550137320903033, 14.249734434915789 ], [ 95.61783006857523, 14.252554966068796 ], [ 95.646035380105317, 14.232811247997738 ], [ 95.623471130881242, 14.193323811855619 ], [ 95.567060507821083, 14.193323811855619 ], [ 95.513470415913915, 14.184862218396594 ], [ 95.454239261700735, 14.142554251101465 ], [ 95.420392887864637, 14.145374782254475 ] ] ] ] } }
]
}
